customer_id,full_name,birth_date,city,segment,join_date
1,Balidin Dongoran S.T.,1986-06-27,Jakarta,Mass,2019-06-19
2,Darmana Mandala,1970-06-08,Medan,Mass,2021-05-02
3,Ciaobella Wastuti M.Pd,1992-02-13,Yogyakarta,Mass,2024-09-05
4,Lantar Anggraini,1980-02-24,Surabaya,Priority,2023-03-21
5,Among Iswahyudi,1994-01-14,Yogyakarta,Mass,2015-08-09
6,Daruna Mayasari,1966-12-22,Surabaya,Mass,2014-10-30
7,Cut Putri Napitupulu,1964-05-03,Surabaya,Mass,2018-01-19
8,Sadina Palastri S.Farm,1992-09-24,Medan,Mass,2021-01-08
9,Ikin Rahmawati,1963-07-15,Surabaya,SME,2022-05-20
10,Yessi Ardianto,1999-09-20,Medan,Mass,2021-10-05
11,KH. Capa Anggraini S.Psi,1962-01-20,Bandung,Priority,2024-10-31
12,Eva Pratama,1998-05-14,Jakarta,Mass,2018-12-18
13,Tgk. Baktiono Iswahyudi S.Sos,1988-07-07,Bandung,Mass,2018-03-08
14,Gatot Situmorang,1990-01-23,Yogyakarta,SME,2015-12-28
15,Tgk. Yani Gunawan,1963-03-15,Yogyakarta,Mass,2023-08-31
16,Michelle Nasyiah S.IP,1967-05-01,Semarang,Mass,2020-05-14
17,Cindy Puspasari,1990-11-13,Bandung,Priority,2022-06-29
18,Yance Utami,1970-04-10,Surabaya,Mass,2010-09-20
19,dr. Ratih Nababan,1969-06-18,Yogyakarta,Mass,2022-09-21
20,Betania Gunawan S.H.,1982-05-24,Yogyakarta,Mass,2018-11-16
21,T. Bahuwirya Pradipta S.IP,1966-04-06,Yogyakarta,Mass,2015-07-14
22,Indah Hasanah,1993-07-05,Semarang,SME,2024-08-09
23,Rafid Utama S.E.,1976-03-27,Bandung,Mass,2014-12-02
24,Kamila Pranowo,1993-11-25,Jakarta,Mass,2012-12-10
25,Emas Zulaika S.Pt,1995-07-13,Medan,Mass,2022-12-26
26,Hj. Ella Nasyidah,1986-09-24,Medan,Mass,2020-07-01
27,Hesti Marpaung M.M.,1998-08-12,Yogyakarta,Priority,2016-09-23
28,Humaira Uyainah,1999-09-09,Surabaya,Priority,2023-09-12
29,Puti Prasetya S.Psi,1965-01-01,Semarang,Mass,2016-08-01
30,Cut Ghaliyati Firmansyah S.Psi,2002-10-14,Yogyakarta,Mass,2024-10-26
31,Hasna Haryanto,1994-03-06,Medan,SME,2016-03-03
32,Vino Purnawati,1973-05-21,Medan,Mass,2024-05-01
33,Iriana Prabowo M.Kom.,1976-10-09,Medan,SME,2013-08-16
34,Syahrini Haryanti,2001-03-14,Medan,Mass,2019-03-12
35,Eman Mandala,1965-01-06,Surabaya,Mass,2018-02-21
36,Panca Purwanti,1999-05-21,Jakarta,Mass,2023-09-25
37,T. Pangeran Padmasari,1996-08-08,Medan,Priority,2016-02-21
38,Restu Wacana,1989-08-05,Medan,Mass,2020-08-29
39,Gawati Mandala,1999-02-18,Semarang,SME,2023-12-03
40,drg. Bakijan Hardiansyah,1993-11-17,Yogyakarta,Mass,2016-05-17
41,Puti Eva Utami S.E.,1989-02-24,Semarang,SME,2018-05-18
42,Ir. Indra Riyanti S.Pt,1965-06-05,Bandung,Mass,2015-07-24
43,Kezia Riyanti,1986-05-22,Bandung,Mass,2022-06-04
44,Paris Ramadan,1963-03-09,Yogyakarta,Mass,2025-11-16
45,Dt. Maman Latupono,2000-08-12,Surabaya,Mass,2018-12-14
46,Timbul Nasyiah S.T.,1972-06-28,Semarang,Mass,2025-01-02
47,Ir. Ganep Kusumo S.Pd,1992-06-12,Medan,Mass,2023-03-29
48,Endah Hasanah,1978-04-05,Jakarta,Mass,2014-04-09
49,Xanana Saptono,1975-11-22,Semarang,Mass,2019-07-02
50,KH. Cemani Mayasari,1989-04-24,Jakarta,Mass,2024-06-29
51,Tedi Utami,1995-11-29,Bandung,Mass,2016-05-07
52,Zaenab Uyainah,1980-02-15,Semarang,Mass,2013-02-22
53,Drs. Dalimin Mangunsong,1999-03-24,Semarang,Priority,2018-01-21
54,Vanesa Marpaung,1964-05-23,Yogyakarta,SME,2011-02-19
55,KH. Virman Nuraini,2003-06-20,Bandung,Mass,2021-12-23
56,Liman Sinaga,1981-08-04,Semarang,SME,2014-10-18
57,Anita Kusumo,1976-12-31,Semarang,Mass,2010-01-18
58,Yance Samosir,1972-10-17,Yogyakarta,SME,2019-06-28
59,Asmianto Permadi,1989-09-09,Semarang,Mass,2026-02-11
60,Puti Chelsea Laksita,1969-10-06,Medan,Priority,2011-04-25
61,Puti Vanya Nasyidah S.E.I,1993-07-20,Jakarta,Mass,2018-07-28
62,Maryanto Kusmawati,1982-07-22,Bandung,Mass,2021-11-29
63,R.M. Eman Nuraini,1963-08-05,Jakarta,Mass,2014-03-03
64,Ir. Lintang Prabowo M.Pd,1998-08-29,Semarang,Mass,2019-04-14
65,H. Muhammad Pangestu S.Pd,1971-01-16,Medan,Mass,2022-12-26
66,Salsabila Yulianti,1978-10-21,Medan,Mass,2024-09-29
67,Maida Maryati,2001-12-05,Bandung,Priority,2022-11-03
68,Devi Prayoga,1970-09-15,Semarang,Mass,2015-12-16
69,Atma Sirait,1973-06-16,Surabaya,SME,2020-04-03
70,Lanjar Puspasari,1960-06-01,Medan,SME,2020-04-12
71,Lanjar Prasetya,1963-04-15,Bandung,Mass,2022-01-22
72,Bagus Usamah,2001-11-11,Jakarta,SME,2023-10-06
73,Dartono Hidayat,1972-10-13,Semarang,SME,2013-07-16
74,Satya Sitompul,1987-06-09,Medan,Mass,2024-09-01
75,Kamidin Prakasa,1973-06-06,Jakarta,SME,2024-11-17
76,Salsabila Laksita,1971-11-12,Jakarta,Priority,2012-08-03
77,Kayun Mustofa,1972-08-21,Bandung,Priority,2023-07-26
78,Queen Permata M.Kom.,1990-11-02,Surabaya,Mass,2024-03-23
79,Purwanto Kusmawati,2000-08-11,Jakarta,Priority,2019-03-03
80,dr. Dadap Kuswoyo S.IP,1961-12-23,Surabaya,Priority,2010-01-30
81,Irfan Thamrin S.Farm,2003-12-14,Bandung,Priority,2023-05-29
82,Nadia Habibi,1991-08-27,Medan,Mass,2019-08-05
83,Martani Yuliarti S.IP,2002-05-23,Medan,Mass,2022-01-18
84,Hadi Sirait,1986-02-16,Bandung,Mass,2022-05-24
85,R. Drajat Nababan S.Kom,1973-10-29,Jakarta,SME,2018-03-07
86,drg. Cahyono Anggraini,1990-08-05,Yogyakarta,Mass,2015-08-07
87,Estiawan Hariyah,1999-08-29,Medan,Priority,2022-03-15
88,Taufan Hutagalung,1998-10-13,Bandung,SME,2018-08-04
89,Yani Pudjiastuti,1968-01-17,Semarang,Priority,2017-06-14
90,Asirwanda Yulianti,1971-12-20,Yogyakarta,Mass,2013-07-28
91,Dt. Bakiman Prakasa,1998-07-07,Bandung,Mass,2021-10-11
92,Hasim Laksita,1975-09-07,Bandung,Mass,2016-11-05
93,Gabriella Wacana,1968-08-30,Surabaya,Mass,2018-12-09
94,Catur Wibowo,2003-05-16,Surabaya,Mass,2025-09-10
95,Harsaya Saptono,1977-12-05,Medan,Mass,2025-03-29
96,KH. Jaeman Suwarno S.Farm,1965-03-04,Bandung,Mass,2015-11-10
97,Uchita Puspita M.Kom.,1961-09-18,Medan,Mass,2012-06-07
98,Dadap Sihombing,1979-07-29,Medan,Mass,2023-08-07
99,Asmianto Prastuti,1968-07-11,Jakarta,Priority,2015-09-18
100,Puput Halim S.Psi,1983-04-28,Yogyakarta,Priority,2022-01-28
101,Asirwanda Padmasari,1968-11-02,Semarang,Mass,2018-03-03
102,Olivia Nuraini,2001-04-20,Medan,Mass,2022-12-28
103,Asmianto Melani,1992-04-14,Medan,Mass,2017-01-03
104,Soleh Nashiruddin,1974-08-19,Yogyakarta,Mass,2019-01-10
105,Legawa Hidayat,1968-08-09,Yogyakarta,SME,2019-06-07
106,Setya Prakasa S.Sos,1993-07-23,Medan,Mass,2015-06-13
107,Wardaya Purnawati,1984-07-30,Surabaya,Mass,2010-01-04
108,Labuh Riyanti,1995-03-31,Semarang,Mass,2020-06-16
109,Lukman Hutapea,1969-08-02,Semarang,Priority,2021-06-19
110,Sakura Padmasari,1989-07-21,Surabaya,Mass,2011-11-26
111,Drs. Iriana Rajata,1987-10-11,Jakarta,Priority,2017-07-08
112,Mulyono Sihotang,1990-03-07,Bandung,Priority,2016-12-17
113,Eman Widodo,1961-02-04,Bandung,SME,2011-01-14
114,Mumpuni Yuliarti,1998-02-12,Jakarta,Mass,2024-09-20
115,Michelle Sihotang,1985-10-27,Yogyakarta,Priority,2014-05-12
116,R. Adika Haryanti M.Ak,1977-12-04,Bandung,Priority,2015-06-22
117,Puti Belinda Nasyiah,2000-01-16,Semarang,Mass,2019-03-23
118,Jono Saptono,1980-11-02,Medan,Mass,2011-02-16
119,Wardi Tampubolon,1980-06-22,Semarang,Priority,2012-12-28
120,Tasnim Prasasta,1986-09-16,Semarang,Mass,2017-02-12
121,Intan Manullang,1979-02-21,Semarang,SME,2022-04-16
122,Zahra Palastri,1980-03-09,Bandung,SME,2015-10-25
123,Ilsa Suryatmi M.TI.,1994-05-09,Semarang,Priority,2024-01-12
124,Mulyanto Puspasari,1979-09-24,Yogyakarta,Mass,2011-09-27
125,Salimah Jailani,1975-01-24,Medan,Mass,2017-03-04
126,Eman Latupono,1970-05-16,Yogyakarta,Mass,2018-08-04
127,Paiman Puspasari,1962-11-18,Semarang,Mass,2019-04-22
128,Empluk Suryono,1978-08-26,Bandung,SME,2011-05-26
129,R.A. Tina Siregar,2000-08-02,Yogyakarta,Mass,2025-02-14
130,Mahfud Usada,1977-01-23,Jakarta,SME,2020-09-12
131,Tgk. Ophelia Lestari S.T.,1993-10-18,Semarang,Mass,2020-07-12
132,Cut Cornelia Usada S.Farm,1995-11-18,Semarang,Mass,2018-10-24
133,Tgk. Aurora Adriansyah S.Psi,1981-10-13,Semarang,Mass,2010-08-26
134,R.M. Makuta Saptono S.E.,1995-10-20,Yogyakarta,Mass,2022-11-09
135,Maimunah Puspasari S.Farm,2001-03-31,Medan,Mass,2020-08-30
136,Dt. Balidin Hutagalung,1986-07-20,Yogyakarta,Mass,2022-08-29
137,Eka Palastri S.Gz,1979-03-24,Semarang,Mass,2013-01-16
138,dr. Restu Puspasari S.E.I,1977-01-02,Bandung,Mass,2017-05-05
139,Dian Gunarto,1994-02-22,Surabaya,Priority,2020-08-19
140,Karimah Gunarto,1971-04-26,Semarang,Mass,2011-11-02
141,Fathonah Zulaika,1962-05-03,Bandung,Priority,2017-11-06
142,Mulyanto Jailani,1961-10-21,Bandung,Mass,2010-09-12
143,Victoria Purwanti,1987-11-14,Bandung,Mass,2013-06-02
144,drg. Raina Mangunsong S.H.,1965-02-17,Bandung,Mass,2022-08-26
145,R. Wirda Nugroho S.Farm,1994-05-26,Bandung,Mass,2020-08-28
146,Cemani Sitorus,1994-11-21,Surabaya,Mass,2016-07-19
147,dr. Rama Winarsih S.H.,2001-08-31,Medan,Priority,2023-02-24
148,Endah Kurniawan,1977-10-16,Bandung,Mass,2026-01-14
149,Ani Halimah,1970-11-22,Yogyakarta,Priority,2012-04-14
150,Daliono Haryanti,1986-12-07,Medan,Priority,2012-09-18
151,Ina Pradana,1983-11-24,Yogyakarta,Mass,2019-08-11
152,Ajiono Wahyuni,1989-01-17,Jakarta,SME,2017-08-27
153,Heru Sitompul,1964-09-25,Surabaya,Priority,2019-09-22
154,Zelaya Hidayat,1991-09-23,Semarang,Mass,2013-06-07
155,T. Gara Yuniar M.TI.,2003-04-23,Surabaya,Mass,2024-12-10
156,Shania Nasyiah,1994-09-30,Semarang,Mass,2023-07-30
157,Ana Latupono,1972-01-15,Bandung,SME,2017-03-25
158,Elma Prastuti,1972-07-05,Bandung,Priority,2020-02-10
159,Ani Kurniawan,1987-05-18,Semarang,Mass,2024-12-26
160,drg. Jelita Sihotang,1998-03-04,Bandung,Mass,2019-10-21
161,Rachel Melani,1995-10-15,Surabaya,Mass,2019-07-27
162,Harsana Permata,1991-06-15,Medan,Mass,2016-03-13
163,Dodo Gunawan,1963-11-03,Yogyakarta,Mass,2015-06-01
164,Maya Adriansyah M.TI.,1994-01-03,Yogyakarta,Mass,2017-05-20
165,Dr. Mahfud Winarsih S.Kom,1980-02-07,Jakarta,Mass,2010-05-22
166,Mala Hidayat,1991-01-12,Surabaya,Priority,2015-06-17
167,Viman Sitompul M.Ak,1981-03-24,Medan,Mass,2022-06-01
168,Salimah Maheswara,1974-11-02,Yogyakarta,Mass,2017-11-22
169,Ifa Mayasari S.Pd,1971-04-11,Jakarta,Priority,2015-03-04
170,Hasan Simbolon S.Sos,1965-05-12,Yogyakarta,Mass,2022-01-07
171,Ida Puspasari S.E.I,1993-02-17,Surabaya,Priority,2021-12-23
172,Imam Widiastuti,1986-10-08,Jakarta,SME,2016-05-07
173,Shania Natsir,1976-03-09,Surabaya,Mass,2014-01-09
174,Ir. Ilsa Waskita,1965-09-04,Jakarta,SME,2016-02-26
175,Dt. Gadang Suwarno,1973-02-07,Bandung,Priority,2025-08-23
176,Irfan Prastuti,1964-08-07,Medan,Mass,2010-04-11
177,Hj. Janet Hastuti,1979-10-04,Bandung,SME,2017-08-23
178,Maimunah Wulandari,1998-08-27,Jakarta,SME,2021-12-30
179,Kajen Kusmawati,1982-01-21,Medan,Priority,2011-08-30
180,KH. Oman Narpati S.Pt,1966-10-21,Medan,SME,2013-05-07
181,Oliva Wijayanti,1971-02-18,Medan,Priority,2012-08-28
182,Lukman Sitorus S.Pt,1986-09-27,Bandung,Priority,2023-11-15
183,R.A. Samiah Saragih S.H.,2000-10-01,Surabaya,SME,2023-09-14
184,Sutan Cakrajiya Dongoran S.Gz,1973-09-12,Medan,Mass,2022-10-03
185,Jaswadi Suryatmi,2002-07-04,Yogyakarta,Mass,2022-10-28
186,Puti Mutia Agustina M.Farm,1963-08-23,Bandung,Mass,2013-07-10
187,Nasim Winarno,1967-01-08,Semarang,Mass,2010-01-22
188,Lalita Prasasta,1981-01-29,Jakarta,Mass,2016-07-13
189,Marwata Ardianto,1991-07-14,Jakarta,Priority,2020-03-08
190,KH. Timbul Kurniawan S.Farm,1995-05-04,Semarang,Mass,2017-10-05
191,Cecep Maryati,1989-01-18,Surabaya,SME,2013-05-05
192,Alika Puspita,1962-09-04,Surabaya,Mass,2013-09-21
193,Vero Maheswara,2001-04-27,Semarang,Mass,2022-07-18
194,Diana Hariyah,1991-05-22,Surabaya,Mass,2019-01-11
195,Karta Purwanti M.Ak,1979-08-21,Medan,Mass,2011-10-21
196,Usyi Handayani,1992-12-12,Medan,Mass,2018-03-01
197,Drs. Maria Pudjiastuti,1970-04-08,Medan,Mass,2025-02-14
198,Endah Kusmawati,1994-04-21,Medan,Mass,2018-05-02
199,Hana Prayoga,1981-02-07,Yogyakarta,Mass,2021-08-22
200,Hj. Ika Nurdiyanti M.Kom.,1968-02-21,Semarang,Priority,2023-02-17
201,Digdaya Saefullah M.M.,2003-06-21,Semarang,Mass,2021-12-19
202,Nasab Suwarno,1974-05-27,Jakarta,SME,2025-01-11
203,Empluk Sitorus,1978-06-19,Semarang,Mass,2025-07-23
204,Puput Hutapea,1996-06-29,Semarang,Mass,2015-04-21
205,Cakrawangsa Pradipta,1974-07-02,Semarang,SME,2012-08-07
206,Talia Mangunsong,1989-07-02,Semarang,Mass,2022-03-03
207,Gabriella Haryanto S.Farm,1983-04-04,Medan,Priority,2018-02-11
208,Julia Namaga,1979-10-30,Bandung,Mass,2011-02-27
209,Lidya Halim,2001-08-11,Semarang,SME,2022-10-29
210,Rafi Andriani,1965-06-12,Yogyakarta,Mass,2010-08-25
211,Vera Padmasari,1991-11-03,Surabaya,Mass,2013-07-21
212,Ayu Permata S.Sos,1978-04-20,Bandung,SME,2012-02-03
213,Agnes Thamrin,1980-09-12,Yogyakarta,SME,2012-08-20
214,Umi Wibisono,2001-11-01,Medan,Priority,2023-02-04
215,drg. Paulin Palastri M.Ak,1997-06-11,Semarang,Mass,2020-11-03
216,Jinawi Prasetya,1966-06-27,Bandung,SME,2018-08-09
217,Maya Laksita,1993-06-23,Jakarta,Mass,2014-07-11
218,Harsaya Sirait,1975-03-31,Surabaya,SME,2021-05-22
219,Mustika Waskita S.E.,1992-07-26,Medan,Mass,2017-04-01
220,Dr. Dian Oktaviani M.Pd,1981-12-18,Semarang,Mass,2013-05-02
221,Umaya Wijaya,1974-11-29,Medan,Mass,2022-05-19
222,Ir. Salimah Dongoran,1999-01-03,Yogyakarta,Mass,2019-02-09
223,Margana Aryani,1970-06-23,Jakarta,Mass,2019-03-20
224,Sakti Hariyah,1991-08-20,Semarang,SME,2018-07-21
225,Asirwanda Rajata,2003-12-30,Semarang,SME,2022-11-01
226,Jane Prabowo,1982-07-13,Surabaya,SME,2023-03-28
227,Jane Sirait,1964-06-21,Semarang,Mass,2021-10-18
228,dr. Estiawan Andriani S.T.,1978-05-23,Bandung,Mass,2024-09-07
229,Puti Nadine Budiyanto M.Pd,1975-03-09,Yogyakarta,Mass,2023-12-24
230,Wawan Tampubolon,1974-09-27,Medan,Mass,2025-02-15
231,Martaka Hidayat,1988-02-12,Semarang,SME,2026-02-13
232,Ir. Arta Dabukke S.H.,1987-09-12,Bandung,Priority,2011-07-15
233,Salman Damanik,1993-07-01,Semarang,SME,2013-07-06
234,R. Halima Mahendra,1991-07-29,Semarang,Mass,2012-04-03
235,Salsabila Latupono,2000-07-10,Jakarta,Mass,2018-11-01
236,R.A. Nadia Rajasa,1973-02-27,Surabaya,Mass,2018-01-15
237,Tgk. Caturangga Sudiati M.Ak,1983-10-29,Medan,Priority,2019-03-30
238,Tina Latupono S.E.,1967-08-17,Jakarta,Mass,2013-12-05
239,Cici Prastuti,1987-10-19,Bandung,Mass,2025-04-28
240,Wisnu Saragih,1966-06-02,Semarang,Priority,2015-03-18
241,Hj. Keisha Widodo,1971-06-15,Jakarta,SME,2024-12-15
242,Faizah Hutagalung M.Farm,2000-06-04,Yogyakarta,Mass,2021-08-21
243,Yance Utami S.H.,1979-10-25,Medan,Mass,2017-10-01
244,Mursinin Sihombing,1990-12-19,Semarang,SME,2015-08-11
245,Hj. Rahayu Lazuardi M.Farm,1977-04-03,Jakarta,Mass,2020-11-02
246,Dt. Ganjaran Nasyidah S.Farm,1976-02-07,Surabaya,SME,2022-11-22
247,Hairyanto Hidayat M.TI.,1960-12-25,Semarang,Mass,2024-10-06
248,Ganep Budiman S.Farm,1998-10-21,Yogyakarta,SME,2024-06-25
249,Dr. Cici Astuti S.I.Kom,1993-06-04,Surabaya,Priority,2022-07-21
250,Tri Haryanti S.E.I,1987-03-26,Bandung,Priority,2017-11-26
251,Elma Nurdiyanti,1971-03-30,Yogyakarta,Priority,2025-03-15
252,Emong Susanti M.Pd,1997-08-09,Yogyakarta,Mass,2017-02-15
253,drg. Jaka Fujiati M.Farm,1988-12-28,Surabaya,Priority,2010-11-19
254,Janet Prasasta,1985-12-30,Yogyakarta,Mass,2018-03-08
255,Puti Indah Hartati S.H.,1974-08-27,Bandung,Mass,2019-04-27
256,drg. Kairav Suryatmi S.Sos,1999-04-25,Medan,Mass,2021-05-27
257,Ana Lailasari,1997-04-02,Surabaya,SME,2017-01-30
258,dr. Elvina Laksita S.Kom,2003-05-24,Surabaya,Priority,2025-11-25
259,Wirda Rajata,1996-01-28,Semarang,SME,2016-08-23
260,Indah Riyanti,1993-10-30,Yogyakarta,Priority,2016-11-16
261,Ika Puspita S.Ked,2003-05-22,Medan,Mass,2026-02-12
262,Sutan Bakiadi Permadi,1960-08-16,Medan,Mass,2015-12-07
263,Laila Lestari M.Pd,1990-03-07,Surabaya,Mass,2025-01-29
264,Sutan Muhammad Kusmawati M.Kom.,2002-03-06,Jakarta,Priority,2024-04-30
265,Widya Budiyanto,1961-02-14,Medan,Mass,2023-11-24
266,Emil Prasetya,1969-12-05,Jakarta,Priority,2024-07-11
267,Talia Prasasta,2000-10-16,Yogyakarta,Mass,2022-03-02
268,Salimah Prastuti,1962-01-12,Surabaya,SME,2010-11-01
269,Nabila Puspasari,1964-05-11,Medan,Mass,2015-04-08
270,Tgk. Irwan Pudjiastuti,1976-08-22,Yogyakarta,Priority,2025-01-14
271,Kamila Hasanah,1978-10-19,Yogyakarta,Priority,2023-03-05
272,Ina Ramadan,1989-05-18,Semarang,Mass,2012-03-22
273,Banawa Nababan,1961-06-20,Surabaya,Mass,2025-06-25
274,Devi Nasyiah,2002-08-21,Surabaya,Mass,2021-12-12
275,H. Cengkal Nababan S.Kom,1976-06-23,Yogyakarta,Mass,2022-03-19
276,Novi Saefullah M.Farm,1972-05-17,Jakarta,SME,2014-04-04
277,Dr. Lembah Suryono S.IP,1964-02-10,Bandung,Priority,2024-11-12
278,R.A. Ida Pradana S.I.Kom,2003-07-24,Jakarta,Priority,2021-08-31
279,Gada Budiman,1965-08-25,Bandung,Mass,2022-08-31
280,Patricia Mahendra S.T.,1969-04-17,Bandung,Priority,2023-02-25
281,Asmadi Puspasari,1974-09-27,Medan,Mass,2013-04-23
282,Tami Mahendra,1965-10-30,Surabaya,Priority,2022-02-12
283,Taswir Lestari S.IP,1989-08-26,Bandung,Mass,2010-07-31
284,Cut Queen Suryono M.Kom.,1986-05-31,Jakarta,Mass,2017-04-06
285,Maida Siregar,1965-09-07,Medan,Mass,2019-06-11
286,Aslijan Ramadan,1981-05-12,Surabaya,Mass,2020-01-21
287,Dr. Calista Haryanto S.Sos,1980-04-10,Bandung,SME,2021-04-20
288,Belinda Permata,1992-08-15,Medan,Mass,2025-05-21
289,Mahfud Habibi S.E.I,2003-03-30,Jakarta,SME,2021-05-27
290,Rosman Pratiwi,1979-02-14,Jakarta,Mass,2025-05-22
291,Chelsea Prayoga,1963-04-19,Surabaya,Mass,2011-10-24
292,Kalim Agustina,1965-08-29,Medan,Priority,2016-03-02
293,Ir. Widya Safitri,1991-12-11,Semarang,SME,2017-04-17
294,Prayoga Nurdiyanti,1973-03-24,Medan,Mass,2020-03-05
295,Mila Handayani,1995-07-30,Yogyakarta,Priority,2016-02-17
296,Zelda Rahmawati,1992-05-02,Semarang,Mass,2015-02-22
297,Ina Purnawati,1978-07-24,Semarang,Mass,2017-08-08
298,Cut Rahmi Januar,1974-01-07,Surabaya,Priority,2019-07-29
299,Sutan Luis Prabowo S.T.,2002-10-10,Yogyakarta,SME,2021-08-13
300,Bajragin Manullang S.H.,1964-02-03,Jakarta,Mass,2011-12-01
301,Kusuma Hutagalung,1996-05-31,Medan,Mass,2017-04-26
302,Ade Wasita,1985-03-12,Yogyakarta,Mass,2017-05-24
303,Shakila Riyanti,1999-03-10,Semarang,SME,2024-08-20
304,Icha Firmansyah,2003-06-10,Medan,Mass,2023-01-15
305,Edward Suryono,1985-12-03,Bandung,Mass,2021-05-19
306,Zelda Hasanah S.Pt,1970-01-22,Surabaya,SME,2012-06-05
307,Daruna Saptono M.Farm,1965-02-25,Medan,Mass,2016-04-01
308,Rangga Napitupulu S.Farm,1997-11-29,Medan,Mass,2022-03-10
309,Kenari Prasetyo,1984-12-21,Medan,SME,2010-08-04
310,Cakrawala Santoso S.E.I,1961-04-19,Surabaya,Priority,2014-01-17
311,Asmuni Marbun,2001-05-03,Surabaya,Mass,2023-02-18
312,T. Legawa Purnawati S.Pd,1985-05-27,Semarang,Mass,2024-09-28
313,Dewi Hastuti,2003-08-05,Jakarta,Priority,2021-10-01
314,Ilsa Waskita S.T.,1976-11-15,Semarang,Mass,2019-06-02
315,Dr. Jumadi Farida,1973-12-23,Surabaya,Priority,2026-03-09
316,Liman Gunarto,1986-09-29,Jakarta,Mass,2011-11-27
317,Unjani Sinaga,1962-03-26,Jakarta,Mass,2025-02-12
318,Tgk. Aisyah Iswahyudi,1979-01-08,Medan,Mass,2020-11-22
319,Yono Wulandari,1969-09-01,Jakarta,Mass,2021-06-29
320,Ir. Rini Damanik S.T.,1972-09-14,Yogyakarta,Mass,2025-03-18
321,Cut Vanesa Natsir,1989-12-04,Jakarta,Mass,2016-12-01
322,Padma Yulianti,1962-06-16,Bandung,Mass,2010-03-04
323,Indah Najmudin,1994-06-03,Surabaya,Mass,2015-06-27
324,drg. Siska Lestari,1960-05-06,Yogyakarta,Mass,2021-02-26
325,Jarwadi Tampubolon,1977-01-20,Yogyakarta,Mass,2021-12-11
326,Juli Sinaga,1997-05-19,Surabaya,Mass,2022-11-10
327,Bala Marpaung S.Psi,1979-07-27,Semarang,SME,2010-06-03
328,Talia Lailasari,1985-10-29,Medan,Mass,2019-08-18
329,Salimah Wacana,1978-09-26,Jakarta,Mass,2016-06-29
330,Drs. Ani Hasanah S.Pt,1967-09-16,Semarang,SME,2023-11-12
331,Hafshah Sinaga,1963-12-14,Jakarta,Mass,2019-10-18
332,Prasetyo Waskita,1977-12-17,Jakarta,Mass,2021-10-02
333,Drs. Yunita Adriansyah M.Pd,1993-06-15,Bandung,Mass,2019-01-21
334,Laras Habibi,1963-06-05,Yogyakarta,Mass,2021-06-13
335,Karja Tarihoran,1968-09-11,Surabaya,Priority,2017-11-02
336,Dr. Sari Handayani,1996-07-23,Bandung,Mass,2017-11-09
337,Dt. Damu Santoso M.Pd,1968-11-06,Medan,Mass,2013-11-22
338,Wira Suwarno,1963-05-19,Yogyakarta,Mass,2013-12-22
339,Tami Laksita,1994-01-31,Semarang,Priority,2025-01-25
340,Alambana Usamah,1988-11-03,Medan,Mass,2024-04-01
341,R.A. Titin Manullang,1974-03-07,Semarang,Mass,2013-05-21
342,Puspa Budiman,1988-04-27,Surabaya,Mass,2016-10-16
343,dr. Bakiman Prasetyo,1982-10-04,Surabaya,Mass,2011-08-31
344,Puti Malika Lazuardi S.E.I,1962-07-21,Surabaya,Mass,2018-04-09
345,Tina Siregar,1987-08-03,Medan,Mass,2023-04-29
346,H. Empluk Agustina,1984-11-11,Semarang,SME,2010-12-03
347,Dr. Nadine Prasasta M.M.,1989-03-28,Surabaya,Mass,2014-03-23
348,R.M. Harjo Nainggolan,1966-10-07,Semarang,Mass,2011-05-22
349,Drs. Ulva Mansur,1992-01-16,Medan,Priority,2011-12-02
350,Puti Ika Agustina S.Psi,1971-02-11,Semarang,SME,2025-11-14
351,Dr. Emas Adriansyah S.Pd,1983-06-13,Bandung,Mass,2023-09-05
352,Ifa Rahmawati M.Farm,1977-05-18,Surabaya,Priority,2019-03-03
353,Jindra Maryadi M.M.,1995-05-27,Jakarta,Mass,2020-11-22
354,drg. Gangsar Sitorus,1990-06-06,Surabaya,Mass,2018-09-02
355,KH. Kenari Waluyo,2003-04-05,Bandung,Mass,2024-08-16
356,Janet Nainggolan,1989-10-07,Surabaya,Mass,2013-03-04
357,Halima Pertiwi S.Sos,1991-05-01,Semarang,Mass,2024-11-07
358,Sabri Zulkarnain,1973-11-20,Semarang,Priority,2022-07-15
359,Galiono Kusmawati,1996-06-23,Yogyakarta,Priority,2017-04-30
360,Yessi Wibowo S.Sos,2000-12-05,Jakarta,Priority,2024-10-26
361,Prima Yulianti S.E.I,1982-10-23,Jakarta,Mass,2018-02-12
362,Ani Mahendra,2002-08-31,Surabaya,SME,2021-11-07
363,Drs. Gamblang Januar,1968-08-11,Bandung,Mass,2015-01-30
364,Dr. Cinthia Novitasari M.M.,1997-11-17,Jakarta,Mass,2024-09-14
365,Najam Megantara,1997-06-17,Medan,Mass,2023-09-24
366,Safina Mangunsong,1999-04-24,Medan,Mass,2025-11-21
367,Jarwadi Saptono,1966-12-02,Bandung,SME,2013-08-22
368,Sarah Widodo,1996-04-16,Yogyakarta,Mass,2017-12-28
369,Bajragin Sitompul M.Pd,1976-05-04,Yogyakarta,Mass,2025-03-03
370,Jamalia Utami,1987-05-22,Yogyakarta,Priority,2016-05-23
371,Vanya Laksita M.Pd,1983-12-15,Surabaya,SME,2015-05-14
372,Lasmanto Hidayat,2000-07-19,Surabaya,Priority,2020-09-16
373,Laswi Suwarno,1979-10-06,Surabaya,Priority,2020-05-10
374,Pangeran Iswahyudi,1983-08-29,Bandung,Priority,2019-05-23
375,Cinthia Usada,1999-02-28,Jakarta,Priority,2019-12-14
376,Cinthia Handayani S.E.,1984-11-15,Yogyakarta,SME,2012-04-20
377,Ifa Dabukke S.Gz,1972-10-14,Bandung,Mass,2011-11-19
378,Wulan Hakim,1966-08-11,Jakarta,SME,2019-10-24
379,Kani Wahyudin,1996-08-19,Surabaya,SME,2024-09-26
380,Dalima Prasasta,1962-05-22,Medan,Mass,2018-11-22
381,dr. Karya Zulaika,1963-08-30,Bandung,Mass,2018-05-30
382,R.M. Cawisono Natsir S.Pt,1997-08-23,Yogyakarta,Mass,2023-08-24
383,drg. Raina Zulaika,1966-03-04,Surabaya,SME,2010-11-10
384,Jamal Padmasari,1991-03-23,Yogyakarta,Mass,2013-02-10
385,Daru Hariyah,1960-03-27,Jakarta,Mass,2011-10-12
386,Dodo Haryanti S.T.,1984-08-13,Medan,Mass,2023-08-28
387,Adika Hastuti S.Pd,1970-08-29,Jakarta,Mass,2016-10-03
388,Kenes Manullang S.Pt,1988-08-29,Semarang,Mass,2023-12-21
389,Jelita Rahmawati,1986-10-07,Jakarta,Priority,2022-01-09
390,Suci Anggraini,1970-11-07,Bandung,Mass,2026-02-12
391,Hafshah Hasanah S.Pd,1987-07-31,Bandung,Mass,2017-11-30
392,Harjo Laksmiwati,1989-10-20,Jakarta,Mass,2024-12-27
393,Dasa Wibowo,1963-01-13,Medan,Mass,2021-10-19
394,dr. Ratih Sihombing,1984-11-09,Semarang,SME,2010-06-16
395,Ida Damanik S.Sos,1988-07-06,Surabaya,Mass,2018-09-05
396,Ajeng Pratiwi,1976-01-07,Surabaya,Mass,2011-07-08
397,Hj. Victoria Hardiansyah M.Ak,1988-03-07,Medan,Priority,2012-04-29
398,Najwa Suwarno S.H.,1965-12-25,Surabaya,Mass,2010-12-30
399,dr. Gawati Usada,1967-11-08,Semarang,SME,2025-05-10
400,Lukman Ramadan,1988-05-03,Bandung,Mass,2014-02-02
401,Perkasa Wahyuni S.E.I,1961-08-28,Bandung,Mass,2016-07-31
402,Bakti Utami S.Gz,1999-09-25,Surabaya,SME,2018-03-10
403,Winda Farida,1977-11-11,Semarang,Mass,2022-03-07
404,Labuh Utama,1968-07-28,Surabaya,SME,2016-06-01
405,Diah Iswahyudi S.Pd,1998-11-02,Surabaya,Mass,2024-03-05
406,Ulva Agustina,1979-08-08,Yogyakarta,Mass,2018-12-21
407,Daliono Mustofa,2003-09-05,Semarang,Priority,2022-09-17
408,Dr. Taufik Utama M.TI.,2001-06-17,Surabaya,Priority,2025-04-08
409,T. Radika Marbun,1963-07-17,Medan,SME,2019-08-29
410,Yunita Laksmiwati,1971-03-20,Surabaya,Mass,2016-08-03
411,T. Pangeran Sirait S.IP,1989-08-24,Surabaya,Mass,2016-08-18
412,Citra Megantara,1967-06-23,Semarang,Mass,2025-06-21
413,Sutan Satya Wastuti S.Sos,1992-08-08,Medan,SME,2018-07-01
414,Drs. Karimah Iswahyudi S.Sos,1988-09-07,Jakarta,Priority,2011-04-15
415,Eman Nasyiah,1976-04-18,Yogyakarta,Priority,2021-07-05
416,Jaeman Uwais,1966-05-28,Yogyakarta,Priority,2023-08-18
417,Pangestu Wulandari S.T.,1965-08-30,Bandung,Priority,2011-07-05
418,drg. Yuni Uyainah,1976-03-30,Medan,Mass,2018-08-03
419,Cici Wulandari,1990-06-17,Surabaya,Mass,2020-02-03
420,Jarwi Dongoran,1985-09-29,Medan,Mass,2013-02-01
421,Drs. Jane Suryatmi,1989-02-19,Bandung,SME,2016-04-02
422,Marsudi Haryanto,1992-12-31,Semarang,Mass,2015-02-28
423,Ridwan Hariyah S.Pd,1965-04-13,Surabaya,Priority,2015-11-15
424,Hasan Latupono S.E.I,1987-06-12,Yogyakarta,SME,2016-05-28
425,Warsita Firgantoro,1968-12-23,Bandung,SME,2012-10-01
426,Nilam Latupono,1967-09-29,Semarang,SME,2025-12-31
427,Daryani Nasyiah,2003-05-27,Surabaya,Priority,2026-02-16
428,Harsanto Hasanah,1984-09-02,Surabaya,SME,2022-02-28
429,Salsabila Namaga,1991-12-06,Yogyakarta,Priority,2025-11-30
430,Rini Mangunsong,1982-10-27,Jakarta,SME,2015-01-11
431,Safina Januar,1970-08-14,Jakarta,Mass,2021-01-30
432,Dr. Raisa Wasita S.T.,1976-07-19,Medan,Mass,2020-06-25
433,Muhammad Uwais,1962-12-13,Semarang,SME,2016-12-08
434,Ibun Handayani,1983-07-31,Semarang,SME,2019-03-20
435,Sabar Tarihoran,1965-08-15,Yogyakarta,Mass,2017-02-10
436,Mahfud Uwais,1990-07-04,Surabaya,Mass,2021-08-09
437,Ir. Gatot Halim,1988-09-12,Bandung,Priority,2023-03-09
438,Ika Nainggolan,1979-05-29,Jakarta,SME,2021-04-12
439,Warta Hasanah,1966-11-12,Bandung,Mass,2016-10-27
440,Mujur Prabowo,1975-07-10,Surabaya,SME,2021-08-21
441,Manah Riyanti S.Ked,1968-10-21,Medan,Mass,2024-03-30
442,Panji Sitorus,1973-08-01,Medan,Mass,2023-10-13
443,Budi Pratiwi,1967-07-25,Medan,Mass,2023-04-11
444,Bagiya Puspasari,1988-01-05,Medan,Mass,2026-03-01
445,Langgeng Pratama,1961-11-05,Jakarta,Mass,2010-08-21
446,R.A. Julia Maulana M.Ak,1994-08-02,Surabaya,Priority,2025-07-04
447,Enteng Maulana,1978-09-08,Yogyakarta,Mass,2023-11-12
448,Kayun Ramadan,1984-06-21,Yogyakarta,SME,2016-06-30
449,R.M. Balapati Wijayanti S.Ked,1970-12-26,Semarang,Mass,2025-05-13
450,Aditya Tamba,1990-11-21,Bandung,Mass,2011-05-06
451,KH. Dasa Rahmawati S.Psi,1980-10-31,Surabaya,Mass,2014-07-30
452,Cayadi Saptono,1998-08-23,Surabaya,Priority,2024-09-07
453,Budi Andriani,2003-10-02,Bandung,Priority,2023-12-22
454,R. Panca Haryanto,1985-03-12,Surabaya,Mass,2012-05-19
455,Melinda Tarihoran,1971-12-31,Bandung,Mass,2020-02-01
456,Drs. Balangga Hartati,1973-01-06,Medan,Mass,2018-08-13
457,Sutan Warsita Susanti,1996-06-28,Medan,Priority,2021-10-27
458,Ozy Wahyuni,1994-03-25,Semarang,SME,2015-10-16
459,T. Jagapati Yuniar,1982-05-16,Semarang,Mass,2016-12-02
460,Aswani Kuswandari,1982-09-03,Bandung,Mass,2020-04-03
461,drg. Maria Kurniawan M.Kom.,1962-03-08,Surabaya,Mass,2011-02-19
462,Maimunah Hidayanto S.Pt,1990-03-02,Surabaya,Mass,2020-07-22
463,Rachel Maulana,1979-05-01,Surabaya,Priority,2013-01-02
464,Budi Saefullah,1976-05-31,Semarang,Mass,2011-01-06
465,Hj. Restu Pudjiastuti,1968-09-24,Medan,Mass,2018-02-17
466,Jane Wibowo M.Ak,1982-08-14,Medan,Mass,2020-02-07
467,T. Jaeman Mayasari,1990-07-09,Jakarta,Mass,2023-09-15
468,drg. Cinthia Latupono,1977-09-01,Surabaya,Mass,2018-05-16
469,Hj. Sadina Puspasari S.Kom,1993-11-12,Bandung,Mass,2015-02-01
470,Mila Pradana,1982-06-07,Jakarta,Mass,2010-11-26
471,Jessica Hasanah,1996-01-24,Medan,Mass,2024-09-03
472,Lidya Kuswoyo,2000-01-24,Bandung,Mass,2023-10-31
473,Maria Sihotang,1974-04-15,Semarang,SME,2013-08-24
474,Dodo Wahyudin S.E.I,1986-08-19,Medan,SME,2017-07-18
475,Virman Kusmawati S.Pt,1981-12-21,Medan,Mass,2025-11-23
476,Radika Hutasoit,1976-07-10,Yogyakarta,Mass,2017-06-06
477,Ian Kuswoyo,1986-03-08,Yogyakarta,SME,2016-11-25
478,Ulya Wahyudin S.E.I,1961-03-12,Semarang,Mass,2023-05-22
479,Dt. Langgeng Purwanti,1995-02-13,Medan,Mass,2026-01-29
480,Tgk. Mumpuni Maheswara,1986-03-05,Bandung,Mass,2020-10-10
481,Kamila Widiastuti,1994-09-30,Bandung,SME,2021-04-05
482,dr. Taswir Habibi S.Pd,1961-06-01,Yogyakarta,Mass,2022-11-04
483,Tgk. Kamila Jailani,1979-10-13,Semarang,Mass,2017-01-13
484,Drs. Gabriella Mangunsong,1978-05-29,Medan,SME,2021-04-03
485,Jaya Prasetyo S.IP,1991-08-29,Medan,Mass,2013-02-05
486,Zulfa Puspita,1989-09-14,Medan,Mass,2020-09-23
487,Calista Setiawan,1980-08-14,Surabaya,Mass,2021-12-16
488,R.A. Yani Aryani,1994-08-18,Medan,Mass,2018-07-18
489,Drs. Vivi Oktaviani M.Ak,1972-07-07,Surabaya,Mass,2022-07-08
490,Margana Puspita S.Ked,1994-08-04,Yogyakarta,Mass,2019-01-22
491,Hj. Yance Santoso,1981-07-10,Medan,SME,2017-10-28
492,Cemeti Saputra,1972-11-28,Medan,Priority,2012-09-25
493,Vanesa Saragih S.Psi,2000-03-07,Surabaya,SME,2022-08-05
494,Agnes Najmudin,1973-01-10,Surabaya,SME,2010-12-11
495,R. Padmi Wahyuni S.Sos,1975-07-15,Yogyakarta,Mass,2019-12-03
496,Caket Usada,1969-08-06,Medan,Mass,2014-07-14
497,Bakijan Nuraini,1991-03-25,Bandung,Mass,2016-02-04
498,Harimurti Andriani,1970-09-25,Jakarta,Priority,2015-06-10
499,Jasmin Manullang,1970-02-14,Bandung,Mass,2024-04-23
500,Ira Simbolon,1974-10-25,Semarang,Mass,2026-02-02
501,Drs. Lembah Hutasoit S.Gz,1960-03-25,Bandung,Mass,2022-05-06
502,Candrakanta Safitri,1981-06-01,Bandung,Priority,2024-08-04
503,Mursita Hutapea,1974-05-29,Yogyakarta,Mass,2016-05-27
504,Maimunah Wijayanti,1989-04-05,Bandung,Mass,2022-11-17
505,Nova Sudiati,2000-12-18,Semarang,SME,2020-11-30
506,Lidya Saputra,2001-11-22,Semarang,Priority,2020-04-14
507,Perkasa Mulyani,2002-01-05,Jakarta,Mass,2023-03-31
508,Gangsar Astuti,1987-01-14,Surabaya,Mass,2012-05-29
509,Edi Wastuti,1984-05-15,Semarang,SME,2021-10-05
510,Lega Laksita M.TI.,1998-03-05,Semarang,Mass,2021-10-25
511,Gaiman Gunawan S.H.,1974-10-31,Yogyakarta,Mass,2013-08-24
512,Rahayu Hakim,1992-03-26,Jakarta,Priority,2014-05-25
513,Damu Sihombing,1985-06-20,Bandung,Mass,2025-02-15
514,Pranata Mandala,2000-03-28,Semarang,Mass,2022-10-09
515,T. Elvin Simbolon S.IP,1977-12-24,Jakarta,Mass,2025-01-04
516,Jamal Astuti,1981-06-01,Bandung,Mass,2017-04-04
517,Cager Wibowo,1970-07-25,Surabaya,SME,2020-01-08
518,H. Dartono Mardhiyah,1986-02-16,Jakarta,Mass,2022-11-07
519,Ir. Reksa Thamrin,1991-01-28,Jakarta,Priority,2015-04-20
520,Hasta Gunarto,1973-10-05,Semarang,Priority,2013-08-01
521,Anita Haryanti,1990-12-18,Yogyakarta,SME,2012-08-19
522,Setya Sihotang,1976-06-26,Bandung,Mass,2023-10-15
523,drg. Queen Waskita,1981-06-13,Semarang,Priority,2013-06-08
524,Suci Agustina S.Pd,1976-10-04,Yogyakarta,Mass,2019-04-30
525,Halim Damanik,1993-12-21,Yogyakarta,SME,2024-01-06
526,Ella Safitri,1990-07-08,Jakarta,Mass,2023-05-13
527,Yance Tarihoran,1991-07-27,Jakarta,SME,2018-02-11
528,Ibrani Kurniawan,1962-10-08,Medan,Mass,2022-04-14
529,Ibrani Rahmawati,1966-09-21,Surabaya,SME,2013-09-09
530,Paramita Hutapea,1990-07-07,Yogyakarta,Mass,2014-08-10
531,Ira Sirait,2000-04-27,Semarang,Priority,2024-01-12
532,Ganda Narpati,1965-12-01,Semarang,Mass,2021-07-06
533,Kajen Usada,1985-01-24,Yogyakarta,Priority,2020-05-15
534,Karta Melani,1977-10-05,Jakarta,Priority,2015-09-16
535,Utama Tampubolon,1963-04-11,Semarang,Mass,2011-01-07
536,Titi Yuliarti,1984-04-10,Jakarta,SME,2011-05-09
537,R. Gilda Jailani S.E.I,1961-06-03,Semarang,Mass,2016-06-09
538,Faizah Natsir,1994-05-09,Surabaya,SME,2021-10-07
539,R. Vanya Yolanda,1980-02-13,Semarang,Mass,2018-06-20
540,Cecep Utami,1999-03-25,Bandung,Priority,2023-04-06
541,Malika Pratiwi,1965-04-27,Medan,Mass,2014-01-02
542,Drs. Ikin Zulaika M.Farm,1992-08-25,Jakarta,Priority,2015-08-19
543,Makara Oktaviani S.Psi,1980-10-07,Yogyakarta,Mass,2025-02-08
544,Hj. Iriana Maryadi M.M.,1977-01-05,Bandung,Mass,2015-02-25
545,Jarwadi Handayani,1972-05-13,Yogyakarta,Priority,2014-03-25
546,Gadang Saefullah M.Farm,1996-04-23,Medan,Priority,2023-09-13
547,Garan Mayasari,1970-10-18,Jakarta,Mass,2014-08-16
548,Galak Hariyah,1980-01-10,Yogyakarta,Priority,2023-05-30
549,Ani Hakim,1970-12-23,Semarang,Mass,2010-12-29
550,Yance Suwarno,1969-09-29,Bandung,Mass,2011-04-08
551,Mariadi Iswahyudi,1970-07-03,Surabaya,Mass,2022-12-03
552,Ir. Ophelia Winarno,1996-09-16,Bandung,Mass,2021-11-20
553,Ratna Puspasari,1989-08-12,Bandung,Mass,2021-09-10
554,H. Umar Gunarto M.M.,1962-09-25,Medan,SME,2022-06-27
555,Drs. Martana Nainggolan S.Psi,1988-01-30,Semarang,Mass,2025-03-23
556,Dr. Olivia Maryadi,2003-08-13,Yogyakarta,Priority,2023-07-14
557,Ihsan Jailani,1974-04-19,Semarang,Mass,2025-08-14
558,Tgk. Nasab Hutasoit M.TI.,1976-11-19,Medan,Mass,2014-02-15
559,Cawuk Gunarto S.H.,1973-06-28,Bandung,Priority,2025-11-14
560,Maida Farida M.TI.,1985-03-24,Semarang,Mass,2019-04-04
561,Drs. Capa Utama,1977-06-03,Surabaya,Mass,2015-06-13
562,Intan Wibisono,1963-07-19,Surabaya,Mass,2020-02-02
563,Vicky Sirait,1962-04-24,Semarang,Priority,2016-01-09
564,Liman Habibi S.Psi,1961-10-09,Bandung,Priority,2011-08-20
565,Gambira Kuswoyo,1992-06-28,Medan,Mass,2025-07-15
566,Ir. Harsana Suryono,1999-01-01,Surabaya,SME,2020-09-20
567,Tari Wahyuni,1969-07-02,Yogyakarta,Mass,2014-04-06
568,R. Juli Hutapea,2001-01-07,Yogyakarta,Mass,2021-09-22
569,Hj. Dinda Tampubolon,1977-10-16,Medan,Mass,2015-05-15
570,Safina Wijayanti,1977-01-27,Medan,Priority,2020-06-16
571,Diah Riyanti,1971-09-25,Medan,SME,2018-01-25
572,Chelsea Saragih M.Pd,1964-06-03,Surabaya,SME,2020-07-13
573,Syahrini Sitompul,1974-01-13,Jakarta,Mass,2019-04-14
574,R. Salsabila Novitasari S.Pt,1993-04-01,Jakarta,Mass,2014-07-05
575,Mumpuni Anggraini M.TI.,1985-12-23,Semarang,Mass,2026-02-24
576,Anita Tarihoran,1974-10-18,Semarang,Mass,2015-02-28
577,Elvina Prabowo,1982-05-25,Yogyakarta,SME,2022-05-08
578,Vivi Laksita,1971-07-18,Yogyakarta,Priority,2020-12-16
579,Darmanto Mandala,1980-09-02,Yogyakarta,Priority,2013-10-10
580,Bahuwarna Sihombing,1966-04-12,Medan,Mass,2026-02-26
581,Puti Ophelia Namaga M.TI.,1988-10-15,Medan,Mass,2011-04-27
582,Mitra Sirait,2002-05-25,Jakarta,Mass,2020-12-04
583,Drs. Cahyadi Riyanti S.Sos,1970-05-19,Yogyakarta,Mass,2011-07-11
584,Carub Najmudin,1982-09-07,Surabaya,Mass,2020-03-24
585,Ir. Yessi Marbun M.M.,1989-11-28,Semarang,Priority,2023-10-30
586,Hendra Utama,1960-04-18,Medan,Mass,2021-12-08
587,Najib Prakasa M.M.,1983-09-30,Surabaya,Mass,2026-03-14
588,Tgk. Umi Hassanah,1960-10-07,Yogyakarta,Priority,2021-04-07
589,Kasusra Permadi,1964-10-19,Medan,Mass,2012-02-29
590,Yessi Halimah,1987-10-20,Surabaya,Priority,2021-10-22
591,R.A. Kartika Wastuti M.Farm,1995-08-29,Jakarta,Mass,2022-07-19
592,Malika Suryono,1980-08-03,Bandung,SME,2022-09-03
593,dr. Jefri Nuraini S.Farm,1973-06-15,Jakarta,Priority,2025-05-05
594,Rendy Pangestu,1994-01-27,Jakarta,Mass,2012-10-08
595,Drs. Cahyo Ramadan S.Gz,1984-10-16,Jakarta,Priority,2020-09-04
596,Jaya Wahyudin M.Pd,1963-09-16,Semarang,Priority,2021-03-18
597,Narji Maryati,1985-05-19,Medan,SME,2012-02-21
598,Puti Intan Hutasoit S.E.,1969-06-25,Medan,Mass,2025-07-12
599,Mila Mulyani,2001-06-15,Yogyakarta,SME,2020-04-10
600,Radika Fujiati,1985-04-11,Jakarta,Mass,2024-10-05
601,Warsita Prasetya,1960-09-13,Medan,Mass,2014-08-25
602,Dr. Kamaria Dongoran S.Farm,2001-08-31,Surabaya,Mass,2020-07-07
603,Harto Mardhiyah,1985-06-02,Yogyakarta,SME,2018-09-23
604,Gilda Winarno,1993-11-22,Yogyakarta,Priority,2015-01-07
605,Hardi Prasetyo,1993-06-09,Jakarta,Mass,2019-03-08
606,Galuh Januar,1997-08-14,Surabaya,Mass,2016-06-16
607,Hj. Juli Maulana S.E.I,2002-10-31,Semarang,SME,2024-02-27
608,Edison Halimah,1961-04-30,Surabaya,Priority,2024-03-22
609,Yance Mandala M.Kom.,1982-01-03,Surabaya,Mass,2015-02-12
610,Raisa Ardianto,1979-05-16,Yogyakarta,Mass,2014-03-02
611,Ajiman Rajasa,1963-11-05,Surabaya,Priority,2023-11-16
612,Rafid Maryadi,1963-09-06,Bandung,Mass,2016-01-05
613,H. Lulut Nuraini,1966-12-02,Surabaya,Mass,2018-09-27
614,Carla Suwarno,1960-03-26,Semarang,Mass,2016-11-30
615,Gada Maheswara,1964-08-01,Jakarta,Mass,2012-12-21
616,Digdaya Andriani,1984-12-25,Medan,Mass,2022-06-11
617,Putu Oktaviani M.M.,1964-01-08,Medan,Mass,2017-12-09
618,Balapati Mandasari,1995-03-10,Semarang,Mass,2020-06-13
619,Drs. Anita Usamah,1977-05-24,Yogyakarta,SME,2011-11-25
620,Drs. Dimas Megantara,1985-08-27,Bandung,Priority,2021-09-08
621,Maria Adriansyah,1966-03-24,Surabaya,Mass,2016-01-12
622,dr. Halima Pertiwi,1962-11-02,Semarang,Mass,2013-10-01
623,Fitria Widiastuti,1981-09-20,Surabaya,Mass,2011-09-23
624,Bakiadi Novitasari S.I.Kom,1992-05-03,Semarang,Mass,2024-05-05
625,Xanana Novitasari,1980-07-15,Bandung,Mass,2012-05-26
626,Dr. Panji Mayasari,1974-11-26,Semarang,Priority,2023-11-29
627,Dt. Harsaya Halimah,1979-09-30,Semarang,Priority,2017-07-05
628,Makara Wibisono,2003-09-13,Bandung,Mass,2025-01-07
629,Hafshah Budiyanto,2002-06-29,Semarang,Mass,2022-09-24
630,Winda Hidayat,2003-06-15,Surabaya,Priority,2023-03-25
631,Halima Wahyuni,1982-01-09,Bandung,Mass,2022-12-01
632,Bala Prastuti S.Psi,1996-08-16,Surabaya,Mass,2023-06-04
633,Artawan Thamrin,1968-12-17,Medan,Mass,2023-04-14
634,Tgk. Rahmat Yuniar,2002-10-01,Semarang,SME,2024-10-24
635,Radika Hariyah,1979-09-01,Yogyakarta,Mass,2016-07-14
636,Natalia Usamah S.E.,1990-03-10,Bandung,Priority,2021-03-14
637,R.M. Atma Haryanti S.Gz,1971-05-02,Bandung,Priority,2024-10-09
638,Farah Gunawan,1963-04-26,Medan,Mass,2020-01-27
639,Sutan Timbul Gunarto S.Psi,1983-12-21,Yogyakarta,Mass,2021-05-13
640,Oliva Widodo,1995-06-21,Yogyakarta,SME,2021-07-09
641,Drs. Nabila Ramadan S.Gz,1986-08-21,Jakarta,Mass,2024-04-24
642,Ir. Dadap Suwarno S.I.Kom,1989-07-01,Surabaya,Mass,2024-11-28
643,Cut Zelaya Yolanda S.Psi,1961-12-26,Yogyakarta,Priority,2022-08-19
644,Dewi Uwais,2003-05-15,Surabaya,SME,2025-07-29
645,Lalita Farida,1964-10-01,Jakarta,Mass,2010-03-28
646,Jessica Nashiruddin,1993-07-02,Medan,Mass,2023-02-14
647,Talia Mandasari,1969-11-30,Surabaya,Mass,2019-12-31
648,Wirda Maryati,1986-05-27,Medan,Mass,2025-06-27
649,Wani Hutasoit,1981-08-27,Surabaya,Mass,2012-05-06
650,Lintang Hutapea S.Farm,1997-04-16,Yogyakarta,Mass,2025-10-29
651,R. Puji Sihombing,1975-05-22,Bandung,Mass,2020-03-19
652,Ciaobella Hutapea,1981-05-11,Semarang,Priority,2012-03-10
653,Salimah Sihombing,1974-04-22,Surabaya,Mass,2011-07-05
654,Melinda Suartini,1961-01-05,Yogyakarta,Mass,2017-09-11
655,Maria Marbun M.M.,2001-09-17,Medan,Mass,2022-06-08
656,Melinda Gunarto,1974-11-05,Semarang,SME,2022-07-23
657,Kamila Susanti S.Farm,1995-10-14,Yogyakarta,Mass,2022-11-09
658,Suci Hakim,1989-06-26,Semarang,Mass,2019-09-11
659,Mumpuni Uyainah,1999-08-12,Semarang,Mass,2019-10-24
660,Karimah Mulyani,1960-03-13,Bandung,Mass,2025-10-22
661,H. Mustika Manullang S.Ked,1985-11-24,Medan,Mass,2012-04-13
662,Samsul Sudiati,1968-11-02,Jakarta,Mass,2020-04-06
663,Purwa Farida S.Gz,1983-09-03,Surabaya,Mass,2024-05-02
664,Bagas Prakasa,1977-08-10,Jakarta,Mass,2023-03-02
665,Ir. Ghani Tarihoran S.Sos,1987-09-10,Yogyakarta,Priority,2013-11-14
666,Cut Rahmi Mangunsong,1987-07-25,Jakarta,Priority,2023-03-28
667,Ihsan Uwais S.I.Kom,1965-04-15,Surabaya,Mass,2015-05-09
668,Vanesa Hutagalung,1991-02-08,Medan,Mass,2013-03-04
669,R. Paris Utama,1966-03-08,Semarang,Mass,2022-11-22
670,Iriana Yulianti,1988-07-04,Yogyakarta,SME,2022-01-20
671,Hilda Latupono,1984-11-21,Semarang,Mass,2013-09-28
672,Oman Nashiruddin,1974-02-10,Medan,Mass,2020-02-12
673,Padma Wibisono,2002-09-11,Semarang,Mass,2020-09-25
674,R. Eluh Rajata,2003-03-27,Medan,Priority,2024-05-15
675,Melinda Prabowo M.Ak,1990-09-18,Semarang,Priority,2021-01-11
676,Talia Lestari,1981-12-02,Jakarta,Mass,2013-10-02
677,Banawi Mansur,1973-02-06,Surabaya,Mass,2010-09-25
678,Puti Mila Natsir M.M.,1967-07-18,Medan,Priority,2020-04-04
679,Rusman Zulaika,1984-08-28,Jakarta,Mass,2021-06-16
680,dr. Salwa Situmorang S.Pt,1994-10-08,Surabaya,Mass,2024-12-08
681,Dr. Elvin Salahudin,1994-02-02,Medan,Mass,2021-12-22
682,R. Tania Uyainah S.E.,1964-08-04,Bandung,Mass,2024-08-29
683,Tgk. Kacung Prasetyo S.IP,1980-03-04,Surabaya,SME,2015-11-23
684,Prima Mandala,1979-09-11,Bandung,Mass,2012-08-19
685,Paiman Lailasari,1990-11-29,Yogyakarta,Mass,2017-11-12
686,Gatra Puspasari,1967-06-12,Bandung,Priority,2023-10-27
687,dr. Nadia Puspasari,1996-02-17,Medan,Mass,2015-06-13
688,Luwar Irawan,1986-10-09,Bandung,Mass,2022-01-31
689,Galak Widodo,1972-12-23,Surabaya,SME,2022-11-05
690,Tantri Kuswandari M.TI.,2000-05-18,Jakarta,Mass,2025-12-25
691,Vivi Wasita,1962-08-29,Yogyakarta,Mass,2016-03-21
692,Ir. Belinda Mahendra S.Psi,1971-03-14,Yogyakarta,Mass,2013-04-13
693,Bagya Hartati M.M.,1994-02-26,Semarang,Mass,2020-12-13
694,Kariman Situmorang S.E.I,1972-01-20,Semarang,Mass,2024-01-31
695,Drs. Suci Rahmawati S.E.,1988-06-03,Semarang,Mass,2012-02-02
696,R.M. Ian Mardhiyah S.Gz,1991-03-01,Semarang,SME,2018-04-12
697,Puti Padma Mangunsong S.Pd,1986-02-07,Yogyakarta,Mass,2010-01-21
698,Caraka Sinaga,1988-06-23,Yogyakarta,Mass,2024-11-23
699,Genta Situmorang M.TI.,1995-09-10,Semarang,Mass,2025-08-31
700,Zulfa Hutapea,1996-12-31,Semarang,Mass,2019-09-27
701,Faizah Usada,1975-02-24,Medan,Mass,2022-04-11
702,T. Budi Utami,1995-05-12,Yogyakarta,Priority,2021-01-20
703,Raisa Nasyidah,1964-06-19,Semarang,Mass,2024-01-17
704,Jefri Yuniar,1979-10-18,Jakarta,SME,2020-03-28
705,Lega Prastuti,1969-01-27,Bandung,SME,2025-06-11
706,Cawisono Wahyuni,1967-02-17,Jakarta,Priority,2016-02-23
707,Ir. Jessica Pratiwi,1963-09-12,Yogyakarta,SME,2018-05-05
708,Rudi Dabukke,1962-04-28,Yogyakarta,Mass,2018-11-21
709,Arsipatra Yuniar,1979-04-03,Jakarta,Priority,2024-09-13
710,Drs. Eman Yulianti S.Kom,1969-07-28,Jakarta,Mass,2020-09-11
711,Drs. Hamzah Safitri S.Ked,1983-04-20,Semarang,Mass,2025-04-02
712,Sari Palastri,1996-08-26,Semarang,Priority,2017-05-05
713,Syahrini Sihombing,1963-03-06,Semarang,Mass,2015-02-19
714,Hesti Waskita,1964-08-17,Surabaya,SME,2017-01-10
715,Mutia Hidayanto,1977-03-02,Yogyakarta,SME,2012-12-26
716,Almira Manullang M.M.,1963-01-25,Medan,Mass,2021-11-24
717,Novi Hariyah,1967-05-12,Surabaya,Priority,2019-11-15
718,Ganep Sudiati,1993-07-25,Semarang,Mass,2014-12-12
719,Galar Simanjuntak,1998-07-29,Jakarta,SME,2018-12-30
720,Zelda Situmorang S.Sos,1993-10-02,Medan,Priority,2014-07-02
721,Prabawa Uwais,1979-04-06,Bandung,Mass,2017-01-20
722,Dr. Balamantri Simanjuntak,1963-10-12,Medan,Mass,2015-07-26
723,Jaka Maheswara,1972-10-12,Jakarta,SME,2025-06-27
724,Mila Prayoga,1999-04-15,Bandung,Mass,2020-08-27
725,Bakti Hardiansyah,1968-06-17,Surabaya,Priority,2018-10-15
726,Kiandra Susanti,1982-03-14,Jakarta,Mass,2018-08-28
727,Hilda Manullang,1986-08-22,Medan,SME,2011-08-05
728,dr. Ratih Sihotang S.Kom,1976-03-13,Bandung,Mass,2017-02-05
729,R.M. Jamil Mulyani M.M.,1978-11-17,Medan,Priority,2018-03-13
730,Ina Mandasari,2002-10-24,Jakarta,Mass,2025-02-12
731,Bakijan Wijaya,1960-08-13,Bandung,Mass,2015-11-18
732,drg. Dimas Pratama,2002-07-22,Medan,Mass,2025-01-02
733,dr. Alika Hardiansyah,1994-05-30,Semarang,Priority,2021-09-18
734,Nilam Riyanti,1988-09-24,Medan,Mass,2022-01-13
735,Hj. Samiah Halimah S.Pd,1963-10-01,Jakarta,Mass,2016-12-13
736,Dt. Slamet Kurniawan,2003-09-15,Medan,Mass,2022-07-25
737,Diana Saptono,1988-06-14,Yogyakarta,Priority,2024-07-29
738,Karimah Waskita S.I.Kom,1991-05-05,Yogyakarta,SME,2019-10-24
739,Himawan Habibi,1962-08-06,Jakarta,SME,2015-06-26
740,Drs. Febi Tarihoran,1980-05-03,Medan,Mass,2023-09-25
741,T. Bagya Winarno,1993-04-08,Yogyakarta,Mass,2026-01-05
742,drg. Prakosa Pudjiastuti,1991-10-03,Yogyakarta,Mass,2013-01-29
743,Yunita Oktaviani,2002-10-01,Medan,Mass,2022-09-06
744,Lurhur Lazuardi S.E.I,1967-06-28,Bandung,Priority,2018-05-05
745,Hartana Wahyudin,1992-11-16,Jakarta,Mass,2013-07-06
746,Tgk. Kalim Utama S.E.I,1972-03-14,Jakarta,Mass,2021-10-01
747,Luhung Melani,1988-02-24,Semarang,Mass,2011-09-24
748,Olivia Gunarto,1962-06-27,Medan,Mass,2021-03-16
749,Aris Mandala,1971-06-11,Medan,Priority,2012-04-22
750,Juli Kusmawati M.TI.,1970-03-31,Jakarta,Mass,2021-05-31
751,Eka Sudiati,1970-12-20,Semarang,Mass,2011-01-12
752,R.M. Gamanto Suryatmi,1968-01-11,Medan,Priority,2010-10-17
753,Elisa Wijaya,1978-10-23,Surabaya,Mass,2015-01-14
754,Tgk. Rika Sirait,1972-03-02,Medan,Mass,2011-10-01
755,Dr. Kasiran Lestari,1990-03-15,Bandung,Mass,2011-03-08
756,Padmi Salahudin M.Kom.,1962-01-22,Jakarta,SME,2018-12-29
757,Cut Kartika Sitompul S.IP,1994-09-12,Surabaya,Mass,2019-08-27
758,Restu Samosir,1960-05-10,Bandung,Mass,2018-04-11
759,H. Teddy Usamah S.Ked,1993-03-05,Bandung,Mass,2025-02-16
760,Dr. Hani Yolanda,2003-08-05,Bandung,Priority,2024-05-06
761,KH. Labuh Permata S.H.,1994-02-10,Bandung,Mass,2017-08-06
762,Anastasia Padmasari M.Kom.,1961-01-26,Medan,Mass,2015-03-24
763,Karna Usamah,2002-08-29,Jakarta,Priority,2022-07-11
764,Raina Wibowo S.E.I,1998-01-31,Yogyakarta,Mass,2024-05-07
765,Hj. Hesti Firmansyah M.Farm,1983-10-07,Semarang,Mass,2015-05-06
766,Carla Nainggolan S.Ked,2003-08-17,Yogyakarta,Mass,2022-05-30
767,Iriana Andriani,2001-04-29,Medan,Mass,2021-11-28
768,Hendri Putra,1980-07-25,Medan,Mass,2011-11-27
769,Olivia Suryatmi,1988-08-01,Jakarta,Mass,2018-11-05
770,Zizi Halim,1979-07-06,Bandung,Mass,2024-11-09
771,Dina Maryati S.Kom,1998-03-03,Semarang,Priority,2019-09-09
772,Tgk. Mujur Kuswandari,1974-04-08,Surabaya,Mass,2020-02-26
773,dr. Galar Natsir,1966-02-08,Jakarta,Mass,2023-02-11
774,Patricia Siregar,1980-03-01,Surabaya,Mass,2020-06-14
775,Tgk. Murti Zulaika,1976-01-27,Semarang,Mass,2014-08-28
776,Rangga Saptono M.Ak,1998-03-29,Jakarta,Mass,2017-07-28
777,Febi Prayoga,1973-08-24,Yogyakarta,Mass,2025-10-21
778,Puti Salahudin,1997-06-30,Surabaya,Mass,2025-02-01
779,Wardaya Salahudin,2003-06-10,Semarang,Mass,2023-06-03
780,T. Niyaga Pranowo M.Kom.,1973-05-28,Bandung,Mass,2015-11-02
781,Natalia Tampubolon,1998-05-02,Medan,Priority,2021-05-23
782,KH. Najam Saefullah,1964-03-31,Jakarta,Priority,2020-05-13
783,Dewi Pertiwi,1965-06-12,Jakarta,SME,2010-04-08
784,Kenari Wibowo S.Sos,1965-11-11,Semarang,Mass,2014-06-12
785,dr. Vera Maulana S.Pd,2002-01-21,Medan,Mass,2020-12-26
786,Edward Hutapea,1960-12-23,Bandung,SME,2011-06-13
787,Maimunah Yolanda,1996-04-20,Jakarta,SME,2017-03-06
788,Ulva Kuswandari,1965-06-30,Semarang,Mass,2010-12-16
789,Damar Nasyiah,1979-06-06,Semarang,Mass,2018-11-10
790,Putri Saputra,1979-02-20,Surabaya,Mass,2013-11-16
791,Balangga Susanti,1972-05-02,Semarang,SME,2016-04-11
792,Rini Permadi S.H.,1987-07-19,Medan,Mass,2023-11-21
793,Mulyono Nuraini,1982-05-18,Medan,Mass,2019-03-30
794,Makuta Pradipta,1972-07-19,Bandung,Mass,2018-08-04
795,Baktianto Zulkarnain,1999-09-07,Bandung,Priority,2023-07-26
796,Tina Halimah,1995-08-27,Semarang,Priority,2014-01-28
797,Maman Mandala,1981-07-08,Semarang,Mass,2022-03-19
798,Yoga Pudjiastuti,1982-07-15,Semarang,Mass,2017-03-19
799,Hasim Yolanda,1974-04-21,Bandung,Mass,2023-05-24
800,Natalia Yulianti,1962-08-17,Medan,Mass,2020-07-31
801,Praba Suwarno,1970-06-10,Jakarta,Mass,2013-07-31
802,Irma Yuliarti,1971-12-15,Yogyakarta,Mass,2021-12-20
803,Umaya Irawan,1985-10-28,Surabaya,SME,2018-09-17
804,Kemal Pradipta M.Pd,1967-11-25,Medan,Mass,2015-04-22
805,Tari Firgantoro S.E.,2000-12-30,Jakarta,Priority,2025-08-14
806,Zalindra Nugroho,2002-07-03,Medan,SME,2022-01-31
807,Raihan Widodo,1984-04-26,Bandung,Mass,2016-12-06
808,drg. Cengkir Siregar S.Gz,1962-07-09,Medan,Mass,2015-03-21
809,Emin Purnawati,1981-06-10,Surabaya,SME,2010-01-06
810,Puti Juli Suryono,1996-03-04,Surabaya,Priority,2017-01-31
811,Syahrini Palastri,1962-09-02,Bandung,Mass,2010-06-29
812,drg. Tirtayasa Mansur,1994-09-26,Medan,SME,2015-03-18
813,Drs. Nadia Saputra S.Kom,1976-10-03,Yogyakarta,Mass,2025-10-20
814,R. Gamblang Marpaung M.M.,1975-02-05,Surabaya,Mass,2016-10-08
815,Edi Nashiruddin S.Ked,1992-11-06,Yogyakarta,SME,2020-08-19
816,Jessica Sihombing M.Farm,1974-03-26,Yogyakarta,SME,2013-11-28
817,Praba Nababan S.E.,1995-04-21,Bandung,Priority,2021-04-17
818,Hj. Latika Aryani,1976-12-21,Yogyakarta,Priority,2016-11-18
819,Tgk. Bakianto Wacana,1967-12-21,Yogyakarta,SME,2010-01-15
820,Bakiono Nashiruddin S.E.I,1998-02-28,Medan,Mass,2024-10-16
821,Janet Prayoga,1974-04-10,Bandung,Priority,2023-09-18
822,Elon Winarno,2002-01-06,Bandung,Mass,2025-07-26
823,Ivan Santoso,1970-09-04,Surabaya,Mass,2017-10-12
824,Ilsa Padmasari,1996-11-09,Semarang,Mass,2022-05-17
825,Queen Anggriawan S.T.,1971-03-12,Jakarta,Mass,2025-07-19
826,Gatra Prakasa S.Gz,1992-04-25,Jakarta,Mass,2010-05-01
827,Banara Hastuti S.Pd,2003-06-21,Semarang,Mass,2022-05-22
828,Halim Mardhiyah,1975-10-03,Semarang,Mass,2022-04-01
829,Vera Saragih S.IP,1995-05-19,Bandung,Mass,2018-06-04
830,Vero Sihombing S.I.Kom,1973-03-24,Surabaya,Mass,2010-06-14
831,R.A. Gawati Mansur,1963-04-30,Bandung,SME,2017-09-01
832,Eva Hasanah,1992-10-31,Medan,SME,2012-07-02
833,Rachel Wahyudin S.Farm,1975-02-27,Medan,SME,2023-04-29
834,Pia Halimah M.Pd,1979-05-07,Bandung,Mass,2024-08-29
835,Ir. Rudi Pratama S.H.,1967-01-17,Jakarta,Mass,2011-03-15
836,Perkasa Riyanti S.Pt,1978-05-11,Medan,Priority,2025-08-21
837,drg. Karsana Tarihoran,1971-11-25,Surabaya,Mass,2024-10-25
838,Vero Pratiwi,1962-03-24,Medan,Mass,2018-10-24
839,Aswani Pudjiastuti,1966-11-21,Surabaya,Mass,2011-03-23
840,Sutan Kemal Nasyiah,1996-12-15,Bandung,Mass,2025-09-18
841,Catur Simbolon,1967-08-30,Surabaya,SME,2024-04-25
842,Drs. Maimunah Latupono S.Kom,1997-11-06,Surabaya,Priority,2017-02-17
843,Restu Lestari S.Pt,1981-12-09,Surabaya,Mass,2024-10-29
844,drg. Rusman Hakim,1977-05-20,Surabaya,SME,2014-02-23
845,Diah Mulyani,1968-05-14,Jakarta,Mass,2019-12-31
846,Mutia Pratiwi,1971-10-25,Surabaya,Mass,2015-01-28
847,Kurnia Hariyah,1993-09-28,Jakarta,Priority,2013-11-24
848,Respati Samosir S.Ked,1978-07-27,Bandung,Mass,2023-03-25
849,Hamima Adriansyah,1996-09-16,Medan,Priority,2024-02-01
850,Gasti Prastuti S.Pt,1985-09-09,Semarang,Mass,2015-04-15
851,Indra Situmorang,2000-06-30,Medan,Mass,2018-11-15
852,Bella Namaga S.Gz,1995-11-27,Jakarta,SME,2017-03-13
853,Warji Halimah,1967-10-03,Bandung,Priority,2013-10-01
854,Edison Wasita,1961-11-30,Jakarta,SME,2019-07-01
855,Pranawa Mansur,1969-01-21,Bandung,SME,2024-01-26
856,Ir. Omar Yuliarti S.Farm,1974-05-05,Jakarta,Mass,2011-07-03
857,Kezia Hassanah,1984-10-05,Surabaya,Mass,2017-04-25
858,drg. Keisha Hutapea M.Pd,1995-04-13,Semarang,Mass,2024-12-26
859,Martani Tampubolon,1966-08-25,Medan,Mass,2022-09-16
860,Cemani Nasyiah,2001-06-28,Medan,Priority,2020-08-29
861,Paris Mahendra,1998-11-29,Surabaya,SME,2022-11-26
862,Genta Adriansyah S.Ked,1977-03-07,Semarang,Mass,2024-09-08
863,Malika Wulandari,1961-09-05,Surabaya,Mass,2013-11-11
864,Puji Anggraini M.Pd,1987-04-21,Yogyakarta,Mass,2025-04-09
865,Yuni Pradana,1999-11-26,Yogyakarta,Mass,2021-08-09
866,Jagaraga Situmorang,2001-04-21,Surabaya,Mass,2022-04-21
867,Enteng Nainggolan,1973-12-12,Semarang,SME,2016-04-15
868,Vanesa Kusumo S.Gz,1964-05-28,Bandung,Mass,2015-02-11
869,Ir. Hari Susanti S.Ked,1994-09-20,Surabaya,Priority,2019-11-26
870,Danang Hidayat,1988-12-15,Bandung,Mass,2012-01-02
871,Legawa Firmansyah,1993-03-27,Medan,SME,2022-02-01
872,Rahayu Wulandari,1983-02-11,Jakarta,Mass,2013-07-26
873,Alika Prasasta S.Gz,1978-02-04,Medan,SME,2013-01-16
874,Maida Pradipta,1967-10-17,Bandung,SME,2014-04-29
875,Sutan Perkasa Hakim,1961-06-25,Jakarta,SME,2020-03-28
876,Jefri Siregar,1972-04-15,Semarang,Mass,2018-04-06
877,Rahman Permata,2001-05-28,Yogyakarta,Mass,2020-10-12
878,Ratih Rahimah,1981-12-04,Semarang,Mass,2023-04-29
879,Ir. Reza Sinaga S.H.,1986-04-29,Surabaya,Mass,2022-05-14
880,Dinda Wijayanti,1993-08-05,Surabaya,Mass,2013-08-10
881,Sutan Hendri Salahudin,1967-04-23,Bandung,SME,2022-11-01
882,Almira Puspita,1970-02-05,Bandung,Mass,2025-03-14
883,R. Sari Wastuti,1983-01-09,Yogyakarta,Mass,2010-06-14
884,Puti Lailasari,1989-01-14,Medan,Priority,2013-11-19
885,Gangsar Yuniar,1971-04-28,Surabaya,Priority,2023-08-24
886,Harjaya Novitasari S.Psi,1972-05-08,Semarang,SME,2019-07-04
887,Lidya Wasita S.E.I,1971-04-21,Semarang,Mass,2014-11-23
888,Keisha Nashiruddin,1996-12-22,Medan,Mass,2023-11-14
889,Dr. Jasmani Permadi S.H.,1989-09-17,Medan,Priority,2018-05-24
890,Zamira Megantara,1972-09-05,Yogyakarta,Mass,2016-09-11
891,drg. Vinsen Hakim M.Pd,1975-01-31,Yogyakarta,Mass,2016-03-14
892,Lidya Puspita,1971-09-18,Yogyakarta,SME,2024-09-18
893,R.M. Harsanto Prasasta,1973-05-27,Bandung,Mass,2014-03-24
894,Farhunnisa Sitompul,2000-05-10,Medan,Mass,2018-12-24
895,Bahuwirya Hartati S.I.Kom,1990-07-15,Yogyakarta,Mass,2013-02-20
896,Kawaca Nainggolan,1973-04-05,Semarang,Mass,2015-10-27
897,Embuh Waluyo,1986-02-25,Medan,Priority,2025-11-18
898,Lukita Suartini S.Gz,1992-08-03,Yogyakarta,Mass,2015-07-25
899,Puti Fitriani Rahmawati M.Pd,2000-08-30,Surabaya,Mass,2026-03-08
900,Jatmiko Pranowo,1997-09-16,Medan,Mass,2023-01-26
901,dr. Ilsa Budiman S.Kom,1981-02-12,Yogyakarta,Mass,2012-11-14
902,Yono Lazuardi,2000-12-08,Yogyakarta,SME,2020-12-22
903,Usyi Kuswandari S.H.,1964-01-03,Surabaya,Mass,2014-12-26
904,Rahmi Putra S.Sos,1978-11-11,Surabaya,Mass,2017-06-07
905,Kusuma Sinaga,1980-10-20,Semarang,Mass,2012-08-22
906,T. Harjasa Hastuti M.Pd,1986-03-06,Medan,Mass,2023-01-06
907,Gatot Samosir S.T.,1982-06-13,Yogyakarta,Mass,2012-09-08
908,Oliva Mandasari,1978-07-13,Bandung,Mass,2011-03-19
909,Cinthia Halimah,1975-05-16,Medan,SME,2019-03-07
910,Tgk. Vinsen Putra S.I.Kom,1966-06-04,Yogyakarta,Mass,2017-02-04
911,Laras Gunawan,1981-11-14,Yogyakarta,SME,2017-06-17
912,R.A. Ulya Maulana,1988-06-17,Jakarta,Mass,2011-04-21
913,Elon Puspasari,1994-02-22,Medan,Priority,2015-11-30
914,Ir. Tantri Agustina,1994-04-02,Bandung,Mass,2014-03-19
915,Eva Napitupulu,1979-04-06,Semarang,SME,2019-01-18
916,Ghaliyati Wibowo,1961-09-10,Bandung,Priority,2021-12-21
917,R.A. Najwa Pudjiastuti,2000-01-05,Medan,Mass,2021-08-11
918,Warsa Sirait S.T.,1960-03-08,Yogyakarta,Mass,2024-01-21
919,drg. Nyoman Yuniar M.Kom.,1973-12-31,Jakarta,Mass,2012-11-22
920,Ella Thamrin,1973-09-24,Jakarta,SME,2013-09-30
921,Cahyono Palastri,2002-07-18,Semarang,Priority,2023-10-17
922,Fitria Namaga,1983-07-06,Semarang,SME,2017-07-30
923,Yusuf Halim M.TI.,1975-05-17,Surabaya,Priority,2020-12-29
924,Salman Hutagalung,2002-07-12,Jakarta,Mass,2025-01-14
925,Hj. Alika Ardianto S.Farm,1969-06-22,Medan,Mass,2010-06-29
926,Saiful Usamah,1976-06-11,Yogyakarta,Priority,2025-12-13
927,Bagas Maryadi,1999-04-27,Surabaya,Priority,2024-06-26
928,Darimin Mayasari,1962-03-07,Jakarta,Priority,2023-04-28
929,Kasiyah Halim,1997-07-03,Jakarta,Priority,2015-09-17
930,Hj. Salwa Susanti,1979-12-06,Jakarta,Mass,2018-07-13
931,Sakura Laksita,1991-06-26,Bandung,Priority,2013-06-08
932,Adiarja Nasyidah,1960-06-01,Semarang,Priority,2016-10-02
933,dr. Adinata Budiyanto,1983-05-04,Medan,Mass,2016-01-21
934,H. Endra Nasyiah,1978-10-15,Medan,Priority,2012-05-09
935,Anita Mardhiyah,1972-09-05,Jakarta,Mass,2012-07-22
936,Hj. Mala Nugroho S.IP,1968-12-16,Medan,SME,2015-11-25
937,Karna Maryadi,1991-07-22,Surabaya,Mass,2019-03-11
938,Dadi Safitri,1982-04-07,Yogyakarta,SME,2014-08-29
939,T. Rahman Thamrin,1970-07-09,Jakarta,Priority,2010-01-23
940,Wulan Widodo,1997-06-19,Yogyakarta,Mass,2021-11-21
941,Hardi Waskita,1994-12-19,Jakarta,Priority,2024-06-05
942,Padmi Prasasta,2000-08-01,Yogyakarta,Mass,2021-06-10
943,Genta Salahudin S.Pt,1971-11-06,Jakarta,Mass,2020-05-31
944,Sidiq Yulianti S.Gz,1961-10-08,Surabaya,Priority,2016-07-08
945,Halim Wibowo,1979-02-09,Jakarta,SME,2012-08-07
946,Puspa Kusmawati,1960-06-07,Yogyakarta,Priority,2013-02-07
947,Makuta Anggriawan,1976-01-14,Medan,Mass,2019-10-26
948,Ella Hutasoit M.Kom.,1976-09-18,Bandung,Mass,2017-09-08
949,drg. Septi Sitompul M.Farm,2003-03-02,Surabaya,SME,2023-09-17
950,Puti Paris Gunarto S.H.,1995-11-18,Yogyakarta,SME,2023-04-29
951,Umay Purnawati,1965-01-26,Yogyakarta,Priority,2012-12-21
952,Humaira Gunawan,1964-08-26,Medan,Mass,2019-05-02
953,Mahdi Setiawan,1990-06-06,Bandung,Mass,2019-10-30
954,Drs. Maryadi Firmansyah,1987-06-04,Yogyakarta,SME,2010-08-25
955,Wisnu Sihotang,1981-09-01,Jakarta,SME,2020-12-12
956,Yono Pranowo,1962-01-23,Surabaya,Priority,2011-06-03
957,R. Umi Widodo,1991-08-09,Medan,Priority,2025-03-16
958,Eja Marpaung,1992-06-19,Bandung,SME,2023-02-15
959,R.A. Qori Wibisono,1999-03-02,Medan,Mass,2020-12-11
960,Usman Namaga S.Psi,1964-04-09,Yogyakarta,Priority,2019-09-16
961,Usyi Mandala,1975-07-05,Yogyakarta,Priority,2024-11-20
962,H. Nyoman Hutapea M.TI.,1997-08-20,Medan,SME,2024-11-21
963,Jelita Habibi S.IP,1962-06-13,Yogyakarta,SME,2010-04-06
964,Gina Hutagalung,1998-01-28,Semarang,SME,2021-04-29
965,Rahmi Susanti,1993-09-15,Surabaya,Mass,2022-09-20
966,drg. Vicky Simbolon,1962-04-04,Bandung,Mass,2021-05-15
967,Mahesa Saputra,1978-02-02,Jakarta,Mass,2015-04-10
968,drg. Joko Pradana S.I.Kom,1980-02-06,Semarang,Mass,2011-12-23
969,dr. Ian Nashiruddin,2003-12-28,Yogyakarta,Priority,2024-10-06
970,Lanang Wijayanti S.Sos,1978-02-04,Jakarta,Mass,2019-04-01
971,Prasetyo Safitri,1997-01-17,Medan,SME,2016-01-20
972,Wirda Prayoga,1973-08-30,Medan,Mass,2021-05-27
973,Belinda Hutasoit S.T.,1980-06-18,Surabaya,SME,2017-08-24
974,Harjasa Usada,1997-11-15,Surabaya,Mass,2020-12-15
975,Okta Wibisono,1986-11-29,Yogyakarta,Priority,2020-08-11
976,Karen Kurniawan,1965-02-11,Yogyakarta,Mass,2012-03-09
977,Adhiarja Samosir,1975-12-06,Surabaya,Mass,2024-03-18
978,Karen Saputra,1991-06-30,Jakarta,SME,2012-05-20
979,Cahyadi Irawan,1966-04-20,Yogyakarta,Priority,2026-01-29
980,Irfan Hassanah,1971-05-29,Bandung,Mass,2023-09-14
981,Dr. Kambali Wasita,1969-09-02,Bandung,Priority,2020-04-02
982,Akarsana Irawan,1993-12-18,Jakarta,SME,2021-03-31
983,Puspa Iswahyudi,1986-05-31,Semarang,Mass,2012-10-06
984,Ir. Violet Simbolon,2002-11-22,Bandung,SME,2023-09-15
985,drg. Amalia Siregar S.Farm,1983-10-16,Medan,SME,2011-02-02
986,Victoria Hutasoit,1981-08-30,Bandung,Priority,2021-05-27
987,Putri Prasasta M.Farm,1992-10-07,Jakarta,Mass,2013-08-19
988,R.M. Mahdi Wibowo,1987-03-11,Medan,SME,2017-03-21
989,Cahyono Santoso,2003-12-09,Yogyakarta,Priority,2025-05-04
990,Hasna Lailasari,1977-11-05,Surabaya,Mass,2017-09-09
991,Atma Marbun,1966-03-13,Medan,Priority,2019-04-05
992,Ika Andriani,1973-05-29,Medan,SME,2025-09-25
993,Novi Hutagalung,1988-05-17,Bandung,Mass,2014-11-16
994,Hafshah Prayoga,1990-10-19,Yogyakarta,Mass,2017-09-29
995,Sari Lailasari M.Ak,2003-09-29,Medan,Mass,2022-09-23
996,R.A. Michelle Kurniawan,1974-06-17,Jakarta,Priority,2025-12-07
997,Gadang Ardianto,1981-07-19,Medan,SME,2023-01-27
998,Juli Safitri,1990-03-30,Surabaya,SME,2021-12-22
999,Wani Sitompul,1996-04-04,Medan,Mass,2014-07-13
1000,Juli Astuti,1966-07-09,Yogyakarta,Mass,2011-03-11
1001,Hj. Rina Mansur S.Pd,1993-08-26,Surabaya,Priority,2015-04-01
1002,Rahmi Pangestu,1997-08-26,Yogyakarta,Priority,2016-05-02
1003,Iriana Nugroho,1993-10-20,Jakarta,Mass,2023-12-05
1004,Jamalia Siregar,1964-08-06,Yogyakarta,Priority,2023-10-27
1005,Talia Usada M.Kom.,1993-04-20,Medan,Mass,2025-10-20
1006,R.A. Jane Waluyo,1995-03-08,Yogyakarta,Priority,2019-08-15
1007,Yuliana Wijaya,1977-05-20,Yogyakarta,Mass,2019-05-06
1008,Calista Pratiwi,1962-05-31,Yogyakarta,Mass,2010-04-17
1009,Lega Palastri,1998-12-22,Semarang,SME,2025-09-19
1010,Mahmud Pudjiastuti,1991-08-10,Yogyakarta,Mass,2025-11-30
1011,Wawan Hariyah,1984-07-08,Bandung,Priority,2023-07-14
1012,Fathonah Farida S.Pd,1973-03-12,Bandung,SME,2020-01-25
1013,Puti Yuliana Wasita M.Kom.,1968-05-21,Yogyakarta,Mass,2013-11-24
1014,Mahesa Sihombing,1961-10-27,Surabaya,Mass,2019-08-12
1015,Dono Wahyuni,1986-03-13,Jakarta,Mass,2015-09-21
1016,Nasrullah Anggraini,1961-10-16,Surabaya,Mass,2013-06-13
1017,dr. Bagya Hassanah M.Ak,1987-08-13,Surabaya,Mass,2024-11-05
1018,Restu Wacana,1984-09-04,Jakarta,Priority,2018-01-12
1019,Dr. Virman Andriani,1983-07-27,Bandung,Mass,2014-12-07
1020,Dt. Paiman Tarihoran,1967-02-24,Medan,Mass,2019-05-01
1021,Yessi Nasyiah M.Ak,1975-09-03,Bandung,Priority,2014-12-18
1022,Vinsen Hutasoit S.IP,1976-03-08,Bandung,SME,2016-08-01
1023,Sutan Maryadi Widiastuti S.I.Kom,1983-10-18,Medan,SME,2020-08-26
1024,Marsudi Suryatmi,1960-05-24,Yogyakarta,Mass,2012-07-28
1025,Kardi Yuliarti,2000-07-28,Medan,SME,2025-10-05
1026,Marsudi Wacana S.Psi,2003-01-05,Yogyakarta,SME,2021-03-22
1027,dr. Balamantri Anggriawan S.IP,2001-01-31,Semarang,Mass,2020-05-05
1028,Gawati Melani,1961-02-08,Surabaya,Mass,2021-08-05
1029,Padma Puspita M.Farm,1979-12-27,Jakarta,Mass,2020-12-01
1030,Ratih Prasetya M.M.,1968-08-20,Medan,Mass,2017-03-09
1031,Kania Hariyah,1967-07-05,Medan,Mass,2022-01-25
1032,Ir. Lanjar Mardhiyah S.E.I,1969-06-15,Yogyakarta,Priority,2025-01-13
1033,Aisyah Laksmiwati,1979-01-11,Bandung,Mass,2012-05-01
1034,Ega Agustina,1989-01-01,Yogyakarta,Priority,2011-08-14
1035,Bambang Megantara,1980-08-06,Surabaya,Mass,2026-01-29
1036,Ira Siregar,1962-06-08,Surabaya,Mass,2013-12-29
1037,Violet Putra,1996-11-08,Surabaya,Mass,2019-12-12
1038,drg. Gantar Kusmawati,1988-04-08,Semarang,Mass,2019-01-27
1039,Ismail Hartati,1990-03-15,Medan,Mass,2012-08-27
1040,Betania Salahudin,1962-11-02,Jakarta,Priority,2023-02-19
1041,Rusman Latupono,1976-01-17,Jakarta,Mass,2021-04-12
1042,Samsul Siregar,1973-07-08,Jakarta,Mass,2023-08-09
1043,Balangga Wastuti S.E.,1977-02-09,Yogyakarta,Mass,2018-11-11
1044,Hesti Maryati S.E.,1983-12-06,Bandung,Priority,2014-12-07
1045,R.M. Gamblang Purwanti,1973-03-25,Bandung,Mass,2024-03-22
1046,Malika Pradipta,1976-09-26,Medan,SME,2010-04-02
1047,dr. Lasmono Nashiruddin S.E.,1965-07-12,Jakarta,Mass,2010-12-09
1048,Maryadi Astuti S.Sos,1984-02-04,Jakarta,Mass,2022-04-13
1049,Okto Susanti,1969-07-01,Yogyakarta,SME,2019-04-04
1050,Ihsan Rahayu,1968-04-02,Medan,SME,2014-12-14
1051,Kayla Ardianto,1965-02-20,Yogyakarta,Priority,2014-01-25
1052,Gabriella Putra S.T.,1998-03-11,Medan,Mass,2024-08-07
1053,H. Rusman Haryanto M.Farm,1963-04-13,Yogyakarta,Mass,2016-07-09
1054,Raharja Nasyiah,1968-11-08,Semarang,SME,2023-01-09
1055,Ghani Simbolon,1965-10-01,Yogyakarta,Mass,2025-01-21
1056,Jagapati Latupono,1987-10-16,Bandung,Mass,2011-07-26
1057,Salsabila Lestari,1974-09-23,Yogyakarta,Mass,2023-10-29
1058,Ir. Galar Riyanti,1966-11-01,Medan,Mass,2022-09-08
1059,Rahmi Wijaya,2003-01-01,Bandung,Mass,2023-05-23
1060,Puti Kamaria Thamrin,1995-03-30,Yogyakarta,Priority,2018-03-13
1061,Dr. Raina Natsir S.Pd,1972-05-30,Bandung,Priority,2018-01-23
1062,Ir. Chelsea Wulandari,1999-05-19,Semarang,Mass,2022-09-30
1063,Galar Lazuardi,1981-11-04,Jakarta,Mass,2022-05-17
1064,Gaduh Latupono,1963-09-05,Bandung,SME,2016-04-17
1065,Hardi Megantara,1971-10-22,Jakarta,Priority,2024-01-21
1066,dr. Hari Riyanti,1998-02-09,Yogyakarta,Mass,2021-10-13
1067,Kamal Winarno,1985-12-19,Medan,Mass,2019-02-01
1068,Fitria Laksita,1984-09-28,Medan,SME,2015-11-05
1069,Kawaya Yuliarti S.E.,1981-03-05,Bandung,Mass,2024-08-31
1070,R.M. Jindra Suwarno,1999-12-27,Yogyakarta,SME,2024-08-02
1071,Cengkir Sihotang,1980-11-04,Medan,Mass,2021-03-29
1072,Dr. Raina Habibi S.I.Kom,1982-07-11,Yogyakarta,Mass,2010-03-28
1073,Jayeng Mansur,1990-09-09,Medan,Mass,2013-09-20
1074,Rahman Winarno,1968-01-14,Medan,Priority,2022-09-14
1075,Dr. Martani Lailasari,1993-01-04,Surabaya,Mass,2021-11-03
1076,Silvia Lestari,1970-05-24,Surabaya,Mass,2011-05-30
1077,Titin Handayani,1989-12-28,Medan,SME,2014-08-21
1078,Eli Hutasoit,1977-05-29,Semarang,SME,2020-07-14
1079,Cut Wulan Prasetya,2003-12-26,Surabaya,Mass,2025-08-10
1080,Ami Saefullah,1988-06-02,Yogyakarta,Mass,2016-02-19
1081,Kawaya Suwarno,1985-07-29,Semarang,Priority,2013-11-25
1082,Purwadi Haryanti,1986-05-12,Jakarta,Mass,2024-08-27
1083,Dr. Pia Melani,2003-08-19,Medan,Mass,2022-11-13
1084,Kemal Latupono,1981-11-02,Medan,Mass,2020-10-24
1085,Vicky Palastri,1979-09-25,Bandung,Mass,2013-09-18
1086,dr. Puput Gunarto M.M.,1972-08-05,Bandung,Mass,2014-09-29
1087,Sutan Irwan Jailani,1987-01-02,Jakarta,Priority,2026-02-02
1088,Yance Yolanda S.H.,1996-05-21,Yogyakarta,Mass,2021-10-12
1089,Ami Hartati,1981-06-23,Bandung,Mass,2020-09-29
1090,Kamaria Irawan,1997-05-19,Jakarta,Mass,2019-12-23
1091,Zelaya Lazuardi,1985-09-22,Bandung,Mass,2023-04-15
1092,KH. Dasa Pranowo M.Farm,1961-10-04,Bandung,Mass,2022-11-02
1093,Kamaria Suryatmi S.Farm,2001-05-18,Medan,SME,2021-05-20
1094,Latif Mandala,2003-06-24,Yogyakarta,Mass,2024-08-16
1095,Sutan Rahmat Putra S.Gz,1996-11-03,Jakarta,Mass,2021-03-09
1096,dr. Patricia Setiawan,1981-02-22,Bandung,Mass,2020-10-20
1097,Drs. Ella Sinaga,1986-12-14,Medan,SME,2013-03-15
1098,Icha Siregar M.Farm,1987-12-15,Medan,Mass,2024-10-17
1099,Zamira Mulyani,1975-05-16,Medan,Mass,2020-03-03
1100,Rahman Kuswoyo S.E.I,1976-12-18,Bandung,Mass,2018-08-24
1101,KH. Hendra Halim S.T.,1983-06-13,Yogyakarta,Mass,2021-04-24
1102,Hj. Dian Mustofa S.H.,1987-02-28,Bandung,Mass,2012-02-28
1103,Narji Sinaga,1986-11-27,Medan,Mass,2010-11-16
1104,R.A. Vanya Wastuti S.Sos,1964-03-06,Yogyakarta,Mass,2020-10-25
1105,Dinda Permata,1984-03-10,Yogyakarta,Priority,2010-01-10
1106,Embuh Utami S.Farm,1978-11-14,Jakarta,Priority,2018-04-23
1107,Mila Hutagalung,1970-04-17,Semarang,Mass,2020-10-24
1108,Putu Iswahyudi S.Sos,1964-05-19,Bandung,Mass,2019-07-18
1109,H. Estiawan Uwais,2000-10-27,Surabaya,Mass,2019-10-01
1110,Nova Simbolon,1978-05-01,Bandung,Mass,2015-10-13
1111,Cut Vicky Iswahyudi,1985-12-04,Jakarta,Mass,2021-09-20
1112,Michelle Usada S.I.Kom,1989-05-12,Yogyakarta,Priority,2014-08-10
1113,Puti Wulan Nasyidah S.Sos,1976-04-01,Bandung,Mass,2012-05-23
1114,Ikhsan Prabowo,1971-05-18,Medan,Mass,2015-11-11
1115,Hasna Sinaga,1987-06-13,Yogyakarta,Mass,2016-03-07
1116,Tgk. Jessica Pudjiastuti M.Farm,1978-07-15,Medan,Mass,2022-05-20
1117,Karya Laksita,1985-01-29,Semarang,Mass,2022-06-12
1118,Tgk. Tugiman Zulaika S.Gz,1985-11-29,Yogyakarta,Mass,2017-09-21
1119,Baktiadi Utami,1998-05-09,Yogyakarta,Mass,2026-01-10
1120,drg. Agus Maheswara S.E.,1980-01-13,Bandung,Mass,2025-09-07
1121,Mutia Adriansyah,1977-12-19,Medan,Mass,2017-08-04
1122,Farah Mustofa,1991-09-15,Bandung,Mass,2011-03-03
1123,Gada Manullang S.T.,1960-03-27,Bandung,Mass,2012-01-17
1124,Marwata Tarihoran,1979-07-13,Jakarta,Mass,2011-12-24
1125,Chelsea Wahyudin,1963-08-04,Jakarta,Priority,2023-08-30
1126,Unggul Yulianti S.E.,1987-07-17,Medan,Mass,2024-09-19
1127,Harto Utami,1962-07-30,Yogyakarta,Mass,2013-12-06
1128,Tari Pradipta,1969-01-17,Medan,Mass,2024-09-25
1129,Safina Iswahyudi,1995-03-02,Medan,Priority,2024-08-08
1130,Cinta Adriansyah S.Kom,1967-08-08,Jakarta,Mass,2025-02-12
1131,Citra Mustofa,1960-01-05,Jakarta,SME,2013-07-13
1132,R.A. Padma Zulaika,1975-11-03,Semarang,Mass,2025-01-07
1133,Ajeng Anggriawan,1983-03-23,Yogyakarta,Priority,2010-05-06
1134,Jasmin Lazuardi S.Farm,1984-08-26,Yogyakarta,SME,2016-05-19
1135,Diah Kuswandari S.Pt,1975-08-13,Surabaya,Mass,2017-10-17
1136,Harjo Irawan,1980-05-25,Medan,Mass,2019-01-23
1137,Yani Jailani S.IP,1978-04-06,Jakarta,Mass,2021-05-10
1138,Kartika Salahudin,1973-03-14,Jakarta,Priority,2017-08-17
1139,Harjaya Mansur,1999-04-20,Medan,Mass,2023-04-27
1140,Murti Megantara S.Pt,2003-05-02,Medan,Mass,2023-06-08
1141,Drs. Adika Suryatmi,1993-12-23,Semarang,Priority,2019-08-01
1142,Catur Farida S.I.Kom,1998-09-01,Semarang,Mass,2016-12-17
1143,Gabriella Utami S.E.I,1977-03-01,Bandung,Priority,2024-03-18
1144,Raisa Handayani,1995-11-22,Semarang,SME,2020-12-16
1145,R.A. Clara Januar S.E.I,1984-01-11,Yogyakarta,SME,2010-03-21
1146,R. Lanjar Winarno S.I.Kom,1972-11-19,Semarang,Priority,2012-02-01
1147,Iriana Mandala,1963-05-30,Bandung,Mass,2022-06-09
1148,Enteng Yuliarti,1969-10-20,Surabaya,Mass,2022-11-13
1149,Drajat Puspasari,2001-09-23,Semarang,Priority,2021-11-05
1150,Ir. Tantri Sudiati,1992-12-27,Surabaya,Mass,2016-05-27
1151,Victoria Dongoran,1997-06-14,Medan,Mass,2018-03-28
1152,Hj. Ilsa Putra M.TI.,1965-05-18,Yogyakarta,SME,2011-10-05
1153,Drs. Fitriani Wijaya,1987-07-14,Medan,SME,2010-02-24
1154,Septi Habibi,1976-08-25,Surabaya,Mass,2023-12-03
1155,KH. Xanana Permadi M.Kom.,1998-12-20,Semarang,Mass,2020-01-14
1156,Carla Permadi,1972-07-27,Bandung,Priority,2018-12-04
1157,Suci Riyanti,1962-06-06,Semarang,Mass,2021-10-16
1158,Karsana Budiman,1961-06-17,Surabaya,Mass,2021-04-09
1159,Jamalia Mustofa,1994-10-21,Semarang,SME,2016-09-16
1160,Zelda Purnawati,1980-08-20,Yogyakarta,Mass,2017-01-29
1161,Karimah Palastri,1969-06-14,Medan,Mass,2018-07-06
1162,Cawuk Halimah S.Pt,1987-06-27,Bandung,Mass,2015-10-29
1163,Langgeng Hidayat,1972-01-31,Medan,Mass,2020-07-28
1164,Eluh Pratama,1982-05-16,Bandung,Mass,2019-07-05
1165,Virman Halim,1976-05-17,Surabaya,Mass,2018-12-26
1166,dr. Jono Suwarno M.TI.,1965-11-18,Yogyakarta,Mass,2022-12-01
1167,dr. Indra Wacana S.Pt,1992-05-01,Bandung,Mass,2016-05-16
1168,Kawaca Nasyiah M.Ak,1968-10-17,Yogyakarta,Mass,2013-04-09
1169,Estiawan Hutasoit,1967-12-03,Semarang,Mass,2019-06-16
1170,Cindy Melani,1983-03-11,Yogyakarta,Mass,2021-12-23
1171,Respati Mangunsong,1973-06-16,Medan,SME,2015-08-18
1172,Tgk. Hartaka Rahmawati,1977-11-14,Yogyakarta,Mass,2012-03-21
1173,Prabowo Yulianti S.Pt,1996-07-03,Semarang,SME,2020-03-12
1174,Tami Fujiati,1980-03-06,Surabaya,Mass,2017-07-04
1175,Zulfa Permadi S.Gz,1985-01-02,Surabaya,Mass,2015-10-13
1176,Bakianto Fujiati,1975-10-01,Medan,Mass,2025-03-30
1177,Jaeman Suryatmi,1989-02-24,Medan,Mass,2024-07-23
1178,Cut Ira Widiastuti,1975-12-06,Yogyakarta,Mass,2017-04-17
1179,Sakura Natsir S.IP,1999-11-27,Semarang,Mass,2018-10-09
1180,Nugraha Mandala,1988-05-02,Bandung,Priority,2013-04-01
1181,Ajeng Marpaung M.Kom.,1978-12-03,Medan,Mass,2024-02-28
1182,Putri Maryati,1963-07-20,Surabaya,Mass,2013-08-20
1183,H. Eka Marbun S.I.Kom,1989-04-16,Yogyakarta,Mass,2016-07-14
1184,Pangestu Santoso,1977-09-27,Semarang,Priority,2016-02-01
1185,Devi Dabukke S.Psi,1993-07-19,Medan,SME,2024-09-12
1186,dr. Empluk Novitasari S.Pt,1967-07-04,Jakarta,Mass,2014-02-15
1187,Tania Permata,1989-09-11,Yogyakarta,Priority,2015-08-24
1188,Bahuwarna Mandasari M.M.,1969-06-12,Semarang,Mass,2013-09-29
1189,Tgk. Asman Mandasari,2002-01-08,Medan,Mass,2025-04-25
1190,Ir. Eli Uwais S.E.,1983-07-03,Jakarta,Mass,2011-11-13
1191,Vera Jailani,1963-10-13,Semarang,Mass,2024-09-08
1192,Hj. Tari Latupono,1993-01-31,Semarang,Priority,2017-06-11
1193,Opung Melani,1983-08-18,Jakarta,Mass,2013-10-29
1194,Artawan Budiman,1998-08-05,Semarang,Mass,2020-03-24
1195,Arsipatra Halimah,2001-12-07,Medan,Mass,2022-12-22
1196,Kiandra Maryadi,1967-12-10,Medan,Mass,2023-04-03
1197,Wadi Firgantoro,1999-05-09,Semarang,Mass,2023-08-31
1198,KH. Vino Yolanda,1983-12-11,Surabaya,Mass,2016-12-11
1199,Genta Sinaga,1996-02-05,Semarang,Mass,2016-02-03
1200,Hamzah Simanjuntak,1971-08-27,Surabaya,Mass,2013-06-29
1201,Yunita Hutagalung,1996-07-29,Surabaya,Mass,2017-08-14
1202,dr. Devi Mardhiyah,1960-05-16,Semarang,SME,2025-06-05
1203,Umay Habibi S.E.,1973-06-09,Semarang,Priority,2010-03-16
1204,Rangga Maryati,1970-05-16,Medan,Mass,2010-03-01
1205,Xanana Wacana,1999-07-28,Semarang,Mass,2023-11-05
1206,Tomi Hastuti,1992-01-26,Semarang,SME,2024-07-17
1207,Tgk. Vicky Saragih S.Psi,1971-10-18,Semarang,Priority,2011-10-11
1208,Kadir Hasanah,1994-04-18,Yogyakarta,Priority,2026-01-13
1209,Gading Pangestu,1989-02-01,Surabaya,Mass,2021-12-06
1210,Padmi Sihombing,1968-03-07,Surabaya,Mass,2013-01-24
1211,Sarah Prasasta M.M.,1987-09-16,Surabaya,Priority,2020-02-27
1212,Rika Lailasari,1968-06-03,Jakarta,Mass,2017-03-11
1213,KH. Daliman Palastri S.H.,1960-12-28,Jakarta,Mass,2014-03-04
1214,Adiarja Wasita,1992-01-30,Yogyakarta,Mass,2019-11-25
1215,Daruna Namaga,1966-10-04,Semarang,Mass,2010-05-01
1216,Siska Anggriawan,1973-12-22,Surabaya,Mass,2021-03-06
1217,Ade Wahyuni,1974-10-24,Bandung,Mass,2011-10-20
1218,Zizi Samosir,1963-03-15,Semarang,Mass,2022-03-08
1219,Danang Nuraini,1996-08-28,Jakarta,Mass,2023-03-15
1220,Hari Lestari,1977-04-05,Bandung,Priority,2019-12-08
1221,Caket Setiawan,1968-12-07,Yogyakarta,Priority,2020-05-03
1222,Artawan Pradipta,1989-11-15,Semarang,Mass,2014-09-04
1223,Drs. Laras Wahyudin M.M.,2001-12-29,Bandung,Priority,2023-08-09
1224,Chelsea Prastuti S.IP,1993-05-28,Medan,Mass,2023-09-20
1225,R.M. Makuta Wijaya,1988-08-22,Bandung,Mass,2016-09-13
1226,Lega Purnawati,1998-09-28,Bandung,SME,2024-03-15
1227,Ibrahim Wijayanti,1988-05-22,Surabaya,Mass,2019-09-27
1228,Dasa Siregar,1986-03-24,Semarang,Priority,2012-09-07
1229,Zizi Sihotang,2003-06-17,Medan,Priority,2021-09-06
1230,dr. Naradi Simbolon S.Psi,1990-11-17,Bandung,Mass,2023-05-17
1231,Humaira Pradipta,1971-02-27,Semarang,Mass,2013-07-15
1232,Warsa Pangestu,1975-03-07,Jakarta,Mass,2024-01-09
1233,Purwadi Padmasari,1966-11-26,Medan,Priority,2025-09-24
1234,Chandra Kurniawan,1981-11-18,Surabaya,SME,2015-03-22
1235,Ihsan Hastuti,1993-12-10,Semarang,Priority,2019-09-20
1236,Laila Lazuardi,1990-12-01,Surabaya,Priority,2018-06-22
1237,Tgk. Yoga Pranowo,2000-04-23,Semarang,Priority,2018-09-27
1238,Ina Hariyah,1984-05-06,Semarang,Mass,2025-08-20
1239,Zulaikha Lazuardi,1984-05-20,Surabaya,Priority,2017-10-19
1240,Candrakanta Sihombing,1998-12-02,Medan,Mass,2023-08-15
1241,Ir. Azalea Pratama S.Psi,1966-12-14,Surabaya,Priority,2020-01-30
1242,Bakijan Prayoga,1976-06-19,Jakarta,Priority,2020-03-08
1243,Lala Mulyani,1977-01-01,Jakarta,Mass,2014-02-28
1244,Murti Salahudin,1994-10-23,Surabaya,Priority,2018-02-25
1245,Yuliana Natsir,2003-05-21,Semarang,Mass,2024-05-23
1246,Wawan Waskita,1982-04-26,Bandung,Mass,2022-05-15
1247,Dr. Puti Pudjiastuti S.H.,1978-05-20,Surabaya,Mass,2024-05-17
1248,Jail Jailani,1989-07-22,Jakarta,SME,2011-07-01
1249,KH. Cahyono Maheswara S.Ked,1968-01-05,Bandung,Mass,2010-09-14
1250,Radika Prasetya,1964-06-05,Medan,Priority,2010-09-18
1251,Dalimin Wacana,1989-07-06,Medan,Priority,2020-12-27
1252,Silvia Usamah,1971-06-25,Surabaya,Mass,2011-02-07
1253,Bakiadi Padmasari M.Farm,1960-08-02,Yogyakarta,Mass,2014-09-06
1254,Yulia Hutagalung,1980-12-29,Jakarta,Mass,2024-05-01
1255,Atmaja Napitupulu,1996-11-15,Yogyakarta,Mass,2023-02-20
1256,Ibun Mahendra S.Pt,1971-12-04,Jakarta,Priority,2021-11-12
1257,dr. Dewi Gunarto M.M.,1963-06-30,Medan,Mass,2014-11-04
1258,Cawisadi Pertiwi,1983-11-06,Bandung,Mass,2018-08-23
1259,Yuni Widodo,1971-02-27,Yogyakarta,SME,2022-10-14
1260,Ana Wibowo,1993-08-09,Semarang,Priority,2024-02-10
1261,Irsad Natsir S.I.Kom,1985-11-11,Yogyakarta,Mass,2018-01-11
1262,Upik Nashiruddin,1979-02-27,Bandung,Priority,2012-05-02
1263,Indah Hassanah,1978-01-05,Surabaya,Priority,2021-04-27
1264,Anom Susanti,1986-11-29,Surabaya,SME,2019-12-09
1265,Ir. Hesti Yuliarti,1974-07-25,Semarang,Priority,2018-05-04
1266,Najwa Zulkarnain,1997-01-21,Surabaya,Mass,2023-03-09
1267,drg. Aswani Irawan,1984-06-22,Semarang,Priority,2014-10-19
1268,Kiandra Mandala,1976-02-24,Semarang,SME,2020-02-24
1269,Farah Yuniar,1992-07-30,Surabaya,Mass,2011-05-05
1270,Dr. Drajat Usamah M.Pd,1966-01-22,Jakarta,Mass,2016-10-08
1271,Dt. Harjaya Tamba M.Kom.,1969-08-20,Jakarta,Priority,2017-01-23
1272,KH. Jayeng Situmorang,2001-03-24,Medan,Mass,2025-06-03
1273,Drs. Janet Wibisono,1966-12-09,Jakarta,Mass,2012-02-12
1274,Elvina Dongoran,1971-11-20,Medan,Mass,2018-03-27
1275,Rina Prasetya,1996-05-19,Jakarta,Mass,2021-02-07
1276,Umar Setiawan,2001-03-04,Yogyakarta,Mass,2021-08-06
1277,Rusman Halimah,1995-07-26,Bandung,Mass,2024-05-16
1278,Tgk. Pranata Padmasari,1996-10-04,Medan,Priority,2016-11-19
1279,Capa Januar,1992-10-12,Semarang,Mass,2023-09-10
1280,Maryadi Permadi,2001-05-08,Surabaya,SME,2023-02-01
1281,Patricia Hakim,1978-09-07,Bandung,Priority,2012-09-14
1282,Sutan Kamal Wibisono S.I.Kom,2001-08-28,Yogyakarta,Priority,2019-10-09
1283,R. Elma Prakasa M.Farm,1962-06-05,Medan,Mass,2016-11-01
1284,Yani Tamba,1985-05-04,Surabaya,Mass,2013-05-10
1285,Cut Tiara Thamrin,1966-11-14,Yogyakarta,Priority,2011-02-18
1286,Ir. Dinda Pratiwi,2003-07-23,Medan,Mass,2024-01-16
1287,Raihan Lailasari,1969-12-17,Surabaya,Priority,2019-09-09
1288,T. Cayadi Lestari,1965-12-05,Jakarta,Mass,2017-07-16
1289,Bakijan Hakim,1984-08-02,Surabaya,Mass,2018-12-15
1290,Luhung Prasetya,1979-06-28,Bandung,Priority,2025-08-26
1291,Karsa Kuswandari,1985-02-01,Semarang,Mass,2014-06-11
1292,Gamblang Susanti,1968-10-17,Medan,SME,2022-08-03
1293,Reksa Mustofa,1971-01-17,Jakarta,Mass,2015-06-09
1294,Tina Nugroho,1974-07-04,Medan,Mass,2025-05-11
1295,Tgk. Asmuni Damanik S.E.I,1978-07-21,Surabaya,Mass,2019-07-02
1296,R. Vicky Kusumo,1975-06-15,Yogyakarta,Mass,2023-04-28
1297,Drs. Zelda Utama S.Pt,1967-08-05,Medan,SME,2017-11-04
1298,Tiara Wijayanti,1987-12-15,Semarang,Mass,2013-04-09
1299,Rini Januar,1968-12-15,Surabaya,Mass,2025-05-16
1300,Ilsa Sinaga,1965-01-15,Bandung,SME,2011-03-23
1301,Candrakanta Fujiati,1998-12-20,Surabaya,Mass,2026-02-25
1302,Ir. Yosef Laksita S.Psi,1973-09-08,Semarang,Mass,2020-02-04
1303,Nugraha Purwanti,1993-03-12,Bandung,Mass,2023-04-01
1304,Raisa Tamba S.H.,1993-08-28,Medan,Mass,2017-06-11
1305,Lanjar Natsir S.Sos,1991-03-07,Yogyakarta,Mass,2025-09-03
1306,Uchita Sihombing,2000-08-22,Medan,Mass,2026-01-25
1307,Cecep Adriansyah,1962-09-11,Bandung,Priority,2016-05-15
1308,Queen Wijaya M.Farm,1972-03-02,Semarang,Priority,2011-03-11
1309,Cemplunk Suartini,1962-12-27,Yogyakarta,Mass,2018-09-19
1310,Yessi Suryatmi,1976-02-27,Jakarta,Mass,2012-06-02
1311,Manah Pratiwi,1977-05-03,Semarang,Mass,2015-03-09
1312,Waluyo Mandasari,2000-07-18,Semarang,SME,2022-01-26
1313,Gamblang Hutagalung,1963-12-13,Bandung,Mass,2014-03-08
1314,Ganjaran Simanjuntak,1985-02-24,Jakarta,Mass,2025-12-24
1315,Makara Irawan,1973-09-04,Semarang,Mass,2017-06-25
1316,Hj. Suci Sitorus M.M.,1960-10-28,Yogyakarta,Mass,2017-10-11
1317,Eman Pranowo,1973-07-24,Medan,Mass,2015-04-19
1318,Mustofa Hidayat,1988-01-26,Semarang,SME,2015-10-12
1319,Hamima Kurniawan,2002-05-08,Bandung,Mass,2023-06-24
1320,Ade Hardiansyah S.Sos,1989-06-20,Jakarta,Priority,2013-01-29
1321,Uchita Andriani,2003-02-02,Medan,SME,2024-11-16
1322,Tasdik Zulkarnain,1970-03-15,Bandung,Mass,2019-05-12
1323,Keisha Tampubolon,2003-07-15,Medan,Mass,2023-04-10
1324,dr. Baktianto Kuswandari,1965-11-28,Yogyakarta,Mass,2014-08-21
1325,Drs. Martana Prasetyo S.E.,1990-09-07,Bandung,Mass,2014-07-16
1326,Belinda Firmansyah,2000-10-19,Semarang,SME,2020-04-20
1327,Ayu Simanjuntak,1989-06-08,Bandung,Mass,2022-09-02
1328,Ciaobella Hidayanto,1983-11-28,Jakarta,Mass,2026-02-19
1329,Ella Waluyo,1992-08-12,Surabaya,SME,2011-04-06
1330,Opan Hutagalung,2003-02-12,Surabaya,Mass,2023-05-30
1331,R. Gandi Riyanti,2001-11-11,Bandung,Priority,2022-12-02
1332,Dr. Tiara Dabukke,1965-11-25,Jakarta,Priority,2014-02-22
1333,Safina Marbun,1987-09-04,Medan,Mass,2015-12-27
1334,drg. Endah Habibi,1986-10-01,Bandung,Priority,2015-03-18
1335,Gamblang Putra,1963-07-26,Semarang,Mass,2025-06-08
1336,Hasan Puspasari,1981-01-10,Yogyakarta,Mass,2025-12-20
1337,Titi Namaga S.T.,1982-01-16,Bandung,Mass,2020-08-17
1338,Eko Salahudin S.H.,1961-06-12,Jakarta,SME,2019-03-02
1339,Asirwanda Wijaya,1969-12-25,Bandung,Priority,2025-01-21
1340,Drs. Zaenab Lestari,1967-12-11,Medan,Mass,2019-11-08
1341,Asmadi Tarihoran,1998-11-18,Bandung,Mass,2021-12-31
1342,Irsad Irawan,1987-04-09,Yogyakarta,Mass,2018-07-14
1343,Yuni Wijayanti,2002-02-15,Medan,Priority,2026-02-15
1344,Limar Kuswandari S.Kom,1983-05-10,Semarang,Mass,2012-06-14
1345,Akarsana Putra,1999-05-17,Medan,Mass,2020-02-12
1346,Makuta Siregar,1985-01-06,Medan,Priority,2018-09-09
1347,Jasmani Latupono,1968-07-07,Semarang,Mass,2016-07-13
1348,Violet Widodo,1994-09-14,Semarang,Mass,2019-02-07
1349,Nurul Wijayanti,1987-07-03,Yogyakarta,Mass,2011-03-23
1350,Cornelia Yuniar,1980-10-17,Semarang,Mass,2024-06-28
1351,dr. Cengkal Uwais,1965-01-28,Medan,SME,2014-01-12
1352,Kartika Nashiruddin,1966-01-25,Semarang,Mass,2018-10-26
1353,Aurora Saptono,1968-01-09,Medan,SME,2020-03-05
1354,Nadia Saptono,1999-08-03,Jakarta,Mass,2022-09-03
1355,Raihan Santoso,2000-09-09,Yogyakarta,Priority,2020-07-07
1356,Cut Eka Widiastuti,1965-02-13,Semarang,Priority,2025-11-03
1357,Bakiadi Winarsih,1983-07-01,Semarang,Priority,2025-11-12
1358,Yani Namaga,1987-06-16,Semarang,Mass,2013-08-02
1359,Usyi Rahmawati,1994-06-18,Surabaya,Mass,2016-04-12
1360,Kadir Halim,1998-09-12,Bandung,SME,2018-05-14
1361,drg. Yuliana Nurdiyanti S.Farm,1994-07-02,Semarang,Mass,2013-08-21
1362,Ir. Sakti Kusmawati,1972-12-14,Bandung,Mass,2024-01-19
1363,R.A. Nabila Salahudin,2003-01-30,Jakarta,Priority,2022-03-16
1364,Harto Firmansyah,1960-07-19,Semarang,SME,2020-04-15
1365,Drs. Umay Maryati,1960-04-04,Semarang,Mass,2023-08-21
1366,Drs. Murti Safitri S.E.I,1989-07-31,Semarang,Mass,2020-09-02
1367,Wasis Hassanah,1986-12-20,Jakarta,Mass,2023-06-18
1368,Warta Marbun,1972-06-22,Yogyakarta,Mass,2023-11-26
1369,Respati Nababan,1962-03-12,Bandung,Mass,2014-02-23
1370,Artanto Anggraini,1961-08-24,Jakarta,Priority,2013-04-05
1371,Mahmud Fujiati,1973-05-21,Jakarta,Mass,2017-06-05
1372,Ridwan Utami,1967-12-30,Yogyakarta,Mass,2013-08-14
1373,Rafid Riyanti,1991-01-07,Medan,Mass,2025-09-12
1374,Jamalia Hidayat,1967-12-16,Yogyakarta,Mass,2020-03-19
1375,Harsanto Puspita,1964-03-05,Surabaya,Mass,2016-09-17
1376,Puspa Simbolon,1996-10-17,Semarang,SME,2016-04-19
1377,Tgk. Putri Haryanti S.Ked,1973-02-18,Bandung,Mass,2020-07-23
1378,H. Leo Rahmawati M.TI.,1974-10-07,Semarang,Mass,2021-10-27
1379,dr. Balidin Agustina S.E.I,1987-06-15,Jakarta,Mass,2011-04-22
1380,Kasim Rahmawati,1983-09-23,Semarang,Priority,2011-12-20
1381,Puti Cici Pratiwi,2001-11-21,Semarang,Mass,2023-02-05
1382,R. Panji Suwarno M.Pd,1971-08-25,Medan,SME,2021-10-14
1383,Laras Saptono,2001-08-02,Medan,Mass,2021-01-10
1384,Safina Laksita,1992-09-15,Semarang,Mass,2024-11-12
1385,Ir. Nabila Firgantoro,1999-08-21,Bandung,Priority,2024-06-16
1386,Enteng Waskita,1960-01-26,Jakarta,Mass,2012-08-26
1387,Lasmanto Sudiati,1993-01-29,Medan,SME,2015-09-19
1388,Marsito Wacana S.Gz,1962-01-15,Surabaya,Mass,2017-06-27
1389,Julia Prakasa,1969-07-10,Yogyakarta,Mass,2010-04-03
1390,Panca Kusmawati,1971-05-31,Surabaya,Mass,2011-07-10
1391,Kasiyah Damanik,1974-07-13,Jakarta,Priority,2010-02-20
1392,Yuliana Sihombing,1977-10-06,Medan,SME,2022-10-05
1393,Indah Lestari,1968-09-13,Surabaya,SME,2017-05-31
1394,Hj. Cinthia Pradana S.E.I,2001-02-04,Jakarta,Priority,2024-05-27
1395,Uli Handayani,1966-12-20,Semarang,SME,2024-01-26
1396,Tgk. Embuh Agustina M.Ak,2000-03-09,Semarang,Priority,2021-12-06
1397,Bakidin Nainggolan M.M.,2001-08-13,Medan,Mass,2020-03-25
1398,Vino Wasita,1974-02-25,Medan,Mass,2022-06-15
1399,Nova Maryati S.I.Kom,1990-10-01,Surabaya,Mass,2017-06-10
1400,Cut Oliva Manullang S.Pt,1972-07-31,Surabaya,SME,2010-09-13
1401,Titin Mayasari,1983-12-19,Medan,Mass,2013-09-21
1402,Diana Novitasari,1986-09-12,Surabaya,Priority,2012-08-15
1403,Cut Ellis Nababan,1991-11-04,Surabaya,Mass,2010-09-17
1404,R.A. Zalindra Hakim S.H.,1999-05-05,Surabaya,Mass,2019-12-29
1405,Jaga Hardiansyah,1969-09-11,Surabaya,Mass,2021-10-11
1406,Tiara Napitupulu,1961-09-04,Jakarta,Mass,2014-07-14
1407,Kartika Hariyah,1995-11-04,Medan,Mass,2024-08-26
1408,dr. Makara Maheswara,2001-06-06,Yogyakarta,SME,2024-11-02
1409,Among Permadi S.I.Kom,1994-10-15,Bandung,Priority,2020-02-12
1410,Rina Hassanah,1996-11-16,Bandung,Priority,2017-11-03
1411,Yosef Kusmawati,1977-05-21,Medan,Mass,2026-01-03
1412,Drs. Kamaria Situmorang,2001-10-27,Yogyakarta,SME,2020-04-20
1413,Raihan Rajata,1974-12-13,Jakarta,Mass,2020-06-21
1414,Yance Iswahyudi S.Pd,1993-06-11,Jakarta,Mass,2018-06-09
1415,Harsana Hardiansyah,1988-08-27,Surabaya,Mass,2014-09-16
1416,Sabar Pertiwi,1972-05-29,Surabaya,Priority,2021-12-09
1417,Sutan Sabri Prasetya S.H.,1965-04-11,Bandung,Mass,2016-02-12
1418,Danang Santoso S.Farm,1960-09-06,Medan,Mass,2023-12-22
1419,Dt. Saka Zulaika,1984-05-02,Medan,Mass,2017-11-09
1420,Jasmani Mustofa,2002-04-24,Medan,Mass,2023-06-23
1421,Cawuk Rahimah S.Ked,1973-12-19,Surabaya,Mass,2023-10-03
1422,Dono Sudiati,1965-11-01,Semarang,SME,2010-08-26
1423,T. Narji Yuniar S.T.,1964-10-01,Jakarta,Mass,2018-08-09
1424,Keisha Tampubolon,1968-01-11,Medan,SME,2025-10-21
1425,Hafshah Pratama,1997-07-04,Yogyakarta,Mass,2023-03-26
1426,Ilsa Wastuti,1974-01-06,Bandung,Priority,2017-06-15
1427,Drs. Hasta Padmasari,1996-04-20,Semarang,Mass,2016-01-19
1428,Adiarja Melani,1996-06-17,Jakarta,Mass,2024-12-13
1429,Saiful Wahyudin M.Pd,1988-11-27,Semarang,Mass,2025-12-06
1430,Legawa Sudiati S.Pd,1966-06-12,Surabaya,SME,2023-11-02
1431,Silvia Kurniawan,1968-03-23,Yogyakarta,Mass,2025-09-10
1432,Bella Sirait,1980-05-01,Jakarta,Mass,2020-12-07
1433,Suci Simbolon,1975-10-07,Semarang,SME,2020-09-26
1434,Tgk. Hana Yolanda S.Pd,1994-06-12,Medan,Mass,2020-04-01
1435,Cakrawala Maryati,1964-08-13,Yogyakarta,Priority,2019-02-06
1436,Sutan Uda Hakim M.Ak,1984-12-11,Jakarta,Priority,2024-07-26
1437,Salimah Simanjuntak,1980-09-04,Medan,Mass,2018-12-28
1438,Cahyono Dongoran M.Kom.,1970-12-06,Bandung,SME,2022-04-16
1439,Hana Andriani,1962-12-18,Bandung,Priority,2017-08-23
1440,Kayla Firgantoro,1979-05-04,Medan,Priority,2019-10-07
1441,Ir. Yulia Nainggolan,1991-02-19,Bandung,Priority,2015-04-19
1442,Tari Prasetya,1993-03-01,Semarang,Mass,2024-01-11
1443,Kasusra Uyainah M.Kom.,1980-10-06,Medan,Mass,2017-04-19
1444,Gatot Mayasari S.Pd,1967-11-26,Semarang,Mass,2016-11-28
1445,R. Zaenab Wahyuni M.Pd,1990-10-01,Semarang,Mass,2023-05-18
1446,Emil Kuswoyo,1989-08-12,Jakarta,Mass,2011-05-19
1447,Dian Rajata,1999-10-19,Yogyakarta,Priority,2024-04-18
1448,Yani Purwanti S.E.,1989-08-23,Semarang,Mass,2013-05-07
1449,Uda Sitorus S.Pt,1987-08-12,Semarang,Mass,2022-12-18
1450,Garang Prasetyo,1999-05-11,Surabaya,Mass,2020-11-22
1451,Ina Andriani S.Psi,1973-08-29,Yogyakarta,SME,2019-10-02
1452,Hana Padmasari,1964-01-02,Jakarta,Mass,2023-01-26
1453,Malika Lazuardi,1978-02-17,Surabaya,Mass,2012-11-10
1454,Anastasia Usada,2003-06-02,Jakarta,Priority,2021-09-13
1455,Ir. Raina Hidayanto,1964-12-02,Jakarta,Mass,2016-04-30
1456,Febi Mardhiyah,1977-09-07,Surabaya,Priority,2024-01-09
1457,Taswir Zulaika,1977-02-11,Medan,Mass,2019-10-06
1458,Paris Salahudin,1981-04-20,Bandung,Mass,2013-02-13
1459,Anastasia Maryadi,1997-09-04,Bandung,Mass,2020-05-04
1460,Daliono Siregar,1965-08-18,Jakarta,Mass,2013-01-05
1461,Qori Haryanti,1966-06-17,Semarang,Priority,2026-03-07
1462,Galih Najmudin,1963-10-19,Yogyakarta,Priority,2013-01-29
1463,R. Jinawi Sitorus S.E.,2000-01-31,Medan,SME,2025-11-13
1464,Siska Hakim,1968-01-24,Medan,Mass,2020-03-11
1465,Jabal Saefullah,1977-04-04,Bandung,Mass,2017-12-20
1466,Prabawa Narpati,1960-05-01,Semarang,SME,2022-12-18
1467,R. Nurul Irawan,1991-12-11,Surabaya,Mass,2021-04-03
1468,Luwes Fujiati,1985-11-07,Jakarta,SME,2018-03-26
1469,Ikhsan Waskita S.Farm,1981-09-04,Surabaya,Mass,2025-10-23
1470,Kiandra Ardianto,2003-02-21,Jakarta,Mass,2024-12-31
1471,Kasusra Pangestu,1998-07-19,Surabaya,Mass,2024-12-13
1472,Kasiyah Budiman S.Psi,1983-06-23,Jakarta,Mass,2023-09-07
1473,Dr. Dadap Budiyanto S.Ked,1993-04-08,Yogyakarta,Mass,2026-02-21
1474,Oskar Prayoga S.H.,1984-03-09,Surabaya,Mass,2023-01-01
1475,Jelita Saragih S.E.I,1983-12-31,Semarang,Mass,2010-03-30
1476,Harjo Mardhiyah,1985-09-29,Semarang,Mass,2017-06-08
1477,Tgk. Eli Haryanto,1972-12-21,Jakarta,Priority,2013-10-04
1478,Cut Ifa Siregar M.M.,1993-08-13,Yogyakarta,Priority,2018-06-03
1479,Putri Riyanti M.TI.,1962-10-03,Semarang,Mass,2024-02-12
1480,Maya Mansur,1962-04-25,Surabaya,Priority,2024-09-20
1481,Nurul Tamba,1961-03-23,Semarang,Mass,2016-06-07
1482,Sutan Catur Waskita S.Ked,1963-06-13,Surabaya,Mass,2016-03-26
1483,Darmana Mustofa,1972-05-06,Jakarta,Priority,2015-10-06
1484,Oskar Damanik,1967-10-31,Yogyakarta,Mass,2023-04-10
1485,Drs. Ella Maheswara,1976-08-02,Surabaya,Priority,2013-12-07
1486,Tania Yulianti,1981-10-01,Medan,SME,2014-01-21
1487,Dt. Harimurti Uyainah S.T.,1963-10-14,Medan,SME,2013-04-03
1488,Dr. Leo Hardiansyah M.Ak,1997-07-28,Semarang,Priority,2021-02-13
1489,Mitra Kurniawan,1989-08-20,Yogyakarta,Priority,2019-11-15
1490,Raihan Damanik S.Gz,1985-11-30,Jakarta,Priority,2017-09-27
1491,Calista Agustina M.M.,1962-05-10,Semarang,Mass,2013-10-04
1492,Dewi Pudjiastuti,1981-05-13,Bandung,Mass,2021-12-11
1493,Nabila Mangunsong,1981-04-15,Bandung,Mass,2015-11-22
1494,Marsito Usamah,1960-07-13,Semarang,Mass,2016-06-23
1495,Gada Andriani,2003-02-21,Yogyakarta,SME,2024-02-06
1496,Baktianto Wijayanti M.TI.,2001-03-01,Yogyakarta,Mass,2025-02-09
1497,Sarah Sudiati,1987-05-21,Surabaya,Mass,2024-08-16
1498,Dina Andriani S.IP,1995-12-28,Surabaya,Priority,2016-03-07
1499,H. Lasmanto Lazuardi,1980-09-06,Yogyakarta,Mass,2025-02-22
1500,Calista Kurniawan,1986-05-29,Medan,Mass,2014-05-16
1501,Faizah Sudiati,1974-01-19,Jakarta,Priority,2022-04-14
1502,Prayogo Saptono,1960-07-14,Jakarta,Mass,2019-03-23
1503,Drs. Farah Tamba S.Farm,1980-01-02,Bandung,Priority,2017-11-19
1504,Elisa Gunarto,1968-08-29,Jakarta,Mass,2010-10-06
1505,drg. Viktor Pranowo,2002-02-05,Medan,Priority,2022-07-08
1506,Novi Sitompul S.H.,1963-11-16,Bandung,Mass,2023-07-25
1507,Adinata Winarsih,1985-05-23,Jakarta,Priority,2014-02-22
1508,Umaya Kusumo,1980-12-11,Jakarta,Priority,2024-10-24
1509,Ir. Salsabila Lailasari S.E.I,1994-07-06,Yogyakarta,SME,2022-01-27
1510,Purwadi Melani,1971-07-18,Jakarta,Mass,2013-08-19
1511,Nyoman Januar,1977-03-03,Surabaya,SME,2018-09-19
1512,Syahrini Pradipta,2002-11-12,Surabaya,Mass,2025-05-29
1513,Ida Saptono,1982-01-21,Medan,Mass,2014-07-02
1514,Alika Januar,1982-01-26,Bandung,Mass,2012-06-07
1515,R. Azalea Siregar S.I.Kom,1969-10-18,Yogyakarta,Mass,2023-10-09
1516,Ir. Galar Aryani S.IP,1992-02-03,Jakarta,Mass,2015-11-20
1517,Soleh Gunawan,1985-08-17,Semarang,Mass,2015-08-15
1518,Simon Mandala,1966-09-04,Yogyakarta,Mass,2024-08-23
1519,Marsudi Narpati S.Psi,1989-10-23,Surabaya,Mass,2018-10-04
1520,Maida Oktaviani,2000-07-30,Medan,Mass,2022-12-14
1521,Uchita Iswahyudi,1981-06-12,Semarang,SME,2019-10-13
1522,Yulia Siregar,1984-03-24,Jakarta,Mass,2015-01-25
1523,Balijan Wacana,1965-06-08,Medan,SME,2022-09-21
1524,Mutia Saputra,1974-12-16,Surabaya,Mass,2025-04-17
1525,drg. Shakila Kuswandari S.Farm,2003-01-04,Jakarta,Mass,2024-08-16
1526,Timbul Marbun S.IP,1963-08-11,Surabaya,Priority,2020-04-23
1527,Mursinin Halim,1984-11-14,Semarang,Priority,2010-11-19
1528,R. Ciaobella Agustina M.Farm,1977-07-01,Yogyakarta,Priority,2012-05-24
1529,Wani Purnawati,1963-10-22,Semarang,Priority,2024-03-11
1530,Ismail Najmudin M.Ak,1961-08-07,Jakarta,Priority,2014-05-01
1531,Victoria Tamba,1970-09-12,Semarang,Mass,2020-12-21
1532,Cut Zelda Mustofa,1988-11-10,Semarang,Mass,2016-11-25
1533,Nova Kusumo,2003-05-11,Jakarta,Mass,2021-06-08
1534,Maida Gunawan,1995-05-03,Semarang,Mass,2014-04-13
1535,Elon Yolanda,1989-12-07,Semarang,SME,2021-09-25
1536,Amalia Wastuti,1966-09-06,Bandung,SME,2022-12-30
1537,KH. Paiman Permata,1992-12-27,Semarang,Priority,2014-02-24
1538,Padmi Prasetyo S.Psi,2000-09-10,Jakarta,Mass,2025-08-12
1539,Dr. Malik Safitri,1965-11-08,Bandung,Priority,2010-04-28
1540,Ian Wijayanti,1996-10-24,Semarang,Mass,2016-12-25
1541,Hilda Laksmiwati S.I.Kom,1962-11-13,Jakarta,Mass,2012-05-21
1542,Murti Yuniar S.Sos,1969-11-22,Bandung,Mass,2011-06-01
1543,Salman Puspita,1978-01-12,Jakarta,SME,2017-04-10
1544,Cut Ajeng Yuniar,1984-06-26,Surabaya,SME,2013-01-30
1545,Johan Halimah,1994-04-13,Medan,Mass,2013-04-16
1546,Dr. Eli Hutagalung M.Kom.,1965-06-01,Bandung,Priority,2016-02-22
1547,Halima Sitompul,1991-03-27,Medan,Mass,2018-04-19
1548,Alika Mayasari,2001-07-10,Jakarta,Mass,2026-01-13
1549,Kunthara Yuniar,1987-06-22,Bandung,Mass,2018-06-09
1550,Latika Prakasa,1963-08-15,Jakarta,Mass,2010-02-22
1551,Jagaraga Handayani,1991-09-14,Medan,SME,2024-08-14
1552,Drs. Ikin Irawan M.Kom.,1991-02-09,Yogyakarta,Mass,2020-09-04
1553,Iriana Lazuardi,1988-09-12,Medan,Mass,2016-01-29
1554,Uli Yolanda,2002-01-29,Medan,Priority,2022-01-08
1555,Baktiono Waskita,1968-01-28,Semarang,Mass,2026-02-01
1556,Ani Puspita,1988-02-18,Surabaya,Mass,2016-10-03
1557,Dt. Rudi Iswahyudi,1970-07-27,Jakarta,SME,2014-04-22
1558,Drs. Yoga Safitri S.Pd,1987-10-06,Medan,Mass,2018-02-12
1559,Dr. Danang Yolanda,1994-07-22,Surabaya,Mass,2017-03-17
1560,Jaga Siregar S.I.Kom,1995-09-25,Yogyakarta,SME,2017-01-24
1561,Cut Yuliana Prasetyo M.M.,1982-04-26,Bandung,Priority,2013-12-15
1562,Putri Safitri,1962-06-04,Surabaya,Mass,2024-06-18
1563,Dr. Tina Wahyuni,1971-04-11,Medan,Priority,2017-07-01
1564,Tina Hartati,1961-12-10,Yogyakarta,Mass,2012-05-05
1565,Bakti Wahyuni,1967-11-21,Jakarta,Mass,2013-07-18
1566,Ade Siregar,1963-03-06,Yogyakarta,Mass,2015-04-12
1567,Yance Usada,1974-08-15,Bandung,Priority,2019-05-26
1568,T. Kuncara Nurdiyanti S.I.Kom,1970-04-27,Surabaya,Mass,2012-06-21
1569,Cici Gunawan S.E.,1993-02-03,Bandung,Mass,2020-05-01
1570,Dina Wasita,1963-04-19,Medan,Mass,2020-07-25
1571,Dodo Suryatmi,1966-07-02,Medan,Mass,2014-11-06
1572,Dacin Lazuardi,1976-10-02,Semarang,Priority,2013-01-22
1573,drg. Gasti Haryanti S.Kom,1976-02-01,Bandung,Mass,2016-01-19
1574,Jessica Kurniawan S.Farm,1991-01-19,Jakarta,Mass,2022-10-03
1575,Wira Usada,1998-03-15,Semarang,Mass,2021-05-29
1576,Hj. Rini Maheswara M.M.,1969-11-11,Medan,Mass,2016-08-14
1577,Sakura Rahmawati,2002-09-27,Bandung,Mass,2024-02-26
1578,R.M. Yoga Mandasari,1998-05-09,Jakarta,Mass,2018-11-30
1579,Karta Hardiansyah,1981-12-11,Medan,Mass,2014-11-09
1580,dr. Salman Padmasari,1972-07-09,Yogyakarta,Mass,2010-04-29
1581,Oni Nugroho,1971-02-12,Semarang,Mass,2017-05-05
1582,Ratna Natsir S.E.I,2002-06-12,Medan,SME,2022-02-07
1583,Harsanto Wahyuni,2003-12-20,Jakarta,SME,2022-03-15
1584,Ir. Janet Mayasari,1961-07-04,Medan,Mass,2019-07-20
1585,Lili Sudiati,1980-04-17,Bandung,Mass,2021-02-09
1586,Vanesa Prayoga S.T.,1991-02-03,Bandung,Mass,2019-02-14
1587,Jasmin Sihombing,1970-09-21,Jakarta,Mass,2024-07-11
1588,Yani Mansur,1973-09-03,Yogyakarta,Mass,2013-08-18
1589,Hendri Suartini,1993-07-09,Jakarta,SME,2024-08-06
1590,Ulva Mulyani S.Pd,1994-08-15,Yogyakarta,Mass,2015-09-19
1591,Drs. Zelda Sihotang M.Pd,1988-02-12,Yogyakarta,Priority,2020-05-31
1592,Darimin Pangestu S.Kom,1963-03-04,Yogyakarta,Mass,2018-08-19
1593,Tgk. Silvia Situmorang,1973-04-21,Surabaya,Priority,2019-07-21
1594,Cahyadi Yulianti S.E.,1984-05-01,Bandung,Priority,2022-11-26
1595,Dr. Marsito Uyainah,1987-10-31,Yogyakarta,SME,2017-07-13
1596,Titin Latupono,2002-05-28,Jakarta,Mass,2024-06-21
1597,Tgk. Kanda Kuswandari M.Farm,1980-11-15,Jakarta,Mass,2023-11-20
1598,Hj. Titin Agustina,1989-01-27,Yogyakarta,Mass,2022-07-14
1599,Pangeran Nasyidah S.Pd,1975-01-09,Medan,Mass,2015-05-09
1600,drg. Yani Budiman M.TI.,1993-01-28,Yogyakarta,Mass,2024-01-28
1601,Ajiono Wibowo,1974-05-17,Surabaya,Mass,2017-11-29
1602,Asmadi Winarsih,1972-06-06,Jakarta,Mass,2011-03-23
1603,Daliono Santoso,1981-10-23,Medan,SME,2021-03-31
1604,KH. Caraka Suwarno S.T.,1991-11-03,Yogyakarta,SME,2021-12-06
1605,Salman Halim,1980-04-10,Surabaya,Priority,2023-12-05
1606,Violet Sihombing S.Kom,1968-06-12,Jakarta,Mass,2020-04-08
1607,Dr. Anggabaya Tamba M.M.,1972-12-07,Jakarta,Mass,2011-09-23
1608,Latif Wulandari,1991-04-08,Semarang,Mass,2013-04-27
1609,Putri Prasetyo M.Pd,1983-05-10,Jakarta,Mass,2024-01-26
1610,Gilda Melani,1984-04-14,Semarang,Mass,2012-12-17
1611,KH. Raditya Suwarno S.Gz,1993-02-02,Jakarta,Mass,2025-07-15
1612,Kayla Agustina,1960-12-27,Medan,Priority,2015-03-19
1613,Ir. Galar Puspasari S.Gz,1985-12-16,Yogyakarta,Priority,2017-09-09
1614,Paiman Ramadan,1981-10-22,Yogyakarta,Priority,2023-04-23
1615,Lukman Handayani,1979-12-22,Surabaya,Mass,2020-04-09
1616,R.A. Siska Yuliarti S.I.Kom,1967-09-14,Bandung,Mass,2015-10-31
1617,Drs. Kenes Suartini S.Kom,1994-07-12,Bandung,Mass,2013-07-29
1618,H. Yoga Nababan S.Pd,2002-11-22,Medan,SME,2021-10-23
1619,Elma Zulaika,1972-10-17,Bandung,SME,2014-02-02
1620,Cengkir Natsir,1995-08-21,Bandung,Mass,2017-01-24
1621,Oliva Lazuardi S.Sos,1974-03-15,Bandung,Mass,2022-11-20
1622,Ikhsan Setiawan,1968-04-10,Medan,Priority,2014-08-08
1623,T. Cager Marpaung,2003-11-14,Bandung,Mass,2023-10-14
1624,Tgk. Agnes Sitompul,2003-10-04,Medan,Mass,2022-08-27
1625,Titin Mangunsong,1978-02-23,Bandung,SME,2021-03-15
1626,Candra Sinaga,1966-12-31,Yogyakarta,Mass,2010-02-05
1627,Cut Vicky Utami,1974-11-10,Yogyakarta,Mass,2024-07-08
1628,Hj. Ilsa Lestari,2003-06-30,Medan,Priority,2025-09-16
1629,Drs. Kunthara Tamba S.Pt,1992-09-05,Surabaya,Priority,2020-07-31
1630,H. Galiono Novitasari S.H.,2000-05-18,Bandung,Priority,2018-10-25
1631,Karma Hidayat,1973-10-26,Semarang,Mass,2010-07-23
1632,Dr. Capa Agustina M.Pd,1980-01-02,Jakarta,Mass,2018-01-06
1633,dr. Bakiman Tampubolon,1988-10-07,Medan,Mass,2014-05-18
1634,Tasdik Prabowo,1968-10-11,Jakarta,Mass,2010-07-04
1635,Gamblang Sitompul S.I.Kom,1990-05-16,Jakarta,SME,2025-01-23
1636,Gasti Safitri,1968-09-20,Surabaya,Mass,2020-12-31
1637,drg. Kanda Yulianti,2002-04-26,Yogyakarta,Mass,2020-12-06
1638,Balijan Winarsih,1992-02-12,Surabaya,Mass,2019-09-11
1639,Melinda Permadi,1972-10-07,Surabaya,Mass,2017-09-26
1640,Luwes Oktaviani S.H.,1985-03-01,Bandung,Priority,2011-12-19
1641,Mahmud Sinaga,1993-04-06,Semarang,Mass,2020-07-27
1642,Wulan Latupono,1992-09-06,Bandung,SME,2019-12-17
1643,Hamima Namaga,1963-11-11,Bandung,Mass,2013-03-22
1644,Intan Dongoran M.TI.,1975-01-17,Medan,Priority,2011-06-26
1645,dr. Oliva Melani M.M.,1960-04-18,Yogyakarta,SME,2019-03-09
1646,Aurora Sihombing,1967-11-05,Semarang,Priority,2022-06-20
1647,Dadi Sinaga M.TI.,1968-12-08,Semarang,Mass,2014-03-04
1648,Warta Kuswoyo,1961-11-22,Medan,Mass,2016-10-09
1649,Yahya Nasyiah,1993-03-09,Bandung,Mass,2021-07-26
1650,Dt. Luis Haryanto,1966-11-28,Surabaya,SME,2015-11-22
1651,Mumpuni Usamah,1981-03-13,Yogyakarta,Priority,2012-10-14
1652,Sutan Saka Anggraini S.IP,1978-09-17,Semarang,SME,2014-01-09
1653,Kawaya Fujiati,1970-12-23,Jakarta,Priority,2010-08-22
1654,Rendy Hidayanto S.E.I,2003-07-16,Medan,Priority,2021-11-24
1655,Jagaraga Sitompul,1981-07-21,Semarang,SME,2022-09-08
1656,Bakianto Hidayanto,1990-10-07,Yogyakarta,Priority,2020-09-04
1657,Cemani Ramadan,1982-12-28,Jakarta,SME,2022-11-26
1658,R. Kamal Pradana,1986-02-02,Bandung,Mass,2011-04-25
1659,Laila Wibisono,1976-01-12,Jakarta,Mass,2013-08-30
1660,Siti Waskita,1988-07-16,Jakarta,Mass,2017-12-26
1661,Iriana Budiyanto,1988-08-29,Medan,Mass,2011-09-22
1662,Samiah Lazuardi,1994-04-20,Medan,Priority,2014-05-29
1663,Dt. Maras Safitri,1974-06-21,Yogyakarta,Priority,2017-02-03
1664,Praba Padmasari,1990-09-30,Yogyakarta,Mass,2025-08-27
1665,Naradi Hidayanto,1986-01-07,Bandung,Mass,2017-11-20
1666,Olivia Kurniawan,1972-08-15,Semarang,Mass,2018-05-14
1667,Winda Sihombing,1964-08-05,Bandung,Mass,2014-11-20
1668,Puti Intan Farida,1995-09-01,Medan,Priority,2026-03-08
1669,Lala Wijayanti,1997-12-14,Yogyakarta,Mass,2021-11-27
1670,Jasmani Manullang,1978-09-20,Jakarta,Mass,2020-04-30
1671,Sutan Cahya Wijaya,2001-06-03,Semarang,Mass,2019-08-09
1672,KH. Samsul Palastri S.Pd,1966-03-27,Medan,Mass,2019-11-30
1673,Cakrabirawa Salahudin S.I.Kom,1967-09-22,Surabaya,Mass,2025-12-03
1674,Kadir Puspita,1969-12-22,Yogyakarta,Mass,2012-11-20
1675,Bancar Gunarto,1973-10-15,Bandung,Mass,2012-10-23
1676,Kemal Riyanti,1979-01-21,Jakarta,Mass,2025-06-30
1677,Paulin Pudjiastuti,1993-12-21,Jakarta,Mass,2021-08-18
1678,Gaduh Pranowo,1995-07-29,Medan,Mass,2025-01-28
1679,Ulya Situmorang S.Kom,2000-10-02,Jakarta,Mass,2021-07-30
1680,Septi Mulyani,2002-03-16,Jakarta,SME,2021-04-10
1681,Caraka Nashiruddin,1986-05-11,Bandung,Priority,2014-06-27
1682,Latif Ramadan,1964-01-27,Yogyakarta,SME,2013-04-07
1683,Balijan Najmudin,1975-08-08,Bandung,SME,2017-11-25
1684,Raharja Purnawati S.Gz,1970-11-06,Medan,Mass,2021-04-29
1685,Drs. Malika Yuliarti M.Pd,1994-03-27,Medan,Mass,2012-07-14
1686,Elvin Winarsih,2003-04-03,Bandung,SME,2022-10-27
1687,Dwi Januar,1960-03-11,Bandung,SME,2012-03-19
1688,Olga Prastuti,1976-06-09,Medan,Mass,2025-08-29
1689,Julia Tamba,2002-12-17,Bandung,SME,2021-07-19
1690,Mumpuni Yolanda,1979-01-09,Medan,Mass,2014-10-22
1691,Baktianto Suryono,1994-02-25,Jakarta,Mass,2019-03-10
1692,Puti Febi Simanjuntak,1966-02-04,Surabaya,Priority,2021-02-13
1693,Mila Sitompul,1992-05-23,Jakarta,Mass,2011-04-16
1694,Hj. Ina Padmasari,1977-04-05,Semarang,Mass,2016-05-12
1695,Karya Purnawati,1990-10-26,Bandung,Mass,2019-12-16
1696,Yani Sihotang,1998-05-15,Bandung,SME,2021-02-25
1697,Ella Ardianto,2002-02-14,Bandung,Mass,2024-03-25
1698,Hilda Prasetya,1982-01-20,Jakarta,Mass,2025-01-27
1699,Ulya Yuniar S.Farm,1989-07-16,Jakarta,Mass,2025-03-05
1700,Zaenab Tarihoran,1977-12-20,Medan,SME,2025-08-03
1701,Mustika Sitompul,1962-11-26,Bandung,Mass,2018-02-27
1702,Malika Hassanah,1997-11-10,Jakarta,Mass,2020-05-18
1703,Vicky Samosir,1992-07-12,Surabaya,Priority,2021-09-16
1704,Puspa Kurniawan,1986-08-18,Yogyakarta,SME,2016-02-15
1705,Mariadi Sudiati,1981-05-05,Medan,SME,2024-12-14
1706,Saadat Setiawan,1982-12-10,Bandung,Priority,2016-04-03
1707,R. Paulin Napitupulu S.T.,1965-06-24,Semarang,Mass,2015-08-16
1708,Sari Hutagalung S.Pt,2002-04-10,Jakarta,Mass,2021-10-08
1709,Samsul Mayasari,1997-03-30,Semarang,Priority,2015-12-30
1710,Among Prastuti M.Farm,1977-03-01,Yogyakarta,Mass,2023-07-24
1711,Vivi Rahayu,1987-11-25,Jakarta,Priority,2023-12-24
1712,Umaya Firgantoro,1993-09-18,Semarang,Priority,2023-05-13
1713,T. Kenari Namaga,1973-03-02,Semarang,Mass,2024-11-06
1714,Safina Maryadi,1984-05-01,Medan,Mass,2017-09-15
1715,Kania Prasetyo,1979-04-22,Semarang,Mass,2012-09-02
1716,Drs. Oskar Siregar S.E.I,1979-11-07,Jakarta,Mass,2020-04-23
1717,Olivia Melani,1989-07-30,Yogyakarta,Mass,2016-10-18
1718,Hasta Utama,1966-01-12,Yogyakarta,Mass,2017-01-03
1719,Dt. Mujur Permadi,1985-07-08,Semarang,Priority,2025-02-20
1720,Ir. Silvia Marbun M.TI.,1984-03-12,Semarang,Mass,2022-11-01
1721,Ivan Manullang,1982-09-23,Semarang,Mass,2011-04-02
1722,Karya Pratiwi,2003-07-20,Medan,Priority,2023-08-27
1723,Teddy Maulana M.Kom.,1974-05-17,Jakarta,Mass,2011-05-19
1724,Azalea Prasetya,1997-07-17,Surabaya,Priority,2019-08-21
1725,drg. Daru Haryanto S.T.,1994-04-28,Semarang,Mass,2019-12-18
1726,Gina Gunarto,1976-01-12,Surabaya,Mass,2019-03-29
1727,Danang Maryati S.I.Kom,1971-02-08,Yogyakarta,Mass,2015-04-07
1728,Nadine Hasanah,2000-11-01,Surabaya,Mass,2019-07-23
1729,Arta Yulianti,1960-11-18,Surabaya,Mass,2022-01-28
1730,Ciaobella Nurdiyanti,1998-09-23,Medan,Mass,2021-06-14
1731,Radit Saefullah S.T.,1971-12-17,Yogyakarta,Mass,2010-06-17
1732,Drs. Qori Natsir,1974-03-13,Medan,Mass,2018-06-22
1733,Safina Waluyo,1964-05-20,Jakarta,Priority,2020-12-14
1734,Rini Yolanda,1975-01-26,Medan,Priority,2021-02-21
1735,Puti Padma Ramadan S.Sos,1975-03-26,Medan,Mass,2013-09-27
1736,Kariman Waskita,1969-01-18,Yogyakarta,SME,2021-02-23
1737,Yuliana Situmorang,1997-09-11,Medan,Mass,2025-03-20
1738,Widya Laksmiwati,1962-02-17,Medan,Mass,2016-09-01
1739,Cut Olivia Mandala,1988-01-06,Yogyakarta,SME,2012-01-24
1740,Eli Pradana,1986-07-20,Surabaya,Mass,2017-07-22
1741,Kamidin Yuniar,1981-04-26,Bandung,Mass,2019-07-31
1742,Gabriella Maryadi,1989-03-23,Medan,Priority,2016-10-08
1743,Candrakanta Tarihoran,1989-10-05,Surabaya,Mass,2022-02-10
1744,Puti Salimah Pradana,1971-04-09,Medan,Mass,2024-01-07
1745,Yessi Sitompul,1968-02-06,Yogyakarta,Priority,2010-06-02
1746,Calista Laksmiwati M.Kom.,1985-11-16,Bandung,Priority,2021-03-13
1747,Fathonah Rahayu,1972-01-07,Medan,Priority,2024-04-22
1748,Marsudi Zulkarnain,2001-12-04,Medan,Mass,2020-08-01
1749,Dimaz Gunawan,1966-08-17,Bandung,Priority,2015-05-24
1750,Kemal Rahayu,1997-11-12,Semarang,Mass,2020-09-25
1751,Cahyanto Usamah,1988-06-08,Semarang,Mass,2014-07-26
1752,Dt. Tri Pertiwi,1988-12-23,Surabaya,Priority,2013-08-08
1753,Asman Marbun,1970-09-12,Bandung,Mass,2012-07-19
1754,Elvina Maryati,1995-10-02,Semarang,Mass,2020-09-13
1755,Rahayu Pratiwi,1978-12-06,Jakarta,Mass,2024-07-05
1756,Ajiman Wijayanti S.Pd,1966-02-13,Surabaya,Priority,2010-08-27
1757,Darijan Hassanah,1989-07-18,Bandung,Priority,2022-05-09
1758,Dr. Novi Narpati,2003-03-26,Semarang,Priority,2025-04-08
1759,Radika Zulkarnain,1998-07-23,Surabaya,Mass,2017-06-26
1760,R. Wulan Padmasari,2000-05-25,Surabaya,Priority,2022-12-13
1761,R. Sarah Wahyuni M.TI.,1977-10-20,Bandung,Mass,2013-02-25
1762,Eli Siregar,2001-11-06,Medan,Priority,2021-03-10
1763,Rina Rahayu,2002-08-07,Semarang,SME,2023-05-30
1764,Dartono Waluyo,1986-11-27,Surabaya,Mass,2012-09-28
1765,Diah Kurniawan,1993-01-25,Yogyakarta,Priority,2019-10-20
1766,Damar Nurdiyanti,1969-10-11,Jakarta,Mass,2013-03-27
1767,Drs. Silvia Andriani S.E.I,1979-09-18,Surabaya,SME,2019-02-28
1768,Puti Elma Kusmawati,1981-12-30,Surabaya,Priority,2021-12-19
1769,Ir. Ani Nasyidah,1974-03-13,Semarang,Mass,2022-03-29
1770,KH. Banara Iswahyudi,1972-06-16,Surabaya,Mass,2013-04-02
1771,Sakura Mustofa,1996-11-04,Jakarta,Priority,2021-09-28
1772,Drs. Yunita Adriansyah,1961-07-24,Jakarta,Priority,2024-11-07
1773,Ir. Martaka Astuti M.TI.,1970-10-01,Medan,Mass,2015-09-04
1774,Kartika Gunawan,2002-12-29,Surabaya,SME,2024-11-27
1775,Paris Aryani S.H.,1965-06-22,Bandung,SME,2021-12-30
1776,drg. Paiman Wibowo S.I.Kom,1960-05-08,Surabaya,Mass,2018-10-25
1777,Ir. Cinthia Anggraini,1973-05-04,Bandung,SME,2014-09-20
1778,Dodo Kuswandari,1974-03-24,Semarang,Priority,2024-06-15
1779,Sutan Upik Hutasoit S.Pd,1998-11-12,Semarang,Mass,2017-10-01
1780,Drs. Laila Rajasa,2001-07-23,Yogyakarta,Mass,2023-04-11
1781,Adhiarja Ardianto,1996-12-23,Yogyakarta,Mass,2018-07-24
1782,Drs. Devi Nurdiyanti,1975-10-13,Medan,Priority,2019-06-10
1783,Harimurti Yolanda,1993-02-03,Semarang,Priority,2018-05-29
1784,Malik Sihotang,1988-10-08,Bandung,Priority,2024-05-22
1785,Karen Kurniawan,1966-02-07,Semarang,Mass,2010-01-26
1786,Irsad Yulianti,1974-01-27,Jakarta,Mass,2022-12-01
1787,Tgk. Hana Nasyiah,1983-03-01,Yogyakarta,Priority,2026-01-02
1788,Padmi Utama,1990-10-05,Surabaya,Mass,2019-03-16
1789,Tgk. Sabrina Widodo,1971-09-10,Yogyakarta,Mass,2013-11-22
1790,Sutan Hendri Puspasari M.Pd,1995-11-12,Bandung,Mass,2020-03-03
1791,Elma Uwais,1968-02-28,Semarang,SME,2018-10-29
1792,Dr. Jayadi Ramadan,1970-01-25,Jakarta,SME,2010-06-19
1793,Ratih Situmorang,1987-06-15,Bandung,SME,2024-01-21
1794,H. Hasta Mandala S.IP,1968-11-22,Yogyakarta,SME,2015-11-15
1795,Ghaliyati Hassanah S.E.,1977-12-27,Semarang,Mass,2023-11-11
1796,Dariati Melani,1963-12-30,Bandung,SME,2018-04-03
1797,Winda Sirait,1960-08-19,Medan,Mass,2026-02-12
1798,Dr. Luwes Habibi S.E.,1997-02-08,Semarang,Mass,2022-08-25
1799,Siska Ardianto,1968-07-18,Surabaya,Priority,2015-12-21
1800,R. Ridwan Maulana M.Kom.,1965-11-03,Bandung,Mass,2019-09-04
1801,drg. Clara Haryanto,1992-08-06,Bandung,Mass,2025-10-09
1802,Gawati Uwais,1995-07-19,Jakarta,Mass,2016-10-21
1803,Lulut Firgantoro,1970-07-25,Semarang,SME,2023-11-09
1804,Kiandra Wacana M.Ak,1986-02-23,Yogyakarta,Mass,2025-05-07
1805,Karma Suwarno M.Ak,1981-01-12,Surabaya,SME,2012-12-27
1806,Warsita Natsir,1990-10-23,Yogyakarta,Mass,2014-10-05
1807,Jumari Farida S.Ked,1993-01-07,Surabaya,Mass,2024-05-26
1808,Soleh Wahyuni,1962-08-20,Surabaya,SME,2011-03-03
1809,Dr. Edison Nababan S.Gz,2000-09-27,Medan,SME,2022-09-13
1810,Drs. Kajen Maryati S.H.,1991-10-30,Jakarta,Mass,2011-01-08
1811,R. Samiah Firgantoro,1977-02-01,Semarang,Priority,2016-10-14
1812,Halima Yolanda,2003-06-04,Jakarta,Mass,2024-07-18
1813,Candrakanta Irawan,1967-08-15,Semarang,SME,2021-04-19
1814,Victoria Wacana,1965-12-01,Surabaya,Priority,2012-01-05
1815,Salsabila Widodo,1966-05-12,Jakarta,Mass,2015-11-04
1816,Rini Pangestu,1982-05-24,Yogyakarta,Mass,2016-04-20
1817,Dt. Okto Hidayat,1972-09-09,Medan,SME,2015-11-27
1818,Kunthara Suryono,1983-03-11,Semarang,SME,2017-01-08
1819,Yance Purwanti M.Farm,1993-01-19,Bandung,Mass,2022-01-21
1820,Jelita Saefullah,1988-07-22,Jakarta,Mass,2019-11-14
1821,Luluh Nababan,1970-04-24,Jakarta,Mass,2014-02-09
1822,Latika Permata,1991-09-01,Semarang,Mass,2020-06-23
1823,Elon Natsir,1961-10-30,Surabaya,SME,2019-11-26
1824,Ophelia Kurniawan,1981-10-06,Semarang,Mass,2020-04-07
1825,R. Jefri Sihombing,1969-03-16,Jakarta,Mass,2017-11-03
1826,Calista Mulyani,1968-02-07,Yogyakarta,Mass,2013-10-10
1827,Paulin Permata,1985-04-07,Medan,Mass,2024-11-15
1828,Talia Handayani,1983-08-06,Bandung,Mass,2022-10-20
1829,Padmi Laksmiwati,1971-01-16,Yogyakarta,Mass,2021-03-04
1830,Sutan Praba Sirait M.M.,1961-03-01,Yogyakarta,SME,2016-05-17
1831,Jagaraga Rahmawati S.Ked,1977-09-06,Medan,SME,2018-05-19
1832,Calista Rajata,1997-07-18,Bandung,Mass,2019-02-28
1833,Harjaya Usada,1997-04-06,Yogyakarta,Mass,2023-03-09
1834,Sutan Murti Pradana S.Psi,2002-11-06,Medan,Priority,2022-05-06
1835,Kamila Maryati,2003-07-02,Yogyakarta,Priority,2021-09-24
1836,Dt. Naradi Saptono,1974-07-29,Bandung,Mass,2022-10-07
1837,Edward Iswahyudi,1995-12-15,Surabaya,Priority,2020-04-14
1838,Samiah Siregar,1984-07-17,Semarang,Mass,2023-07-05
1839,Kadir Nugroho,1967-12-26,Semarang,Mass,2015-05-21
1840,Iriana Thamrin,1967-04-23,Semarang,Mass,2018-09-18
1841,Tugiman Pertiwi,1966-11-30,Surabaya,Mass,2012-09-14
1842,Elvina Zulaika,1993-01-03,Yogyakarta,Mass,2017-12-13
1843,Jamil Pangestu,1989-11-07,Surabaya,Mass,2012-02-27
1844,Oman Permadi,1979-12-25,Semarang,Mass,2018-09-15
1845,Tgk. Farhunnisa Pradana S.Kom,1978-12-23,Semarang,Priority,2012-01-10
1846,R.A. Zalindra Safitri S.I.Kom,1968-05-11,Yogyakarta,Mass,2019-09-27
1847,Prayogo Kurniawan,1983-01-10,Semarang,Priority,2017-08-31
1848,Viman Hutapea,1990-10-13,Bandung,SME,2026-01-03
1849,Yahya Wijayanti M.Kom.,1988-03-28,Medan,Mass,2024-07-08
1850,Cut Vanesa Namaga,1979-08-14,Semarang,Mass,2011-10-11
1851,Samsul Laksmiwati,1990-09-11,Bandung,Mass,2016-09-26
1852,Raina Sihotang,1985-07-02,Medan,Mass,2011-01-26
1853,Ratih Saefullah,1983-01-11,Medan,Mass,2012-05-31
1854,Elvina Melani,1980-11-03,Yogyakarta,Mass,2024-10-27
1855,Lala Prasetya,1975-12-11,Medan,Mass,2015-09-19
1856,Drs. Cagak Habibi M.TI.,1960-09-23,Yogyakarta,Priority,2012-07-22
1857,dr. Jati Namaga S.Gz,1995-04-07,Semarang,Mass,2017-05-03
1858,Tgk. Hartana Natsir,1999-04-30,Surabaya,Mass,2025-03-19
1859,Devi Maryati,1993-12-21,Medan,Priority,2022-01-18
1860,Iriana Anggriawan,2003-05-13,Bandung,Mass,2025-11-21
1861,Mursita Pranowo,1993-07-05,Surabaya,SME,2025-01-16
1862,Ratna Januar,1979-06-17,Jakarta,Mass,2021-12-26
1863,Karen Suryatmi,1960-08-05,Yogyakarta,Mass,2013-11-07
1864,Tgk. Fitria Pudjiastuti S.T.,1998-12-21,Yogyakarta,Mass,2024-05-02
1865,Embuh Halimah,1973-08-01,Medan,Mass,2023-11-15
1866,dr. Karimah Nashiruddin,1990-12-18,Semarang,Priority,2025-02-21
1867,Lintang Pranowo,1965-08-11,Jakarta,Mass,2013-01-11
1868,Tira Wahyudin,2003-07-15,Jakarta,Mass,2022-07-30
1869,Zulaikha Wacana,1966-07-06,Bandung,Mass,2024-07-28
1870,Mila Najmudin,1998-06-30,Medan,Mass,2025-05-04
1871,R. Ratih Pradana,1994-07-12,Bandung,Mass,2022-11-28
1872,Puti Tantri Saputra S.H.,1965-03-23,Bandung,Priority,2013-09-22
1873,dr. Sabri Wibowo,2003-03-27,Semarang,Mass,2023-12-10
1874,Cakrabuana Maryadi,1986-04-02,Bandung,Mass,2015-06-11
1875,Yani Anggriawan,1962-04-14,Jakarta,Mass,2017-06-27
1876,Imam Mandasari,2003-12-08,Semarang,Priority,2024-04-02
1877,Tugiman Usamah,1992-10-16,Surabaya,Mass,2023-03-18
1878,Dr. Najib Sihotang,1981-10-21,Medan,Priority,2021-07-07
1879,drg. Eja Ramadan M.Pd,2000-08-06,Bandung,Priority,2024-01-21
1880,Ir. Alika Widodo S.IP,1960-11-07,Medan,Mass,2019-06-20
1881,Elisa Halim S.Kom,1972-01-06,Semarang,SME,2024-07-16
1882,Tgk. Nabila Usamah S.IP,1982-03-12,Yogyakarta,Mass,2023-12-20
1883,Uli Sitorus,1960-12-06,Surabaya,Priority,2013-08-14
1884,Karen Tarihoran,1975-06-04,Bandung,Mass,2019-10-30
1885,Dr. Wardi Rajasa,2000-10-11,Medan,SME,2022-07-27
1886,Ayu Zulkarnain,1981-01-05,Surabaya,Priority,2012-12-10
1887,Gara Wastuti,2003-01-20,Yogyakarta,Priority,2023-05-18
1888,R.A. Ratih Permata,1995-09-15,Bandung,Priority,2024-04-14
1889,Martaka Nasyiah S.E.,1990-12-25,Yogyakarta,Mass,2011-12-08
1890,T. Garang Simbolon M.TI.,1968-12-12,Medan,Mass,2013-07-04
1891,Vicky Hassanah,2002-04-21,Surabaya,Mass,2025-10-29
1892,Harjaya Susanti,1962-02-09,Surabaya,SME,2010-05-29
1893,Malika Usamah,1990-05-13,Bandung,SME,2013-07-23
1894,Taswir Marbun,1961-06-07,Surabaya,Mass,2011-06-06
1895,Respati Sirait S.Farm,1970-03-03,Medan,Mass,2012-09-15
1896,Luwar Pertiwi S.Sos,1975-04-07,Jakarta,Priority,2017-12-20
1897,Puti Cindy Marpaung S.Psi,1971-12-31,Yogyakarta,SME,2013-05-23
1898,Galar Simanjuntak,1990-01-11,Yogyakarta,Mass,2012-05-03
1899,Erik Santoso M.Ak,1995-11-03,Jakarta,SME,2024-01-29
1900,Harto Saputra M.M.,1987-05-07,Medan,Mass,2012-04-14
1901,Tgk. Pangeran Rahmawati M.TI.,1967-06-29,Jakarta,SME,2024-02-17
1902,Laras Marbun,1967-01-16,Yogyakarta,Mass,2016-07-21
1903,Sabar Damanik,1982-05-10,Bandung,Priority,2012-03-24
1904,Ozy Prakasa,1996-09-29,Jakarta,SME,2017-10-27
1905,Dwi Hutapea S.Kom,2003-06-30,Jakarta,Mass,2023-10-24
1906,Hasta Jailani,1975-04-24,Medan,Mass,2016-06-07
1907,Atma Kusmawati,1976-09-14,Semarang,Mass,2026-01-15
1908,Dt. Akarsana Widodo,1971-01-04,Medan,Mass,2013-05-26
1909,KH. Bakda Jailani,1966-03-10,Semarang,SME,2019-08-14
1910,Raina Mangunsong,2002-09-11,Medan,Priority,2025-06-17
1911,Marwata Wibisono,2002-05-02,Semarang,Mass,2020-08-26
1912,Ghaliyati Prayoga,1992-03-10,Jakarta,Mass,2021-10-12
1913,Intan Handayani S.E.I,1978-01-06,Semarang,Mass,2013-09-08
1914,Karsa Narpati,1989-08-12,Bandung,SME,2024-05-21
1915,Anom Wijayanti,2003-11-10,Yogyakarta,Priority,2025-05-21
1916,Zelda Simbolon,2003-08-19,Semarang,Mass,2023-04-11
1917,Dr. Nadia Namaga S.T.,1991-06-08,Surabaya,Priority,2022-06-02
1918,drg. Cahya Namaga,2000-10-13,Jakarta,SME,2022-08-18
1919,Lantar Riyanti,1987-05-19,Yogyakarta,Mass,2013-04-18
1920,Siti Usada,1969-03-14,Medan,Priority,2022-03-18
1921,drg. Paramita Uyainah,1979-11-01,Surabaya,SME,2025-08-23
1922,Kasusra Saragih S.I.Kom,1978-02-22,Surabaya,Mass,2014-06-05
1923,Puput Pradana,1975-01-02,Yogyakarta,Priority,2018-09-30
1924,R. Ilyas Samosir S.I.Kom,1983-05-07,Surabaya,Mass,2022-02-17
1925,Hana Mangunsong,1984-10-01,Medan,Mass,2017-01-01
1926,Ajeng Adriansyah,1967-03-06,Jakarta,SME,2010-07-11
1927,KH. Samsul Mansur,1986-07-30,Bandung,SME,2015-10-21
1928,Irma Halimah,1992-08-03,Medan,Mass,2020-01-22
1929,Dt. Malik Lestari,1997-10-01,Surabaya,Priority,2019-12-02
1930,drg. Eja Anggriawan S.Farm,1965-07-21,Yogyakarta,SME,2011-01-27
1931,T. Lembah Pradipta S.Ked,1973-05-13,Yogyakarta,Mass,2022-11-03
1932,Tgk. Dacin Zulkarnain,1970-08-04,Medan,Priority,2023-01-17
1933,dr. Harto Prayoga,1989-11-07,Medan,Mass,2021-12-17
1934,Nasrullah Yuliarti,1972-10-05,Yogyakarta,Mass,2024-12-16
1935,Yance Waluyo,1992-01-16,Medan,Priority,2018-07-01
1936,Eluh Hutapea,1974-09-15,Medan,Mass,2021-08-01
1937,Sari Permadi,1980-05-18,Bandung,Priority,2012-03-13
1938,KH. Raharja Suryatmi,1963-09-04,Jakarta,Mass,2012-01-26
1939,H. Mahdi Saputra S.Pd,1981-05-12,Semarang,Mass,2014-10-26
1940,Paiman Nasyidah S.T.,1983-08-10,Medan,Mass,2019-01-13
1941,Fitriani Hidayat,1999-02-12,Medan,Mass,2020-01-23
1942,Cahya Siregar,1979-09-28,Semarang,Priority,2025-06-15
1943,Makuta Hasanah,1996-12-14,Bandung,Mass,2018-08-05
1944,Dr. Humaira Oktaviani,1991-11-25,Bandung,SME,2020-04-07
1945,Fitriani Sinaga,1998-09-21,Jakarta,Priority,2022-08-23
1946,Cakrawangsa Hardiansyah,1981-03-26,Yogyakarta,Mass,2010-09-25
1947,Dt. Cengkir Jailani,1976-07-26,Medan,SME,2012-08-30
1948,Hasna Mahendra,1965-06-03,Medan,Mass,2018-04-16
1949,Maida Anggriawan S.H.,1966-11-16,Surabaya,Mass,2012-08-22
1950,Cakrawangsa Budiman,1973-08-08,Semarang,Mass,2016-08-05
1951,Gasti Siregar,1966-05-17,Semarang,Mass,2023-03-24
1952,Ira Mandasari,1999-11-18,Bandung,Mass,2021-01-17
1953,Malika Firmansyah,1960-02-04,Medan,Mass,2012-09-29
1954,Cindy Maulana,1978-09-24,Medan,Mass,2020-10-16
1955,Emas Wijaya,2000-05-20,Semarang,Mass,2022-02-27
1956,Kenari Halimah,1965-12-15,Medan,Priority,2013-02-08
1957,Dadi Ramadan,1989-12-05,Bandung,SME,2020-01-27
1958,drg. Yance Budiman S.IP,1964-01-03,Yogyakarta,Priority,2024-01-06
1959,H. Drajat Winarno M.M.,1970-06-11,Surabaya,Mass,2018-11-14
1960,Okto Firmansyah,1999-12-04,Yogyakarta,Mass,2022-11-17
1961,Jagaraga Kuswoyo,1998-11-04,Yogyakarta,Mass,2018-09-08
1962,Ir. Daniswara Kusmawati,1995-09-18,Medan,Priority,2020-08-17
1963,Sabrina Saragih,1985-02-02,Bandung,SME,2011-11-29
1964,Endah Usamah,1985-11-16,Medan,Mass,2011-03-10
1965,Azalea Pudjiastuti M.TI.,1982-07-19,Jakarta,Priority,2010-06-02
1966,Dono Laksmiwati,1968-01-23,Surabaya,Priority,2010-06-05
1967,Emin Napitupulu S.I.Kom,1991-08-26,Semarang,Mass,2022-12-31
1968,Saka Widiastuti,1974-05-16,Medan,Mass,2019-01-05
1969,Balidin Prakasa,1975-04-01,Bandung,Mass,2019-10-21
1970,Ibrahim Simbolon S.Ked,1974-03-27,Surabaya,Mass,2018-07-27
1971,Putu Saefullah,1984-04-20,Surabaya,Mass,2013-10-09
1972,Puti Lala Prasasta,1994-06-18,Bandung,Mass,2014-06-17
1973,Artanto Prastuti,1990-06-10,Jakarta,Mass,2013-10-18
1974,H. Jaswadi Riyanti S.E.I,1968-02-21,Yogyakarta,Mass,2010-08-11
1975,Vera Irawan,1964-06-05,Bandung,Mass,2017-03-06
1976,Candrakanta Mandasari,1971-07-27,Jakarta,Mass,2018-06-04
1977,Mahfud Safitri,1993-09-26,Medan,Mass,2025-02-10
1978,Vanya Utami,1993-10-01,Semarang,SME,2023-01-19
1979,Asmuni Tamba,1962-09-20,Semarang,Mass,2017-02-20
1980,Candra Nasyiah S.IP,1981-09-19,Semarang,Priority,2010-08-25
1981,Jinawi Pradipta,1972-01-27,Medan,Priority,2022-06-05
1982,Puti Yuliarti,1994-03-23,Yogyakarta,Priority,2024-08-26
1983,Tgk. Reksa Farida S.Kom,1985-06-28,Semarang,Mass,2019-02-15
1984,Malik Waluyo,1982-06-13,Bandung,Mass,2014-07-25
1985,Tari Mansur,1995-01-29,Medan,SME,2018-07-25
1986,Azalea Laksita,1980-04-06,Jakarta,Priority,2010-12-09
1987,Maida Purwanti S.Pd,1972-12-22,Bandung,Mass,2024-08-24
1988,H. Jindra Nainggolan,1972-04-04,Surabaya,SME,2023-05-30
1989,R. Puji Tampubolon,1975-10-06,Bandung,Mass,2024-03-07
1990,Uchita Hastuti,1972-08-14,Bandung,Priority,2011-01-08
1991,Yance Rahimah,1963-02-19,Jakarta,Mass,2016-09-28
1992,Drs. Elisa Hidayat M.TI.,1997-04-02,Yogyakarta,Mass,2016-10-21
1993,Ihsan Sihombing,1999-05-25,Bandung,Mass,2022-03-24
1994,Tgk. Puput Utama M.M.,1999-08-26,Surabaya,Priority,2025-04-14
1995,Prayoga Uyainah,1972-03-31,Yogyakarta,SME,2015-07-08
1996,dr. Oskar Nashiruddin,1969-06-12,Medan,Mass,2020-04-24
1997,Lukman Utama,1988-12-30,Medan,Mass,2010-01-17
1998,Drs. Digdaya Sinaga S.Pt,1990-03-05,Semarang,Mass,2013-11-22
1999,Kawaya Wibisono S.Kom,1994-03-15,Medan,Mass,2020-12-30
2000,Ir. Jamal Puspasari,1963-06-24,Jakarta,SME,2022-01-30
2001,Luwar Suryono,1979-12-20,Jakarta,Mass,2025-01-29
2002,Laila Yuniar,1997-02-12,Surabaya,Mass,2021-11-05
2003,Carla Kuswoyo,1965-08-06,Surabaya,SME,2020-05-18
2004,Ir. Bagas Gunawan,1960-06-02,Yogyakarta,Mass,2014-12-20
2005,R. Elma Firmansyah S.Kom,1990-07-12,Surabaya,Mass,2025-11-27
2006,Jayeng Nababan,1988-01-17,Yogyakarta,Mass,2016-10-19
2007,Anggabaya Pertiwi,2003-05-23,Jakarta,Mass,2023-05-31
2008,Raihan Wibisono M.Kom.,1969-05-18,Bandung,SME,2010-02-28
2009,Drs. Nardi Rahayu,1977-10-07,Surabaya,Mass,2012-06-27
2010,Alika Utama,1967-08-25,Bandung,Priority,2022-05-18
2011,Luluh Hidayanto,1990-02-24,Medan,Mass,2025-04-22
2012,Wadi Pranowo,1986-05-20,Yogyakarta,Mass,2012-11-16
2013,Joko Hutapea M.M.,2001-11-16,Medan,Priority,2022-06-02
2014,Ir. Aswani Tarihoran M.Pd,1968-08-09,Jakarta,SME,2025-03-17
2015,Lidya Uwais S.Gz,1983-11-27,Surabaya,Priority,2023-10-13
2016,Ir. Hasna Nuraini S.Gz,1960-02-02,Yogyakarta,Priority,2019-07-31
2017,Belinda Sihombing S.Pt,1962-04-29,Semarang,SME,2017-03-31
2018,Yosef Maryati,1972-04-16,Yogyakarta,Mass,2012-09-24
2019,Baktianto Pradipta,1983-03-15,Yogyakarta,Mass,2010-12-23
2020,dr. Dadap Nababan,2001-03-12,Medan,Mass,2023-11-22
2021,Ir. Drajat Purnawati,1977-07-30,Surabaya,Mass,2014-05-14
2022,Warta Nugroho M.Pd,1996-03-24,Yogyakarta,Mass,2014-10-13
2023,Puti Agustina S.IP,2002-12-18,Bandung,Mass,2021-05-14
2024,Ir. Koko Tamba M.M.,1973-12-10,Yogyakarta,Priority,2011-05-30
2025,Salwa Aryani S.IP,1981-07-12,Jakarta,Mass,2019-09-09
2026,Prima Najmudin,2001-12-11,Surabaya,Mass,2023-09-06
2027,dr. Johan Sirait,1970-09-10,Jakarta,SME,2017-08-23
2028,Candrakanta Nasyidah M.Ak,1995-08-15,Jakarta,Priority,2018-12-01
2029,Kamila Sihotang,1979-09-02,Yogyakarta,Mass,2012-02-23
2030,Tgk. Surya Wahyudin,1963-11-02,Jakarta,Mass,2011-05-13
2031,Vanesa Usada,1995-02-08,Jakarta,SME,2015-12-14
2032,Yunita Sinaga,1962-06-16,Medan,Priority,2016-10-05
2033,R.A. Padmi Palastri,1964-07-26,Jakarta,Mass,2025-03-13
2034,Harimurti Pudjiastuti,1998-02-15,Semarang,Mass,2020-05-22
2035,Hamima Tarihoran M.M.,1970-06-16,Yogyakarta,Priority,2023-06-13
2036,Lala Adriansyah,1980-10-27,Medan,Mass,2019-08-09
2037,Ami Suryono M.Ak,1989-03-13,Jakarta,Mass,2025-02-26
2038,Karja Mansur,1986-05-14,Jakarta,Mass,2014-04-26
2039,Agnes Salahudin,1991-12-30,Medan,Priority,2011-07-08
2040,Dariati Sihotang,2000-07-26,Bandung,Priority,2024-12-24
2041,Prasetyo Saefullah,1975-12-10,Semarang,Priority,2019-06-11
2042,Dr. Kala Pertiwi,1968-05-04,Bandung,Priority,2015-06-15
2043,R. Cinta Firgantoro,1965-09-22,Medan,Mass,2016-12-28
2044,Kani Mangunsong,1993-11-02,Surabaya,Mass,2019-11-06
2045,Eman Utama,1994-10-14,Bandung,Mass,2016-01-14
2046,R.A. Gina Rajasa,1975-05-20,Surabaya,SME,2016-07-12
2047,T. Bakiman Pertiwi S.Sos,1986-04-22,Yogyakarta,Mass,2024-10-01
2048,R.A. Uchita Hutagalung,1982-09-30,Jakarta,Mass,2022-07-20
2049,Jane Laksmiwati S.E.,2003-10-21,Yogyakarta,SME,2022-11-30
2050,Yunita Permata,1975-04-27,Yogyakarta,Mass,2014-04-01
2051,Puti Rina Yuniar S.Pd,1986-11-26,Surabaya,SME,2025-07-13
2052,Opan Permata,2003-03-14,Medan,Mass,2023-01-25
2053,Cindy Hakim,1967-04-12,Semarang,SME,2012-05-08
2054,Tgk. Gantar Fujiati S.Farm,1982-03-31,Jakarta,Priority,2014-12-03
2055,Puti Vera Pradana M.Ak,1980-12-04,Bandung,Mass,2023-12-30
2056,Mahesa Usamah,1993-03-13,Bandung,Mass,2019-08-13
2057,Anastasia Samosir,1976-04-10,Jakarta,Mass,2010-03-23
2058,Dt. Galuh Namaga,1965-03-02,Surabaya,Mass,2013-03-12
2059,R. Jane Mardhiyah,1986-04-09,Jakarta,SME,2018-01-27
2060,Gawati Mangunsong S.Gz,1968-11-15,Bandung,Mass,2016-05-16
2061,Opan Wijaya M.M.,1992-03-30,Surabaya,SME,2014-02-20
2062,Drs. Kamal Mayasari S.Pt,1968-01-04,Jakarta,Mass,2014-05-25
2063,Ian Siregar,2000-11-06,Jakarta,SME,2019-12-21
2064,dr. Cakrajiya Mustofa S.Psi,1976-12-30,Jakarta,Mass,2024-09-08
2065,Jaswadi Pertiwi,1973-09-07,Bandung,Mass,2020-03-26
2066,Alika Pudjiastuti S.Sos,1989-08-24,Medan,SME,2013-11-04
2067,Chelsea Wacana,1999-07-20,Yogyakarta,Mass,2022-05-26
2068,dr. Prayitna Mustofa,1999-08-06,Bandung,Mass,2019-01-18
2069,R.M. Jaya Purwanti S.Kom,1991-02-23,Surabaya,Mass,2018-05-24
2070,Lala Yulianti,1970-12-20,Medan,Mass,2011-01-14
2071,R.A. Putri Susanti,1973-03-12,Surabaya,Mass,2013-05-02
2072,Paramita Prayoga S.H.,1995-09-09,Bandung,SME,2019-12-16
2073,Emas Astuti,1999-09-26,Bandung,Priority,2023-03-16
2074,Silvia Permata,1995-06-25,Bandung,Mass,2014-12-03
2075,Balidin Winarsih,1993-09-10,Surabaya,Mass,2023-02-06
2076,Lintang Utama,1968-01-11,Yogyakarta,Mass,2017-03-21
2077,Fitriani Sinaga,1992-02-07,Semarang,Mass,2021-03-09
2078,Rina Yolanda,1988-08-15,Yogyakarta,Mass,2023-02-05
2079,Prasetya Samosir,2000-02-21,Semarang,SME,2020-05-27
2080,Gara Susanti,1969-10-21,Semarang,SME,2016-11-11
2081,Dr. Sarah Maulana M.M.,1967-01-19,Surabaya,Mass,2018-05-23
2082,Wahyu Pradipta,1993-09-18,Surabaya,Mass,2013-08-02
2083,Mahdi Wahyudin,1970-04-29,Jakarta,Mass,2023-02-05
2084,Praba Hutasoit,1975-02-02,Semarang,Mass,2019-07-23
2085,Okta Habibi,1976-06-26,Surabaya,Mass,2021-02-27
2086,Warta Safitri,1968-01-21,Bandung,Mass,2019-11-28
2087,Taswir Suwarno,1976-02-09,Surabaya,SME,2011-11-07
2088,Gangsa Kusumo,1984-07-09,Jakarta,Priority,2024-06-08
2089,Mila Halimah,1964-05-31,Jakarta,Mass,2012-08-29
2090,Gamblang Pranowo,1968-12-25,Bandung,Priority,2017-06-27
2091,Paulin Prabowo S.Kom,1973-07-30,Surabaya,Mass,2025-05-01
2092,Dr. Pardi Rajata,1966-03-08,Yogyakarta,Mass,2026-01-23
2093,drg. Luthfi Megantara,1960-05-19,Surabaya,SME,2016-09-19
2094,Tami Winarsih S.Ked,2002-06-05,Medan,Priority,2024-12-17
2095,Restu Wijayanti,1981-03-04,Medan,SME,2024-09-02
2096,Dt. Dodo Narpati,1998-10-27,Bandung,Mass,2021-04-07
2097,Edi Pangestu,1981-04-13,Medan,Mass,2015-03-30
2098,H. Lasmanto Saputra S.Gz,1993-12-25,Yogyakarta,Priority,2022-06-25
2099,Safina Anggriawan,1995-07-10,Surabaya,SME,2015-06-08
2100,Harsanto Wijayanti,1994-07-18,Bandung,Mass,2021-11-24
2101,Salimah Wahyuni,1961-05-08,Bandung,Mass,2018-05-28
2102,Zelaya Kurniawan,1973-09-15,Semarang,Priority,2010-03-21
2103,Erik Yulianti,1975-03-30,Semarang,Mass,2015-01-22
2104,Gina Wibowo,1994-12-05,Surabaya,Mass,2024-12-21
2105,H. Baktiadi Sihotang,1985-06-17,Bandung,Mass,2010-09-21
2106,Zelaya Riyanti,1985-06-27,Medan,SME,2024-02-16
2107,R. Cengkir Napitupulu,1998-11-21,Semarang,Mass,2021-04-05
2108,drg. Kanda Damanik,1962-11-09,Semarang,Mass,2021-12-27
2109,Dirja Nuraini,1974-10-01,Semarang,Priority,2022-10-10
2110,Juli Lestari,1964-03-07,Jakarta,Priority,2013-11-05
2111,Uli Manullang,1961-06-09,Medan,Mass,2025-06-15
2112,Ganjaran Thamrin,1968-12-04,Semarang,Mass,2011-07-24
2113,Sari Sihombing,1973-01-21,Medan,Mass,2024-10-17
2114,Jais Saefullah,1976-07-14,Jakarta,Mass,2021-08-18
2115,Dt. Luis Rajasa S.Sos,1977-07-17,Jakarta,Mass,2013-07-10
2116,Cut Puti Setiawan S.H.,1981-06-14,Semarang,SME,2011-07-18
2117,Ganep Wijaya,1965-10-29,Surabaya,Mass,2014-08-12
2118,Cahyo Irawan S.Sos,1981-04-18,Medan,Mass,2013-07-24
2119,Ir. Luwar Utami,1986-05-09,Medan,Priority,2014-07-21
2120,Darsirah Agustina S.H.,1972-05-09,Jakarta,SME,2014-07-11
2121,R. Maria Saragih,1962-11-14,Medan,Priority,2018-12-15
2122,dr. Melinda Namaga,1974-10-02,Semarang,Mass,2022-10-08
2123,Danang Yolanda,1961-10-02,Surabaya,Priority,2012-01-17
2124,Laksana Namaga,1975-07-22,Yogyakarta,Priority,2025-09-15
2125,Raharja Pangestu S.E.I,1987-07-01,Semarang,Mass,2013-12-05
2126,Shakila Novitasari,1992-11-21,Semarang,Mass,2020-07-26
2127,Irfan Maulana,1968-03-24,Medan,Mass,2025-09-01
2128,Wardi Pratiwi S.E.,1970-10-02,Surabaya,SME,2013-07-17
2129,Betania Puspita,1973-02-03,Jakarta,Priority,2024-12-14
2130,H. Banara Nashiruddin,2000-10-05,Semarang,SME,2024-04-13
2131,Zalindra Maulana,1965-06-09,Jakarta,Priority,2018-04-09
2132,Ana Simanjuntak S.Farm,1994-05-20,Semarang,Mass,2019-09-06
2133,Ilsa Handayani,1969-04-20,Jakarta,Mass,2021-05-08
2134,Yuni Uyainah S.T.,1988-08-28,Yogyakarta,Priority,2025-07-30
2135,Prayogo Nainggolan,1975-06-01,Bandung,Mass,2018-12-16
2136,Cahyadi Nashiruddin,1971-03-29,Yogyakarta,SME,2012-07-28
2137,Prabowo Suryatmi,1990-01-25,Semarang,Mass,2020-05-31
2138,Tgk. Rachel Purnawati,1984-08-07,Bandung,Priority,2024-09-26
2139,R.A. Rina Pradipta,1966-04-16,Surabaya,SME,2020-07-23
2140,Mahfud Dongoran,1997-08-11,Medan,Mass,2015-10-19
2141,Cindy Kuswandari,1965-07-27,Yogyakarta,Mass,2021-12-28
2142,Jefri Suartini,1990-02-12,Yogyakarta,Mass,2010-04-02
2143,Tania Yulianti,1976-01-23,Bandung,Priority,2013-12-28
2144,Fitria Wibisono,1983-11-17,Semarang,Priority,2014-11-06
2145,Nabila Mandala,1996-05-26,Yogyakarta,Priority,2026-02-11
2146,Dadi Prasetyo,2000-03-27,Semarang,Priority,2019-05-18
2147,Hasan Budiman,1962-05-08,Jakarta,Mass,2023-06-02
2148,Laras Prasetya,1994-05-30,Bandung,Mass,2016-12-02
2149,Salsabila Pangestu S.Kom,1968-12-20,Jakarta,Mass,2012-01-19
2150,Cecep Farida,1975-02-14,Yogyakarta,Priority,2014-04-24
2151,Ir. Nurul Simbolon M.M.,2003-01-03,Jakarta,Priority,2025-12-09
2152,Irsad Waskita,1967-07-13,Jakarta,Mass,2013-09-30
2153,Dt. Lulut Wibowo S.Psi,1996-08-02,Surabaya,Mass,2021-11-28
2154,Rahmi Pertiwi,1988-01-08,Medan,Mass,2014-08-24
2155,Drs. Paramita Yuniar,1965-06-02,Bandung,Mass,2015-03-19
2156,Winda Firgantoro M.TI.,1967-10-15,Semarang,Priority,2010-05-03
2157,Jabal Hasanah,1977-06-16,Semarang,Mass,2014-10-09
2158,Cut Hesti Maryati M.Pd,1996-07-24,Yogyakarta,Priority,2020-10-17
2159,Unjani Gunarto,1963-01-08,Semarang,Mass,2014-11-26
2160,dr. Kariman Usamah,1982-05-30,Yogyakarta,Mass,2012-04-14
2161,Dadap Siregar,1967-09-10,Jakarta,Mass,2015-08-26
2162,Lala Sihombing,1991-03-27,Yogyakarta,SME,2018-09-19
2163,T. Jail Marbun S.Farm,1974-11-23,Yogyakarta,Priority,2013-12-07
2164,Rahmi Habibi,2003-11-14,Semarang,Mass,2025-08-04
2165,Padma Megantara M.M.,1987-04-19,Semarang,Mass,2023-02-14
2166,Hj. Mila Iswahyudi M.TI.,1993-04-10,Medan,Mass,2016-06-22
2167,Cemeti Padmasari,1970-06-08,Medan,Priority,2010-06-23
2168,Puji Mansur S.Sos,1973-11-08,Yogyakarta,Mass,2015-04-21
2169,Janet Hartati,1987-10-20,Jakarta,Mass,2011-10-13
2170,Cemani Hasanah,1973-04-21,Bandung,Mass,2014-07-13
2171,R.A. Mutia Iswahyudi,1961-09-13,Yogyakarta,Mass,2015-05-05
2172,Janet Yulianti,1993-02-27,Bandung,Mass,2018-07-08
2173,Wulan Marpaung S.IP,1995-04-20,Medan,Priority,2014-03-05
2174,Balijan Hartati,1989-01-25,Jakarta,Mass,2016-06-21
2175,Gilang Hutasoit M.TI.,1975-05-17,Bandung,Mass,2015-06-08
2176,Kiandra Melani M.Ak,1971-02-20,Yogyakarta,Priority,2025-06-01
2177,Harja Pudjiastuti,1999-02-23,Medan,Mass,2021-05-30
2178,Aurora Narpati,1988-04-01,Jakarta,SME,2010-02-19
2179,Padmi Wahyuni,2002-10-11,Jakarta,Priority,2021-11-04
2180,R. Elisa Maulana S.E.,2002-02-01,Bandung,Mass,2022-05-13
2181,H. Aslijan Andriani S.Pd,1984-08-14,Bandung,Mass,2014-08-02
2182,Titi Hassanah,1992-07-09,Surabaya,Mass,2020-12-25
2183,Sari Najmudin,1970-12-26,Bandung,Mass,2019-07-06
2184,Uda Mustofa,1972-10-19,Semarang,SME,2022-12-06
2185,Ade Oktaviani,1972-03-12,Jakarta,SME,2020-10-16
2186,T. Adinata Haryanti M.Kom.,1977-11-11,Bandung,Mass,2018-06-22
2187,Dr. Puji Ardianto M.Ak,1982-08-31,Yogyakarta,Mass,2023-09-02
2188,Gilda Pratama,1996-10-06,Jakarta,Priority,2025-07-24
2189,Hj. Nabila Hasanah,1998-04-23,Surabaya,Mass,2017-03-24
2190,Maimunah Hutapea,1984-10-18,Surabaya,Mass,2013-12-10
2191,Ir. Agnes Prasasta,1980-05-06,Semarang,Mass,2016-05-09
2192,T. Lukman Utami,1963-03-24,Bandung,Priority,2017-06-22
2193,Sutan Asirwanda Nashiruddin,1966-12-10,Jakarta,Mass,2014-04-03
2194,Asman Yolanda,1992-10-05,Semarang,Mass,2019-02-21
2195,Ani Maulana,2002-03-06,Yogyakarta,Mass,2024-08-03
2196,Cut Salwa Permata M.Ak,1973-10-22,Medan,Mass,2024-05-18
2197,Julia Irawan,2001-05-04,Semarang,SME,2020-09-20
2198,Balangga Agustina,1968-09-17,Surabaya,Priority,2019-10-15
2199,Caraka Wulandari,1982-11-10,Semarang,Priority,2025-11-27
2200,Rahmi Wijayanti,1991-03-29,Yogyakarta,Mass,2011-04-18
2201,Tira Riyanti M.Farm,1992-12-31,Bandung,Mass,2016-07-09
2202,Dr. Cecep Hasanah M.Farm,1988-04-20,Yogyakarta,Mass,2025-11-06
2203,Ani Iswahyudi,1988-12-12,Surabaya,Mass,2013-04-26
2204,T. Gaman Uwais S.Sos,1966-08-11,Bandung,Mass,2015-09-15
2205,Puti Vanya Aryani M.Pd,1997-09-30,Jakarta,Mass,2017-07-18
2206,Erik Halimah,1988-11-26,Semarang,Mass,2025-12-17
2207,Banawi Saefullah,2003-09-12,Medan,SME,2022-02-18
2208,Paramita Zulkarnain,1967-06-09,Surabaya,Priority,2019-07-29
2209,Sutan Mursinin Pranowo,2003-05-29,Yogyakarta,SME,2024-05-19
2210,Cut Cici Pertiwi,1973-10-24,Yogyakarta,SME,2019-03-26
2211,Siti Nuraini S.Pt,1988-07-15,Surabaya,Priority,2022-11-04
2212,Tari Suartini,1993-08-02,Yogyakarta,Mass,2016-04-09
2213,H. Edward Aryani M.Ak,1960-04-15,Semarang,Mass,2013-10-11
2214,dr. Hana Novitasari M.Farm,1994-09-16,Medan,Mass,2022-01-24
2215,dr. Diah Susanti,1992-11-18,Bandung,Mass,2020-07-14
2216,Dr. Putri Usamah,1991-08-01,Bandung,Mass,2013-01-05
2217,Nilam Najmudin,2002-07-18,Semarang,Mass,2021-10-07
2218,R.A. Titin Siregar,1968-04-29,Jakarta,Priority,2014-07-05
2219,Abyasa Lazuardi,1971-08-20,Semarang,Priority,2019-03-03
2220,Jaka Utami,1964-11-24,Bandung,Mass,2024-04-10
2221,R. Okto Pranowo M.Ak,1976-12-10,Surabaya,Mass,2012-10-18
2222,Laras Gunawan,1986-04-09,Semarang,Mass,2015-04-08
2223,Kamaria Purwanti,1960-06-04,Surabaya,Priority,2011-05-16
2224,Ir. Danuja Anggriawan S.Kom,1989-11-04,Jakarta,Mass,2023-01-24
2225,Intan Rajasa S.Pt,1995-07-08,Semarang,Mass,2013-08-31
2226,Ifa Mayasari,2001-10-23,Semarang,Priority,2025-03-31
2227,Tgk. Pranata Ardianto,1979-04-07,Surabaya,Priority,2017-07-20
2228,Mahfud Sitorus,1974-02-20,Surabaya,Priority,2015-05-17
2229,Lala Purnawati,1987-05-26,Surabaya,SME,2011-04-14
2230,Cut Zahra Natsir,1960-02-20,Yogyakarta,Mass,2020-04-01
2231,Gamblang Sirait,1961-02-24,Jakarta,SME,2023-07-02
2232,Jatmiko Kusmawati S.Gz,2002-08-30,Bandung,Mass,2024-07-27
2233,Cahya Laksmiwati S.E.I,1990-10-12,Semarang,Mass,2024-10-11
2234,Jagaraga Nasyiah S.Psi,1968-06-06,Yogyakarta,SME,2010-01-26
2235,Violet Zulkarnain,1960-09-29,Surabaya,SME,2024-03-19
2236,Amelia Nurdiyanti S.Pd,1990-05-30,Bandung,Mass,2019-12-19
2237,Hj. Iriana Puspita,1993-02-27,Jakarta,Mass,2024-11-19
2238,Dt. Daniswara Permata,1989-07-13,Jakarta,Priority,2025-09-09
2239,Gamblang Thamrin S.Pt,1987-03-27,Yogyakarta,Mass,2014-05-18
2240,Estiono Dabukke,1999-04-22,Yogyakarta,Mass,2023-09-15
2241,Keisha Utami,1982-05-03,Surabaya,SME,2011-12-15
2242,R.M. Kenzie Sudiati,1999-03-29,Bandung,SME,2022-06-18
2243,Fitria Riyanti,1981-08-17,Medan,Mass,2024-11-11
2244,Saka Samosir,1967-08-24,Yogyakarta,Mass,2024-10-18
2245,Zamira Sihotang S.Gz,1992-02-09,Bandung,SME,2010-10-01
2246,Laras Irawan,2000-06-27,Surabaya,Mass,2022-10-10
2247,Gilda Wahyudin,1989-11-14,Yogyakarta,Mass,2020-09-06
2248,Yance Sihombing,2001-05-23,Yogyakarta,Priority,2025-05-16
2249,Karna Sihombing,1995-09-08,Bandung,SME,2021-02-19
2250,Balidin Wahyudin,1962-11-25,Surabaya,Mass,2024-06-11
2251,Dt. Prayogo Pangestu S.Pt,1989-05-01,Medan,SME,2024-05-27
2252,Ophelia Dongoran,1996-04-06,Bandung,Mass,2019-06-26
2253,drg. Utama Mardhiyah S.E.I,1963-12-07,Jakarta,Mass,2012-07-01
2254,Ganep Laksmiwati,2002-01-15,Yogyakarta,SME,2022-02-19
2255,Paramita Saragih S.Psi,1976-06-30,Surabaya,SME,2012-11-09
2256,Pranawa Januar,1993-01-20,Surabaya,Mass,2011-01-29
2257,Drs. Shania Mustofa S.Kom,1968-07-07,Semarang,Mass,2018-09-15
2258,Ani Haryanti S.Sos,1995-10-10,Medan,Priority,2016-08-04
2259,Zelaya Nurdiyanti S.IP,1969-12-18,Semarang,Mass,2012-05-23
2260,Galang Gunawan,1974-03-04,Surabaya,SME,2013-03-31
2261,Samsul Riyanti S.Pt,1990-07-02,Bandung,Mass,2020-03-22
2262,Nadia Gunawan,1993-07-05,Medan,Mass,2012-04-07
2263,Karma Wahyuni,1990-11-21,Surabaya,SME,2012-10-08
2264,Ira Damanik M.Farm,1981-06-15,Bandung,Mass,2024-02-26
2265,T. Manah Pranowo S.Psi,1962-08-21,Bandung,SME,2017-06-22
2266,Dadi Suwarno,1998-01-15,Bandung,Priority,2024-03-29
2267,Patricia Simanjuntak,2001-05-30,Semarang,Priority,2021-05-28
2268,drg. Mumpuni Lazuardi S.T.,1996-07-23,Jakarta,Mass,2018-02-12
2269,Candrakanta Saefullah,1978-12-13,Semarang,SME,2025-03-16
2270,Aditya Oktaviani,1977-07-17,Medan,Priority,2011-08-12
2271,Dr. Baktiono Putra,1991-03-28,Yogyakarta,SME,2014-05-18
2272,Tgk. Kunthara Simanjuntak,1964-05-13,Surabaya,Priority,2012-12-08
2273,Dinda Suryono,1998-11-03,Jakarta,SME,2025-11-08
2274,R.A. Ella Hidayanto,1980-07-10,Bandung,Mass,2024-09-06
2275,Rahmi Sirait,1981-08-22,Bandung,Mass,2016-07-12
2276,drg. Asirwanda Mustofa,1992-12-25,Jakarta,Mass,2025-07-29
2277,Jarwi Wulandari,1964-07-28,Bandung,Mass,2025-03-19
2278,Balamantri Winarno,1990-06-24,Jakarta,Mass,2013-10-10
2279,Bakianto Aryani,1968-01-22,Jakarta,SME,2011-03-06
2280,Elma Riyanti,1975-03-08,Semarang,SME,2023-04-24
2281,Hj. Zalindra Hassanah,1992-05-30,Bandung,Mass,2019-06-17
2282,dr. Ira Sitorus,1977-10-16,Surabaya,Priority,2020-12-16
2283,R.A. Tania Winarsih M.Pd,1989-04-13,Yogyakarta,SME,2018-06-03
2284,Virman Hastuti,1989-07-16,Semarang,SME,2012-01-05
2285,R. Cornelia Hastuti,1977-02-20,Yogyakarta,Priority,2016-03-04
2286,Jaga Saragih,1960-07-09,Jakarta,Mass,2012-09-10
2287,Margana Hastuti M.Kom.,1991-03-21,Medan,Mass,2024-12-31
2288,Warta Prasetyo,1985-09-13,Semarang,Mass,2022-11-04
2289,Satya Susanti,1995-08-19,Semarang,Mass,2017-09-05
2290,Karimah Wijaya,1991-07-10,Surabaya,Mass,2019-09-23
2291,Naradi Widiastuti,1974-08-03,Yogyakarta,SME,2011-06-05
2292,Winda Simbolon,1968-04-17,Yogyakarta,Mass,2019-02-03
2293,Nova Dabukke,1996-09-01,Jakarta,Mass,2025-08-12
2294,Jaswadi Kusumo,1984-03-05,Yogyakarta,Mass,2026-01-04
2295,Natalia Hariyah,2003-04-26,Jakarta,Mass,2024-12-29
2296,R. Intan Tampubolon M.Ak,1991-03-09,Jakarta,Mass,2014-01-14
2297,R. Oni Jailani,1965-07-08,Bandung,Mass,2010-11-17
2298,Yuliana Kurniawan,1967-03-26,Medan,Mass,2011-12-21
2299,Puti Yulianti,1963-10-18,Medan,Mass,2012-10-18
2300,Prima Sihombing,1967-09-12,Yogyakarta,Mass,2019-06-28
2301,drg. Himawan Rahayu,1962-01-26,Surabaya,Priority,2021-08-26
2302,Halima Safitri,1966-04-10,Semarang,Priority,2022-12-11
2303,Kuncara Manullang,2000-11-08,Medan,Mass,2022-10-16
2304,Kiandra Haryanto,1990-11-10,Yogyakarta,Priority,2012-03-22
2305,Fathonah Rahayu,1961-08-24,Bandung,Mass,2014-03-21
2306,Violet Fujiati,2002-12-12,Medan,Mass,2021-09-07
2307,dr. Puji Prakasa,1976-02-08,Bandung,Priority,2016-03-22
2308,Mujur Winarsih,1963-05-03,Surabaya,Mass,2022-05-02
2309,Okta Pertiwi,2000-07-14,Semarang,Mass,2020-05-08
2310,Dr. Calista Rahayu M.Ak,1990-05-07,Yogyakarta,Mass,2019-07-17
2311,Jane Puspita,1963-03-02,Yogyakarta,Mass,2024-02-14
2312,Rizki Handayani,1991-04-04,Bandung,Priority,2024-06-24
2313,Gaiman Waskita,1989-06-26,Medan,Mass,2024-07-12
2314,Liman Kurniawan,1996-11-07,Surabaya,SME,2018-04-13
2315,Rahmat Riyanti S.Sos,1976-12-30,Medan,Mass,2010-08-01
2316,Nilam Yuliarti,1965-08-03,Jakarta,Priority,2021-12-02
2317,Aswani Iswahyudi S.Kom,1962-12-16,Yogyakarta,Mass,2017-05-22
2318,R. Ratna Usada S.Ked,1994-11-25,Bandung,SME,2019-01-06
2319,R.M. Mitra Maryadi M.M.,1972-04-10,Jakarta,Mass,2010-03-22
2320,T. Harsaya Susanti,1976-12-25,Jakarta,Mass,2012-05-10
2321,Dr. Faizah Putra,1986-05-31,Jakarta,Mass,2020-12-24
2322,Tomi Simanjuntak S.Pd,1998-10-26,Medan,Mass,2019-12-20
2323,Hj. Ilsa Fujiati,1962-02-24,Surabaya,SME,2013-10-30
2324,Jelita Irawan M.Farm,1968-02-08,Yogyakarta,Priority,2017-09-28
2325,Luwar Melani,1984-09-29,Semarang,Mass,2023-05-04
2326,Zulfa Mahendra,1971-08-15,Yogyakarta,Mass,2010-03-19
2327,Tgk. Almira Uwais M.Pd,1989-06-30,Bandung,Mass,2012-11-01
2328,Abyasa Purwanti,1962-05-16,Surabaya,Priority,2024-05-03
2329,dr. Carla Suryono S.Ked,1990-06-03,Semarang,Priority,2023-08-27
2330,Ian Rahayu,1979-09-09,Semarang,Mass,2017-12-09
2331,Sari Simanjuntak,2002-09-24,Medan,SME,2023-02-12
2332,Kezia Waskita S.Sos,1973-09-09,Jakarta,SME,2024-04-04
2333,Puji Prabowo,1994-07-26,Jakarta,Priority,2019-07-26
2334,Cawuk Kusmawati S.E.I,1992-09-28,Jakarta,Mass,2016-02-11
2335,Kala Winarno,1963-10-17,Medan,SME,2016-05-30
2336,dr. Zaenab Agustina S.E.I,2003-02-28,Yogyakarta,Mass,2023-07-11
2337,Salsabila Mahendra,1981-07-07,Medan,Priority,2021-03-02
2338,Adikara Hidayanto,1999-11-02,Yogyakarta,Mass,2023-10-17
2339,Agus Megantara M.Kom.,1987-08-24,Yogyakarta,Mass,2014-04-07
2340,Ibrani Mansur S.Pt,1991-07-08,Yogyakarta,Mass,2021-12-26
2341,Maras Agustina,2002-08-27,Medan,Priority,2025-10-20
2342,Dr. Winda Suartini S.Farm,1987-03-31,Bandung,Priority,2020-01-24
2343,R. Mutia Melani,2000-07-16,Bandung,Mass,2021-01-18
2344,Puspa Hartati,1983-01-16,Jakarta,Mass,2017-12-04
2345,Kamila Prasetyo,1967-08-25,Jakarta,Mass,2018-05-16
2346,Irwan Suartini,1997-04-23,Jakarta,Mass,2021-05-05
2347,Koko Mandasari,1973-03-02,Bandung,Mass,2015-12-09
2348,R.A. Tania Mardhiyah S.T.,1985-07-07,Bandung,SME,2018-10-30
2349,Puji Permata,1983-02-15,Semarang,SME,2010-10-18
2350,Ami Firgantoro,1962-07-31,Jakarta,Mass,2017-12-24
2351,Dr. Tiara Uwais,1973-05-20,Jakarta,Mass,2017-12-09
2352,Laksana Laksmiwati,1978-01-13,Jakarta,Mass,2017-12-14
2353,Cindy Megantara M.TI.,1968-11-10,Medan,Mass,2011-11-26
2354,Tgk. Nadia Maryati S.Pt,1978-06-04,Semarang,Mass,2012-10-11
2355,Drs. Bakidin Prasasta,1970-02-21,Semarang,Mass,2020-07-22
2356,Siti Wijayanti,2000-01-08,Medan,Priority,2020-01-19
2357,Bahuwarna Usada M.Pd,1979-09-03,Semarang,Mass,2024-09-20
2358,Drs. Galang Suryatmi S.Gz,1993-07-06,Jakarta,Mass,2021-03-26
2359,Patricia Anggriawan,1964-12-18,Surabaya,Mass,2014-04-02
2360,Mutia Mulyani,1978-11-20,Jakarta,Mass,2017-06-06
2361,Queen Sitompul,2002-07-17,Yogyakarta,SME,2025-11-26
2362,Kamila Sihombing,1978-11-21,Medan,Mass,2020-12-20
2363,Eli Firgantoro,1992-01-16,Surabaya,Priority,2012-11-19
2364,Rina Sihombing M.Farm,1982-07-06,Bandung,Mass,2018-09-21
2365,Almira Usamah,1995-07-23,Bandung,Mass,2014-01-07
2366,Ratna Narpati,1960-08-11,Bandung,Mass,2025-05-08
2367,Cut Sakura Siregar,1979-04-10,Yogyakarta,Mass,2023-05-24
2368,H. Leo Dongoran S.Pd,1972-12-25,Semarang,Mass,2016-04-30
2369,Chelsea Mahendra,1971-02-11,Bandung,Priority,2023-11-08
2370,R. Soleh Setiawan,1971-03-11,Jakarta,SME,2016-04-22
2371,Diah Susanti,1989-11-21,Bandung,Mass,2019-08-17
2372,Ika Rajasa,1991-06-14,Medan,Mass,2021-04-08
2373,Opung Kusumo,1988-06-17,Bandung,Mass,2013-05-03
2374,R. Rika Maryadi,1961-09-20,Bandung,SME,2016-02-22
2375,Ivan Uwais S.E.,1960-10-16,Bandung,Mass,2023-10-30
2376,Violet Prakasa,1977-01-22,Medan,Mass,2019-02-19
2377,Elvina Nuraini,2003-12-19,Bandung,Mass,2023-04-01
2378,Cut Jasmin Hutasoit S.E.I,1962-10-02,Semarang,Priority,2021-06-08
2379,R. Zalindra Lailasari,1964-12-08,Surabaya,Mass,2016-01-15
2380,dr. Prasetya Winarno S.H.,1991-12-02,Bandung,Mass,2019-05-18
2381,Irnanto Uyainah S.E.,1968-02-25,Jakarta,Mass,2010-12-01
2382,Koko Situmorang,1969-07-05,Semarang,Mass,2016-05-26
2383,Maras Saptono,1964-07-08,Bandung,Mass,2019-08-31
2384,R. Aslijan Marbun M.M.,1976-04-22,Surabaya,Mass,2017-07-01
2385,Nabila Sihombing,1960-08-11,Medan,Priority,2025-04-26
2386,Ulva Nasyidah,1974-11-09,Yogyakarta,Priority,2018-02-01
2387,Harjasa Zulaika,1983-09-21,Surabaya,Mass,2023-07-25
2388,Kayla Kusmawati S.T.,1969-06-03,Semarang,Mass,2023-02-08
2389,Karta Fujiati,1965-11-07,Yogyakarta,Mass,2024-02-14
2390,Edward Hassanah,1986-04-24,Bandung,Mass,2024-09-04
2391,Shania Sihotang,2001-07-07,Jakarta,SME,2020-08-10
2392,Ir. Yahya Gunarto,1975-05-20,Yogyakarta,Mass,2016-10-05
2393,Vero Nasyidah,1983-12-07,Bandung,Mass,2026-03-02
2394,Garang Astuti M.Ak,1978-10-04,Yogyakarta,Mass,2022-05-07
2395,Sidiq Saputra S.Psi,2003-09-28,Surabaya,Mass,2023-09-04
2396,Hasna Januar,2000-11-09,Jakarta,Mass,2023-09-26
2397,Safina Padmasari,2001-10-10,Jakarta,Mass,2025-05-30
2398,Malika Wulandari,1991-04-02,Surabaya,Mass,2012-11-22
2399,Halima Wulandari M.Farm,1962-09-23,Bandung,Priority,2025-07-24
2400,Sutan Karma Sirait S.E.,1990-09-18,Medan,SME,2021-12-10
2401,Pia Anggriawan,1979-08-21,Semarang,Mass,2021-06-04
2402,Adika Hidayat S.Ked,1977-12-24,Surabaya,Mass,2023-08-15
2403,Cinthia Novitasari,1967-03-06,Bandung,Mass,2022-10-29
2404,Mahdi Hassanah,1999-06-09,Semarang,Mass,2023-03-05
2405,Gawati Suryono,1971-08-11,Bandung,Mass,2016-10-21
2406,Febi Firmansyah,1984-10-07,Bandung,Mass,2012-09-02
2407,Lukman Iswahyudi,1970-09-07,Jakarta,Priority,2016-07-18
2408,Wakiman Riyanti,2001-08-05,Surabaya,SME,2021-01-26
2409,Tugiman Pratama M.Ak,1988-10-25,Bandung,Mass,2015-08-02
2410,Banawi Lazuardi S.Pt,1989-02-04,Yogyakarta,Mass,2017-10-17
2411,Ir. Diah Waluyo M.Farm,1974-07-23,Yogyakarta,SME,2011-11-13
2412,R.M. Umar Kusumo S.E.,1992-05-22,Semarang,SME,2013-05-16
2413,Ida Hastuti,1974-07-24,Yogyakarta,Priority,2011-04-15
2414,Waluyo Hutagalung M.M.,1969-11-01,Bandung,Mass,2016-04-10
2415,Vivi Aryani,1984-02-08,Medan,Mass,2024-09-28
2416,Salwa Sinaga S.T.,2002-06-02,Yogyakarta,Priority,2023-04-17
2417,Purwadi Hidayanto,1969-03-31,Bandung,Mass,2019-12-02
2418,Vicky Halim,1986-02-02,Semarang,Mass,2024-02-16
2419,Kayla Sitorus,1992-09-26,Surabaya,Mass,2020-06-15
2420,Eka Saptono,1964-03-15,Bandung,Mass,2021-02-14
2421,Irnanto Hidayat,1968-06-21,Semarang,SME,2022-10-11
2422,Farah Suryatmi,1989-01-17,Jakarta,Mass,2016-04-29
2423,Elma Yuliarti,1996-09-01,Yogyakarta,Mass,2023-07-01
2424,Cici Megantara,1966-06-09,Semarang,Mass,2011-08-14
2425,KH. Irfan Pratama,2003-07-12,Jakarta,Priority,2023-10-09
2426,Hj. Cici Handayani,1992-08-07,Medan,Mass,2010-11-07
2427,Hana Jailani S.Gz,1960-12-05,Jakarta,Priority,2012-06-20
2428,Bagus Pertiwi,2001-12-04,Bandung,Mass,2020-05-27
2429,Hafshah Hassanah S.Ked,1972-01-03,Yogyakarta,Mass,2013-03-14
2430,Eka Yolanda,2002-12-15,Jakarta,Mass,2025-05-19
2431,Abyasa Firgantoro S.Sos,1998-04-01,Jakarta,Mass,2024-03-02
2432,Eka Sitompul,1994-01-28,Semarang,Priority,2024-09-07
2433,Ratih Adriansyah,1974-11-18,Bandung,Mass,2020-09-28
2434,H. Wage Lestari,1991-01-16,Yogyakarta,Mass,2016-01-01
2435,Maya Waskita,1997-01-01,Jakarta,Mass,2015-12-27
2436,Puti Puput Prasetyo S.Ked,1982-12-12,Bandung,Mass,2019-04-26
2437,Shakila Laksmiwati,1961-01-28,Semarang,Mass,2015-01-31
2438,Kasim Nasyiah,1989-05-25,Bandung,SME,2016-06-07
2439,Juli Zulaika,1977-04-04,Yogyakarta,SME,2025-05-27
2440,Lalita Hakim,1982-01-22,Jakarta,Mass,2013-10-21
2441,Yusuf Yuliarti S.Pt,1976-01-11,Medan,Mass,2011-09-17
2442,Patricia Siregar,2001-06-01,Jakarta,Mass,2020-05-09
2443,Saadat Haryanti,1979-03-24,Surabaya,Mass,2021-11-24
2444,KH. Elvin Yuliarti S.Kom,1979-01-28,Yogyakarta,Priority,2013-05-15
2445,Kadir Gunarto,1996-09-02,Surabaya,SME,2021-02-04
2446,Salimah Nainggolan,2001-02-05,Yogyakarta,Mass,2024-09-06
2447,Tami Wibisono,1996-05-13,Jakarta,SME,2016-01-24
2448,Lasmono Tamba,1994-11-21,Surabaya,Mass,2016-02-29
2449,Chelsea Usamah,1992-05-10,Jakarta,Mass,2021-01-27
2450,Unjani Nainggolan,2003-01-16,Surabaya,Mass,2025-02-07
2451,Argono Nababan,1965-09-20,Semarang,Mass,2014-01-29
2452,Najib Rahayu,1979-01-05,Yogyakarta,SME,2020-10-17
2453,Jindra Wibisono,1995-08-05,Bandung,Priority,2021-01-21
2454,Prima Namaga,2001-05-04,Semarang,Mass,2022-01-31
2455,Gaiman Mandasari M.Pd,1984-03-01,Semarang,Mass,2021-12-21
2456,Dr. Anita Firgantoro S.Psi,1977-04-02,Medan,Priority,2011-11-16
2457,Gandi Gunarto,1985-12-02,Yogyakarta,Mass,2025-07-22
2458,Devi Prabowo,1970-07-20,Jakarta,Mass,2018-02-11
2459,Ir. Mulyanto Nurdiyanti M.M.,1976-04-03,Semarang,SME,2022-07-11
2460,Tedi Nasyiah S.E.I,1962-09-03,Surabaya,SME,2017-11-01
2461,Ratna Pradipta S.Pt,1980-08-26,Medan,SME,2013-03-26
2462,Oman Megantara,1970-11-17,Bandung,Mass,2014-09-23
2463,Safina Budiyanto,1965-04-04,Yogyakarta,Mass,2025-08-09
2464,Raina Gunawan,1991-03-24,Surabaya,Mass,2019-07-12
2465,Nardi Yulianti,1989-09-23,Jakarta,Mass,2023-01-17
2466,Aditya Natsir,1999-01-17,Jakarta,Mass,2018-10-21
2467,Asirwanda Samosir S.IP,1963-07-18,Jakarta,Mass,2015-07-01
2468,Rahmi Narpati,1966-09-18,Semarang,Priority,2014-02-03
2469,Ir. Bella Kurniawan S.IP,1991-05-03,Semarang,Mass,2016-09-19
2470,Rina Susanti,1979-12-01,Yogyakarta,Mass,2024-06-18
2471,Atma Pangestu,1966-12-29,Yogyakarta,Mass,2011-05-07
2472,Jessica Wastuti,1982-07-29,Jakarta,Mass,2013-08-06
2473,Jane Lazuardi,1990-07-01,Medan,Priority,2020-03-10
2474,Kamal Palastri S.E.I,2001-03-25,Medan,Mass,2025-08-19
2475,Zalindra Prabowo,1979-01-02,Surabaya,SME,2013-07-08
2476,Dt. Lega Natsir S.Psi,1976-12-07,Yogyakarta,Mass,2012-10-22
2477,Banawa Saefullah,1962-07-06,Semarang,Mass,2014-11-29
2478,Praba Agustina,1987-02-21,Yogyakarta,Mass,2011-09-25
2479,Mursinin Uwais,1989-04-11,Semarang,SME,2024-05-25
2480,R.M. Ismail Prasasta,1962-06-14,Yogyakarta,Mass,2018-05-02
2481,Cut Diana Januar,1964-11-11,Jakarta,Mass,2012-05-05
2482,Ir. Luwar Waluyo S.E.,1961-04-04,Surabaya,Mass,2015-05-17
2483,Tasnim Laksita,1962-12-06,Medan,Mass,2014-10-02
2484,Adiarja Ardianto,1968-06-02,Bandung,Priority,2022-05-17
2485,Wira Irawan,1970-10-12,Jakarta,SME,2016-01-15
2486,Sadina Rahayu S.Pd,1962-01-05,Semarang,Mass,2022-08-24
2487,Talia Kusmawati,1964-03-07,Jakarta,SME,2016-12-03
2488,Dian Putra S.E.I,2003-01-02,Medan,Mass,2023-03-23
2489,Emong Nurdiyanti M.M.,1992-07-20,Bandung,Priority,2018-07-09
2490,Halima Natsir,1974-11-11,Yogyakarta,Mass,2019-02-19
2491,Cut Rina Najmudin,1994-10-07,Jakarta,Mass,2016-02-14
2492,Najwa Suryatmi S.Pt,1981-05-24,Jakarta,Mass,2023-02-25
2493,Raden Sihombing S.I.Kom,1990-08-11,Jakarta,SME,2020-05-21
2494,Agnes Puspita,2002-09-27,Bandung,SME,2024-10-02
2495,Dadi Lazuardi,1989-05-06,Yogyakarta,Mass,2013-02-27
2496,R. Lasmanto Tarihoran,1983-02-28,Yogyakarta,Mass,2023-08-27
2497,Drs. Ophelia Prasetya M.M.,1980-01-27,Surabaya,Mass,2012-12-10
2498,Ir. Maryanto Pranowo S.T.,1998-05-24,Jakarta,SME,2021-03-18
2499,Dagel Kusumo,1977-05-21,Bandung,SME,2015-05-13
2500,R.M. Mahdi Kusmawati M.Kom.,1963-05-13,Medan,Priority,2013-06-02
2501,Capa Winarsih,1964-05-14,Bandung,Priority,2010-05-03
2502,Asmadi Yuliarti,1984-07-17,Semarang,Mass,2011-12-16
2503,Intan Pranowo,1967-08-12,Bandung,Mass,2016-08-18
2504,Hafshah Sitorus,1976-04-18,Jakarta,Mass,2017-12-04
2505,Dr. Aurora Jailani,1971-07-28,Surabaya,Priority,2020-08-12
2506,Anastasia Nasyiah S.E.,1989-03-03,Jakarta,SME,2013-02-24
2507,Panji Dabukke,1961-10-10,Surabaya,Mass,2018-02-25
2508,Oliva Latupono,2001-02-20,Semarang,Mass,2020-07-28
2509,Umar Prakasa,2002-09-15,Surabaya,Mass,2022-06-14
2510,Maimunah Rahayu M.Farm,1982-09-11,Surabaya,SME,2020-02-05
2511,Lili Napitupulu,1961-11-30,Yogyakarta,Mass,2023-12-03
2512,Shania Simbolon S.H.,1991-05-22,Jakarta,Mass,2022-07-31
2513,R. Gamani Pradana S.IP,1973-01-14,Bandung,Mass,2018-06-06
2514,Okto Zulkarnain,1970-01-02,Semarang,Priority,2018-09-16
2515,R.A. Keisha Prasetya S.Pt,1980-11-23,Yogyakarta,Mass,2020-07-04
2516,Restu Laksita,1964-11-22,Bandung,Priority,2011-12-05
2517,Tirtayasa Fujiati,1994-06-17,Bandung,Mass,2022-02-28
2518,Darijan Suryatmi,1974-03-26,Medan,Mass,2017-09-06
2519,Elma Wibisono,1965-02-16,Semarang,Mass,2016-03-30
2520,Diana Haryanti,2002-07-19,Bandung,Priority,2025-10-20
2521,Febi Usamah S.I.Kom,1985-06-27,Medan,Priority,2010-09-14
2522,Farah Sitorus,2002-01-02,Semarang,SME,2024-01-17
2523,Anggabaya Purnawati,1962-06-05,Jakarta,SME,2014-09-29
2524,Estiono Mansur,1978-12-21,Surabaya,Priority,2016-01-20
2525,Simon Hastuti,1966-05-11,Surabaya,Mass,2011-07-22
2526,Lili Narpati,1999-03-12,Semarang,SME,2025-03-02
2527,Tgk. Darmaji Sihombing M.Ak,1969-08-08,Surabaya,Mass,2025-01-07
2528,Paiman Uyainah,1964-02-23,Surabaya,SME,2019-08-12
2529,R. Ratih Puspasari,1967-05-19,Surabaya,SME,2014-06-15
2530,R.A. Clara Zulkarnain M.TI.,1981-04-30,Yogyakarta,Priority,2022-01-04
2531,Zelda Pratama,1975-11-29,Medan,Mass,2025-07-17
2532,Dr. Zalindra Hariyah,1985-02-27,Bandung,Mass,2023-05-24
2533,Amalia Aryani,1985-12-12,Bandung,Mass,2023-10-30
2534,Hilda Prayoga S.Psi,1960-08-20,Semarang,SME,2013-05-17
2535,Ratna Prasetya,1998-10-08,Jakarta,Priority,2020-04-21
2536,R. Queen Ardianto,1978-03-25,Medan,Priority,2015-11-23
2537,Aurora Gunarto,2002-04-25,Yogyakarta,Mass,2021-09-16
2538,Uchita Mayasari,1964-05-15,Bandung,Priority,2010-10-26
2539,Irwan Nuraini,1978-11-06,Medan,Priority,2025-08-15
2540,Natalia Januar,1976-12-07,Surabaya,Mass,2014-11-06
2541,Nilam Permadi,2003-08-04,Medan,SME,2025-05-21
2542,Kalim Budiman,1996-07-02,Jakarta,Mass,2022-08-25
2543,Uchita Wasita S.Kom,1982-07-10,Yogyakarta,Mass,2012-10-18
2544,Gatot Sihombing,1978-07-28,Surabaya,Mass,2019-03-16
2545,Marsudi Iswahyudi,1979-02-07,Surabaya,Mass,2021-09-25
2546,Jatmiko Winarsih,1980-07-31,Surabaya,Mass,2019-08-11
2547,Elisa Haryanti,1967-04-18,Semarang,Mass,2022-03-05
2548,Ir. Ulva Padmasari S.Ked,1990-11-20,Semarang,Priority,2025-04-04
2549,Malika Mandala,2002-01-26,Jakarta,Priority,2021-03-03
2550,drg. Fitria Uwais M.M.,1964-01-08,Jakarta,Mass,2024-07-27
2551,Siska Adriansyah S.Pt,1964-08-25,Yogyakarta,Priority,2021-02-18
2552,Shakila Sitorus,1964-06-21,Semarang,Mass,2024-03-17
2553,Dt. Ega Aryani,1989-12-13,Semarang,Mass,2016-07-02
2554,T. Nalar Suryatmi M.Pd,1984-09-28,Jakarta,Mass,2018-07-19
2555,R.A. Winda Hutapea,2002-08-21,Surabaya,SME,2021-04-27
2556,dr. Unjani Hakim,1978-07-10,Yogyakarta,Priority,2024-06-18
2557,Ir. Galih Habibi,1960-05-04,Bandung,Mass,2018-05-28
2558,Harjo Utama,1999-06-16,Surabaya,Mass,2024-10-29
2559,Raina Gunarto,1990-03-15,Jakarta,SME,2015-06-02
2560,Karimah Natsir,1961-06-19,Jakarta,Mass,2010-05-08
2561,Kurnia Hidayat M.Pd,1997-09-18,Medan,SME,2024-11-10
2562,Vicky Putra S.E.I,1974-03-29,Bandung,SME,2017-07-08
2563,Halima Namaga,1970-11-06,Semarang,Mass,2022-06-19
2564,Martaka Kuswandari,1977-08-23,Medan,Mass,2011-02-27
2565,Umi Prastuti S.Kom,1977-07-06,Semarang,SME,2013-11-24
2566,H. Prabawa Prasetyo S.Psi,1967-02-08,Bandung,Mass,2019-10-24
2567,Hasna Mardhiyah,1982-08-14,Yogyakarta,Mass,2012-08-27
2568,Indra Saefullah S.Gz,1997-10-25,Yogyakarta,SME,2024-05-07
2569,Hardana Situmorang,1967-02-18,Bandung,Mass,2017-03-26
2570,Nova Mardhiyah,1979-08-15,Yogyakarta,Priority,2010-04-05
2571,R. Jarwadi Nasyidah,1961-03-31,Yogyakarta,Mass,2023-11-12
2572,Rudi Nasyidah S.Pd,1985-08-25,Jakarta,Priority,2018-07-30
2573,Raina Uwais,1980-05-08,Yogyakarta,Priority,2024-03-25
2574,Ir. Warsita Haryanto S.Kom,1970-10-02,Bandung,Mass,2024-08-20
2575,Clara Hutapea,1997-09-13,Yogyakarta,Priority,2018-06-09
2576,Elma Suwarno,1994-07-23,Yogyakarta,Mass,2018-05-21
2577,Balangga Marbun,2001-12-09,Yogyakarta,Mass,2021-07-15
2578,Carla Maulana,1998-11-20,Jakarta,Mass,2018-01-12
2579,Eka Putra,1965-07-03,Bandung,Mass,2012-05-27
2580,Ir. Ajimin Sihombing,1964-02-29,Semarang,SME,2011-09-26
2581,Sabrina Namaga,1977-07-12,Semarang,Priority,2012-04-04
2582,Jasmani Situmorang,1963-04-20,Yogyakarta,Mass,2020-11-29
2583,Maimunah Yuliarti,1978-11-01,Surabaya,Priority,2018-06-02
2584,Erik Nainggolan,1996-04-08,Bandung,Mass,2017-11-13
2585,Ajimin Pradipta,1989-08-03,Yogyakarta,Mass,2022-09-22
2586,Drs. Septi Sitorus S.Farm,1965-04-04,Surabaya,Mass,2017-09-09
2587,dr. Safina Yuliarti,1986-11-30,Jakarta,Mass,2022-04-04
2588,Tgk. Jayeng Rahayu M.TI.,2001-07-25,Bandung,Mass,2020-11-30
2589,Drs. Maimunah Haryanti S.Pd,1961-01-12,Medan,Priority,2021-08-14
2590,R. Widya Samosir,1998-11-19,Jakarta,SME,2020-12-17
2591,Paiman Rajata,1974-09-10,Bandung,Mass,2013-02-09
2592,Jayadi Wahyudin,1972-01-02,Semarang,Mass,2016-02-20
2593,Vera Hardiansyah,1975-08-20,Medan,Priority,2025-11-18
2594,Garan Suryono,1993-06-05,Semarang,Mass,2022-07-14
2595,Eli Safitri,2001-05-16,Surabaya,Mass,2021-07-10
2596,Narji Nasyiah,1997-12-13,Yogyakarta,Mass,2025-11-20
2597,Elvina Natsir,1964-08-12,Medan,Mass,2023-02-03
2598,Hj. Wulan Mangunsong S.E.,2002-10-13,Semarang,Mass,2024-10-25
2599,Bambang Gunarto,1979-01-03,Yogyakarta,Mass,2023-05-18
2600,Ratih Mahendra,1987-12-10,Medan,Mass,2012-05-31
2601,Hana Uwais,1985-06-10,Surabaya,SME,2017-12-01
2602,Danang Purwanti,1980-02-28,Jakarta,SME,2013-10-02
2603,Ami Widiastuti S.Psi,1986-04-29,Surabaya,Mass,2019-03-12
2604,Dalima Wahyudin,2002-08-18,Medan,Mass,2026-01-10
2605,Puput Marpaung,1965-02-21,Surabaya,Mass,2014-01-13
2606,T. Banawi Dongoran,1976-01-18,Jakarta,Mass,2015-07-03
2607,Najwa Maulana,1976-09-07,Surabaya,Mass,2013-04-03
2608,Jamalia Mangunsong,1990-11-15,Yogyakarta,Mass,2010-03-31
2609,Okta Palastri,1985-06-15,Bandung,Mass,2017-03-19
2610,Tgk. Marsudi Sihombing,1972-09-20,Bandung,Mass,2023-07-01
2611,Icha Pertiwi,1985-02-28,Yogyakarta,Mass,2016-03-27
2612,Cakrajiya Pratiwi M.M.,1963-05-10,Yogyakarta,Mass,2022-11-15
2613,Shakila Kusumo,1974-04-03,Bandung,Mass,2017-03-07
2614,Natalia Gunarto S.E.I,1982-05-14,Surabaya,Mass,2011-01-19
2615,Kusuma Latupono S.Pd,1980-04-23,Medan,Mass,2013-11-02
2616,Himawan Safitri,1970-08-09,Jakarta,Mass,2022-12-05
2617,R.A. Melinda Tamba S.Pt,1995-02-19,Jakarta,SME,2026-01-13
2618,Amelia Sudiati,1965-11-17,Jakarta,SME,2019-01-13
2619,Dagel Padmasari M.TI.,1961-10-02,Yogyakarta,Mass,2017-07-26
2620,Purwa Setiawan,1964-04-07,Yogyakarta,Mass,2019-04-24
2621,Ajimin Hutasoit,1993-10-22,Semarang,Mass,2019-07-20
2622,drg. Murti Winarsih,1982-02-24,Jakarta,Mass,2023-09-26
2623,Kambali Wijaya,1982-02-16,Jakarta,SME,2024-05-18
2624,Joko Simanjuntak,1964-08-10,Bandung,Mass,2010-08-28
2625,Ir. Oni Hakim,1966-03-23,Surabaya,SME,2012-05-11
2626,Gatra Widodo S.E.I,1970-02-25,Jakarta,Mass,2013-10-26
2627,Zulaikha Aryani S.I.Kom,1996-08-10,Yogyakarta,SME,2014-09-15
2628,Kasiyah Budiman,1999-08-16,Jakarta,Mass,2018-02-03
2629,Jelita Tampubolon,1963-05-14,Surabaya,Priority,2015-12-01
2630,Melinda Purwanti,1972-02-09,Bandung,SME,2025-09-02
2631,Darijan Handayani,1980-08-31,Bandung,Mass,2012-09-09
2632,Lidya Handayani S.Pd,1993-10-11,Semarang,Priority,2024-11-12
2633,Reksa Anggraini,1965-06-27,Medan,Mass,2021-09-14
2634,Lidya Mandala M.Farm,1989-08-30,Surabaya,Mass,2020-12-28
2635,Puti Dinda Pranowo,1970-02-17,Surabaya,Priority,2012-01-23
2636,Nabila Novitasari,1975-11-01,Bandung,Priority,2022-07-12
2637,Bella Rahayu,1991-03-05,Jakarta,SME,2011-10-02
2638,dr. Bakidin Ardianto S.Farm,1969-07-13,Yogyakarta,Mass,2010-04-18
2639,Vinsen Saputra S.Farm,1968-06-05,Jakarta,Mass,2020-12-08
2640,Kala Hariyah,1994-03-01,Medan,SME,2023-12-26
2641,Qori Mandala S.Kom,1991-10-13,Yogyakarta,Mass,2020-03-08
2642,Rafi Wibowo,1964-09-27,Bandung,SME,2012-12-01
2643,Puspa Lestari,2003-09-27,Medan,Mass,2024-04-05
2644,Ridwan Sihombing,1968-06-06,Surabaya,Mass,2011-07-17
2645,Ir. Ilsa Lailasari M.Pd,1973-10-11,Yogyakarta,Mass,2022-12-12
2646,Malika Prasetyo S.Ked,1999-04-21,Yogyakarta,Mass,2018-06-28
2647,Dt. Candra Saptono S.Pd,2000-02-08,Bandung,Mass,2023-04-05
2648,Rafid Usada M.Kom.,1989-09-09,Semarang,Mass,2021-11-28
2649,Martani Widiastuti,2001-07-30,Jakarta,Mass,2025-09-26
2650,Lidya Nugroho,1966-10-03,Medan,Mass,2018-11-26
2651,Shakila Yuliarti,1962-05-20,Surabaya,Mass,2019-11-25
2652,Alambana Lazuardi,1989-02-04,Yogyakarta,SME,2018-07-31
2653,T. Jumadi Hidayat M.Ak,1973-03-09,Semarang,Mass,2014-04-01
2654,Karen Prastuti M.Kom.,1983-10-03,Semarang,Mass,2023-08-17
2655,drg. Hana Utami,1990-07-22,Yogyakarta,Mass,2011-02-13
2656,Jaswadi Lazuardi S.I.Kom,1969-11-06,Jakarta,SME,2012-08-01
2657,H. Kamal Budiyanto,1971-12-10,Jakarta,Mass,2015-05-10
2658,Tgk. Elisa Prastuti S.Gz,1970-02-27,Yogyakarta,Priority,2023-11-29
2659,Galuh Hariyah,1977-08-16,Bandung,Priority,2012-04-09
2660,Diana Tamba S.E.,1969-03-24,Bandung,Mass,2013-11-02
2661,Empluk Tarihoran,1991-08-30,Surabaya,Priority,2023-05-17
2662,Siska Tamba,1968-04-20,Yogyakarta,Priority,2021-04-15
2663,Elvin Siregar,1998-03-30,Bandung,Mass,2023-12-11
2664,Ir. Waluyo Hutagalung,1963-02-11,Bandung,Mass,2013-09-27
2665,Sutan Pranata Utami,1966-05-12,Yogyakarta,Mass,2010-04-15
2666,Prakosa Kuswoyo,1960-12-07,Surabaya,SME,2013-12-25
2667,R. Puji Sinaga,1990-06-20,Medan,Mass,2010-03-21
2668,dr. Yunita Sihombing S.T.,1986-02-27,Semarang,SME,2010-01-09
2669,Nalar Tarihoran S.IP,1964-11-27,Jakarta,Mass,2011-01-06
2670,Drs. Garan Megantara,1997-06-21,Medan,Mass,2018-01-07
2671,Cahyo Maryati,1994-10-10,Jakarta,Mass,2014-11-13
2672,Kasiyah Laksita,1980-04-20,Yogyakarta,Mass,2021-01-02
2673,Jasmin Marpaung,1971-07-18,Semarang,Mass,2024-11-17
2674,Darimin Mangunsong,1960-08-10,Surabaya,Priority,2017-11-28
2675,Sutan Radika Nainggolan,1994-09-28,Semarang,Mass,2026-02-02
2676,Dr. Luwes Novitasari M.Pd,1983-04-18,Jakarta,Mass,2024-05-08
2677,Puspa Latupono S.Farm,1998-05-30,Yogyakarta,SME,2018-11-13
2678,Citra Latupono,1982-05-01,Bandung,Mass,2010-09-11
2679,R. Anita Kuswandari S.I.Kom,1976-02-14,Yogyakarta,Mass,2014-08-18
2680,Shakila Tarihoran,1988-08-26,Surabaya,SME,2012-06-03
2681,Rendy Handayani,1984-06-10,Medan,Mass,2020-01-29
2682,Drs. Vanesa Siregar,1975-08-25,Semarang,Mass,2017-06-06
2683,Nyana Sihombing,1973-11-15,Jakarta,Mass,2014-04-11
2684,Panca Lazuardi,1997-06-02,Jakarta,Mass,2022-04-10
2685,Cagak Megantara,1985-06-02,Surabaya,Mass,2017-10-13
2686,Ghaliyati Samosir S.E.I,1982-05-19,Bandung,Mass,2025-05-17
2687,Cager Hutapea,1983-06-20,Medan,Mass,2016-07-01
2688,Shakila Kusumo,1973-08-14,Surabaya,Mass,2020-12-02
2689,Ajiman Laksmiwati,1960-09-12,Jakarta,Mass,2020-03-07
2690,dr. Artanto Napitupulu S.IP,1965-07-15,Semarang,Mass,2011-03-12
2691,Putu Wahyuni,1975-10-20,Jakarta,Mass,2024-10-22
2692,Drs. Asmuni Halimah,1975-09-16,Medan,Priority,2016-05-09
2693,Upik Ramadan,1966-12-15,Yogyakarta,Mass,2011-12-06
2694,Atmaja Sihombing,1979-05-19,Jakarta,Mass,2023-02-16
2695,Adikara Kuswoyo S.IP,1981-03-23,Bandung,Priority,2017-12-15
2696,R.A. Rini Pangestu,1977-04-29,Semarang,SME,2019-06-24
2697,Mumpuni Tampubolon,2000-01-22,Surabaya,Mass,2020-12-22
2698,Bakijan Maulana,1985-04-18,Yogyakarta,SME,2019-10-11
2699,Tgk. Ratna Tampubolon S.I.Kom,1966-03-30,Bandung,Mass,2025-04-29
2700,Sabar Mardhiyah,1984-11-11,Surabaya,Mass,2014-06-23
2701,H. Luwar Permadi M.TI.,1985-06-02,Semarang,Mass,2024-02-04
2702,Puti Cinthia Prastuti,1995-02-04,Jakarta,Mass,2022-11-18
2703,Dt. Karsana Pratama S.Kom,1991-02-19,Medan,SME,2017-01-10
2704,Ella Nasyiah,1981-01-03,Semarang,Mass,2017-12-11
2705,Olga Januar,1980-09-09,Medan,Mass,2010-08-15
2706,Viman Mayasari,1963-12-19,Medan,SME,2013-02-25
2707,Dr. Karimah Rahmawati S.E.,1986-01-12,Surabaya,Mass,2021-06-27
2708,Samiah Kurniawan,2000-05-14,Surabaya,Mass,2024-09-11
2709,Rafid Thamrin,1965-08-25,Yogyakarta,Mass,2019-01-14
2710,Lintang Prabowo,1980-08-23,Jakarta,Mass,2011-03-22
2711,Sutan Hasim Kusumo,1964-10-19,Medan,Mass,2017-06-24
2712,Tgk. Bancar Hastuti S.IP,1985-05-13,Yogyakarta,Mass,2020-10-19
2713,R.M. Jumari Tarihoran,1965-06-12,Yogyakarta,Mass,2023-02-11
2714,Irma Puspita S.Gz,1991-06-21,Medan,Mass,2014-08-07
2715,Gamanto Lailasari,1966-02-12,Yogyakarta,Priority,2015-01-06
2716,Harsana Suryono,1973-06-30,Surabaya,Priority,2024-02-03
2717,Rahayu Saragih,1996-02-20,Medan,Priority,2024-12-31
2718,Saadat Handayani S.H.,1963-01-05,Bandung,Mass,2010-01-01
2719,dr. Elvin Aryani,1983-04-26,Bandung,Mass,2012-03-04
2720,Sabri Hidayat,1961-02-07,Semarang,Mass,2021-05-06
2721,Dr. Shania Uwais S.E.,1973-06-14,Semarang,SME,2019-01-28
2722,Mursita Lestari,1997-10-03,Medan,Mass,2025-04-01
2723,Bala Widodo M.M.,1990-07-24,Yogyakarta,Mass,2019-11-07
2724,Ir. Murti Hutasoit,1966-07-24,Jakarta,Mass,2024-04-08
2725,Cakrabirawa Widodo,1970-10-18,Medan,Priority,2013-10-30
2726,Talia Rahayu,1968-12-26,Semarang,Mass,2020-09-05
2727,Opung Narpati,1964-06-26,Semarang,Mass,2023-03-17
2728,Galih Napitupulu,1977-07-19,Yogyakarta,Priority,2018-08-27
2729,Farah Riyanti,1978-09-13,Bandung,Mass,2019-07-13
2730,drg. Dewi Pradipta S.Farm,1965-05-22,Semarang,Mass,2022-08-28
2731,Najwa Setiawan M.Farm,1961-07-12,Yogyakarta,SME,2024-06-20
2732,Tgk. Usyi Yuniar,1979-12-09,Surabaya,SME,2010-12-16
2733,Kani Kusmawati,1999-08-01,Semarang,Mass,2025-09-04
2734,Luhung Waskita M.Kom.,1976-01-18,Medan,Mass,2021-03-25
2735,T. Cakrajiya Hasanah,1977-07-09,Jakarta,Mass,2021-07-04
2736,Banawi Ramadan,1975-10-13,Yogyakarta,Mass,2024-09-17
2737,Najwa Pradipta,1992-01-30,Surabaya,Priority,2013-03-17
2738,Wardaya Mansur S.Ked,1973-08-03,Jakarta,SME,2018-11-02
2739,Okto Habibi,1981-09-12,Semarang,Mass,2018-06-12
2740,Puti Najwa Wastuti S.Ked,1985-11-02,Medan,Priority,2025-11-22
2741,Harjaya Suartini,1971-08-18,Yogyakarta,Mass,2012-11-26
2742,Gamanto Mangunsong S.Pd,1975-08-13,Medan,SME,2023-02-10
2743,Ir. Cinta Hutagalung,1962-01-06,Yogyakarta,Mass,2010-08-30
2744,Pardi Nurdiyanti M.Kom.,1989-11-03,Semarang,SME,2012-05-20
2745,drg. Damar Sihombing M.Kom.,1974-07-08,Yogyakarta,Priority,2015-03-12
2746,Ophelia Rajata,2000-05-12,Yogyakarta,SME,2020-04-19
2747,Tgk. Rusman Namaga,2001-05-17,Jakarta,Mass,2020-01-31
2748,Dt. Wawan Firmansyah,1961-09-05,Semarang,Priority,2011-08-21
2749,Devi Winarno,1988-04-26,Bandung,Mass,2010-08-30
2750,Iriana Waluyo,1976-12-09,Yogyakarta,Mass,2012-12-27
2751,Michelle Firgantoro,1968-10-11,Semarang,Mass,2015-08-31
2752,Cecep Puspita,1970-02-11,Yogyakarta,Mass,2014-07-07
2753,Satya Sihombing S.E.,1996-04-10,Jakarta,Mass,2018-07-29
2754,Mala Mansur,2003-01-20,Jakarta,Mass,2024-10-15
2755,Tina Wibisono,2000-01-26,Surabaya,Priority,2018-02-11
2756,Vanesa Kusumo,1984-07-08,Surabaya,Mass,2011-08-13
2757,Hj. Nurul Wahyuni,1983-09-10,Bandung,SME,2021-02-16
2758,Ir. Kayun Pertiwi,1997-02-14,Medan,Mass,2020-06-03
2759,Nabila Purwanti,2000-05-11,Bandung,Priority,2024-08-11
2760,R. Ophelia Hakim S.Sos,1979-03-06,Semarang,SME,2024-01-11
2761,Nilam Rahayu,1963-07-04,Medan,Mass,2012-11-07
2762,Raisa Wastuti,1982-05-15,Jakarta,Mass,2015-03-04
2763,Vivi Suryono,1961-01-04,Surabaya,SME,2015-01-10
2764,Almira Dabukke,1977-07-06,Surabaya,Mass,2025-10-10
2765,Cut Dian Utama,2003-06-05,Jakarta,Mass,2023-01-10
2766,Yessi Padmasari,1998-04-09,Medan,Mass,2022-01-23
2767,Prakosa Utami,1987-10-01,Medan,Priority,2011-04-10
2768,Kezia Kuswoyo,1986-02-21,Surabaya,Priority,2020-07-25
2769,Jelita Tamba,1975-03-01,Surabaya,Mass,2019-06-15
2770,Kamaria Hakim,1966-04-01,Medan,Priority,2014-08-01
2771,Dipa Prayoga S.H.,2001-06-15,Bandung,Mass,2020-02-21
2772,Galang Rahayu S.Pt,2000-07-25,Yogyakarta,SME,2025-05-23
2773,Bella Samosir S.IP,1975-07-07,Semarang,Mass,2011-08-03
2774,Ella Damanik,2001-09-08,Medan,Mass,2020-07-30
2775,Tgk. Aris Haryanti,1972-02-19,Jakarta,Mass,2010-12-08
2776,Saka Anggraini M.Farm,1970-02-07,Surabaya,Mass,2024-08-02
2777,dr. Emas Damanik,1995-01-21,Jakarta,SME,2018-02-24
2778,Nadine Rahmawati S.Ked,1994-09-13,Medan,Mass,2017-02-01
2779,Keisha Pertiwi,1990-08-03,Yogyakarta,Mass,2025-05-02
2780,Janet Pertiwi,1962-05-04,Semarang,Priority,2018-09-07
2781,Respati Lestari,1991-06-17,Medan,Mass,2019-07-29
2782,Muhammad Wulandari,1965-04-17,Surabaya,Mass,2023-10-23
2783,Gandi Mandasari,1979-08-01,Bandung,Mass,2011-04-20
2784,KH. Prakosa Widiastuti,1960-06-13,Semarang,Priority,2015-02-04
2785,Eli Susanti,1985-06-24,Jakarta,SME,2011-01-11
2786,Karimah Fujiati,1996-06-13,Jakarta,Mass,2015-09-17
2787,Jamal Usada,1968-02-06,Jakarta,Mass,2016-05-04
2788,Puti Zaenab Nasyiah S.Kom,1989-05-22,Surabaya,Mass,2015-06-24
2789,Hani Hardiansyah,1981-06-22,Jakarta,Priority,2024-09-30
2790,Queen Wacana,1971-03-23,Bandung,Mass,2022-03-12
2791,Sutan Leo Iswahyudi M.Farm,2000-04-06,Semarang,Priority,2020-09-20
2792,Lega Sirait,1994-12-30,Surabaya,SME,2025-05-08
2793,Betania Purnawati,1983-08-19,Surabaya,Priority,2016-01-01
2794,Dr. Jaswadi Aryani S.Kom,1964-09-06,Surabaya,SME,2011-03-19
2795,Wulan Hutagalung,1981-10-23,Jakarta,Mass,2016-04-10
2796,Ridwan Sihombing M.TI.,1997-09-28,Bandung,Mass,2021-07-27
2797,T. Ian Wijayanti M.Pd,1969-06-15,Surabaya,Priority,2012-10-02
2798,Farah Agustina,1961-08-10,Yogyakarta,Mass,2015-04-10
2799,Hafshah Oktaviani,2002-10-01,Jakarta,Mass,2021-05-17
2800,drg. Mumpuni Pudjiastuti,1972-02-15,Medan,Mass,2016-03-27
2801,Teguh Budiyanto,1962-09-05,Medan,Mass,2016-04-05
2802,Niyaga Maryati S.E.,1998-09-13,Semarang,Mass,2020-12-23
2803,Dr. Gabriella Wijayanti,1969-03-24,Bandung,Priority,2018-07-05
2804,Dr. Hasna Uyainah M.Pd,1962-05-06,Surabaya,Mass,2024-10-24
2805,Drs. Simon Fujiati M.Farm,2002-01-15,Medan,Priority,2020-04-26
2806,Sari Halim M.TI.,2001-05-22,Medan,Mass,2022-04-27
2807,Galih Hariyah,1975-04-18,Semarang,SME,2023-12-10
2808,Dimas Maryadi,1964-11-24,Semarang,SME,2022-05-30
2809,Silvia Salahudin S.Farm,1972-11-22,Semarang,Mass,2021-12-29
2810,Jamalia Haryanto,1994-06-30,Surabaya,Mass,2024-02-13
2811,Damu Zulkarnain S.T.,1980-12-17,Bandung,SME,2015-05-06
2812,Tgk. Septi Marpaung S.T.,1995-11-13,Jakarta,SME,2020-01-03
2813,Limar Prakasa S.Sos,1973-04-08,Medan,Mass,2017-07-28
2814,Balijan Maryadi,1972-04-20,Surabaya,Priority,2018-02-11
2815,Alambana Prasasta,1996-05-06,Jakarta,Mass,2014-08-11
2816,T. Jaiman Laksita M.Pd,1974-05-26,Bandung,Mass,2015-12-07
2817,Lintang Yuliarti,1979-09-25,Semarang,Mass,2010-03-14
2818,Damar Manullang,1981-07-16,Medan,Mass,2024-04-21
2819,Diana Dabukke,1985-12-30,Surabaya,SME,2011-10-14
2820,Widya Setiawan,1974-02-01,Semarang,Mass,2011-06-09
2821,Kunthara Nugroho S.Gz,1971-08-23,Bandung,Mass,2021-02-06
2822,Nova Damanik S.Gz,1966-08-03,Yogyakarta,Mass,2023-11-11
2823,Puti Iriana Suartini S.Pd,1989-05-12,Bandung,Priority,2010-11-12
2824,Puti Laila Utama S.Pt,1986-01-04,Jakarta,Mass,2017-02-12
2825,Zalindra Mandala,1962-09-23,Surabaya,SME,2026-01-10
2826,Balidin Pertiwi,1990-06-06,Medan,Priority,2017-12-04
2827,Olivia Lazuardi M.TI.,1970-07-12,Jakarta,Mass,2017-11-04
2828,Radit Prastuti M.TI.,1965-01-28,Jakarta,Mass,2021-06-18
2829,Najwa Iswahyudi,1985-08-01,Yogyakarta,Mass,2018-05-01
2830,Limar Maheswara,1979-02-17,Bandung,Mass,2016-05-08
2831,KH. Galar Sitompul M.Farm,1995-05-10,Surabaya,SME,2021-06-03
2832,Kayla Prakasa S.Farm,1976-10-22,Surabaya,Priority,2020-07-22
2833,Cakrabirawa Kurniawan,1976-07-09,Surabaya,SME,2011-01-01
2834,Dariati Saefullah,1961-02-22,Medan,Mass,2012-05-20
2835,Laila Rajasa,1982-11-29,Yogyakarta,Mass,2026-01-20
2836,Ir. Amelia Lestari M.Pd,1991-12-23,Bandung,Mass,2017-09-19
2837,Tira Kusumo,1961-06-18,Yogyakarta,Mass,2024-09-26
2838,Puji Anggraini,1963-07-09,Bandung,Mass,2011-09-26
2839,Sabrina Prayoga,1988-04-10,Yogyakarta,Mass,2022-04-19
2840,Violet Maulana,1998-01-07,Medan,Priority,2025-11-09
2841,Nabila Uwais,1981-03-09,Medan,Mass,2024-10-14
2842,Tgk. Ayu Yuliarti M.Ak,1972-01-28,Medan,Mass,2014-05-17
2843,Saadat Wijayanti,1974-09-29,Surabaya,Mass,2015-06-15
2844,Dt. Muhammad Winarsih S.H.,1993-07-24,Yogyakarta,Mass,2014-02-19
2845,Puspa Winarno,1976-03-26,Surabaya,Mass,2011-10-15
2846,Suci Tarihoran,2001-01-10,Yogyakarta,Mass,2023-01-28
2847,Ir. Banawi Nasyidah S.H.,1980-02-20,Bandung,Mass,2019-05-25
2848,Dr. Kayla Anggriawan S.Sos,2001-07-10,Bandung,Priority,2025-07-16
2849,Ilsa Iswahyudi,1990-03-28,Yogyakarta,Mass,2023-02-12
2850,R.A. Ifa Pranowo S.E.,1995-09-13,Surabaya,Mass,2020-02-14
2851,Siti Simanjuntak,1978-04-28,Medan,SME,2019-06-12
2852,KH. Margana Wasita S.Gz,1982-03-02,Bandung,SME,2024-03-10
2853,Zelaya Hutapea,1960-09-11,Jakarta,Mass,2013-09-28
2854,Dr. Nadine Zulkarnain S.Psi,1991-11-29,Yogyakarta,Mass,2020-07-16
2855,Lintang Januar S.E.,1997-05-27,Jakarta,Priority,2020-03-24
2856,Hana Mayasari S.Pt,1965-12-08,Medan,SME,2021-07-20
2857,Lili Suartini,1975-11-23,Semarang,Priority,2012-11-10
2858,Yulia Pudjiastuti S.Psi,1991-12-09,Jakarta,Mass,2016-07-31
2859,Talia Dabukke,1986-07-13,Medan,Mass,2023-08-27
2860,Dt. Maras Yuniar S.E.,1963-04-23,Semarang,SME,2017-12-17
2861,Ibun Yuniar S.E.I,1980-03-04,Surabaya,Priority,2019-10-10
2862,Himawan Pangestu,1992-11-24,Yogyakarta,Priority,2014-12-31
2863,Gaduh Sihotang M.Farm,1963-10-04,Jakarta,Mass,2013-06-01
2864,Balapati Manullang,1990-03-25,Semarang,Mass,2024-07-25
2865,Kariman Yulianti,1967-12-05,Yogyakarta,Mass,2021-05-30
2866,R.M. Slamet Riyanti S.Farm,1970-06-02,Semarang,Mass,2016-09-01
2867,Tgk. Jabal Kuswandari S.E.I,2000-04-01,Medan,Mass,2024-02-16
2868,Ellis Rahayu,1972-10-17,Semarang,Mass,2017-03-29
2869,dr. Wirda Suryono S.Kom,2002-10-09,Jakarta,Priority,2021-07-24
2870,Heryanto Uwais,1979-04-24,Surabaya,Mass,2021-08-23
2871,Hartana Waluyo,1974-02-06,Surabaya,Mass,2012-03-25
2872,Ir. Genta Damanik S.Ked,1972-11-29,Semarang,Mass,2016-02-22
2873,Ir. Luwar Utami,1972-12-09,Medan,Priority,2015-10-27
2874,Umaya Irawan,1989-11-22,Bandung,Mass,2016-04-01
2875,Faizah Saptono,1997-08-16,Bandung,Mass,2021-04-25
2876,Zulaikha Narpati S.Gz,2003-01-21,Medan,Mass,2026-01-14
2877,Raina Aryani,1960-04-19,Jakarta,Mass,2020-12-14
2878,Tgk. Eka Irawan,2002-03-31,Yogyakarta,Mass,2025-01-05
2879,Ella Purnawati,1997-04-11,Surabaya,SME,2020-05-08
2880,Aditya Novitasari,1979-12-08,Semarang,Mass,2019-09-12
2881,Vera Hasanah,1972-06-28,Jakarta,SME,2024-12-31
2882,Hj. Nilam Lazuardi S.H.,1993-05-21,Yogyakarta,Mass,2016-05-12
2883,Farhunnisa Nainggolan S.T.,1982-09-29,Surabaya,Mass,2017-07-10
2884,Ulva Lailasari,1990-02-23,Yogyakarta,Priority,2011-08-30
2885,Diah Astuti,1979-06-10,Yogyakarta,Priority,2012-04-02
2886,R.A. Rahayu Pratama S.Pd,1968-07-16,Yogyakarta,SME,2022-07-09
2887,Shania Nainggolan S.Farm,1961-08-06,Yogyakarta,Mass,2024-03-25
2888,Hasan Maulana,1986-04-20,Bandung,Priority,2018-06-09
2889,Elvin Saptono,1981-02-01,Semarang,Priority,2013-05-25
2890,Lasmanto Hartati,1972-09-04,Bandung,Priority,2012-12-15
2891,Hairyanto Padmasari,2002-08-26,Yogyakarta,Priority,2023-07-14
2892,Marsudi Haryanti S.Pt,1979-06-25,Semarang,Mass,2011-07-06
2893,Jarwadi Mansur,1991-11-06,Jakarta,Mass,2013-12-30
2894,dr. Talia Widodo S.Kom,1987-07-07,Yogyakarta,Mass,2018-07-13
2895,Kiandra Anggraini M.Ak,1975-08-23,Medan,Priority,2020-11-10
2896,Belinda Kuswoyo,1999-05-19,Bandung,SME,2020-09-24
2897,Dt. Aslijan Sitorus,1981-10-04,Yogyakarta,Mass,2020-12-29
2898,Jarwi Thamrin,1984-05-17,Surabaya,Mass,2020-10-15
2899,Hj. Wani Rahimah,2003-03-12,Surabaya,Mass,2026-02-13
2900,Ulva Gunawan S.Ked,1974-08-06,Yogyakarta,Mass,2015-07-20
2901,Ophelia Safitri,1980-11-05,Yogyakarta,Mass,2017-02-25
2902,Ilsa Widodo,1991-08-13,Semarang,SME,2012-11-15
2903,Hairyanto Mustofa M.Pd,1986-12-17,Yogyakarta,Mass,2019-03-30
2904,Laksana Nugroho,1972-01-07,Bandung,SME,2021-05-20
2905,Ella Mardhiyah,1962-09-23,Surabaya,Mass,2022-08-12
2906,Jessica Hastuti,1978-06-12,Semarang,Mass,2018-10-12
2907,Bakidin Simanjuntak,2000-12-04,Surabaya,Mass,2019-07-11
2908,Paris Astuti S.E.I,1975-03-30,Jakarta,Mass,2024-04-09
2909,Calista Sihotang,1969-12-04,Bandung,Mass,2022-11-03
2910,Cagak Mandasari,1964-12-12,Medan,Mass,2023-10-04
2911,Tgk. Ulva Tarihoran S.Farm,1960-11-22,Jakarta,Priority,2026-03-14
2912,Hani Suryatmi,1995-01-03,Surabaya,Priority,2020-06-20
2913,Tgk. Padma Sihotang S.Farm,1962-11-05,Jakarta,Mass,2024-09-09
2914,Galih Lestari,1984-01-08,Bandung,SME,2014-06-14
2915,R.M. Kala Wahyuni M.M.,1998-07-25,Bandung,Mass,2024-08-07
2916,Dacin Maryadi,2000-11-06,Surabaya,Mass,2023-01-11
2917,Dartono Najmudin,1992-11-22,Jakarta,Mass,2016-06-16
2918,Jarwadi Rajata,1993-11-14,Jakarta,Mass,2023-09-01
2919,Nrima Hastuti,1961-11-23,Surabaya,Mass,2013-07-09
2920,Calista Lailasari,1988-04-30,Bandung,Mass,2025-06-07
2921,Ilyas Tamba,1996-06-20,Yogyakarta,Mass,2022-12-06
2922,Putri Laksita M.M.,1998-08-31,Jakarta,Mass,2017-08-08
2923,Carla Maulana,1960-11-26,Yogyakarta,SME,2010-05-01
2924,Gantar Iswahyudi,1966-10-23,Yogyakarta,Mass,2012-02-22
2925,Taswir Suryono,1968-09-18,Surabaya,Priority,2023-08-02
2926,Rafid Narpati,1982-12-25,Surabaya,Mass,2010-07-11
2927,Oni Saputra M.Farm,1964-06-21,Yogyakarta,Mass,2015-12-05
2928,Lanang Prabowo M.Farm,1973-01-23,Jakarta,Mass,2019-08-20
2929,Karsa Pertiwi,1985-03-01,Semarang,Mass,2016-03-31
2930,Hamzah Hutagalung,1982-09-22,Semarang,Mass,2015-06-27
2931,Pranawa Mandasari,1992-08-20,Surabaya,Priority,2019-06-14
2932,Bakiono Sitompul S.Ked,1980-04-14,Medan,SME,2015-01-10
2933,Sabrina Zulaika,1994-08-05,Semarang,Mass,2017-10-14
2934,Hartana Wahyudin,1964-11-20,Surabaya,Mass,2024-06-01
2935,Puti Zalindra Sinaga,2003-10-09,Jakarta,Mass,2022-03-24
2936,Alambana Hutapea,1998-10-17,Medan,Mass,2022-04-10
2937,Yance Wahyuni,1978-01-31,Semarang,Mass,2023-10-30
2938,Mutia Utami,1994-02-12,Jakarta,Priority,2017-04-26
2939,Rina Wahyuni,1978-06-22,Yogyakarta,Mass,2016-12-26
2940,Gambira Gunawan,1961-08-21,Yogyakarta,Mass,2017-03-18
2941,Luthfi Hartati S.Psi,1999-02-02,Surabaya,Priority,2017-02-19
2942,Uchita Purnawati S.E.I,1995-08-25,Medan,Mass,2024-08-05
2943,Setya Hardiansyah,1970-07-29,Semarang,Priority,2017-03-21
2944,Ir. Eko Sinaga S.Gz,1984-11-19,Jakarta,Mass,2011-10-30
2945,Belinda Pudjiastuti M.Ak,1976-11-07,Jakarta,Mass,2012-11-08
2946,Cornelia Wacana,1967-06-15,Semarang,SME,2014-06-05
2947,Elma Permadi,1961-10-01,Semarang,Mass,2019-07-07
2948,dr. Bakidin Damanik S.Kom,1981-11-08,Yogyakarta,SME,2013-02-19
2949,Harsanto Waskita,1977-11-30,Surabaya,Mass,2010-03-17
2950,Septi Yolanda,1992-04-17,Surabaya,Mass,2025-06-16
2951,Banawa Salahudin,1999-11-26,Medan,Priority,2022-01-21
2952,Wani Astuti,1973-01-06,Yogyakarta,Mass,2021-09-26
2953,Yani Saragih M.Ak,2002-09-14,Surabaya,Mass,2024-09-11
2954,Gatot Widiastuti,1981-03-06,Bandung,SME,2020-05-19
2955,Rafi Uwais,1967-05-14,Yogyakarta,SME,2021-10-05
2956,Sutan Jindra Hassanah,1974-04-02,Bandung,Mass,2019-05-04
2957,Nabila Santoso,2003-10-28,Surabaya,Priority,2021-11-03
2958,Ir. Lintang Iswahyudi,1991-02-18,Medan,Mass,2012-02-08
2959,dr. Rosman Uwais M.Ak,1962-09-28,Semarang,Mass,2024-01-07
2960,Ibrahim Usamah,1975-09-20,Medan,SME,2024-04-09
2961,Cornelia Gunarto,1960-08-19,Surabaya,Mass,2014-04-28
2962,Tgk. Jaiman Wastuti,1992-09-18,Surabaya,Priority,2017-07-23
2963,Marsudi Mangunsong,2001-11-28,Medan,Mass,2022-10-02
2964,Paramita Usamah,1969-02-01,Medan,Mass,2011-09-27
2965,Karna Hutasoit S.Pd,1972-07-23,Surabaya,Mass,2013-12-31
2966,Maya Hutapea,1995-09-30,Medan,Priority,2025-06-12
2967,drg. Eja Maryadi S.E.I,1974-10-23,Medan,Mass,2022-11-29
2968,Unggul Salahudin S.H.,1989-12-26,Bandung,Mass,2020-08-14
2969,dr. Ega Purnawati,1969-09-16,Medan,Mass,2012-01-19
2970,Kusuma Hutagalung,1981-04-30,Surabaya,Mass,2010-01-03
2971,Kambali Kurniawan,1966-02-22,Semarang,Mass,2021-06-23
2972,dr. Hendri Kuswoyo,1974-09-03,Medan,Priority,2016-10-14
2973,Salimah Purnawati,1985-02-15,Semarang,Priority,2018-10-27
2974,Tgk. Kamila Rajasa M.Farm,1975-12-04,Medan,Mass,2016-12-28
2975,Pranawa Mardhiyah,1999-08-15,Bandung,SME,2024-05-24
2976,Balijan Wijayanti,1997-05-23,Yogyakarta,Mass,2018-06-29
2977,Elma Najmudin,1985-02-21,Semarang,Priority,2019-11-27
2978,drg. Aurora Hutasoit S.Farm,1990-09-29,Medan,SME,2012-09-12
2979,Ifa Sihotang M.Farm,1975-08-14,Jakarta,SME,2013-12-29
2980,Mutia Winarsih M.M.,1994-07-28,Yogyakarta,Mass,2020-04-26
2981,Tgk. Jasmin Nashiruddin,1985-02-09,Semarang,Mass,2014-04-14
2982,Cengkal Hutapea,1968-10-13,Surabaya,Mass,2019-12-01
2983,Rahmi Rajata S.IP,1986-04-18,Surabaya,Mass,2016-12-17
2984,Patricia Budiyanto,2001-01-29,Medan,SME,2021-11-29
2985,Harto Latupono,1972-03-31,Yogyakarta,Mass,2010-10-02
2986,Cawisono Yolanda,1977-11-12,Yogyakarta,Priority,2010-12-26
2987,Michelle Waskita,1988-01-18,Medan,SME,2011-04-14
2988,Hj. Uli Suartini M.Kom.,1987-04-03,Semarang,Mass,2024-03-07
2989,Raina Susanti,1993-08-21,Medan,Priority,2026-02-23
2990,Shakila Wulandari,1976-07-29,Medan,SME,2010-08-25
2991,Samiah Widodo S.Pd,1991-08-27,Bandung,Mass,2013-12-20
2992,Budi Mansur,1962-07-07,Yogyakarta,Priority,2019-12-12
2993,Dadap Kusumo,1964-05-16,Surabaya,SME,2022-03-16
2994,Cut Tami Nainggolan S.Ked,1989-05-21,Yogyakarta,Mass,2023-10-09
2995,Jaya Yulianti,1998-01-18,Surabaya,SME,2026-02-15
2996,Martaka Permadi,2000-08-17,Yogyakarta,SME,2025-03-12
2997,Zaenab Utami,1960-08-20,Semarang,Mass,2024-11-26
2998,Drs. Fitriani Irawan S.Pd,1990-01-14,Jakarta,Mass,2011-05-19
2999,drg. Cakrajiya Kusmawati S.Farm,1966-08-13,Jakarta,Mass,2015-12-25
3000,Bambang Marbun,1972-05-11,Bandung,Priority,2023-08-26
3001,Okta Handayani,1967-10-04,Yogyakarta,SME,2024-04-01
3002,Nadine Damanik,1973-12-16,Medan,Mass,2016-02-21
3003,Dr. Restu Prasasta S.Kom,1980-11-30,Yogyakarta,Mass,2022-09-29
3004,Qori Wijaya,1963-12-15,Jakarta,Mass,2012-08-10
3005,Ganda Anggriawan,1968-04-29,Medan,Priority,2017-02-13
3006,Lasmono Astuti,1994-05-23,Jakarta,Mass,2016-03-05
3007,Zizi Lailasari,1980-08-25,Yogyakarta,SME,2011-10-28
3008,Ratna Riyanti M.Pd,1997-07-23,Yogyakarta,SME,2023-03-07
3009,Ani Laksita,1993-07-11,Surabaya,Mass,2014-06-28
3010,Nova Mulyani,1967-12-26,Bandung,Mass,2016-04-04
3011,Ir. Shania Laksita,1970-02-19,Surabaya,SME,2014-03-23
3012,Nasab Halim,2003-12-05,Surabaya,Priority,2023-07-27
3013,Dt. Indra Permata,1964-02-23,Surabaya,Mass,2020-12-27
3014,Puspa Haryanto,1994-08-24,Semarang,SME,2024-05-12
3015,Septi Agustina,1997-04-23,Jakarta,SME,2017-03-17
3016,Calista Lailasari,1977-04-19,Medan,Mass,2013-06-29
3017,Hj. Jelita Hassanah,1975-07-24,Yogyakarta,Priority,2024-06-28
3018,Maya Damanik S.E.,1975-05-08,Medan,Mass,2025-09-10
3019,Tari Nababan,1964-01-26,Bandung,Mass,2021-07-06
3020,Jelita Farida,1971-09-13,Jakarta,Mass,2010-09-15
3021,Jono Prasetya,1968-05-12,Bandung,Mass,2020-08-28
3022,Hj. Jessica Suartini,1976-09-12,Semarang,Priority,2022-08-24
3023,Hj. Nadia Mustofa S.Pd,1974-06-17,Jakarta,Priority,2025-09-23
3024,Tania Wibisono S.Farm,1967-02-13,Semarang,Mass,2019-06-15
3025,Hj. Safina Tarihoran M.Kom.,2000-07-03,Bandung,SME,2019-08-13
3026,R.M. Luthfi Pranowo S.Pd,1967-04-20,Medan,Mass,2020-06-21
3027,Ulva Irawan M.Kom.,1979-09-10,Semarang,Mass,2023-10-31
3028,Cawuk Pangestu,1992-10-14,Semarang,SME,2019-09-24
3029,Luluh Lestari,1992-06-12,Medan,Mass,2018-10-21
3030,Putu Agustina,1977-12-29,Jakarta,SME,2016-09-25
3031,Ilsa Prakasa,1994-03-26,Jakarta,Mass,2023-08-04
3032,Kalim Hardiansyah,2002-10-17,Semarang,Mass,2024-01-07
3033,Gatot Rajata,1982-12-22,Surabaya,SME,2013-09-25
3034,Shania Manullang,1968-11-25,Bandung,Mass,2022-09-27
3035,Raden Mardhiyah,1995-05-16,Jakarta,Mass,2014-07-25
3036,Respati Haryanto,1995-12-14,Semarang,Mass,2021-09-13
3037,Mala Latupono,1960-01-14,Bandung,Mass,2024-10-09
3038,R.A. Devi Purwanti,1973-07-07,Jakarta,Mass,2016-11-24
3039,Jinawi Rajata,1979-08-01,Yogyakarta,Mass,2012-01-09
3040,Violet Thamrin,1984-11-28,Jakarta,Mass,2018-05-24
3041,Dt. Prasetya Puspita S.T.,1964-06-24,Medan,Priority,2020-07-23
3042,Simon Mulyani,2000-12-11,Yogyakarta,Mass,2024-03-24
3043,Hj. Ciaobella Hardiansyah,1991-09-05,Jakarta,Mass,2015-06-12
3044,Wirda Haryanti,1994-03-24,Semarang,Priority,2015-03-17
3045,Puti Cici Suryatmi M.Ak,1996-10-09,Medan,Mass,2024-04-13
3046,R. Ridwan Purwanti S.Gz,1975-07-24,Yogyakarta,Priority,2020-12-14
3047,R. Caturangga Usamah,1969-12-11,Bandung,Priority,2023-08-26
3048,Tedi Putra,1976-04-01,Medan,SME,2017-08-16
3049,Endah Siregar,1986-11-16,Jakarta,Priority,2018-12-06
3050,Maimunah Mayasari M.Kom.,1982-06-05,Jakarta,Mass,2014-03-20
3051,Cinthia Mangunsong S.I.Kom,1964-03-01,Semarang,Priority,2017-08-13
3052,Yuliana Mandala,1966-10-05,Surabaya,Mass,2016-05-23
3053,Samsul Pangestu,1961-07-24,Semarang,Mass,2015-11-09
3054,Lidya Ardianto,1990-08-10,Jakarta,Mass,2021-08-09
3055,Rafid Kusmawati,1975-07-14,Yogyakarta,Mass,2025-05-22
3056,Irma Mayasari,1996-01-17,Bandung,Mass,2014-04-22
3057,Bakiadi Santoso,1982-09-28,Yogyakarta,Mass,2018-08-12
3058,Tina Agustina,1989-04-30,Semarang,Mass,2025-01-12
3059,Siti Widiastuti,1973-08-03,Surabaya,Priority,2019-07-14
3060,Cakrawangsa Nuraini,1987-01-28,Medan,Mass,2020-02-06
3061,Winda Pradana,1991-12-09,Medan,SME,2017-07-07
3062,Rama Aryani,1995-03-27,Semarang,Mass,2017-03-26
3063,Laila Haryanti,1999-01-15,Jakarta,Mass,2024-08-04
3064,Drs. Wulan Zulaika S.I.Kom,2002-07-14,Bandung,Mass,2023-05-31
3065,Ilyas Maulana,1992-08-21,Semarang,Mass,2020-10-30
3066,Dt. Nasim Maryati S.Pt,1961-10-14,Semarang,Mass,2012-09-22
3067,Gandi Sihotang,1999-11-20,Yogyakarta,Mass,2024-08-04
3068,Vera Marbun,1975-02-19,Surabaya,Priority,2025-02-20
3069,Almira Wijaya,1984-05-06,Bandung,Mass,2015-12-30
3070,Dt. Mitra Yuniar S.E.I,1960-10-14,Surabaya,Mass,2020-01-08
3071,Cut Siti Wijayanti,1986-09-22,Surabaya,Priority,2012-07-03
3072,T. Hari Wacana,1993-02-18,Bandung,Mass,2020-01-03
3073,Naradi Puspasari S.Pd,1964-03-29,Yogyakarta,Mass,2012-10-29
3074,Uli Sihotang S.I.Kom,1979-05-04,Surabaya,SME,2016-02-29
3075,Raden Setiawan,1970-12-13,Medan,Mass,2021-09-28
3076,Drs. Viman Maulana,1974-08-25,Jakarta,Mass,2018-05-12
3077,Latika Hassanah S.Kom,1996-06-11,Semarang,Mass,2016-09-12
3078,Drs. Pandu Safitri,1975-02-25,Yogyakarta,Mass,2024-04-13
3079,Ilyas Situmorang S.Sos,1961-01-01,Yogyakarta,Mass,2014-02-15
3080,Sutan Teguh Sihombing S.Pt,1993-04-25,Semarang,SME,2013-01-29
3081,Kawaya Sitorus,1985-08-10,Surabaya,Mass,2015-11-08
3082,Tari Mahendra,1998-04-26,Bandung,Priority,2025-03-16
3083,Dr. Edi Prabowo,1976-10-14,Semarang,Mass,2022-11-10
3084,Kajen Puspasari,1972-04-29,Bandung,Mass,2025-06-14
3085,Putri Siregar,1962-01-19,Semarang,SME,2023-07-25
3086,Ir. Capa Damanik S.Ked,1972-10-12,Jakarta,Mass,2016-02-12
3087,Dr. Lega Rajata S.H.,1995-01-30,Yogyakarta,Mass,2022-05-12
3088,Tgk. Tari Anggraini M.TI.,1980-09-28,Yogyakarta,Mass,2023-06-09
3089,Opan Halim,1970-01-31,Yogyakarta,Mass,2010-05-29
3090,dr. Hana Utami M.TI.,1987-06-04,Yogyakarta,Priority,2016-06-15
3091,Dewi Hardiansyah,1986-05-16,Yogyakarta,Mass,2019-06-09
3092,Ir. Wage Maheswara M.M.,1977-06-14,Medan,Mass,2020-09-01
3093,Queen Ardianto,1974-05-04,Semarang,Mass,2017-10-08
3094,Jessica Prakasa,1969-06-13,Yogyakarta,Mass,2021-12-09
3095,H. Laksana Pratiwi M.Pd,1971-06-21,Jakarta,Priority,2019-01-14
3096,Ir. Gina Tampubolon S.Pd,2003-05-30,Yogyakarta,Mass,2021-11-01
3097,Salwa Pertiwi,1963-09-23,Yogyakarta,SME,2014-08-28
3098,Cahyono Waluyo M.TI.,1973-08-21,Surabaya,Mass,2016-07-18
3099,Hilda Jailani S.Psi,1961-04-29,Medan,Mass,2013-07-01
3100,Drs. Dadi Tarihoran,1975-10-10,Semarang,Mass,2022-09-02
3101,Cinthia Maulana,1993-09-14,Medan,Priority,2018-01-21
3102,Lintang Zulkarnain S.Pt,1976-10-31,Bandung,Mass,2022-01-21
3103,Aswani Anggraini,1964-05-07,Bandung,Mass,2018-11-16
3104,Jaswadi Prabowo,1985-08-08,Bandung,SME,2016-06-28
3105,Citra Uwais,1984-09-03,Surabaya,Priority,2019-03-01
3106,Karsa Waskita M.Farm,2000-05-23,Surabaya,Mass,2025-02-05
3107,Dr. Prayogo Widodo,1988-04-09,Yogyakarta,SME,2012-05-15
3108,Tgk. Restu Mandasari S.Farm,1994-03-03,Medan,Mass,2019-04-14
3109,Shakila Lestari,1970-02-05,Semarang,Priority,2019-01-23
3110,Lidya Marpaung S.E.I,1997-01-21,Semarang,Mass,2025-05-30
3111,R.M. Jayeng Haryanti,1977-12-11,Jakarta,Mass,2016-06-20
3112,Niyaga Mulyani,1980-10-24,Bandung,Priority,2024-09-19
3113,Drs. Devi Prabowo M.M.,1977-03-12,Yogyakarta,Mass,2023-01-05
3114,Ami Manullang,1978-05-28,Yogyakarta,Mass,2014-03-28
3115,Tgk. Viman Lazuardi,1987-05-08,Medan,SME,2023-11-27
3116,drg. Carla Lazuardi,1985-08-05,Jakarta,Mass,2019-03-03
3117,Queen Siregar,1967-06-20,Yogyakarta,Mass,2022-10-08
3118,Karman Mangunsong,2002-09-12,Jakarta,Priority,2022-10-05
3119,Hardana Samosir,1977-06-18,Medan,SME,2022-05-20
3120,Ilsa Sihombing,1980-07-14,Yogyakarta,SME,2018-04-12
3121,Ana Megantara,1981-03-07,Bandung,Mass,2025-12-27
3122,Purwanto Rahmawati,1962-11-27,Bandung,Mass,2010-09-11
3123,Alika Samosir,1970-12-28,Medan,Mass,2025-05-02
3124,Gasti Najmudin,1995-09-28,Semarang,Mass,2017-09-10
3125,Dr. Ade Maheswara M.Pd,1996-01-19,Bandung,Mass,2021-06-19
3126,Betania Gunawan,1960-04-22,Yogyakarta,Priority,2010-09-22
3127,Novi Pertiwi,1981-02-02,Jakarta,Priority,2018-08-23
3128,Padmi Hartati,1999-08-16,Medan,Mass,2025-08-21
3129,Violet Waluyo,1989-01-09,Yogyakarta,Mass,2021-12-24
3130,Zahra Sudiati,1997-02-16,Jakarta,Mass,2023-04-04
3131,Prabowo Mandala,1997-02-25,Yogyakarta,Priority,2024-05-12
3132,Ir. Jagaraga Hartati,1977-12-01,Medan,Priority,2026-01-27
3133,Ikin Maryadi S.Psi,1979-03-23,Jakarta,Mass,2012-10-13
3134,Raharja Oktaviani,1993-12-31,Jakarta,Priority,2024-12-27
3135,Leo Wasita S.Sos,1978-07-09,Surabaya,Mass,2024-09-22
3136,Uda Widodo,1995-09-08,Bandung,Mass,2024-06-30
3137,Puput Gunawan,1988-10-19,Jakarta,Mass,2025-07-23
3138,Tirtayasa Handayani S.T.,1993-10-03,Surabaya,Mass,2017-03-25
3139,Bakidin Marbun S.Ked,1974-10-31,Yogyakarta,Mass,2020-02-07
3140,Hj. Wulan Saragih,1986-08-31,Bandung,Mass,2010-10-20
3141,Ir. Bancar Yuniar,1961-03-01,Surabaya,Mass,2014-12-16
3142,R. Dadi Safitri,1973-10-03,Bandung,Mass,2026-01-21
3143,Drs. Praba Habibi,1981-04-27,Semarang,Priority,2025-12-29
3144,Drs. Fitriani Kusmawati,1993-05-12,Bandung,Mass,2014-03-26
3145,Dt. Banawa Wahyuni,1971-07-17,Bandung,Mass,2024-04-13
3146,R.M. Yono Budiyanto,1986-02-28,Bandung,Mass,2016-10-17
3147,Winda Putra,1976-05-02,Medan,Priority,2026-03-05
3148,Radit Prastuti,1981-05-24,Bandung,SME,2023-11-15
3149,Chelsea Nasyidah,1966-12-28,Medan,Mass,2023-03-03
3150,dr. Lalita Rahmawati,1976-12-14,Yogyakarta,Mass,2020-11-19
3151,Joko Damanik,1981-08-15,Semarang,SME,2013-12-07
3152,Maya Najmudin,1989-12-30,Surabaya,Mass,2011-06-15
3153,Aisyah Nuraini,1970-01-23,Surabaya,Mass,2013-05-14
3154,Kezia Rajasa,1989-02-26,Surabaya,Mass,2014-06-02
3155,Balijan Januar,2000-12-09,Jakarta,SME,2026-02-01
3156,R.M. Edison Megantara,2000-04-15,Yogyakarta,Mass,2020-11-01
3157,Dodo Irawan,1961-06-22,Yogyakarta,Mass,2018-12-09
3158,Gaiman Wasita,1982-10-05,Surabaya,Mass,2011-07-05
3159,Cawisadi Halim M.Ak,1997-12-22,Medan,SME,2024-04-10
3160,Elvina Dongoran,1980-01-13,Medan,Mass,2022-09-17
3161,Amelia Salahudin S.Sos,1995-10-06,Yogyakarta,SME,2017-11-05
3162,Galuh Megantara,1970-03-30,Yogyakarta,Mass,2025-06-20
3163,Janet Rajata,2003-12-07,Surabaya,Mass,2025-05-02
3164,Yunita Lazuardi,1993-05-02,Yogyakarta,SME,2015-08-01
3165,Damar Permadi,2000-08-24,Medan,Mass,2020-02-13
3166,Drs. Langgeng Prakasa M.Kom.,1970-12-10,Medan,Mass,2023-02-19
3167,KH. Johan Winarno,1984-02-01,Surabaya,Priority,2011-02-23
3168,Embuh Halim,1968-10-23,Jakarta,Mass,2020-09-23
3169,Malika Puspasari,1968-11-08,Medan,Mass,2012-03-29
3170,Bella Laksmiwati,1981-11-08,Medan,Mass,2016-09-23
3171,Hasim Usada,1998-08-17,Yogyakarta,SME,2017-11-11
3172,Vino Budiyanto,1968-09-26,Yogyakarta,Mass,2023-03-18
3173,Puspa Rahmawati,1960-01-09,Semarang,Mass,2015-08-25
3174,Baktianto Prayoga M.Pd,1988-04-23,Surabaya,Mass,2013-12-17
3175,Panji Mahendra S.Pd,1972-09-23,Surabaya,Mass,2024-06-22
3176,drg. Melinda Hutasoit,1971-03-03,Surabaya,Priority,2017-08-26
3177,Hj. Olivia Putra S.E.I,1973-11-07,Semarang,Mass,2024-01-15
3178,Puput Narpati,1981-11-14,Surabaya,SME,2010-02-23
3179,Sutan Kawaya Anggraini M.Pd,1981-02-07,Bandung,Mass,2021-02-13
3180,Azalea Adriansyah,1990-03-10,Jakarta,SME,2016-10-31
3181,Dr. Yance Safitri S.Pd,1975-05-12,Yogyakarta,Mass,2024-04-22
3182,Caturangga Adriansyah S.Gz,1968-09-06,Bandung,Mass,2012-06-09
3183,Humaira Rahimah,1973-09-12,Medan,Mass,2017-03-06
3184,Zalindra Zulaika,1973-06-17,Bandung,Mass,2023-09-03
3185,Kamaria Usamah,1974-07-10,Bandung,Priority,2013-07-05
3186,Lanang Melani,1998-03-27,Medan,Priority,2017-12-28
3187,Aurora Marpaung,2002-11-30,Semarang,Priority,2023-10-18
3188,Patricia Pratiwi S.Pt,1994-12-23,Bandung,SME,2019-01-02
3189,Clara Widodo,2001-11-29,Surabaya,Mass,2023-04-21
3190,Dewi Mandala M.Pd,1992-08-06,Yogyakarta,Mass,2018-07-10
3191,Mala Pranowo,1979-01-29,Semarang,Priority,2022-08-20
3192,Drs. Wani Simanjuntak,1994-03-11,Jakarta,SME,2021-03-29
3193,Warsita Siregar S.T.,1988-12-19,Semarang,Priority,2013-02-20
3194,H. Jabal Saputra S.H.,1996-09-18,Bandung,Priority,2019-03-28
3195,Galur Siregar S.Kom,1997-05-06,Jakarta,Mass,2019-07-09
3196,Rahayu Sitompul,1974-08-11,Medan,Priority,2022-07-08
3197,Vino Mansur,1987-09-14,Semarang,SME,2021-04-13
3198,Virman Adriansyah M.Ak,1963-05-04,Bandung,Mass,2015-06-15
3199,Agnes Anggriawan,2002-03-26,Jakarta,Priority,2025-06-27
3200,Cawuk Zulkarnain M.Pd,1990-11-07,Semarang,Mass,2025-11-05
3201,Tiara Lestari S.Sos,1986-04-16,Jakarta,Mass,2018-05-31
3202,R. Pandu Yulianti,1975-05-16,Medan,Mass,2016-03-11
3203,Bahuwarna Nasyiah S.Ked,1964-12-24,Bandung,SME,2020-08-01
3204,Hj. Maimunah Wulandari S.IP,1974-07-23,Bandung,SME,2019-04-13
3205,Yulia Waluyo,1973-05-28,Bandung,Mass,2022-11-16
3206,Ir. Kani Wibisono S.E.,1970-12-31,Medan,Mass,2017-05-09
3207,Cut Dewi Hariyah S.I.Kom,1971-09-11,Medan,Priority,2022-06-27
3208,Ibun Anggriawan,1966-04-20,Yogyakarta,Priority,2011-07-12
3209,Paiman Damanik,2002-12-08,Surabaya,SME,2025-09-15
3210,T. Maman Tamba S.Kom,1993-07-09,Bandung,Mass,2016-04-28
3211,Rahman Susanti,1980-09-01,Surabaya,Mass,2018-02-15
3212,Gadang Prasetya S.H.,1971-06-15,Yogyakarta,SME,2023-07-16
3213,Karen Firgantoro,1965-05-06,Semarang,Mass,2024-05-28
3214,Nilam Sudiati,1995-10-20,Medan,Mass,2014-11-12
3215,Adiarja Napitupulu,1976-10-02,Medan,Mass,2010-05-13
3216,Hj. Lala Kusumo S.T.,2003-01-20,Surabaya,Priority,2023-11-13
3217,Drs. Nilam Narpati,1972-09-04,Surabaya,Priority,2022-11-22
3218,Sutan Maryanto Pratiwi,1985-05-10,Medan,Priority,2012-01-25
3219,Mahmud Suartini M.Farm,1967-02-05,Jakarta,Mass,2021-07-08
3220,Atmaja Rahmawati,1987-05-13,Bandung,Priority,2024-08-01
3221,Panca Haryanto,1979-05-01,Semarang,Mass,2016-03-18
3222,Eka Purnawati,1989-03-05,Jakarta,Mass,2017-05-30
3223,R.A. Putri Saefullah S.Kom,1975-03-30,Medan,Priority,2020-03-08
3224,Hj. Ayu Wastuti M.Pd,1999-11-23,Semarang,Mass,2018-02-13
3225,Tgk. Sabrina Purwanti,1987-12-23,Jakarta,Mass,2018-09-30
3226,Ade Aryani,1979-02-28,Surabaya,SME,2013-05-17
3227,Muni Yulianti S.Gz,1990-04-04,Medan,Mass,2017-04-29
3228,dr. Mala Wasita S.T.,1968-12-26,Surabaya,SME,2022-11-19
3229,Maman Maryati,1966-11-05,Bandung,Mass,2014-03-28
3230,Nilam Tarihoran,1964-07-11,Medan,Mass,2010-08-03
3231,KH. Artawan Prasetyo,1994-12-18,Medan,Mass,2015-10-22
3232,Estiawan Andriani,1974-09-09,Bandung,Priority,2017-01-27
3233,drg. Galih Ardianto,1973-08-03,Semarang,SME,2013-08-30
3234,Febi Sitorus,2001-12-31,Surabaya,Mass,2022-06-03
3235,Tasnim Pertiwi,1965-07-10,Jakarta,Mass,2018-05-31
3236,Dt. Okto Prasetyo S.Farm,1977-01-23,Semarang,Mass,2011-02-08
3237,Vero Prayoga,1969-03-23,Medan,Priority,2018-07-15
3238,Catur Sitompul,2003-06-24,Medan,SME,2022-06-12
3239,Bella Utami,1965-06-16,Bandung,Mass,2013-08-27
3240,Bakti Dabukke M.Kom.,1987-02-17,Yogyakarta,SME,2018-01-14
3241,Yani Dongoran,1968-07-26,Jakarta,Priority,2014-09-20
3242,Hj. Juli Ramadan,1981-06-10,Medan,Mass,2015-09-23
3243,Balangga Kusmawati,1960-09-21,Semarang,Priority,2010-03-01
3244,Yusuf Siregar,2003-02-18,Jakarta,Mass,2025-12-05
3245,Cut Yuni Sitorus M.TI.,1997-07-10,Semarang,SME,2016-03-29
3246,Sutan Warsa Hidayanto M.Ak,1973-06-27,Yogyakarta,Mass,2015-02-22
3247,Dr. Vanesa Kuswoyo,1996-05-04,Semarang,Mass,2023-01-25
3248,Ivan Prastuti S.IP,1992-09-23,Surabaya,Mass,2025-03-27
3249,Aswani Firmansyah,1967-12-15,Jakarta,Mass,2022-08-31
3250,Iriana Haryanto,1966-04-16,Semarang,Priority,2025-08-04
3251,R.M. Aswani Handayani S.Gz,1986-09-29,Yogyakarta,Priority,2014-09-15
3252,Rahmi Utami,1987-09-14,Bandung,Mass,2019-04-22
3253,Bella Jailani,2001-12-31,Bandung,Priority,2025-10-20
3254,Asman Purwanti S.Gz,1968-02-23,Jakarta,Priority,2018-03-10
3255,Zizi Wibowo,1982-04-26,Surabaya,Mass,2014-07-30
3256,Cinta Safitri,2000-10-09,Medan,Mass,2021-09-25
3257,dr. Daruna Rahimah M.Ak,1974-11-15,Semarang,Mass,2010-08-22
3258,Jaeman Winarno,2000-12-24,Jakarta,Mass,2023-07-16
3259,Wulan Aryani,1992-05-29,Bandung,Mass,2022-03-05
3260,Ir. Cinthia Sirait,1975-08-22,Jakarta,Mass,2014-12-30
3261,Wakiman Wulandari S.Ked,1965-01-15,Semarang,SME,2020-09-01
3262,Padma Sitompul,1979-10-03,Medan,Priority,2013-01-06
3263,R.A. Cici Jailani,1973-12-20,Semarang,SME,2020-09-06
3264,Legawa Hidayat,1965-10-01,Yogyakarta,Mass,2017-03-30
3265,R.A. Queen Mahendra,1989-12-25,Jakarta,Mass,2026-01-25
3266,Kacung Rajasa S.I.Kom,1968-10-20,Bandung,Mass,2012-10-27
3267,Novi Safitri,1970-02-12,Jakarta,Priority,2024-10-14
3268,Fitria Prasasta,1972-08-30,Jakarta,Mass,2023-10-18
3269,Raditya Gunawan,1968-04-12,Surabaya,Mass,2024-10-15
3270,Cagak Saragih,1989-12-24,Medan,Mass,2023-04-02
3271,drg. Oliva Yulianti,1994-02-01,Surabaya,Mass,2015-01-10
3272,Tgk. Galang Padmasari M.Pd,1966-07-07,Yogyakarta,SME,2022-12-30
3273,R.M. Cakrajiya Halimah S.Pd,1993-07-20,Yogyakarta,Mass,2020-03-04
3274,dr. Icha Uwais,2003-12-09,Jakarta,Mass,2022-12-12
3275,Karja Rahmawati,1997-06-21,Bandung,Mass,2024-05-15
3276,Mustika Maulana S.Gz,1960-07-10,Semarang,Mass,2022-10-31
3277,Jono Purwanti,1968-06-03,Medan,Mass,2024-02-07
3278,Cut Lintang Situmorang S.Kom,1980-04-30,Surabaya,Mass,2023-12-08
3279,Manah Pangestu,1993-06-01,Yogyakarta,Priority,2017-09-01
3280,R. Ganep Nainggolan M.Kom.,1975-02-16,Surabaya,Mass,2014-03-07
3281,Talia Hastuti M.Ak,1994-08-18,Semarang,Priority,2024-12-04
3282,Julia Prastuti M.Farm,1998-05-29,Medan,Mass,2020-03-26
3283,Raisa Salahudin,1979-02-18,Jakarta,SME,2024-05-28
3284,Julia Marpaung,1964-03-29,Semarang,SME,2015-02-04
3285,Jaeman Gunarto,1984-09-09,Surabaya,Mass,2025-12-26
3286,Gawati Adriansyah,1973-10-09,Semarang,Mass,2020-02-25
3287,Darmana Pradana M.M.,2003-05-06,Medan,Mass,2026-03-11
3288,R.A. Halima Laksmiwati,1968-09-27,Yogyakarta,Mass,2013-03-06
3289,Vivi Sitompul S.Sos,1968-11-29,Medan,Mass,2017-12-09
3290,Heru Nashiruddin,1985-04-01,Medan,Mass,2021-11-25
3291,Cut Karen Anggriawan S.Pt,1976-04-07,Bandung,Priority,2022-02-06
3292,Ana Puspita,1967-06-25,Bandung,Mass,2018-05-26
3293,Caket Siregar,1988-06-24,Medan,Mass,2024-03-24
3294,Febi Usamah,1984-04-04,Semarang,SME,2023-09-04
3295,dr. Aurora Dabukke,1962-03-12,Surabaya,Mass,2018-12-28
3296,Dalimin Suryono,2003-08-08,Semarang,Mass,2023-12-13
3297,Darmaji Saptono,1992-05-13,Jakarta,Mass,2017-01-29
3298,Ellis Sirait M.Pd,1989-12-20,Bandung,SME,2016-12-27
3299,Cemani Napitupulu,1986-08-23,Jakarta,Priority,2011-07-02
3300,Cecep Saptono,1966-06-13,Bandung,Priority,2020-10-14
3301,Ajimat Wastuti,1977-07-20,Yogyakarta,Mass,2013-07-30
3302,Harjasa Yolanda,1968-09-03,Surabaya,Mass,2015-07-30
3303,R. Gandi Pranowo S.Pd,1966-04-19,Jakarta,Priority,2019-01-02
3304,Halima Uwais,2002-05-12,Bandung,Mass,2022-01-18
3305,Tgk. Mitra Narpati M.TI.,1972-05-10,Jakarta,Priority,2017-05-06
3306,Drs. Teguh Fujiati S.Pt,1973-12-16,Jakarta,Priority,2021-10-04
3307,Cakrabirawa Mustofa,1981-02-17,Yogyakarta,Mass,2015-03-18
3308,Sutan Dadi Nasyidah S.Sos,1984-04-11,Semarang,Mass,2023-09-07
3309,Kasiyah Simanjuntak M.Ak,1999-04-05,Jakarta,Mass,2020-04-18
3310,Siska Prasasta,1965-01-22,Semarang,Mass,2024-01-23
3311,Prabowo Susanti,1999-04-22,Yogyakarta,SME,2025-04-02
3312,R.A. Zulaikha Nasyiah,1994-01-08,Bandung,Mass,2018-07-15
3313,Widya Maryadi,1992-10-28,Medan,SME,2024-05-05
3314,Hilda Habibi,1998-12-30,Semarang,SME,2024-06-09
3315,Raden Setiawan S.E.I,1978-11-30,Yogyakarta,Mass,2011-04-10
3316,Drs. Restu Lestari S.Kom,1997-10-13,Yogyakarta,Mass,2023-11-21
3317,Cindy Halimah M.Ak,1988-09-20,Surabaya,Mass,2021-05-23
3318,Caturangga Melani,1975-12-31,Jakarta,Mass,2011-11-12
3319,Umi Yuliarti,1970-11-21,Semarang,Mass,2023-02-20
3320,Dr. Hardi Mandasari M.TI.,1989-11-09,Jakarta,SME,2015-12-18
3321,Elma Sinaga,1985-02-24,Medan,Mass,2023-08-10
3322,Kasiyah Novitasari M.Kom.,1999-01-16,Semarang,Mass,2024-07-07
3323,Nilam Kusmawati S.T.,1986-06-25,Jakarta,Mass,2024-05-31
3324,drg. Suci Padmasari,2003-05-13,Bandung,Mass,2025-08-19
3325,Argono Pranowo S.H.,1991-10-26,Semarang,Priority,2023-07-18
3326,Jabal Prakasa,1975-07-31,Semarang,SME,2024-07-06
3327,Gasti Samosir,1998-09-24,Jakarta,SME,2022-07-31
3328,Keisha Pertiwi,1993-05-23,Yogyakarta,SME,2021-01-23
3329,Warji Wahyudin,1985-06-06,Jakarta,Priority,2014-01-20
3330,Pia Hutasoit,1964-06-06,Semarang,Priority,2016-07-22
3331,Pardi Hutasoit,1998-02-07,Surabaya,Mass,2026-01-30
3332,Maimunah Maryati,1975-06-07,Bandung,Mass,2017-11-26
3333,Ghaliyati Padmasari,1974-07-22,Yogyakarta,SME,2020-04-11
3334,Jaka Mulyani,1994-06-23,Bandung,Mass,2016-01-24
3335,dr. Maria Hartati,1989-01-29,Yogyakarta,Mass,2017-03-21
3336,Mala Wasita,1995-01-12,Semarang,SME,2016-11-16
3337,Wani Mandasari,1975-10-12,Medan,Priority,2023-10-29
3338,Humaira Wibowo,1974-03-14,Jakarta,SME,2016-11-10
3339,Cemani Handayani,1988-09-06,Surabaya,Priority,2019-02-09
3340,Eman Yuliarti,1968-05-08,Bandung,Mass,2018-08-02
3341,Gatot Hutasoit,1975-09-23,Semarang,SME,2017-07-23
3342,Zaenab Mardhiyah,2003-01-12,Surabaya,Mass,2021-12-18
3343,Dr. Margana Hutapea,1986-02-05,Medan,Priority,2016-12-18
3344,T. Wira Pradana S.IP,1973-04-15,Medan,Mass,2022-07-23
3345,Bagus Tarihoran,1963-05-29,Jakarta,Mass,2014-06-16
3346,Kenes Pangestu,2001-01-11,Surabaya,Mass,2023-07-22
3347,Faizah Wulandari,1983-11-25,Semarang,Mass,2017-12-08
3348,Hafshah Sihombing,1964-08-24,Medan,Mass,2016-08-04
3349,Yulia Zulaika S.T.,1974-07-11,Semarang,SME,2015-01-16
3350,Nrima Suartini,1984-07-31,Yogyakarta,SME,2013-06-23
3351,Sabar Palastri,1982-03-07,Yogyakarta,SME,2015-01-13
3352,Ajeng Salahudin,1999-04-04,Semarang,Priority,2019-10-11
3353,Yuni Situmorang,1966-07-09,Surabaya,Mass,2010-04-12
3354,dr. Warsita Waskita M.Farm,1998-06-19,Semarang,SME,2023-04-26
3355,Ir. Adinata Halimah M.TI.,1984-12-14,Medan,Mass,2022-05-13
3356,R.M. Sakti Widodo S.H.,1998-01-13,Medan,Mass,2021-11-02
3357,Nyoman Pranowo,1999-11-10,Yogyakarta,Mass,2022-03-09
3358,Gina Maryati,1996-01-15,Semarang,Mass,2019-12-09
3359,Drs. Usyi Hastuti,1974-05-12,Surabaya,Mass,2022-02-13
3360,Yulia Hariyah S.Psi,1974-06-06,Bandung,Priority,2025-10-03
3361,R. Galar Nainggolan S.Farm,1965-10-10,Medan,Priority,2012-03-02
3362,H. Hamzah Pranowo M.M.,1974-01-23,Medan,Mass,2012-05-08
3363,Zulaikha Puspita,1992-03-09,Yogyakarta,SME,2025-12-02
3364,Hardi Mandala,1980-11-14,Medan,SME,2016-01-14
3365,R. Ina Anggriawan,1987-10-04,Semarang,Mass,2019-10-28
3366,Yessi Wahyuni,2002-10-03,Jakarta,Mass,2021-09-13
3367,dr. Jessica Prasetyo S.Farm,1989-03-03,Surabaya,Mass,2011-04-17
3368,Silvia Waskita,1962-11-10,Surabaya,Mass,2025-04-19
3369,KH. Muhammad Nasyiah S.Pd,1985-07-22,Yogyakarta,Mass,2015-08-27
3370,Rini Damanik,1982-01-06,Yogyakarta,Priority,2019-08-31
3371,Cut Dina Mangunsong,1977-10-10,Yogyakarta,Mass,2014-10-29
3372,Qori Usamah,1991-04-11,Surabaya,Mass,2025-02-17
3373,Drs. Vino Sudiati M.Farm,1995-10-25,Semarang,Mass,2025-03-12
3374,drg. Kezia Putra S.Sos,2003-12-20,Medan,Mass,2025-10-10
3375,Kasusra Winarno,2003-07-21,Jakarta,Priority,2024-12-15
3376,Jaswadi Kurniawan,1986-05-08,Jakarta,Mass,2012-09-07
3377,Qori Hartati,1978-07-23,Yogyakarta,Mass,2013-08-13
3378,Umar Sihombing S.Pt,1994-09-15,Bandung,Mass,2016-09-18
3379,Bala Wulandari,1992-09-07,Surabaya,Mass,2013-05-08
3380,R.M. Anggabaya Suartini,1985-09-30,Yogyakarta,Mass,2025-09-21
3381,Aisyah Nashiruddin,1977-02-07,Semarang,Mass,2025-08-15
3382,Bagiya Winarno,1964-04-19,Surabaya,Mass,2016-12-24
3383,Farhunnisa Pradipta,1999-06-07,Semarang,Mass,2020-03-30
3384,Sakura Novitasari,1978-01-02,Bandung,Mass,2014-07-02
3385,Jaeman Hakim,1988-05-24,Surabaya,Mass,2011-10-31
3386,Padma Anggriawan,1983-07-02,Jakarta,SME,2015-10-13
3387,Gamanto Zulkarnain,1984-12-27,Yogyakarta,Mass,2011-04-30
3388,Endah Kusumo,1960-01-29,Jakarta,Mass,2021-11-13
3389,Kawaca Andriani,1973-09-26,Medan,Mass,2010-08-15
3390,Uli Hidayat,2002-11-14,Bandung,Priority,2021-10-28
3391,Zelaya Putra,1968-02-26,Bandung,SME,2022-01-02
3392,Tedi Putra,1999-02-13,Bandung,Mass,2024-10-07
3393,Mala Widiastuti,1967-12-08,Yogyakarta,SME,2019-11-20
3394,Endah Suartini,1982-10-04,Semarang,Mass,2013-05-04
3395,Tgk. Rini Pangestu,2001-12-14,Jakarta,Priority,2025-12-19
3396,H. Mahdi Haryanti,2001-12-10,Jakarta,Mass,2023-03-13
3397,Farah Ardianto,1986-06-21,Bandung,SME,2021-08-18
3398,Ivan Haryanto,1968-08-30,Bandung,SME,2023-07-15
3399,drg. Rahmi Prayoga M.TI.,2002-01-25,Yogyakarta,Mass,2025-02-25
3400,Qori Lestari,1995-03-04,Jakarta,Priority,2023-03-16
3401,Malika Permata,1975-03-06,Surabaya,Mass,2015-07-11
3402,Okto Iswahyudi,1968-06-12,Jakarta,Mass,2019-01-25
3403,Septi Hasanah,1996-05-16,Medan,Mass,2016-07-29
3404,Tira Salahudin,1974-05-18,Medan,Mass,2021-10-29
3405,Rahmi Natsir,1983-05-27,Medan,Priority,2018-11-04
3406,Hilda Nugroho,1974-05-15,Semarang,Priority,2013-01-14
3407,drg. Michelle Winarno,2002-05-10,Semarang,Mass,2025-02-14
3408,Cemplunk Purnawati S.IP,1981-12-31,Semarang,Mass,2010-07-15
3409,Tami Gunawan,1981-09-18,Semarang,Mass,2023-09-04
3410,Timbul Manullang,1994-07-30,Medan,SME,2013-10-19
3411,Sari Nasyiah,2002-06-21,Surabaya,SME,2021-06-16
3412,Salwa Hidayat,1984-05-07,Yogyakarta,Mass,2013-11-21
3413,Tari Pratama M.Kom.,1983-12-19,Jakarta,SME,2010-08-18
3414,Vanesa Puspasari,1968-06-11,Medan,Mass,2017-11-21
3415,Gading Hutagalung,1999-03-11,Yogyakarta,Mass,2022-01-15
3416,R. Johan Simbolon S.Farm,1982-10-27,Yogyakarta,Priority,2018-04-26
3417,Eli Ramadan,1964-06-04,Bandung,SME,2020-04-03
3418,Jono Gunawan,1963-04-10,Bandung,Mass,2026-01-06
3419,Aisyah Hidayanto,1988-09-22,Jakarta,Mass,2023-10-01
3420,Marsito Wulandari M.M.,1969-03-29,Jakarta,SME,2025-06-18
3421,Jasmin Wacana,2000-07-26,Yogyakarta,Priority,2021-04-01
3422,R.A. Lala Firgantoro S.Ked,1967-12-10,Bandung,Mass,2018-09-30
3423,Calista Mansur,1962-01-03,Bandung,Mass,2013-07-01
3424,Salsabila Hariyah,1989-12-27,Semarang,Priority,2015-10-17
3425,Malika Hidayat,1973-11-22,Yogyakarta,Priority,2014-08-06
3426,Kuncara Wahyuni,1978-05-10,Jakarta,Mass,2025-06-25
3427,Nasab Farida,1976-11-30,Bandung,Priority,2016-03-28
3428,Jarwi Setiawan,1971-05-15,Jakarta,Priority,2023-06-18
3429,R. Ella Budiyanto M.Ak,1961-11-15,Semarang,Mass,2025-08-11
3430,Cecep Sihombing,1963-03-01,Jakarta,Mass,2024-04-20
3431,Kasusra Wijaya,1962-12-25,Medan,Mass,2014-02-11
3432,Bahuwarna Winarsih,2002-11-07,Yogyakarta,SME,2024-08-27
3433,Dt. Murti Saputra S.E.I,1972-10-10,Surabaya,Mass,2022-01-11
3434,Kani Nugroho,1971-09-24,Jakarta,Mass,2012-06-07
3435,Nasab Firmansyah,2002-08-16,Medan,SME,2021-02-04
3436,Kasiran Pratama M.M.,1965-09-13,Jakarta,Mass,2021-08-16
3437,Alika Usada M.TI.,1964-12-30,Jakarta,SME,2015-02-17
3438,Mujur Wahyuni S.IP,1963-10-01,Jakarta,Mass,2025-07-23
3439,Shakila Samosir,1976-08-20,Yogyakarta,Mass,2019-10-29
3440,Anastasia Rahimah,1994-07-02,Yogyakarta,SME,2013-05-29
3441,Asirwada Waluyo,1994-06-22,Yogyakarta,Mass,2017-03-06
3442,Sutan Wisnu Prayoga S.I.Kom,1960-08-20,Surabaya,SME,2013-06-05
3443,Daliono Iswahyudi,2001-05-08,Surabaya,Mass,2021-04-21
3444,Imam Dabukke,1962-07-13,Semarang,Mass,2018-10-11
3445,Gandi Nababan,1982-09-05,Bandung,Mass,2011-06-06
3446,Mulyono Haryanto S.H.,1975-01-25,Yogyakarta,Mass,2024-10-04
3447,Raditya Widiastuti,1963-02-10,Medan,Mass,2015-07-07
3448,Nyoman Marbun,1967-03-24,Medan,SME,2013-03-20
3449,Heryanto Mulyani,1964-12-29,Jakarta,Mass,2025-05-11
3450,Rahman Simbolon,1960-10-13,Yogyakarta,Mass,2023-11-16
3451,Putri Utami,1976-08-12,Bandung,SME,2010-11-11
3452,Leo Pranowo,1970-06-25,Semarang,Mass,2010-02-18
3453,dr. Wakiman Aryani,1996-07-01,Medan,Mass,2023-03-06
3454,Daru Prabowo,1994-03-10,Medan,Mass,2012-12-18
3455,Garda Sinaga,1989-02-07,Medan,Priority,2020-09-07
3456,Aditya Wacana,1990-10-03,Semarang,Mass,2023-10-26
3457,Galih Budiman S.Sos,1990-08-19,Medan,Mass,2021-01-01
3458,Jagapati Prasetya,1980-05-29,Bandung,Mass,2020-09-30
3459,Maryadi Setiawan,1970-01-15,Surabaya,Priority,2013-03-28
3460,Leo Uwais S.Gz,2003-03-14,Surabaya,SME,2023-05-13
3461,Timbul Pratama,1993-03-12,Semarang,Priority,2011-08-26
3462,Ilsa Rahimah,1961-11-28,Semarang,Priority,2020-04-25
3463,Ciaobella Nasyiah,1998-03-15,Semarang,Mass,2018-09-25
3464,Drs. Cawisono Ramadan S.IP,1975-10-31,Semarang,Mass,2014-09-01
3465,dr. Siti Wibisono,1980-08-29,Semarang,SME,2020-02-23
3466,Wahyu Mansur S.Psi,1976-04-22,Surabaya,Priority,2017-07-30
3467,Makara Simanjuntak,1992-06-11,Bandung,Mass,2022-04-26
3468,Hj. Novi Hidayat S.Psi,1985-06-30,Yogyakarta,Priority,2014-05-14
3469,Lulut Padmasari,1976-04-20,Medan,SME,2020-05-23
3470,Kezia Melani,1976-10-23,Surabaya,Mass,2024-06-11
3471,Opung Pradipta M.TI.,1981-02-03,Medan,Priority,2012-06-09
3472,Cut Gina Damanik,2000-07-31,Semarang,Mass,2025-07-24
3473,Puti Ira Prakasa,1975-02-23,Bandung,Priority,2022-05-17
3474,Maria Prasasta M.Ak,1979-05-15,Semarang,Mass,2014-01-17
3475,Asmuni Mandala,1977-04-24,Yogyakarta,Mass,2022-09-23
3476,Najwa Sihombing,1985-04-09,Yogyakarta,Mass,2013-06-30
3477,Cakrawangsa Waluyo,1966-10-04,Surabaya,Mass,2019-03-24
3478,Maras Firgantoro,2001-10-09,Surabaya,Mass,2025-03-20
3479,Virman Rahimah,1983-10-20,Jakarta,Priority,2024-02-02
3480,Ulya Sitompul,1963-11-05,Jakarta,SME,2010-06-25
3481,Estiawan Simanjuntak,1974-11-14,Surabaya,SME,2012-01-07
3482,Panji Gunarto M.TI.,1969-02-08,Bandung,Mass,2013-05-18
3483,dr. Marsudi Suwarno S.Ked,1976-04-12,Surabaya,Mass,2023-12-24
3484,Slamet Sitompul,1981-04-23,Yogyakarta,Mass,2017-08-05
3485,Hesti Putra,1964-07-20,Bandung,SME,2022-08-08
3486,Dt. Umaya Widiastuti,1967-04-28,Jakarta,Mass,2019-04-25
3487,Rama Prasetya,1978-05-18,Medan,Mass,2013-07-20
3488,drg. Putri Sinaga,1991-05-24,Yogyakarta,SME,2016-04-22
3489,Ilyas Usamah,2003-10-14,Yogyakarta,SME,2022-05-29
3490,Atmaja Lestari,1964-05-09,Bandung,SME,2010-11-19
3491,Xanana Nababan,1977-01-06,Bandung,Priority,2020-09-11
3492,Mahesa Megantara,1990-11-13,Semarang,Mass,2018-02-16
3493,Budi Iswahyudi,1980-01-25,Semarang,SME,2010-06-12
3494,Lega Pudjiastuti,1975-06-04,Jakarta,SME,2017-08-15
3495,R.A. Gilda Mayasari S.Pt,1967-12-13,Medan,Mass,2013-01-10
3496,Tari Hastuti,2001-02-14,Jakarta,SME,2020-10-14
3497,Eli Napitupulu,1968-11-03,Surabaya,Mass,2024-03-23
3498,Irwan Nugroho,1975-11-29,Semarang,Mass,2023-07-10
3499,R.A. Ilsa Suwarno,1978-09-27,Surabaya,SME,2013-10-16
3500,Dr. Siska Pangestu,1983-01-11,Medan,SME,2016-04-14
3501,Zelda Laksmiwati,1981-12-17,Bandung,Mass,2017-02-22
3502,Wasis Tarihoran,1991-06-04,Surabaya,Mass,2016-11-16
3503,Keisha Marbun,1975-02-20,Surabaya,Priority,2010-11-28
3504,Maida Anggraini,1980-07-19,Jakarta,Mass,2024-10-15
3505,Drs. Oman Astuti,1965-11-10,Jakarta,Priority,2024-01-01
3506,R.M. Reza Laksmiwati S.Ked,1973-07-30,Bandung,SME,2018-07-16
3507,dr. Irsad Hutasoit S.Pd,1977-06-03,Yogyakarta,Priority,2010-10-22
3508,Drs. Eva Puspasari,1975-01-21,Medan,SME,2018-03-24
3509,Ellis Rajasa S.Sos,1978-04-07,Surabaya,Mass,2025-11-12
3510,Ina Hasanah,1992-04-04,Medan,Mass,2016-02-10
3511,Keisha Purwanti,1971-12-18,Semarang,SME,2011-11-14
3512,Dr. Belinda Sitorus,1996-02-17,Medan,SME,2021-04-06
3513,Nasrullah Halimah,1996-05-14,Jakarta,Mass,2017-03-27
3514,Chandra Nainggolan,1976-09-30,Bandung,Mass,2011-06-17
3515,Adinata Mardhiyah,1994-12-09,Jakarta,Mass,2014-11-19
3516,Tari Wahyudin M.Kom.,1993-01-13,Medan,Mass,2018-09-03
3517,Lidya Widodo,1988-02-01,Yogyakarta,SME,2020-05-02
3518,Kasiyah Winarno M.Kom.,1964-09-29,Jakarta,Mass,2023-09-28
3519,Syahrini Rahmawati,1968-12-12,Bandung,Mass,2011-10-27
3520,Hasan Firgantoro,1960-03-03,Yogyakarta,Mass,2019-09-17
3521,Harsana Pratiwi,1992-02-28,Semarang,Mass,2011-12-05
3522,Dagel Fujiati,1968-08-22,Bandung,Priority,2020-09-04
3523,Vera Tampubolon,1987-02-27,Bandung,Mass,2025-11-03
3524,H. Jindra Usada,1986-07-19,Semarang,Mass,2011-05-17
3525,Kartika Hakim S.Sos,1963-07-27,Bandung,Mass,2013-12-11
3526,Unjani Prayoga,1985-10-23,Yogyakarta,Mass,2014-04-01
3527,Jati Firmansyah,1968-06-10,Surabaya,Priority,2014-03-13
3528,dr. Siti Wastuti S.Ked,1967-04-15,Yogyakarta,SME,2018-11-08
3529,Salwa Yuliarti S.E.I,1986-12-25,Medan,Priority,2019-04-01
3530,Rahmi Hasanah,1979-02-18,Surabaya,Priority,2015-08-18
3531,Cakrajiya Rajasa S.H.,1960-04-24,Yogyakarta,Mass,2024-09-08
3532,Ir. Salimah Marpaung,1962-11-25,Jakarta,Mass,2011-05-20
3533,Bambang Iswahyudi,1987-10-21,Jakarta,Priority,2019-08-25
3534,Narji Winarno S.Sos,1960-07-15,Jakarta,Mass,2025-02-16
3535,Rini Hutapea M.TI.,1991-04-25,Medan,Priority,2025-04-11
3536,Taufik Anggraini,1985-07-13,Yogyakarta,SME,2015-11-20
3537,Radit Aryani,1976-01-24,Surabaya,Mass,2020-10-10
3538,Talia Sihombing,1974-01-22,Yogyakarta,Mass,2022-03-31
3539,Dr. Maryanto Wibowo,1967-08-26,Yogyakarta,Mass,2010-12-16
3540,Tgk. Uchita Zulkarnain,1999-06-22,Surabaya,SME,2022-08-20
3541,H. Tedi Irawan S.IP,1980-10-18,Semarang,Mass,2020-06-01
3542,Kemal Situmorang S.E.I,1978-10-27,Bandung,Priority,2010-07-20
3543,Ulva Pranowo,1999-01-14,Bandung,Mass,2024-02-11
3544,Lala Samosir S.Ked,1979-06-26,Bandung,Mass,2024-11-04
3545,Rahman Lestari,1969-09-25,Jakarta,Mass,2012-02-16
3546,Bakti Hidayat,1972-02-25,Bandung,Mass,2017-07-26
3547,H. Hamzah Novitasari S.Farm,1967-02-06,Medan,Mass,2016-10-22
3548,Edward Astuti S.E.,1981-10-28,Yogyakarta,Mass,2023-08-12
3549,Hardi Nashiruddin,2002-06-30,Semarang,SME,2022-04-10
3550,Diana Napitupulu M.Kom.,1975-11-07,Jakarta,SME,2012-05-18
3551,Jefri Kusumo,1987-04-07,Bandung,Mass,2016-06-28
3552,Qori Prabowo,1996-01-18,Semarang,Mass,2018-11-20
3553,Daliono Halim,1988-04-29,Surabaya,Priority,2013-07-23
3554,Elvina Nababan S.T.,1987-09-29,Medan,Mass,2019-08-16
3555,drg. Maida Utami M.Ak,1983-10-04,Surabaya,Priority,2016-04-28
3556,Taswir Usada,1976-07-29,Semarang,Mass,2022-09-06
3557,Bahuwirya Sihombing,1976-08-06,Bandung,Mass,2019-05-10
3558,Harja Maheswara,1990-11-15,Surabaya,Priority,2015-03-28
3559,Bella Siregar,1995-04-18,Medan,Mass,2019-07-29
3560,Lanang Prakasa,1991-04-29,Bandung,SME,2014-05-12
3561,Nova Wulandari,1985-09-02,Yogyakarta,Mass,2015-02-19
3562,R. Adika Halim S.T.,1996-06-25,Semarang,Mass,2020-01-21
3563,Dt. Mulya Padmasari S.Gz,1974-01-22,Jakarta,Mass,2021-06-17
3564,Danuja Nurdiyanti,1987-12-22,Jakarta,Mass,2017-03-19
3565,Dt. Harimurti Suartini M.TI.,1987-01-11,Jakarta,Mass,2015-12-20
3566,T. Wardi Laksita M.Kom.,1995-06-30,Yogyakarta,Mass,2019-09-04
3567,Tgk. Lukita Aryani S.Psi,1981-04-01,Bandung,Priority,2015-07-14
3568,Sabrina Siregar,1975-12-23,Semarang,Mass,2023-12-03
3569,Yuliana Permadi,2002-11-30,Semarang,SME,2022-09-11
3570,Salwa Wacana,1999-08-14,Bandung,SME,2023-08-14
3571,Rahmi Hakim,1968-06-10,Medan,Mass,2023-05-28
3572,Julia Januar,1992-12-28,Medan,Priority,2015-05-08
3573,Jaga Wacana,1971-02-18,Semarang,Priority,2018-06-08
3574,Zahra Mandala S.Ked,1973-05-17,Bandung,Mass,2015-11-09
3575,Puti Paris Setiawan,1961-04-17,Yogyakarta,Priority,2024-08-13
3576,Umi Prayoga S.I.Kom,1976-07-14,Bandung,Mass,2020-06-05
3577,Raina Wahyuni,1984-11-27,Medan,Mass,2013-07-09
3578,Dr. Oliva Zulkarnain S.Kom,1964-10-31,Semarang,Mass,2016-02-19
3579,Makuta Sinaga,1980-05-02,Bandung,Mass,2016-05-21
3580,Mahesa Tarihoran,2002-11-20,Jakarta,Mass,2020-12-19
3581,Cut Yani Simbolon M.M.,1984-10-14,Surabaya,Mass,2020-09-13
3582,Luluh Laksita,1984-09-04,Yogyakarta,Mass,2010-07-28
3583,Ulya Suryatmi,1977-09-28,Surabaya,Mass,2013-12-29
3584,R. Gantar Aryani M.Kom.,1988-11-14,Surabaya,Mass,2016-05-06
3585,Sabri Januar S.Sos,1961-10-07,Jakarta,Priority,2021-06-23
3586,Rachel Nababan,1982-04-12,Jakarta,Mass,2011-06-08
3587,Dinda Nurdiyanti M.Farm,1983-06-14,Yogyakarta,Mass,2013-08-31
3588,H. Johan Firmansyah S.E.I,2003-08-13,Surabaya,Mass,2023-08-09
3589,Wulan Irawan,1993-09-05,Semarang,Mass,2013-03-23
3590,Zahra Wulandari,1983-07-15,Yogyakarta,Priority,2019-05-04
3591,drg. Cawisadi Hassanah,1984-08-02,Bandung,Mass,2012-01-03
3592,Jaya Wijayanti,2000-11-18,Bandung,Mass,2021-10-17
3593,Sutan Dimaz Prabowo,1990-08-29,Jakarta,Mass,2022-07-05
3594,Parman Wahyuni,1981-06-21,Jakarta,Mass,2010-12-14
3595,Clara Kurniawan S.Farm,2002-08-12,Bandung,Mass,2021-06-15
3596,Ana Marpaung S.Psi,1977-05-20,Yogyakarta,Mass,2024-03-24
3597,Vivi Setiawan,1994-05-04,Semarang,Mass,2018-10-27
3598,Najib Rajasa,1984-09-02,Jakarta,Mass,2011-07-11
3599,Jaswadi Winarsih S.IP,1969-05-14,Medan,Mass,2015-02-24
3600,Cahya Nasyidah M.Kom.,1991-06-25,Medan,SME,2011-10-23
3601,Raden Sitorus,2000-04-22,Semarang,Mass,2020-02-19
3602,R.A. Ratih Rahimah S.Pt,1960-04-30,Yogyakarta,Priority,2024-01-29
3603,Gangsa Waluyo S.Sos,1984-12-13,Medan,Mass,2018-05-25
3604,Maras Purwanti S.Farm,1993-10-30,Surabaya,Mass,2025-06-11
3605,Sutan Darmana Rajata S.IP,2000-04-11,Semarang,Mass,2021-03-08
3606,Clara Kusumo,1980-04-04,Semarang,Mass,2010-08-25
3607,Ganep Rahayu,1990-02-19,Semarang,Mass,2021-06-24
3608,Panca Latupono,1961-11-13,Jakarta,Priority,2018-09-10
3609,dr. Dian Sihotang,1968-12-23,Yogyakarta,Priority,2022-10-16
3610,Ratih Adriansyah,1969-08-12,Surabaya,Mass,2023-04-22
3611,Almira Rahayu,1989-01-22,Bandung,Mass,2024-01-17
3612,Sutan Slamet Wibisono,1969-09-22,Jakarta,Mass,2021-06-18
3613,Jamalia Utama,1968-02-12,Bandung,Mass,2017-06-28
3614,Ir. Warji Mahendra M.TI.,1992-04-17,Semarang,SME,2017-08-15
3615,Luhung Rahayu S.H.,1993-10-25,Semarang,Mass,2015-07-05
3616,Harto Anggriawan,1972-10-19,Bandung,Mass,2024-12-17
3617,drg. Galih Maulana,1999-09-03,Jakarta,Mass,2017-08-30
3618,Tgk. Zalindra Prasetya M.Kom.,2002-06-21,Jakarta,Mass,2023-07-14
3619,Jaga Maulana M.Ak,1992-09-08,Bandung,Mass,2023-06-01
3620,Dalima Widiastuti,1969-08-28,Bandung,SME,2024-06-26
3621,Cut Rahayu Simanjuntak S.Pd,1963-05-31,Semarang,Priority,2016-04-12
3622,H. Bancar Saefullah,1994-07-23,Jakarta,Mass,2013-04-30
3623,Ir. Natalia Usamah S.Kom,1980-06-30,Jakarta,SME,2014-08-04
3624,Icha Waluyo,1995-07-24,Semarang,Mass,2014-03-24
3625,Rusman Sitorus,1963-11-11,Semarang,SME,2015-04-08
3626,Raden Pranowo,1991-03-04,Surabaya,Mass,2022-07-03
3627,R.A. Tira Habibi S.E.,1981-07-08,Yogyakarta,Priority,2011-06-03
3628,Dr. Titi Wijaya S.Pd,1962-12-03,Yogyakarta,Mass,2018-12-01
3629,Hj. Zizi Manullang S.Ked,1982-04-24,Semarang,Mass,2019-09-13
3630,dr. Gandi Anggraini,1985-11-14,Yogyakarta,Mass,2010-12-27
3631,Jasmani Tampubolon S.Sos,1991-11-05,Yogyakarta,Mass,2016-04-25
3632,Belinda Nuraini,1961-02-03,Surabaya,SME,2025-01-20
3633,Intan Suryono S.Kom,1970-07-14,Semarang,Priority,2025-06-20
3634,Zamira Pudjiastuti S.Sos,1961-12-23,Semarang,Mass,2022-08-19
3635,Cahyadi Sinaga,1995-07-11,Yogyakarta,SME,2018-09-14
3636,KH. Laksana Habibi S.Pd,1972-11-07,Jakarta,Mass,2018-03-02
3637,Safina Marpaung,1996-10-24,Medan,Mass,2025-05-25
3638,R. Maimunah Laksmiwati,2000-06-14,Yogyakarta,Mass,2022-08-08
3639,Dalima Pranowo,1974-05-21,Surabaya,Mass,2024-05-04
3640,Rangga Napitupulu,1978-01-08,Semarang,SME,2018-05-07
3641,Sadina Anggriawan S.I.Kom,1966-08-15,Semarang,Priority,2025-02-01
3642,Zamira Permata S.IP,1976-02-29,Jakarta,Mass,2019-09-07
3643,Panji Maulana S.Sos,1974-12-05,Yogyakarta,Mass,2018-01-17
3644,Shania Narpati,1998-08-28,Bandung,SME,2024-04-09
3645,Bakti Tamba,1982-09-18,Bandung,Mass,2024-01-08
3646,Elma Habibi,1988-05-19,Medan,Mass,2013-07-30
3647,Kamidin Yulianti,1996-12-28,Jakarta,SME,2023-11-13
3648,Rika Fujiati,1982-06-28,Jakarta,Mass,2022-03-15
3649,Lutfan Waskita,1960-03-07,Medan,Priority,2015-09-18
3650,Anom Lazuardi,1993-03-07,Yogyakarta,Priority,2016-04-02
3651,Hasta Lestari,1981-12-10,Surabaya,Priority,2012-08-15
3652,Shakila Riyanti,1984-08-07,Medan,Priority,2018-11-10
3653,Martani Waluyo,1969-10-29,Surabaya,Priority,2022-12-10
3654,H. Raden Winarsih S.Pt,1970-02-16,Yogyakarta,Mass,2024-05-13
3655,drg. Saka Yulianti S.Sos,1992-02-16,Medan,Priority,2010-02-15
3656,Siti Yolanda,1966-06-23,Yogyakarta,SME,2011-08-15
3657,Kartika Anggriawan,1993-11-26,Surabaya,SME,2020-12-30
3658,Bambang Hutasoit,1994-03-21,Bandung,Mass,2014-05-16
3659,Jindra Yuniar,1973-04-08,Bandung,Mass,2012-09-18
3660,Upik Melani S.H.,1963-03-14,Surabaya,Mass,2011-07-04
3661,Langgeng Pertiwi,1978-12-04,Yogyakarta,Mass,2018-01-07
3662,Dr. Ika Kuswoyo,1973-06-19,Semarang,Mass,2017-09-12
3663,Drs. Cemeti Winarno M.Kom.,1987-10-11,Semarang,Priority,2023-03-24
3664,Nardi Fujiati S.Pd,1961-11-17,Semarang,SME,2025-03-26
3665,R. Cinthia Simbolon,1974-05-03,Jakarta,Mass,2017-11-19
3666,Nasab Nasyiah,1998-08-18,Semarang,Priority,2025-07-24
3667,Halim Damanik,1978-12-17,Medan,Priority,2025-06-11
3668,Puti Nasyiah,2002-07-29,Jakarta,Mass,2026-01-22
3669,KH. Karta Lestari S.Pt,1994-01-18,Semarang,Mass,2013-12-25
3670,Drs. Kawaya Yulianti,1963-09-21,Yogyakarta,SME,2015-07-04
3671,Parman Pranowo,2001-05-16,Semarang,Mass,2020-05-31
3672,Usman Lazuardi S.E.,1970-10-29,Semarang,Mass,2023-07-16
3673,Ir. Talia Najmudin S.Ked,1984-10-15,Semarang,Mass,2025-10-16
3674,drg. Raharja Sihotang,1964-04-04,Yogyakarta,Mass,2010-03-26
3675,Arta Mahendra,1995-01-10,Medan,Mass,2013-08-24
3676,R.A. Safina Marpaung,1968-02-17,Surabaya,Priority,2020-05-22
3677,Kanda Rajasa,1995-12-11,Yogyakarta,Priority,2025-12-11
3678,Cut Chelsea Maheswara M.TI.,1986-04-09,Yogyakarta,Mass,2012-08-21
3679,Karimah Palastri,2000-06-21,Surabaya,SME,2023-07-11
3680,Indra Wahyuni,1973-01-08,Surabaya,Mass,2023-06-26
3681,Drajat Salahudin,1966-12-11,Bandung,Mass,2011-09-22
3682,Warsita Maryati,1960-04-03,Yogyakarta,Priority,2018-09-08
3683,T. Maryanto Nasyidah M.M.,1994-08-26,Jakarta,Mass,2021-02-01
3684,Koko Lestari,1975-04-03,Medan,SME,2025-04-27
3685,Iriana Nurdiyanti S.I.Kom,1992-01-08,Yogyakarta,SME,2019-12-24
3686,Drs. Oni Pranowo,1964-07-21,Bandung,Mass,2013-09-09
3687,Cinthia Wijayanti S.Gz,1985-03-30,Semarang,Mass,2010-07-13
3688,Argono Nainggolan,1960-12-02,Medan,SME,2025-11-21
3689,Eja Pratama,1988-06-23,Jakarta,Mass,2022-03-11
3690,Luhung Puspasari,1972-07-05,Medan,Priority,2019-10-15
3691,Lantar Tamba,1962-12-03,Surabaya,SME,2011-12-16
3692,Dian Oktaviani,1976-01-16,Semarang,Mass,2020-08-24
3693,Citra Pudjiastuti,2000-09-01,Jakarta,Mass,2020-03-13
3694,Hana Wibowo,1985-08-02,Yogyakarta,Mass,2014-03-11
3695,Unggul Marpaung S.Sos,1984-06-27,Medan,Mass,2018-05-17
3696,Chelsea Rajasa,2003-07-20,Yogyakarta,Mass,2025-12-18
3697,Irwan Megantara M.Pd,1965-03-13,Jakarta,Mass,2022-07-21
3698,Bagus Usamah,1973-06-21,Yogyakarta,Priority,2012-12-27
3699,Hasna Usada S.Kom,1976-09-05,Medan,Priority,2011-05-07
3700,Kasiyah Pratiwi M.TI.,1983-07-13,Surabaya,Mass,2024-12-08
3701,R. Lili Mangunsong,1973-08-09,Surabaya,SME,2013-01-27
3702,Winda Fujiati,1995-12-10,Bandung,Priority,2018-09-19
3703,Aisyah Suartini,1981-06-22,Jakarta,Mass,2014-10-21
3704,Bahuwarna Saputra,1988-05-30,Medan,SME,2024-01-24
3705,Kasiran Kusumo,1966-07-21,Bandung,SME,2024-12-17
3706,Kuncara Wasita S.Pt,1998-08-18,Jakarta,Mass,2025-02-22
3707,Suci Irawan,1985-05-24,Bandung,Priority,2013-09-11
3708,Juli Saputra,1997-09-01,Surabaya,SME,2022-09-02
3709,Taswir Prasetyo,1978-03-25,Semarang,Mass,2011-05-04
3710,Ajeng Januar,1995-01-06,Jakarta,Mass,2021-11-07
3711,Gawati Waluyo,1977-07-12,Medan,SME,2020-02-02
3712,Purwa Maheswara,1993-07-31,Semarang,Mass,2014-06-04
3713,Karsa Samosir,1999-11-13,Yogyakarta,SME,2022-05-31
3714,Dr. Cinta Nuraini,1967-01-20,Medan,Mass,2015-06-01
3715,Tira Pertiwi,1994-09-05,Semarang,Mass,2014-05-07
3716,Tgk. Puspa Saputra M.Ak,1962-12-22,Jakarta,Priority,2022-08-07
3717,Usman Hardiansyah,1994-09-02,Surabaya,Mass,2013-07-21
3718,Galiono Wibisono,1980-11-01,Surabaya,Mass,2024-08-01
3719,Gangsar Wastuti,1987-02-25,Surabaya,SME,2017-05-03
3720,Dr. Kusuma Riyanti S.Sos,1982-12-10,Semarang,Priority,2020-12-09
3721,Rika Mahendra,1991-03-09,Yogyakarta,Mass,2022-07-26
3722,Ajeng Mulyani,1995-04-01,Bandung,Mass,2026-02-09
3723,Eva Wahyuni S.E.I,1991-01-06,Surabaya,Mass,2020-12-25
3724,Harja Purnawati,1988-04-27,Surabaya,Priority,2011-05-31
3725,Hasna Habibi S.I.Kom,1999-03-28,Medan,Mass,2020-06-18
3726,Victoria Prayoga M.Ak,2001-07-29,Bandung,Mass,2023-03-13
3727,Tiara Haryanti,2003-08-13,Bandung,SME,2023-04-27
3728,Ismail Thamrin,1990-04-30,Surabaya,Mass,2019-03-26
3729,drg. Jefri Suwarno S.T.,1990-01-15,Bandung,Priority,2024-10-13
3730,Putri Pradana,1995-12-26,Bandung,Priority,2020-08-02
3731,Siska Irawan,1991-12-19,Medan,Mass,2022-03-05
3732,Laila Sihotang,1986-02-04,Bandung,Mass,2021-08-31
3733,Puti Siska Hutapea S.Pt,1988-08-23,Bandung,Mass,2015-07-17
3734,Halima Iswahyudi S.E.,1997-04-01,Bandung,SME,2019-01-07
3735,Cut Chelsea Suwarno,1976-10-26,Semarang,Mass,2015-07-06
3736,drg. Respati Anggriawan,2001-10-29,Semarang,Mass,2026-03-09
3737,Shania Melani,1971-06-05,Jakarta,Mass,2023-08-05
3738,Diana Kuswandari M.Kom.,1996-06-22,Jakarta,Mass,2023-04-12
3739,Ir. Murti Nasyidah,2001-08-14,Semarang,SME,2025-02-26
3740,Dewi Waskita S.Ked,1986-03-06,Medan,Mass,2016-03-19
3741,R.A. Yance Ardianto,1971-12-02,Semarang,Priority,2011-02-22
3742,Lintang Nasyidah S.I.Kom,1986-09-13,Semarang,Mass,2012-06-04
3743,Okta Wijayanti,1965-05-10,Bandung,Mass,2013-02-18
3744,Drs. Silvia Sudiati S.Gz,1961-11-03,Surabaya,Mass,2011-07-30
3745,Dr. Ella Wulandari,1972-01-15,Jakarta,SME,2012-11-09
3746,Dr. Unggul Prasetyo S.E.,1978-12-26,Jakarta,SME,2014-08-06
3747,Ghani Mansur,1962-09-08,Jakarta,Mass,2010-03-22
3748,Tgk. Wawan Habibi,1992-04-11,Surabaya,Mass,2016-06-24
3749,Nilam Wibowo,1969-11-20,Medan,Mass,2023-11-14
3750,Hardi Kusumo,2001-08-14,Surabaya,SME,2025-10-20
3751,Shania Prayoga,1961-01-11,Medan,Mass,2022-06-02
3752,Drs. Zizi Lazuardi S.Pd,1967-09-16,Bandung,Mass,2018-08-06
3753,Novi Sihombing,2002-10-25,Jakarta,Mass,2021-09-13
3754,Gabriella Adriansyah,2003-11-25,Semarang,Mass,2023-05-26
3755,Siti Purnawati S.Sos,1997-12-02,Bandung,Mass,2020-06-18
3756,Virman Samosir,1967-06-06,Bandung,Mass,2013-11-22
3757,Kamidin Firgantoro M.M.,1970-09-17,Surabaya,Mass,2025-01-20
3758,Dr. Amelia Tamba,1998-02-09,Semarang,Mass,2020-06-06
3759,Latif Haryanti,1998-01-02,Semarang,Priority,2016-11-28
3760,Ifa Thamrin,1966-09-29,Medan,Priority,2018-08-16
3761,Adhiarja Tampubolon,1984-04-12,Bandung,SME,2016-02-04
3762,Fitria Wacana S.I.Kom,1979-08-03,Surabaya,Mass,2021-10-02
3763,Baktianto Astuti,1982-10-07,Semarang,SME,2023-10-23
3764,Faizah Hutasoit,1976-09-23,Yogyakarta,Mass,2013-03-29
3765,Dr. Uda Mangunsong,1976-12-09,Semarang,Mass,2013-10-11
3766,Dewi Laksita,1975-11-05,Surabaya,Mass,2019-02-01
3767,Chandra Wahyuni,2000-04-20,Semarang,Mass,2020-11-16
3768,Genta Halimah,2003-02-03,Yogyakarta,SME,2021-03-19
3769,Kasiyah Salahudin,1988-12-14,Jakarta,Mass,2025-08-24
3770,Maria Najmudin,1977-06-11,Surabaya,Mass,2022-10-28
3771,KH. Embuh Kurniawan,1982-01-08,Yogyakarta,Mass,2019-10-15
3772,Sakura Farida,1964-01-05,Surabaya,Mass,2019-10-23
3773,Cahyono Thamrin,1976-06-11,Semarang,Mass,2015-10-30
3774,Maya Ardianto S.I.Kom,1998-04-17,Yogyakarta,Mass,2022-11-05
3775,R.A. Carla Nainggolan S.Pd,1996-05-04,Jakarta,SME,2018-09-19
3776,Cahyanto Widodo,1962-02-25,Jakarta,Priority,2015-02-16
3777,Uli Sitompul,1964-02-22,Yogyakarta,Mass,2023-10-21
3778,Caraka Widiastuti,1963-07-22,Surabaya,Mass,2021-10-12
3779,Warta Kuswandari,1966-05-09,Surabaya,SME,2019-10-11
3780,Emas Lazuardi S.Farm,1970-04-11,Surabaya,Mass,2019-03-09
3781,Pia Lailasari,1970-05-26,Medan,Mass,2012-01-26
3782,Ir. Nasab Mahendra S.Psi,1995-02-16,Surabaya,Mass,2017-01-22
3783,KH. Purwadi Wacana M.TI.,2000-02-22,Bandung,Mass,2020-01-05
3784,Ulya Wibisono S.E.I,1987-01-12,Jakarta,Mass,2025-12-25
3785,Yusuf Kurniawan,1972-01-26,Medan,Mass,2014-01-04
3786,Dt. Budi Mangunsong S.I.Kom,1984-10-28,Yogyakarta,Mass,2018-04-11
3787,Dt. Pranata Prakasa,2001-10-24,Bandung,Priority,2021-11-23
3788,Mustika Siregar,1998-05-15,Surabaya,Mass,2018-04-13
3789,Rina Anggriawan,1982-06-20,Jakarta,Mass,2021-04-25
3790,Natalia Siregar,1962-03-03,Bandung,SME,2020-07-09
3791,Nova Hutasoit,1998-08-26,Surabaya,Mass,2023-06-20
3792,dr. Dirja Safitri S.E.I,1980-09-28,Semarang,Mass,2015-07-07
3793,Oni Nashiruddin S.H.,1992-01-01,Bandung,Priority,2015-07-27
3794,Vivi Latupono,1963-01-03,Bandung,Mass,2018-06-19
3795,Tgk. Tira Prayoga S.Farm,1983-09-22,Yogyakarta,Priority,2020-12-27
3796,Jasmani Jailani,1984-04-15,Medan,Mass,2019-01-22
3797,Titi Mardhiyah M.Ak,2002-04-24,Surabaya,Priority,2026-02-15
3798,Dacin Rahayu,1997-07-28,Semarang,Priority,2023-12-18
3799,Mahesa Maryadi S.H.,2002-01-09,Bandung,Mass,2024-07-31
3800,Cahyadi Wacana,1965-08-30,Bandung,Mass,2010-10-26
3801,Endra Nababan,1997-10-07,Jakarta,Mass,2019-02-06
3802,Irsad Budiyanto,1977-02-28,Surabaya,Mass,2018-06-07
3803,R.A. Cornelia Habibi,1981-11-08,Jakarta,Mass,2014-06-16
3804,Laila Novitasari,1993-08-28,Semarang,SME,2014-12-11
3805,Tira Usada,1989-02-11,Semarang,Mass,2016-10-09
3806,Darman Sirait,2000-05-23,Semarang,Mass,2020-12-04
3807,Natalia Halim,1980-12-01,Semarang,Mass,2025-12-27
3808,dr. Margana Habibi,1980-10-12,Semarang,SME,2012-12-04
3809,Carla Santoso,2002-07-06,Yogyakarta,SME,2022-02-17
3810,Indah Tampubolon,1976-10-11,Surabaya,Mass,2011-03-12
3811,Lili Prayoga S.Psi,1999-10-16,Semarang,Mass,2025-02-07
3812,Cemplunk Gunarto,1975-11-30,Medan,Mass,2021-06-30
3813,Aslijan Wijayanti,1963-01-15,Surabaya,Mass,2017-11-27
3814,Janet Prabowo S.Pd,1967-06-11,Jakarta,Mass,2010-04-01
3815,Indah Sudiati,1972-02-04,Jakarta,Mass,2011-05-06
3816,Irfan Nashiruddin,1983-05-17,Jakarta,Mass,2018-04-30
3817,Nurul Utama,1995-10-26,Surabaya,Priority,2024-02-16
3818,Ilsa Kusumo,1976-07-03,Medan,Mass,2011-02-22
3819,Mulyono Budiman,1994-01-09,Semarang,Priority,2022-12-11
3820,Kusuma Mustofa S.Psi,1989-11-20,Yogyakarta,Priority,2022-04-17
3821,Ulya Tarihoran,1963-01-07,Semarang,Mass,2013-06-10
3822,Victoria Rahmawati M.TI.,1992-10-23,Surabaya,Mass,2025-01-16
3823,dr. Gilda Yulianti,1964-03-06,Semarang,Mass,2023-11-02
3824,Fathonah Padmasari,1961-11-17,Surabaya,Mass,2010-12-27
3825,Clara Kurniawan,1968-09-21,Medan,Mass,2019-05-21
3826,Lasmono Suartini,1979-02-24,Medan,Mass,2022-04-09
3827,Artanto Rahmawati,1960-01-10,Bandung,SME,2011-06-27
3828,Rendy Nainggolan S.Kom,1992-08-15,Jakarta,Mass,2021-06-07
3829,Melinda Januar S.Pt,2001-06-26,Jakarta,Mass,2025-01-02
3830,Drs. Gangsa Sihombing,1996-05-29,Medan,Priority,2022-01-30
3831,Nabila Pangestu M.Pd,1998-02-26,Surabaya,Mass,2021-05-26
3832,Eva Gunawan S.E.I,1999-11-20,Surabaya,Priority,2026-03-12
3833,Hari Pudjiastuti,1983-08-17,Yogyakarta,Priority,2013-06-28
3834,Hafshah Purwanti S.I.Kom,1983-04-30,Surabaya,Priority,2025-04-23
3835,Melinda Usamah,1970-02-23,Semarang,Mass,2010-07-02
3836,Devi Fujiati S.Pt,2002-02-28,Surabaya,Mass,2025-11-08
3837,Lili Novitasari,1962-04-20,Surabaya,Priority,2023-04-10
3838,KH. Ajimin Marbun,1964-10-10,Medan,Mass,2013-04-27
3839,Tgk. Tami Mustofa,1999-07-05,Semarang,SME,2020-04-13
3840,Aurora Pratiwi,1991-04-13,Medan,Mass,2022-02-28
3841,Putu Nainggolan,1978-10-22,Surabaya,Mass,2022-09-16
3842,Yulia Widodo M.Kom.,1967-04-15,Semarang,SME,2023-12-23
3843,Kasiran Mulyani S.Pt,1962-12-22,Jakarta,Mass,2017-01-15
3844,Ismail Melani,1966-11-28,Semarang,SME,2019-04-17
3845,Putri Wibisono,2002-01-21,Jakarta,Mass,2024-03-13
3846,Rachel Saputra,1999-06-08,Semarang,Mass,2022-12-08
3847,Cengkal Adriansyah,1979-04-17,Surabaya,Mass,2015-04-11
3848,Kenzie Pratama,1975-01-28,Medan,Mass,2013-07-28
3849,Cut Widya Mulyani,1998-04-09,Jakarta,Mass,2017-03-09
3850,Olivia Novitasari,1966-09-24,Semarang,Mass,2022-02-13
3851,Ilsa Prasetya,2001-11-29,Jakarta,Mass,2021-08-08
3852,Titin Santoso,1961-06-19,Surabaya,SME,2012-12-29
3853,R. Cawisono Prasetyo,1990-06-12,Yogyakarta,Mass,2025-05-18
3854,Kasusra Prakasa,1963-12-04,Bandung,SME,2010-11-28
3855,Azalea Uyainah,1964-06-25,Medan,Mass,2010-11-16
3856,Wardaya Setiawan,1987-07-23,Bandung,Priority,2010-01-02
3857,Emong Habibi,1996-12-20,Jakarta,Mass,2025-12-15
3858,Drajat Pranowo M.Pd,1987-08-10,Jakarta,SME,2021-10-19
3859,Abyasa Yulianti,1962-11-30,Medan,SME,2020-05-15
3860,Siti Suartini,1988-11-11,Medan,Mass,2025-09-12
3861,Jane Hutasoit,1970-01-14,Surabaya,Mass,2025-06-15
3862,Pia Saptono S.E.I,1989-10-30,Yogyakarta,Mass,2013-08-26
3863,Rahmi Sihombing,1976-02-03,Surabaya,Mass,2021-05-31
3864,Amelia Utami,1978-10-01,Surabaya,Priority,2015-04-11
3865,Cut Yuni Tamba S.H.,1970-10-18,Bandung,Priority,2020-05-06
3866,Indah Nugroho S.T.,1963-07-25,Medan,SME,2011-04-27
3867,Kawaya Wahyuni,1964-10-30,Bandung,Mass,2020-01-26
3868,Ir. Cici Wibowo S.T.,1972-09-02,Yogyakarta,Mass,2017-06-18
3869,Hj. Siska Suartini M.Pd,1992-03-27,Semarang,Mass,2021-01-09
3870,Rendy Handayani,1989-12-22,Medan,Priority,2025-01-24
3871,Gamani Santoso,2002-01-18,Semarang,Priority,2022-05-22
3872,Laksana Usamah,1967-01-08,Bandung,Mass,2018-10-07
3873,KH. Harto Mangunsong M.M.,1961-05-29,Semarang,Mass,2015-08-28
3874,Omar Fujiati,1980-10-16,Semarang,Priority,2024-10-07
3875,Dalima Kuswandari,1980-03-02,Surabaya,Priority,2012-12-24
3876,Jumari Najmudin,1989-07-14,Medan,SME,2017-01-22
3877,Fitria Nugroho,1960-05-01,Surabaya,Mass,2013-09-06
3878,Kairav Lestari,1999-04-10,Bandung,Mass,2021-01-04
3879,Elvina Yuliarti S.Pd,1970-10-07,Medan,Mass,2021-07-02
3880,Galak Marpaung,2000-09-12,Yogyakarta,Mass,2020-12-14
3881,Rendy Wijaya,1994-07-30,Yogyakarta,Mass,2012-10-08
3882,Lulut Nainggolan S.Pt,1995-11-23,Surabaya,Mass,2022-03-31
3883,Bagus Aryani,1994-08-11,Bandung,Mass,2023-11-01
3884,Jaeman Yuliarti,1990-07-08,Yogyakarta,Priority,2024-10-09
3885,Cinthia Novitasari,1983-10-24,Medan,SME,2018-10-06
3886,Ozy Budiman,2001-07-25,Semarang,Priority,2021-10-03
3887,Puti Keisha Winarno,1980-05-28,Medan,Mass,2026-02-16
3888,Balapati Budiman,1993-11-25,Jakarta,Mass,2022-02-15
3889,Ir. Warji Gunawan S.E.I,1978-04-09,Yogyakarta,SME,2023-03-21
3890,Prasetya Hutasoit,1981-04-14,Semarang,SME,2019-05-12
3891,Dinda Utami,1985-08-26,Surabaya,SME,2015-03-07
3892,Cut Widya Anggriawan,1980-02-25,Surabaya,SME,2015-12-09
3893,R. Kemba Sirait S.Pt,1996-08-20,Yogyakarta,SME,2019-10-08
3894,Cahyono Kuswandari,1977-09-16,Jakarta,Mass,2015-12-14
3895,Drs. Tri Handayani S.E.,1969-12-12,Bandung,Mass,2020-01-29
3896,Julia Kuswandari,1962-02-21,Surabaya,Mass,2011-09-16
3897,Dimaz Hakim,2002-02-28,Jakarta,Mass,2024-10-27
3898,H. Emas Utami,1995-05-07,Medan,Priority,2020-03-14
3899,R. Ajimat Gunawan,1986-01-09,Medan,Priority,2014-10-15
3900,Kenari Sihombing,1994-12-22,Bandung,SME,2015-07-24
3901,Kajen Agustina,1985-02-25,Bandung,Mass,2017-05-15
3902,Abyasa Prasetyo,1960-08-20,Semarang,Mass,2025-05-14
3903,Darsirah Aryani,1971-01-06,Jakarta,Mass,2020-10-06
3904,Dalima Thamrin,1967-08-01,Surabaya,Priority,2024-09-29
3905,Edison Prasetyo S.Sos,1967-04-05,Bandung,Priority,2019-07-26
3906,Tasdik Kusumo M.Kom.,1964-05-18,Surabaya,SME,2016-06-23
3907,Balapati Prasetyo,1988-08-30,Jakarta,SME,2011-07-16
3908,Yahya Suryono,1998-04-07,Bandung,Mass,2016-04-15
3909,Citra Susanti,2003-04-17,Jakarta,Priority,2022-04-13
3910,Devi Tarihoran,1965-06-12,Medan,Mass,2021-03-23
3911,Umar Gunawan,1981-08-02,Medan,Mass,2024-12-25
3912,R. Elma Aryani,1975-12-24,Surabaya,Mass,2012-01-24
3913,Tgk. Limar Najmudin,1984-06-17,Yogyakarta,Mass,2015-08-13
3914,Irwan Maryadi S.Pd,1996-01-30,Jakarta,Mass,2016-01-02
3915,Tgk. Kamaria Jailani,1967-03-12,Yogyakarta,Mass,2021-09-16
3916,Najwa Wijayanti,2001-06-24,Jakarta,Mass,2023-05-29
3917,Hani Hutagalung,1995-07-23,Jakarta,Priority,2023-03-30
3918,Dt. Setya Maryadi S.E.I,1969-07-11,Bandung,Priority,2013-10-04
3919,Dalima Wibisono,1994-09-11,Yogyakarta,Priority,2025-10-31
3920,Tantri Kuswandari,1997-06-07,Semarang,Mass,2022-10-15
3921,Puti Carla Permata S.Farm,1977-05-16,Yogyakarta,Mass,2017-03-24
3922,Indah Maulana S.Pt,1961-08-19,Bandung,Mass,2020-02-28
3923,Dian Najmudin,1960-10-07,Surabaya,Priority,2024-11-27
3924,dr. Garan Simanjuntak M.Kom.,1993-08-18,Surabaya,SME,2011-10-13
3925,Novi Zulkarnain,1966-01-05,Medan,Mass,2012-02-26
3926,Hj. Juli Mandala,1986-08-05,Semarang,Mass,2013-01-17
3927,Ir. Viman Prasasta S.Sos,1992-07-24,Jakarta,Priority,2018-03-11
3928,Pia Mandasari,1995-04-07,Bandung,Mass,2020-05-12
3929,Dr. Jumadi Nasyidah,1973-02-28,Jakarta,Mass,2010-11-15
3930,Sutan Harjo Hutasoit,1989-10-27,Yogyakarta,Mass,2013-01-26
3931,drg. Paramita Permata,1966-11-12,Surabaya,SME,2016-04-18
3932,H. Rosman Prasetya S.Pt,2003-09-28,Surabaya,Mass,2024-09-14
3933,Gilang Adriansyah,1993-02-17,Semarang,Mass,2017-11-04
3934,Soleh Budiyanto,1974-09-13,Yogyakarta,Mass,2014-02-22
3935,Puti Kusmawati,2001-10-12,Medan,Mass,2025-08-27
3936,Viman Kusumo,1976-04-05,Jakarta,SME,2012-07-17
3937,Viktor Tampubolon,1974-04-12,Bandung,Mass,2012-10-10
3938,Zizi Mandala,1995-11-26,Bandung,Mass,2015-08-28
3939,Michelle Megantara,1997-09-29,Medan,Priority,2024-04-05
3940,Drs. Lili Prasasta S.Kom,1996-05-27,Medan,Priority,2021-01-20
3941,R.A. Amelia Mandala S.IP,2000-02-29,Jakarta,Mass,2022-09-04
3942,Tiara Megantara S.Sos,1964-03-03,Surabaya,Mass,2024-10-03
3943,Aisyah Anggraini S.I.Kom,1966-02-20,Jakarta,SME,2011-07-18
3944,Nardi Kurniawan,1960-03-06,Semarang,Mass,2012-05-25
3945,Laksana Hidayanto M.Kom.,1984-04-23,Surabaya,Mass,2012-05-25
3946,Ir. Endah Dabukke S.E.I,2000-02-24,Jakarta,Mass,2020-11-29
3947,Dinda Hutapea,1989-02-01,Yogyakarta,SME,2022-10-06
3948,Bahuwarna Budiman,1996-06-07,Semarang,Mass,2014-10-18
3949,drg. Eka Najmudin,1967-08-06,Medan,Mass,2025-04-22
3950,Uli Mandala,1960-03-27,Medan,SME,2025-04-14
3951,Paris Salahudin M.Kom.,1995-08-24,Semarang,Mass,2017-11-02
3952,Tantri Sirait,1979-04-11,Medan,Priority,2014-09-25
3953,Violet Yuliarti,1997-01-03,Surabaya,Mass,2020-11-29
3954,Amalia Suwarno S.IP,2003-09-05,Semarang,SME,2024-12-22
3955,Asmuni Yuniar,1972-01-31,Medan,SME,2015-08-03
3956,Lukita Natsir,1991-09-16,Surabaya,Priority,2019-06-05
3957,R.M. Adikara Widodo,1960-01-24,Semarang,Mass,2012-07-27
3958,drg. Sabrina Hasanah M.Pd,1991-01-04,Medan,Mass,2012-11-16
3959,Yance Rajata M.Farm,1986-01-10,Yogyakarta,Mass,2012-09-09
3960,T. Nyana Pradana,1970-05-10,Yogyakarta,Mass,2015-08-10
3961,Endah Saputra,1990-09-07,Bandung,SME,2018-11-08
3962,Karman Waluyo,2003-01-13,Medan,Mass,2021-08-26
3963,Paiman Prabowo,1992-03-04,Yogyakarta,Mass,2012-08-23
3964,Raina Hakim,1975-04-24,Semarang,Mass,2014-08-18
3965,Hartaka Nashiruddin,1995-03-29,Surabaya,Mass,2015-12-28
3966,Drs. Rahmi Hutagalung M.M.,1976-12-27,Medan,Priority,2024-10-16
3967,Iriana Yolanda,1989-09-29,Yogyakarta,Mass,2014-07-10
3968,Halim Wibowo S.E.,1975-11-04,Yogyakarta,SME,2014-03-21
3969,Rangga Wahyudin,1970-11-21,Semarang,SME,2020-12-27
3970,Irwan Nababan S.T.,1962-03-12,Jakarta,Mass,2015-08-28
3971,Bala Hutagalung,1962-10-03,Yogyakarta,Mass,2011-05-04
3972,Rahmi Sitorus,1969-02-21,Jakarta,SME,2019-04-10
3973,Digdaya Suryono,1972-09-17,Bandung,Mass,2016-04-07
3974,Kemba Kurniawan,1981-03-24,Jakarta,Mass,2021-11-17
3975,Danuja Riyanti,1973-08-07,Bandung,Mass,2024-06-13
3976,Praba Saragih,1997-08-27,Semarang,Mass,2020-12-27
3977,Kusuma Pangestu,1969-11-22,Bandung,Mass,2019-10-30
3978,Wisnu Firmansyah S.H.,1988-12-10,Semarang,Mass,2020-11-24
3979,Chelsea Purnawati,1982-11-11,Bandung,Mass,2024-05-25
3980,Cut Padmi Laksmiwati,1983-06-01,Yogyakarta,Mass,2015-09-19
3981,Asirwada Sihotang,1983-03-03,Yogyakarta,Mass,2016-12-16
3982,Warsa Saragih,1985-06-10,Bandung,SME,2012-05-27
3983,Garda Suryono,1996-04-27,Yogyakarta,SME,2019-10-15
3984,Olivia Nababan,1985-10-07,Bandung,Priority,2021-11-20
3985,Umi Wijaya,1960-02-25,Jakarta,Mass,2013-05-06
3986,Kani Mustofa S.IP,1978-10-29,Surabaya,Mass,2022-09-27
3987,Laila Mardhiyah,1968-05-27,Yogyakarta,Mass,2012-06-07
3988,Jefri Maryadi,1971-04-08,Surabaya,Mass,2025-08-11
3989,Langgeng Wibowo,1978-01-11,Medan,Mass,2025-01-09
3990,Rini Firgantoro,1964-04-23,Semarang,Priority,2018-07-10
3991,Elisa Maryadi,1974-07-26,Surabaya,Mass,2011-01-11
3992,Jaiman Hutapea S.Pt,1983-11-20,Semarang,Mass,2017-06-24
3993,Gina Pratama S.E.I,1960-09-26,Jakarta,Mass,2025-06-21
3994,H. Caraka Mardhiyah M.TI.,1970-05-17,Jakarta,Mass,2019-03-19
3995,Rachel Yulianti M.TI.,1983-12-31,Jakarta,Priority,2011-08-18
3996,Tgk. Ikin Mustofa S.Psi,1979-10-17,Bandung,Mass,2026-02-11
3997,Karen Oktaviani,1969-10-19,Jakarta,Mass,2018-04-27
3998,drg. Azalea Zulaika S.Sos,2001-03-09,Semarang,Mass,2025-10-05
3999,Daniswara Suryatmi,1988-11-04,Semarang,SME,2023-03-16
4000,Puti Eva Purnawati,1975-04-15,Medan,Mass,2015-04-24
4001,Jamal Kuswoyo S.Ked,1995-06-27,Yogyakarta,Priority,2025-07-07
4002,Pranata Saragih,1961-12-24,Yogyakarta,Mass,2020-09-04
4003,KH. Purwa Irawan,1989-06-26,Yogyakarta,Mass,2025-08-10
4004,Cinta Hasanah,1996-08-25,Semarang,SME,2019-06-28
4005,Ella Sihombing,1963-12-24,Medan,Mass,2021-04-19
4006,Bagas Setiawan,1972-06-15,Semarang,Priority,2010-01-01
4007,dr. Kamila Irawan,1993-10-16,Medan,Priority,2021-12-03
4008,Cemani Haryanti,1993-02-22,Yogyakarta,Mass,2013-04-26
4009,Nabila Rajasa,1972-05-06,Bandung,SME,2014-04-27
4010,drg. Martaka Mandala S.IP,1993-01-29,Yogyakarta,Mass,2012-01-30
4011,Dr. Azalea Utama,1968-11-12,Surabaya,Mass,2012-12-22
4012,Tgk. Lalita Wasita M.Ak,1980-02-29,Medan,Mass,2015-01-23
4013,Cager Farida S.I.Kom,1967-03-21,Surabaya,Priority,2014-07-31
4014,Drs. Wawan Sihotang,1997-06-11,Semarang,Mass,2023-02-17
4015,Chelsea Zulaika,1997-05-24,Bandung,Mass,2025-06-27
4016,Ophelia Hartati,1967-09-08,Jakarta,Mass,2018-05-27
4017,Sabrina Gunarto,1997-10-23,Semarang,Mass,2025-10-23
4018,Hj. Amelia Prasasta,1969-07-01,Bandung,Mass,2011-08-23
4019,Yuni Purwanti S.Ked,1970-04-14,Bandung,Mass,2025-09-10
4020,Simon Jailani,1992-01-06,Yogyakarta,Mass,2022-06-13
4021,Keisha Manullang,2000-04-28,Surabaya,SME,2024-11-16
4022,drg. Zulaikha Hidayanto,1997-03-05,Medan,Priority,2021-10-29
4023,Harsanto Hariyah,2002-10-11,Semarang,Mass,2023-04-13
4024,Bakiman Tampubolon M.M.,1972-07-10,Surabaya,Mass,2017-01-30
4025,Syahrini Nasyidah,1968-10-20,Surabaya,Mass,2019-02-07
4026,Dr. Cici Hutasoit S.E.,1980-11-07,Medan,Mass,2012-01-16
4027,Cici Widodo S.Farm,2000-05-29,Bandung,Priority,2018-12-31
4028,Himawan Sitompul,2002-08-05,Medan,Mass,2021-11-06
4029,Galiono Siregar,1986-01-17,Yogyakarta,Priority,2025-12-24
4030,Dr. Gabriella Kusmawati,1983-03-27,Medan,SME,2014-01-12
4031,Estiawan Hasanah,1970-10-15,Medan,SME,2011-02-20
4032,Kenes Mangunsong,1999-09-03,Bandung,Mass,2018-06-28
4033,Dalima Uyainah,1983-07-21,Jakarta,Mass,2022-01-21
4034,Galuh Purnawati,1984-08-15,Bandung,Mass,2013-01-20
4035,Limar Wibowo,1998-02-20,Bandung,Mass,2025-07-10
4036,Waluyo Tarihoran,1991-05-06,Jakarta,Mass,2024-04-09
4037,dr. Jasmani Prabowo S.Gz,1979-11-04,Semarang,Priority,2011-08-09
4038,Taswir Damanik,1963-08-06,Semarang,Mass,2017-03-21
4039,Ir. Indra Saputra S.T.,1998-01-01,Jakarta,Mass,2019-10-11
4040,Cecep Hutasoit S.E.I,1994-12-28,Yogyakarta,Priority,2013-08-03
4041,Endra Waskita,1963-10-02,Bandung,Priority,2017-03-26
4042,Emin Hartati,1986-04-12,Jakarta,Priority,2011-10-27
4043,drg. Paramita Prabowo S.T.,2002-10-02,Jakarta,Mass,2025-04-03
4044,Radika Habibi,1989-01-17,Jakarta,Priority,2018-05-02
4045,Umar Aryani,1961-02-27,Bandung,SME,2026-02-17
4046,Umi Salahudin,1977-01-01,Jakarta,Priority,2025-01-28
4047,Dalimin Tampubolon,1988-12-16,Surabaya,Mass,2016-07-02
4048,Novi Kusmawati,1984-06-24,Medan,Priority,2013-04-26
4049,H. Purwanto Marpaung,1981-05-21,Semarang,Mass,2016-06-10
4050,Maya Thamrin M.Farm,1966-10-03,Surabaya,Mass,2013-12-10
4051,Yuni Anggriawan,1974-02-02,Semarang,Mass,2018-07-06
4052,KH. Tugiman Riyanti,1980-12-17,Jakarta,Mass,2010-08-04
4053,Bahuwarna Widiastuti,1989-09-11,Bandung,Mass,2015-11-11
4054,Ir. Dalima Sinaga,1975-04-26,Surabaya,Priority,2011-12-28
4055,Ridwan Simanjuntak S.Ked,1983-10-11,Semarang,Mass,2013-05-13
4056,Usman Haryanti,1970-07-30,Bandung,Priority,2019-04-07
4057,Jamil Simanjuntak,1974-06-05,Yogyakarta,Mass,2018-04-16
4058,Prima Wulandari,1996-11-07,Medan,Mass,2018-08-28
4059,Hani Nurdiyanti,1984-10-13,Jakarta,Priority,2026-01-08
4060,Ade Hartati S.E.I,1978-03-30,Bandung,Mass,2014-08-31
4061,Ihsan Uyainah M.Farm,1985-01-15,Medan,Mass,2020-04-26
4062,Argono Pratama,1994-08-24,Bandung,Mass,2024-06-04
4063,Fitriani Andriani M.Pd,1972-01-05,Jakarta,SME,2011-01-20
4064,R.M. Limar Waluyo S.Kom,1997-06-13,Jakarta,SME,2021-05-13
4065,Fathonah Nainggolan,1993-02-15,Surabaya,Priority,2011-03-23
4066,Koko Budiman S.I.Kom,2003-02-27,Yogyakarta,Mass,2025-12-13
4067,dr. Anita Sihombing S.Pd,1982-05-11,Medan,Mass,2015-08-02
4068,R. Naradi Mandasari,1983-09-13,Jakarta,Mass,2024-07-12
4069,Jaga Zulkarnain S.Farm,1966-12-12,Jakarta,Mass,2025-02-04
4070,Kamila Namaga,1987-10-08,Surabaya,Priority,2025-03-16
4071,Putri Sitorus,1985-08-19,Yogyakarta,Priority,2024-06-21
4072,Wira Nugroho,1978-04-14,Bandung,Mass,2016-09-03
4073,Maria Wahyudin,1993-12-07,Surabaya,Priority,2014-11-06
4074,Kadir Riyanti,1979-04-30,Jakarta,Mass,2014-10-19
4075,Kemba Fujiati,1963-09-08,Jakarta,SME,2020-05-12
4076,Intan Wahyuni,2002-05-30,Bandung,Mass,2024-10-07
4077,Sabrina Fujiati S.Pd,1993-12-26,Jakarta,Mass,2018-06-28
4078,Raina Januar S.Pt,1992-05-06,Surabaya,Mass,2025-06-27
4079,R. Bakidin Yulianti S.Ked,1968-05-21,Bandung,SME,2016-08-04
4080,drg. Ciaobella Mandasari,1989-12-29,Semarang,Mass,2011-11-25
4081,Umi Oktaviani M.Pd,1995-07-13,Surabaya,Mass,2019-10-17
4082,Mahesa Handayani,1982-08-30,Bandung,Priority,2010-07-04
4083,Drs. Reksa Firmansyah,1970-10-30,Yogyakarta,Mass,2022-06-22
4084,Elvin Andriani S.Kom,1997-04-01,Surabaya,Priority,2018-04-29
4085,Prayoga Hasanah,1980-11-20,Yogyakarta,Mass,2023-09-07
4086,dr. Balijan Napitupulu,1961-09-07,Yogyakarta,Priority,2016-07-01
4087,Dr. Dewi Tampubolon M.M.,1970-09-17,Bandung,Mass,2014-08-04
4088,Yuni Yuliarti,1968-09-18,Surabaya,Mass,2021-10-20
4089,Violet Widodo S.Ked,1977-09-15,Bandung,Priority,2014-12-23
4090,Violet Prasetyo,1964-03-29,Medan,Mass,2025-12-15
4091,T. Embuh Wahyuni,1992-05-08,Medan,Mass,2013-02-10
4092,Ina Agustina,1970-10-25,Jakarta,Priority,2023-04-23
4093,Dimas Ardianto S.Farm,1982-02-04,Bandung,Mass,2014-11-11
4094,Aditya Dongoran,1970-02-15,Semarang,SME,2010-11-18
4095,Paiman Wahyudin,2002-11-22,Medan,Priority,2021-05-07
4096,Drs. Yuliana Rahimah S.Psi,1994-01-07,Semarang,Mass,2019-05-08
4097,Ella Pertiwi,1998-07-03,Medan,Priority,2021-01-20
4098,Halima Puspita,2000-01-02,Jakarta,SME,2018-01-31
4099,Febi Susanti,1996-10-18,Jakarta,Mass,2015-05-19
4100,Hartana Habibi M.Farm,1994-12-05,Jakarta,Mass,2022-03-22
4101,Dian Usada,1983-07-02,Bandung,Priority,2010-04-18
4102,Titi Natsir,1981-03-08,Yogyakarta,Mass,2024-04-13
4103,Jamalia Maryati,1996-12-01,Yogyakarta,SME,2017-08-03
4104,Ibrani Pradipta,1999-07-30,Yogyakarta,Mass,2024-07-11
4105,Nyana Mahendra,1987-05-09,Bandung,SME,2017-10-03
4106,R. Laswi Permata,1973-12-17,Jakarta,Priority,2023-07-17
4107,dr. Saiful Utami S.T.,1988-09-04,Surabaya,Mass,2022-11-24
4108,Drs. Endah Sinaga S.Kom,1970-02-17,Semarang,Mass,2015-03-11
4109,Bakiman Dongoran,1997-08-04,Medan,Mass,2015-11-16
4110,Ajeng Utami,1968-09-25,Yogyakarta,Mass,2013-10-29
4111,Drs. Candra Dabukke M.Ak,1987-01-01,Bandung,Mass,2021-05-06
4112,Puji Hutapea M.Farm,1972-05-02,Surabaya,Mass,2017-07-08
4113,Aisyah Mustofa,1971-06-12,Yogyakarta,Priority,2010-10-26
4114,Siska Usamah,1965-10-31,Medan,Mass,2021-08-28
4115,Tgk. Cengkir Permadi S.H.,1976-06-15,Jakarta,Priority,2024-02-21
4116,Febi Nasyiah,1970-08-29,Semarang,Mass,2021-01-16
4117,R.A. Tari Waluyo S.T.,1983-04-18,Jakarta,Mass,2025-07-23
4118,Aslijan Saefullah S.Pt,1979-02-18,Jakarta,SME,2010-05-28
4119,Lutfan Damanik,1983-05-03,Surabaya,Mass,2014-07-23
4120,Labuh Jailani S.IP,1963-12-19,Semarang,Mass,2010-08-12
4121,Rina Maheswara,1963-04-05,Yogyakarta,Mass,2017-03-09
4122,Caket Suryono,1994-06-07,Surabaya,SME,2017-04-27
4123,Elvina Iswahyudi,1962-05-02,Medan,Mass,2019-08-22
4124,Jumari Tarihoran,1985-08-29,Semarang,Priority,2012-06-10
4125,R.A. Kania Januar M.Kom.,1979-01-15,Yogyakarta,SME,2022-08-04
4126,Dt. Hendri Hidayanto M.Kom.,1969-06-16,Surabaya,Mass,2021-10-06
4127,Bahuwarna Pranowo S.Farm,1965-03-12,Surabaya,SME,2015-06-07
4128,Iriana Usada,1995-08-10,Semarang,Priority,2025-06-06
4129,Yani Marpaung,1973-05-21,Semarang,SME,2015-04-29
4130,Emin Anggriawan,1993-01-16,Bandung,Mass,2022-11-20
4131,Maryanto Purnawati,1970-06-26,Surabaya,Mass,2024-06-20
4132,Luluh Firmansyah S.IP,1962-05-24,Yogyakarta,Mass,2012-04-19
4133,Jelita Laksmiwati,1987-03-03,Medan,Mass,2011-01-25
4134,Ir. Puji Ardianto,1986-01-20,Jakarta,Priority,2025-11-14
4135,Karman Rajasa,1985-10-01,Jakarta,Priority,2014-01-29
4136,Dadi Sudiati,1971-06-13,Bandung,Mass,2023-01-28
4137,Kawaca Damanik,1991-09-04,Medan,SME,2022-11-06
4138,Dr. Prabawa Mangunsong,1994-05-22,Semarang,SME,2025-03-21
4139,Sakti Utama,1973-04-18,Yogyakarta,Mass,2022-05-25
4140,Uda Pratama,1993-06-18,Jakarta,SME,2021-09-06
4141,Gamanto Mandala,1966-07-06,Surabaya,Mass,2022-01-02
4142,Bakda Mahendra,2002-09-13,Bandung,Mass,2023-11-16
4143,Ika Laksmiwati,1964-08-13,Jakarta,Priority,2016-08-08
4144,Xanana Iswahyudi,1985-07-18,Bandung,SME,2023-11-18
4145,Titin Puspasari,1964-11-10,Bandung,Mass,2014-02-24
4146,Emil Hastuti M.Kom.,1994-10-27,Semarang,Mass,2022-06-13
4147,Oliva Wacana,1978-04-17,Yogyakarta,Mass,2023-12-16
4148,Dwi Natsir,1966-12-14,Yogyakarta,Mass,2018-12-05
4149,Mahfud Setiawan,2003-08-13,Yogyakarta,Mass,2021-10-09
4150,Ciaobella Padmasari,1973-11-18,Yogyakarta,Mass,2022-08-07
4151,KH. Langgeng Saragih S.E.,1969-11-19,Yogyakarta,Priority,2017-04-22
4152,Sutan Xanana Laksita S.Farm,1989-03-01,Medan,Mass,2015-06-22
4153,Lintang Riyanti,1993-12-15,Surabaya,SME,2012-05-02
4154,Humaira Simanjuntak M.Ak,2003-01-23,Yogyakarta,Mass,2023-05-02
4155,Luluh Winarno,2000-06-21,Medan,Mass,2024-10-22
4156,Farah Purnawati,1984-08-20,Semarang,Mass,2013-04-21
4157,Kasiyah Usamah,1984-06-04,Bandung,Mass,2025-03-05
4158,Puti Mila Marbun S.Gz,1964-03-11,Semarang,Mass,2022-05-08
4159,T. Langgeng Wasita,1978-04-03,Jakarta,SME,2024-02-20
4160,Rahmi Yuliarti,1960-09-01,Semarang,Priority,2022-08-08
4161,Tgk. Hasta Dabukke,1990-02-22,Bandung,Priority,2025-05-19
4162,Cemeti Sinaga,1974-01-26,Surabaya,SME,2022-10-26
4163,Widya Nashiruddin,1971-04-20,Surabaya,Mass,2014-04-23
4164,Hesti Hidayanto,1970-10-17,Surabaya,SME,2023-03-07
4165,Maryadi Wahyudin,1988-01-31,Jakarta,SME,2010-11-29
4166,Dalima Sihotang,1981-06-17,Jakarta,Mass,2015-01-07
4167,Adika Simanjuntak,1979-06-24,Semarang,SME,2023-06-20
4168,Ajeng Sitompul S.Kom,1962-10-22,Jakarta,SME,2011-03-28
4169,Qori Sinaga,1982-08-08,Jakarta,Mass,2014-07-14
4170,Kanda Haryanto,1996-07-11,Jakarta,Mass,2022-01-09
4171,Intan Suartini,1976-10-30,Jakarta,Mass,2021-11-02
4172,Karsa Pratama,1963-08-05,Yogyakarta,Mass,2016-07-28
4173,Kanda Setiawan,1962-06-09,Semarang,Priority,2020-03-01
4174,Rachel Winarsih S.Pt,1983-05-29,Medan,SME,2014-05-24
4175,Hj. Lili Zulaika,1978-06-11,Bandung,Mass,2024-01-24
4176,dr. Galiono Simanjuntak S.Kom,1969-11-21,Surabaya,Mass,2024-04-19
4177,Asirwanda Lailasari,1979-10-07,Medan,Mass,2019-12-06
4178,Aurora Saefullah,1962-08-11,Semarang,SME,2026-01-08
4179,Devi Maheswara,1994-03-23,Yogyakarta,Mass,2021-06-11
4180,Ella Rahimah,1975-06-16,Medan,Priority,2010-06-09
4181,Rika Winarno,1992-07-09,Semarang,SME,2024-07-14
4182,Koko Damanik,1985-05-12,Medan,Mass,2025-09-07
4183,Anita Yuniar,1961-01-07,Medan,Priority,2018-11-29
4184,Drs. Adhiarja Hariyah S.Pd,1963-01-05,Bandung,Mass,2014-05-19
4185,Saadat Waskita,1964-01-01,Surabaya,Mass,2012-12-22
4186,Umar Nasyidah,1969-02-01,Semarang,Mass,2017-09-25
4187,Dt. Gandi Yuliarti,2001-08-03,Semarang,Mass,2020-06-18
4188,Bagiya Halimah,1990-05-31,Jakarta,Mass,2012-04-12
4189,Radit Agustina,1977-01-14,Bandung,Priority,2012-07-11
4190,Ilsa Saefullah S.Psi,1997-01-05,Yogyakarta,Mass,2020-10-03
4191,Tgk. Heru Hutapea M.Pd,1982-03-28,Medan,SME,2022-04-01
4192,Tgk. Jumadi Suryatmi S.Gz,1965-06-09,Bandung,Mass,2014-04-09
4193,Ifa Hasanah,1984-06-15,Surabaya,Mass,2016-08-27
4194,Zizi Yuniar,1992-07-25,Medan,Mass,2014-05-02
4195,Saiful Wahyudin,1998-10-05,Surabaya,Mass,2021-03-08
4196,Puti Ana Prasetyo,1979-05-05,Surabaya,SME,2016-03-06
4197,Rudi Anggriawan,1980-04-06,Yogyakarta,Mass,2014-08-06
4198,Bala Sinaga,1977-11-13,Medan,Mass,2020-07-20
4199,drg. Genta Narpati S.Pt,2000-08-06,Yogyakarta,Priority,2023-10-12
4200,Nyoman Uwais,1983-01-11,Bandung,Mass,2013-10-27
4201,Drs. Agnes Habibi S.T.,1988-08-31,Semarang,SME,2012-01-26
4202,Dt. Balapati Hardiansyah S.Pd,1984-01-20,Jakarta,Priority,2014-02-03
4203,Eman Sitompul,1983-04-20,Bandung,Mass,2019-06-02
4204,Rahmi Wibowo S.T.,1992-12-12,Yogyakarta,Priority,2021-12-14
4205,Ella Mandala M.Farm,1970-06-28,Bandung,SME,2019-07-22
4206,Devi Mahendra,1970-11-25,Medan,Mass,2012-07-30
4207,Zelda Maulana,1974-04-14,Jakarta,Mass,2019-02-28
4208,Drs. Tirta Zulkarnain M.M.,1993-08-27,Yogyakarta,Mass,2021-09-22
4209,Banawi Nurdiyanti M.TI.,1984-06-05,Yogyakarta,Mass,2026-02-17
4210,Koko Kuswandari,2001-08-02,Semarang,Mass,2020-11-27
4211,Jindra Setiawan S.Psi,1978-01-23,Bandung,SME,2021-02-19
4212,H. Jayadi Prasetyo S.Pt,1994-12-25,Jakarta,Mass,2016-04-03
4213,Vivi Sihombing,1976-11-14,Bandung,Mass,2022-02-15
4214,Chelsea Thamrin M.Pd,1968-02-04,Yogyakarta,Mass,2015-01-09
4215,R.A. Sakura Yuliarti S.Kom,1967-02-21,Semarang,Priority,2011-12-08
4216,Citra Hutagalung M.Kom.,1976-06-02,Surabaya,Mass,2010-05-02
4217,Danuja Budiman,2002-01-12,Yogyakarta,Mass,2021-03-12
4218,Darijan Hastuti S.Sos,1966-09-29,Medan,Priority,2011-08-20
4219,Jinawi Jailani,1963-04-06,Bandung,Mass,2022-10-19
4220,Fathonah Rahayu,2003-06-18,Medan,SME,2024-01-04
4221,Dr. Kamidin Sihotang S.Pd,1986-06-29,Yogyakarta,Mass,2021-12-25
4222,Mutia Yolanda S.E.I,1987-12-19,Medan,Mass,2023-08-29
4223,Drs. Cici Mustofa S.H.,1998-12-09,Bandung,Mass,2017-02-08
4224,Kiandra Hartati,1998-03-02,Jakarta,SME,2019-11-12
4225,Ir. Oliva Pangestu S.Sos,1989-09-16,Semarang,SME,2022-03-01
4226,Bagiya Setiawan,1992-02-25,Surabaya,Mass,2025-08-24
4227,Eli Samosir,1989-01-30,Surabaya,SME,2012-11-30
4228,Ir. Septi Jailani S.E.I,1997-12-15,Medan,Mass,2024-03-10
4229,Cici Kusumo,1962-12-17,Jakarta,Mass,2024-07-08
4230,Agus Haryanti,1988-01-31,Medan,Mass,2022-03-29
4231,Emas Dabukke,1991-03-10,Semarang,Mass,2024-09-08
4232,Salimah Nuraini,1970-07-21,Semarang,Mass,2022-03-15
4233,Kamila Saptono,1968-10-16,Yogyakarta,Mass,2022-02-04
4234,Wira Pudjiastuti,1980-04-10,Semarang,Priority,2016-03-01
4235,Garang Astuti,1962-11-06,Yogyakarta,Priority,2026-02-19
4236,Cakrawangsa Widodo,1982-03-14,Medan,Mass,2023-09-10
4237,dr. Kacung Sitorus,1966-09-22,Medan,SME,2023-12-27
4238,Irnanto Saputra,1982-04-21,Bandung,SME,2026-02-12
4239,Cinthia Hardiansyah,1974-05-11,Medan,Mass,2021-07-30
4240,Harjaya Anggraini S.Kom,1995-06-18,Surabaya,Priority,2025-05-20
4241,Fitriani Waskita,1977-11-17,Bandung,Priority,2024-06-07
4242,Legawa Saefullah,1976-07-15,Yogyakarta,Mass,2011-03-01
4243,Drs. Jumadi Maryati,1989-10-06,Semarang,Mass,2018-01-31
4244,Cici Zulaika,1974-11-20,Semarang,Mass,2025-05-18
4245,Mariadi Prayoga,1990-03-10,Bandung,Mass,2012-10-19
4246,Darmaji Latupono,1967-11-22,Surabaya,Mass,2017-09-07
4247,Umar Firgantoro,2001-11-27,Semarang,Mass,2025-10-06
4248,Tgk. Halima Haryanto,1968-10-18,Surabaya,SME,2013-02-23
4249,R. Enteng Prasetyo,1973-03-12,Yogyakarta,Mass,2014-03-02
4250,drg. Kania Wijaya,1990-08-29,Yogyakarta,Mass,2021-12-12
4251,Darmaji Santoso,1995-06-01,Bandung,SME,2022-03-07
4252,Farhunnisa Narpati,1984-07-01,Jakarta,Mass,2022-11-04
4253,Sutan Ganjaran Uyainah S.Pd,1971-09-11,Yogyakarta,Priority,2011-10-15
4254,Rina Suwarno S.Ked,1968-05-15,Surabaya,Priority,2021-12-15
4255,Cengkal Mardhiyah,1967-12-24,Semarang,Mass,2017-09-13
4256,Sarah Kuswandari S.Pd,1967-09-16,Medan,Mass,2019-01-20
4257,R.A. Ella Sihotang S.Pt,1975-05-27,Medan,Priority,2021-11-18
4258,Cengkir Sitorus,1964-08-01,Medan,Mass,2015-01-06
4259,Dinda Budiman,1976-07-24,Jakarta,SME,2018-03-16
4260,Jasmani Aryani S.Psi,1983-04-12,Semarang,SME,2015-11-24
4261,Cecep Saptono,1974-07-20,Medan,Mass,2010-05-09
4262,Cawisono Wastuti,1994-09-03,Surabaya,Mass,2019-02-07
4263,Dt. Legawa Thamrin M.Kom.,1973-10-02,Medan,Mass,2024-02-02
4264,Cut Nurul Prayoga,2000-02-05,Medan,Mass,2023-10-30
4265,Carla Gunawan,2000-12-29,Medan,Mass,2024-05-18
4266,Cut Qori Zulaika S.Pd,1968-12-06,Yogyakarta,Mass,2021-09-12
4267,R.A. Paramita Mardhiyah S.E.,1972-01-27,Jakarta,SME,2010-11-05
4268,R.M. Prayitna Kuswoyo S.IP,1977-09-11,Jakarta,Mass,2016-11-24
4269,Wani Sitorus,1964-10-27,Surabaya,Mass,2017-04-30
4270,Nurul Tampubolon,1992-09-11,Surabaya,Mass,2014-07-29
4271,T. Mujur Laksita,1996-09-02,Semarang,Priority,2024-01-25
4272,Karimah Haryanti,1964-05-14,Semarang,Mass,2015-05-05
4273,Raden Thamrin,1962-01-20,Medan,Mass,2010-05-12
4274,Titin Sitorus,1991-04-09,Jakarta,Mass,2024-06-06
4275,KH. Mujur Riyanti,1961-07-30,Bandung,Mass,2017-12-08
4276,Carla Saputra,1983-09-27,Yogyakarta,Mass,2012-09-26
4277,Karja Uyainah S.Ked,1985-03-09,Medan,Priority,2011-05-08
4278,Hendra Prasetya,1993-12-28,Jakarta,Mass,2022-09-12
4279,Caket Tamba M.Kom.,1970-07-17,Medan,Mass,2021-07-14
4280,Dipa Permata,1978-01-15,Bandung,SME,2013-08-26
4281,Tami Astuti S.I.Kom,1996-04-17,Semarang,Mass,2023-11-19
4282,Panca Irawan,1998-10-04,Medan,Mass,2025-05-30
4283,Viman Waluyo,1984-03-04,Surabaya,Mass,2019-12-02
4284,Balangga Saefullah M.Pd,1966-03-14,Yogyakarta,Mass,2021-01-19
4285,Paramita Natsir,1993-03-25,Medan,Priority,2017-06-27
4286,Shania Tampubolon,1978-12-05,Surabaya,Priority,2018-02-27
4287,Kania Rahmawati,1972-12-02,Medan,Mass,2013-12-27
4288,Ika Saragih,2000-11-03,Jakarta,Priority,2020-02-28
4289,Artanto Prastuti,1974-11-27,Bandung,SME,2010-07-28
4290,H. Gangsa Suryatmi,1999-08-02,Jakarta,Mass,2018-01-05
4291,Ian Hasanah,1976-09-16,Bandung,Mass,2024-05-03
4292,dr. Irma Kusumo,1963-04-06,Bandung,Priority,2015-04-21
4293,Jamil Maulana,1995-11-08,Surabaya,Mass,2021-02-24
4294,Sabrina Maryadi,1974-07-14,Semarang,Mass,2017-08-16
4295,T. Leo Puspita,1988-05-30,Semarang,Mass,2024-03-13
4296,Carub Sihombing M.Kom.,1990-08-04,Surabaya,Mass,2012-04-02
4297,Bella Sihombing,1983-07-17,Semarang,Mass,2023-11-02
4298,Jaeman Gunarto,1992-02-25,Bandung,Mass,2021-02-21
4299,Eko Rahayu,1978-12-23,Yogyakarta,Priority,2020-01-27
4300,Asmadi Lestari,1988-11-06,Bandung,Priority,2019-04-09
4301,Agnes Astuti,1976-06-06,Yogyakarta,Priority,2021-07-23
4302,Salimah Adriansyah,1972-11-30,Jakarta,Mass,2014-09-10
4303,Dwi Mandala,1991-09-27,Jakarta,Priority,2022-03-10
4304,Intan Mardhiyah,1997-07-07,Bandung,Mass,2016-03-16
4305,Yusuf Purwanti S.E.I,1999-06-01,Jakarta,Priority,2024-08-20
4306,Nasab Saputra,1964-02-26,Semarang,Priority,2011-04-29
4307,Oskar Napitupulu,1983-04-22,Semarang,Mass,2015-06-28
4308,Restu Hutapea,1969-02-23,Medan,Mass,2026-02-04
4309,Gawati Firmansyah,1983-11-20,Semarang,Mass,2013-09-14
4310,Kamila Prayoga,1989-11-01,Bandung,Priority,2020-03-24
4311,Ir. Makuta Winarno S.Farm,1981-07-14,Surabaya,Mass,2020-05-31
4312,Cinthia Rajata,1988-02-27,Semarang,Mass,2015-12-17
4313,Rina Saragih,1998-09-13,Jakarta,Mass,2023-02-03
4314,Kardi Fujiati,1964-01-18,Yogyakarta,Priority,2021-06-17
4315,Taufik Sinaga M.Farm,2000-05-09,Medan,Mass,2025-09-18
4316,Mahmud Pangestu,1977-08-09,Medan,SME,2011-03-11
4317,Diana Agustina,2003-01-29,Yogyakarta,Mass,2021-09-28
4318,Sutan Gada Samosir,1980-07-04,Bandung,Mass,2025-06-02
4319,Emin Purnawati,2001-07-12,Yogyakarta,Mass,2025-11-05
4320,Jail Palastri S.E.,2002-11-30,Jakarta,Mass,2025-08-06
4321,Violet Fujiati,1966-12-17,Medan,SME,2022-12-07
4322,Cahyo Novitasari,1993-03-28,Bandung,SME,2020-06-18
4323,Talia Sihotang,1995-11-10,Yogyakarta,SME,2021-03-06
4324,Ir. Narji Tamba,1988-09-21,Bandung,Mass,2016-10-19
4325,Kamila Aryani,1970-08-10,Surabaya,Priority,2013-09-26
4326,Lili Zulkarnain,1995-05-29,Bandung,Mass,2025-07-05
4327,Ana Purwanti,1971-12-19,Jakarta,Mass,2019-05-17
4328,Yusuf Andriani,1980-10-08,Bandung,Mass,2021-01-22
4329,Perkasa Mandala,1972-12-31,Jakarta,Mass,2015-07-18
4330,Tgk. Winda Prasasta,1998-10-27,Medan,Priority,2019-08-27
4331,Drs. Kasiyah Mahendra,1987-06-02,Yogyakarta,Mass,2026-01-18
4332,Drs. Padmi Sihombing,1987-01-28,Semarang,Mass,2023-01-22
4333,Perkasa Wijaya,1967-10-27,Jakarta,Mass,2019-11-15
4334,Hadi Winarsih,1971-01-21,Medan,Mass,2024-12-14
4335,Jail Maryati,2000-11-06,Yogyakarta,Mass,2024-06-01
4336,Zalindra Habibi,1991-10-03,Bandung,Mass,2017-05-01
4337,Asman Saputra,2002-06-05,Bandung,Mass,2023-02-20
4338,Hj. Cici Sitorus M.Ak,1993-10-07,Bandung,Priority,2013-12-18
4339,Rizki Siregar,1992-09-16,Medan,Mass,2011-11-30
4340,Dr. Shakila Sitompul,1999-08-17,Surabaya,Priority,2018-02-10
4341,Cut Dewi Padmasari M.TI.,1996-05-15,Medan,Mass,2024-10-19
4342,Tina Habibi S.Kom,1979-08-31,Yogyakarta,Mass,2017-11-01
4343,R.M. Kanda Lailasari,1989-12-07,Surabaya,Mass,2021-07-15
4344,Darmana Wulandari,1983-12-31,Jakarta,Priority,2018-11-05
4345,Simon Mangunsong S.Pd,1969-01-22,Surabaya,SME,2010-05-23
4346,Galang Ardianto M.Kom.,2001-05-19,Yogyakarta,Mass,2023-09-19
4347,R.A. Calista Hidayat,1998-05-12,Medan,Mass,2025-04-03
4348,Candra Suartini,1962-12-24,Bandung,SME,2017-10-12
4349,Karma Kuswoyo,2000-04-21,Jakarta,Priority,2019-05-05
4350,Damu Jailani,1985-11-21,Yogyakarta,SME,2013-10-03
4351,Aisyah Mayasari,1989-10-14,Jakarta,Mass,2010-07-16
4352,Kania Hakim,1972-06-07,Yogyakarta,Mass,2024-08-30
4353,Eja Waskita,1987-06-16,Jakarta,Mass,2014-05-28
4354,Fitria Prakasa,1963-09-16,Yogyakarta,Mass,2014-09-20
4355,Drs. Hana Suryatmi M.M.,1987-04-21,Bandung,Mass,2012-08-01
4356,Hj. Raisa Maheswara S.Farm,1966-10-08,Jakarta,Mass,2013-05-28
4357,Makara Damanik,1998-11-17,Yogyakarta,SME,2024-07-26
4358,Caket Wahyuni,1980-12-05,Bandung,Mass,2024-10-22
4359,Cawisono Melani,1994-08-08,Jakarta,Mass,2014-08-04
4360,Tira Palastri S.Kom,1964-09-08,Bandung,Mass,2012-11-26
4361,Natalia Siregar,1992-05-15,Semarang,Mass,2011-01-27
4362,Salwa Januar,1989-09-06,Semarang,SME,2021-11-13
4363,Dr. Kartika Widiastuti,2001-07-07,Jakarta,Mass,2021-11-25
4364,Kania Winarno,1979-05-09,Surabaya,Mass,2018-07-13
4365,Wirda Kurniawan M.M.,1989-08-14,Semarang,Priority,2014-01-05
4366,Yulia Anggraini,1996-05-22,Medan,Mass,2021-02-19
4367,Alambana Suryono,1967-11-25,Jakarta,Mass,2012-04-02
4368,Devi Pratiwi,1990-08-21,Yogyakarta,Mass,2018-11-09
4369,Ajeng Prastuti,1998-07-27,Medan,Priority,2016-08-26
4370,Ami Yuliarti,1966-09-25,Surabaya,Mass,2023-05-18
4371,Tugiman Wahyuni M.Ak,1997-09-05,Medan,Mass,2024-11-23
4372,Azalea Thamrin,2003-05-29,Yogyakarta,Mass,2023-05-10
4373,Jarwa Haryanti,1996-05-09,Bandung,Priority,2014-05-15
4374,Ajeng Manullang,1986-09-29,Bandung,Priority,2017-09-29
4375,Olivia Mardhiyah,1982-04-10,Jakarta,Mass,2010-05-20
4376,Gantar Novitasari,1965-04-27,Surabaya,Mass,2013-03-08
4377,Oliva Haryanto,1984-08-28,Medan,Mass,2017-04-29
4378,Marwata Maryadi,2001-06-13,Bandung,SME,2020-11-23
4379,Safina Pratiwi,2002-03-26,Yogyakarta,Priority,2021-01-21
4380,Michelle Mandala,1966-04-26,Jakarta,Mass,2020-10-22
4381,Violet Wahyuni,1987-07-21,Semarang,Mass,2013-08-19
4382,Kania Hidayat,1972-06-19,Bandung,Mass,2011-05-10
4383,Hj. Novi Waluyo M.Kom.,1979-11-16,Yogyakarta,SME,2026-02-14
4384,Hj. Elvina Permata,1979-02-12,Jakarta,Mass,2023-04-02
4385,Ophelia Wahyuni M.TI.,1965-09-03,Medan,Priority,2016-04-24
4386,Diah Sinaga,1975-05-11,Surabaya,SME,2017-03-01
4387,Ir. Kamaria Padmasari,1997-02-17,Yogyakarta,Priority,2024-12-20
4388,drg. Betania Gunawan,1969-12-13,Yogyakarta,SME,2025-09-23
4389,Simon Manullang,1971-03-15,Jakarta,Mass,2011-04-26
4390,Bakti Widiastuti,2000-09-23,Semarang,Mass,2023-04-07
4391,Jamil Wastuti,1980-04-01,Semarang,SME,2018-04-08
4392,Janet Pradipta,1987-12-10,Surabaya,Mass,2011-06-16
4393,KH. Vero Prakasa S.IP,1994-11-30,Surabaya,Mass,2020-09-15
4394,Ozy Winarno,2002-06-04,Surabaya,Mass,2023-03-04
4395,dr. Virman Haryanto S.Gz,1966-02-20,Semarang,Mass,2015-08-20
4396,Tgk. Calista Firgantoro,1961-12-23,Jakarta,Priority,2022-06-13
4397,Puti Maimunah Wahyudin M.Ak,1965-07-02,Bandung,Mass,2010-11-14
4398,Saadat Dabukke S.E.,1984-11-04,Jakarta,Mass,2015-02-26
4399,Cici Hartati,1994-03-31,Semarang,Mass,2014-04-02
4400,Diana Uyainah,1961-11-29,Jakarta,Mass,2022-03-18
4401,Drs. Farah Napitupulu,1976-06-05,Jakarta,Mass,2020-01-17
4402,Nurul Farida,1998-12-15,Jakarta,SME,2025-01-05
4403,Edison Prasetyo S.Kom,1980-10-15,Bandung,Mass,2011-11-23
4404,Elisa Fujiati M.TI.,1980-04-26,Bandung,Mass,2012-04-12
4405,KH. Dadi Irawan M.Farm,1974-11-24,Jakarta,Priority,2011-10-15
4406,Lasmono Winarsih,1976-03-13,Surabaya,Mass,2021-11-26
4407,Damu Firmansyah,1995-12-07,Bandung,Mass,2022-11-26
4408,R.M. Tugiman Ardianto S.I.Kom,1961-02-10,Medan,Mass,2010-05-23
4409,dr. Kasim Palastri S.Pt,1983-11-07,Yogyakarta,Mass,2021-11-05
4410,Fitria Zulaika,1991-07-21,Medan,Mass,2019-08-20
4411,Titi Yuniar M.TI.,1969-03-05,Medan,Mass,2012-09-14
4412,Fitriani Pranowo,1990-02-06,Medan,Mass,2014-06-30
4413,Dr. Olivia Thamrin,2001-05-10,Semarang,SME,2022-03-12
4414,Raina Purwanti,1996-12-04,Jakarta,Mass,2018-04-02
4415,R. Wani Hidayat M.M.,1983-07-14,Bandung,Priority,2015-05-25
4416,Sari Waluyo,1960-11-06,Jakarta,SME,2010-09-20
4417,Puti Qori Hutapea S.E.I,1978-08-10,Jakarta,Mass,2019-07-19
4418,Dr. Emin Januar S.IP,1988-02-13,Jakarta,Priority,2023-03-21
4419,Gina Habibi,1962-04-08,Medan,Mass,2020-01-10
4420,Drs. Julia Damanik,1965-07-29,Jakarta,Mass,2015-08-29
4421,Rizki Siregar,1971-10-13,Bandung,Mass,2023-02-18
4422,Tgk. Kayla Tamba S.Pt,1963-01-18,Medan,Priority,2026-01-13
4423,R. Irma Hutagalung M.Pd,1991-03-29,Medan,Mass,2016-01-18
4424,R.A. Zulaikha Maryati,1989-12-13,Jakarta,Mass,2025-11-15
4425,Drs. Ira Wacana,1961-11-23,Medan,Mass,2015-09-25
4426,Cut Puji Kusumo,1996-03-27,Yogyakarta,SME,2020-11-24
4427,Dr. Hani Yolanda,2001-09-07,Medan,Mass,2024-02-06
4428,Anggabaya Sirait,1988-08-28,Yogyakarta,Mass,2015-01-07
4429,Hana Pangestu,1986-06-24,Yogyakarta,Mass,2019-11-06
4430,Vanesa Halim,1977-02-22,Medan,Priority,2023-07-11
4431,Damu Pudjiastuti,1978-06-06,Jakarta,Mass,2018-07-27
4432,dr. Usyi Wijayanti S.Gz,1972-11-09,Semarang,Mass,2011-02-07
4433,Jumadi Hidayanto,1971-02-19,Bandung,Priority,2015-03-27
4434,Drs. Utama Suryatmi S.Gz,1969-06-17,Medan,Priority,2025-06-14
4435,Belinda Agustina,1972-12-19,Medan,SME,2023-01-27
4436,Ir. Cindy Puspasari,1980-01-04,Jakarta,Priority,2010-05-01
4437,Diah Saputra,1967-05-29,Yogyakarta,Mass,2019-08-31
4438,Azalea Jailani S.Gz,1980-12-16,Medan,Mass,2011-02-22
4439,Ophelia Prasetyo,1997-11-14,Jakarta,Mass,2017-10-12
4440,Gara Astuti M.Kom.,1997-09-22,Yogyakarta,Priority,2017-06-27
4441,Violet Pradana,1988-04-18,Yogyakarta,Mass,2024-10-24
4442,Wadi Hakim,2002-05-01,Bandung,Mass,2021-04-03
4443,Prayitna Napitupulu,1985-08-21,Medan,Mass,2021-07-04
4444,Drs. Satya Wibowo,1980-02-14,Jakarta,Mass,2013-04-15
4445,Mahdi Budiyanto M.Pd,2003-03-05,Yogyakarta,SME,2021-04-14
4446,Anastasia Wibisono,1988-01-29,Surabaya,SME,2023-03-08
4447,dr. Mursinin Mahendra S.Farm,1961-05-15,Medan,SME,2011-08-02
4448,Maria Pudjiastuti S.E.I,1973-08-22,Bandung,Mass,2022-01-01
4449,Ismail Lazuardi,1980-03-29,Medan,Mass,2017-12-26
4450,dr. Kamila Nababan,1985-08-13,Medan,Mass,2019-11-17
4451,Maya Hakim,1984-03-07,Jakarta,Priority,2013-11-14
4452,Daru Iswahyudi,1984-03-23,Semarang,Mass,2011-01-19
4453,Cut Ghaliyati Zulkarnain,1989-11-25,Bandung,SME,2012-02-07
4454,Umi Nasyiah M.Farm,1985-04-10,Surabaya,Mass,2011-11-29
4455,Rama Budiman,1994-04-19,Bandung,Mass,2014-03-03
4456,R.A. Yulia Hakim S.Pt,1990-04-01,Surabaya,Priority,2023-03-30
4457,Budi Farida,1990-01-27,Medan,SME,2019-07-02
4458,Eko Gunawan,1980-10-13,Medan,SME,2018-10-18
4459,Kamaria Suartini,2001-09-22,Yogyakarta,Priority,2025-01-23
4460,Tirtayasa Prasasta S.Pd,1961-12-07,Surabaya,Mass,2023-03-17
4461,Luluh Widodo,1971-08-08,Medan,Mass,2011-12-26
4462,Sakura Maheswara,1979-02-28,Semarang,SME,2010-12-27
4463,Bahuwarna Hutagalung S.T.,1971-02-17,Semarang,Mass,2013-12-21
4464,Sutan Jumari Tamba,1985-01-14,Surabaya,Priority,2015-01-11
4465,R.A. Maimunah Sihombing S.I.Kom,1964-10-19,Medan,Priority,2020-04-28
4466,Dr. Erik Yolanda S.H.,1990-01-20,Semarang,Mass,2024-05-19
4467,T. Galuh Namaga,1962-01-10,Semarang,Priority,2023-07-26
4468,R. Asmadi Situmorang,1997-06-17,Semarang,Mass,2022-04-14
4469,Tiara Oktaviani,1992-04-24,Medan,Mass,2016-03-28
4470,Indah Hutapea,1980-04-27,Surabaya,Mass,2021-06-23
4471,Viktor Mandala,1960-07-09,Medan,Mass,2013-06-06
4472,Drs. Gina Samosir M.Pd,1966-05-21,Surabaya,Mass,2013-08-02
4473,Banawi Wahyudin,1997-01-11,Semarang,Mass,2022-01-31
4474,Yulia Megantara S.Gz,1965-08-10,Medan,SME,2010-01-03
4475,Nalar Farida,1971-12-05,Semarang,Mass,2021-12-28
4476,Prakosa Hasanah S.IP,1970-03-23,Jakarta,SME,2023-10-10
4477,Jamil Firmansyah,1971-08-06,Semarang,Mass,2018-11-12
4478,Indah Rahmawati,1979-12-20,Medan,Mass,2023-07-03
4479,Ifa Hutasoit,1987-12-16,Jakarta,Mass,2011-06-04
4480,Estiawan Suryatmi,1965-01-24,Yogyakarta,Mass,2023-02-26
4481,Nilam Budiyanto,1993-11-20,Yogyakarta,Priority,2025-04-28
4482,drg. Kiandra Handayani S.Gz,1992-01-23,Jakarta,Mass,2019-03-09
4483,Danang Wibowo,1992-04-13,Jakarta,Mass,2019-05-31
4484,Maryanto Astuti,1961-12-18,Surabaya,Mass,2015-09-16
4485,Dt. Mitra Samosir,1977-12-20,Yogyakarta,Mass,2017-06-16
4486,Kemba Tampubolon,1976-02-29,Surabaya,Mass,2016-03-30
4487,Upik Sudiati,1965-08-02,Jakarta,Mass,2023-10-28
4488,Tgk. Virman Saptono M.Farm,1961-06-01,Yogyakarta,Mass,2014-05-03
4489,Praba Dabukke,1995-05-02,Semarang,Mass,2026-01-15
4490,Tari Oktaviani,1981-01-31,Yogyakarta,Mass,2020-11-10
4491,Zelaya Aryani,1965-09-08,Surabaya,Mass,2025-09-14
4492,H. Wisnu Hakim S.IP,1993-10-11,Yogyakarta,Mass,2024-01-09
4493,dr. Wawan Wastuti,2002-11-26,Yogyakarta,Mass,2025-12-23
4494,Zamira Nasyidah,1980-09-16,Bandung,Mass,2022-05-13
4495,Lintang Pertiwi,1979-11-12,Semarang,Mass,2016-01-28
4496,Qori Maryati S.T.,1995-04-25,Surabaya,Priority,2018-05-19
4497,Yosef Wibowo,1988-02-09,Surabaya,Mass,2018-06-12
4498,Uli Prakasa,1989-09-30,Medan,Priority,2022-01-28
4499,Umaya Budiman,1991-05-08,Semarang,Priority,2023-01-18
4500,Wirda Zulaika,1979-10-02,Medan,Mass,2016-12-27
4501,Chelsea Prayoga,1990-11-22,Surabaya,Mass,2012-01-10
4502,Dr. Ega Sirait M.Farm,2003-11-29,Yogyakarta,Mass,2023-08-28
4503,Ani Susanti,1987-07-12,Yogyakarta,Mass,2013-01-09
4504,Karen Santoso,1962-08-17,Semarang,SME,2025-06-02
4505,Dwi Yolanda M.Ak,1991-04-07,Yogyakarta,Mass,2018-07-23
4506,Bancar Samosir,1963-02-27,Jakarta,Mass,2020-08-22
4507,Hj. Janet Saptono,1963-03-17,Medan,Priority,2023-05-15
4508,R. Maimunah Hariyah S.Ked,1977-09-17,Semarang,Mass,2014-08-24
4509,Ajeng Hastuti,2003-10-10,Yogyakarta,Mass,2025-09-26
4510,Gatot Kuswandari,1985-12-25,Surabaya,Mass,2015-10-31
4511,Surya Puspita S.Kom,1976-12-31,Jakarta,Mass,2020-11-21
4512,Amelia Prastuti,1989-06-05,Medan,Mass,2024-08-10
4513,Enteng Suryatmi,1973-05-26,Medan,Mass,2021-11-23
4514,Tgk. Xanana Haryanto,1973-02-26,Semarang,Priority,2018-06-10
4515,Elvina Rajata,1995-03-27,Medan,Mass,2025-09-15
4516,KH. Enteng Rajata M.Kom.,1978-05-30,Surabaya,Priority,2011-02-14
4517,Darsirah Usamah,1967-04-05,Surabaya,Mass,2010-04-28
4518,Cakrajiya Safitri,1981-12-24,Surabaya,Mass,2019-12-09
4519,Asirwanda Pradipta S.IP,1985-08-15,Surabaya,Priority,2020-02-09
4520,Aris Nashiruddin M.TI.,1968-08-16,Medan,Mass,2021-05-11
4521,Dr. Ratna Simanjuntak S.Gz,1970-11-17,Surabaya,Priority,2018-04-16
4522,H. Darsirah Halim,1995-02-19,Yogyakarta,Mass,2016-01-21
4523,Hana Rajasa S.Ked,1975-02-04,Surabaya,Mass,2025-09-18
4524,Surya Thamrin M.Pd,1988-05-17,Medan,Mass,2017-06-29
4525,Aurora Rahimah S.H.,2001-07-04,Jakarta,Priority,2020-02-04
4526,Cici Hutagalung,1979-02-01,Bandung,Mass,2013-08-05
4527,drg. Balidin Melani,1973-03-11,Semarang,Mass,2014-01-23
4528,Dasa Putra,1991-02-16,Semarang,Mass,2024-09-23
4529,Queen Wahyudin,1994-04-06,Medan,Mass,2019-05-03
4530,Hj. Lidya Hidayanto S.Farm,1964-08-25,Bandung,Mass,2011-10-10
4531,Dinda Dongoran,1964-02-21,Medan,Priority,2018-05-10
4532,Rachel Tarihoran,1983-12-05,Yogyakarta,Mass,2021-08-06
4533,Laila Yulianti,1960-04-10,Jakarta,Mass,2022-01-15
4534,Nadine Sihombing,1983-02-27,Semarang,Priority,2018-11-19
4535,Cut Elisa Uwais,1965-09-25,Jakarta,Mass,2014-05-24
4536,Elvin Maryadi,1999-08-02,Semarang,SME,2021-08-03
4537,Cut Cici Sudiati,2001-10-05,Semarang,Mass,2022-10-24
4538,Respati Sihotang,1995-07-20,Bandung,Priority,2019-06-09
4539,H. Purwadi Melani,1963-06-01,Yogyakarta,Mass,2013-04-21
4540,Drs. Narji Situmorang S.Kom,1962-05-26,Medan,Mass,2014-07-29
4541,Yance Padmasari,1975-05-07,Semarang,Mass,2015-02-11
4542,Maryadi Maryadi,1992-09-21,Medan,Mass,2019-05-14
4543,Vanesa Yulianti,1975-09-19,Bandung,Mass,2024-04-03
4544,Yahya Hutagalung,2002-07-10,Surabaya,Mass,2022-06-21
4545,Karya Mardhiyah,1985-01-02,Bandung,Mass,2025-08-01
4546,Hj. Pia Andriani,1976-03-28,Jakarta,Mass,2016-01-08
4547,H. Banawi Nuraini,1971-06-01,Yogyakarta,Mass,2016-11-07
4548,Dt. Luluh Halimah M.TI.,1980-12-15,Yogyakarta,Mass,2017-08-05
4549,drg. Galiono Santoso,1997-12-04,Jakarta,Mass,2025-10-12
4550,Raihan Permata,1966-11-30,Semarang,Mass,2025-12-28
4551,Hesti Sitompul,1987-07-30,Yogyakarta,SME,2021-01-07
4552,Raharja Tarihoran,1979-08-31,Bandung,Mass,2018-12-06
4553,Jaga Sihotang,1988-12-07,Yogyakarta,Priority,2024-05-22
4554,Calista Permadi M.M.,1967-08-12,Bandung,SME,2010-09-09
4555,Laila Tarihoran S.Pt,1984-03-04,Yogyakarta,Mass,2018-07-06
4556,Putri Mayasari,2000-04-08,Surabaya,Priority,2023-07-31
4557,Vinsen Tarihoran,1984-05-08,Jakarta,Mass,2011-05-13
4558,Jayadi Suartini S.H.,2003-03-02,Jakarta,Mass,2022-07-15
4559,Winda Andriani,1968-09-19,Semarang,Mass,2010-09-29
4560,Kairav Mahendra,1974-07-30,Medan,Mass,2026-02-17
4561,Sutan Prayoga Wasita,1971-12-19,Bandung,Mass,2023-12-31
4562,Lanang Widiastuti S.E.I,1999-07-10,Jakarta,Mass,2020-12-07
4563,Tgk. Wulan Suwarno,1964-08-28,Jakarta,Priority,2021-07-18
4564,Iriana Lazuardi,1979-10-05,Medan,Mass,2020-08-20
4565,Hasan Andriani,1997-10-17,Surabaya,SME,2020-07-18
4566,R.M. Kamal Lailasari,1971-05-26,Yogyakarta,SME,2015-09-15
4567,Teguh Napitupulu S.E.,1971-09-30,Jakarta,SME,2019-08-04
4568,Amalia Marbun,1996-10-03,Yogyakarta,Mass,2022-11-08
4569,Hari Saptono,1987-10-16,Semarang,Priority,2014-11-17
4570,Dr. Narji Halimah S.IP,1964-10-21,Yogyakarta,Priority,2010-05-08
4571,Tedi Firmansyah,1974-05-18,Yogyakarta,Mass,2015-05-28
4572,drg. Aisyah Marbun S.Pt,1984-01-27,Medan,Mass,2020-03-28
4573,Kamidin Nuraini,1984-03-03,Medan,Mass,2018-08-29
4574,Lintang Thamrin,1986-04-20,Medan,Priority,2021-11-01
4575,Himawan Puspita,1962-09-25,Surabaya,Mass,2016-11-12
4576,Narji Sihombing,1997-07-26,Jakarta,Mass,2020-12-05
4577,Gandi Sirait,1990-07-19,Surabaya,Mass,2013-01-31
4578,Ir. Raisa Kurniawan,1996-05-05,Yogyakarta,SME,2016-05-03
4579,Aurora Hidayanto S.I.Kom,1993-07-16,Yogyakarta,Mass,2020-01-29
4580,Laila Usamah,1965-12-05,Medan,Priority,2014-07-27
4581,Ulya Fujiati,1980-03-01,Medan,Mass,2013-08-26
4582,Usyi Kuswandari,1995-07-17,Bandung,SME,2015-11-04
4583,Diana Najmudin M.Farm,1989-08-01,Semarang,Mass,2022-05-01
4584,Drs. Chelsea Maryadi S.Ked,2002-05-01,Bandung,Mass,2022-09-03
4585,Ir. Kartika Wulandari,2001-06-15,Yogyakarta,Mass,2019-12-30
4586,Jaeman Wibowo S.Psi,1967-07-11,Jakarta,Mass,2013-04-08
4587,Elma Melani,1960-09-01,Bandung,Mass,2014-02-25
4588,Rini Setiawan S.IP,1960-09-23,Yogyakarta,Mass,2011-06-01
4589,Emin Lailasari,1979-06-20,Jakarta,Mass,2018-07-06
4590,Alika Pratiwi,1982-10-13,Medan,Priority,2024-02-29
4591,Dr. Labuh Melani,2001-03-31,Yogyakarta,Mass,2024-08-16
4592,drg. Irma Sinaga S.Sos,1984-07-27,Surabaya,Mass,2011-11-16
4593,Usyi Nugroho,1995-09-29,Surabaya,Mass,2015-10-25
4594,Artanto Pranowo,2000-04-08,Surabaya,SME,2024-06-16
4595,Padma Setiawan,1970-12-11,Jakarta,Mass,2024-05-19
4596,Ir. Iriana Januar,1995-04-07,Surabaya,Mass,2024-01-28
4597,Intan Marbun,1988-10-10,Bandung,Mass,2013-02-06
4598,Edward Saefullah,1998-11-11,Surabaya,SME,2023-06-14
4599,Maida Prasetyo,1961-07-25,Bandung,Priority,2010-01-30
4600,Edward Rajata,1980-07-02,Bandung,Mass,2019-01-25
4601,Puti Gina Widiastuti,2002-04-27,Yogyakarta,Mass,2024-01-01
4602,Dinda Kuswoyo,1997-05-31,Surabaya,Mass,2016-03-27
4603,Kusuma Melani,1979-07-21,Yogyakarta,Mass,2019-09-16
4604,R.M. Alambana Rahimah S.Gz,1964-02-16,Jakarta,SME,2011-08-28
4605,Dr. Raharja Nababan,2001-02-04,Surabaya,SME,2023-03-30
4606,Jindra Dongoran,1991-08-01,Surabaya,Mass,2015-01-16
4607,Farhunnisa Suryono,1984-04-18,Jakarta,Mass,2017-04-07
4608,drg. Uchita Handayani,1972-01-23,Semarang,Mass,2023-11-16
4609,R.M. Radika Hasanah,1960-09-03,Medan,Priority,2018-03-28
4610,Carla Lazuardi,1978-10-29,Bandung,Mass,2022-04-19
4611,Mala Lailasari,1976-12-13,Yogyakarta,Mass,2021-12-25
4612,Clara Mandala,1978-03-06,Semarang,Mass,2013-07-29
4613,Uchita Winarsih,1983-09-07,Medan,Mass,2015-04-02
4614,Garang Hutapea,1983-04-30,Medan,Mass,2024-04-01
4615,Wulan Prasetya S.Pt,1990-08-06,Yogyakarta,Mass,2024-10-24
4616,Endah Mayasari,1963-04-05,Jakarta,Mass,2018-03-02
4617,Ika Hasanah,1979-03-26,Surabaya,Mass,2014-01-19
4618,Oman Mulyani S.Pt,1985-07-16,Semarang,Mass,2020-03-12
4619,Shakila Sihotang S.Gz,1970-08-14,Jakarta,SME,2012-11-02
4620,Cinthia Nurdiyanti,1979-05-12,Surabaya,Mass,2025-09-26
4621,Fitriani Puspita,1983-06-01,Medan,SME,2022-12-13
4622,Raihan Utami S.Gz,1977-01-19,Surabaya,SME,2010-05-01
4623,Lutfan Anggriawan S.H.,1998-05-05,Medan,Mass,2016-05-23
4624,Langgeng Waluyo,2002-03-14,Semarang,Mass,2021-01-01
4625,R.A. Samiah Napitupulu S.T.,1974-02-06,Semarang,Mass,2012-08-22
4626,Eka Laksita,1991-09-03,Yogyakarta,Priority,2012-01-10
4627,R. Uchita Mandasari S.Pd,1973-04-24,Medan,Mass,2018-08-21
4628,Dalimin Usada,1964-05-01,Yogyakarta,Priority,2022-02-25
4629,Wasis Maryati,1984-09-25,Surabaya,Mass,2013-03-31
4630,R.A. Ade Fujiati S.Pt,1978-01-25,Semarang,Mass,2013-02-02
4631,Puti Suryatmi,1966-04-27,Semarang,Mass,2023-07-13
4632,Nyana Nugroho,1963-05-04,Jakarta,Priority,2020-01-29
4633,Hari Saptono,1992-05-04,Surabaya,SME,2018-07-18
4634,drg. Siti Padmasari,1996-12-06,Yogyakarta,Mass,2022-09-10
4635,Makuta Tampubolon,1997-05-21,Jakarta,Mass,2024-09-26
4636,Paris Wahyuni,1965-09-02,Medan,Mass,2010-01-24
4637,Tomi Salahudin,1982-04-16,Yogyakarta,Mass,2010-01-01
4638,R.A. Icha Winarsih M.Kom.,1962-11-04,Semarang,Mass,2024-03-06
4639,Wulan Usamah,1978-05-23,Jakarta,Mass,2016-03-03
4640,Rahayu Tamba,1997-02-09,Surabaya,SME,2016-08-15
4641,drg. Ega Kuswoyo,1967-12-20,Bandung,SME,2021-04-14
4642,Balidin Suwarno,1974-09-19,Surabaya,Mass,2026-03-05
4643,Melinda Simbolon,1981-10-11,Yogyakarta,SME,2021-09-01
4644,Mujur Anggraini,1968-03-13,Yogyakarta,Mass,2013-08-11
4645,Cecep Hariyah,1970-10-13,Bandung,SME,2012-01-09
4646,Salimah Latupono,1977-06-21,Surabaya,Mass,2022-03-01
4647,Tami Widodo,1962-08-23,Medan,Priority,2017-11-18
4648,Dian Laksmiwati M.Kom.,1964-02-07,Medan,Mass,2012-08-09
4649,drg. Silvia Prakasa,1987-05-20,Semarang,SME,2013-12-29
4650,Elvin Santoso,1996-08-12,Surabaya,Mass,2016-07-13
4651,Sutan Tirtayasa Wasita,1993-07-13,Yogyakarta,Mass,2012-06-30
4652,Kanda Sinaga,1962-05-22,Bandung,Mass,2022-10-10
4653,Samiah Simanjuntak,1980-09-27,Semarang,Mass,2011-08-04
4654,Kania Handayani,1960-08-28,Semarang,Mass,2010-02-07
4655,Lalita Rajata,1963-11-20,Medan,Priority,2021-04-23
4656,Embuh Laksita,1991-11-29,Yogyakarta,Mass,2017-05-04
4657,Gawati Sirait S.Gz,1966-04-26,Medan,Mass,2022-09-23
4658,Melinda Wasita,1984-11-28,Bandung,SME,2022-11-08
4659,Kemal Marbun,1975-06-17,Medan,Mass,2012-12-13
4660,Sutan Purwadi Utami,1994-05-11,Semarang,SME,2014-12-08
4661,Warta Susanti,2003-01-12,Yogyakarta,Mass,2024-07-08
4662,dr. Diah Suartini,2003-11-04,Bandung,Priority,2024-06-27
4663,Dt. Wasis Damanik,1963-09-16,Yogyakarta,Priority,2014-10-13
4664,dr. Bakijan Sitorus S.I.Kom,1971-07-26,Jakarta,Mass,2017-06-15
4665,KH. Kadir Haryanto S.Gz,1989-10-13,Semarang,Mass,2023-09-13
4666,Sutan Gilang Nasyiah,1963-01-30,Surabaya,Mass,2020-07-03
4667,Candrakanta Nasyiah,1979-08-22,Medan,Priority,2015-09-29
4668,Zelda Pradana,1975-02-18,Semarang,Mass,2013-05-25
4669,Wani Marpaung,1998-09-01,Medan,Mass,2019-09-19
4670,Julia Zulkarnain,1980-02-01,Medan,Mass,2014-05-07
4671,Kadir Prayoga,1999-12-20,Medan,Mass,2021-04-25
4672,Argono Damanik,1973-08-14,Surabaya,Priority,2013-12-19
4673,Dr. Baktiono Mardhiyah S.Sos,2001-04-26,Semarang,SME,2022-08-24
4674,drg. Artanto Manullang S.Pd,1962-02-16,Surabaya,Mass,2017-06-03
4675,Aisyah Pradana,2001-08-01,Yogyakarta,Mass,2022-09-03
4676,Prasetyo Prayoga S.Gz,1980-02-21,Surabaya,Mass,2023-11-27
4677,Ulva Maheswara,2003-02-07,Bandung,Mass,2023-04-26
4678,drg. Safina Wacana S.E.I,1992-09-15,Medan,Mass,2010-11-29
4679,Tgk. Zelda Hutasoit S.Pt,2000-06-22,Jakarta,Mass,2022-02-06
4680,Johan Agustina,1991-05-24,Yogyakarta,Mass,2016-12-10
4681,Aditya Namaga,1964-07-24,Jakarta,SME,2015-03-29
4682,R. Cinta Rahmawati,1980-10-02,Semarang,Mass,2021-05-20
4683,dr. Dagel Sudiati S.Pd,1960-11-08,Surabaya,Priority,2013-03-11
4684,Tgk. Irwan Mulyani S.Ked,1990-08-04,Jakarta,Priority,2018-09-23
4685,Ika Haryanti,1967-07-18,Jakarta,Mass,2024-03-20
4686,Baktianto Saptono,1976-08-21,Surabaya,Priority,2015-03-31
4687,Koko Halimah S.Sos,1991-05-04,Yogyakarta,Mass,2011-11-13
4688,Maria Iswahyudi,2000-01-21,Yogyakarta,Mass,2018-12-20
4689,Hasim Purwanti,2000-06-02,Medan,Mass,2021-12-04
4690,Novi Suryono,1960-06-22,Semarang,Priority,2013-07-17
4691,Patricia Mayasari S.H.,1963-07-17,Jakarta,Mass,2017-03-02
4692,Anita Mandasari,2000-08-30,Yogyakarta,Priority,2022-07-17
4693,Kania Wahyudin M.Pd,1971-08-24,Yogyakarta,SME,2019-11-15
4694,Cici Hartati S.H.,1961-06-08,Surabaya,Mass,2019-10-29
4695,Cut Lala Pradipta,1964-06-24,Yogyakarta,Mass,2019-12-08
4696,Kartika Kuswandari,1980-10-19,Medan,Mass,2023-05-06
4697,Puti Syahrini Saragih,1991-10-09,Yogyakarta,Mass,2023-03-26
4698,Dinda Usamah,2000-12-22,Yogyakarta,Priority,2021-07-19
4699,Bakiono Purwanti,1962-02-27,Semarang,Mass,2010-03-21
4700,Daniswara Lestari,1987-11-26,Surabaya,Priority,2014-11-07
4701,R.A. Chelsea Megantara,1969-02-12,Medan,Mass,2025-06-23
4702,Raisa Kusmawati,1975-08-15,Jakarta,SME,2012-10-29
4703,H. Salman Purnawati,1962-01-17,Medan,Priority,2021-05-12
4704,Sutan Asmuni Lailasari S.T.,1962-11-21,Medan,Mass,2011-08-13
4705,Ira Sirait,2000-10-24,Bandung,SME,2019-11-08
4706,R. Ani Sinaga M.Farm,1999-07-01,Medan,SME,2024-05-20
4707,drg. Agnes Santoso,1976-02-10,Bandung,SME,2017-10-06
4708,Fathonah Purwanti M.Kom.,1985-06-09,Bandung,Mass,2017-08-21
4709,drg. Galar Yulianti,1963-03-03,Jakarta,Mass,2010-09-30
4710,Galur Hariyah,1985-07-16,Jakarta,Priority,2022-12-15
4711,Novi Mulyani M.Pd,1985-08-15,Medan,Mass,2019-08-12
4712,Puti Ciaobella Anggraini S.Pt,1977-05-09,Semarang,Mass,2026-01-31
4713,Dian Budiman,1994-11-29,Semarang,Mass,2018-04-26
4714,Karma Maheswara,1965-08-15,Bandung,Priority,2026-01-27
4715,Dalimin Farida,1998-01-19,Surabaya,Mass,2019-04-12
4716,Puti Ani Anggraini M.Kom.,1998-08-30,Jakarta,Mass,2019-03-04
4717,Luis Novitasari,1980-07-25,Bandung,Mass,2018-06-16
4718,Dina Pudjiastuti,1969-10-11,Yogyakarta,Mass,2013-08-09
4719,Lalita Anggriawan,1963-04-09,Bandung,SME,2021-01-23
4720,Devi Fujiati,1971-06-11,Semarang,Mass,2012-12-01
4721,Tantri Wastuti,1980-08-09,Surabaya,Mass,2022-01-19
4722,Putri Sinaga,1988-02-27,Yogyakarta,SME,2014-03-11
4723,dr. Padmi Yulianti,1969-10-25,Surabaya,Mass,2014-12-19
4724,Caket Siregar,1963-02-16,Yogyakarta,Priority,2010-05-05
4725,Ir. Damu Susanti,1961-10-14,Semarang,SME,2024-06-04
4726,Kasiyah Maryati M.Ak,1975-12-23,Jakarta,Priority,2015-06-25
4727,Nadine Hariyah,1984-12-05,Medan,Mass,2019-04-15
4728,Waluyo Sitompul,1966-10-17,Jakarta,Mass,2012-08-13
4729,Tantri Mansur S.E.,1969-11-12,Medan,SME,2013-01-19
4730,H. Radit Kusmawati,1990-06-05,Semarang,Mass,2017-07-03
4731,Galiono Agustina,1984-12-17,Semarang,Mass,2022-03-07
4732,Cakrawala Halimah,1998-08-10,Jakarta,Mass,2018-09-06
4733,Adhiarja Saragih,1994-08-03,Surabaya,Mass,2022-01-27
4734,Fitriani Pangestu S.IP,1970-05-11,Semarang,Priority,2015-05-23
4735,drg. Gamblang Kuswoyo,1995-10-07,Yogyakarta,Mass,2013-12-10
4736,Leo Hastuti,1975-11-13,Bandung,Mass,2021-09-05
4737,R. Betania Tampubolon,1980-10-13,Yogyakarta,Mass,2010-07-22
4738,Kurnia Prasetyo S.I.Kom,2000-09-12,Jakarta,Mass,2023-09-04
4739,Aditya Nababan S.T.,1997-10-05,Bandung,Priority,2017-07-25
4740,Yuni Aryani,1960-04-10,Bandung,Mass,2014-01-22
4741,Tgk. Kartika Oktaviani,1964-06-09,Medan,Priority,2024-07-06
4742,dr. Warji Rajasa M.Pd,1963-01-11,Medan,Priority,2017-11-28
4743,Ir. Maryanto Pangestu,1985-09-11,Yogyakarta,Mass,2020-12-18
4744,Lega Mangunsong,1985-05-14,Semarang,Mass,2012-02-13
4745,Opan Pratama,1982-07-27,Bandung,Mass,2019-10-17
4746,Elma Saptono,1984-09-06,Jakarta,Priority,2022-05-08
4747,Puti Dian Nurdiyanti,1985-07-10,Yogyakarta,SME,2020-05-27
4748,Hj. Vivi Winarno,1991-07-30,Jakarta,Mass,2025-06-29
4749,Ratih Rahayu,1961-12-29,Jakarta,Priority,2025-11-24
4750,Tgk. Yani Susanti,2001-02-20,Semarang,Mass,2021-10-11
4751,Upik Kusmawati S.Kom,1998-06-28,Jakarta,Mass,2018-11-24
4752,Ade Pradipta,1987-04-21,Medan,SME,2013-06-20
4753,Bakijan Susanti,2000-05-02,Medan,Mass,2020-04-03
4754,Cakrabirawa Marbun,1998-11-09,Yogyakarta,Mass,2017-06-10
4755,Ade Sinaga,1966-03-12,Yogyakarta,Priority,2013-10-09
4756,Umar Habibi,1960-01-20,Bandung,Mass,2011-03-19
4757,Kajen Farida,1984-01-27,Yogyakarta,SME,2012-11-10
4758,Salwa Halimah,1966-01-25,Bandung,Mass,2024-11-10
4759,Ilsa Mardhiyah,1972-06-11,Semarang,SME,2016-04-02
4760,R. Dimas Purwanti S.Sos,1969-06-25,Yogyakarta,SME,2012-12-14
4761,Vicky Winarno,1962-12-17,Surabaya,Mass,2019-06-15
4762,Nabila Thamrin S.Pd,1991-06-13,Yogyakarta,Mass,2010-03-25
4763,Drs. Jamalia Nuraini S.Pt,1992-12-16,Bandung,Mass,2011-03-28
4764,R.A. Eli Usada,2003-11-25,Surabaya,SME,2022-03-03
4765,Tgk. Tania Megantara S.Farm,1969-10-28,Bandung,Priority,2012-12-10
4766,drg. Jindra Ramadan,1976-02-10,Yogyakarta,SME,2012-11-07
4767,Banawa Puspita S.Farm,1976-09-23,Bandung,Mass,2026-02-06
4768,Gantar Nugroho S.Ked,1982-07-30,Semarang,Mass,2012-02-06
4769,dr. Zulaikha Hastuti S.I.Kom,1978-04-06,Semarang,Mass,2015-09-08
4770,Lintang Prabowo M.Ak,1996-12-31,Surabaya,Priority,2016-04-10
4771,Sutan Harjaya Wahyudin,1970-05-09,Semarang,Mass,2019-11-14
4772,Wardi Anggriawan,2000-07-05,Jakarta,Mass,2025-01-19
4773,Ilyas Tarihoran,1965-12-03,Yogyakarta,Mass,2011-08-05
4774,Sutan Adhiarja Rahmawati,1986-11-01,Semarang,Priority,2012-01-05
4775,Julia Kuswoyo,2003-11-19,Jakarta,Mass,2026-01-12
4776,Hafshah Mardhiyah,1998-10-23,Jakarta,SME,2023-08-13
4777,Luluh Saputra,1986-02-09,Bandung,Mass,2021-11-28
4778,Marsudi Saefullah,1971-10-29,Yogyakarta,Mass,2015-07-25
4779,Jatmiko Widodo S.Gz,1962-12-31,Semarang,Mass,2023-11-28
4780,Tiara Ramadan S.T.,1985-06-15,Bandung,SME,2011-10-27
4781,Asmianto Pertiwi S.Ked,1981-11-02,Medan,Mass,2010-04-25
4782,Dr. Rachel Usamah M.M.,1984-12-28,Semarang,SME,2018-04-08
4783,Ellis Kusmawati,1980-08-27,Semarang,Mass,2010-11-29
4784,Septi Palastri S.IP,2001-09-16,Jakarta,Mass,2021-05-30
4785,Hairyanto Dabukke,1976-03-28,Jakarta,Mass,2018-02-10
4786,R. Tiara Nugroho,1994-12-07,Surabaya,Priority,2018-08-19
4787,R. Chelsea Andriani S.IP,2003-04-20,Semarang,SME,2023-09-15
4788,Ibun Uyainah,1973-09-25,Bandung,Priority,2023-07-25
4789,Almira Sihotang S.IP,1978-09-12,Jakarta,Mass,2017-09-17
4790,Drs. Indah Nababan M.Ak,1976-11-27,Semarang,Mass,2013-10-02
4791,Anita Sitorus S.Psi,1977-04-14,Semarang,SME,2013-01-08
4792,Ella Rahmawati S.I.Kom,1963-12-20,Bandung,Mass,2016-08-17
4793,Dt. Wage Widiastuti,1989-11-06,Yogyakarta,Mass,2013-01-30
4794,Lidya Widiastuti,1984-11-19,Surabaya,Mass,2025-08-06
4795,Aswani Haryanto S.Kom,1964-07-19,Medan,SME,2025-03-26
4796,Drs. Dalima Santoso S.Pt,1999-10-03,Medan,Priority,2018-03-07
4797,Ibun Gunawan,2002-08-18,Medan,Mass,2024-06-20
4798,Rachel Napitupulu,2001-09-24,Bandung,Priority,2024-04-15
4799,Ophelia Wasita S.E.,2000-09-14,Yogyakarta,Mass,2019-08-22
4800,Pangeran Adriansyah S.Pd,1977-01-21,Bandung,Mass,2015-11-30
4801,Putri Tampubolon,1996-02-10,Bandung,Priority,2019-06-20
4802,Ganep Hastuti,2002-06-28,Bandung,SME,2025-08-23
4803,Puti Padmi Hariyah,1962-08-01,Medan,Mass,2018-03-07
4804,Bambang Iswahyudi,1971-09-11,Jakarta,Priority,2014-07-16
4805,Omar Irawan,1963-06-24,Yogyakarta,SME,2011-10-07
4806,Galiono Rahayu,1983-09-24,Semarang,Mass,2021-03-15
4807,Ajimat Narpati S.Ked,1976-08-02,Yogyakarta,Mass,2020-06-21
4808,Makuta Wahyudin,1990-04-14,Semarang,Mass,2016-01-10
4809,Cindy Prayoga,1978-01-02,Yogyakarta,SME,2023-03-01
4810,Zalindra Zulaika,1992-05-17,Surabaya,SME,2024-08-14
4811,Wardaya Nainggolan S.E.I,2003-05-19,Semarang,Mass,2022-09-17
4812,Anastasia Wibowo,1998-06-15,Semarang,Mass,2019-06-24
4813,Irma Nugroho S.T.,1994-11-07,Semarang,SME,2024-02-11
4814,Karya Sihotang,1979-04-30,Surabaya,Mass,2014-09-06
4815,Genta Nainggolan,1975-05-25,Surabaya,Mass,2016-05-28
4816,Farah Nugroho,1985-09-08,Medan,SME,2017-06-13
4817,Hana Farida,1982-10-15,Surabaya,Mass,2011-12-19
4818,Cornelia Lestari,1986-09-24,Surabaya,Priority,2013-03-14
4819,Ratna Utama,1985-10-28,Semarang,Mass,2018-07-21
4820,Vera Yuniar,1968-02-25,Bandung,Mass,2012-07-13
4821,drg. Radit Usamah,1966-02-17,Surabaya,Priority,2015-05-17
4822,Radika Narpati S.Gz,1965-04-28,Bandung,Mass,2015-12-17
4823,Ir. Kiandra Mangunsong M.Pd,1962-05-12,Surabaya,Priority,2024-12-22
4824,R.A. Tira Fujiati,1968-10-06,Bandung,SME,2015-07-24
4825,Septi Zulaika,1973-07-02,Surabaya,Mass,2017-02-07
4826,T. Daniswara Siregar M.TI.,1980-04-23,Semarang,Mass,2022-09-16
4827,H. Putu Santoso,1970-02-19,Yogyakarta,SME,2012-05-04
4828,Kambali Pranowo,1983-12-17,Yogyakarta,Priority,2024-06-24
4829,Gasti Hastuti,2002-03-04,Surabaya,SME,2026-02-10
4830,Ami Latupono,2001-10-20,Jakarta,Mass,2021-02-19
4831,Ir. Laswi Nashiruddin,1980-01-13,Medan,Mass,2012-01-27
4832,Dina Hastuti,1969-05-19,Yogyakarta,Mass,2018-02-19
4833,dr. Kasiyah Pratiwi,1979-06-03,Semarang,Mass,2021-05-03
4834,Sakura Rahmawati,1989-03-06,Semarang,Mass,2025-03-23
4835,Gaman Jailani,1968-09-13,Bandung,SME,2024-06-01
4836,Gatot Anggriawan S.E.,1961-02-18,Medan,Mass,2025-07-05
4837,Nabila Sitorus,1999-04-07,Bandung,Mass,2025-07-28
4838,Septi Januar,1980-10-04,Bandung,Mass,2020-02-28
4839,Vino Tamba,1990-08-04,Semarang,Mass,2017-04-07
4840,Elisa Hastuti,1960-02-25,Surabaya,SME,2012-07-02
4841,R.M. Parman Damanik,1997-02-11,Yogyakarta,Priority,2015-08-17
4842,Yessi Susanti,1996-07-01,Medan,Mass,2024-05-03
4843,Rika Permata,1974-08-07,Medan,Priority,2024-07-23
4844,Maya Wacana M.Kom.,1961-08-18,Bandung,Mass,2010-07-27
4845,R.A. Hafshah Wahyudin M.Ak,1967-12-29,Jakarta,Mass,2012-11-14
4846,Novi Wastuti,1980-10-09,Bandung,Mass,2024-11-10
4847,Ifa Gunarto,1987-02-07,Bandung,SME,2016-10-02
4848,Prabowo Mayasari,1994-07-04,Semarang,Mass,2017-05-16
4849,Imam Aryani,1991-02-19,Semarang,SME,2011-12-13
4850,T. Xanana Permata S.Sos,1968-11-25,Bandung,Mass,2012-09-23
4851,Cut Elisa Mulyani,1975-09-30,Bandung,Mass,2025-11-27
4852,Virman Salahudin,1967-11-23,Jakarta,Mass,2026-03-03
4853,Drs. Faizah Purnawati,1985-10-26,Semarang,Priority,2024-02-27
4854,R.M. Cager Wijayanti S.Psi,1965-09-25,Surabaya,SME,2026-02-17
4855,Dt. Bakijan Saragih S.E.I,1997-02-08,Yogyakarta,Priority,2025-02-09
4856,Tgk. Jagapati Widodo S.E.,1966-08-27,Bandung,Priority,2013-10-16
4857,Ade Wahyuni,1970-03-05,Medan,Mass,2025-09-07
4858,Daliono Natsir,1987-01-24,Bandung,Mass,2023-08-21
4859,Ina Hutapea,1998-04-04,Yogyakarta,Priority,2021-07-22
4860,Daryani Putra,1995-01-26,Bandung,Mass,2020-12-30
4861,Cornelia Prasasta,1979-02-23,Medan,Mass,2011-12-15
4862,Mahdi Puspita,1981-01-22,Jakarta,SME,2018-11-28
4863,dr. Agnes Kuswandari S.E.,2003-10-14,Jakarta,Mass,2024-05-06
4864,Cinthia Halimah,1987-03-27,Jakarta,Priority,2021-03-02
4865,Ir. Hartana Prabowo,1998-04-15,Semarang,Mass,2018-07-07
4866,Salsabila Waluyo,1982-01-15,Bandung,Mass,2012-10-18
4867,Dr. Tiara Prasasta S.IP,1988-12-03,Bandung,SME,2022-06-02
4868,Dian Simanjuntak,1990-05-27,Yogyakarta,SME,2022-07-26
4869,R.M. Heru Simbolon S.Pd,2003-03-24,Semarang,Priority,2026-01-11
4870,Hj. Titi Anggraini M.Ak,1979-07-02,Surabaya,Mass,2025-11-13
4871,Patricia Hidayanto,1994-12-16,Semarang,Mass,2021-12-21
4872,Nurul Winarsih,1993-10-23,Bandung,Mass,2017-09-08
4873,Rini Dongoran S.H.,1990-12-27,Bandung,SME,2013-06-05
4874,R. Vivi Prakasa,1960-10-03,Jakarta,Priority,2024-03-27
4875,Karen Siregar,1971-05-20,Surabaya,Mass,2013-06-15
4876,Dt. Lurhur Rahimah,1998-06-28,Medan,Mass,2024-10-12
4877,dr. Vinsen Hutagalung S.H.,1990-09-28,Bandung,Mass,2024-02-28
4878,Jamil Nainggolan,1978-03-02,Semarang,Mass,2011-04-14
4879,Danuja Sihombing,1975-02-21,Surabaya,Priority,2014-09-26
4880,Cornelia Sirait,1970-11-12,Yogyakarta,Mass,2024-04-02
4881,Safina Najmudin,1962-12-28,Jakarta,Mass,2024-07-12
4882,Eka Suryono,1977-10-19,Semarang,Mass,2025-05-02
4883,Kayla Wulandari,1960-04-13,Yogyakarta,Mass,2020-11-21
4884,Dr. Ami Rajata S.Farm,2002-08-09,Jakarta,Priority,2024-01-04
4885,Carub Widodo,1966-08-29,Yogyakarta,Mass,2010-04-22
4886,Kariman Kurniawan M.M.,1967-10-30,Yogyakarta,Mass,2019-01-01
4887,R. Ganjaran Januar S.Sos,1989-10-13,Bandung,Mass,2018-12-16
4888,KH. Adinata Marpaung S.Psi,1989-06-18,Semarang,Mass,2018-03-13
4889,Kamal Mayasari,1995-06-21,Jakarta,Mass,2024-02-19
4890,Silvia Hasanah,1985-07-05,Bandung,SME,2011-08-19
4891,Jayeng Yolanda,1963-01-07,Jakarta,Mass,2018-04-06
4892,Himawan Anggraini S.Gz,1963-03-25,Medan,Priority,2011-09-27
4893,Lintang Rajata,1975-05-08,Semarang,Mass,2017-05-26
4894,Siska Latupono M.Ak,2001-11-12,Medan,Priority,2020-11-16
4895,KH. Upik Hartati M.TI.,1969-06-27,Surabaya,Mass,2023-04-03
4896,Victoria Kusmawati,1976-01-18,Jakarta,Mass,2014-02-23
4897,Juli Nasyidah S.I.Kom,1996-05-21,Jakarta,Mass,2017-06-13
4898,Panji Nugroho,2003-10-19,Yogyakarta,Mass,2022-09-03
4899,Patricia Winarno,1998-11-19,Semarang,Mass,2024-03-07
4900,Hj. Cindy Maryadi S.Ked,1964-01-11,Surabaya,Mass,2013-05-11
4901,Titin Rahayu,1985-08-21,Yogyakarta,Mass,2015-06-19
4902,Faizah Mulyani,1978-02-06,Medan,Mass,2020-05-18
4903,Ir. Titi Hasanah S.Farm,1961-08-18,Medan,Mass,2022-09-14
4904,Jaiman Suryono,1967-05-26,Semarang,SME,2019-07-25
4905,Banawi Lestari,1963-08-02,Bandung,Mass,2023-07-03
4906,Karimah Hardiansyah,1977-06-19,Jakarta,Mass,2025-02-20
4907,Hj. Kartika Ramadan,1991-03-13,Medan,Mass,2022-12-08
4908,Jessica Wulandari,1989-02-06,Semarang,Mass,2022-03-21
4909,Vivi Dongoran,2001-12-25,Yogyakarta,Priority,2022-04-20
4910,T. Cemani Sihombing,1969-02-08,Medan,Mass,2012-08-02
4911,Lidya Budiyanto,1974-10-01,Bandung,Mass,2016-12-04
4912,Jane Salahudin,1990-02-23,Yogyakarta,Mass,2022-12-20
4913,Argono Riyanti S.IP,1965-08-04,Jakarta,Mass,2013-03-31
4914,Uchita Firgantoro,1963-02-08,Jakarta,Priority,2017-11-23
4915,H. Harto Prayoga,1976-12-17,Surabaya,Mass,2016-02-09
4916,Bakiadi Nasyidah,1995-11-12,Semarang,Mass,2020-03-22
4917,Budi Maulana,1960-01-20,Semarang,SME,2013-02-23
4918,Jumadi Astuti S.T.,1977-09-30,Surabaya,Mass,2016-11-13
4919,Michelle Safitri,1982-04-08,Surabaya,Mass,2018-12-29
4920,Vega Novitasari,1980-03-11,Jakarta,Mass,2016-12-10
4921,Dr. Azalea Hutagalung,1977-04-19,Semarang,Priority,2017-10-18
4922,Kasiyah Firgantoro,1971-07-11,Jakarta,Mass,2017-06-01
4923,Lulut Uyainah,1975-11-01,Yogyakarta,Mass,2017-01-22
4924,R. Harjaya Mulyani S.Pt,1961-09-08,Yogyakarta,Mass,2023-03-17
4925,Suci Sihombing,1985-05-06,Medan,Mass,2019-07-27
4926,Lalita Damanik,1979-10-19,Jakarta,SME,2011-10-10
4927,Wasis Rajasa,1989-02-27,Bandung,Mass,2018-01-12
4928,Safina Hutapea S.Farm,1969-12-28,Bandung,Mass,2017-03-15
4929,Putu Nababan,1986-08-16,Yogyakarta,Mass,2020-06-14
4930,Tgk. Ilsa Susanti,1975-09-09,Bandung,Mass,2012-06-21
4931,Dr. Sabar Prasasta,1978-07-20,Bandung,Mass,2025-02-15
4932,Wirda Hardiansyah S.I.Kom,1963-07-07,Medan,Mass,2017-01-16
4933,Dr. Gasti Fujiati,1987-11-05,Medan,Priority,2022-07-21
4934,Ulva Nashiruddin,1977-08-25,Surabaya,Mass,2017-10-27
4935,Olivia Winarsih,1971-02-15,Surabaya,Priority,2016-09-11
4936,Lukita Wacana,1993-06-07,Surabaya,Priority,2016-05-20
4937,Mustika Suryono,1995-07-07,Medan,Mass,2020-05-07
4938,Agnes Wasita,2001-08-17,Medan,Mass,2022-05-10
4939,Ajiman Agustina,1972-05-15,Semarang,Mass,2022-12-21
4940,Cager Saefullah S.T.,1999-07-07,Semarang,Mass,2020-07-10
4941,Rahayu Usada,1994-01-18,Bandung,Mass,2024-08-16
4942,Cinta Prasetya,1986-08-12,Medan,Mass,2017-05-12
4943,Ajiman Simbolon,1992-06-05,Yogyakarta,SME,2021-02-10
4944,Atma Suryatmi,1990-01-04,Yogyakarta,Priority,2021-12-16
4945,Titi Sudiati,1986-02-18,Jakarta,Mass,2016-01-18
4946,Dr. Rini Andriani M.Ak,2003-05-23,Medan,Mass,2021-06-03
4947,Puput Wibisono,1991-01-03,Jakarta,SME,2013-11-20
4948,Puti Budiman,1981-06-25,Surabaya,SME,2017-05-01
4949,Jasmin Simanjuntak,1975-08-07,Surabaya,Priority,2014-04-28
4950,Yuni Handayani,1976-08-14,Semarang,Priority,2017-07-21
4951,Jail Mandasari,1998-07-16,Bandung,Mass,2025-03-31
4952,Kasiran Narpati,1961-12-04,Surabaya,Mass,2016-10-08
4953,Harsaya Rajasa S.Sos,1977-02-10,Bandung,Priority,2011-06-10
4954,Mitra Pertiwi,1985-05-31,Jakarta,Mass,2011-03-24
4955,Laswi Laksita,1964-10-13,Jakarta,Mass,2013-01-22
4956,Tgk. Bakda Pranowo,1974-12-14,Surabaya,Mass,2018-10-29
4957,Paris Uwais S.Pd,1977-07-26,Surabaya,Mass,2014-04-09
4958,Umi Sihotang,1990-05-23,Jakarta,Mass,2020-07-28
4959,Samiah Hastuti,2003-07-20,Jakarta,SME,2026-01-21
4960,Chandra Oktaviani,1969-10-18,Surabaya,Priority,2011-07-18
4961,R. Sarah Thamrin,1973-05-20,Surabaya,Priority,2014-03-30
4962,drg. Lidya Damanik,1977-05-26,Jakarta,Mass,2014-12-18
4963,T. Kala Lestari S.H.,1984-09-14,Jakarta,SME,2018-04-28
4964,Paulin Mustofa,1999-12-07,Bandung,SME,2019-12-23
4965,Rachel Maheswara,2001-11-03,Jakarta,SME,2021-05-07
4966,Harto Pratama,1973-11-27,Surabaya,Mass,2020-04-05
4967,Balapati Pertiwi,1969-04-29,Jakarta,Mass,2024-09-18
4968,Elma Manullang,1989-10-02,Yogyakarta,Mass,2020-02-10
4969,KH. Oman Wacana M.Pd,1993-04-04,Semarang,Priority,2026-01-01
4970,Kamila Pratama,1997-04-14,Jakarta,Mass,2015-08-02
4971,Rahayu Setiawan,1974-01-28,Yogyakarta,SME,2025-12-10
4972,Vera Tarihoran,1998-08-05,Semarang,Priority,2019-09-23
4973,Balamantri Widiastuti S.Psi,1966-11-11,Jakarta,Priority,2024-08-31
4974,Dr. Kasiran Wijaya,1979-08-27,Jakarta,Mass,2016-06-01
4975,Sidiq Waskita,1961-09-07,Bandung,SME,2016-10-10
4976,Usyi Hariyah,1966-12-17,Medan,Priority,2015-02-14
4977,Yunita Hartati,2002-06-28,Bandung,Mass,2021-01-01
4978,Wahyu Nugroho,1987-05-05,Semarang,Mass,2016-04-15
4979,Irma Adriansyah,1980-02-12,Yogyakarta,SME,2017-07-21
4980,Tgk. Prabowo Hariyah,1968-12-03,Bandung,Mass,2014-07-05
4981,Cawuk Zulaika S.IP,1987-12-22,Jakarta,Mass,2015-03-31
4982,Ratna Yolanda,1974-10-23,Medan,SME,2019-01-01
4983,Lili Zulkarnain,1969-03-03,Bandung,Mass,2010-03-23
4984,Makara Dabukke,1971-05-18,Semarang,Mass,2019-02-27
4985,R.A. Dina Suryatmi,1990-01-25,Semarang,Mass,2019-08-06
4986,Drs. Cindy Rahimah,1979-08-17,Bandung,Priority,2019-07-29
4987,drg. Ayu Simbolon,1987-05-12,Surabaya,Mass,2017-10-16
4988,R.A. Eli Purnawati,1967-10-14,Yogyakarta,Mass,2016-03-27
4989,Jarwi Iswahyudi S.I.Kom,1963-07-05,Bandung,Priority,2013-11-18
4990,Paiman Rahimah,1994-07-09,Semarang,Mass,2018-04-20
4991,Ir. Harsaya Puspasari M.TI.,1969-09-21,Yogyakarta,SME,2016-01-28
4992,R.A. Zizi Marpaung M.M.,1962-02-03,Medan,Mass,2012-11-06
4993,Tari Permadi,2002-06-17,Jakarta,Mass,2020-08-18
4994,Jarwi Pangestu,2002-12-15,Yogyakarta,Priority,2021-11-09
4995,Diah Sihombing,1962-05-03,Jakarta,Mass,2018-05-17
4996,Tugiman Dabukke,2001-02-06,Yogyakarta,SME,2021-12-28
4997,Koko Hariyah,1992-09-23,Semarang,Priority,2012-12-29
4998,Hesti Suartini,1974-05-28,Semarang,Mass,2015-11-04
4999,Halima Nugroho,2001-12-21,Surabaya,Mass,2022-01-04
5000,Olivia Yuniar,1988-09-12,Bandung,Mass,2022-02-23
5001,Rangga Suartini,1966-11-29,Semarang,Priority,2025-03-14
5002,dr. Endah Prasasta M.M.,1982-09-08,Bandung,Mass,2011-06-10
5003,Betania Ardianto S.Gz,1961-10-19,Yogyakarta,Mass,2023-02-13
5004,Murti Wasita M.TI.,1994-01-05,Surabaya,Priority,2023-12-21
5005,Zelda Winarno,1992-07-04,Bandung,Mass,2013-10-19
5006,Purwa Agustina,1968-06-01,Medan,Priority,2020-02-15
5007,Tina Nasyiah,1995-08-20,Jakarta,Mass,2017-10-19
5008,Nasrullah Sudiati,2003-12-06,Jakarta,Mass,2022-03-07
5009,Kasusra Dongoran M.M.,1961-11-18,Yogyakarta,Mass,2015-04-15
5010,Yunita Halim,1978-08-28,Jakarta,Priority,2023-10-11
5011,Yessi Widodo,1980-05-20,Semarang,Mass,2011-02-10
5012,Cut Karimah Wacana M.TI.,1995-10-17,Medan,Mass,2018-11-02
5013,Martaka Farida S.Farm,1986-05-13,Medan,Mass,2023-11-23
5014,R. Bala Maulana S.T.,1967-12-29,Surabaya,Priority,2023-06-02
5015,Drs. Parman Kusumo S.E.,1982-02-27,Bandung,Mass,2012-04-15
5016,Laras Wahyuni,2002-05-28,Yogyakarta,Mass,2024-09-27
5017,Dinda Prasasta,1985-01-04,Bandung,Mass,2020-03-11
5018,drg. Danu Saptono S.IP,1998-06-13,Bandung,Mass,2019-09-05
5019,Syahrini Hidayanto,1967-11-26,Yogyakarta,Mass,2018-06-15
5020,Titin Lestari,1986-07-07,Semarang,SME,2024-06-28
5021,Sutan Praba Rajata S.Psi,2000-10-06,Yogyakarta,Priority,2020-12-09
5022,Shakila Handayani,1996-08-15,Bandung,SME,2018-12-29
5023,Winda Hartati,1973-07-19,Jakarta,Mass,2019-12-07
5024,Hana Purnawati S.T.,1982-05-22,Medan,Mass,2021-05-29
5025,Cut Vanya Mandala,1960-07-11,Semarang,Mass,2016-01-29
5026,Karman Suwarno,1960-06-18,Medan,Priority,2018-05-24
5027,Darman Uwais,1990-09-12,Jakarta,Mass,2017-11-01
5028,dr. Tania Siregar,1968-07-01,Semarang,Mass,2025-04-17
5029,Tina Manullang,1991-06-28,Semarang,Mass,2014-01-28
5030,Hj. Ina Kusmawati,1969-05-20,Medan,Priority,2013-08-03
5031,Maida Wulandari S.Pd,1970-06-17,Bandung,Mass,2016-01-05
5032,Paiman Mahendra,1981-04-08,Bandung,Mass,2017-02-25
5033,Lulut Siregar,1985-06-11,Jakarta,Mass,2013-06-12
5034,drg. Hamima Uyainah S.H.,1975-09-01,Jakarta,Mass,2022-03-05
5035,Soleh Prabowo,1966-01-01,Yogyakarta,Mass,2010-08-16
5036,Tgk. Dalima Padmasari,1966-10-08,Surabaya,Mass,2023-04-16
5037,Eka Utama,2001-06-13,Bandung,Mass,2024-01-15
5038,Oni Maryati S.Sos,1974-04-02,Yogyakarta,Priority,2017-01-31
5039,Raina Narpati,1970-06-07,Bandung,Mass,2019-10-11
5040,Syahrini Mangunsong,1988-12-19,Bandung,SME,2019-03-02
5041,Drs. Iriana Nurdiyanti,1989-10-15,Jakarta,Mass,2014-01-13
5042,Keisha Laksita,1975-01-14,Surabaya,Priority,2024-11-16
5043,Cawisadi Novitasari M.Kom.,1988-12-28,Medan,Mass,2024-12-31
5044,Jayadi Wibowo,1969-03-08,Bandung,Priority,2012-05-26
5045,Mulyono Haryanto,1961-12-15,Medan,Mass,2016-02-12
5046,Genta Saragih,1991-08-06,Jakarta,Priority,2013-07-10
5047,Darmana Maryadi,1967-12-06,Jakarta,SME,2013-05-28
5048,Rachel Lazuardi,1995-01-31,Surabaya,Priority,2014-10-12
5049,Daliman Tamba M.Kom.,1989-09-23,Yogyakarta,Mass,2012-07-11
5050,Qori Uyainah,1999-01-05,Medan,Mass,2021-11-18
5051,Saadat Novitasari,1978-01-03,Jakarta,Mass,2016-09-06
5052,Opung Pangestu,1964-12-02,Surabaya,Mass,2021-11-27
5053,Salwa Firmansyah,1962-08-16,Surabaya,SME,2018-09-26
5054,Sari Januar,1997-07-21,Yogyakarta,Mass,2024-12-03
5055,Ophelia Hidayat,1967-12-20,Medan,SME,2022-10-14
5056,Puspa Nasyidah,1979-11-02,Medan,Mass,2024-04-25
5057,Drs. Cindy Hakim M.M.,1983-05-12,Yogyakarta,SME,2017-05-05
5058,Drs. Hilda Prasasta,1978-01-07,Semarang,Priority,2016-04-27
5059,Wirda Najmudin,1986-09-22,Yogyakarta,Mass,2019-10-07
5060,Sadina Prasasta S.H.,1989-07-15,Jakarta,Mass,2014-01-16
5061,Tina Hasanah S.E.,1996-04-10,Bandung,Mass,2017-07-05
5062,Lulut Santoso,1960-10-07,Yogyakarta,Mass,2016-11-08
5063,T. Bakijan Nainggolan,1967-04-26,Surabaya,Mass,2023-09-21
5064,Yance Haryanto S.E.I,1972-08-15,Medan,SME,2020-11-22
5065,T. Aswani Pranowo,1994-08-26,Jakarta,Mass,2015-02-23
5066,Dimaz Padmasari,1980-01-11,Semarang,Mass,2013-06-10
5067,Drs. Jati Hariyah S.IP,2003-10-25,Surabaya,Mass,2025-03-28
5068,KH. Aslijan Simanjuntak,1964-04-30,Bandung,Mass,2024-08-13
5069,Ir. Bagya Napitupulu M.Kom.,1964-12-21,Jakarta,Mass,2022-04-29
5070,Ilyas Hutasoit,1978-12-10,Jakarta,Priority,2019-03-12
5071,Faizah Januar,1991-09-05,Jakarta,Mass,2010-01-18
5072,Drs. Darijan Rahimah,1993-07-21,Medan,Mass,2015-02-27
5073,Ifa Purnawati,1977-10-06,Jakarta,Mass,2014-03-25
5074,Laksana Astuti,1962-01-30,Bandung,Mass,2017-04-29
5075,Puti Tantri Handayani S.Kom,2000-05-01,Medan,Priority,2020-12-14
5076,Hj. Raisa Hasanah,1984-10-23,Bandung,SME,2025-06-16
5077,Dwi Wasita,1967-09-01,Medan,Priority,2024-10-20
5078,Tgk. Nilam Usamah,1962-09-04,Semarang,Mass,2020-02-13
5079,Gambira Mayasari,1967-05-11,Semarang,SME,2020-04-04
5080,Oliva Suryono,1967-12-15,Bandung,SME,2022-06-20
5081,Eja Saptono M.Pd,1987-05-03,Yogyakarta,Priority,2018-08-23
5082,Ganep Saefullah,1969-08-15,Semarang,SME,2020-11-06
5083,Kanda Mardhiyah S.Pd,1982-09-06,Yogyakarta,Mass,2017-07-17
5084,Irnanto Kusumo S.E.,1984-04-29,Bandung,Mass,2019-01-11
5085,Agnes Simanjuntak,1971-02-12,Medan,Mass,2019-09-26
5086,drg. Jumari Marpaung,1960-01-14,Bandung,Mass,2011-09-02
5087,Atmaja Astuti,1995-06-27,Bandung,SME,2016-12-27
5088,Gadang Kuswoyo M.M.,1966-11-01,Yogyakarta,Mass,2012-03-23
5089,Suci Nasyiah,1992-10-17,Surabaya,SME,2015-10-20
5090,R. Febi Kurniawan S.H.,1993-01-24,Yogyakarta,SME,2024-07-05
5091,Gaiman Mardhiyah,1981-05-23,Yogyakarta,SME,2017-04-19
5092,Jamalia Nuraini,2002-09-25,Semarang,Mass,2025-09-28
5093,Ciaobella Salahudin,1989-03-09,Semarang,Priority,2010-12-22
5094,R.A. Queen Wulandari,1997-01-11,Bandung,Mass,2021-07-17
5095,Gaman Manullang,1983-06-12,Yogyakarta,Priority,2012-04-02
5096,Pranata Widodo,1994-07-21,Medan,Mass,2014-03-22
5097,R.M. Simon Manullang M.Ak,1979-12-11,Jakarta,Mass,2019-03-11
5098,Candrakanta Simbolon M.TI.,1991-03-02,Surabaya,SME,2012-06-25
5099,Safina Riyanti,1985-12-30,Yogyakarta,Mass,2021-12-17
5100,dr. Purwadi Santoso S.H.,1975-09-12,Semarang,Mass,2024-10-26
5101,Nadine Sihombing,1960-09-29,Yogyakarta,Mass,2026-01-24
5102,Dalima Samosir,1976-11-26,Yogyakarta,SME,2018-04-08
5103,Titi Thamrin,1983-12-12,Bandung,Mass,2018-08-16
5104,dr. Mila Samosir S.Farm,1985-10-12,Bandung,Mass,2012-02-11
5105,drg. Vanesa Agustina,1973-10-26,Medan,Mass,2023-11-01
5106,Prabowo Waskita,1975-05-28,Bandung,Mass,2017-04-25
5107,Hasan Thamrin,1979-07-09,Yogyakarta,Mass,2024-02-03
5108,Reksa Mandala M.M.,1993-02-10,Bandung,Mass,2017-10-12
5109,T. Ajiman Pangestu S.Kom,1961-01-03,Surabaya,Priority,2019-12-25
5110,Nasrullah Rajasa S.Pd,1994-04-23,Semarang,Mass,2026-02-21
5111,dr. Aisyah Sinaga S.Farm,1962-10-28,Medan,Mass,2019-10-28
5112,dr. Gamani Puspita M.Pd,1960-12-19,Jakarta,Mass,2022-08-13
5113,Farah Pratama M.Ak,1980-07-06,Yogyakarta,Priority,2016-11-19
5114,drg. Sabri Saefullah,1985-01-30,Yogyakarta,Mass,2017-11-23
5115,Bahuraksa Prasasta,1972-09-30,Surabaya,Mass,2019-02-05
5116,Gamani Kuswandari,1968-09-05,Medan,SME,2023-08-23
5117,Rika Halimah S.Gz,1978-06-08,Bandung,Mass,2020-05-13
5118,Ir. Harsaya Laksita S.H.,1983-04-13,Surabaya,Mass,2024-02-17
5119,Rachel Rahmawati,1984-01-23,Jakarta,SME,2021-12-17
5120,Almira Januar,1994-10-29,Medan,Mass,2025-12-01
5121,Manah Siregar,1974-03-05,Medan,Mass,2010-03-22
5122,Paulin Uwais,1983-02-02,Jakarta,Mass,2018-11-06
5123,Intan Kusumo,1965-04-21,Bandung,Mass,2010-09-15
5124,Diana Hidayanto,1961-10-02,Semarang,Mass,2018-11-24
5125,Vicky Zulkarnain,2000-06-12,Jakarta,SME,2019-02-13
5126,R. Eka Rahmawati S.Pd,1972-02-19,Surabaya,Mass,2021-12-28
5127,R.A. Putri Irawan,1994-07-19,Jakarta,Mass,2017-07-02
5128,Hesti Simbolon,1985-09-16,Bandung,SME,2022-06-18
5129,Drs. Vanesa Wijayanti,1974-10-18,Surabaya,Priority,2020-10-27
5130,Puti Nuraini,1984-09-19,Medan,Mass,2015-04-26
5131,Tgk. Shakila Damanik S.E.I,1971-10-01,Medan,Mass,2012-05-18
5132,KH. Bagas Sihotang S.I.Kom,1960-08-26,Semarang,Priority,2013-05-08
5133,drg. Pangeran Prabowo S.E.,1962-02-13,Bandung,Mass,2010-01-06
5134,Nadia Pradana,1992-04-21,Yogyakarta,Mass,2019-01-17
5135,Karen Sitorus,1999-11-10,Surabaya,Priority,2024-07-14
5136,Murti Rajata,2000-11-14,Semarang,Mass,2022-11-13
5137,Rahmi Damanik,1971-09-17,Bandung,SME,2022-09-06
5138,Banawa Yuniar,1989-10-29,Semarang,Mass,2016-08-07
5139,Maria Widodo,1982-07-19,Yogyakarta,SME,2020-10-05
5140,drg. Raditya Hardiansyah M.TI.,1965-04-22,Semarang,Mass,2021-11-27
5141,Vino Mulyani,1996-01-18,Jakarta,Mass,2014-10-26
5142,Anita Pratiwi,1979-03-09,Yogyakarta,Mass,2018-05-09
5143,Ami Mayasari,1972-03-04,Surabaya,SME,2016-08-18
5144,dr. Widya Nasyiah M.Kom.,1965-11-24,Medan,SME,2023-06-29
5145,Ratih Sitorus,1981-09-16,Yogyakarta,Mass,2016-02-25
5146,Bagas Hutagalung M.Farm,1985-01-21,Surabaya,Mass,2018-12-28
5147,Kalim Kusumo,1976-12-12,Bandung,Mass,2013-03-07
5148,R.M. Raditya Mulyani,1987-06-03,Semarang,SME,2023-05-26
5149,Puti Queen Hastuti M.Ak,1974-02-23,Bandung,Mass,2019-07-18
5150,Dadap Hidayanto S.Farm,1965-08-08,Jakarta,Mass,2023-08-29
5151,Tgk. Nadia Hartati S.E.I,2001-10-19,Semarang,Priority,2023-02-03
5152,Gamblang Hidayanto S.E.,1982-05-19,Semarang,SME,2016-11-22
5153,Kamal Sirait M.M.,1984-04-10,Yogyakarta,Priority,2016-06-21
5154,KH. Mustofa Astuti,1986-10-16,Medan,Mass,2014-12-31
5155,Himawan Permata,1964-04-28,Medan,Mass,2015-03-14
5156,Agnes Oktaviani,1981-12-09,Bandung,Mass,2011-11-02
5157,drg. Anita Anggriawan S.H.,1969-10-14,Bandung,Priority,2012-04-12
5158,Maria Maryadi,1962-07-12,Yogyakarta,Mass,2010-01-28
5159,Zamira Prasetyo,1989-07-14,Jakarta,SME,2014-02-23
5160,Hj. Vivi Simbolon,2001-09-07,Bandung,SME,2024-12-19
5161,drg. Martani Widiastuti,1966-06-03,Semarang,Mass,2024-03-16
5162,Prasetya Permata,1994-08-25,Medan,Priority,2018-09-15
5163,Tina Permata,1987-09-12,Medan,Mass,2017-10-09
5164,Dacin Maulana,1974-05-30,Surabaya,Mass,2022-06-06
5165,Gaiman Najmudin,1989-12-28,Bandung,Priority,2016-11-05
5166,Akarsana Nasyidah,1966-04-11,Surabaya,Mass,2025-12-27
5167,Cut Victoria Mahendra,2003-11-06,Surabaya,Mass,2024-08-25
5168,Tgk. Xanana Hidayat,1963-10-08,Jakarta,Mass,2020-01-24
5169,Iriana Pradana,1983-09-25,Jakarta,Mass,2024-04-13
5170,Daniswara Pangestu S.Pd,1964-02-28,Semarang,Mass,2015-10-18
5171,Irwan Saputra,1981-02-25,Surabaya,Priority,2015-03-02
5172,Waluyo Pratama,1994-08-24,Surabaya,Mass,2015-10-19
5173,Tgk. Akarsana Mandala M.M.,1992-10-28,Jakarta,SME,2017-06-12
5174,Rafid Waluyo,1965-05-05,Medan,Mass,2017-12-29
5175,Ibun Pranowo,1980-08-10,Surabaya,Mass,2014-06-22
5176,Alika Hassanah,1969-02-10,Surabaya,Mass,2010-10-28
5177,Lalita Napitupulu,1983-12-20,Bandung,Mass,2010-09-06
5178,Prasetya Wibowo,1969-10-07,Jakarta,SME,2019-06-14
5179,Puti Cornelia Natsir,1990-11-17,Bandung,SME,2014-07-05
5180,Drs. Nyoman Maryati,2001-03-13,Bandung,Mass,2025-12-03
5181,Carub Pranowo,1983-01-04,Medan,Mass,2020-08-22
5182,Wage Lestari,1996-06-05,Surabaya,Priority,2015-12-12
5183,Rahmi Tamba S.Psi,1984-05-15,Bandung,Mass,2020-08-28
5184,Fitriani Pranowo,1979-07-03,Surabaya,Priority,2014-02-15
5185,Raharja Mayasari,1968-02-22,Semarang,Priority,2012-09-28
5186,Natalia Rajasa,1974-08-27,Bandung,SME,2024-10-28
5187,R. Warsa Hasanah,1981-08-25,Jakarta,Mass,2021-06-25
5188,Adiarja Wibowo,1998-09-25,Surabaya,Mass,2017-12-03
5189,dr. Heru Januar S.I.Kom,1968-06-07,Surabaya,SME,2016-07-24
5190,Ira Haryanto,1963-12-06,Semarang,Priority,2020-09-30
5191,Zizi Yulianti,1986-07-30,Medan,SME,2018-12-01
5192,Ghaliyati Hutasoit,1970-01-25,Semarang,Mass,2014-09-16
5193,Margana Wibisono M.Kom.,1985-10-26,Semarang,Priority,2015-10-06
5194,Wawan Saefullah,1971-10-02,Jakarta,Mass,2017-08-29
5195,Septi Sinaga S.Gz,1986-04-12,Yogyakarta,Mass,2010-08-26
5196,Slamet Prayoga,1983-11-16,Medan,Mass,2023-05-11
5197,Karya Anggriawan,1985-11-25,Medan,SME,2010-05-19
5198,Karja Mangunsong,1991-10-19,Bandung,Mass,2017-08-20
5199,Marsito Halimah,1984-03-27,Semarang,Priority,2023-05-02
5200,Dt. Aswani Riyanti S.Kom,2000-07-30,Bandung,Priority,2021-10-15
5201,Hj. Ida Wahyudin M.Ak,1972-06-03,Medan,Mass,2021-07-17
5202,Yuni Manullang,1987-08-04,Medan,Mass,2020-04-08
5203,Ellis Natsir,1985-03-02,Semarang,Mass,2018-04-27
5204,R.M. Opung Winarsih,1975-08-20,Bandung,SME,2021-08-30
5205,Galih Kusumo,1997-10-17,Jakarta,Mass,2022-06-04
5206,R.M. Among Mandasari S.Kom,1979-10-15,Semarang,Priority,2023-02-04
5207,Latika Utami,1989-08-14,Yogyakarta,SME,2024-11-10
5208,Zaenab Saptono,1973-06-03,Medan,Mass,2021-11-11
5209,dr. Ana Dongoran,2000-09-12,Jakarta,Mass,2023-10-02
5210,Ana Halimah,1993-09-02,Medan,Mass,2024-09-05
5211,Oman Megantara,2001-07-06,Jakarta,Priority,2023-03-09
5212,Aurora Namaga,1979-01-31,Bandung,Mass,2021-02-18
5213,Vanesa Rahimah,1983-06-23,Jakarta,Mass,2012-05-08
5214,Paramita Narpati S.E.,1988-08-17,Bandung,Mass,2010-09-01
5215,Aditya Tampubolon,1993-09-24,Medan,Mass,2021-06-17
5216,Bakiman Andriani,1985-12-06,Medan,SME,2015-07-07
5217,Balidin Kusmawati,1997-06-04,Jakarta,Mass,2021-06-14
5218,Lidya Nasyiah,1985-11-09,Jakarta,Priority,2010-04-04
5219,Diana Suartini,1989-06-16,Medan,Priority,2026-02-25
5220,Ir. Abyasa Saragih M.Kom.,1997-05-20,Semarang,Mass,2016-07-20
5221,Hamima Mahendra,1976-08-12,Bandung,Mass,2017-01-29
5222,Sakura Namaga,2001-06-22,Medan,Mass,2024-03-15
5223,Raisa Winarsih,1964-01-05,Yogyakarta,Mass,2024-02-01
5224,Cinta Kuswandari M.Kom.,1984-02-26,Yogyakarta,Mass,2010-06-19
5225,Yance Pertiwi S.Kom,1994-06-27,Bandung,Mass,2019-08-13
5226,Darmaji Mulyani,1960-11-23,Jakarta,Mass,2012-09-22
5227,Reksa Megantara,1963-07-31,Bandung,SME,2010-03-27
5228,Maryanto Hutasoit,1965-08-20,Semarang,Mass,2022-11-12
5229,Cinta Waskita S.Pd,1998-11-07,Surabaya,Mass,2020-05-15
5230,Puti Hilda Prasetyo,1961-11-23,Jakarta,Priority,2022-11-15
5231,Fitria Wahyuni,1997-01-24,Jakarta,SME,2021-01-19
5232,Julia Hariyah,1961-11-30,Surabaya,Mass,2016-05-10
5233,Lantar Nurdiyanti M.TI.,1973-06-05,Yogyakarta,Mass,2014-10-05
5234,Tgk. Vanya Mustofa,1963-02-15,Yogyakarta,Priority,2017-09-12
5235,Lintang Wahyudin,1982-04-04,Semarang,Priority,2014-08-12
5236,Cakrabuana Prastuti S.Gz,2001-01-16,Jakarta,Mass,2023-12-18
5237,Wirda Winarno S.Gz,1982-11-11,Medan,Mass,2026-03-01
5238,Sutan Cemplunk Budiman S.E.I,1969-05-17,Bandung,Priority,2017-12-03
5239,Anom Prakasa S.E.,1991-08-05,Yogyakarta,Mass,2010-02-28
5240,Janet Anggriawan,2003-10-03,Semarang,Mass,2025-12-14
5241,Dr. Novi Situmorang,2002-11-12,Semarang,Priority,2022-06-27
5242,Lutfan Permata,1989-03-09,Semarang,SME,2017-07-01
5243,Mila Prabowo,1986-03-26,Medan,Mass,2020-12-06
5244,Sarah Saptono,1995-06-06,Jakarta,Mass,2016-01-04
5245,drg. Banara Setiawan,1977-08-16,Medan,Mass,2025-03-24
5246,Pranawa Mulyani S.Psi,1997-08-09,Bandung,Mass,2021-04-16
5247,Fitria Rajasa,1980-06-30,Bandung,Mass,2010-08-19
5248,Yani Laksita,1994-05-07,Semarang,Mass,2020-10-25
5249,Dr. Jaga Wijayanti S.IP,1973-03-26,Medan,Mass,2013-12-21
5250,Sabri Siregar M.TI.,1971-07-03,Yogyakarta,Priority,2011-07-17
5251,Bella Utama,1961-07-26,Medan,SME,2012-05-08
5252,Syahrini Dongoran,2003-01-05,Yogyakarta,SME,2022-10-24
5253,R.M. Bakiono Pradana,1984-01-07,Surabaya,Mass,2024-03-28
5254,Yance Kusumo,1961-12-03,Jakarta,Mass,2018-05-17
5255,Kunthara Sihombing,1985-02-16,Jakarta,Mass,2022-04-07
5256,Taufan Situmorang,1960-05-15,Bandung,Mass,2015-12-04
5257,Mila Fujiati,1978-12-09,Medan,SME,2013-01-05
5258,R. Sakti Mayasari,1988-06-05,Yogyakarta,Mass,2015-10-25
5259,Hasta Melani,1983-09-21,Bandung,Mass,2022-12-27
5260,Caket Zulaika,2001-07-24,Medan,Mass,2019-10-16
5261,Prayoga Budiyanto,1978-10-07,Semarang,Mass,2021-02-09
5262,Oskar Thamrin,1998-08-03,Yogyakarta,SME,2023-05-19
5263,Drs. Purwadi Maryadi,1985-07-21,Bandung,Mass,2013-11-23
5264,Drs. Paramita Hardiansyah,2002-02-05,Semarang,Priority,2025-10-17
5265,Dr. Gilang Namaga S.H.,1993-11-03,Jakarta,SME,2019-09-10
5266,Paris Marbun S.I.Kom,1997-04-13,Surabaya,Mass,2024-08-04
5267,Baktianto Zulaika,1966-02-02,Jakarta,Mass,2021-01-04
5268,Makara Usada,1960-12-14,Semarang,Priority,2024-05-24
5269,Ir. Genta Maryadi M.Pd,1965-05-17,Semarang,SME,2012-05-15
5270,drg. Zamira Pangestu,1994-10-17,Bandung,Mass,2013-07-26
5271,Alika Wacana,1986-06-30,Medan,SME,2021-04-20
5272,Kayla Nurdiyanti,1982-02-18,Medan,Mass,2014-08-11
5273,Nabila Hastuti,1993-07-11,Medan,Mass,2019-07-27
5274,Diana Salahudin,1969-08-14,Surabaya,Priority,2019-01-29
5275,Bahuraksa Ramadan,1960-08-16,Jakarta,Mass,2015-08-19
5276,Puti Winarsih S.Pd,1987-02-21,Medan,SME,2010-04-13
5277,Virman Suryatmi,1968-08-28,Yogyakarta,SME,2021-07-01
5278,Puti Almira Zulkarnain,1968-05-10,Bandung,Mass,2022-03-23
5279,Cakrabirawa Laksmiwati,1971-11-12,Jakarta,SME,2013-09-28
5280,R. Vanesa Prasasta S.Sos,1989-05-22,Bandung,SME,2013-10-27
5281,R.M. Mariadi Andriani S.Sos,1961-07-24,Surabaya,Mass,2024-08-19
5282,R.A. Hilda Tampubolon,1960-04-29,Surabaya,Mass,2016-01-09
5283,Darmanto Saefullah,1991-09-23,Semarang,Priority,2025-06-24
5284,Tugiman Wacana,1964-06-21,Bandung,Mass,2022-09-03
5285,Olga Padmasari,1995-01-09,Medan,Priority,2018-05-25
5286,Cakrawangsa Putra M.M.,1987-11-15,Yogyakarta,Mass,2020-10-29
5287,Muni Saefullah,2002-10-29,Bandung,Mass,2024-05-15
5288,Tgk. Adikara Uyainah S.IP,1984-05-26,Jakarta,Mass,2020-06-11
5289,T. Karna Jailani,1981-04-16,Yogyakarta,Mass,2013-05-22
5290,Ir. Liman Halimah S.H.,1998-10-29,Semarang,Mass,2023-04-03
5291,Ismail Salahudin S.IP,1976-09-27,Semarang,SME,2011-10-03
5292,H. Lurhur Hasanah,1968-04-27,Jakarta,Mass,2016-06-30
5293,Bagus Siregar,1969-08-06,Semarang,Mass,2013-11-13
5294,Azalea Wibowo,1997-02-28,Jakarta,Mass,2022-02-14
5295,Tgk. Carla Utami M.M.,1977-02-28,Semarang,Mass,2021-10-17
5296,Restu Narpati,1969-08-25,Semarang,Mass,2011-02-16
5297,Talia Laksita S.Pd,1977-11-30,Yogyakarta,Priority,2020-01-24
5298,Karman Jailani,2001-11-27,Jakarta,Mass,2021-08-04
5299,Opan Suartini,1994-12-18,Semarang,SME,2018-04-02
5300,dr. Halima Widiastuti,1992-05-12,Jakarta,Mass,2013-05-22
5301,Zalindra Astuti,1978-05-11,Medan,Mass,2022-03-13
5302,Amelia Uyainah,1980-11-07,Medan,Mass,2020-09-02
5303,Saka Setiawan,1964-04-18,Bandung,Mass,2021-02-06
5304,Tgk. Hafshah Uyainah M.TI.,2003-04-26,Jakarta,Priority,2021-05-16
5305,Lili Widiastuti,1987-08-08,Jakarta,Mass,2020-05-08
5306,Tgk. Kani Hutasoit S.Ked,1989-05-08,Bandung,Mass,2020-02-16
5307,Nasab Laksita,1969-02-27,Semarang,Mass,2022-02-15
5308,Lanang Lailasari,1981-03-14,Yogyakarta,Mass,2011-09-12
5309,Lantar Fujiati,1968-04-29,Jakarta,Priority,2012-09-09
5310,Emas Jailani M.Kom.,1974-03-08,Surabaya,Priority,2025-12-03
5311,Drs. Raihan Pratiwi,1982-04-01,Medan,Mass,2012-06-27
5312,Rachel Maryati,1981-04-05,Semarang,Mass,2010-02-21
5313,Hj. Kezia Gunarto M.Ak,1978-04-05,Bandung,SME,2011-03-17
5314,Lantar Yuniar,1973-02-23,Bandung,Mass,2012-12-15
5315,Kamal Kuswoyo,1989-01-23,Jakarta,Mass,2018-11-29
5316,Prakosa Permadi,1969-08-18,Surabaya,Priority,2023-03-08
5317,Ratna Wulandari,2002-10-23,Yogyakarta,Priority,2024-11-26
5318,Rahmi Andriani S.Sos,1972-03-07,Yogyakarta,SME,2016-11-04
5319,Uli Gunarto S.I.Kom,1999-08-16,Semarang,Mass,2019-08-19
5320,Pandu Farida M.M.,1990-04-02,Semarang,Priority,2014-02-05
5321,Drs. Ani Wacana,1974-03-02,Bandung,SME,2012-02-13
5322,Hj. Uli Astuti S.Ked,1978-05-06,Yogyakarta,Mass,2011-10-09
5323,Kasim Najmudin,1992-04-21,Jakarta,SME,2022-10-15
5324,Lasmono Sitompul,1966-01-03,Surabaya,SME,2016-01-24
5325,Erik Zulkarnain,1984-03-23,Jakarta,Mass,2017-11-13
5326,Dt. Omar Hasanah S.T.,1964-09-28,Medan,Priority,2012-05-20
5327,Yuliana Zulaika,2002-11-04,Medan,Mass,2026-01-16
5328,Kamila Prayoga,1967-08-29,Medan,SME,2019-08-23
5329,Melinda Hardiansyah,1992-11-09,Medan,SME,2024-06-13
5330,Michelle Usada,1981-06-26,Semarang,Priority,2022-06-21
5331,Vivi Marpaung,1990-04-03,Bandung,Mass,2019-06-14
5332,Kalim Pudjiastuti,1962-08-21,Medan,Mass,2010-03-21
5333,Galur Wacana S.I.Kom,1980-06-18,Jakarta,Mass,2015-10-22
5334,R.M. Surya Mandasari S.Pt,1979-08-30,Medan,SME,2024-09-29
5335,Kamila Susanti,1964-11-29,Jakarta,Mass,2022-10-29
5336,H. Reksa Pradana,1997-12-18,Bandung,Mass,2022-04-24
5337,Yance Samosir,1961-12-15,Semarang,Mass,2011-02-17
5338,Vinsen Iswahyudi,2001-11-12,Semarang,Mass,2022-02-10
5339,Halim Sihotang M.Ak,1965-09-25,Surabaya,SME,2014-06-05
5340,Suci Nashiruddin,1984-03-27,Medan,Mass,2016-01-13
5341,dr. Damar Saptono M.Kom.,2002-05-15,Medan,Mass,2020-10-17
5342,Jessica Farida,1985-10-01,Semarang,Mass,2021-11-02
5343,Usyi Manullang,1968-05-29,Yogyakarta,SME,2013-04-27
5344,Gaman Budiyanto,1962-12-16,Bandung,Priority,2013-09-25
5345,Dadap Prastuti,1990-10-14,Jakarta,Mass,2013-04-30
5346,Ophelia Yuniar,1960-01-25,Bandung,Mass,2014-09-02
5347,T. Praba Purwanti,1960-10-24,Medan,Mass,2022-04-21
5348,R.M. Hasta Safitri,1993-05-13,Semarang,Mass,2020-05-24
5349,Citra Napitupulu S.Pt,1987-06-18,Jakarta,Mass,2010-02-09
5350,Narji Rahimah,1994-06-15,Jakarta,Mass,2025-03-08
5351,Halim Saptono S.E.I,1995-10-23,Jakarta,Mass,2013-11-08
5352,Jasmin Nasyidah S.I.Kom,1977-03-31,Yogyakarta,Priority,2022-09-25
5353,Diana Winarno,1966-03-25,Semarang,Mass,2025-05-17
5354,Surya Sihombing,1993-04-16,Yogyakarta,Mass,2024-04-30
5355,Ir. Chelsea Sinaga,1992-08-07,Yogyakarta,Priority,2020-11-24
5356,Ilyas Gunarto,1977-05-31,Medan,Priority,2010-03-14
5357,Kuncara Mangunsong,1973-06-19,Jakarta,SME,2022-03-09
5358,Endra Dongoran M.Kom.,1979-01-28,Surabaya,Mass,2020-10-07
5359,Rafi Prasetya,1962-04-10,Medan,Priority,2010-07-08
5360,Taufik Prasetyo,1983-02-07,Yogyakarta,Mass,2016-03-21
5361,Septi Pratama,1965-04-29,Yogyakarta,SME,2012-03-03
5362,Adinata Sihombing,1963-09-13,Medan,SME,2012-02-27
5363,Yoga Damanik,1964-02-23,Medan,Mass,2024-11-07
5364,Ir. Novi Farida S.Farm,1991-02-22,Surabaya,Mass,2015-10-24
5365,Dr. Kasim Nababan,2003-03-11,Surabaya,Mass,2025-09-09
5366,Fitria Maryati,1968-06-25,Surabaya,Priority,2024-04-06
5367,drg. Sari Permata,1960-07-16,Surabaya,Mass,2011-07-15
5368,Ulva Rajata,1972-06-16,Semarang,Mass,2019-04-06
5369,Wulan Utama S.T.,1976-10-28,Medan,Mass,2022-11-22
5370,Kartika Utama,1986-02-08,Surabaya,SME,2025-10-16
5371,Galuh Namaga,1979-10-23,Yogyakarta,Mass,2013-04-29
5372,Citra Mansur,1984-09-10,Surabaya,SME,2013-02-04
5373,Zelda Prayoga,1996-05-03,Yogyakarta,Priority,2017-06-12
5374,Dr. Labuh Mahendra S.IP,1990-11-22,Bandung,SME,2021-05-16
5375,Dr. Nugraha Kusmawati M.Pd,1969-12-24,Semarang,Mass,2021-07-07
5376,Ciaobella Suartini,2003-06-06,Bandung,SME,2021-06-03
5377,Najib Tampubolon,1966-04-24,Medan,Mass,2010-10-03
5378,Tira Yuliarti M.Pd,1982-04-15,Yogyakarta,Mass,2015-11-17
5379,R.A. Nadia Santoso M.Farm,1980-12-21,Surabaya,Priority,2015-02-06
5380,Cut Michelle Safitri M.M.,1978-06-18,Bandung,SME,2016-12-27
5381,Rika Fujiati,1975-06-14,Jakarta,Mass,2020-03-11
5382,Xanana Narpati,1967-02-25,Jakarta,SME,2023-11-26
5383,Kurnia Hassanah,2002-08-19,Medan,Priority,2021-05-26
5384,Ir. Asmianto Situmorang,1984-08-16,Yogyakarta,Mass,2012-08-09
5385,Tiara Maulana,1988-03-08,Yogyakarta,SME,2013-12-18
5386,Mahmud Thamrin,1985-04-27,Surabaya,Priority,2010-05-27
5387,Xanana Saefullah,1965-02-17,Jakarta,Mass,2010-09-17
5388,Tgk. Titi Dabukke,1969-10-29,Surabaya,Mass,2011-03-30
5389,Rahayu Lestari S.Farm,1962-05-31,Bandung,Mass,2011-11-30
5390,Vanesa Mansur S.Sos,1966-06-06,Jakarta,Mass,2020-04-12
5391,Mitra Hartati,1968-12-29,Medan,Priority,2012-11-07
5392,Paulin Wulandari,1979-03-01,Surabaya,Mass,2011-07-17
5393,Julia Pradipta,1989-05-17,Medan,Priority,2015-12-07
5394,Drs. Laila Megantara,1982-04-30,Semarang,Priority,2019-08-19
5395,Dr. Maman Rahmawati S.Psi,2002-11-14,Yogyakarta,SME,2025-06-04
5396,Cut Rahmi Habibi S.I.Kom,1973-12-30,Yogyakarta,Mass,2018-07-25
5397,Puti Vicky Hidayanto,1989-05-21,Bandung,SME,2013-12-26
5398,Puti Paris Zulkarnain,1969-10-24,Surabaya,Mass,2024-03-21
5399,Elisa Nababan S.H.,1964-10-20,Jakarta,Mass,2023-12-14
5400,R. Zahra Najmudin,1976-05-31,Yogyakarta,Priority,2021-03-13
5401,Martaka Lailasari,1969-03-12,Semarang,SME,2016-12-07
5402,Devi Sitompul S.Pt,1970-07-15,Medan,SME,2017-11-04
5403,Warsita Waskita,1982-01-12,Medan,Mass,2019-03-12
5404,Hj. Kayla Wasita,1993-12-13,Yogyakarta,Priority,2014-03-19
5405,Tami Kusmawati,1989-12-21,Semarang,Mass,2014-02-10
5406,Slamet Siregar,1982-11-06,Semarang,Priority,2018-10-17
5407,Bakti Saragih,2001-12-09,Yogyakarta,Priority,2023-11-12
5408,Elma Astuti,1998-05-24,Surabaya,SME,2017-11-02
5409,Najwa Iswahyudi,1999-06-11,Semarang,SME,2022-05-21
5410,Elon Wacana,1982-11-27,Medan,Mass,2016-01-18
5411,Darsirah Tampubolon,1997-03-23,Yogyakarta,Mass,2016-02-11
5412,Mahesa Hutapea S.Psi,1988-09-01,Surabaya,Mass,2014-08-29
5413,Umi Kuswoyo,2003-09-25,Medan,Mass,2022-04-30
5414,T. Ajimat Sudiati,1981-09-06,Bandung,Mass,2016-10-04
5415,Kalim Halim,1998-10-05,Bandung,Mass,2019-10-18
5416,Hardi Kuswoyo S.E.,1992-07-26,Yogyakarta,Priority,2019-12-16
5417,Yoga Nuraini,1966-11-01,Bandung,Mass,2012-06-23
5418,Adhiarja Simbolon,1979-06-01,Medan,Priority,2015-09-02
5419,Ina Dabukke,1967-05-04,Surabaya,Mass,2018-01-02
5420,Drs. Kardi Wahyudin S.Pt,1960-10-08,Yogyakarta,Priority,2018-12-19
5421,Dacin Usada,1988-10-31,Jakarta,Mass,2011-12-22
5422,Dr. Elvina Nasyiah,1982-02-12,Medan,Mass,2014-05-22
5423,Gangsar Kuswoyo,1966-08-01,Bandung,Mass,2020-05-25
5424,Hj. Eva Rahimah S.I.Kom,1979-03-31,Surabaya,Mass,2015-03-28
5425,R. Maida Nugroho,1986-04-27,Medan,SME,2016-06-13
5426,R.M. Rahmat Handayani,1996-03-02,Yogyakarta,Mass,2018-03-01
5427,Luthfi Firgantoro,1972-06-08,Semarang,Mass,2023-02-28
5428,KH. Wage Lazuardi,1978-03-05,Jakarta,Mass,2015-10-29
5429,T. Warji Siregar S.IP,1996-08-17,Jakarta,Mass,2016-11-15
5430,Sabrina Najmudin,1996-07-25,Surabaya,Mass,2022-11-15
5431,Drs. Eli Januar,1963-09-09,Bandung,SME,2014-03-08
5432,Febi Suartini,1991-10-08,Jakarta,Mass,2019-01-02
5433,Luwar Sirait,1979-01-05,Bandung,Mass,2010-02-04
5434,Sakura Pudjiastuti,1992-01-03,Medan,Mass,2024-05-25
5435,drg. Violet Hassanah S.IP,1969-02-01,Jakarta,SME,2013-08-29
5436,Kadir Haryanto S.Psi,1964-09-16,Semarang,Mass,2023-05-04
5437,Ghani Megantara,1987-12-10,Jakarta,Mass,2023-07-23
5438,Yosef Lestari,1961-06-15,Bandung,Mass,2010-04-19
5439,Putu Waskita,1996-06-24,Bandung,Mass,2017-01-31
5440,Gatot Halim,1993-07-13,Medan,SME,2013-09-26
5441,Yessi Wahyuni,1984-11-19,Jakarta,Priority,2019-04-23
5442,Usyi Rahayu S.IP,1999-09-06,Semarang,SME,2024-09-25
5443,Drs. Cornelia Wijayanti S.Psi,1994-02-12,Yogyakarta,Priority,2020-01-23
5444,Drs. Kamal Nasyidah,1992-05-17,Surabaya,Mass,2021-09-28
5445,dr. Praba Palastri,1972-10-11,Semarang,SME,2024-04-08
5446,Daliono Suryono S.Psi,1998-11-27,Jakarta,Priority,2020-12-24
5447,Ikin Napitupulu,1969-03-29,Surabaya,Mass,2019-10-25
5448,Sari Aryani,1967-06-06,Jakarta,Mass,2025-11-02
5449,Maya Waluyo,1985-01-13,Yogyakarta,SME,2021-11-08
5450,Joko Dongoran,1983-06-11,Semarang,Mass,2010-01-29
5451,Ciaobella Sinaga,1986-11-09,Yogyakarta,Mass,2011-04-06
5452,drg. Lurhur Wibisono,2002-05-30,Jakarta,Mass,2025-01-20
5453,Najwa Suwarno,1990-12-18,Jakarta,Priority,2021-06-26
5454,Ir. Nalar Hakim M.TI.,2003-10-11,Bandung,SME,2022-08-18
5455,Cut Fitriani Irawan S.Pd,1986-09-21,Yogyakarta,SME,2023-03-11
5456,Ir. Puput Natsir,1981-07-31,Jakarta,Mass,2020-12-31
5457,Galar Hardiansyah M.Pd,1975-03-14,Jakarta,Mass,2015-02-01
5458,Asirwada Sihombing,1985-02-07,Jakarta,Mass,2012-05-18
5459,Fitriani Thamrin,1984-07-15,Yogyakarta,Priority,2010-05-03
5460,Dt. Ridwan Fujiati,1976-06-07,Semarang,SME,2017-11-22
5461,Oni Novitasari S.E.,1961-05-30,Bandung,Priority,2010-05-01
5462,Tgk. Maman Gunawan,1998-12-10,Bandung,Priority,2020-03-19
5463,Baktiadi Haryanti,1969-07-26,Bandung,Mass,2018-11-12
5464,Tri Prasetya,1977-07-11,Jakarta,Priority,2023-02-14
5465,Jamalia Hidayanto S.Kom,1987-01-09,Semarang,Mass,2025-01-01
5466,Farhunnisa Pertiwi,1971-08-23,Yogyakarta,Mass,2018-12-08
5467,Luwar Budiman S.Gz,1995-12-04,Yogyakarta,Priority,2023-11-01
5468,Farhunnisa Latupono,1979-08-07,Yogyakarta,Mass,2023-11-25
5469,Agnes Permadi,1998-02-11,Yogyakarta,Priority,2020-03-10
5470,Rahmat Sitompul S.E.,1964-01-05,Jakarta,Priority,2017-03-21
5471,Yunita Pradana,2000-02-17,Bandung,Mass,2021-06-17
5472,Zalindra Wacana,1981-07-18,Bandung,Mass,2010-03-21
5473,Chandra Megantara,2003-12-04,Medan,Priority,2025-07-19
5474,R.A. Sarah Winarsih,1972-08-26,Yogyakarta,Priority,2014-10-02
5475,Lintang Zulaika,1987-10-24,Bandung,Mass,2022-01-26
5476,Hj. Ira Putra,1984-04-21,Medan,Mass,2016-07-26
5477,Okto Saputra S.Farm,1960-06-16,Jakarta,Priority,2016-10-05
5478,Ajeng Agustina S.Farm,1996-04-21,Jakarta,Mass,2015-12-19
5479,Indah Nainggolan,1962-02-06,Jakarta,Mass,2013-04-22
5480,Dr. Hafshah Rahimah S.Ked,1976-11-29,Yogyakarta,Mass,2020-09-06
5481,Mustofa Widodo S.Gz,1977-05-30,Surabaya,Mass,2025-08-30
5482,Vivi Hassanah S.E.I,1970-05-14,Medan,SME,2024-12-23
5483,Muhammad Prasetyo S.Pt,1973-11-24,Jakarta,Mass,2022-05-03
5484,Balijan Latupono S.E.,1960-10-06,Surabaya,SME,2012-08-28
5485,drg. Bagas Najmudin M.Pd,1971-08-23,Semarang,Mass,2013-06-27
5486,Eli Rajasa,1995-04-25,Jakarta,Mass,2022-10-27
5487,Nasrullah Widodo S.Pd,1984-10-01,Surabaya,Priority,2017-07-23
5488,T. Edi Purnawati,1966-02-19,Jakarta,SME,2022-03-31
5489,Cici Lazuardi,1974-10-12,Bandung,Mass,2012-03-17
5490,Yuni Pangestu,1994-04-27,Semarang,Mass,2024-12-05
5491,Kala Mandasari,1976-04-01,Bandung,Mass,2015-10-28
5492,Cagak Maryati,1962-01-17,Medan,Mass,2025-01-22
5493,Jarwadi Kuswandari,1992-12-09,Jakarta,Mass,2019-07-11
5494,Balidin Pradana,1979-07-09,Surabaya,Mass,2018-04-18
5495,Rafi Wibisono,1981-01-06,Jakarta,Mass,2013-03-03
5496,Bakda Hidayat,1964-07-25,Semarang,Mass,2010-08-12
5497,Ibrani Susanti,1980-10-21,Surabaya,Mass,2012-09-30
5498,Maida Megantara,1993-11-07,Medan,SME,2022-08-14
5499,Rina Gunarto,1981-08-01,Yogyakarta,Mass,2024-11-27
5500,Warji Mardhiyah S.Kom,1981-10-30,Surabaya,SME,2017-02-18
5501,Sutan Olga Simanjuntak S.Gz,1960-09-18,Semarang,Mass,2014-03-02
5502,Cut Eva Siregar,1997-09-14,Medan,SME,2019-01-27
5503,Tgk. Ellis Tampubolon M.M.,1990-02-17,Semarang,Mass,2014-01-23
5504,Umay Yuniar,1967-10-01,Surabaya,Priority,2017-06-15
5505,Hartaka Wibowo,1990-09-27,Semarang,SME,2021-11-05
5506,Warsita Siregar,1968-05-04,Medan,SME,2022-06-13
5507,R. Darmanto Nashiruddin,1980-02-16,Semarang,Mass,2019-05-06
5508,Dagel Sitorus M.M.,1979-12-23,Semarang,Priority,2024-08-21
5509,Teddy Farida,1981-06-14,Yogyakarta,Mass,2011-07-08
5510,Saiful Prasasta,1969-05-04,Semarang,Mass,2022-04-21
5511,Drs. Irma Puspita,1976-01-24,Bandung,Mass,2023-07-17
5512,Cakrabirawa Pudjiastuti,1979-05-06,Medan,SME,2026-03-12
5513,Amelia Kusumo,1962-05-03,Yogyakarta,Priority,2019-02-12
5514,Atmaja Wasita M.TI.,1983-03-11,Semarang,Mass,2021-09-27
5515,Dt. Lasmanto Narpati,1967-11-29,Yogyakarta,Mass,2011-04-17
5516,Janet Uwais S.Gz,1994-11-15,Surabaya,Mass,2018-02-19
5517,Umay Jailani,1990-10-30,Medan,Priority,2021-10-09
5518,Daruna Ardianto S.Sos,1968-12-21,Semarang,Priority,2022-12-16
5519,Kardi Hakim,1986-09-28,Semarang,SME,2020-01-30
5520,drg. Vivi Purnawati S.IP,1974-02-05,Yogyakarta,Priority,2014-04-21
5521,R.A. Vanesa Utami S.Gz,1978-06-16,Jakarta,Priority,2020-02-06
5522,Drs. Belinda Damanik,1986-09-15,Semarang,Priority,2020-05-23
5523,Ridwan Kusmawati M.Farm,1971-06-04,Semarang,SME,2013-07-24
5524,Harsana Suryono M.Ak,1991-08-07,Bandung,SME,2010-08-15
5525,Mila Prakasa,1971-08-25,Bandung,Mass,2013-04-20
5526,Joko Suryatmi S.T.,1993-08-16,Semarang,Priority,2014-07-13
5527,Siska Hasanah,1962-09-04,Bandung,Mass,2025-11-02
5528,Eva Hasanah,1966-08-09,Jakarta,Mass,2020-10-24
5529,Tgk. Darmana Megantara,1997-06-30,Surabaya,Priority,2020-09-10
5530,Suci Natsir,1979-02-08,Jakarta,SME,2023-08-11
5531,Hamima Marpaung,1978-12-21,Jakarta,Priority,2013-09-08
5532,Ulya Damanik,1987-09-01,Surabaya,Mass,2022-03-08
5533,Yani Salahudin,1997-07-20,Semarang,Mass,2021-09-24
5534,Artanto Haryanti,1961-06-14,Bandung,SME,2018-05-29
5535,Titin Namaga,2002-11-08,Jakarta,Mass,2024-01-31
5536,R.A. Lalita Mahendra S.I.Kom,1968-05-24,Bandung,Priority,2010-08-31
5537,Wardaya Waskita,1995-08-25,Jakarta,Mass,2025-12-17
5538,Lidya Haryanti,1968-04-08,Semarang,Mass,2025-03-22
5539,Mila Handayani S.Sos,1962-09-19,Medan,Mass,2019-06-22
5540,Karimah Sirait,1980-11-02,Bandung,Priority,2010-06-08
5541,Salwa Wacana,1977-12-11,Semarang,SME,2014-05-09
5542,Nyoman Nuraini,1999-11-03,Yogyakarta,Mass,2021-08-31
5543,Dipa Pratama,1973-01-23,Bandung,Mass,2023-01-31
5544,Fitriani Purnawati S.Kom,1997-06-17,Bandung,Mass,2020-08-04
5545,Hj. Violet Safitri S.I.Kom,1976-11-24,Bandung,SME,2022-12-15
5546,Pia Wasita,1967-03-04,Surabaya,Priority,2022-08-19
5547,Syahrini Samosir,2003-11-29,Medan,Mass,2023-04-02
5548,Hartana Megantara,2002-12-20,Jakarta,Priority,2024-02-10
5549,Cici Namaga,1971-09-01,Bandung,SME,2011-05-14
5550,Jabal Salahudin M.Ak,1992-09-05,Medan,Mass,2024-05-29
5551,Anastasia Pangestu,1969-10-27,Bandung,Mass,2023-07-25
5552,Gandi Puspasari,1994-01-02,Bandung,Mass,2023-01-20
5553,Maryanto Winarno,1967-03-07,Jakarta,SME,2022-11-04
5554,dr. Cemeti Handayani,1975-08-12,Jakarta,Mass,2024-08-17
5555,Marsito Putra,1996-08-26,Jakarta,Mass,2024-04-07
5556,Qori Widiastuti,1992-03-25,Semarang,Mass,2019-08-19
5557,Empluk Zulaika,1996-12-18,Semarang,SME,2018-10-20
5558,R. Syahrini Wacana,1988-11-28,Surabaya,SME,2016-10-24
5559,R.A. Eka Zulkarnain,1981-12-11,Medan,Priority,2015-12-10
5560,Nadia Prasasta,1976-10-04,Semarang,Priority,2010-07-11
5561,R. Vanesa Laksita S.Psi,1998-07-16,Semarang,Mass,2022-08-25
5562,Ir. Paris Utami,1978-10-12,Surabaya,Priority,2021-02-08
5563,Murti Kuswoyo,1967-08-11,Medan,Mass,2011-01-01
5564,R. Bakiadi Damanik S.Ked,1985-05-06,Medan,Mass,2013-11-08
5565,Cut Julia Iswahyudi S.Psi,1994-08-12,Surabaya,Priority,2014-05-05
5566,Farah Maryadi,1999-07-27,Medan,Mass,2020-03-23
5567,Gaiman Haryanto,1984-04-27,Jakarta,Mass,2022-11-03
5568,Sarah Sihotang,2000-04-25,Surabaya,SME,2020-01-23
5569,Dr. Nabila Sirait,1969-04-02,Jakarta,SME,2013-11-20
5570,Ellis Siregar S.Pd,1976-01-14,Jakarta,Mass,2011-07-05
5571,Rama Purwanti,2000-08-19,Surabaya,Mass,2025-12-06
5572,Umay Maryadi,1965-02-02,Yogyakarta,Mass,2023-11-13
5573,Heryanto Lazuardi,1972-09-21,Yogyakarta,Priority,2017-05-15
5574,Drs. Hasan Manullang,1970-02-20,Medan,Mass,2019-01-30
5575,Dr. Lutfan Halimah,1996-04-08,Yogyakarta,Priority,2020-08-23
5576,Indah Prayoga S.IP,1968-09-07,Bandung,SME,2015-07-05
5577,Warsita Maulana M.M.,1998-02-13,Semarang,SME,2018-11-13
5578,Perkasa Gunarto,1979-02-21,Jakarta,Priority,2012-12-19
5579,Tasnim Wibowo,1975-07-23,Yogyakarta,Priority,2022-08-28
5580,Kezia Kuswandari,1970-05-04,Bandung,SME,2012-09-30
5581,Pranata Damanik,1993-10-05,Jakarta,Mass,2017-10-22
5582,dr. Maida Padmasari,1962-07-31,Surabaya,Priority,2019-12-19
5583,R. Melinda Damanik,1974-01-16,Medan,Mass,2023-09-21
5584,Salsabila Purnawati,1965-04-15,Bandung,SME,2013-03-14
5585,Jessica Hutasoit,1968-11-19,Semarang,Mass,2011-09-09
5586,Betania Nugroho,1976-09-02,Bandung,Mass,2016-03-26
5587,Leo Salahudin,1968-03-05,Surabaya,Priority,2023-05-09
5588,Hartana Maryadi S.IP,1969-02-10,Surabaya,Priority,2020-01-20
5589,Ir. Daliman Usada S.Psi,1986-04-14,Bandung,Mass,2012-12-20
5590,Tania Hutasoit,1991-07-14,Jakarta,Mass,2015-02-20
5591,Rahmi Lailasari,1992-05-30,Bandung,SME,2019-05-22
5592,Luthfi Rahayu,1981-03-28,Bandung,Priority,2017-02-22
5593,Ella Utama,1988-03-28,Surabaya,Mass,2018-12-10
5594,Tgk. Febi Mulyani S.T.,1991-06-15,Medan,Mass,2010-07-28
5595,Dt. Jindra Simanjuntak,1996-04-09,Jakarta,Mass,2019-05-21
5596,Aslijan Yulianti,1967-02-07,Yogyakarta,SME,2024-10-19
5597,Naradi Samosir,1974-02-23,Surabaya,Mass,2013-01-30
5598,Melinda Astuti,1991-08-19,Jakarta,Mass,2012-05-17
5599,Azalea Saputra,1998-07-31,Surabaya,Mass,2020-04-15
5600,Vanya Wahyuni M.M.,1972-02-25,Yogyakarta,Priority,2014-09-16
5601,Bajragin Sitorus M.Pd,1986-02-06,Jakarta,Mass,2024-05-08
5602,Cager Oktaviani,1997-09-27,Medan,SME,2016-04-12
5603,Oman Pertiwi,2001-02-23,Semarang,Priority,2025-10-06
5604,Gada Wibowo,1980-11-28,Bandung,Mass,2023-07-31
5605,Utama Halimah,1998-07-29,Bandung,SME,2018-01-12
5606,Kayla Firgantoro,1984-06-16,Yogyakarta,Priority,2015-04-20
5607,Samiah Saputra S.Sos,1995-10-16,Yogyakarta,SME,2020-12-25
5608,Karimah Mulyani,1986-07-01,Yogyakarta,SME,2014-01-17
5609,drg. Laila Siregar S.E.I,1973-07-27,Semarang,Mass,2022-03-05
5610,Tantri Rajata,1982-02-06,Semarang,SME,2024-03-22
5611,Sutan Jindra Suryono,2003-02-19,Bandung,Priority,2022-04-17
5612,Chelsea Hartati,1986-06-12,Semarang,Mass,2022-07-09
5613,Bakiadi Widiastuti S.Psi,1999-02-21,Jakarta,Mass,2024-01-20
5614,Drs. Calista Damanik S.E.I,1992-02-19,Yogyakarta,Mass,2022-04-19
5615,KH. Balamantri Prasasta S.Pt,1972-05-01,Medan,Mass,2011-04-15
5616,Hardi Haryanto,1995-03-29,Yogyakarta,Mass,2021-04-14
5617,Kenzie Prakasa,1993-02-20,Bandung,SME,2023-04-09
5618,R. Saka Hutagalung S.Ked,1991-05-18,Yogyakarta,Priority,2019-10-22
5619,Amalia Siregar M.Ak,1978-02-22,Jakarta,Priority,2013-11-09
5620,Chandra Padmasari,1977-11-06,Bandung,Priority,2020-10-25
5621,Teddy Haryanti S.Psi,1976-04-03,Bandung,SME,2016-11-04
5622,Ir. Balamantri Suryatmi S.IP,1999-03-31,Yogyakarta,Mass,2020-10-22
5623,Niyaga Mandala,1977-07-29,Medan,Mass,2013-10-14
5624,Vega Hutapea,1999-01-03,Jakarta,Priority,2020-12-03
5625,Bakijan Iswahyudi,1968-03-23,Yogyakarta,Priority,2017-11-29
5626,Ian Pradipta,1978-03-14,Surabaya,Mass,2013-10-08
5627,Asirwanda Hutapea,1978-06-11,Medan,Priority,2014-03-26
5628,Janet Utami,1988-12-25,Jakarta,SME,2010-04-15
5629,Sutan Jaswadi Napitupulu,1995-07-27,Bandung,SME,2017-03-14
5630,Nilam Suartini S.E.,1972-11-22,Medan,Mass,2022-10-12
5631,Irma Wastuti,1995-05-08,Medan,Priority,2013-08-21
5632,Cut Maimunah Nashiruddin,1977-09-10,Yogyakarta,Mass,2013-10-26
5633,Dt. Bahuwirya Nugroho,1978-05-21,Jakarta,Mass,2018-12-09
5634,Eluh Megantara,1997-02-21,Jakarta,SME,2024-07-16
5635,Drs. Dacin Maheswara,1979-04-21,Bandung,Mass,2014-05-10
5636,Vanya Hutagalung S.Kom,1989-01-08,Jakarta,Priority,2010-11-19
5637,Samsul Sinaga,1963-05-11,Yogyakarta,Priority,2011-02-13
5638,Sutan Carub Widodo M.Farm,1969-11-07,Surabaya,Priority,2015-07-06
5639,Rahayu Zulkarnain,1987-10-10,Bandung,Mass,2013-12-26
5640,Ir. Edison Pratama,1964-03-14,Medan,Mass,2011-12-13
5641,Hafshah Situmorang,1991-03-03,Semarang,SME,2011-01-19
5642,Halima Nuraini S.Ked,1966-06-10,Semarang,Priority,2020-05-07
5643,Tirtayasa Zulaika S.T.,1977-12-10,Semarang,Mass,2016-04-20
5644,Usyi Marpaung,1993-07-27,Jakarta,Mass,2020-12-06
5645,Aswani Haryanto,1999-01-15,Semarang,Mass,2018-06-25
5646,Jelita Halim,1991-12-29,Jakarta,Mass,2017-12-09
5647,drg. Cindy Wulandari,1970-03-28,Bandung,Mass,2020-05-21
5648,H. Ivan Budiman S.Pt,1964-01-16,Semarang,Priority,2019-12-22
5649,Rini Tarihoran,1990-03-15,Bandung,SME,2012-06-30
5650,Sabrina Sudiati S.Pt,1995-04-13,Jakarta,Mass,2022-06-21
5651,Tgk. Titi Simanjuntak,1971-08-14,Yogyakarta,Mass,2016-05-08
5652,Kani Kuswandari,1973-06-10,Bandung,Priority,2013-01-29
5653,Najwa Salahudin,1975-08-27,Surabaya,Mass,2016-03-11
5654,drg. Galar Palastri S.Kom,1980-08-15,Semarang,Mass,2014-01-03
5655,Langgeng Narpati,1983-06-23,Semarang,SME,2018-02-13
5656,Muhammad Thamrin,1978-12-05,Bandung,Priority,2025-07-14
5657,Nadia Hariyah,1973-02-10,Medan,SME,2014-01-15
5658,Wulan Waskita,1999-06-22,Jakarta,Mass,2022-04-07
5659,Malika Hartati,1964-06-27,Medan,Mass,2021-06-23
5660,Caket Winarno,1997-06-30,Semarang,Mass,2024-12-21
5661,Aisyah Mandala,1968-06-20,Surabaya,Priority,2013-11-13
5662,Tgk. Harjaya Usamah S.E.I,1999-07-29,Surabaya,Mass,2019-06-14
5663,Karimah Budiman,1973-10-19,Surabaya,Mass,2015-12-25
5664,Widya Wijayanti,1967-07-19,Surabaya,Mass,2014-11-30
5665,Cakrawangsa Rahayu,1995-09-17,Medan,SME,2018-02-06
5666,Darimin Kuswoyo,1971-06-18,Medan,Priority,2020-01-24
5667,Hartaka Halimah,1967-06-04,Surabaya,Priority,2018-01-19
5668,Emong Sirait,1993-06-07,Semarang,SME,2016-06-22
5669,Ajimin Mandasari,1978-10-01,Medan,Mass,2022-07-19
5670,Endah Sihombing,1967-10-04,Medan,Mass,2014-06-09
5671,Drs. Indah Pradana S.Kom,1962-11-01,Jakarta,SME,2024-08-23
5672,Rachel Mandasari,1986-09-19,Bandung,Mass,2017-08-08
5673,Maya Manullang,1988-01-27,Semarang,Priority,2017-01-07
5674,Salwa Halim,1967-10-28,Semarang,Priority,2012-01-19
5675,Cici Hidayat,1974-05-30,Medan,Mass,2023-03-27
5676,Tiara Kuswandari,1986-02-01,Semarang,Mass,2014-12-11
5677,Tgk. Dinda Prakasa,1990-02-21,Jakarta,Mass,2019-08-02
5678,drg. Rangga Pratama,1988-06-27,Yogyakarta,Mass,2019-03-18
5679,Nurul Budiman,1980-06-08,Medan,Mass,2021-05-01
5680,Siti Manullang,1980-07-02,Semarang,Priority,2011-02-24
5681,Siti Saragih,1984-04-27,Yogyakarta,SME,2020-02-15
5682,Lasmanto Aryani M.Ak,1999-05-28,Surabaya,SME,2022-01-19
5683,Liman Mustofa,1965-11-22,Semarang,Priority,2025-03-28
5684,T. Ganep Wahyudin,1984-10-28,Surabaya,Priority,2011-07-05
5685,H. Saka Mahendra S.I.Kom,1983-04-20,Medan,Priority,2018-05-12
5686,Dr. Bella Budiyanto,1961-07-03,Bandung,Mass,2011-05-05
5687,Kartika Agustina,1985-11-16,Jakarta,Priority,2012-06-20
5688,Danu Simbolon,1975-01-02,Yogyakarta,Mass,2010-12-02
5689,Gina Sihotang M.Kom.,1977-04-09,Surabaya,SME,2010-06-17
5690,T. Kala Siregar M.Farm,1978-06-23,Jakarta,Mass,2019-08-11
5691,Tgk. Nalar Nababan S.E.I,1991-08-31,Semarang,Mass,2015-07-25
5692,Violet Usamah,1986-07-24,Bandung,Mass,2021-06-03
5693,R.A. Titin Rahayu,1981-09-01,Semarang,Priority,2024-06-16
5694,R.A. Yulia Prayoga,1996-08-31,Semarang,Priority,2023-09-23
5695,Padmi Halimah,1984-07-31,Bandung,Priority,2013-01-16
5696,Galar Melani,1978-05-28,Medan,Priority,2020-08-30
5697,Harjo Maulana,1987-07-22,Medan,Mass,2010-05-13
5698,dr. Cindy Nuraini,1982-09-29,Surabaya,Mass,2019-08-31
5699,Malika Suartini,1990-05-02,Jakarta,Mass,2023-05-30
5700,Hasna Hidayat M.M.,1985-09-08,Bandung,Mass,2019-04-21
5701,Victoria Nababan,1991-03-28,Yogyakarta,Mass,2021-07-21
5702,KH. Enteng Megantara S.I.Kom,1993-11-28,Semarang,Mass,2022-09-12
5703,Cut Nabila Prayoga S.H.,1995-10-31,Jakarta,SME,2021-01-20
5704,Ade Simbolon S.I.Kom,1973-07-30,Bandung,Mass,2022-10-22
5705,Ir. Novi Purwanti S.E.I,1991-02-25,Jakarta,Mass,2020-03-19
5706,T. Yahya Simanjuntak M.Kom.,1978-12-15,Jakarta,Mass,2025-09-14
5707,Rahmi Nasyiah,1990-08-17,Jakarta,Mass,2019-12-07
5708,Ridwan Yuliarti,1968-05-18,Jakarta,Mass,2011-05-17
5709,Yusuf Riyanti,1985-12-02,Jakarta,Mass,2025-03-02
5710,Puti Ida Halim,1986-01-28,Medan,SME,2013-12-23
5711,Febi Novitasari M.TI.,1990-03-08,Medan,SME,2022-09-16
5712,Hilda Waluyo,1965-05-20,Bandung,Mass,2022-08-08
5713,Tira Anggriawan,2003-04-28,Bandung,Priority,2025-08-15
5714,Hana Putra,1980-10-18,Semarang,Priority,2012-01-11
5715,Ega Dongoran,1983-12-13,Surabaya,Mass,2019-06-27
5716,Martana Yuniar,1978-03-06,Surabaya,Mass,2023-03-05
5717,dr. Bahuwirya Uwais M.M.,1991-03-13,Medan,Priority,2023-04-07
5718,R.M. Ivan Utami S.Sos,1970-07-07,Yogyakarta,Priority,2011-12-15
5719,R.M. Legawa Handayani,1973-07-26,Yogyakarta,Mass,2025-05-30
5720,Tgk. Balangga Saefullah M.M.,1965-01-24,Surabaya,Priority,2016-05-01
5721,Faizah Sudiati,2003-11-21,Semarang,Mass,2024-03-22
5722,Intan Marpaung,1986-11-10,Jakarta,Mass,2014-01-11
5723,R. Janet Budiyanto,1979-09-13,Jakarta,Mass,2014-04-05
5724,Aslijan Simbolon,1983-10-18,Surabaya,Mass,2013-08-23
5725,drg. Gading Megantara,1993-04-22,Yogyakarta,Priority,2017-07-11
5726,Yance Waluyo,1991-04-13,Yogyakarta,Priority,2013-04-16
5727,Dt. Lutfan Fujiati,1980-11-24,Jakarta,Mass,2022-01-31
5728,Gaman Widodo S.E.,1998-07-30,Semarang,Priority,2016-08-16
5729,Rahmi Firmansyah,1972-02-28,Bandung,Priority,2024-11-16
5730,Eko Sinaga M.Farm,1999-08-11,Medan,Mass,2024-10-30
5731,Drs. Arta Melani S.Gz,1964-08-13,Yogyakarta,SME,2018-07-07
5732,Tina Mustofa M.Kom.,2001-04-24,Yogyakarta,Mass,2020-11-21
5733,Wira Hidayat,1960-01-25,Semarang,Priority,2014-06-25
5734,Cakrawangsa Jailani,1981-05-08,Medan,SME,2011-03-22
5735,R.M. Wage Prakasa,1988-04-18,Jakarta,Mass,2016-09-10
5736,Perkasa Tarihoran,1969-02-17,Medan,Priority,2010-09-12
5737,Jessica Hutapea,1988-09-25,Semarang,Mass,2011-06-22
5738,Jasmin Hidayat,1983-09-19,Medan,SME,2013-09-18
5739,Lalita Palastri,1967-10-19,Surabaya,SME,2024-08-10
5740,Karna Agustina,1974-08-20,Yogyakarta,SME,2010-09-05
5741,Paiman Widodo S.E.I,1966-08-10,Medan,Priority,2021-07-31
5742,R. Rahmat Pranowo,2002-09-04,Bandung,Priority,2023-10-31
5743,Endah Latupono,1988-04-26,Jakarta,Mass,2016-03-07
5744,T. Darsirah Permadi S.Gz,1960-02-05,Medan,Priority,2019-06-28
5745,Mahmud Puspita S.Ked,1999-09-05,Jakarta,Mass,2021-12-24
5746,Margana Prasetyo,1977-07-31,Jakarta,Mass,2012-12-20
5747,Azalea Gunarto,1965-12-26,Bandung,Priority,2010-05-18
5748,Prabu Pradipta,1962-07-19,Bandung,SME,2024-04-03
5749,Xanana Mandala,1968-09-23,Surabaya,Mass,2025-01-31
5750,Tgk. Gaman Wibisono,1974-08-17,Semarang,Priority,2023-05-06
5751,Ir. Mumpuni Widodo S.Ked,1988-10-17,Surabaya,SME,2015-09-05
5752,KH. Elvin Lailasari,1996-11-03,Jakarta,Mass,2025-09-11
5753,Mulyono Agustina,1993-01-02,Yogyakarta,SME,2017-08-12
5754,R. Arta Pangestu,1973-05-18,Yogyakarta,SME,2013-08-22
5755,Cut Fathonah Pradana,1978-04-17,Jakarta,Mass,2023-05-20
5756,Dr. Agnes Tampubolon,2002-12-02,Semarang,Mass,2022-02-26
5757,Cindy Prastuti S.I.Kom,1968-03-11,Surabaya,Mass,2022-05-14
5758,R.M. Hasta Prabowo,1996-11-29,Bandung,Mass,2016-03-20
5759,Kawaca Ardianto,1994-02-19,Jakarta,Mass,2022-03-11
5760,Panca Oktaviani S.Pd,1970-11-13,Surabaya,Mass,2018-06-03
5761,Puti Wahyudin,1961-11-19,Surabaya,Mass,2017-11-23
5762,dr. Capa Pangestu,1971-06-23,Jakarta,Priority,2021-03-30
5763,Drs. Edi Sitorus S.Kom,1995-06-05,Surabaya,Priority,2021-08-25
5764,Hana Wijaya,1999-03-11,Yogyakarta,Mass,2021-08-30
5765,Martana Suwarno,1984-07-11,Jakarta,Mass,2013-04-18
5766,Ana Hassanah,1980-04-06,Bandung,Mass,2021-03-06
5767,Hj. Salsabila Mulyani,2002-02-14,Semarang,Mass,2024-08-05
5768,dr. Damu Nashiruddin S.IP,2003-02-04,Bandung,Mass,2021-10-17
5769,Harsanto Kurniawan,1978-02-01,Medan,Priority,2020-05-25
5770,Farhunnisa Pangestu M.Farm,1978-04-16,Medan,Mass,2016-05-13
5771,Ulva Salahudin S.Kom,1986-01-30,Medan,Priority,2016-12-17
5772,Tgk. Karen Hariyah,2000-08-06,Bandung,Priority,2020-07-15
5773,Marsudi Utami,1968-05-05,Medan,Mass,2023-07-26
5774,Kasim Ramadan,2003-02-13,Medan,Mass,2023-05-30
5775,Kajen Dongoran,1978-09-14,Jakarta,SME,2018-12-06
5776,Amalia Pratama,1986-03-03,Bandung,Mass,2019-02-26
5777,R. Zelda Sitorus S.Kom,1976-11-28,Medan,SME,2023-09-09
5778,Tantri Wibisono,1989-06-26,Medan,SME,2013-06-18
5779,Jane Haryanti S.Sos,1995-06-27,Bandung,Mass,2025-10-07
5780,R. Nurul Kuswandari,1992-12-17,Semarang,Mass,2021-08-28
5781,Drs. Edison Widiastuti,1991-11-08,Semarang,Mass,2021-02-10
5782,R.A. Citra Susanti S.IP,2001-02-07,Jakarta,Mass,2023-12-15
5783,Simon Dabukke,1971-06-06,Bandung,Mass,2021-10-12
5784,Cut Zamira Anggriawan,2000-02-27,Bandung,Mass,2024-12-17
5785,Ade Sihombing,1987-01-20,Yogyakarta,Mass,2021-11-03
5786,Kezia Purnawati,1963-10-18,Bandung,Mass,2013-06-21
5787,Bakti Habibi,1960-03-13,Surabaya,Mass,2011-06-29
5788,Gasti Yuliarti,2003-11-29,Yogyakarta,Mass,2025-08-03
5789,Indra Wahyudin,1966-08-02,Yogyakarta,Priority,2023-11-02
5790,Estiono Agustina,2002-11-28,Surabaya,Priority,2025-05-03
5791,Ajimin Salahudin S.Gz,1970-03-05,Surabaya,Priority,2010-10-04
5792,Gada Megantara,1963-03-04,Surabaya,Mass,2014-11-19
5793,Mutia Putra,1983-03-04,Semarang,Mass,2022-11-23
5794,Vega Usada,1997-11-03,Semarang,Mass,2021-12-03
5795,Sabrina Dabukke M.Kom.,1987-06-29,Semarang,Priority,2022-02-11
5796,Aditya Kusumo,1973-04-30,Yogyakarta,Priority,2013-08-01
5797,Olga Prakasa,1973-04-25,Surabaya,Priority,2010-04-04
5798,Ratna Puspita,1966-10-15,Medan,Mass,2011-04-01
5799,Humaira Damanik,1997-04-21,Jakarta,Mass,2017-11-22
5800,Padmi Kuswandari S.Pt,1979-02-19,Medan,SME,2019-08-09
5801,Talia Mangunsong S.Kom,1987-12-02,Medan,SME,2015-11-09
5802,Hasta Wastuti,1965-08-11,Medan,SME,2022-10-01
5803,Ana Firgantoro,1989-02-10,Semarang,Mass,2018-04-20
5804,Mala Hastuti,1963-10-27,Yogyakarta,Mass,2020-08-17
5805,Ellis Budiman,2001-12-14,Semarang,Mass,2019-12-21
5806,Cut Sakura Haryanto,1964-07-04,Semarang,Mass,2021-10-20
5807,T. Nyana Suryono M.Kom.,1966-11-10,Yogyakarta,Priority,2024-08-13
5808,Rama Santoso,1998-02-09,Jakarta,Mass,2025-08-03
5809,Mumpuni Saputra,1982-01-05,Jakarta,Priority,2015-10-12
5810,R.A. Gilda Hassanah S.Ked,1970-02-12,Yogyakarta,Mass,2011-08-18
5811,Artawan Pratiwi S.Farm,1987-10-02,Semarang,Mass,2017-01-30
5812,H. Jindra Pradipta,1982-04-04,Semarang,Mass,2020-12-29
5813,Zizi Hardiansyah S.Pd,1963-04-15,Surabaya,Mass,2021-02-17
5814,Clara Rahimah,1963-11-12,Yogyakarta,Mass,2022-11-29
5815,Mutia Halimah,1966-07-30,Surabaya,SME,2025-08-03
5816,R.M. Hardi Wahyuni,1986-10-22,Jakarta,Mass,2026-03-14
5817,Tari Puspasari,1981-09-21,Bandung,Mass,2014-05-04
5818,R.M. Galur Uyainah,1973-05-18,Surabaya,SME,2014-02-15
5819,Laila Natsir,1972-05-03,Surabaya,Mass,2020-01-23
5820,drg. Kasiyah Hastuti,1994-12-23,Semarang,Mass,2019-01-15
5821,Vivi Siregar,1993-08-19,Semarang,SME,2023-08-10
5822,Rahmat Wulandari,1974-02-20,Jakarta,Priority,2011-06-23
5823,drg. Mursita Namaga S.Farm,1978-07-20,Jakarta,Priority,2017-03-17
5824,Mala Irawan,1963-03-14,Yogyakarta,Mass,2020-07-27
5825,Tgk. Dina Sitorus,1998-04-11,Surabaya,Mass,2025-01-08
5826,Septi Hastuti,2003-02-09,Bandung,SME,2024-10-12
5827,Umi Namaga,1975-07-28,Surabaya,Mass,2011-10-05
5828,Hj. Eli Gunarto S.Psi,2003-08-01,Jakarta,Mass,2023-01-01
5829,Ir. Cakrabuana Rahimah,1985-01-16,Medan,Mass,2017-12-10
5830,Puput Usamah,1984-06-05,Yogyakarta,Priority,2011-10-10
5831,R. Zizi Pertiwi S.E.I,1974-05-25,Surabaya,Mass,2020-02-19
5832,R.A. Yunita Widodo S.Pt,1977-08-08,Surabaya,Mass,2025-01-03
5833,drg. Carla Mardhiyah M.Pd,1965-03-31,Jakarta,Priority,2018-12-08
5834,Karma Jailani,1960-02-14,Surabaya,Mass,2011-02-19
5835,Cut Hamima Pudjiastuti,2000-01-09,Yogyakarta,Mass,2018-02-24
5836,Wardaya Marbun S.H.,1965-04-04,Surabaya,SME,2022-02-07
5837,Nyana Sitorus M.Kom.,1987-02-07,Medan,Mass,2025-12-19
5838,Gamani Wahyudin,1996-01-29,Jakarta,Priority,2026-03-02
5839,dr. Karman Wahyuni,1977-02-28,Bandung,Priority,2018-10-30
5840,drg. Gawati Permata S.I.Kom,1970-09-13,Surabaya,SME,2021-07-10
5841,Laila Kurniawan S.H.,1984-11-17,Yogyakarta,SME,2018-12-16
5842,Margana Hasanah S.E.I,2003-08-09,Yogyakarta,Mass,2025-06-24
5843,R.A. Tina Adriansyah M.TI.,1983-12-17,Jakarta,Mass,2022-02-14
5844,R. Jumari Megantara S.Pt,1967-01-23,Yogyakarta,Mass,2023-08-22
5845,Ina Permadi S.Sos,1972-09-02,Semarang,Priority,2025-07-10
5846,Yunita Pranowo,1998-11-21,Yogyakarta,Mass,2019-02-28
5847,Ir. Bakti Nainggolan,1965-12-05,Jakarta,SME,2014-06-28
5848,Agus Dabukke,1981-01-04,Surabaya,SME,2016-09-23
5849,Devi Pranowo,2000-09-21,Jakarta,Priority,2024-05-25
5850,Raden Zulaika,1981-11-11,Medan,Priority,2010-12-15
5851,Bagas Ramadan,1985-01-17,Jakarta,Mass,2020-10-31
5852,Devi Anggraini,2003-12-01,Yogyakarta,Mass,2025-09-17
5853,Salimah Waskita,1964-02-27,Yogyakarta,SME,2022-02-17
5854,Nalar Riyanti,1999-09-24,Bandung,Mass,2020-11-17
5855,Jasmin Wibisono,1990-07-15,Semarang,Mass,2013-04-04
5856,Fathonah Sihombing,1975-01-15,Surabaya,Mass,2022-01-18
5857,Raina Rahmawati,1962-02-09,Bandung,Priority,2017-09-10
5858,Siska Susanti,1968-05-13,Jakarta,Mass,2024-10-05
5859,Cut Shania Lestari,1978-02-02,Surabaya,SME,2010-09-22
5860,Jamil Simanjuntak,1990-02-25,Bandung,Mass,2013-07-25
5861,Ana Rajasa,1986-12-10,Yogyakarta,Mass,2020-07-20
5862,Nabila Winarno M.Pd,2002-09-14,Surabaya,Priority,2022-03-21
5863,R. Indra Rahmawati M.Ak,1981-07-17,Jakarta,SME,2025-08-29
5864,Silvia Lestari,1999-12-31,Bandung,SME,2025-08-06
5865,Harjasa Firgantoro,1963-08-02,Jakarta,Mass,2019-12-15
5866,Vanya Irawan,1996-11-28,Yogyakarta,Mass,2022-07-01
5867,Hafshah Palastri,1978-11-23,Semarang,SME,2020-11-24
5868,Bakda Prasasta,1999-02-24,Bandung,Mass,2021-09-14
5869,Yance Usamah S.IP,1976-11-11,Surabaya,Mass,2010-01-23
5870,Kezia Sirait,1966-03-08,Jakarta,Priority,2018-08-15
5871,Lukita Halimah,1960-09-26,Surabaya,Mass,2012-11-28
5872,Gaman Saragih,2000-09-10,Jakarta,Mass,2023-09-16
5873,KH. Niyaga Hartati,1983-03-10,Jakarta,Mass,2019-01-01
5874,Luwes Zulkarnain,1977-08-23,Jakarta,Mass,2015-04-22
5875,Adikara Mahendra,1979-06-20,Surabaya,Mass,2010-03-10
5876,Hj. Victoria Dabukke,1999-10-17,Jakarta,Priority,2024-12-19
5877,drg. Bagiya Mardhiyah,1971-12-06,Medan,Mass,2010-03-07
5878,Jaiman Saefullah,1960-06-28,Medan,Mass,2014-11-08
5879,Padmi Wibisono M.Pd,1967-05-25,Yogyakarta,Mass,2011-04-26
5880,Nyoman Hardiansyah S.T.,1966-06-03,Bandung,Mass,2018-03-08
5881,Puti Tami Maryati,1967-02-02,Bandung,Priority,2025-06-11
5882,Ellis Hartati,1993-12-15,Medan,Mass,2020-04-06
5883,Zulaikha Marpaung,1976-06-12,Jakarta,Mass,2015-03-10
5884,Elvin Rahimah,2003-06-22,Jakarta,Mass,2023-08-29
5885,Maria Kusumo,1979-04-22,Bandung,SME,2010-12-19
5886,Chandra Hutagalung S.Kom,1975-08-25,Surabaya,Priority,2021-01-21
5887,Nova Prayoga,1996-05-23,Yogyakarta,Mass,2020-07-05
5888,Harsanto Yolanda,1961-12-19,Surabaya,Priority,2017-02-26
5889,Prasetyo Waluyo,1972-08-17,Surabaya,SME,2025-07-22
5890,Gada Najmudin,1983-01-18,Jakarta,Mass,2012-01-12
5891,Ganep Zulaika,1985-03-02,Yogyakarta,Mass,2012-09-16
5892,Dr. Ghaliyati Handayani,1975-08-09,Surabaya,Mass,2024-02-11
5893,H. Warta Latupono S.IP,1999-10-04,Surabaya,Mass,2020-12-01
5894,Cahyono Mustofa,1967-01-14,Medan,Priority,2013-10-07
5895,Rahmi Pratiwi S.Ked,1966-09-13,Semarang,Mass,2012-10-07
5896,Najwa Utama,1974-02-15,Semarang,Mass,2025-09-08
5897,H. Irfan Damanik M.TI.,2003-06-28,Semarang,Mass,2026-01-10
5898,Kartika Usada M.Pd,1997-09-11,Surabaya,Mass,2017-03-31
5899,Hari Kusmawati,1980-01-30,Surabaya,Mass,2010-03-27
5900,Estiawan Fujiati,1966-12-02,Semarang,Mass,2019-06-16
5901,H. Indra Hidayat,1975-11-06,Surabaya,Mass,2011-05-31
5902,Bakianto Saptono,1963-03-09,Bandung,Priority,2018-05-26
5903,Gatot Kusmawati S.Sos,1979-10-16,Yogyakarta,Priority,2015-03-03
5904,Sutan Umaya Mandala,1978-12-25,Jakarta,Mass,2021-02-23
5905,Ajiono Marpaung,1975-07-23,Semarang,Mass,2021-10-23
5906,Kenzie Nashiruddin,1965-10-13,Surabaya,Mass,2014-01-08
5907,Daliman Hassanah M.Pd,1971-01-01,Surabaya,Mass,2023-04-02
5908,Puti Saptono,1971-11-26,Yogyakarta,Mass,2011-04-09
5909,Betania Wahyuni,1992-10-30,Bandung,Mass,2019-01-05
5910,Lamar Zulkarnain,1991-02-23,Medan,Mass,2020-06-27
5911,Kurnia Gunarto,1965-07-10,Yogyakarta,Mass,2022-11-05
5912,Damar Maulana,2001-10-28,Yogyakarta,Mass,2025-09-11
5913,Diana Wijaya,1979-07-02,Yogyakarta,Mass,2016-09-26
5914,Hardana Halim,1979-04-10,Semarang,SME,2017-05-28
5915,KH. Adinata Kusumo,1970-07-18,Surabaya,Priority,2014-05-15
5916,Ir. Emas Padmasari,1971-11-01,Yogyakarta,Mass,2024-01-26
5917,Dt. Gadang Mandala,1984-07-14,Surabaya,Priority,2010-02-26
5918,Hesti Kuswandari,1994-08-18,Bandung,SME,2016-10-12
5919,Sutan Dacin Wijayanti M.Kom.,1998-01-07,Yogyakarta,Mass,2021-04-27
5920,Natalia Prabowo,1970-12-17,Yogyakarta,Mass,2010-02-18
5921,Cawuk Wibisono,1967-05-10,Medan,Mass,2010-07-29
5922,Ir. Lutfan Namaga,1970-11-07,Bandung,SME,2014-11-13
5923,Puti Dalima Widiastuti S.E.I,1990-12-17,Medan,Priority,2025-11-05
5924,Drs. Dalima Hidayat M.Kom.,1995-04-07,Bandung,Mass,2016-03-28
5925,R. Karya Marbun,1972-12-19,Jakarta,Mass,2015-10-24
5926,Luis Zulkarnain,2001-05-03,Surabaya,Mass,2020-10-26
5927,Hj. Karen Prasetyo S.T.,1996-07-30,Semarang,Mass,2023-06-03
5928,Almira Astuti,1989-04-12,Surabaya,Mass,2014-03-11
5929,Tedi Sinaga,2001-03-13,Medan,SME,2021-11-02
5930,dr. Alambana Nababan S.I.Kom,1970-01-15,Medan,SME,2026-03-03
5931,Mila Sudiati,1966-04-24,Bandung,Mass,2011-01-18
5932,R.A. Ulva Mahendra M.Kom.,1960-12-21,Jakarta,Mass,2022-11-26
5933,Drs. Laila Yuliarti,1962-12-05,Medan,Mass,2019-06-30
5934,Hj. Endah Permadi M.Ak,1983-02-27,Surabaya,Mass,2016-04-03
5935,T. Jamal Hutagalung,1982-03-10,Jakarta,Mass,2024-10-19
5936,Rahayu Dabukke,1966-09-12,Jakarta,Priority,2023-08-22
5937,Bella Purwanti,1974-11-12,Jakarta,Mass,2017-03-15
5938,Niyaga Maulana,1990-12-14,Bandung,SME,2017-09-03
5939,Ir. Arta Uwais S.T.,2001-01-13,Surabaya,Mass,2023-12-26
5940,Indah Hariyah,1987-12-01,Bandung,Mass,2011-07-23
5941,Respati Siregar S.Pd,1965-07-29,Jakarta,Priority,2010-08-30
5942,Drs. Rahmi Simbolon S.Pd,1995-05-17,Bandung,Mass,2019-09-27
5943,Dr. Oni Laksita S.Sos,1968-04-07,Yogyakarta,Priority,2019-09-14
5944,H. Lanjar Purwanti M.Ak,2000-12-24,Semarang,Mass,2020-05-28
5945,Hj. Winda Pertiwi,1969-10-17,Jakarta,Mass,2014-07-28
5946,Jarwadi Sirait,1991-05-24,Semarang,Mass,2010-10-04
5947,Mustofa Lestari,1992-10-01,Jakarta,SME,2021-06-17
5948,Patricia Maryati,1960-02-26,Medan,Mass,2014-08-26
5949,Hj. Bella Ramadan,1976-12-22,Surabaya,Mass,2010-10-11
5950,Embuh Saputra S.Pd,1987-12-27,Surabaya,Mass,2021-04-17
5951,Drs. Ghaliyati Sihotang,1963-10-21,Yogyakarta,Mass,2010-11-04
5952,Halima Pratiwi,1992-08-26,Bandung,SME,2011-11-04
5953,Gantar Samosir,1960-10-30,Yogyakarta,SME,2025-02-23
5954,Rudi Sitorus,1995-01-21,Medan,Mass,2021-04-09
5955,Ir. Hendra Setiawan,1978-11-07,Surabaya,Mass,2013-02-02
5956,Rahayu Anggraini,1997-10-05,Semarang,SME,2026-02-17
5957,Maryanto Nainggolan M.Ak,1997-10-20,Bandung,Priority,2016-03-27
5958,R.M. Rama Sihombing S.Kom,1996-02-07,Yogyakarta,SME,2025-06-28
5959,Mahfud Tarihoran M.Pd,1997-12-28,Semarang,SME,2024-11-17
5960,Tgk. Damu Hariyah,2002-06-06,Yogyakarta,Mass,2025-01-12
5961,Drs. Ellis Lazuardi,1980-02-02,Surabaya,Mass,2015-12-30
5962,Tari Siregar S.H.,1986-04-18,Jakarta,Mass,2014-09-08
5963,Liman Usada,1986-05-02,Medan,Priority,2025-09-05
5964,dr. Elvina Yuliarti M.Kom.,1997-08-14,Yogyakarta,Mass,2021-09-05
5965,Hesti Wijaya,1995-06-02,Surabaya,Mass,2015-02-20
5966,Tina Saputra,1979-03-02,Medan,Priority,2010-10-09
5967,Dr. Paulin Siregar,1996-07-04,Jakarta,SME,2021-07-11
5968,Dodo Sudiati,1991-07-01,Bandung,Mass,2024-11-04
5969,Dono Maheswara,1994-10-07,Surabaya,Mass,2022-07-17
5970,Yulia Pudjiastuti,1993-06-07,Medan,Mass,2016-05-29
5971,Ade Hidayat,1964-07-19,Jakarta,Mass,2012-12-07
5972,Rosman Rajasa,1986-04-10,Medan,Priority,2025-10-15
5973,Mutia Pudjiastuti,1989-08-18,Surabaya,Mass,2012-05-04
5974,Tgk. Oni Purnawati,2001-11-03,Bandung,Mass,2023-08-20
5975,Faizah Santoso,1991-05-23,Bandung,Priority,2011-08-23
5976,Irsad Utami,1993-04-02,Bandung,SME,2014-11-26
5977,Rina Kurniawan,2003-08-11,Yogyakarta,SME,2024-07-28
5978,Maya Wibisono,1973-06-19,Yogyakarta,Mass,2013-11-15
5979,Devi Mandala,1992-01-29,Yogyakarta,Mass,2020-05-28
5980,Banawi Tarihoran,1962-11-18,Medan,Mass,2021-07-07
5981,KH. Asmadi Gunarto S.Pt,1969-03-13,Medan,Priority,2020-02-06
5982,Cici Pudjiastuti,1981-09-01,Surabaya,Priority,2011-04-19
5983,T. Cagak Kuswoyo,1963-01-09,Medan,Mass,2018-09-13
5984,Silvia Anggraini S.Kom,1992-10-20,Yogyakarta,Priority,2015-04-10
5985,Tri Wijayanti,1988-10-25,Semarang,Mass,2018-04-20
5986,Cut Ajeng Kusumo,1986-11-21,Surabaya,Mass,2022-01-12
5987,Sarah Saefullah,1974-07-23,Semarang,Priority,2021-07-23
5988,Mala Permadi,1972-01-30,Semarang,Mass,2022-09-22
5989,Darmaji Safitri,1984-04-17,Jakarta,SME,2015-06-01
5990,Ir. Umi Santoso,1966-11-30,Semarang,Priority,2014-07-08
5991,Tgk. Saadat Prakasa,1997-08-26,Jakarta,Mass,2021-09-23
5992,Ajimin Puspasari,1978-09-18,Semarang,Mass,2011-11-17
5993,dr. Vanesa Prasetya,1964-06-09,Surabaya,Mass,2019-05-23
5994,Reksa Winarno,1992-11-08,Yogyakarta,Mass,2020-12-04
5995,Kemba Susanti,1974-10-29,Yogyakarta,SME,2021-03-13
5996,Xanana Marpaung,1974-06-19,Surabaya,SME,2017-05-09
5997,Kenzie Susanti,1964-06-24,Surabaya,Mass,2013-11-11
5998,Yessi Laksita,1960-04-03,Jakarta,Mass,2010-02-26
5999,Bakiono Prayoga,1975-02-21,Semarang,Priority,2021-09-08
6000,drg. Gawati Permadi M.M.,1973-01-22,Jakarta,Mass,2025-04-29
6001,R. Ellis Prasetya,1977-02-28,Surabaya,Mass,2017-11-30
6002,Cici Adriansyah,1967-11-09,Surabaya,Mass,2015-10-04
6003,Mumpuni Samosir,1986-05-29,Semarang,SME,2023-09-20
6004,Ratna Rahimah,1966-06-12,Bandung,Mass,2014-07-11
6005,drg. Melinda Prabowo S.H.,1979-02-06,Medan,Priority,2010-05-20
6006,Slamet Hutapea,1996-10-22,Jakarta,Priority,2025-05-02
6007,Tania Handayani,1960-11-21,Semarang,Mass,2015-07-02
6008,Eka Winarno,1973-05-19,Bandung,SME,2016-01-03
6009,Ir. Umi Wibowo S.Ked,1988-11-03,Jakarta,Mass,2019-03-23
6010,KH. Empluk Putra,1992-10-20,Medan,Mass,2011-11-17
6011,Joko Fujiati M.TI.,1970-01-07,Medan,Priority,2010-09-07
6012,Janet Damanik,1993-06-30,Bandung,Mass,2013-01-12
6013,Ophelia Susanti,1960-07-17,Semarang,Priority,2023-02-05
6014,Zalindra Handayani,1981-05-02,Semarang,SME,2023-05-18
6015,R.A. Kasiyah Megantara,1999-05-15,Bandung,SME,2022-10-25
6016,Citra Rahimah S.Sos,1966-11-09,Surabaya,Mass,2022-06-15
6017,Pandu Waskita,1977-06-17,Surabaya,Mass,2023-09-02
6018,Darimin Sihotang,1974-04-03,Semarang,Mass,2010-12-13
6019,Latika Saefullah,1993-09-21,Surabaya,SME,2022-09-30
6020,Nasrullah Siregar,1985-09-14,Semarang,Priority,2017-03-21
6021,Harjasa Rahimah,1985-09-14,Yogyakarta,Mass,2015-08-20
6022,Aisyah Pratiwi,1997-02-27,Medan,Mass,2022-03-10
6023,Mariadi Haryanto,1979-05-22,Bandung,Priority,2010-01-09
6024,Tania Damanik,1972-02-15,Yogyakarta,SME,2013-04-20
6025,Queen Situmorang,1995-12-13,Jakarta,Mass,2019-03-02
6026,Kezia Damanik,1986-12-08,Surabaya,Mass,2013-02-20
6027,Maya Hassanah,1997-09-30,Jakarta,Mass,2025-07-02
6028,Clara Fujiati,1966-11-21,Bandung,Mass,2010-12-01
6029,Kamaria Pradana,1989-10-30,Semarang,Mass,2020-04-24
6030,Karimah Rajata,1980-08-24,Medan,Mass,2018-02-18
6031,Endah Narpati,1989-06-09,Jakarta,Mass,2016-12-04
6032,Sabar Padmasari,1993-02-04,Yogyakarta,Mass,2017-01-28
6033,Kariman Rahimah M.TI.,1969-01-13,Medan,Mass,2010-01-31
6034,Sutan Slamet Firgantoro S.Sos,1997-08-21,Surabaya,Priority,2022-06-04
6035,Alika Pradana,1999-03-13,Yogyakarta,Mass,2021-08-17
6036,Nugraha Manullang,1964-10-03,Semarang,Mass,2022-10-18
6037,Latif Puspasari,1994-05-19,Bandung,SME,2017-04-18
6038,Dwi Hutapea,1961-05-25,Surabaya,Priority,2024-06-02
6039,T. Jabal Maryadi,1992-02-20,Surabaya,Mass,2024-02-03
6040,Dinda Fujiati,1997-08-14,Surabaya,SME,2020-12-29
6041,Fitria Pradana,1964-06-04,Bandung,Priority,2019-12-12
6042,Ira Marbun,1978-01-26,Medan,Mass,2014-01-29
6043,R. Daru Iswahyudi,2001-01-12,Surabaya,Mass,2019-12-28
6044,Cut Queen Yolanda,2001-06-01,Semarang,Mass,2020-05-31
6045,KH. Teddy Nugroho S.Pd,1973-03-24,Semarang,SME,2013-04-16
6046,drg. Wardaya Anggraini,1985-04-05,Semarang,Priority,2017-01-03
6047,Daryani Budiyanto,1997-07-01,Semarang,SME,2015-09-30
6048,Sutan Luhung Hutagalung S.Pt,1965-12-27,Yogyakarta,Mass,2020-04-27
6049,R. Embuh Nugroho M.Pd,1981-04-02,Semarang,Priority,2012-09-02
6050,Prayogo Hariyah,2003-12-28,Bandung,Mass,2022-10-29
6051,KH. Gading Nugroho,1997-02-13,Jakarta,Mass,2021-07-14
6052,Kasusra Nashiruddin,1974-03-11,Yogyakarta,Mass,2016-02-13
6053,Panji Anggriawan,1980-02-05,Yogyakarta,SME,2011-04-01
6054,Zulaikha Narpati,1996-04-30,Semarang,Mass,2024-10-07
6055,T. Kambali Damanik M.TI.,1963-03-02,Semarang,Mass,2024-01-25
6056,Dt. Hartana Mansur,1974-01-29,Medan,Mass,2014-07-18
6057,Asirwada Halimah,1984-04-04,Yogyakarta,Mass,2024-01-02
6058,Slamet Mustofa,1993-08-05,Semarang,Mass,2016-04-17
6059,Setya Sudiati,1986-02-27,Surabaya,Mass,2011-06-15
6060,dr. Queen Setiawan M.M.,1985-01-08,Surabaya,Mass,2023-01-12
6061,Jaeman Natsir,1994-03-09,Bandung,Mass,2020-12-06
6062,Carla Prayoga S.E.,1969-06-04,Surabaya,Mass,2021-05-04
6063,Luluh Gunarto S.Pt,1978-06-09,Medan,Mass,2014-08-10
6064,Diana Adriansyah,2003-01-15,Yogyakarta,Mass,2021-02-13
6065,Michelle Nuraini,1966-10-08,Medan,Mass,2015-05-03
6066,drg. Murti Widodo M.Pd,1968-02-03,Yogyakarta,Priority,2012-07-27
6067,H. Hadi Novitasari,1961-04-01,Surabaya,Priority,2024-03-05
6068,Septi Nurdiyanti,1999-05-29,Jakarta,Mass,2023-07-11
6069,Winda Sudiati,1989-01-09,Medan,Priority,2022-02-10
6070,drg. Umi Ramadan,1995-03-05,Medan,Priority,2015-05-14
6071,dr. Caturangga Mardhiyah,1989-02-07,Jakarta,SME,2020-12-15
6072,Dr. Dian Firgantoro S.Kom,1992-01-31,Jakarta,SME,2023-06-09
6073,Limar Uwais,1980-05-24,Bandung,Mass,2023-02-23
6074,Tgk. Calista Suartini S.Farm,1986-06-11,Bandung,Mass,2022-06-12
6075,Keisha Salahudin,2000-01-29,Bandung,Mass,2020-08-27
6076,Aisyah Sihotang,1989-09-23,Yogyakarta,Mass,2019-10-18
6077,Faizah Budiyanto,2001-04-29,Bandung,Priority,2019-10-31
6078,Ibrahim Uyainah,1978-11-15,Surabaya,Mass,2021-01-03
6079,R.M. Ihsan Rahayu S.E.I,1978-07-24,Yogyakarta,SME,2021-08-19
6080,Putu Sihombing S.Sos,1975-03-06,Yogyakarta,Mass,2017-12-12
6081,Caket Budiyanto,1979-11-02,Yogyakarta,Mass,2015-04-19
6082,Unggul Farida,1997-09-03,Yogyakarta,SME,2024-09-09
6083,Nova Wacana,1964-06-28,Surabaya,Mass,2017-03-30
6084,Tania Hastuti,1990-07-25,Semarang,Priority,2017-02-20
6085,Farhunnisa Hariyah,1976-01-13,Yogyakarta,Mass,2012-11-06
6086,Heryanto Habibi,1987-09-19,Yogyakarta,SME,2023-07-15
6087,Warta Maulana,1983-03-04,Yogyakarta,SME,2016-02-22
6088,Virman Januar S.Pd,1962-01-02,Surabaya,SME,2016-12-24
6089,Anastasia Tampubolon,1969-05-21,Jakarta,Mass,2012-05-07
6090,Kiandra Yolanda,1999-10-28,Jakarta,Priority,2023-03-25
6091,drg. Citra Rahimah S.Pd,1993-10-03,Bandung,SME,2015-02-28
6092,Yuni Mulyani,1998-03-02,Bandung,Mass,2016-09-14
6093,drg. Arta Kuswandari,1965-02-08,Yogyakarta,Priority,2017-04-10
6094,Garan Sitompul,1986-12-28,Yogyakarta,Mass,2011-09-04
6095,Galak Mayasari,1979-08-23,Medan,Mass,2020-02-07
6096,Adikara Januar,1999-03-11,Bandung,Priority,2018-10-09
6097,Panca Purwanti,1996-01-29,Surabaya,Mass,2020-01-20
6098,Almira Dongoran,1971-10-25,Semarang,Mass,2019-03-30
6099,Sutan Lasmono Nurdiyanti,1961-02-09,Semarang,Priority,2015-03-15
6100,Aisyah Hassanah,2002-10-13,Jakarta,Mass,2022-06-10
6101,Juli Suryatmi,2002-01-22,Medan,Mass,2021-07-22
6102,Jelita Oktaviani,1994-01-07,Medan,Priority,2023-03-10
6103,Intan Uwais,1975-12-05,Semarang,Mass,2023-01-23
6104,Rama Maryati,1986-12-23,Yogyakarta,Mass,2025-10-10
6105,Puti Maida Laksita,1970-06-23,Medan,Mass,2012-05-05
6106,Vanesa Mulyani,1994-09-20,Yogyakarta,Mass,2017-05-19
6107,Mulyanto Pudjiastuti,1997-03-23,Surabaya,Mass,2016-03-16
6108,Ulva Pratiwi M.TI.,1973-08-25,Bandung,SME,2024-05-30
6109,Candra Waluyo,1970-03-02,Surabaya,Mass,2013-12-05
6110,Salimah Farida,1963-02-04,Surabaya,Priority,2022-05-03
6111,Tantri Usada S.T.,1984-02-11,Medan,Mass,2015-07-21
6112,Caket Napitupulu,1961-01-27,Bandung,Mass,2020-06-19
6113,Latif Winarno,1997-12-22,Yogyakarta,Mass,2021-03-29
6114,Kania Prasetya,1992-08-13,Surabaya,Priority,2013-05-07
6115,Artawan Sihombing,1976-01-01,Surabaya,Priority,2022-03-21
6116,Xanana Mansur,1981-11-05,Yogyakarta,SME,2016-01-03
6117,Hari Purnawati,1965-02-25,Jakarta,Mass,2019-07-12
6118,Hamzah Maryadi,1960-08-03,Bandung,Mass,2013-08-16
6119,Pia Purnawati,1978-02-22,Medan,Mass,2022-08-30
6120,Fathonah Adriansyah,1999-12-24,Bandung,Priority,2019-01-28
6121,Carub Firgantoro,1997-07-31,Yogyakarta,Mass,2018-08-20
6122,Titi Laksmiwati,1991-08-20,Surabaya,Priority,2023-04-02
6123,R. Darmaji Hastuti S.E.,1991-02-17,Semarang,Mass,2020-12-02
6124,Jumadi Latupono S.Pt,1986-07-13,Bandung,Mass,2026-02-15
6125,Jagaraga Siregar M.Ak,1989-10-21,Bandung,SME,2024-04-14
6126,Kasiyah Halimah S.T.,1996-06-02,Semarang,SME,2017-10-21
6127,Drs. Pia Sitompul,1975-08-09,Medan,Priority,2010-08-31
6128,Mulya Simbolon M.TI.,1977-03-31,Bandung,Mass,2025-11-10
6129,Mulyanto Zulaika,1978-08-23,Semarang,Mass,2018-06-17
6130,Ir. Putri Zulaika S.T.,1993-06-22,Semarang,Mass,2019-12-05
6131,Drs. Prayogo Prasasta S.H.,1960-01-25,Surabaya,Priority,2013-02-17
6132,Cut Maya Laksmiwati S.T.,1972-06-18,Jakarta,Mass,2013-11-25
6133,Oni Salahudin,1965-12-29,Yogyakarta,SME,2025-04-02
6134,Tari Waskita,1987-07-13,Medan,Mass,2023-03-14
6135,Wawan Rahayu,1992-07-12,Semarang,Mass,2020-05-01
6136,Wani Rajasa,1981-11-25,Medan,Priority,2018-01-12
6137,Ridwan Maulana,1981-04-11,Medan,Mass,2020-02-23
6138,Sutan Surya Prasetya,1988-07-06,Surabaya,Priority,2016-10-29
6139,Jaiman Mangunsong,1972-04-21,Jakarta,Mass,2016-08-03
6140,Nalar Namaga,1971-01-02,Jakarta,Mass,2017-11-10
6141,Tgk. Hendri Wacana,2000-09-23,Semarang,SME,2022-10-04
6142,Qori Sitompul,1998-12-17,Semarang,Priority,2026-01-07
6143,Cindy Prasasta,1984-08-26,Bandung,Mass,2018-08-10
6144,Leo Laksmiwati,1977-01-10,Jakarta,Mass,2014-11-23
6145,Atmaja Sihotang S.Gz,1992-12-21,Semarang,SME,2025-05-18
6146,Latika Astuti,1975-01-08,Medan,Priority,2017-12-26
6147,Heryanto Kusmawati,1968-03-12,Yogyakarta,Mass,2020-11-25
6148,Ganda Uwais,1996-06-02,Surabaya,Mass,2016-06-26
6149,Gaiman Prakasa,1969-09-14,Surabaya,Mass,2022-04-13
6150,Nurul Widodo,1993-04-29,Surabaya,Mass,2018-10-25
6151,R.A. Latika Astuti,1997-04-23,Surabaya,Priority,2025-10-20
6152,R.A. Irma Prasasta M.Ak,1971-06-23,Semarang,Mass,2022-04-28
6153,R.M. Gandi Manullang M.Ak,1983-12-05,Bandung,Mass,2022-01-08
6154,Rika Waluyo,1981-01-11,Bandung,Mass,2015-05-30
6155,Puti Cinthia Hutasoit S.Pt,1972-05-18,Yogyakarta,Priority,2018-06-24
6156,H. Adika Maryadi M.Pd,1976-10-07,Semarang,Mass,2025-05-26
6157,Nilam Iswahyudi,1966-09-04,Jakarta,Mass,2018-01-08
6158,KH. Nalar Yuliarti S.E.I,1980-07-17,Medan,Mass,2021-10-18
6159,Ade Halimah,1969-08-01,Bandung,SME,2011-06-05
6160,Anggabaya Mansur,1972-12-26,Medan,Mass,2010-04-25
6161,Zaenab Utama,1979-10-10,Yogyakarta,Mass,2021-02-11
6162,Mahfud Tamba M.Farm,1983-01-18,Jakarta,Priority,2014-05-11
6163,Arta Marbun,1982-07-09,Jakarta,Mass,2011-02-27
6164,Julia Januar,1981-07-20,Jakarta,Mass,2015-06-16
6165,Lamar Hutasoit,1963-10-13,Jakarta,SME,2017-04-12
6166,Luwes Adriansyah,1970-04-07,Semarang,Mass,2019-09-19
6167,R.A. Widya Narpati S.Sos,1988-04-26,Jakarta,Mass,2012-05-01
6168,Dr. Cici Santoso M.Farm,1963-06-25,Semarang,Mass,2022-04-23
6169,Raisa Novitasari,1990-02-12,Yogyakarta,Mass,2019-02-03
6170,Radika Suryatmi,1973-07-05,Surabaya,Priority,2012-11-21
6171,Dina Haryanto,1978-03-27,Medan,Priority,2024-05-28
6172,Rachel Rajata,1966-05-28,Medan,Priority,2019-08-06
6173,Margana Mulyani,2001-06-20,Surabaya,SME,2020-04-06
6174,Jamal Sudiati,1991-09-14,Jakarta,Mass,2014-05-27
6175,Malik Suryono,1968-04-13,Jakarta,Mass,2014-05-19
6176,Hartana Sirait,1979-05-14,Yogyakarta,Priority,2017-07-09
6177,Carub Kusmawati M.M.,2000-10-25,Yogyakarta,Mass,2019-01-06
6178,Oni Samosir,1967-07-18,Yogyakarta,Mass,2016-06-19
6179,Safina Wacana,1995-05-11,Jakarta,Mass,2016-10-13
6180,Yani Prakasa,1961-08-23,Surabaya,Mass,2012-04-24
6181,T. Mulyanto Simbolon S.Kom,1993-02-16,Medan,Mass,2024-04-27
6182,Jail Maryadi,1998-07-28,Semarang,SME,2021-01-23
6183,Eva Firgantoro S.Pt,1998-01-27,Medan,Mass,2024-05-11
6184,Langgeng Lazuardi,1998-04-04,Surabaya,Mass,2017-10-10
6185,Balangga Hassanah,1970-05-30,Bandung,Mass,2023-03-03
6186,Cakrawala Hidayanto,1962-02-12,Semarang,Mass,2018-05-10
6187,Vera Sitorus,1964-04-15,Yogyakarta,Mass,2024-11-16
6188,Jamalia Prastuti S.H.,1998-02-21,Jakarta,Priority,2016-12-22
6189,Novi Fujiati S.Farm,1983-12-18,Bandung,Mass,2016-11-17
6190,Wadi Yuniar,1968-08-18,Yogyakarta,Mass,2015-02-10
6191,Wardaya Winarsih M.Pd,1983-03-11,Jakarta,Priority,2018-07-01
6192,Rini Sihombing S.Kom,1970-11-29,Surabaya,Mass,2023-05-29
6193,Safina Firmansyah,1990-06-21,Surabaya,Mass,2016-05-09
6194,Endah Wijaya,1968-04-30,Semarang,Mass,2021-03-24
6195,Gangsar Haryanto,1987-05-03,Semarang,Priority,2019-12-06
6196,Anggabaya Ramadan,1971-10-30,Medan,Mass,2023-02-03
6197,Fitria Mandasari,1972-01-02,Yogyakarta,Mass,2013-11-25
6198,Sakura Widodo,2002-08-25,Bandung,Mass,2022-08-20
6199,H. Setya Sinaga M.M.,1988-07-22,Semarang,Priority,2025-01-10
6200,Rahman Simbolon,1972-05-30,Medan,Mass,2024-11-05
6201,Titin Anggraini S.Psi,1976-03-03,Medan,Mass,2013-12-23
6202,Drs. Taswir Nashiruddin S.Ked,1975-12-24,Jakarta,Mass,2019-01-29
6203,R. Hafshah Agustina S.Pt,2003-01-20,Surabaya,Priority,2023-04-22
6204,Juli Maulana,1997-12-30,Surabaya,Mass,2016-09-22
6205,Tasdik Mandala,2003-01-30,Surabaya,Priority,2021-12-13
6206,Kambali Suartini,1982-12-01,Medan,SME,2011-05-12
6207,Indah Pangestu,1973-06-18,Surabaya,Mass,2012-05-12
6208,Elvina Agustina S.Gz,1969-10-30,Semarang,SME,2015-08-04
6209,Dt. Laswi Tarihoran S.Psi,1967-02-22,Semarang,Priority,2016-06-21
6210,Drs. Hardana Sirait S.Ked,2001-06-09,Semarang,Priority,2023-11-04
6211,Jayadi Mardhiyah,1970-06-19,Bandung,Mass,2017-08-01
6212,Danuja Maulana,1965-09-16,Medan,Mass,2024-03-20
6213,Sabrina Wahyuni,1993-07-20,Bandung,Mass,2017-02-20
6214,Drs. Ika Nuraini S.Sos,1982-02-25,Bandung,Mass,2023-04-15
6215,Drs. Luwar Suryatmi,1981-04-19,Bandung,Priority,2011-11-02
6216,Ibrahim Gunarto,1991-04-21,Bandung,Priority,2019-05-21
6217,Tantri Rahayu,2001-10-09,Surabaya,Mass,2022-04-11
6218,T. Kawaya Hasanah,1972-11-08,Medan,Mass,2019-03-20
6219,Edi Sitorus,1971-01-19,Medan,Mass,2024-12-31
6220,Hasim Rahmawati,1977-08-22,Bandung,Mass,2022-01-28
6221,Prima Haryanto M.Kom.,1986-06-23,Bandung,Mass,2024-04-30
6222,drg. Malika Sudiati M.Farm,1995-04-26,Semarang,Mass,2015-01-13
6223,Virman Sihotang,1990-03-23,Jakarta,Mass,2021-03-20
6224,Ir. Genta Hartati S.T.,1989-06-01,Yogyakarta,Mass,2014-05-31
6225,Sadina Firgantoro,1970-12-25,Semarang,Priority,2010-07-09
6226,R.A. Salsabila Prastuti S.T.,1965-11-13,Jakarta,Mass,2018-07-07
6227,Hani Ardianto,1994-10-06,Jakarta,Mass,2012-11-03
6228,Sutan Arta Prasetya,1979-01-01,Medan,SME,2020-10-23
6229,Dr. Halima Widodo S.Ked,1984-12-08,Semarang,Priority,2013-02-20
6230,Alika Hutagalung,1969-04-30,Bandung,SME,2012-08-23
6231,KH. Endra Nasyiah M.Pd,1977-11-11,Medan,Priority,2014-05-29
6232,Anita Mardhiyah,1977-10-20,Surabaya,Priority,2014-02-15
6233,Hj. Winda Samosir M.Ak,1993-08-01,Yogyakarta,Mass,2024-07-15
6234,Aslijan Mandasari M.Farm,1975-06-14,Bandung,SME,2019-02-04
6235,Kasusra Wijayanti,1986-10-26,Semarang,Mass,2012-06-10
6236,T. Purwadi Latupono,1998-08-08,Medan,Priority,2025-08-19
6237,R.A. Kayla Purwanti S.Psi,1960-07-04,Semarang,SME,2014-10-30
6238,Kenes Yolanda,1982-09-06,Jakarta,SME,2024-11-30
6239,Aditya Aryani,1968-02-22,Semarang,Priority,2024-05-26
6240,Gambira Yuliarti,1992-03-26,Medan,Mass,2016-10-09
6241,Warsita Kuswandari,1978-05-23,Yogyakarta,Mass,2020-02-16
6242,Baktiadi Mustofa,1999-11-17,Bandung,Mass,2024-01-15
6243,Uchita Rajata S.E.,1986-12-01,Jakarta,Mass,2012-06-27
6244,Erik Winarsih S.T.,1964-10-26,Surabaya,Priority,2013-10-23
6245,Elisa Aryani,1961-03-27,Semarang,Priority,2012-07-19
6246,Omar Marpaung,1985-06-18,Surabaya,Priority,2023-06-30
6247,Cinta Suwarno,1994-02-26,Bandung,Mass,2013-12-19
6248,Puput Pudjiastuti,2003-08-09,Bandung,Mass,2023-02-11
6249,Bagiya Hutagalung S.E.I,1978-10-22,Yogyakarta,Priority,2020-10-23
6250,Puti Zulaikha Adriansyah S.H.,1972-04-10,Jakarta,Mass,2021-12-19
6251,Prayogo Saputra,1984-06-20,Surabaya,Mass,2025-07-04
6252,Balijan Hartati,2002-11-02,Semarang,Mass,2021-03-22
6253,Dewi Mardhiyah,1961-09-09,Surabaya,SME,2011-08-29
6254,KH. Kasusra Hastuti M.TI.,1964-08-26,Jakarta,SME,2018-12-25
6255,Jaya Winarsih,1989-05-10,Medan,Priority,2025-12-07
6256,Tgk. Winda Hutasoit,1994-08-12,Jakarta,SME,2013-02-27
6257,Winda Iswahyudi,2000-04-28,Jakarta,Mass,2020-02-14
6258,Elma Wibisono,1997-04-07,Semarang,SME,2025-02-20
6259,Sutan Kenes Ramadan S.Ked,1978-02-17,Jakarta,Priority,2022-03-17
6260,Puti Bella Marpaung,1999-04-21,Medan,Mass,2024-04-01
6261,Gangsa Marpaung,1966-06-23,Bandung,Mass,2012-09-26
6262,H. Kasusra Nababan,1973-07-24,Surabaya,SME,2022-06-01
6263,Usyi Usamah,1969-05-25,Bandung,Mass,2017-02-28
6264,Ana Siregar,1991-03-11,Medan,SME,2020-09-21
6265,drg. Widya Astuti S.IP,1981-10-14,Jakarta,Mass,2023-04-10
6266,Dr. Prayoga Waskita S.Kom,1977-02-21,Jakarta,Mass,2011-04-27
6267,Dadap Safitri,1964-06-08,Jakarta,Priority,2025-09-28
6268,Jayadi Rahmawati S.Pt,1969-02-12,Yogyakarta,Mass,2013-01-12
6269,Ghaliyati Wahyuni M.Kom.,1973-11-17,Bandung,Mass,2010-05-13
6270,KH. Jagapati Wibisono,1990-01-04,Bandung,SME,2010-02-05
6271,Syahrini Uwais,1984-12-03,Jakarta,Mass,2024-09-11
6272,Uda Gunarto,1965-12-11,Semarang,SME,2021-12-20
6273,Jabal Nainggolan,1974-03-23,Semarang,SME,2013-01-24
6274,Kenzie Thamrin,1994-08-28,Semarang,Mass,2017-06-03
6275,Mulya Wahyudin,1976-07-12,Semarang,Mass,2021-01-04
6276,Gandi Agustina S.Ked,1968-05-30,Jakarta,Mass,2023-07-29
6277,Zelda Hariyah,1961-09-06,Semarang,Mass,2024-04-16
6278,Cahyanto Kuswoyo,1989-07-01,Jakarta,Priority,2018-07-02
6279,Drs. Putri Latupono,1967-08-06,Yogyakarta,Mass,2015-08-06
6280,R. Nabila Lailasari,1972-09-26,Jakarta,Priority,2011-01-28
6281,Dr. Olga Siregar,2001-04-09,Bandung,Mass,2023-01-08
6282,Leo Firmansyah,1986-10-09,Semarang,SME,2024-11-18
6283,Ir. Galiono Prasasta S.Pd,1977-06-05,Semarang,Mass,2011-06-29
6284,dr. Emil Firgantoro,1975-02-14,Surabaya,Mass,2013-10-01
6285,Puti Amelia Salahudin S.E.I,1982-04-15,Jakarta,Mass,2016-12-29
6286,Hana Wibowo S.E.I,1976-04-18,Semarang,Priority,2016-05-07
6287,Jasmin Zulkarnain,2001-11-27,Medan,Mass,2025-02-14
6288,Karta Utama,1972-05-17,Medan,SME,2021-09-04
6289,Jamil Samosir,1979-02-08,Medan,Mass,2018-10-04
6290,Ifa Wasita S.Ked,2002-08-06,Jakarta,Mass,2023-01-22
6291,Edi Simbolon,1986-07-03,Yogyakarta,Priority,2024-02-07
6292,Narji Iswahyudi,1980-04-01,Yogyakarta,SME,2017-10-20
6293,R. Paramita Suartini M.Ak,1976-05-26,Medan,Mass,2018-03-02
6294,Puti Karen Latupono S.IP,1968-04-06,Yogyakarta,Priority,2020-01-21
6295,Vivi Sitorus,1966-12-31,Semarang,Mass,2018-09-28
6296,Dewi Najmudin,1978-03-04,Jakarta,Mass,2018-03-26
6297,R.A. Restu Hutapea,1981-05-15,Yogyakarta,Mass,2010-07-04
6298,Asirwanda Saefullah,1998-07-14,Surabaya,Mass,2023-11-08
6299,Zaenab Pudjiastuti,1960-03-24,Medan,Priority,2018-06-25
6300,Dr. Vino Hutapea M.Pd,1998-08-18,Surabaya,Mass,2018-08-20
6301,Drs. Ifa Puspasari,1979-12-19,Jakarta,Mass,2012-04-20
6302,Emin Januar S.Sos,2003-12-24,Semarang,Mass,2024-04-10
6303,Dt. Galang Andriani S.Pt,1990-02-27,Jakarta,Mass,2016-02-06
6304,Ganda Santoso S.Gz,1966-04-24,Semarang,Mass,2010-03-05
6305,Bagiya Kuswoyo,1982-06-30,Jakarta,Mass,2026-02-25
6306,Cut Cici Kuswandari,1967-03-28,Bandung,Mass,2013-02-20
6307,Jarwadi Tarihoran,1968-02-13,Medan,Mass,2013-12-04
6308,Puput Kurniawan,1984-01-17,Semarang,Mass,2016-03-25
6309,Endah Rahayu,1983-08-06,Surabaya,SME,2014-04-27
6310,KH. Dirja Hutapea,1986-09-17,Jakarta,Mass,2016-08-31
6311,Ella Nashiruddin,1961-10-01,Surabaya,Mass,2022-06-07
6312,Vega Purnawati S.IP,1970-03-27,Jakarta,Priority,2018-05-14
6313,Rosman Budiyanto M.Kom.,1975-07-26,Jakarta,SME,2024-12-17
6314,Omar Mahendra,1968-09-17,Semarang,SME,2017-02-23
6315,Okto Zulaika,1994-05-14,Medan,Mass,2024-04-02
6316,Sutan Hasim Ardianto,1995-07-04,Surabaya,Mass,2023-04-15
6317,Karman Saputra M.Farm,1976-02-14,Medan,SME,2020-12-22
6318,H. Prayoga Nainggolan M.Kom.,1994-01-20,Medan,Mass,2022-06-16
6319,Sutan Asmuni Astuti,2001-07-25,Jakarta,SME,2025-08-11
6320,Luwar Widiastuti,2000-02-22,Jakarta,Priority,2021-06-30
6321,Febi Nuraini,1970-11-18,Jakarta,Mass,2016-10-04
6322,Jelita Mansur,1995-04-15,Jakarta,SME,2024-09-21
6323,Rika Zulkarnain,1972-11-30,Medan,Mass,2020-07-13
6324,Tgk. Hasna Prayoga,1972-11-28,Bandung,Mass,2024-02-08
6325,Puti Tiara Andriani,1963-10-24,Medan,Priority,2024-05-22
6326,Septi Suartini,1970-01-06,Semarang,Mass,2010-07-04
6327,Ade Latupono,1982-04-29,Yogyakarta,Priority,2022-07-18
6328,Rika Nainggolan,1970-03-13,Medan,Mass,2020-06-03
6329,Hafshah Mahendra M.Farm,1989-12-12,Jakarta,Mass,2013-04-10
6330,Rahmat Yuniar,1987-11-02,Semarang,Mass,2026-02-13
6331,Puti Salsabila Prayoga,1996-11-14,Medan,Mass,2023-11-20
6332,Narji Gunarto,1996-07-11,Medan,Mass,2021-12-16
6333,Drajat Gunawan,2001-01-15,Surabaya,Mass,2024-07-22
6334,Belinda Widodo S.E.I,1991-04-21,Medan,Priority,2010-06-20
6335,Enteng Kusumo,1985-10-31,Semarang,Mass,2010-01-06
6336,Cut Sadina Pranowo,1985-05-29,Jakarta,Priority,2024-04-20
6337,Carla Budiman S.Farm,2000-02-05,Medan,Mass,2019-10-20
6338,Ganep Putra,1979-04-02,Semarang,Mass,2010-05-02
6339,Dinda Maulana,1977-06-05,Semarang,Mass,2017-06-09
6340,Septi Maheswara S.I.Kom,1980-04-16,Surabaya,Mass,2016-02-18
6341,Laras Waluyo,1963-09-21,Surabaya,Mass,2018-12-14
6342,Karja Zulaika S.T.,1964-03-07,Semarang,Priority,2014-12-30
6343,Salimah Pangestu,1973-05-28,Medan,Mass,2023-03-08
6344,Hj. Dalima Putra S.Sos,1969-11-12,Jakarta,Mass,2024-03-30
6345,Fitriani Widiastuti,1981-06-25,Medan,Mass,2018-12-09
6346,Hj. Hesti Lestari M.Kom.,1987-06-29,Surabaya,Mass,2018-12-03
6347,Maya Hardiansyah,1994-09-18,Bandung,Mass,2023-11-21
6348,Ade Astuti,1983-11-04,Yogyakarta,Mass,2016-04-29
6349,Endah Halim,2000-05-31,Bandung,Mass,2021-03-18
6350,Dt. Pangestu Haryanti M.TI.,1994-05-25,Surabaya,Mass,2013-02-05
6351,Farhunnisa Zulkarnain,1973-10-22,Yogyakarta,Mass,2012-06-25
6352,Teguh Suwarno,2002-04-08,Medan,Mass,2024-09-20
6353,Edi Setiawan,1975-03-01,Semarang,Mass,2017-01-27
6354,Irsad Budiman,2001-08-20,Semarang,Mass,2019-12-11
6355,Winda Nuraini,1985-04-04,Jakarta,Mass,2018-07-01
6356,Langgeng Hasanah,1976-07-19,Jakarta,Mass,2020-02-22
6357,Ilsa Yuniar,1969-12-10,Bandung,Priority,2024-09-27
6358,Ihsan Pangestu,1990-04-22,Surabaya,Mass,2023-06-15
6359,Zelaya Saefullah M.Kom.,1998-01-19,Surabaya,Priority,2016-12-18
6360,Humaira Marpaung,1983-07-26,Bandung,Mass,2018-09-05
6361,Gawati Farida,2000-11-22,Medan,Mass,2020-06-12
6362,Agus Prakasa,2000-08-02,Medan,Mass,2025-06-30
6363,Jayeng Winarno S.H.,1964-06-13,Surabaya,SME,2020-11-20
6364,Dr. Maras Maulana,1966-03-24,Jakarta,Mass,2012-12-09
6365,Embuh Uwais,1980-10-24,Bandung,SME,2022-02-23
6366,T. Muhammad Januar,1990-09-14,Medan,Mass,2015-05-27
6367,Zelda Wahyuni,1977-02-26,Bandung,Mass,2023-07-20
6368,KH. Galak Waskita,1977-10-09,Bandung,Priority,2014-12-18
6369,Atma Purnawati,2003-07-25,Jakarta,SME,2022-10-04
6370,Dimas Suryono,1967-01-14,Jakarta,Mass,2021-03-20
6371,Yessi Prasasta,1960-05-04,Bandung,Mass,2014-02-24
6372,Ir. Wadi Puspita M.Ak,1990-02-12,Jakarta,Mass,2023-02-14
6373,Drs. Elvina Utami,1988-11-03,Bandung,Mass,2015-06-18
6374,Paris Adriansyah,1981-12-14,Semarang,Mass,2023-07-21
6375,Yusuf Damanik,1960-02-03,Yogyakarta,Mass,2011-04-22
6376,Vivi Puspasari,1989-01-25,Semarang,Mass,2017-08-30
6377,Qori Siregar,1968-04-06,Semarang,Priority,2017-08-21
6378,Jaya Nababan,1972-08-05,Semarang,Mass,2025-09-13
6379,Balangga Samosir,1975-11-16,Surabaya,Mass,2023-06-14
6380,Vanesa Anggraini S.T.,1985-12-27,Bandung,Mass,2023-12-11
6381,Wani Saputra M.Farm,1995-08-12,Yogyakarta,Priority,2021-04-26
6382,Lutfan Wacana,1966-02-17,Jakarta,SME,2015-04-04
6383,Saiful Suartini M.Farm,1988-02-24,Semarang,SME,2020-07-06
6384,dr. Cinta Wibowo,1994-06-20,Surabaya,Mass,2014-02-23
6385,Sarah Napitupulu,1979-10-14,Bandung,Mass,2016-06-16
6386,Gamani Gunawan,1987-08-02,Surabaya,Mass,2016-08-19
6387,dr. Kani Halimah S.H.,1991-05-15,Jakarta,Priority,2012-05-05
6388,Tgk. Jumadi Pradana,1979-03-12,Yogyakarta,Mass,2019-06-09
6389,Putri Budiyanto,1975-06-16,Yogyakarta,Mass,2013-12-19
6390,Citra Jailani M.Farm,1963-01-01,Jakarta,Priority,2012-10-21
6391,Daru Zulkarnain,1984-11-03,Yogyakarta,Priority,2011-12-10
6392,Cut Farhunnisa Hastuti S.Farm,1984-07-22,Semarang,Priority,2011-03-27
6393,H. Bagya Jailani,1962-09-07,Bandung,Mass,2013-06-30
6394,Kuncara Farida S.E.I,1965-02-08,Semarang,Priority,2018-10-07
6395,Okto Prabowo,2001-08-06,Jakarta,Mass,2024-07-15
6396,Hairyanto Kuswoyo,1988-05-17,Bandung,Mass,2019-08-04
6397,Edi Anggriawan,1966-10-12,Yogyakarta,Mass,2014-06-14
6398,drg. Devi Setiawan,1975-12-16,Bandung,Mass,2023-02-20
6399,Lanjar Hartati S.Kom,1976-12-24,Medan,Priority,2024-04-05
6400,Ganep Prakasa,1982-12-29,Semarang,Mass,2018-03-31
6401,Puti Cornelia Ramadan,1963-10-04,Surabaya,SME,2011-11-12
6402,Drs. Kawaca Usamah S.H.,1973-12-22,Jakarta,Mass,2014-04-27
6403,Jaswadi Saefullah,1980-05-06,Bandung,Mass,2017-07-20
6404,R.M. Maryadi Ardianto,1985-04-29,Bandung,SME,2025-08-18
6405,Dr. Yuliana Pratama S.Farm,1969-04-17,Surabaya,Mass,2013-03-19
6406,Cinthia Irawan,1989-07-19,Medan,SME,2024-01-19
6407,Drs. Dartono Permata,1987-06-24,Bandung,SME,2014-09-06
6408,Ade Aryani,1992-01-04,Jakarta,Mass,2015-10-14
6409,Kamaria Tamba M.M.,1969-01-17,Semarang,Mass,2025-04-27
6410,H. Catur Dongoran,1999-07-31,Bandung,SME,2021-05-22
6411,Cinta Utami M.Farm,1961-11-06,Jakarta,Priority,2012-02-12
6412,Mulyanto Saefullah,1999-01-23,Semarang,Priority,2017-05-22
6413,Cawuk Manullang,1991-06-01,Semarang,Mass,2019-08-07
6414,Okto Gunawan,1979-12-19,Surabaya,Mass,2014-12-10
6415,Elma Napitupulu S.Kom,1981-11-18,Surabaya,Mass,2014-02-08
6416,Cahyadi Sihombing,1969-11-23,Semarang,SME,2015-08-02
6417,Almira Wijayanti,1990-03-04,Surabaya,SME,2018-10-19
6418,Genta Safitri,1987-07-11,Semarang,Mass,2020-07-11
6419,Anggabaya Lazuardi,1982-12-08,Medan,Mass,2016-08-01
6420,Tari Putra S.I.Kom,1972-07-01,Surabaya,Priority,2022-12-16
6421,Praba Salahudin S.Farm,1960-12-21,Semarang,Priority,2016-11-18
6422,Malik Haryanto,1960-04-05,Medan,Mass,2019-04-09
6423,R. Nabila Waluyo S.Ked,1978-10-14,Semarang,Mass,2017-05-02
6424,Hardi Firmansyah,1998-07-09,Bandung,Priority,2017-09-26
6425,R.M. Mahdi Andriani,1998-11-11,Bandung,Priority,2021-07-30
6426,Bakiadi Manullang,1991-11-22,Bandung,Mass,2021-01-15
6427,Bagya Mangunsong,1993-03-07,Yogyakarta,Mass,2018-05-02
6428,Cici Fujiati,1994-11-18,Surabaya,Priority,2017-09-13
6429,Naradi Marbun,1998-11-13,Jakarta,Mass,2018-05-29
6430,Tania Nurdiyanti,1973-07-05,Yogyakarta,Mass,2019-10-21
6431,Puti Wastuti M.TI.,1968-05-06,Bandung,Mass,2013-04-22
6432,Ir. Julia Hartati,1980-09-12,Yogyakarta,SME,2022-05-04
6433,Radit Riyanti,1992-09-28,Surabaya,SME,2010-11-14
6434,Ir. Kasim Pratama,1992-06-07,Semarang,SME,2023-02-21
6435,Lintang Natsir,1976-10-03,Medan,Mass,2012-08-10
6436,Dr. Indah Sihotang,1962-04-30,Jakarta,Mass,2020-04-17
6437,Rachel Prabowo,1987-05-29,Bandung,Mass,2021-11-18
6438,Wirda Damanik S.Kom,1984-12-01,Bandung,Priority,2025-04-07
6439,Ida Waluyo,1979-12-13,Yogyakarta,SME,2024-06-20
6440,Dr. Jaka Iswahyudi M.Farm,2001-07-23,Yogyakarta,Priority,2025-11-28
6441,Raden Mahendra,1962-11-15,Semarang,Mass,2026-02-05
6442,Dartono Nasyidah,1960-07-11,Bandung,Mass,2018-11-14
6443,Puti Putri Kuswandari S.Sos,1990-02-04,Medan,Mass,2013-02-25
6444,Laksana Mansur S.Gz,1965-01-22,Bandung,SME,2011-07-06
6445,R.M. Kawaya Pradipta,1996-11-09,Yogyakarta,Priority,2015-12-11
6446,R.M. Dimas Hardiansyah M.TI.,1982-07-31,Bandung,Mass,2016-01-08
6447,Ir. Puji Hidayanto S.H.,1994-09-07,Bandung,Mass,2024-11-07
6448,Dr. Bakda Sirait,1978-12-20,Yogyakarta,Mass,2020-02-15
6449,Dr. Bakiman Rajata,2002-06-24,Bandung,SME,2026-03-06
6450,Juli Pudjiastuti,1987-02-24,Semarang,Priority,2019-02-04
6451,Raden Nugroho,1963-11-06,Bandung,Mass,2025-08-22
6452,Irsad Lestari,1988-09-17,Surabaya,Mass,2025-03-10
6453,R.A. Dina Prasetya S.Pt,1999-12-14,Medan,Mass,2022-10-25
6454,R.M. Leo Handayani,1976-08-13,Surabaya,Mass,2019-05-28
6455,Indra Usada,1965-02-06,Bandung,Mass,2014-03-19
6456,R. Okto Sinaga,1994-04-02,Medan,SME,2014-05-03
6457,Eli Zulaika,1962-03-28,Jakarta,Mass,2024-08-25
6458,Zulfa Sirait,1973-02-01,Jakarta,Mass,2018-10-13
6459,Anggabaya Anggriawan,1992-02-03,Yogyakarta,Priority,2025-07-29
6460,Dt. Prayitna Widiastuti S.Ked,1999-05-17,Bandung,SME,2017-11-27
6461,Cut Chelsea Sinaga S.E.,1985-11-19,Yogyakarta,Priority,2024-05-01
6462,H. Respati Uyainah M.Farm,1971-06-14,Jakarta,Mass,2024-04-23
6463,Bakda Nainggolan,1972-03-13,Jakarta,Mass,2015-06-06
6464,Yani Januar,2000-02-01,Surabaya,Mass,2023-10-12
6465,Violet Nasyiah,1997-05-24,Bandung,Mass,2019-01-31
6466,Hardana Hakim M.Ak,1964-08-15,Medan,Priority,2016-02-27
6467,Najib Maryadi,1973-12-01,Surabaya,Mass,2020-04-10
6468,Iriana Wibowo,1968-11-03,Medan,Priority,2010-12-11
6469,Balijan Mayasari S.Pd,2001-05-13,Medan,SME,2023-11-15
6470,T. Elon Manullang S.Pt,1972-08-22,Jakarta,Mass,2020-01-13
6471,R.M. Limar Winarsih,1984-08-15,Jakarta,Mass,2015-11-19
6472,Drs. Natalia Suwarno,1961-09-01,Semarang,Priority,2013-06-21
6473,Putri Hutagalung,1964-08-09,Medan,Mass,2019-01-30
6474,Cayadi Suwarno,1988-12-20,Bandung,Mass,2025-10-10
6475,Drs. Pandu Gunarto,1979-07-22,Jakarta,Mass,2012-02-05
6476,Kezia Halimah,1979-01-12,Semarang,Mass,2021-08-09
6477,Jono Fujiati,1985-08-16,Semarang,Mass,2020-07-17
6478,Aisyah Gunawan,1993-01-03,Bandung,Priority,2022-09-08
6479,Cut Ade Wijayanti,1978-07-25,Semarang,SME,2011-06-22
6480,Hesti Waluyo,1998-10-17,Surabaya,SME,2017-02-04
6481,Siska Siregar,1969-04-20,Bandung,Mass,2018-05-30
6482,Gilang Maryati,1984-03-07,Medan,Mass,2011-07-03
6483,Paris Maryadi,1979-09-22,Bandung,Mass,2025-10-29
6484,Keisha Pratiwi,1976-05-11,Bandung,Mass,2015-05-16
6485,Daryani Zulkarnain,1994-07-24,Bandung,Mass,2023-12-20
6486,Raditya Santoso,1977-12-13,Bandung,Mass,2024-10-16
6487,Sutan Galur Uwais,1975-01-13,Jakarta,Mass,2022-07-20
6488,Asirwanda Utama S.Pd,1984-03-12,Semarang,Mass,2016-01-02
6489,R. Violet Permata S.Sos,1987-02-16,Jakarta,Priority,2014-09-01
6490,Azalea Puspasari S.Gz,1960-04-15,Medan,Mass,2013-05-27
6491,Jarwadi Habibi S.Farm,2000-05-31,Bandung,Mass,2023-08-01
6492,Dimas Zulkarnain,1979-04-16,Medan,Priority,2023-04-16
6493,Ir. Puti Haryanti,1971-06-10,Jakarta,Priority,2017-02-07
6494,dr. Winda Budiyanto,1967-05-20,Bandung,SME,2017-03-05
6495,Drs. Prayogo Usada M.TI.,2002-04-26,Semarang,Mass,2023-09-01
6496,Budi Haryanto,1960-03-13,Semarang,Priority,2022-03-18
6497,Embuh Hardiansyah,1984-01-03,Semarang,Mass,2022-08-28
6498,Sakti Wijaya,1988-08-28,Bandung,Mass,2020-03-30
6499,Zahra Nuraini,2002-08-14,Semarang,Mass,2023-04-26
6500,Tirtayasa Puspita,1965-06-03,Surabaya,Mass,2021-03-30
6501,H. Adhiarja Rajata,1991-02-05,Yogyakarta,Mass,2020-10-13
6502,Oskar Rajata S.E.,1968-11-24,Medan,Mass,2010-01-09
6503,drg. Jamil Prayoga,2000-09-13,Bandung,Mass,2019-08-14
6504,Sutan Harja Nainggolan,1992-02-18,Bandung,Mass,2016-05-14
6505,Ir. Atma Wacana,1973-01-07,Bandung,SME,2020-12-18
6506,Hesti Mangunsong,1975-08-24,Semarang,SME,2024-10-09
6507,Atmaja Megantara S.Sos,1980-01-20,Jakarta,Priority,2020-07-14
6508,Hj. Ida Narpati,2001-12-04,Yogyakarta,Mass,2021-04-05
6509,Drs. Mariadi Winarsih,1981-04-18,Semarang,Mass,2012-06-06
6510,Opan Samosir S.Farm,1979-06-28,Semarang,Mass,2017-11-06
6511,Endah Damanik,1978-03-30,Jakarta,Mass,2016-08-21
6512,Tasnim Andriani,1976-12-09,Bandung,Mass,2021-10-02
6513,H. Cager Uwais M.TI.,1960-09-20,Medan,Priority,2010-05-24
6514,Gabriella Jailani,1967-03-30,Bandung,SME,2016-04-25
6515,Victoria Ramadan,1990-08-07,Surabaya,Mass,2025-12-25
6516,Jail Gunarto,1987-12-30,Yogyakarta,Mass,2014-06-29
6517,drg. Icha Usamah S.Sos,1985-12-28,Surabaya,Mass,2011-09-15
6518,Garang Wahyudin,1991-07-21,Semarang,Mass,2010-04-19
6519,T. Sakti Gunarto S.E.,1981-06-14,Bandung,Mass,2025-01-25
6520,Winda Pradana,1975-01-03,Yogyakarta,Mass,2021-01-20
6521,Samiah Uwais S.Psi,2000-09-21,Jakarta,Priority,2022-05-25
6522,Ir. Cengkir Sihombing,1961-12-19,Semarang,Priority,2011-07-22
6523,Yosef Damanik,1978-10-18,Jakarta,Mass,2010-03-15
6524,Bakiadi Halimah S.Sos,1978-01-01,Medan,Mass,2017-10-27
6525,Laras Setiawan,1990-01-10,Semarang,SME,2015-11-14
6526,Tgk. Oliva Permata M.TI.,1980-06-10,Bandung,Mass,2022-06-24
6527,Dt. Prasetyo Prasetyo,1982-10-08,Yogyakarta,Mass,2021-03-23
6528,Cici Uwais S.H.,2000-02-14,Medan,Mass,2019-02-09
6529,H. Jais Maryati,1985-08-03,Semarang,Mass,2019-01-14
6530,Radika Saefullah,1977-03-30,Yogyakarta,Mass,2015-06-10
6531,Tari Mansur,1988-06-02,Surabaya,Priority,2018-09-09
6532,Rahmi Halim,1996-06-08,Jakarta,SME,2017-12-01
6533,Malik Siregar S.Gz,2002-04-10,Yogyakarta,Mass,2025-10-22
6534,Silvia Uyainah,1978-04-15,Surabaya,Mass,2019-06-30
6535,Simon Siregar,1966-05-15,Semarang,Mass,2016-12-17
6536,Damu Pratama,1998-07-02,Bandung,SME,2023-02-16
6537,Prakosa Thamrin,1990-01-17,Surabaya,Mass,2012-11-18
6538,Radit Novitasari,1990-11-30,Yogyakarta,Mass,2025-02-23
6539,Rini Sihotang,1977-07-18,Jakarta,Mass,2024-11-23
6540,Dewi Widodo S.H.,1993-06-23,Jakarta,Mass,2019-12-02
6541,R.M. Reksa Jailani S.Pt,1961-01-29,Surabaya,Mass,2022-07-20
6542,Narji Rahimah,1982-03-24,Semarang,SME,2012-07-27
6543,Paramita Hastuti,1992-09-23,Yogyakarta,Priority,2011-12-30
6544,Winda Maheswara M.Pd,1970-07-08,Semarang,SME,2017-03-08
6545,Luluh Napitupulu,1977-02-08,Yogyakarta,Priority,2023-06-03
6546,Lega Iswahyudi,1996-05-31,Jakarta,SME,2014-09-09
6547,Mustika Napitupulu M.Kom.,1992-05-27,Medan,Mass,2011-03-27
6548,Cahyanto Waskita,1986-05-28,Jakarta,Mass,2015-04-08
6549,Gaman Prasetyo S.Gz,1965-02-10,Surabaya,SME,2010-01-30
6550,Zulaikha Firmansyah,2003-05-21,Bandung,Mass,2021-08-15
6551,Citra Hutasoit M.Ak,1975-01-25,Surabaya,Mass,2025-09-05
6552,Dr. Jamal Simbolon S.Sos,1999-07-05,Bandung,Priority,2024-03-23
6553,Jail Mardhiyah,1987-11-19,Jakarta,SME,2015-03-01
6554,drg. Victoria Puspasari M.TI.,1988-05-29,Semarang,Mass,2019-12-13
6555,Adikara Nashiruddin,1994-07-21,Semarang,Mass,2021-11-26
6556,Rizki Dongoran,1961-02-09,Jakarta,Mass,2021-06-25
6557,Dt. Langgeng Kurniawan S.Psi,1990-04-02,Semarang,Mass,2024-03-31
6558,dr. Balidin Pudjiastuti S.E.I,1998-04-07,Medan,Mass,2025-12-14
6559,Ir. Paramita Budiman S.H.,2000-02-09,Surabaya,Priority,2025-11-30
6560,Keisha Sitorus M.Kom.,1999-02-08,Yogyakarta,Mass,2020-12-27
6561,Nardi Mandasari S.T.,1961-08-18,Yogyakarta,Mass,2017-10-28
6562,Intan Riyanti S.IP,1990-04-01,Jakarta,SME,2015-06-27
6563,Lidya Adriansyah M.Ak,1982-04-21,Medan,Mass,2014-07-20
6564,Dariati Wijaya S.I.Kom,1973-01-06,Jakarta,Mass,2013-02-16
6565,dr. Diana Hakim,1993-07-04,Bandung,Priority,2018-05-30
6566,Galang Suartini,1970-06-10,Semarang,Priority,2020-08-22
6567,Respati Maheswara,1989-01-18,Yogyakarta,Mass,2010-08-24
6568,Drs. Suci Permata S.Pd,1979-02-28,Yogyakarta,SME,2020-09-28
6569,Kayun Siregar,1981-06-22,Bandung,Priority,2018-12-06
6570,Daru Widodo,1996-05-10,Semarang,SME,2019-03-16
6571,drg. Gangsa Dongoran,1984-06-08,Yogyakarta,Priority,2021-10-18
6572,R. Usyi Wasita,1963-12-09,Semarang,SME,2024-09-07
6573,Cawisono Manullang,1967-03-30,Semarang,Mass,2020-04-25
6574,Luluh Suartini,1968-04-03,Semarang,Mass,2019-07-15
6575,R.M. Bagya Permadi,1997-04-07,Medan,Mass,2023-01-01
6576,Ika Sitorus,1980-01-28,Semarang,Mass,2024-06-08
6577,Lili Hutagalung,1996-08-25,Bandung,Mass,2021-12-03
6578,Dodo Firgantoro,1987-01-05,Yogyakarta,Mass,2025-02-28
6579,Uli Sihombing S.E.I,1960-01-12,Surabaya,Mass,2020-05-27
6580,Dr. Hasim Gunarto,1996-04-06,Medan,Mass,2021-05-19
6581,dr. Siti Damanik S.Psi,1974-07-05,Medan,Mass,2017-08-28
6582,Jumadi Widodo,1966-10-31,Surabaya,SME,2019-09-24
6583,Maya Gunawan,1977-01-19,Jakarta,Mass,2016-08-24
6584,H. Bakti Latupono,2000-11-30,Surabaya,SME,2025-02-23
6585,Dian Aryani S.Ked,1961-02-07,Jakarta,SME,2017-02-10
6586,Warsa Nababan,1965-08-06,Jakarta,SME,2019-11-21
6587,Cut Putri Putra S.I.Kom,1974-10-15,Medan,Mass,2020-10-30
6588,Lala Sudiati,1963-02-20,Medan,SME,2013-02-13
6589,Rendy Dongoran,1998-11-28,Surabaya,Priority,2021-05-04
6590,Eva Hasanah,1983-11-26,Jakarta,Priority,2019-11-25
6591,Galur Prabowo,1983-07-30,Jakarta,Mass,2019-08-12
6592,Wawan Natsir,1976-03-12,Jakarta,Priority,2010-12-24
6593,Sutan Dodo Siregar S.I.Kom,1971-09-30,Medan,Priority,2016-01-19
6594,Rendy Astuti,1983-06-15,Medan,SME,2020-01-12
6595,Dr. Cemplunk Fujiati,1975-09-06,Semarang,SME,2024-05-05
6596,Puti Nova Utami,1970-06-13,Jakarta,Priority,2024-05-30
6597,Dr. Lintang Purwanti S.E.I,1968-10-19,Jakarta,Mass,2010-05-28
6598,R.A. Paramita Saptono,1975-03-31,Jakarta,Mass,2024-03-18
6599,Ulva Gunarto,1977-07-23,Jakarta,Mass,2024-01-12
6600,Dimas Sihombing,1985-08-22,Semarang,Priority,2010-07-08
6601,Dt. Putu Nuraini,1975-06-17,Bandung,Mass,2013-05-07
6602,Victoria Nababan,1978-04-21,Bandung,SME,2023-07-25
6603,Ifa Prakasa,1985-02-26,Semarang,Mass,2010-05-09
6604,Zelda Widiastuti,1960-08-11,Yogyakarta,Mass,2021-03-07
6605,H. Tugiman Nuraini,1996-06-10,Bandung,SME,2020-04-18
6606,Hasim Gunawan,1991-11-16,Bandung,Mass,2019-07-02
6607,Daruna Yuliarti,1980-03-28,Bandung,Mass,2018-02-25
6608,Raisa Maheswara,1972-12-06,Yogyakarta,Priority,2010-07-23
6609,Baktiono Widiastuti,1999-08-29,Jakarta,Priority,2025-05-21
6610,Mila Budiyanto,1973-09-07,Yogyakarta,SME,2018-10-09
6611,Cut Ophelia Uwais,2000-06-05,Yogyakarta,Priority,2022-12-28
6612,Ir. Titin Haryanto,1971-06-21,Yogyakarta,Mass,2011-02-12
6613,T. Edison Pertiwi S.E.,1995-05-23,Surabaya,Priority,2018-01-18
6614,Nasab Hartati,2002-02-25,Bandung,Mass,2024-04-26
6615,Restu Marbun,1972-08-03,Yogyakarta,Mass,2018-07-17
6616,Usyi Rahimah,2003-09-29,Yogyakarta,SME,2024-09-26
6617,Queen Oktaviani S.Farm,2001-08-08,Bandung,Priority,2025-05-09
6618,Drs. Kemal Waluyo S.Pd,1982-09-23,Surabaya,Mass,2014-06-13
6619,Drs. Syahrini Suartini M.Ak,1989-08-31,Yogyakarta,Mass,2017-12-03
6620,Titi Wastuti M.M.,1988-04-04,Semarang,SME,2013-08-03
6621,Tirtayasa Nurdiyanti,1979-06-23,Surabaya,Mass,2018-10-14
6622,Dalima Nasyiah,1966-12-02,Yogyakarta,Priority,2010-08-29
6623,Tgk. Labuh Winarno M.Farm,1976-05-14,Semarang,Mass,2021-10-06
6624,Cakrajiya Sitompul,2000-06-02,Surabaya,Mass,2025-03-27
6625,Puti Ida Damanik,1978-04-29,Medan,Mass,2023-09-07
6626,Dr. Tirta Saragih M.Farm,1971-04-18,Bandung,SME,2016-09-29
6627,R.A. Ellis Nainggolan,1986-10-13,Surabaya,SME,2025-06-27
6628,Cengkal Prasetyo,1975-12-21,Yogyakarta,Priority,2010-07-14
6629,Victoria Megantara,1995-11-15,Surabaya,SME,2015-03-13
6630,dr. Hadi Pratiwi M.Pd,1986-09-23,Medan,Mass,2013-12-03
6631,Hasim Oktaviani,1967-05-30,Jakarta,Mass,2010-03-09
6632,Ayu Puspita M.Kom.,1967-09-22,Bandung,Mass,2023-07-15
6633,Hasta Uyainah,1980-01-16,Yogyakarta,Mass,2015-02-05
6634,Jagapati Agustina,1997-11-18,Surabaya,Mass,2022-06-27
6635,Maras Handayani,1989-12-01,Yogyakarta,Mass,2024-02-08
6636,Pangestu Pratama,2001-07-05,Jakarta,Mass,2019-10-26
6637,Putri Pradana,1985-01-29,Jakarta,Mass,2017-11-16
6638,Drs. Darmaji Simbolon,1965-12-13,Yogyakarta,Priority,2025-06-16
6639,Mujur Suartini S.I.Kom,1975-05-29,Yogyakarta,Mass,2010-07-09
6640,Dimaz Nurdiyanti S.E.I,1964-03-23,Bandung,Mass,2016-12-28
6641,Usman Purwanti S.Ked,1966-03-31,Medan,Mass,2020-05-29
6642,Tgk. Yunita Adriansyah S.I.Kom,1990-10-20,Yogyakarta,Mass,2025-01-29
6643,Salimah Lazuardi,1993-09-01,Medan,SME,2022-09-05
6644,Umay Pratiwi,1968-06-08,Yogyakarta,Priority,2011-10-07
6645,drg. Jasmin Dabukke,1965-01-03,Bandung,Priority,2013-03-11
6646,KH. Samsul Maulana,1961-04-23,Bandung,Mass,2016-02-29
6647,Rika Tamba,1999-09-11,Surabaya,Mass,2022-11-06
6648,Ir. Cakrajiya Fujiati,1997-09-13,Semarang,SME,2023-04-07
6649,Emas Iswahyudi M.Pd,1975-06-06,Yogyakarta,Mass,2012-06-28
6650,Queen Waluyo,1982-03-30,Medan,Mass,2015-01-05
6651,Laila Usamah,1975-09-14,Surabaya,Mass,2017-10-26
6652,Virman Pratama,1971-08-23,Semarang,SME,2024-03-04
6653,Kanda Laksmiwati,1996-12-14,Medan,Mass,2016-10-02
6654,dr. Baktiadi Wulandari S.E.I,1963-07-08,Yogyakarta,SME,2020-09-09
6655,Sutan Respati Nuraini S.Psi,1975-06-07,Surabaya,Priority,2018-01-07
6656,dr. Umi Lazuardi,1990-11-21,Yogyakarta,Mass,2020-03-06
6657,Zaenab Nababan,1966-02-01,Bandung,Mass,2020-08-18
6658,T. Heru Namaga S.E.I,1978-08-25,Bandung,Mass,2020-03-21
6659,Langgeng Saragih,1977-04-13,Bandung,SME,2012-02-22
6660,Drs. Humaira Utami S.Gz,1974-03-29,Surabaya,SME,2020-09-01
6661,Cut Zahra Marbun M.Kom.,1994-02-20,Surabaya,SME,2021-08-31
6662,Sutan Abyasa Ardianto M.TI.,1993-10-15,Jakarta,Mass,2021-04-16
6663,Rahayu Wijaya,1965-04-25,Yogyakarta,Mass,2021-06-19
6664,Bella Hakim,1960-08-19,Medan,SME,2023-03-20
6665,Rafi Wibisono,1985-08-12,Jakarta,Mass,2015-04-02
6666,Sutan Bahuraksa Hutapea,1970-10-15,Bandung,SME,2010-06-15
6667,Dadi Suryatmi S.Psi,1975-01-27,Semarang,Priority,2011-08-28
6668,Cut Alika Haryanto S.Sos,1973-12-09,Jakarta,Priority,2017-07-12
6669,Dt. Luwar Yuliarti,1996-11-06,Bandung,SME,2018-01-15
6670,Cindy Sihombing,1979-10-08,Yogyakarta,Priority,2015-02-08
6671,Luluh Hidayanto S.Psi,2002-09-18,Bandung,Mass,2024-12-18
6672,Jaeman Wasita,1997-02-17,Medan,SME,2023-10-25
6673,R.M. Setya Usamah M.TI.,2002-12-09,Surabaya,Mass,2021-02-20
6674,Teddy Padmasari,1989-06-30,Yogyakarta,Mass,2016-07-18
6675,Syahrini Zulkarnain,1976-07-25,Bandung,Mass,2023-08-20
6676,Cakrabirawa Hardiansyah S.I.Kom,1962-01-26,Bandung,Mass,2025-03-29
6677,Makuta Setiawan,1964-10-20,Surabaya,Mass,2015-07-11
6678,Anita Lailasari,1994-05-30,Semarang,Mass,2020-09-19
6679,Maimunah Rahimah,1987-03-14,Jakarta,Mass,2023-09-04
6680,Kania Marpaung,1973-02-18,Jakarta,Priority,2023-03-31
6681,Nasab Hassanah,1971-08-10,Jakarta,Mass,2014-05-09
6682,Olga Waskita,1989-01-06,Bandung,Mass,2016-09-16
6683,dr. Mumpuni Mustofa M.Ak,1976-09-16,Jakarta,SME,2015-01-18
6684,Gangsar Budiyanto,1989-04-19,Yogyakarta,SME,2013-07-08
6685,KH. Bakiman Lestari,1981-09-11,Yogyakarta,Priority,2012-08-30
6686,Sari Kusmawati S.Sos,1960-09-15,Bandung,Priority,2019-02-25
6687,Caraka Pratiwi,2002-07-22,Medan,Mass,2025-10-14
6688,Rahmi Hidayat S.T.,1996-04-13,Semarang,Mass,2015-09-17
6689,Hasta Novitasari,1982-11-04,Semarang,Mass,2012-07-02
6690,Kasusra Saptono S.Pt,1963-09-28,Yogyakarta,Mass,2011-03-15
6691,Dalimin Pangestu,1996-10-14,Bandung,Mass,2018-04-06
6692,Gina Irawan,1971-01-16,Medan,SME,2018-11-27
6693,Xanana Sihotang,1979-11-09,Yogyakarta,Mass,2014-11-20
6694,Tina Narpati,1965-02-09,Surabaya,Mass,2010-08-09
6695,Gangsar Wacana,1990-08-12,Semarang,Mass,2020-02-14
6696,Jarwa Palastri,1973-02-05,Medan,Priority,2017-10-07
6697,Jaiman Anggriawan,1976-09-26,Jakarta,Mass,2014-05-29
6698,Samsul Marbun,1962-04-17,Bandung,Mass,2010-03-26
6699,Baktiono Hutapea M.Ak,1976-12-03,Bandung,Mass,2021-09-05
6700,Abyasa Wibowo,1987-06-30,Bandung,Priority,2010-10-08
6701,Darmaji Anggraini,1988-08-13,Jakarta,Mass,2017-10-07
6702,Rudi Mulyani,1982-07-25,Semarang,Priority,2018-12-19
6703,Galiono Mustofa M.M.,1970-08-31,Jakarta,Mass,2024-07-19
6704,Puji Pertiwi,1995-01-10,Surabaya,Mass,2017-08-17
6705,Keisha Maheswara,1990-06-23,Surabaya,Priority,2017-10-21
6706,Darimin Hassanah,1991-11-22,Bandung,Priority,2013-04-12
6707,Tri Widiastuti,1982-08-26,Jakarta,Mass,2012-02-28
6708,T. Gaiman Saptono,1997-03-27,Yogyakarta,Mass,2021-05-20
6709,Cut Tari Narpati,1962-03-05,Jakarta,Mass,2017-01-12
6710,Ir. Janet Hardiansyah S.E.I,1976-10-31,Jakarta,Mass,2011-05-08
6711,drg. Ida Melani S.Gz,1966-09-05,Jakarta,Mass,2010-01-24
6712,Puti Mala Saefullah S.Pd,1984-07-13,Surabaya,Priority,2013-10-16
6713,Dasa Hartati,1961-05-31,Yogyakarta,Mass,2022-05-05
6714,Mahmud Ramadan,1999-07-17,Yogyakarta,Mass,2025-12-18
6715,Puti Lala Halimah M.Pd,1992-06-17,Semarang,Mass,2024-09-26
6716,Wira Megantara,1970-08-28,Medan,Priority,2022-01-20
6717,Ulya Mandasari,1963-11-09,Yogyakarta,Mass,2024-07-18
6718,Kambali Narpati S.E.,1993-02-11,Medan,Mass,2019-08-20
6719,Aditya Marpaung,1986-07-30,Surabaya,Priority,2025-11-05
6720,Bakiman Lestari M.Farm,1981-08-17,Jakarta,Mass,2014-02-17
6721,R.M. Baktiono Utami,1965-10-21,Surabaya,Priority,2011-10-24
6722,Elon Maryati,1995-01-05,Semarang,SME,2014-02-16
6723,Ella Pertiwi,1965-02-13,Bandung,Mass,2019-09-23
6724,Tgk. Oman Lestari,1999-02-01,Jakarta,Priority,2025-12-24
6725,H. Mahfud Sudiati M.M.,1983-11-30,Surabaya,Mass,2023-08-10
6726,Prabu Aryani,1980-07-30,Medan,Mass,2010-02-22
6727,R.A. Yuni Namaga S.H.,1999-07-28,Jakarta,Priority,2024-02-09
6728,Samsul Mulyani,1973-08-19,Surabaya,SME,2018-02-11
6729,Kenari Zulaika,1987-02-28,Bandung,Mass,2020-08-07
6730,Laila Dabukke,1975-03-07,Jakarta,Mass,2018-09-26
6731,Ghaliyati Pertiwi,1979-03-10,Jakarta,Mass,2021-03-07
6732,drg. Yosef Damanik M.Kom.,1992-12-09,Yogyakarta,Priority,2013-07-14
6733,H. Lanjar Palastri S.Farm,1982-06-13,Bandung,SME,2019-04-25
6734,Sabrina Lazuardi,1986-03-23,Semarang,Mass,2017-12-13
6735,Natalia Halim,1994-04-24,Semarang,Mass,2020-11-09
6736,Zelda Mandasari,1976-09-12,Semarang,Mass,2018-02-25
6737,Uda Waskita,1968-10-09,Medan,Mass,2022-03-19
6738,KH. Respati Maulana,1996-12-03,Bandung,Priority,2015-12-15
6739,Cut Karimah Adriansyah S.Sos,1990-11-01,Yogyakarta,Priority,2024-09-12
6740,R.M. Bakiadi Wahyuni,1989-12-05,Jakarta,Mass,2018-07-17
6741,R. Elvina Prasetyo S.I.Kom,1999-09-25,Bandung,Mass,2021-12-29
6742,Samiah Manullang,1992-08-19,Jakarta,Mass,2015-07-09
6743,Hartana Wastuti,1964-12-14,Semarang,Mass,2011-08-10
6744,Hj. Karimah Budiman S.Psi,1990-09-09,Bandung,Priority,2016-09-08
6745,drg. Waluyo Jailani,1976-10-20,Surabaya,Mass,2014-03-01
6746,Eman Waskita M.Farm,1986-12-16,Medan,Priority,2018-11-25
6747,Oskar Hidayanto,1999-10-18,Surabaya,Mass,2022-06-11
6748,Ir. Prasetya Natsir,1977-06-01,Semarang,Mass,2017-01-09
6749,Kenzie Mandala,1977-05-19,Medan,SME,2023-04-22
6750,Qori Widodo,1969-09-16,Medan,Mass,2018-06-19
6751,Usyi Riyanti,1960-02-18,Surabaya,Mass,2010-08-20
6752,Kalim Rahayu,1990-08-19,Yogyakarta,Mass,2023-07-14
6753,KH. Mahmud Santoso,1990-12-15,Surabaya,Mass,2011-10-08
6754,Irfan Oktaviani,1993-07-01,Yogyakarta,SME,2014-09-26
6755,Drs. Irma Palastri,1965-02-04,Yogyakarta,Mass,2024-10-31
6756,Cut Endah Mahendra S.Gz,1977-03-12,Medan,Mass,2017-05-25
6757,dr. Wirda Firmansyah M.Ak,1961-12-16,Jakarta,Mass,2015-12-05
6758,Titi Pradana M.Pd,1966-07-06,Jakarta,Mass,2022-12-27
6759,Tantri Rahimah,1967-08-22,Medan,Mass,2012-11-16
6760,Talia Ramadan M.TI.,1965-07-25,Bandung,Mass,2021-08-19
6761,Septi Mustofa,1965-02-14,Yogyakarta,Mass,2020-01-05
6762,Rachel Sirait,1989-03-31,Semarang,Mass,2011-03-14
6763,Ir. Oliva Puspasari S.Pt,1983-08-03,Yogyakarta,Priority,2023-09-30
6764,Bakiadi Suryono S.I.Kom,1989-06-07,Medan,Mass,2015-08-27
6765,Sari Palastri,1986-02-02,Semarang,Priority,2023-10-12
6766,drg. Yono Firgantoro,1974-02-28,Bandung,Mass,2013-08-13
6767,Safina Farida S.Pt,1964-12-13,Medan,SME,2016-04-05
6768,Elma Prakasa,1978-09-23,Medan,Priority,2017-12-25
6769,dr. Ikin Wibisono,1987-10-20,Yogyakarta,Mass,2021-12-27
6770,Faizah Namaga,1979-05-29,Semarang,Mass,2011-09-23
6771,Ir. Cengkir Dongoran M.Ak,1998-04-25,Yogyakarta,Mass,2026-01-02
6772,Ika Wibowo,1964-03-31,Bandung,SME,2019-02-24
6773,R. Yoga Susanti S.Pt,1986-10-02,Surabaya,SME,2020-05-04
6774,Sari Wijayanti M.M.,1996-09-09,Yogyakarta,SME,2018-09-02
6775,Rahmi Nasyidah,1964-08-20,Medan,Mass,2019-05-22
6776,Kiandra Namaga,1969-10-10,Medan,Mass,2020-12-11
6777,Sabri Oktaviani,1985-09-29,Medan,SME,2014-09-27
6778,drg. Ophelia Mandasari,1989-01-29,Medan,Mass,2023-01-10
6779,Zulfa Mangunsong S.E.I,2003-11-15,Yogyakarta,Mass,2022-10-17
6780,Padma Permata,1988-11-03,Semarang,Mass,2010-04-17
6781,Jumadi Firgantoro,1975-08-12,Yogyakarta,Priority,2014-03-25
6782,Ir. Kasiran Simanjuntak M.TI.,1977-06-13,Yogyakarta,Mass,2014-12-23
6783,Heru Yuniar,1995-12-28,Jakarta,Mass,2019-05-29
6784,Mahmud Utami,1974-10-11,Medan,Mass,2016-01-03
6785,Sutan Gading Habibi S.T.,1973-12-04,Medan,SME,2025-06-17
6786,Mujur Tarihoran,1981-05-12,Bandung,Mass,2025-01-31
6787,dr. Harjaya Safitri S.Psi,1976-08-31,Surabaya,Mass,2021-07-28
6788,Jaga Purnawati S.Gz,1991-03-03,Bandung,Priority,2019-06-12
6789,Muni Maheswara,1984-08-03,Bandung,Mass,2012-10-10
6790,Estiono Namaga,1992-11-09,Medan,Priority,2015-09-24
6791,Prayogo Siregar,2000-11-08,Surabaya,Mass,2022-06-15
6792,dr. Hasna Ramadan S.E.,1963-02-16,Yogyakarta,Priority,2023-06-18
6793,dr. Jagaraga Rahayu,1985-01-05,Yogyakarta,Priority,2011-07-01
6794,Faizah Mandala,1997-04-28,Semarang,SME,2020-11-04
6795,Yunita Suryatmi,1996-09-24,Yogyakarta,Mass,2018-10-21
6796,Fitria Uyainah,1965-06-13,Medan,Mass,2025-08-13
6797,Mahesa Mansur,1986-11-01,Surabaya,Mass,2015-11-10
6798,Kasiran Permata S.T.,1992-06-12,Surabaya,Mass,2022-11-17
6799,dr. Radika Prasetya S.Kom,1974-01-30,Bandung,Priority,2018-09-27
6800,Drs. Warji Jailani,1970-11-14,Semarang,Mass,2010-03-13
6801,Latika Marbun,1989-09-02,Medan,Mass,2017-07-29
6802,Cindy Zulaika,1979-03-24,Yogyakarta,Mass,2025-08-09
6803,Fitria Nasyidah,1984-02-24,Bandung,Priority,2020-06-04
6804,Tgk. Najam Laksmiwati S.E.,1985-03-24,Medan,SME,2023-09-17
6805,Kayla Marbun,1980-09-03,Yogyakarta,Priority,2020-11-04
6806,R. Latika Rahmawati,1974-09-28,Jakarta,Mass,2024-08-06
6807,Taswir Prasetya,1962-11-20,Bandung,Mass,2011-06-30
6808,Paris Sudiati,1981-02-07,Semarang,Mass,2014-04-23
6809,Ir. Hairyanto Jailani S.H.,1991-01-22,Jakarta,Mass,2013-01-19
6810,Drs. Cici Purwanti S.Sos,1991-09-12,Jakarta,Priority,2016-08-03
6811,Karimah Dongoran,1973-09-16,Yogyakarta,Mass,2012-12-22
6812,Jindra Maryati S.T.,1992-12-19,Jakarta,Priority,2017-01-06
6813,Zizi Purwanti,1999-06-15,Bandung,Priority,2025-07-14
6814,Anita Suryatmi,1978-06-21,Bandung,Mass,2025-02-10
6815,Usyi Laksita,1979-06-18,Surabaya,SME,2017-01-05
6816,Ir. Edward Rajata S.H.,1999-12-29,Jakarta,Priority,2024-01-31
6817,Dagel Samosir,1973-01-06,Bandung,Mass,2016-01-09
6818,Leo Lazuardi M.TI.,1999-02-21,Bandung,Priority,2020-02-29
6819,Ir. Citra Kusumo M.Kom.,1961-05-19,Yogyakarta,Mass,2013-07-12
6820,Dr. Eli Hardiansyah,1960-04-29,Medan,Mass,2025-08-25
6821,Karman Sitorus,1975-09-30,Jakarta,Mass,2025-09-26
6822,R.A. Hasna Firgantoro,1979-02-06,Jakarta,SME,2024-09-29
6823,Salman Utama,1972-04-15,Medan,Priority,2010-03-08
6824,Hartana Samosir,1964-08-15,Semarang,Mass,2016-12-05
6825,Gamani Sihombing,1984-03-08,Yogyakarta,Mass,2023-11-28
6826,Cici Simbolon,1980-12-19,Surabaya,Mass,2010-11-15
6827,dr. Farah Kurniawan S.Kom,1966-01-08,Surabaya,SME,2016-09-24
6828,Ellis Utama M.Ak,1988-05-31,Jakarta,Mass,2023-12-27
6829,Rendy Andriani,1977-04-17,Yogyakarta,SME,2011-09-16
6830,Titi Novitasari,1988-11-03,Surabaya,Mass,2014-06-24
6831,Dasa Aryani,1971-12-26,Yogyakarta,Mass,2014-01-24
6832,Zizi Simanjuntak,1961-07-31,Bandung,Mass,2024-03-23
6833,Agus Safitri,1991-11-25,Semarang,Mass,2018-07-24
6834,Zulfa Maryadi,1986-11-29,Bandung,Mass,2013-11-20
6835,Zelaya Yuniar S.IP,1970-05-24,Semarang,Mass,2022-01-19
6836,Vera Irawan,1964-03-01,Yogyakarta,SME,2011-06-20
6837,Prayoga Thamrin,1987-04-24,Jakarta,SME,2025-03-07
6838,Jaga Winarno,1995-02-21,Bandung,Mass,2019-12-25
6839,Drs. Dewi Rahayu,1998-07-08,Surabaya,Mass,2018-03-04
6840,drg. Kanda Halim,1967-12-21,Yogyakarta,Mass,2021-06-29
6841,R. Usyi Kuswandari,1968-07-31,Surabaya,Priority,2014-07-10
6842,Empluk Tarihoran,1987-02-12,Bandung,Mass,2015-02-28
6843,Daryani Mulyani,1976-08-21,Yogyakarta,Mass,2012-04-19
6844,Dr. Sabri Tampubolon,2000-06-26,Surabaya,Priority,2025-05-03
6845,Elisa Mandala,1979-07-01,Surabaya,Mass,2018-02-13
6846,Puti Aryani,1992-08-18,Bandung,Mass,2023-03-23
6847,Amelia Simbolon,2002-05-18,Medan,Mass,2021-11-11
6848,Ir. Ophelia Agustina M.M.,1980-03-04,Bandung,Mass,2016-01-13
6849,drg. Estiono Salahudin,1985-11-28,Bandung,SME,2017-10-16
6850,R. Dina Lailasari S.Psi,1988-06-02,Medan,SME,2021-09-24
6851,Tgk. Opung Winarsih,1972-03-14,Yogyakarta,SME,2020-10-03
6852,Puput Usamah,1985-07-15,Medan,SME,2019-07-30
6853,Uchita Rahmawati,1972-09-16,Bandung,Mass,2017-04-30
6854,Karimah Simanjuntak,1997-08-28,Semarang,Mass,2025-04-23
6855,H. Saadat Susanti S.Pd,1971-08-08,Jakarta,Priority,2020-04-09
6856,Jefri Mahendra,1969-01-12,Jakarta,Priority,2010-02-07
6857,Raisa Lazuardi,1975-04-06,Bandung,Mass,2016-02-23
6858,Rosman Aryani,1969-07-09,Surabaya,Priority,2016-02-29
6859,Aisyah Mansur,1988-12-07,Yogyakarta,Mass,2019-01-06
6860,Cut Azalea Gunarto S.E.I,1979-04-11,Medan,Mass,2020-02-04
6861,T. Hardana Uyainah S.H.,1971-08-01,Jakarta,Mass,2020-04-01
6862,Hj. Gina Hidayanto,1980-07-10,Yogyakarta,Mass,2025-09-15
6863,Cahyadi Yuniar,1962-04-23,Surabaya,Priority,2011-11-28
6864,Puti Wirda Simbolon S.Psi,1963-08-16,Bandung,Priority,2010-08-04
6865,Daniswara Ardianto,1995-09-17,Jakarta,Mass,2023-09-30
6866,Jasmin Laksmiwati,1997-03-13,Semarang,Mass,2019-03-16
6867,Karman Putra,1960-01-01,Surabaya,Mass,2024-08-21
6868,Mahesa Anggraini M.Pd,1978-12-12,Yogyakarta,Mass,2010-06-13
6869,Elvina Zulaika S.IP,1989-09-14,Surabaya,Mass,2016-07-24
6870,Ilsa Suryono,1968-02-08,Surabaya,Priority,2014-08-02
6871,Drs. Paramita Susanti S.Sos,1987-05-24,Semarang,Mass,2024-05-07
6872,Rini Safitri,1960-11-01,Surabaya,Priority,2016-03-29
6873,Nurul Megantara M.Kom.,1988-12-18,Semarang,Mass,2017-07-08
6874,R.A. Lintang Hassanah M.M.,1995-06-25,Semarang,Mass,2018-08-11
6875,Icha Yuniar S.Farm,1966-02-01,Yogyakarta,SME,2025-12-20
6876,Pangeran Ardianto,1995-09-05,Jakarta,Mass,2023-05-31
6877,Ghani Mulyani,1986-05-14,Surabaya,Priority,2013-10-06
6878,Tiara Marbun S.I.Kom,1973-06-27,Bandung,Mass,2010-09-30
6879,Fathonah Hidayat,1998-07-18,Medan,Mass,2019-03-25
6880,Sutan Reksa Natsir,1979-03-11,Semarang,SME,2013-11-13
6881,Puji Kurniawan S.E.I,1983-01-24,Yogyakarta,Mass,2011-08-08
6882,Raihan Haryanto,1989-01-05,Medan,Mass,2016-06-13
6883,Daliono Sudiati,1998-07-21,Jakarta,Priority,2022-10-23
6884,Tomi Yuliarti,1974-06-29,Surabaya,Mass,2021-06-27
6885,Luis Samosir,1960-12-22,Bandung,Mass,2011-10-13
6886,Puti Almira Waluyo,1976-12-04,Surabaya,Mass,2023-06-26
6887,Ajeng Iswahyudi M.TI.,1989-02-02,Jakarta,Priority,2014-09-04
6888,Heryanto Saptono,2001-04-19,Surabaya,Mass,2024-12-07
6889,Endah Putra,1980-08-14,Medan,Mass,2017-11-09
6890,Puspa Hariyah S.I.Kom,1962-03-10,Semarang,Mass,2014-11-07
6891,Kasiran Marbun,1962-04-25,Yogyakarta,Mass,2014-05-11
6892,drg. Hadi Maryati S.Pt,1973-08-21,Surabaya,Mass,2025-04-02
6893,Jaga Nugroho S.E.,1971-07-31,Medan,Priority,2019-01-15
6894,Natalia Hariyah,1993-07-08,Bandung,Mass,2016-12-27
6895,Hana Tarihoran,1990-03-31,Bandung,Mass,2013-05-18
6896,Ir. Emas Laksmiwati,1990-06-27,Jakarta,Mass,2019-06-17
6897,Harjasa Mangunsong,1980-02-13,Jakarta,SME,2014-12-06
6898,Ir. Ami Simbolon S.E.I,1972-07-22,Semarang,Mass,2018-01-06
6899,Puti Oni Winarsih,1967-10-06,Semarang,SME,2025-02-22
6900,Mutia Wibowo M.Pd,1970-12-28,Semarang,Mass,2018-10-20
6901,Omar Jailani,1982-11-07,Medan,SME,2023-10-11
6902,Anastasia Pudjiastuti,1981-11-27,Surabaya,Priority,2021-02-14
6903,R. Tina Farida S.IP,1987-07-05,Yogyakarta,Mass,2016-02-12
6904,Jarwadi Natsir S.Pt,1972-10-17,Yogyakarta,Mass,2021-04-08
6905,Silvia Pratama,1975-11-20,Semarang,Priority,2014-04-08
6906,Ilyas Pratama,1999-05-24,Bandung,Mass,2017-09-08
6907,Hj. Restu Nashiruddin,1978-11-01,Semarang,Mass,2022-07-04
6908,Cut Jane Najmudin S.E.,1999-02-13,Jakarta,SME,2018-10-16
6909,Koko Purnawati,1978-11-23,Surabaya,Mass,2020-06-24
6910,R.A. Ulya Zulkarnain,1979-12-20,Bandung,Mass,2017-11-13
6911,Yahya Januar,1974-03-23,Bandung,Priority,2020-07-26
6912,Maria Simbolon M.Farm,1962-08-31,Medan,Mass,2023-12-14
6913,Manah Sihombing,1988-11-09,Jakarta,Mass,2026-02-04
6914,Kadir Pudjiastuti,1993-02-15,Semarang,Mass,2011-11-12
6915,Dasa Marbun,1992-07-25,Bandung,Mass,2021-11-27
6916,Safina Utama,1992-05-27,Surabaya,Mass,2016-04-18
6917,Hesti Permata M.Pd,1989-05-14,Semarang,Mass,2024-09-27
6918,Galuh Puspita,2002-10-14,Bandung,SME,2021-10-13
6919,Hasna Agustina,2002-03-26,Semarang,SME,2024-10-31
6920,Jindra Yuliarti,1990-08-30,Jakarta,SME,2025-01-19
6921,Unjani Lailasari,1971-09-03,Jakarta,SME,2020-06-17
6922,Caraka Wijaya,1993-01-19,Jakarta,Mass,2012-10-20
6923,Hilda Damanik,1996-07-21,Medan,SME,2021-06-10
6924,dr. Hana Ramadan,1996-12-25,Jakarta,Mass,2024-06-03
6925,Dr. Rahmi Latupono,1982-07-06,Medan,Priority,2022-09-25
6926,Tugiman Hassanah,1963-08-09,Medan,Mass,2011-12-12
6927,Ir. Maida Adriansyah,1982-07-15,Yogyakarta,SME,2014-10-28
6928,Kenzie Natsir,1978-01-08,Jakarta,Mass,2019-07-25
6929,Betania Marpaung,1981-02-05,Semarang,SME,2020-01-24
6930,Gamblang Prayoga,1988-11-01,Semarang,Mass,2024-07-13
6931,Umay Riyanti M.M.,1960-01-01,Yogyakarta,Mass,2016-04-18
6932,Dr. Viktor Mandasari S.IP,1978-06-18,Yogyakarta,Priority,2018-12-20
6933,Joko Simbolon,1984-07-24,Yogyakarta,Mass,2013-04-21
6934,Labuh Puspita,1991-12-09,Surabaya,Mass,2012-12-26
6935,Sutan Cager Maryadi,1986-04-17,Jakarta,Mass,2018-05-30
6936,Rosman Wulandari,1963-01-15,Yogyakarta,Mass,2016-03-12
6937,R. Cahyanto Utama S.Sos,1991-01-10,Jakarta,Priority,2015-03-12
6938,Widya Habibi M.Pd,1991-08-06,Semarang,Mass,2014-03-04
6939,Cawuk Firgantoro,1998-05-15,Surabaya,Mass,2016-07-20
6940,Eman Puspasari,1990-07-09,Medan,Mass,2015-06-06
6941,Rachel Hastuti,2001-01-10,Jakarta,Mass,2020-10-04
6942,Dr. Jono Purnawati,1963-01-06,Jakarta,Mass,2014-11-07
6943,Kamaria Pranowo,1961-06-12,Semarang,Mass,2016-11-30
6944,Ulya Wahyudin M.TI.,1969-07-25,Medan,SME,2022-05-18
6945,Fitria Prakasa,1980-05-09,Surabaya,Mass,2021-03-22
6946,Kasusra Wijaya S.Gz,1973-06-03,Bandung,Mass,2016-10-13
6947,KH. Paiman Gunarto S.Kom,1987-03-03,Surabaya,Mass,2015-11-21
6948,Estiawan Sihombing,1967-06-20,Bandung,Priority,2026-03-12
6949,Virman Wibisono,1988-12-08,Surabaya,SME,2015-01-23
6950,Bajragin Pertiwi M.Farm,2001-01-29,Semarang,Mass,2023-08-16
6951,Carla Haryanti,1981-06-28,Jakarta,Mass,2016-10-13
6952,Ganjaran Marpaung,1976-06-09,Medan,Priority,2011-09-18
6953,Teddy Pertiwi,1966-05-04,Medan,Mass,2017-12-20
6954,Puti Ayu Maryadi M.Farm,2000-05-27,Surabaya,Mass,2023-01-30
6955,Prayogo Rahmawati,1975-09-01,Medan,SME,2014-09-17
6956,Kamaria Wijayanti S.Ked,1976-05-10,Bandung,Priority,2024-04-21
6957,Gadang Napitupulu,1984-09-08,Surabaya,Mass,2023-07-06
6958,Ika Yolanda,1996-03-09,Medan,Mass,2015-06-22
6959,Drs. Febi Hakim M.Ak,1995-08-08,Bandung,SME,2015-04-17
6960,R.A. Agnes Permata S.Farm,2003-12-04,Surabaya,Mass,2024-01-06
6961,Chelsea Pranowo,1997-08-28,Jakarta,Mass,2025-08-04
6962,Lega Mandasari S.Pt,1993-12-30,Bandung,Mass,2025-11-27
6963,Puti Dalima Widodo,2002-04-11,Medan,Mass,2021-05-08
6964,Mahesa Maryadi,1994-03-10,Jakarta,Mass,2025-01-01
6965,Eka Latupono S.Kom,1992-11-06,Bandung,SME,2012-01-30
6966,Banara Haryanti,1996-09-28,Semarang,Mass,2020-07-09
6967,Nadia Wijayanti,1991-07-24,Bandung,Mass,2023-08-11
6968,Asmadi Latupono,1964-08-11,Medan,SME,2025-06-16
6969,Hj. Clara Latupono,1980-10-12,Jakarta,SME,2015-06-07
6970,Harjaya Waskita,1967-10-11,Medan,Mass,2011-06-03
6971,Cager Najmudin,2000-07-30,Surabaya,Mass,2020-09-24
6972,Banawa Safitri,1973-04-07,Jakarta,Mass,2019-01-03
6973,Ami Hassanah S.E.I,1974-11-28,Surabaya,Mass,2024-05-19
6974,Jasmin Wijayanti M.TI.,2002-09-18,Surabaya,Mass,2021-01-19
6975,drg. Wardi Prayoga S.Kom,1962-08-22,Surabaya,Mass,2016-11-22
6976,R.A. Ani Sihombing,1983-11-25,Yogyakarta,Priority,2011-12-22
6977,R.A. Mala Wibowo,1987-08-30,Surabaya,Mass,2019-02-19
6978,Fathonah Nasyiah,1989-10-08,Surabaya,Mass,2017-01-06
6979,Mitra Nugroho,1970-08-25,Surabaya,SME,2016-11-07
6980,Sadina Widiastuti,1965-05-14,Yogyakarta,SME,2022-07-11
6981,T. Prayoga Nurdiyanti S.IP,1986-07-06,Bandung,Mass,2012-03-16
6982,Prakosa Suryono,1998-06-22,Surabaya,Mass,2023-03-02
6983,Baktianto Iswahyudi,1978-09-14,Yogyakarta,Mass,2016-11-18
6984,Ayu Puspita,2001-02-24,Jakarta,Mass,2020-04-16
6985,Harto Utami M.TI.,2001-03-01,Yogyakarta,Mass,2023-06-10
6986,Virman Sirait,1964-03-08,Jakarta,SME,2010-05-22
6987,Cut Ratih Widiastuti S.Psi,1988-07-19,Bandung,Priority,2012-12-20
6988,Cakrawala Riyanti,1995-11-21,Semarang,Mass,2016-08-23
6989,Keisha Mahendra,1996-12-21,Bandung,Priority,2017-10-13
6990,Saadat Rahayu,1996-05-11,Surabaya,SME,2025-07-17
6991,Naradi Utama,1967-08-25,Semarang,SME,2024-08-02
6992,Tantri Wibowo,1994-12-12,Bandung,Mass,2021-06-27
6993,Puti Yessi Yolanda S.Ked,1988-04-28,Semarang,Mass,2016-01-29
6994,Sutan Nasrullah Widiastuti M.Farm,1993-06-14,Jakarta,Mass,2011-07-11
6995,dr. Dian Padmasari,1966-03-29,Yogyakarta,Priority,2024-11-06
6996,Yuni Budiyanto,1975-10-11,Bandung,Priority,2021-01-15
6997,R. Dartono Hasanah S.IP,1988-02-20,Jakarta,Priority,2020-03-23
6998,Enteng Nainggolan,1966-07-16,Jakarta,SME,2010-09-07
6999,Kani Pudjiastuti,1980-10-12,Medan,Mass,2015-12-30
7000,Puput Utama,1992-12-20,Surabaya,Priority,2013-11-05
7001,Ina Mustofa,1980-10-09,Bandung,Mass,2012-09-27
7002,Slamet Dongoran,1973-03-30,Bandung,SME,2017-07-04
7003,Citra Mangunsong,1974-11-09,Medan,SME,2025-03-08
7004,Caket Laksmiwati,1961-01-12,Bandung,SME,2025-11-05
7005,Indra Maheswara,1977-12-01,Semarang,Mass,2010-05-11
7006,Raisa Marpaung,1961-04-14,Bandung,Mass,2013-11-22
7007,Gina Puspita,1995-02-17,Surabaya,SME,2021-02-27
7008,Indah Halim,1980-03-27,Yogyakarta,SME,2018-12-14
7009,Liman Safitri,1961-11-13,Medan,Mass,2026-02-07
7010,Ilyas Hutasoit,1988-06-18,Yogyakarta,Mass,2021-04-10
7011,Maria Rahayu,1979-07-17,Yogyakarta,Mass,2018-10-18
7012,Hendri Pradana,2000-05-25,Surabaya,Priority,2022-09-30
7013,Budi Suryono,1979-05-09,Bandung,Mass,2013-01-07
7014,Ir. Warsa Kurniawan,1983-10-24,Medan,Mass,2021-05-29
7015,Jamalia Rajata,1975-08-04,Yogyakarta,SME,2019-07-19
7016,R. Yunita Usamah S.Ked,1987-12-19,Jakarta,Mass,2015-05-01
7017,Nardi Suwarno,2003-01-06,Semarang,Priority,2021-04-18
7018,Drajat Halim,1997-10-30,Jakarta,SME,2022-06-14
7019,Agus Susanti,1995-11-09,Medan,Mass,2018-03-08
7020,Latika Mandasari,1981-08-14,Surabaya,Priority,2023-03-20
7021,Hj. Mila Uwais,2000-06-26,Medan,Mass,2019-05-14
7022,Winda Samosir,1982-10-30,Bandung,Mass,2010-05-17
7023,Puti Kartika Handayani,1998-06-08,Medan,Priority,2022-04-07
7024,Hj. Victoria Tampubolon,1992-09-26,Medan,Mass,2016-03-28
7025,Intan Anggraini,1972-12-31,Jakarta,Mass,2016-11-28
7026,R. Hilda Ramadan M.Kom.,1971-08-24,Medan,Priority,2020-04-23
7027,Puti Dina Ramadan M.M.,1970-06-20,Semarang,Mass,2016-11-25
7028,Ade Kusumo,1986-05-26,Jakarta,SME,2018-01-15
7029,Kala Halim,1981-04-09,Yogyakarta,Mass,2014-10-28
7030,R. Raditya Mulyani S.IP,1974-11-12,Bandung,Priority,2014-12-16
7031,Daniswara Dongoran,1982-02-18,Medan,Mass,2010-03-06
7032,H. Prima Zulkarnain M.Pd,1994-01-19,Semarang,Priority,2023-08-20
7033,Baktianto Hartati,1993-07-24,Surabaya,Mass,2020-10-30
7034,Ika Iswahyudi,1966-09-11,Bandung,Mass,2023-04-20
7035,Elisa Anggraini,2002-02-17,Yogyakarta,Mass,2026-02-11
7036,Dt. Kenari Budiman,1983-07-29,Yogyakarta,Mass,2013-09-11
7037,R. Rosman Winarsih,1994-02-05,Medan,Mass,2014-07-27
7038,Melinda Kurniawan,1976-10-02,Jakarta,Mass,2014-09-14
7039,Lega Dabukke,1983-01-25,Semarang,Mass,2017-09-09
7040,Puti Jasmin Halim M.M.,1990-07-27,Semarang,SME,2019-06-23
7041,Daliman Melani,1982-07-15,Medan,SME,2010-06-01
7042,Hasan Hartati,1974-07-13,Bandung,Mass,2022-05-17
7043,Dirja Habibi,1992-12-04,Medan,Mass,2017-03-17
7044,Tania Pradana,1981-04-21,Bandung,Mass,2017-07-05
7045,Cindy Hardiansyah,1988-07-15,Jakarta,SME,2014-07-02
7046,Tgk. Karen Nuraini S.T.,2000-03-31,Yogyakarta,Priority,2022-02-05
7047,Ifa Pangestu,1986-11-25,Bandung,SME,2024-02-05
7048,dr. Cayadi Latupono S.Kom,1981-11-30,Medan,Priority,2016-02-28
7049,Agus Pratiwi,1963-11-26,Jakarta,Priority,2025-05-20
7050,Elvina Tampubolon,2003-07-18,Semarang,Priority,2024-06-25
7051,Dr. Murti Thamrin,1979-03-23,Surabaya,Priority,2019-12-15
7052,Maria Aryani,1965-04-14,Medan,Mass,2023-11-04
7053,Tgk. Najwa Dabukke,1975-01-04,Surabaya,Mass,2015-01-10
7054,Banawa Purwanti,1995-04-23,Jakarta,Priority,2020-06-07
7055,Ganda Napitupulu,1979-07-20,Jakarta,Mass,2016-12-20
7056,Rangga Pangestu M.Ak,1983-09-30,Semarang,Mass,2023-06-07
7057,Endah Farida,2000-12-23,Medan,SME,2019-07-11
7058,Zalindra Fujiati,1993-01-12,Bandung,Mass,2022-05-01
7059,Maya Maryadi,1977-10-06,Jakarta,Mass,2014-04-20
7060,Garan Padmasari,1985-10-26,Yogyakarta,Priority,2020-08-30
7061,Karna Permadi,2001-05-10,Bandung,Mass,2022-06-29
7062,R. Tira Kusmawati S.Ked,1994-01-22,Yogyakarta,Mass,2024-03-10
7063,Asmianto Santoso,1986-12-03,Semarang,Mass,2013-10-03
7064,Lidya Anggraini,1962-03-10,Yogyakarta,Mass,2022-09-25
7065,Galang Sitompul,1979-07-21,Yogyakarta,Mass,2024-09-08
7066,Lanjar Dongoran S.Pt,1996-02-01,Jakarta,Mass,2025-06-04
7067,R. Asirwanda Hassanah M.Farm,1968-10-25,Medan,Mass,2016-09-23
7068,Salwa Hastuti,1999-01-17,Semarang,Priority,2019-06-28
7069,Vino Ramadan,1995-08-23,Semarang,Mass,2025-06-13
7070,Ajimat Yolanda,1964-09-05,Surabaya,Mass,2017-10-04
7071,Restu Prakasa,1999-07-05,Surabaya,Mass,2017-09-02
7072,KH. Wardaya Puspasari,2000-01-13,Jakarta,Mass,2022-06-05
7073,Rizki Pratiwi,1981-09-25,Yogyakarta,SME,2015-12-30
7074,H. Sidiq Usamah S.T.,1988-05-23,Bandung,Mass,2025-09-17
7075,Cut Iriana Prayoga,1974-12-04,Semarang,SME,2014-08-17
7076,Nugraha Haryanto S.Psi,1987-12-29,Jakarta,Mass,2022-11-11
7077,R.M. Artanto Rajasa M.Ak,1991-11-16,Surabaya,Mass,2021-11-26
7078,Drs. Ani Rahmawati,2001-07-07,Medan,Mass,2021-03-22
7079,Septi Rahimah,1967-08-28,Surabaya,SME,2011-12-02
7080,Dr. Lala Sudiati M.TI.,1997-08-10,Bandung,Mass,2022-12-15
7081,Suci Prasetyo,1982-04-19,Surabaya,SME,2020-03-08
7082,Atmaja Napitupulu M.M.,1966-03-23,Bandung,Mass,2012-01-02
7083,Dr. Silvia Lazuardi,1971-08-27,Medan,Mass,2014-11-18
7084,drg. Kezia Suartini M.Pd,1988-10-07,Surabaya,Mass,2021-06-26
7085,Icha Jailani S.Farm,1960-02-11,Medan,Mass,2020-01-01
7086,Cinthia Maryadi,1997-04-14,Surabaya,Mass,2020-08-29
7087,Jayeng Suwarno,1991-04-07,Jakarta,Mass,2022-10-10
7088,Jayeng Kuswandari,1980-06-16,Surabaya,Mass,2020-11-02
7089,Tgk. Hilda Pradipta,1985-09-07,Yogyakarta,Mass,2025-03-13
7090,R. Vanesa Sinaga S.Farm,1995-08-05,Medan,Priority,2020-06-17
7091,Danu Mulyani,1969-03-29,Jakarta,Mass,2025-01-28
7092,Lantar Riyanti S.Pd,1987-10-22,Bandung,Mass,2022-02-22
7093,Ir. Calista Suryatmi,1994-02-02,Medan,Priority,2017-07-24
7094,Yani Budiman,1989-09-26,Semarang,Mass,2022-10-17
7095,Narji Saptono,1979-06-26,Semarang,Priority,2017-11-11
7096,Tasdik Astuti,2000-04-11,Semarang,Mass,2018-09-04
7097,Hj. Dina Dongoran S.Kom,1973-08-04,Surabaya,Priority,2023-09-29
7098,Anastasia Mulyani,1988-08-24,Bandung,SME,2016-11-11
7099,Yuliana Namaga,1984-02-02,Yogyakarta,Mass,2020-07-23
7100,R. Cici Irawan S.Farm,1998-07-27,Medan,Mass,2021-02-27
7101,Saadat Manullang,1992-07-24,Medan,Mass,2010-08-10
7102,Mulya Wahyuni S.Ked,1998-07-07,Semarang,Mass,2017-02-07
7103,Rangga Wijayanti S.T.,1973-05-21,Surabaya,Mass,2012-07-11
7104,Soleh Palastri,1980-10-21,Jakarta,SME,2020-06-19
7105,R. Daryani Uwais M.Ak,1962-02-21,Jakarta,SME,2012-06-18
7106,Drs. Rina Mayasari,1971-04-26,Semarang,SME,2020-05-15
7107,Drs. Ikin Maulana S.IP,1987-07-26,Bandung,Priority,2015-11-24
7108,Ibun Damanik,1971-10-09,Medan,Mass,2025-07-28
7109,Zalindra Nasyiah M.TI.,1975-10-22,Semarang,SME,2018-03-12
7110,Langgeng Siregar M.TI.,1977-12-31,Jakarta,Mass,2015-09-17
7111,Rahman Hidayanto,1989-01-27,Semarang,Mass,2024-03-20
7112,dr. Tugiman Rajata,1983-12-14,Yogyakarta,Mass,2017-05-17
7113,Patricia Mandala,1987-10-17,Surabaya,Mass,2024-12-02
7114,Prabu Lazuardi,1984-01-23,Surabaya,Mass,2018-03-24
7115,Kani Nurdiyanti,1997-05-30,Yogyakarta,Priority,2024-02-03
7116,H. Wira Pradipta,1981-10-19,Surabaya,SME,2023-05-30
7117,Dr. Ophelia Wahyudin,2001-08-16,Jakarta,Priority,2025-03-27
7118,Ajeng Namaga,1961-12-26,Medan,Priority,2013-06-26
7119,Aswani Dongoran,1988-03-04,Jakarta,Priority,2024-05-12
7120,Puput Gunawan,1967-07-09,Bandung,Priority,2015-05-07
7121,Nabila Simanjuntak,1995-04-22,Semarang,Mass,2020-01-24
7122,Salwa Iswahyudi,1980-11-09,Surabaya,Mass,2012-04-13
7123,R. Zaenab Nainggolan S.Sos,2003-10-09,Yogyakarta,Priority,2024-04-01
7124,Puti Ifa Riyanti,1992-09-21,Yogyakarta,Mass,2021-10-05
7125,Cornelia Yuliarti,2003-09-13,Jakarta,Mass,2023-04-26
7126,Bakiadi Manullang M.TI.,1985-08-27,Jakarta,Mass,2017-08-17
7127,Samiah Rahayu,1982-05-25,Surabaya,Priority,2016-05-10
7128,Widya Marbun,1961-08-30,Semarang,Mass,2012-10-01
7129,Hj. Lintang Purwanti,1996-12-27,Jakarta,Mass,2023-09-07
7130,R.M. Jaiman Wijaya,1975-08-10,Yogyakarta,Mass,2023-10-24
7131,Hj. Zizi Kuswandari,1993-12-31,Semarang,Priority,2014-05-04
7132,Makara Hardiansyah S.T.,1980-08-19,Yogyakarta,Mass,2022-11-06
7133,Lanjar Thamrin,1981-12-05,Semarang,Priority,2022-03-07
7134,Nasab Lazuardi,2002-05-09,Surabaya,Priority,2023-11-05
7135,Widya Irawan,2000-07-17,Jakarta,Priority,2020-04-12
7136,Drs. Indra Kusumo S.I.Kom,1985-12-09,Yogyakarta,Mass,2015-04-21
7137,Aurora Lailasari,1979-01-11,Semarang,Priority,2019-12-26
7138,Ir. Drajat Nugroho,1968-11-17,Semarang,SME,2019-08-11
7139,Intan Wulandari,1999-06-09,Surabaya,Priority,2024-12-23
7140,H. Kadir Puspita S.H.,1978-04-12,Semarang,Mass,2011-01-08
7141,Tari Waluyo,1965-12-16,Medan,Mass,2021-12-23
7142,Cici Haryanti,2003-05-18,Bandung,Priority,2022-07-24
7143,Hj. Salsabila Yuniar,1993-10-15,Medan,Mass,2016-02-15
7144,Elvina Siregar,1968-07-02,Medan,Mass,2011-01-22
7145,Arsipatra Suartini S.Farm,1967-05-26,Yogyakarta,Mass,2021-01-17
7146,Suci Suryono M.Ak,1970-03-03,Semarang,SME,2019-09-11
7147,Kiandra Palastri,1974-01-25,Yogyakarta,Priority,2020-10-05
7148,Najib Saptono,1978-07-28,Jakarta,SME,2019-11-27
7149,drg. Aisyah Santoso,1983-05-02,Bandung,Priority,2010-07-03
7150,Oni Saragih,1960-06-29,Jakarta,SME,2024-11-24
7151,Atmaja Handayani,1992-05-03,Surabaya,Priority,2015-06-12
7152,Candra Purwanti,1997-11-01,Medan,Priority,2019-11-30
7153,Ciaobella Winarno,1996-12-23,Medan,Mass,2015-07-13
7154,Capa Tamba,1968-02-21,Semarang,Mass,2025-01-05
7155,R.A. Yunita Usamah,1996-04-28,Yogyakarta,Priority,2020-03-29
7156,Ika Namaga,1966-05-07,Medan,Mass,2021-05-12
7157,R.M. Abyasa Mardhiyah,1964-08-25,Bandung,Priority,2011-12-26
7158,R.A. Hasna Nasyidah,1995-09-28,Jakarta,Mass,2017-06-15
7159,Patricia Mardhiyah,1967-06-19,Bandung,Priority,2017-03-25
7160,Luwes Gunarto,2001-05-31,Medan,Mass,2020-08-12
7161,Dina Rajata,1984-07-07,Bandung,SME,2022-09-24
7162,Natalia Maryadi,1998-10-22,Semarang,SME,2020-03-23
7163,Dr. Ibun Suartini M.Farm,1980-04-02,Yogyakarta,Priority,2015-12-04
7164,Irwan Damanik,2001-01-11,Yogyakarta,Mass,2023-03-11
7165,Puti Clara Salahudin,1990-10-16,Surabaya,Mass,2017-02-10
7166,Dariati Kusumo,1964-11-27,Jakarta,Priority,2021-09-06
7167,R.A. Kani Wijayanti,1989-11-11,Surabaya,Mass,2025-08-13
7168,Drs. Manah Marpaung S.Kom,2001-04-30,Bandung,Mass,2024-05-12
7169,Laila Kurniawan S.H.,1990-10-28,Bandung,Mass,2017-08-01
7170,Jaswadi Wasita,1997-01-11,Yogyakarta,Mass,2022-04-14
7171,Ganep Nashiruddin,1969-09-15,Yogyakarta,Mass,2019-12-21
7172,Artawan Rajasa,1995-01-01,Medan,Priority,2015-03-23
7173,Puti Melani,1998-08-31,Jakarta,Mass,2022-03-22
7174,Himawan Sitorus,1966-01-13,Jakarta,SME,2013-09-20
7175,H. Ajimin Marbun S.I.Kom,1989-09-09,Bandung,Mass,2021-09-18
7176,Umi Sihombing,1971-12-22,Jakarta,Mass,2011-05-04
7177,Dalima Saptono,1967-07-31,Bandung,SME,2022-02-24
7178,Latif Kuswoyo,1968-10-09,Medan,Mass,2010-01-14
7179,Jamalia Yulianti,2001-04-10,Semarang,SME,2022-07-11
7180,Teddy Nababan,1992-11-06,Jakarta,SME,2023-09-09
7181,Icha Saefullah S.Ked,1989-10-30,Semarang,Mass,2020-11-02
7182,Drs. Hamzah Wacana S.Pt,1970-08-22,Semarang,Mass,2020-06-06
7183,Usyi Laksmiwati,1976-09-27,Semarang,Mass,2010-01-22
7184,Bella Maryati S.E.I,1990-11-28,Yogyakarta,Mass,2011-06-23
7185,Hana Riyanti M.Pd,1982-05-20,Jakarta,Mass,2013-04-21
7186,Drs. Siti Gunarto,1997-12-05,Semarang,Mass,2021-09-14
7187,Dr. Yahya Adriansyah,1973-06-12,Medan,Mass,2012-04-23
7188,drg. Malika Puspasari S.E.I,1969-12-22,Bandung,SME,2011-01-02
7189,Empluk Hutapea,1967-04-05,Surabaya,Priority,2018-09-07
7190,Humaira Zulkarnain,1971-07-07,Semarang,Mass,2023-10-16
7191,R. Pandu Prasetyo,1986-05-31,Jakarta,Mass,2023-09-30
7192,dr. Sarah Nashiruddin S.Sos,1992-03-15,Bandung,Mass,2025-07-18
7193,Harimurti Saptono M.Pd,1977-05-10,Medan,Mass,2015-08-12
7194,Raisa Wijayanti,1992-04-07,Semarang,Priority,2026-03-03
7195,Drs. Reksa Prayoga,1973-05-20,Surabaya,Priority,2012-12-06
7196,Ratna Widodo M.Ak,1991-08-19,Semarang,Priority,2023-05-16
7197,drg. Galang Mayasari,1984-10-10,Yogyakarta,SME,2011-07-21
7198,Qori Saragih,1985-09-28,Bandung,Mass,2012-03-28
7199,Zelaya Iswahyudi S.Psi,1966-05-18,Semarang,Mass,2022-12-31
7200,Rini Rajata,1980-09-27,Bandung,Mass,2016-03-21
7201,Wani Wahyuni,2001-05-15,Jakarta,Mass,2022-02-14
7202,Balapati Maheswara,2000-06-06,Yogyakarta,Mass,2022-11-18
7203,R. Tantri Rahimah,2002-09-24,Semarang,Priority,2021-09-05
7204,Cemeti Hakim M.Kom.,1967-10-25,Semarang,Mass,2012-07-15
7205,Hilda Wibowo,1984-09-08,Medan,Mass,2025-11-16
7206,Aurora Tampubolon S.IP,1983-01-27,Bandung,SME,2010-03-27
7207,Jasmani Hutapea,1970-05-27,Surabaya,Mass,2014-06-19
7208,Sabrina Halim,1997-02-13,Bandung,Priority,2018-06-13
7209,Rafi Riyanti,1988-08-26,Jakarta,Mass,2011-11-09
7210,KH. Prasetya Puspita,1970-09-25,Jakarta,Mass,2017-04-26
7211,dr. Daniswara Andriani S.Psi,2001-03-11,Semarang,Mass,2022-01-09
7212,Hendra Yuliarti,1965-06-23,Bandung,Priority,2010-08-01
7213,Baktianto Mulyani,1962-02-10,Bandung,SME,2011-12-26
7214,Tgk. Jane Wahyudin,1968-06-30,Medan,Mass,2011-12-12
7215,Cut Kezia Laksita,2002-09-06,Medan,Priority,2024-03-24
7216,Asirwanda Dongoran,1985-12-08,Bandung,Mass,2010-04-08
7217,Hj. Sadina Pertiwi,1980-05-09,Semarang,SME,2012-03-29
7218,Yani Mansur,1998-06-11,Yogyakarta,Mass,2021-11-17
7219,Paris Prastuti,1975-06-30,Medan,Mass,2019-03-20
7220,Elma Hardiansyah,2000-01-26,Surabaya,Mass,2024-06-25
7221,Keisha Waluyo,2000-10-27,Jakarta,Mass,2023-02-03
7222,Saka Saefullah M.Pd,1971-05-14,Bandung,Priority,2022-02-17
7223,drg. Mala Mandasari,1984-11-27,Surabaya,Mass,2023-04-01
7224,Alika Simbolon,1977-04-11,Surabaya,Mass,2022-07-13
7225,dr. Eluh Marpaung S.Ked,1980-05-05,Semarang,Mass,2019-01-21
7226,Tgk. Iriana Anggraini S.I.Kom,1979-07-16,Jakarta,Mass,2011-05-12
7227,Usyi Handayani,1973-11-29,Yogyakarta,SME,2017-04-13
7228,Paulin Dabukke,1995-11-04,Yogyakarta,Priority,2024-01-13
7229,Dr. Violet Samosir,1997-10-20,Yogyakarta,Priority,2016-09-07
7230,Tgk. Yoga Prasetya S.Kom,1961-12-31,Bandung,Mass,2015-02-08
7231,Dr. Reksa Sudiati S.Ked,1995-06-29,Yogyakarta,SME,2022-11-26
7232,Diah Prasasta,1974-12-14,Surabaya,SME,2021-03-18
7233,dr. Hana Waskita S.Sos,1994-12-19,Surabaya,Mass,2012-12-16
7234,R.M. Sabar Usada S.E.,1998-07-10,Medan,Mass,2016-12-28
7235,dr. Gandi Siregar S.Gz,1992-07-15,Jakarta,Mass,2015-05-25
7236,Hasta Usamah,1977-05-11,Surabaya,SME,2010-06-10
7237,Rahmi Sudiati,1981-09-11,Semarang,Mass,2011-02-26
7238,Ghaliyati Habibi,1999-12-20,Medan,Priority,2021-12-28
7239,Marsito Wulandari,1996-01-04,Semarang,SME,2024-09-13
7240,Elisa Nashiruddin,1964-10-27,Semarang,SME,2011-02-24
7241,Cayadi Maryadi,1981-03-15,Surabaya,SME,2018-10-18
7242,Elvina Hartati,1973-01-02,Yogyakarta,Mass,2025-02-09
7243,Natalia Wahyuni,1980-09-10,Medan,Mass,2013-05-12
7244,Ira Wacana,1966-10-21,Semarang,Priority,2013-09-25
7245,Prakosa Sihotang,1973-04-12,Surabaya,Mass,2021-05-15
7246,Puti Kayla Dabukke,1961-02-09,Medan,Mass,2014-07-23
7247,Bahuwirya Nugroho,1971-07-26,Semarang,Mass,2025-05-15
7248,Titin Januar,1993-04-08,Jakarta,SME,2020-08-08
7249,Hardana Mardhiyah,1992-06-15,Yogyakarta,Mass,2023-09-05
7250,Tgk. Patricia Maryati S.Sos,1992-03-13,Jakarta,Mass,2019-05-01
7251,Adiarja Nasyiah,2001-10-13,Medan,Mass,2024-05-13
7252,Balangga Kusmawati,1994-06-06,Semarang,SME,2022-05-07
7253,Drs. Lala Laksmiwati,1986-09-28,Semarang,Mass,2018-05-27
7254,Nilam Purwanti S.E.I,1969-03-14,Medan,SME,2022-10-10
7255,Taufan Hutapea,1966-06-22,Bandung,Mass,2018-06-10
7256,Koko Riyanti,1968-03-29,Jakarta,Priority,2019-12-17
7257,Maimunah Budiman,1962-06-22,Bandung,SME,2019-10-27
7258,T. Ivan Mansur S.Farm,1965-10-31,Medan,Mass,2022-06-04
7259,T. Simon Marbun S.Farm,1989-08-20,Semarang,Mass,2010-09-24
7260,Cakrajiya Kusumo,2001-02-06,Surabaya,Mass,2020-12-20
7261,Asmadi Putra,1968-08-21,Bandung,Mass,2025-05-08
7262,T. Dartono Kuswandari,1969-09-03,Medan,SME,2023-11-01
7263,Ghaliyati Astuti,1972-07-22,Jakarta,Priority,2018-07-03
7264,Tami Rahmawati,1997-06-07,Semarang,Mass,2024-12-06
7265,Kiandra Nasyidah S.Gz,1991-09-30,Yogyakarta,SME,2015-01-31
7266,Puspa Tampubolon,1987-06-14,Yogyakarta,Mass,2017-09-17
7267,Hj. Ella Uwais S.T.,1979-08-19,Semarang,Mass,2022-01-22
7268,R.M. Galak Mahendra,1986-11-10,Jakarta,Mass,2016-11-07
7269,Mumpuni Puspita,1970-11-16,Yogyakarta,SME,2020-10-26
7270,Umi Pradipta M.TI.,1995-03-27,Surabaya,Mass,2021-10-19
7271,Hafshah Tarihoran,1975-02-01,Medan,Mass,2016-06-11
7272,KH. Wasis Santoso S.Gz,1971-01-03,Jakarta,SME,2012-05-23
7273,Murti Aryani,1993-10-18,Jakarta,Mass,2023-06-15
7274,Ina Yolanda,1975-09-14,Bandung,Mass,2016-12-22
7275,Irma Yulianti,1974-07-14,Semarang,Mass,2015-07-22
7276,Jessica Maulana,2003-07-16,Surabaya,Mass,2022-04-07
7277,R.A. Zulfa Hutagalung S.IP,1981-07-07,Semarang,Mass,2022-07-01
7278,Warsa Nababan,2003-02-02,Medan,Mass,2023-07-31
7279,Warji Hassanah,1968-02-04,Bandung,Priority,2010-12-11
7280,Vera Nasyiah,1967-07-28,Bandung,SME,2012-09-29
7281,Dr. Sabrina Safitri,1961-07-14,Medan,SME,2012-02-02
7282,Yulia Hutasoit M.M.,1985-02-16,Semarang,SME,2019-01-01
7283,Vicky Widodo,1994-10-17,Yogyakarta,Mass,2025-09-18
7284,Sutan Dimaz Widiastuti S.Pd,1985-05-20,Semarang,Mass,2021-10-06
7285,Maras Wastuti S.E.,1982-04-18,Yogyakarta,Mass,2014-07-21
7286,Ella Dabukke,1996-02-19,Medan,Mass,2021-01-25
7287,Taswir Puspita,1967-10-16,Jakarta,Mass,2022-12-04
7288,dr. Mahdi Narpati,1985-11-25,Surabaya,Mass,2018-10-19
7289,Puti Nabila Thamrin S.Ked,1960-05-16,Bandung,Priority,2015-04-05
7290,Kemba Halim S.Pt,1984-12-21,Jakarta,Mass,2021-05-12
7291,drg. Hilda Gunarto,1974-07-17,Yogyakarta,Mass,2011-10-06
7292,Julia Usada,1981-11-15,Surabaya,Priority,2017-01-01
7293,Anggabaya Winarno,2002-02-13,Bandung,Priority,2020-05-05
7294,R.A. Jane Palastri,1993-09-27,Jakarta,Priority,2011-10-22
7295,R.M. Emas Oktaviani,1976-03-09,Surabaya,SME,2016-09-03
7296,Gamblang Pradana,1977-11-13,Medan,Mass,2016-03-06
7297,Amalia Firgantoro,1989-07-16,Jakarta,Mass,2025-08-13
7298,Hj. Ulya Jailani M.TI.,1978-03-15,Bandung,SME,2019-04-24
7299,Nasrullah Widodo,1989-03-02,Jakarta,Mass,2010-05-27
7300,Nabila Mayasari,1990-07-18,Medan,Mass,2025-04-07
7301,Oliva Hidayat,1967-08-30,Bandung,SME,2011-02-21
7302,drg. Jelita Natsir S.T.,1962-06-26,Medan,SME,2020-10-17
7303,Hamima Winarsih,1973-02-10,Bandung,Mass,2022-03-06
7304,Hana Saptono,2003-05-28,Medan,SME,2023-06-24
7305,Anastasia Nasyidah,2000-06-18,Yogyakarta,Mass,2021-02-12
7306,Reza Nasyidah,1983-12-29,Yogyakarta,Mass,2025-11-11
7307,Shakila Haryanto,1995-09-09,Surabaya,Mass,2015-08-25
7308,Rahmi Safitri,1966-11-20,Bandung,Mass,2015-02-20
7309,Ihsan Puspasari,1972-01-07,Medan,Mass,2024-11-19
7310,Aditya Yuniar,1987-11-08,Semarang,Mass,2024-03-23
7311,Martana Winarsih S.Psi,1961-12-26,Jakarta,Mass,2026-03-15
7312,Margana Riyanti,1987-05-01,Yogyakarta,Mass,2020-11-03
7313,Cakrajiya Nasyiah,1965-10-16,Jakarta,Mass,2017-11-10
7314,Olivia Mulyani,1965-05-06,Bandung,Mass,2022-08-12
7315,Dodo Nasyiah S.Sos,1965-08-31,Bandung,Priority,2015-05-06
7316,Drs. Kasim Prastuti S.Farm,1980-03-08,Surabaya,Mass,2010-01-31
7317,Drs. Oliva Mangunsong,1993-10-26,Medan,Mass,2022-06-30
7318,H. Liman Halim S.Pd,1986-08-14,Surabaya,Mass,2012-04-24
7319,Novi Prastuti,2000-10-02,Surabaya,Priority,2022-11-29
7320,Diana Kuswandari S.IP,1979-04-05,Medan,Priority,2014-09-25
7321,Zalindra Hartati,1972-09-01,Bandung,SME,2023-06-29
7322,Cahyo Ramadan S.Sos,1974-12-29,Surabaya,Priority,2020-04-22
7323,Argono Irawan,1995-07-07,Bandung,Mass,2020-06-12
7324,Ir. Puput Wibowo S.T.,1997-01-31,Medan,Mass,2017-09-28
7325,Embuh Mustofa,1965-11-04,Medan,Mass,2017-10-04
7326,Radika Puspita,1970-08-31,Jakarta,Mass,2025-07-18
7327,Darmanto Rahayu M.M.,1985-10-18,Yogyakarta,Mass,2020-07-15
7328,Karma Prakasa,1979-06-24,Semarang,Mass,2025-11-20
7329,Kasim Jailani,1973-04-29,Yogyakarta,Mass,2014-04-16
7330,Balidin Yuliarti,1999-08-16,Surabaya,Priority,2021-06-14
7331,Kunthara Mandasari S.Ked,1983-04-11,Bandung,Mass,2021-02-10
7332,Yuliana Manullang,1976-03-26,Jakarta,Mass,2020-09-08
7333,R.A. Ellis Maryati,1993-10-05,Bandung,SME,2018-08-23
7334,Drs. Alika Permata M.Pd,1989-01-18,Bandung,Mass,2010-12-19
7335,Caturangga Maulana,1962-02-07,Surabaya,SME,2015-01-29
7336,Artawan Latupono,1960-11-03,Surabaya,Mass,2024-05-15
7337,Cengkal Pradana,1986-01-26,Jakarta,Priority,2019-05-24
7338,Tirtayasa Adriansyah,1985-06-17,Jakarta,Mass,2016-06-09
7339,Atma Nurdiyanti,1991-05-10,Semarang,Mass,2017-12-12
7340,Malika Fujiati,1965-09-19,Bandung,Mass,2016-06-17
7341,Calista Gunawan,1965-08-24,Surabaya,Mass,2018-03-18
7342,Kacung Usamah,1969-11-26,Medan,Mass,2019-04-03
7343,Hj. Puti Wastuti,1994-02-10,Yogyakarta,SME,2013-12-29
7344,Tina Winarno,2003-09-18,Jakarta,Priority,2022-01-11
7345,Adikara Pudjiastuti,1980-12-08,Jakarta,SME,2015-06-04
7346,Rendy Sihombing,1993-09-27,Bandung,Priority,2022-01-17
7347,Hardana Winarno,1973-12-09,Surabaya,Mass,2011-06-24
7348,R. Edward Halim S.H.,1978-11-21,Jakarta,SME,2022-10-27
7349,T. Wisnu Simanjuntak,1962-12-13,Surabaya,Mass,2021-09-13
7350,Dimaz Yuniar S.Pt,1995-10-05,Bandung,SME,2018-09-28
7351,Drs. Usyi Hardiansyah,1983-08-30,Semarang,Priority,2016-02-14
7352,drg. Enteng Andriani M.Pd,1967-01-31,Medan,Priority,2022-11-26
7353,Cahyo Nababan S.Psi,1994-03-07,Medan,Mass,2019-05-31
7354,Laila Rahmawati,2000-11-21,Semarang,Priority,2024-04-10
7355,Zahra Wastuti,1975-10-31,Medan,Mass,2015-08-04
7356,R. Anom Adriansyah S.Kom,1967-06-15,Bandung,Priority,2019-09-04
7357,Vera Budiyanto M.M.,1992-09-06,Semarang,Mass,2015-12-20
7358,drg. Elvina Adriansyah S.I.Kom,1992-04-13,Bandung,Mass,2014-10-26
7359,Tgk. Julia Rahmawati S.Sos,1985-10-11,Yogyakarta,SME,2010-11-07
7360,Zahra Hutagalung,1979-05-24,Semarang,Mass,2016-09-28
7361,Ayu Gunawan,1973-12-25,Bandung,Mass,2016-10-02
7362,Mala Winarsih,1971-03-10,Surabaya,Mass,2025-10-29
7363,Lintang Santoso,2002-02-02,Yogyakarta,SME,2020-08-31
7364,Bagya Budiman,1988-10-07,Jakarta,Mass,2015-07-30
7365,Hartana Uwais S.Pd,1986-11-08,Yogyakarta,Priority,2013-03-22
7366,Puti Titin Iswahyudi S.H.,1992-12-15,Semarang,SME,2020-08-26
7367,Ade Hassanah,2002-06-09,Medan,Mass,2022-12-11
7368,Tgk. Baktianto Wacana,1990-09-05,Semarang,Mass,2022-11-20
7369,Ir. Hasna Safitri,1974-05-01,Yogyakarta,Priority,2014-10-03
7370,Azalea Nurdiyanti,1998-10-22,Yogyakarta,Mass,2018-11-06
7371,Cut Kartika Purwanti,1981-01-10,Yogyakarta,Mass,2022-07-07
7372,Sutan Irfan Andriani M.Pd,1968-11-20,Medan,Mass,2015-07-26
7373,Emil Puspasari,1971-01-17,Semarang,Mass,2010-06-11
7374,Harja Nasyidah,1971-02-24,Yogyakarta,Mass,2024-02-10
7375,Qori Pratiwi M.Ak,1970-04-26,Surabaya,Mass,2019-06-29
7376,Endah Wibisono,1966-11-04,Semarang,SME,2016-07-29
7377,Dr. Violet Budiman,1988-06-01,Medan,Mass,2022-10-14
7378,Sutan Kayun Astuti,1967-01-20,Bandung,Mass,2011-03-27
7379,Dr. Karma Usada,1974-07-17,Semarang,Mass,2011-08-18
7380,Puti Nadine Nuraini,1996-11-06,Surabaya,Mass,2017-10-18
7381,Mitra Yuniar M.Kom.,1981-11-12,Jakarta,Mass,2025-11-23
7382,Drs. Bagya Utama S.Ked,1974-07-18,Semarang,Mass,2021-12-26
7383,Wani Rahayu,2002-11-19,Yogyakarta,SME,2022-05-14
7384,Elvina Tarihoran,1972-04-06,Bandung,SME,2013-05-29
7385,Zulfa Hutagalung,1990-04-13,Surabaya,Mass,2016-09-16
7386,Dr. Keisha Damanik,1963-07-13,Medan,Mass,2023-04-26
7387,Rina Prakasa S.E.I,1998-05-23,Bandung,Mass,2017-05-11
7388,Wardaya Irawan,1995-12-03,Semarang,Priority,2014-09-15
7389,Irfan Tamba,1986-04-21,Bandung,SME,2012-01-17
7390,Zizi Usamah,2000-07-10,Surabaya,Priority,2018-10-01
7391,Drs. Kurnia Nashiruddin,1992-09-16,Surabaya,Mass,2026-02-20
7392,Amalia Sihombing,2001-10-15,Medan,Priority,2020-07-17
7393,Kadir Ardianto,1964-12-08,Yogyakarta,Mass,2017-06-22
7394,Drs. Gading Mandala S.Pt,1976-01-21,Jakarta,SME,2021-02-16
7395,drg. Gatra Sitorus M.TI.,1979-05-22,Bandung,SME,2015-03-05
7396,Devi Haryanti,1989-02-19,Surabaya,Mass,2012-12-12
7397,Mutia Siregar,1997-09-03,Semarang,Mass,2024-06-13
7398,Cornelia Winarsih S.E.I,1966-01-06,Yogyakarta,Priority,2011-09-02
7399,Ida Winarno,1989-06-23,Yogyakarta,Mass,2018-03-07
7400,R. Violet Hutagalung,1965-11-23,Jakarta,Mass,2010-03-17
7401,Kemba Wulandari,1974-01-09,Surabaya,Mass,2010-12-07
7402,Ir. Kusuma Maulana S.T.,1987-03-26,Yogyakarta,Mass,2022-08-12
7403,Lulut Rahayu,1989-12-12,Semarang,Mass,2024-08-17
7404,Dina Fujiati,1999-05-09,Surabaya,Mass,2018-03-16
7405,Elma Marpaung,1991-01-27,Jakarta,SME,2019-06-23
7406,Luhung Kuswandari,1961-11-19,Jakarta,Mass,2023-04-19
7407,Oliva Rahmawati,2001-02-09,Semarang,Priority,2022-04-15
7408,Ihsan Habibi,1992-11-12,Medan,Mass,2015-09-16
7409,H. Teguh Saptono S.I.Kom,1983-07-11,Medan,Mass,2021-03-26
7410,Diah Jailani,1969-04-16,Surabaya,Priority,2010-11-10
7411,Drs. Jelita Zulaika S.Pd,1989-06-12,Semarang,SME,2012-07-27
7412,Nova Gunawan,1983-06-17,Semarang,SME,2012-07-21
7413,Maya Mayasari,1991-09-30,Yogyakarta,Mass,2022-01-06
7414,Ade Permata,1996-08-29,Semarang,SME,2022-07-27
7415,Budi Utama,1975-09-21,Jakarta,Priority,2024-01-30
7416,Yance Adriansyah,1974-12-26,Medan,Mass,2018-12-23
7417,Ratih Budiyanto S.Gz,1977-01-20,Bandung,Mass,2020-09-25
7418,Laswi Wacana,1981-06-29,Yogyakarta,Mass,2013-07-02
7419,Wahyu Siregar,1992-06-23,Medan,Mass,2024-10-12
7420,Ika Habibi,2002-04-30,Semarang,Mass,2023-07-28
7421,Ella Prabowo,1980-07-19,Surabaya,Mass,2014-09-23
7422,R. Indah Halimah S.E.,1980-11-27,Bandung,Priority,2021-07-27
7423,R.M. Vega Purwanti,2003-01-14,Bandung,Mass,2024-01-06
7424,dr. Tantri Setiawan,1987-01-29,Medan,Priority,2019-12-12
7425,Asmianto Irawan,1985-07-21,Jakarta,Priority,2018-04-30
7426,Putri Yulianti,2003-10-28,Medan,Mass,2023-05-27
7427,Drs. Elvina Marpaung S.T.,1980-09-12,Surabaya,Mass,2011-10-13
7428,Mila Permadi S.Pt,1985-04-24,Semarang,Mass,2010-10-17
7429,Hari Hidayanto,1992-06-10,Semarang,Mass,2019-10-20
7430,Puput Wahyudin,1975-02-22,Jakarta,Mass,2021-01-08
7431,Jaya Haryanto,1975-11-23,Jakarta,Mass,2019-09-02
7432,Panji Tampubolon,1995-09-09,Semarang,Mass,2021-11-14
7433,Ir. Nalar Halim,1971-03-02,Medan,Mass,2012-01-03
7434,Bambang Permata,1989-06-01,Bandung,Mass,2019-11-05
7435,Ade Suryatmi,1960-09-23,Jakarta,Mass,2026-02-22
7436,Surya Hariyah,1997-06-13,Semarang,Mass,2019-04-26
7437,R. Rahman Wahyuni S.Pt,1970-10-10,Yogyakarta,Mass,2020-07-14
7438,Fitria Aryani,1960-10-28,Bandung,Mass,2025-03-09
7439,Pangeran Gunawan,1990-11-03,Semarang,Mass,2022-07-01
7440,Karen Pradana M.M.,1997-08-30,Jakarta,Mass,2020-04-23
7441,Rizki Purnawati,1981-07-21,Bandung,Mass,2025-02-06
7442,Daliono Gunawan,1966-06-10,Yogyakarta,Mass,2015-11-22
7443,Jail Hidayanto,2002-11-07,Surabaya,Mass,2025-06-04
7444,dr. Lega Sihotang S.Ked,1989-07-10,Surabaya,Mass,2011-04-19
7445,Yahya Laksmiwati,1982-10-03,Jakarta,Priority,2026-02-23
7446,Tira Yolanda,2001-03-13,Bandung,Mass,2025-05-11
7447,Tomi Mayasari,1978-01-03,Semarang,Mass,2024-02-26
7448,Tgk. Putri Simbolon,1981-06-15,Surabaya,Mass,2013-01-11
7449,Ida Pradana S.E.I,1969-08-16,Bandung,Priority,2010-04-19
7450,Drs. Karman Hastuti S.Farm,1971-02-27,Bandung,Priority,2021-10-20
7451,Drs. Queen Prabowo,1961-03-26,Medan,Mass,2010-09-03
7452,drg. Jelita Mustofa M.Ak,1974-01-13,Medan,Mass,2013-07-13
7453,Indah Halimah,1960-10-17,Yogyakarta,SME,2021-01-11
7454,R. Hendri Irawan M.Ak,1964-10-08,Medan,Mass,2019-10-26
7455,H. Kamidin Megantara M.Kom.,1978-07-07,Surabaya,Mass,2017-01-17
7456,Reksa Saragih,1966-11-05,Medan,Mass,2021-06-26
7457,Dr. Bakda Prabowo S.Pt,1976-02-11,Medan,Mass,2012-03-28
7458,Eka Sitorus,1967-01-12,Surabaya,Mass,2013-04-05
7459,Candra Thamrin,1988-05-05,Jakarta,Mass,2019-01-25
7460,Dr. Mujur Suryatmi S.Sos,1961-09-04,Bandung,SME,2012-11-28
7461,Mahdi Najmudin,1961-09-30,Semarang,Priority,2018-05-08
7462,Jarwa Sihombing,1998-04-08,Jakarta,Mass,2025-10-06
7463,Teguh Tarihoran,1989-07-28,Medan,Mass,2018-04-11
7464,Hamima Novitasari,1997-01-20,Jakarta,SME,2017-12-25
7465,Sutan Gandi Maryadi S.Farm,1967-06-12,Jakarta,Mass,2021-05-15
7466,Dt. Halim Saputra,1978-01-21,Jakarta,Priority,2019-09-04
7467,dr. Aris Aryani,1998-02-13,Bandung,Mass,2018-02-14
7468,Febi Rahmawati,1983-08-25,Surabaya,Priority,2022-05-30
7469,Sutan Nasim Ramadan,1988-06-23,Jakarta,Mass,2023-10-11
7470,Puput Mardhiyah,1995-11-14,Semarang,Mass,2018-03-14
7471,Kuncara Sihombing,1981-03-31,Medan,Mass,2018-10-08
7472,Galiono Pradana,1996-05-07,Surabaya,Mass,2020-08-27
7473,Wirda Usamah,1966-06-29,Surabaya,Priority,2013-08-04
7474,Tgk. Latika Mandala M.Pd,1971-04-06,Medan,SME,2022-01-14
7475,Gamblang Sitorus,1992-06-26,Bandung,SME,2012-01-20
7476,Ivan Handayani,1980-09-21,Surabaya,Mass,2011-09-22
7477,Tiara Hardiansyah,2002-04-20,Jakarta,SME,2021-02-10
7478,Karen Hassanah,1991-03-13,Semarang,Priority,2013-06-03
7479,dr. Kamila Hutapea,1986-05-04,Surabaya,Priority,2012-09-24
7480,Lala Manullang,1994-03-11,Yogyakarta,Mass,2017-10-02
7481,Karya Najmudin,1977-03-10,Jakarta,Mass,2011-11-30
7482,Yunita Anggriawan M.Ak,1999-03-06,Medan,SME,2022-10-14
7483,Kayun Sitorus,1997-04-08,Medan,Priority,2016-05-25
7484,Tgk. Balamantri Gunarto M.Kom.,1965-08-13,Semarang,SME,2017-01-27
7485,Naradi Saragih S.Ked,1986-11-18,Surabaya,Priority,2013-03-17
7486,Limar Jailani S.H.,1985-02-16,Yogyakarta,Priority,2022-05-21
7487,Wasis Hutasoit,1962-11-04,Bandung,Mass,2011-01-06
7488,Jail Mayasari,1964-03-07,Jakarta,Mass,2014-06-11
7489,Cinta Rahimah,2002-05-04,Surabaya,Mass,2021-06-27
7490,Ajiman Megantara S.Psi,2001-05-04,Yogyakarta,Priority,2020-04-15
7491,T. Niyaga Handayani S.Sos,1974-02-14,Jakarta,Mass,2024-04-08
7492,Mahfud Nugroho,1989-12-26,Surabaya,Mass,2010-01-19
7493,Mahesa Dongoran,1982-07-14,Semarang,Mass,2018-02-06
7494,Tina Safitri,1995-07-18,Semarang,Mass,2014-08-08
7495,Gina Sihotang,1989-08-18,Semarang,Mass,2021-04-16
7496,Tgk. Tami Hutasoit S.E.,1960-12-22,Jakarta,Mass,2014-06-10
7497,Tugiman Hutasoit,2000-11-02,Surabaya,Mass,2023-03-13
7498,Cahya Najmudin M.M.,2002-06-14,Semarang,Mass,2022-02-23
7499,Violet Pratiwi,1986-11-24,Jakarta,Mass,2016-01-11
7500,Almira Anggriawan,1961-03-23,Bandung,SME,2014-12-28
7501,Satya Agustina,1971-11-29,Medan,Priority,2015-10-17
7502,KH. Naradi Hardiansyah S.Pt,2001-04-26,Semarang,Mass,2025-03-12
7503,Carla Sirait,1971-01-28,Jakarta,Priority,2023-08-25
7504,Setya Najmudin,1993-07-17,Surabaya,Mass,2025-04-27
7505,Wirda Yolanda,1978-02-22,Jakarta,Mass,2016-09-27
7506,Mahfud Rahmawati S.T.,1960-10-04,Bandung,Mass,2015-01-11
7507,Siska Safitri,1975-09-23,Jakarta,Priority,2015-03-30
7508,Ami Farida,1962-01-15,Semarang,SME,2017-10-19
7509,Aurora Lailasari,1970-10-30,Yogyakarta,SME,2011-12-19
7510,Prakosa Handayani,1961-03-14,Medan,Mass,2021-12-22
7511,Fitriani Mustofa M.M.,1973-03-31,Jakarta,Mass,2019-02-17
7512,Drs. Alika Thamrin,1977-10-08,Semarang,SME,2010-11-03
7513,Uli Rahayu S.I.Kom,1962-10-03,Semarang,Mass,2016-04-20
7514,Alambana Pradipta S.Pt,1977-12-10,Medan,Mass,2020-05-28
7515,Adika Wijaya,1976-12-24,Yogyakarta,Mass,2024-04-03
7516,Shania Oktaviani,1986-07-04,Medan,Mass,2016-02-04
7517,Gadang Budiman,1980-12-17,Yogyakarta,Mass,2010-04-10
7518,Muhammad Prastuti,1961-02-19,Semarang,Priority,2011-03-15
7519,Ade Setiawan,1993-10-19,Semarang,Mass,2013-05-25
7520,Dian Firmansyah,1989-04-30,Surabaya,Mass,2020-10-11
7521,Ikhsan Gunawan,1986-09-17,Bandung,Priority,2014-06-05
7522,Drs. Nalar Suryono,1979-12-03,Jakarta,Mass,2021-11-02
7523,Bagus Namaga,1979-11-04,Medan,Priority,2012-05-23
7524,Sari Susanti,1997-04-29,Jakarta,Mass,2015-11-24
7525,Yahya Prasetya,1967-08-20,Surabaya,Mass,2012-01-31
7526,Gandi Susanti M.Ak,2002-05-19,Surabaya,SME,2024-05-13
7527,Yosef Palastri,1980-01-31,Bandung,Mass,2016-04-07
7528,Jelita Prasasta,1989-09-10,Surabaya,Priority,2021-08-22
7529,Silvia Purnawati,1991-06-17,Surabaya,SME,2017-09-06
7530,Dalima Gunawan,1985-06-16,Semarang,Priority,2012-06-11
7531,Kayla Hidayanto,1996-09-19,Yogyakarta,Mass,2019-06-10
7532,Asmuni Wasita,2000-09-05,Jakarta,Mass,2018-09-06
7533,Qori Permata,1986-03-06,Semarang,Priority,2014-01-15
7534,Margana Budiyanto,1969-08-14,Semarang,Priority,2026-02-18
7535,Queen Aryani,1981-06-04,Semarang,Mass,2024-07-11
7536,Drs. Almira Hidayanto M.Pd,1969-09-16,Surabaya,Priority,2022-09-27
7537,Tina Farida,1972-03-31,Semarang,Priority,2021-05-12
7538,Hani Gunawan,2001-09-04,Yogyakarta,Priority,2021-11-11
7539,H. Umar Permadi M.Kom.,1997-12-09,Semarang,SME,2021-10-28
7540,T. Marsito Zulaika,1970-12-05,Bandung,SME,2023-12-12
7541,Nasrullah Pratama,1996-06-04,Medan,Mass,2023-02-11
7542,Dagel Purnawati S.Pd,1971-09-12,Jakarta,SME,2025-09-24
7543,Ratna Wahyudin,1972-04-07,Bandung,Priority,2022-12-06
7544,R.A. Ayu Adriansyah S.Sos,2001-02-24,Semarang,Mass,2025-12-19
7545,Michelle Waluyo,1979-04-23,Surabaya,Mass,2010-02-18
7546,R.M. Gandewa Simbolon S.Ked,1964-07-17,Bandung,SME,2020-09-18
7547,Caraka Usada,1987-04-02,Jakarta,SME,2012-10-23
7548,Yance Anggriawan,1977-06-06,Surabaya,Mass,2013-01-21
7549,Jumadi Prabowo,1984-12-30,Bandung,SME,2023-09-26
7550,Iriana Rajasa,1993-08-24,Semarang,Mass,2017-07-13
7551,Uda Wijaya,1996-10-06,Jakarta,Mass,2024-10-17
7552,Edison Kurniawan,1989-09-21,Yogyakarta,Mass,2024-02-04
7553,Paulin Rajasa,1997-12-28,Bandung,Mass,2025-10-11
7554,Lamar Halim,1971-03-28,Bandung,Mass,2024-11-01
7555,Cengkir Wijayanti M.Farm,1992-06-27,Semarang,Mass,2022-08-10
7556,Victoria Maryadi S.H.,2003-04-13,Surabaya,Mass,2022-02-11
7557,Sutan Gaiman Sitompul S.IP,1997-05-26,Yogyakarta,Mass,2024-12-10
7558,Aditya Firmansyah,1987-11-11,Semarang,SME,2013-11-23
7559,Cut Syahrini Andriani,1962-02-23,Jakarta,Priority,2024-12-15
7560,Hj. Aurora Tamba S.H.,1989-12-05,Jakarta,Priority,2011-03-30
7561,Makuta Namaga,1963-04-24,Jakarta,SME,2019-04-25
7562,dr. Kajen Ramadan,1968-08-20,Surabaya,Priority,2022-08-08
7563,Aditya Maryadi,1988-02-12,Jakarta,Mass,2021-07-14
7564,Bakidin Winarno,1998-05-16,Jakarta,Mass,2018-12-13
7565,Maimunah Prasetya,1982-12-19,Yogyakarta,Priority,2013-02-20
7566,R.M. Latif Ardianto S.Pd,1998-04-17,Yogyakarta,SME,2019-09-04
7567,Gandewa Hasanah S.Psi,1988-01-05,Yogyakarta,Priority,2011-02-24
7568,Drs. Kala Palastri M.M.,1998-04-01,Semarang,Mass,2020-10-10
7569,Zamira Pratiwi,2001-10-24,Jakarta,Mass,2022-03-31
7570,R. Clara Narpati M.Farm,1971-10-09,Jakarta,Mass,2021-11-14
7571,Rika Anggraini S.Pd,2002-07-22,Yogyakarta,SME,2023-04-16
7572,Harto Gunawan,2003-06-27,Yogyakarta,Mass,2023-04-02
7573,Xanana Permadi,1965-09-02,Medan,Mass,2011-08-12
7574,Salsabila Nugroho,1960-12-09,Bandung,Priority,2019-03-19
7575,Dt. Tasdik Megantara M.M.,1992-08-15,Surabaya,Mass,2019-07-12
7576,Kamila Nurdiyanti,1962-10-31,Yogyakarta,Priority,2024-04-24
7577,Bahuwarna Rajasa,1997-02-28,Bandung,Mass,2015-06-23
7578,Malika Dongoran,1994-04-18,Yogyakarta,Priority,2014-11-22
7579,Rina Mahendra S.Ked,1970-09-16,Medan,Mass,2019-07-02
7580,Calista Iswahyudi,1987-05-04,Jakarta,Mass,2023-04-04
7581,Tgk. Saiful Marpaung S.H.,1979-06-29,Jakarta,SME,2016-02-22
7582,Umi Pudjiastuti S.Ked,1970-02-08,Yogyakarta,Mass,2022-12-14
7583,Dacin Astuti,1992-12-06,Yogyakarta,Mass,2016-01-13
7584,Ella Januar M.Ak,1966-04-11,Bandung,SME,2021-12-20
7585,Salimah Narpati S.Pt,1996-02-10,Semarang,SME,2023-02-13
7586,Paramita Maheswara,1977-01-25,Bandung,Mass,2023-07-07
7587,Drs. Upik Lestari,1987-02-20,Medan,Mass,2024-01-04
7588,Agnes Utama M.Farm,2001-12-31,Surabaya,Mass,2022-01-28
7589,Ibrahim Kurniawan,1978-08-04,Surabaya,Mass,2015-10-09
7590,R. Jefri Fujiati S.Kom,1972-06-27,Yogyakarta,Priority,2015-07-28
7591,Tgk. Ganda Pudjiastuti,1979-07-07,Jakarta,SME,2021-05-18
7592,R. Omar Rahmawati,1963-05-03,Bandung,Mass,2016-12-07
7593,Qori Hariyah,1971-07-20,Medan,Priority,2010-07-19
7594,Nadine Marbun S.IP,1974-05-17,Semarang,Mass,2022-08-09
7595,Puti Maryati,1974-03-26,Surabaya,Mass,2025-10-03
7596,Nugraha Hardiansyah,1995-01-24,Yogyakarta,SME,2014-04-21
7597,KH. Gandi Prakasa M.Kom.,1994-12-27,Medan,Mass,2023-10-10
7598,KH. Respati Suartini,1962-05-04,Surabaya,Mass,2013-11-07
7599,R.A. Betania Pudjiastuti S.Sos,1960-09-16,Yogyakarta,Mass,2025-12-30
7600,R. Oni Prastuti,2002-10-12,Semarang,Mass,2022-02-01
7601,Ellis Melani,1968-01-04,Semarang,Priority,2018-11-25
7602,Julia Saragih,1966-07-16,Surabaya,Mass,2014-04-08
7603,Cut Sakura Kuswoyo M.TI.,1984-01-03,Bandung,Priority,2010-02-24
7604,Cawisadi Kuswandari,1989-07-05,Medan,Mass,2023-11-21
7605,Abyasa Habibi,1981-01-04,Yogyakarta,Mass,2015-02-06
7606,Kusuma Prabowo,1968-10-09,Surabaya,SME,2023-06-30
7607,Tgk. Paulin Mahendra,1974-03-02,Jakarta,Mass,2017-10-07
7608,Wira Pradana S.E.I,1996-08-10,Surabaya,Priority,2017-11-14
7609,Warsita Mangunsong S.Gz,1990-08-07,Jakarta,Mass,2011-12-01
7610,Clara Setiawan,1969-09-18,Semarang,Mass,2018-10-13
7611,Nova Setiawan,1979-02-04,Surabaya,Mass,2013-04-30
7612,Danuja Mustofa M.TI.,1980-10-08,Jakarta,Mass,2019-09-02
7613,Carla Haryanto S.Farm,2002-07-12,Yogyakarta,SME,2023-10-14
7614,Ratih Suartini,1969-04-30,Jakarta,Mass,2010-09-08
7615,Faizah Anggriawan S.E.I,1977-11-06,Jakarta,Priority,2015-08-04
7616,Sari Budiman S.E.I,1991-05-17,Medan,SME,2013-04-12
7617,Mahesa Pranowo,1971-05-03,Medan,Mass,2024-04-19
7618,Enteng Maryadi,1970-01-04,Jakarta,Mass,2013-11-04
7619,Simon Mustofa,1990-08-20,Medan,Mass,2026-01-23
7620,Nasim Farida,1967-09-15,Semarang,Mass,2024-04-12
7621,Kani Mahendra,1975-11-03,Medan,Mass,2016-07-08
7622,Ciaobella Prasasta S.I.Kom,1960-02-13,Bandung,Mass,2020-08-02
7623,Febi Gunarto S.E.I,1980-02-24,Medan,Mass,2010-07-04
7624,R. Hamzah Sitorus,1981-01-29,Yogyakarta,Mass,2015-09-07
7625,Hasim Ramadan,1992-02-20,Semarang,Mass,2013-09-19
7626,Faizah Adriansyah,1994-03-08,Yogyakarta,Mass,2016-11-11
7627,Rudi Hakim S.I.Kom,1967-01-16,Yogyakarta,Priority,2024-01-05
7628,Wulan Riyanti S.H.,1974-11-22,Yogyakarta,Priority,2012-01-19
7629,Dr. Mutia Haryanti S.I.Kom,2002-12-05,Jakarta,Mass,2022-12-14
7630,Restu Kuswoyo,1987-09-28,Yogyakarta,Mass,2016-10-22
7631,Drs. Genta Mustofa,1991-11-06,Bandung,Mass,2012-11-21
7632,R. Mahdi Damanik S.E.,1969-04-30,Jakarta,Mass,2025-06-24
7633,Puti Lidya Zulaika,1960-06-24,Bandung,Mass,2020-02-19
7634,Hj. Uli Hidayanto M.Kom.,1961-09-19,Yogyakarta,Priority,2013-06-11
7635,Keisha Sudiati,1960-02-16,Bandung,Priority,2025-10-27
7636,Satya Manullang,1966-05-21,Surabaya,Mass,2024-05-07
7637,Drs. Gasti Lazuardi,1974-11-04,Medan,Mass,2014-08-04
7638,Dt. Eluh Prayoga M.Pd,1994-06-06,Bandung,SME,2025-04-09
7639,Tgk. Betania Safitri S.Sos,1961-05-08,Jakarta,SME,2023-08-06
7640,Elisa Maryadi,1969-12-01,Semarang,SME,2012-10-12
7641,Puti Wani Pangestu,1987-06-18,Medan,Mass,2018-08-25
7642,Hari Laksita,1973-09-15,Bandung,Mass,2010-03-17
7643,Jais Hakim,1971-05-28,Surabaya,SME,2018-05-21
7644,Latika Puspita,2002-04-17,Semarang,Mass,2020-06-28
7645,Zaenab Agustina,1971-11-02,Semarang,Mass,2023-01-06
7646,drg. Michelle Gunarto S.Sos,1984-07-08,Surabaya,Priority,2016-06-12
7647,Naradi Wijaya,1984-10-10,Jakarta,Mass,2010-08-14
7648,Bakiadi Pertiwi,1964-04-05,Semarang,Mass,2020-12-26
7649,KH. Hartana Tarihoran,2002-05-28,Yogyakarta,Mass,2025-01-08
7650,Almira Sihombing,1986-04-20,Surabaya,Mass,2012-11-27
7651,Tgk. Victoria Rajasa,1960-04-09,Jakarta,Priority,2017-02-16
7652,Safina Firgantoro,1987-08-07,Yogyakarta,Mass,2022-11-09
7653,Mala Wijaya,1965-06-24,Bandung,Priority,2017-05-26
7654,Mahdi Samosir,1967-03-03,Bandung,Priority,2025-08-29
7655,R.A. Tina Prasetyo,1989-08-20,Jakarta,Mass,2022-05-25
7656,drg. Jelita Anggriawan,1968-08-29,Yogyakarta,Mass,2020-03-24
7657,Septi Suartini,1970-07-17,Surabaya,Priority,2017-11-05
7658,Eli Hasanah,1982-04-16,Bandung,SME,2019-01-28
7659,Cager Narpati,1968-11-25,Surabaya,Mass,2023-05-13
7660,Diana Fujiati,1963-11-25,Surabaya,Priority,2012-08-06
7661,Puti Clara Sihombing S.E.I,1974-04-29,Yogyakarta,Mass,2021-05-12
7662,Gasti Zulkarnain,1980-10-07,Yogyakarta,Mass,2019-12-28
7663,Cahyo Siregar M.Pd,1967-12-12,Jakarta,Mass,2019-01-06
7664,Janet Santoso S.E.I,1972-05-24,Medan,Mass,2021-12-03
7665,Mustika Mulyani,1960-11-21,Surabaya,Priority,2015-09-18
7666,Drs. Siska Gunarto M.Pd,1999-12-18,Jakarta,Priority,2023-08-22
7667,Nilam Riyanti M.Ak,1981-02-14,Medan,Mass,2012-08-22
7668,Okta Oktaviani,1997-02-01,Bandung,Mass,2025-03-06
7669,Dalima Uyainah,1976-07-03,Surabaya,SME,2025-10-04
7670,Nyoman Saragih,1989-08-21,Medan,SME,2018-03-05
7671,Puti Sakura Rahimah M.Farm,1974-08-15,Medan,Mass,2017-11-28
7672,Harjasa Saptono S.H.,1979-12-16,Medan,Mass,2021-02-14
7673,Kurnia Sirait,1964-10-18,Bandung,Priority,2025-04-07
7674,Sutan Tirta Mansur S.Pd,1995-10-09,Bandung,Mass,2026-01-20
7675,Fitria Utama,1994-01-10,Semarang,Mass,2019-06-12
7676,Asmianto Utama M.Pd,1979-11-01,Surabaya,Priority,2015-08-11
7677,Darmanto Prasasta,1964-09-01,Semarang,Mass,2011-12-20
7678,Farah Firmansyah,2003-11-29,Medan,Mass,2023-11-24
7679,H. Dimas Hutagalung S.Pt,1995-10-18,Surabaya,Priority,2016-03-24
7680,Zahra Utama M.TI.,1968-02-22,Bandung,Mass,2012-08-10
7681,Latika Dabukke,1986-09-11,Jakarta,Mass,2018-06-07
7682,Tantri Santoso,1968-10-12,Semarang,Mass,2016-02-09
7683,Zelaya Hastuti,1965-10-29,Medan,Priority,2025-01-23
7684,H. Harsaya Pratiwi S.T.,1986-04-26,Yogyakarta,Mass,2023-11-06
7685,Julia Hasanah,2001-04-19,Surabaya,Mass,2024-11-04
7686,Rini Santoso,1965-03-29,Yogyakarta,SME,2015-07-12
7687,Vera Usada S.Psi,1993-11-14,Semarang,Mass,2026-03-11
7688,Gatra Permadi,1965-09-05,Jakarta,Priority,2020-06-18
7689,Kartika Pratiwi,1977-09-02,Bandung,Mass,2011-02-03
7690,Zamira Saputra,1981-10-15,Medan,Priority,2022-02-18
7691,Kiandra Riyanti,1983-01-10,Yogyakarta,Priority,2018-03-14
7692,Dr. Harjaya Haryanto S.Farm,1998-08-12,Medan,Mass,2023-06-30
7693,Utama Setiawan,1964-09-14,Surabaya,Priority,2022-04-01
7694,Bahuwirya Nugroho,1980-12-19,Yogyakarta,Mass,2018-11-18
7695,Irma Uwais,1960-05-20,Jakarta,Mass,2024-06-20
7696,Kawaca Anggriawan,1986-05-07,Medan,Mass,2016-05-20
7697,dr. Zalindra Safitri,1998-02-10,Yogyakarta,Priority,2024-11-16
7698,Oni Irawan,1995-01-26,Surabaya,Mass,2019-04-06
7699,dr. Fitria Wacana M.Ak,1989-07-31,Surabaya,Mass,2015-09-01
7700,Gaman Wahyudin,1980-04-08,Medan,SME,2019-01-15
7701,drg. Lala Sihombing,1993-05-13,Bandung,Mass,2020-11-27
7702,Dr. Elvina Kusumo S.H.,1972-10-10,Bandung,Mass,2024-09-03
7703,Jaeman Saefullah,1997-03-31,Medan,Mass,2019-03-18
7704,Digdaya Uwais,1961-05-22,Bandung,Mass,2015-10-24
7705,H. Lanjar Lazuardi S.T.,2001-04-01,Bandung,SME,2025-01-06
7706,Harsana Maheswara,1974-10-10,Yogyakarta,Priority,2024-01-21
7707,Tgk. Anastasia Widiastuti S.T.,1993-03-24,Semarang,Priority,2012-06-05
7708,Kenari Padmasari S.Kom,2003-05-04,Surabaya,Mass,2023-09-24
7709,Prima Manullang,1982-10-04,Yogyakarta,Mass,2015-01-01
7710,Yuliana Latupono,1989-11-15,Jakarta,Mass,2022-05-21
7711,Vicky Simanjuntak,1973-11-17,Surabaya,Priority,2014-11-22
7712,Gabriella Hakim,1997-09-22,Bandung,Mass,2023-06-28
7713,Qori Zulkarnain,1989-04-02,Jakarta,Priority,2025-01-10
7714,Maryadi Haryanti,1980-11-20,Jakarta,SME,2018-09-13
7715,Bala Zulaika,1988-07-25,Surabaya,Priority,2014-05-03
7716,Among Nasyidah,1988-02-06,Semarang,Mass,2010-01-22
7717,Mahfud Maheswara M.Kom.,1977-05-26,Bandung,Mass,2023-02-05
7718,Tgk. Vega Marbun,1992-02-04,Medan,Mass,2026-01-15
7719,Wardi Lazuardi,1970-08-07,Semarang,Mass,2014-03-30
7720,Gading Pudjiastuti,1975-04-03,Medan,Mass,2012-11-30
7721,Cornelia Puspita,1992-08-28,Bandung,Mass,2014-11-05
7722,Jamalia Manullang,2001-09-14,Surabaya,Mass,2024-02-04
7723,Gilang Wahyuni,1970-09-02,Yogyakarta,Priority,2017-01-12
7724,Ulya Nugroho,1996-04-13,Surabaya,Priority,2016-12-07
7725,Ophelia Haryanti,1971-10-10,Yogyakarta,Mass,2023-04-30
7726,Hasna Zulaika,2003-06-13,Bandung,Mass,2022-02-25
7727,Tirtayasa Wastuti M.Kom.,1963-05-11,Semarang,Priority,2016-07-20
7728,Balidin Mandasari,1999-10-02,Medan,Mass,2018-02-10
7729,Margana Marpaung,1974-01-30,Surabaya,Priority,2018-04-04
7730,Hj. Yulia Wastuti S.Ked,2000-12-18,Jakarta,Mass,2020-08-14
7731,Paris Zulkarnain S.Psi,1981-02-03,Jakarta,Mass,2015-08-23
7732,Yuni Maulana S.H.,1971-11-28,Medan,Mass,2018-01-31
7733,Malika Hartati,1995-11-07,Jakarta,Priority,2022-08-15
7734,Koko Astuti,1984-09-18,Bandung,SME,2022-08-23
7735,Sabrina Sinaga,1964-03-07,Bandung,Mass,2024-03-28
7736,Fitriani Nababan,1997-10-20,Surabaya,Mass,2020-06-25
7737,Ade Kusumo,1964-08-20,Bandung,SME,2013-06-14
7738,Almira Yuliarti,1989-02-11,Yogyakarta,Priority,2015-04-25
7739,Cut Vanesa Usamah S.I.Kom,1976-05-10,Surabaya,Mass,2018-08-30
7740,R. Yulia Farida M.Pd,1991-03-05,Bandung,Priority,2017-11-29
7741,Ajiono Uwais,1976-08-22,Surabaya,Priority,2018-04-17
7742,Sadina Maryati,1986-01-17,Jakarta,Mass,2017-06-20
7743,Arsipatra Firgantoro S.Ked,1969-07-09,Surabaya,Mass,2025-10-30
7744,Jayadi Zulaika,1982-05-11,Medan,Mass,2020-12-05
7745,Omar Mahendra,1973-12-23,Bandung,Priority,2014-11-08
7746,Galak Nashiruddin,1978-05-22,Medan,Priority,2014-04-20
7747,Malika Wijayanti,1971-10-16,Semarang,Mass,2025-03-20
7748,R.A. Devi Anggraini S.Ked,1967-12-25,Yogyakarta,SME,2025-07-28
7749,Tgk. Ghaliyati Pertiwi,1985-05-15,Yogyakarta,Priority,2018-06-16
7750,Widya Maheswara S.Kom,2002-07-11,Medan,Mass,2025-04-08
7751,dr. Karsana Utami S.Pt,1968-03-29,Jakarta,Mass,2013-05-11
7752,Eli Firmansyah,2002-07-25,Yogyakarta,Mass,2024-05-01
7753,Banawi Napitupulu,1980-07-16,Jakarta,Mass,2023-08-01
7754,Sarah Situmorang,1961-01-24,Jakarta,SME,2026-03-06
7755,Titin Mangunsong,1964-11-01,Jakarta,Mass,2013-11-15
7756,KH. Hartaka Nugroho,1998-01-20,Surabaya,Mass,2018-05-20
7757,Aisyah Rahimah S.E.,1980-07-03,Medan,Mass,2019-10-16
7758,Hj. Zamira Laksita,2000-12-04,Semarang,Mass,2020-03-13
7759,Sutan Gangsar Mahendra S.I.Kom,1984-09-22,Bandung,Priority,2024-07-23
7760,dr. Yunita Wahyuni,1996-09-08,Medan,Priority,2019-11-11
7761,Dariati Prakasa S.E.I,1986-09-30,Medan,SME,2013-07-14
7762,Cakrawangsa Uyainah,1987-05-03,Jakarta,Mass,2013-04-16
7763,Vera Handayani S.H.,1970-01-23,Semarang,Mass,2010-07-23
7764,Raisa Nainggolan M.TI.,2001-04-02,Jakarta,SME,2023-12-04
7765,Ir. Ellis Adriansyah,1965-08-25,Medan,Mass,2013-04-05
7766,Karimah Kusmawati,1979-12-09,Bandung,Mass,2016-04-10
7767,Talia Prasetya S.I.Kom,1974-02-26,Medan,Mass,2016-06-01
7768,Cager Pradana,1992-12-25,Medan,SME,2023-02-11
7769,Maria Irawan,1999-12-14,Bandung,Mass,2024-01-29
7770,Tgk. Anom Halimah,1966-10-05,Yogyakarta,Priority,2013-07-24
7771,Cornelia Hardiansyah,2003-01-23,Bandung,Mass,2021-06-29
7772,drg. Arsipatra Melani,1984-10-28,Surabaya,Mass,2011-03-11
7773,Harsaya Sudiati,1976-05-27,Medan,Mass,2021-04-15
7774,Winda Lazuardi,1982-01-10,Jakarta,SME,2019-02-28
7775,Dr. Respati Manullang S.Kom,1996-09-17,Yogyakarta,Mass,2015-02-19
7776,Ani Januar,1979-09-26,Yogyakarta,Priority,2013-06-28
7777,Joko Maheswara,1967-12-08,Semarang,Mass,2018-02-11
7778,Harto Januar,1980-11-22,Surabaya,Mass,2025-08-02
7779,Septi Puspasari,2000-08-24,Surabaya,Mass,2024-08-24
7780,Tugiman Puspita,1996-05-09,Semarang,Mass,2020-06-15
7781,Kurnia Usamah S.E.,1980-07-20,Semarang,Mass,2011-03-10
7782,Clara Lailasari S.Farm,1983-01-20,Medan,Mass,2021-03-21
7783,Vanesa Saptono M.Pd,1984-06-24,Bandung,Mass,2016-11-14
7784,Tgk. Victoria Waskita M.Kom.,1995-09-08,Medan,Priority,2016-09-23
7785,Gamani Handayani,2000-01-31,Yogyakarta,Priority,2022-07-26
7786,T. Cahyadi Maulana S.Kom,1993-11-27,Surabaya,Mass,2020-05-12
7787,Muhammad Mangunsong,1960-01-22,Bandung,SME,2017-08-30
7788,Wawan Marpaung,1988-12-14,Semarang,Mass,2021-07-28
7789,Oni Budiyanto S.IP,1992-09-06,Medan,Mass,2019-08-04
7790,Drs. Erik Ramadan S.E.I,1963-05-01,Yogyakarta,Mass,2025-06-23
7791,Putri Winarsih,1981-03-03,Surabaya,Priority,2022-12-12
7792,Ir. Eva Widiastuti S.E.,1980-11-29,Medan,Mass,2023-01-25
7793,Oskar Thamrin,1999-06-24,Surabaya,Mass,2019-06-02
7794,Amelia Waluyo,1976-03-11,Surabaya,Priority,2015-05-06
7795,Rizki Safitri,1963-09-25,Jakarta,Mass,2018-12-12
7796,Gabriella Wahyudin,1963-11-03,Medan,Priority,2023-11-01
7797,Asirwanda Wibisono S.H.,1960-11-19,Semarang,Mass,2021-09-18
7798,Hj. Widya Kuswandari S.H.,1981-02-20,Yogyakarta,Mass,2010-01-10
7799,Sabar Yuliarti,1977-12-16,Jakarta,Mass,2020-11-24
7800,Kasiran Hakim,1981-07-05,Yogyakarta,Mass,2020-06-25
7801,Lala Lestari,1981-02-20,Jakarta,Mass,2016-05-25
7802,Ciaobella Prakasa,1979-01-18,Medan,Mass,2022-04-16
7803,Jayeng Winarsih,1986-10-13,Semarang,Priority,2018-07-05
7804,Ghaliyati Purwanti,2000-11-28,Semarang,Mass,2022-03-10
7805,Vera Maheswara,1974-09-10,Jakarta,Mass,2011-07-06
7806,Kanda Sinaga S.E.I,2001-07-01,Jakarta,Priority,2019-06-29
7807,Tirta Wahyuni,1996-07-26,Semarang,Mass,2016-12-07
7808,Darmaji Winarno,1961-04-05,Jakarta,Mass,2013-12-17
7809,Himawan Wijayanti,1975-08-11,Surabaya,Mass,2024-12-01
7810,Kacung Suwarno,1990-10-10,Bandung,Priority,2024-01-22
7811,Heru Pradana M.Farm,1967-11-17,Jakarta,Mass,2010-09-26
7812,Dr. Sakura Utama S.Sos,1967-09-21,Semarang,Mass,2023-11-28
7813,Galar Saefullah,1995-06-18,Surabaya,Priority,2024-01-24
7814,drg. Arsipatra Tarihoran S.Psi,1991-01-29,Yogyakarta,SME,2024-09-01
7815,Qori Hidayanto,1988-09-15,Medan,Mass,2015-02-28
7816,R.M. Waluyo Utami S.Pt,1998-11-23,Semarang,Priority,2025-04-10
7817,Clara Aryani,1997-04-17,Bandung,Mass,2023-10-21
7818,Hasna Hidayanto S.Pt,1989-09-29,Yogyakarta,Mass,2025-03-18
7819,Hj. Jasmin Sitompul,1990-01-03,Bandung,Mass,2024-07-18
7820,Humaira Budiyanto,1978-02-21,Jakarta,Mass,2016-05-17
7821,Hj. Cornelia Permata,1979-10-10,Jakarta,SME,2016-07-17
7822,Keisha Rahayu S.Kom,1998-03-01,Jakarta,SME,2020-04-04
7823,dr. Mila Pudjiastuti,1970-09-10,Medan,Priority,2020-04-14
7824,Kani Nashiruddin,1995-05-30,Semarang,Priority,2022-11-25
7825,Jati Adriansyah,1987-04-09,Semarang,Mass,2020-01-13
7826,R.M. Ajiman Ramadan S.E.,2000-05-23,Jakarta,SME,2022-08-09
7827,Endah Widiastuti,1975-05-29,Jakarta,Priority,2021-02-18
7828,Bagus Oktaviani,1973-07-05,Yogyakarta,Mass,2023-06-06
7829,Hj. Najwa Kuswoyo S.E.I,1983-05-15,Medan,Priority,2016-09-09
7830,Salimah Irawan S.E.I,1982-11-02,Surabaya,Mass,2011-10-08
7831,Belinda Pangestu,1961-07-25,Jakarta,Mass,2021-07-25
7832,R.A. Umi Astuti,1982-07-30,Bandung,Mass,2018-12-28
7833,drg. Malika Nasyidah,1990-03-24,Semarang,Mass,2017-12-22
7834,Hj. Mutia Waskita,1961-03-15,Medan,Mass,2022-09-02
7835,Karya Nurdiyanti,1969-05-18,Surabaya,Mass,2014-02-05
7836,Gasti Hidayanto,1974-03-27,Semarang,Priority,2013-04-05
7837,Irsad Lestari,1964-05-11,Jakarta,Priority,2012-08-12
7838,Gina Hutapea,2000-11-12,Surabaya,Priority,2024-08-30
7839,Drs. Prasetya Nashiruddin S.E.I,2003-02-28,Surabaya,Mass,2024-02-22
7840,Sadina Wibisono,2000-03-28,Medan,Mass,2023-12-18
7841,Prakosa Dabukke M.M.,1986-10-03,Bandung,Mass,2014-12-27
7842,Tami Permata,1997-01-31,Semarang,Mass,2021-07-16
7843,Dr. Luthfi Kusmawati,1969-05-27,Yogyakarta,Mass,2011-03-05
7844,Kenari Andriani S.I.Kom,1989-03-12,Yogyakarta,SME,2016-03-02
7845,Saadat Uyainah,1960-05-16,Bandung,Mass,2010-11-23
7846,Wage Usamah,1971-11-15,Surabaya,Mass,2013-06-22
7847,Kenzie Saragih S.Kom,1989-09-22,Jakarta,Mass,2013-01-04
7848,Luhung Iswahyudi,1973-04-19,Bandung,SME,2022-04-06
7849,Prasetya Wibowo S.Psi,1999-01-05,Medan,SME,2022-06-06
7850,Fitriani Dabukke,1966-04-27,Surabaya,Mass,2011-06-11
7851,Ir. Olga Prastuti,1971-06-16,Yogyakarta,Mass,2023-08-28
7852,Gandewa Najmudin S.H.,1973-09-06,Jakarta,Mass,2018-09-02
7853,Cakrabuana Gunawan,1971-02-13,Jakarta,Mass,2020-03-21
7854,Banawa Rahmawati,1971-04-22,Semarang,SME,2025-04-20
7855,Garan Dongoran,1963-08-13,Semarang,Mass,2015-11-19
7856,Tgk. Jayeng Waluyo S.T.,1982-05-21,Medan,Mass,2017-07-15
7857,Padmi Uyainah,1975-06-09,Medan,SME,2013-03-26
7858,Wirda Suryono,1979-01-04,Semarang,Mass,2020-01-02
7859,Agnes Hardiansyah,1983-04-04,Medan,Mass,2024-07-23
7860,Cahyono Andriani,1983-07-16,Semarang,Mass,2020-05-04
7861,drg. Harto Samosir,1974-10-10,Surabaya,SME,2021-07-02
7862,Puji Widiastuti,2003-05-09,Bandung,Mass,2021-09-22
7863,dr. Jamal Wacana S.Pd,2001-03-07,Bandung,Priority,2026-01-05
7864,Dr. Rika Hartati,1991-01-14,Semarang,SME,2014-10-12
7865,Clara Andriani,1991-01-03,Medan,Mass,2017-05-13
7866,R.A. Kiandra Situmorang S.Farm,1974-12-06,Jakarta,SME,2024-11-18
7867,Ami Rajasa S.Psi,1969-05-13,Semarang,SME,2015-08-20
7868,Ajimin Wasita,1987-01-15,Jakarta,Mass,2010-08-11
7869,Garan Sihotang,1997-09-29,Surabaya,Priority,2021-08-26
7870,Gawati Halimah S.Kom,1987-02-04,Semarang,Priority,2015-06-09
7871,Lanjar Winarno,1975-09-04,Jakarta,SME,2019-02-18
7872,Padmi Aryani,1976-02-26,Medan,Priority,2019-03-10
7873,R. Malika Farida,1991-08-20,Yogyakarta,SME,2012-12-19
7874,Balapati Usada,2003-05-03,Semarang,Mass,2025-11-14
7875,Hj. Kani Mandala,1975-01-15,Surabaya,Mass,2023-10-04
7876,drg. Genta Sinaga,2003-05-31,Jakarta,Mass,2022-09-13
7877,Asirwanda Uwais,1991-09-11,Semarang,Priority,2012-12-05
7878,Dr. Tantri Anggriawan,1970-10-28,Jakarta,Mass,2015-07-26
7879,Gading Tampubolon,2003-01-27,Bandung,Priority,2024-11-04
7880,Caraka Nuraini,1992-02-04,Jakarta,Mass,2021-02-11
7881,Jail Zulkarnain,1989-02-05,Surabaya,Mass,2013-08-19
7882,Danang Aryani S.Pd,1978-10-07,Jakarta,Priority,2014-03-21
7883,Bahuwirya Sihotang,1965-10-31,Jakarta,Mass,2024-01-12
7884,Tgk. Paramita Safitri,1982-01-18,Bandung,Mass,2022-03-19
7885,Drs. Zaenab Purnawati S.Psi,1984-03-15,Semarang,Mass,2011-01-25
7886,drg. Kamaria Suryono,1991-04-06,Surabaya,Priority,2016-09-13
7887,Sakura Fujiati,1974-11-11,Semarang,Mass,2021-07-09
7888,Emin Sitompul,1979-06-04,Yogyakarta,SME,2017-04-25
7889,T. Taufan Siregar S.H.,1983-06-15,Bandung,Priority,2010-08-24
7890,Titin Rajasa,1990-07-13,Bandung,Mass,2021-09-18
7891,R. Prima Samosir M.Ak,2002-01-30,Yogyakarta,Mass,2021-12-27
7892,Harto Purnawati,1977-02-06,Medan,Mass,2019-09-16
7893,Ir. Hesti Sudiati,1997-06-02,Medan,Mass,2026-01-31
7894,Rafi Rajata,2001-05-16,Medan,Priority,2026-02-25
7895,Ratna Hartati,1984-01-30,Bandung,SME,2021-04-01
7896,Genta Permata,1972-11-07,Jakarta,Mass,2020-01-27
7897,Laila Saptono,1970-11-17,Yogyakarta,Mass,2011-10-12
7898,Karsa Wastuti,1967-07-08,Medan,Mass,2023-11-02
7899,Hj. Tira Purwanti S.E.,1964-02-02,Bandung,Priority,2013-10-04
7900,Darmana Hardiansyah,1969-04-30,Semarang,Mass,2019-09-14
7901,dr. Olivia Andriani,1965-09-08,Yogyakarta,Mass,2019-12-05
7902,Lukita Kuswandari,1966-02-09,Medan,Priority,2019-08-03
7903,Gasti Permata M.Pd,1968-05-07,Bandung,Mass,2020-07-27
7904,Prasetya Nurdiyanti M.Farm,1961-04-21,Bandung,Mass,2026-03-15
7905,Tgk. Cinthia Prayoga S.E.,2000-12-10,Semarang,Mass,2024-05-06
7906,Adika Pertiwi,1979-08-19,Yogyakarta,Mass,2011-10-18
7907,Diah Halim,1989-11-13,Bandung,SME,2022-01-16
7908,Ellis Latupono M.Kom.,1988-08-09,Surabaya,Priority,2024-03-15
7909,Dt. Jatmiko Simbolon S.Pd,1991-08-04,Semarang,Mass,2018-04-05
7910,Drs. Kamaria Nababan S.Pd,1967-10-13,Yogyakarta,Mass,2014-04-30
7911,Nyana Zulkarnain S.I.Kom,1982-06-01,Yogyakarta,Priority,2024-06-14
7912,Nadine Padmasari,1971-06-04,Bandung,Mass,2017-06-01
7913,Sidiq Mahendra,1991-08-28,Semarang,Mass,2023-02-06
7914,Dipa Anggriawan,1994-10-22,Bandung,Priority,2023-03-01
7915,Gada Setiawan,1997-01-01,Bandung,Mass,2017-10-29
7916,drg. Zizi Sihombing,2001-05-23,Surabaya,Priority,2019-08-19
7917,Bella Maulana,1961-11-15,Surabaya,Mass,2013-06-02
7918,Rahmi Prasetyo M.Farm,2000-09-27,Medan,Mass,2023-05-01
7919,Ridwan Dabukke,1969-12-31,Semarang,SME,2022-12-25
7920,Usman Tamba,1989-02-14,Surabaya,Mass,2010-11-13
7921,Cahya Latupono,1981-05-19,Medan,SME,2022-07-07
7922,Oskar Hariyah,1976-02-19,Semarang,Priority,2023-02-04
7923,Zamira Wijaya,1977-12-06,Semarang,Mass,2024-06-19
7924,dr. Paris Riyanti S.Sos,1997-09-28,Surabaya,Mass,2024-07-20
7925,Gamblang Padmasari,1973-04-28,Medan,Priority,2016-03-31
7926,Sari Wastuti,1993-06-20,Semarang,Priority,2021-02-15
7927,Dr. Ade Puspita S.Farm,1968-05-28,Bandung,Priority,2025-12-18
7928,R. Virman Pertiwi M.Ak,2003-04-12,Bandung,Mass,2025-02-17
7929,Warsa Hidayat,1974-10-25,Medan,Mass,2017-11-25
7930,Tiara Tarihoran,1961-04-20,Yogyakarta,SME,2010-03-28
7931,T. Dacin Rajata,1970-09-23,Medan,Mass,2025-03-12
7932,Jane Widodo S.Sos,1986-02-19,Yogyakarta,SME,2023-04-19
7933,Bakiadi Hidayanto,1978-12-01,Jakarta,Mass,2016-02-28
7934,Warji Namaga,1988-07-15,Medan,Mass,2022-06-14
7935,Tgk. Asirwada Putra,1963-10-26,Yogyakarta,Mass,2012-11-20
7936,Elvina Nainggolan,1985-10-31,Jakarta,Priority,2021-06-23
7937,drg. Endah Winarsih S.E.I,1992-05-10,Semarang,Mass,2021-08-29
7938,Sidiq Prayoga,1966-06-13,Bandung,Mass,2022-03-17
7939,Galak Haryanti,1984-08-28,Jakarta,Mass,2024-01-04
7940,Elvina Saptono,1994-10-07,Jakarta,Mass,2014-06-14
7941,Fathonah Yolanda,2002-06-18,Surabaya,Priority,2021-10-05
7942,Ajiman Sihombing,1980-07-02,Bandung,Mass,2016-04-14
7943,Mujur Hartati,1960-12-12,Yogyakarta,Priority,2012-11-25
7944,Ratna Agustina M.TI.,1967-06-07,Semarang,Mass,2021-06-22
7945,Talia Wulandari S.Sos,2001-07-15,Surabaya,Mass,2023-10-18
7946,Dr. Radika Dabukke S.Gz,1987-11-09,Semarang,Priority,2018-04-04
7947,KH. Umay Yulianti,1989-12-15,Surabaya,SME,2016-08-20
7948,Titin Megantara,1985-06-29,Medan,Mass,2017-09-12
7949,Tgk. Kezia Padmasari,1961-02-20,Surabaya,SME,2017-09-07
7950,Candra Yolanda,1990-11-16,Semarang,Mass,2024-02-11
7951,Marsudi Wijayanti,1963-09-21,Jakarta,Mass,2019-12-09
7952,Maida Suwarno,1999-04-07,Jakarta,Mass,2020-06-17
7953,Jaka Saptono,1975-06-23,Yogyakarta,Mass,2013-08-07
7954,Aris Sihombing,2000-03-25,Bandung,Priority,2022-05-02
7955,Saadat Simanjuntak,2002-04-10,Yogyakarta,Priority,2025-05-05
7956,Chandra Pradana,2003-10-21,Bandung,Priority,2024-08-06
7957,KH. Prima Utama,1977-09-09,Surabaya,Mass,2024-07-31
7958,Carub Marpaung,1987-05-17,Yogyakarta,Mass,2024-02-11
7959,Drs. Rahmi Setiawan S.Farm,1997-05-01,Surabaya,Mass,2025-06-30
7960,Jessica Najmudin,1974-05-04,Jakarta,Priority,2013-05-05
7961,Umi Sirait,1995-06-01,Semarang,Priority,2016-06-10
7962,Umi Manullang S.Kom,1999-07-20,Semarang,Mass,2020-06-22
7963,Cahyanto Nurdiyanti,1992-10-09,Bandung,Mass,2023-01-10
7964,Leo Pradipta,1968-06-16,Yogyakarta,SME,2018-02-16
7965,Cahya Budiyanto,1992-06-14,Bandung,Priority,2012-06-29
7966,Gamblang Wacana,1999-05-22,Jakarta,Priority,2020-07-30
7967,Puti Gasti Putra,1986-02-20,Semarang,Mass,2014-06-29
7968,Dartono Damanik,1997-06-23,Jakarta,Mass,2024-05-15
7969,Dalimin Ramadan,1967-11-24,Jakarta,SME,2026-01-26
7970,Nadia Farida,1976-03-23,Yogyakarta,Mass,2026-02-11
7971,Oskar Maheswara,1985-08-23,Medan,Mass,2017-02-09
7972,Umay Aryani M.M.,1972-08-30,Medan,SME,2020-09-24
7973,Yulia Anggriawan,1966-02-11,Bandung,SME,2024-09-13
7974,Zamira Aryani,1973-07-26,Jakarta,Mass,2019-02-14
7975,Prayoga Kuswandari,1963-11-25,Bandung,Priority,2012-07-21
7976,Ir. Jelita Sihotang,1971-10-02,Yogyakarta,Mass,2021-04-08
7977,Uda Hakim,1969-01-24,Medan,Priority,2014-10-22
7978,Estiawan Yuniar,1979-05-25,Bandung,SME,2025-07-09
7979,Fathonah Hakim,1984-07-12,Jakarta,Mass,2019-05-01
7980,Wardaya Natsir,1973-01-09,Jakarta,Priority,2012-11-18
7981,Oman Prastuti,1961-02-28,Medan,Mass,2013-09-17
7982,KH. Eka Laksita,1982-07-16,Bandung,Mass,2011-11-16
7983,Daryani Dabukke,1986-07-23,Medan,Mass,2016-11-06
7984,Emong Mustofa,1983-07-31,Jakarta,Mass,2023-07-06
7985,Cagak Namaga,1983-09-12,Jakarta,Mass,2025-12-15
7986,Michelle Hidayat,1978-06-27,Surabaya,Mass,2016-10-10
7987,Drs. Rusman Budiyanto S.Pt,1996-12-25,Yogyakarta,Mass,2017-05-21
7988,Tina Marpaung,1961-08-14,Bandung,Mass,2021-07-05
7989,Mitra Mustofa,1968-08-14,Semarang,SME,2017-03-14
7990,Anastasia Wahyudin,1979-11-03,Bandung,Priority,2013-05-26
7991,Ismail Zulkarnain,1977-11-19,Jakarta,SME,2020-12-20
7992,Tgk. Salimah Palastri M.M.,2000-11-16,Jakarta,Mass,2024-04-17
7993,Vicky Jailani M.Kom.,1969-10-06,Medan,SME,2025-06-29
7994,Makara Lailasari S.Psi,1987-09-27,Medan,Priority,2012-08-01
7995,Tgk. Laras Kurniawan M.Ak,1973-01-12,Surabaya,Priority,2010-10-20
7996,Drs. Waluyo Najmudin S.T.,1965-01-09,Yogyakarta,Mass,2015-05-14
7997,Harsana Tarihoran,1961-01-10,Surabaya,SME,2015-08-02
7998,Kemba Pradana M.Pd,1986-07-29,Semarang,Mass,2018-04-02
7999,Dr. Eva Wastuti M.Kom.,1963-06-09,Medan,Mass,2015-09-29
8000,Cakrajiya Sirait M.TI.,1975-06-22,Yogyakarta,Mass,2011-04-21
8001,Puti Elvina Mangunsong S.Psi,1993-09-10,Surabaya,Priority,2015-02-14
8002,Cut Wani Padmasari,1980-08-07,Bandung,Mass,2013-05-30
8003,H. Gangsa Winarno S.Sos,1993-11-27,Jakarta,Mass,2016-07-30
8004,Dr. Eko Rajasa M.TI.,1989-09-13,Yogyakarta,Mass,2021-02-27
8005,Ulya Maulana S.H.,1964-02-29,Yogyakarta,Priority,2024-08-18
8006,Hilda Utami,1974-02-24,Semarang,SME,2025-06-23
8007,Jabal Pertiwi,2002-10-19,Medan,Mass,2021-11-02
8008,R. Putu Nashiruddin S.IP,1962-09-17,Semarang,SME,2019-07-10
8009,Bakiadi Irawan,1960-08-11,Medan,Mass,2017-09-30
8010,Banawa Nuraini,2000-12-30,Semarang,Mass,2025-09-06
8011,Oliva Gunarto,1971-01-06,Bandung,SME,2026-01-20
8012,Mursinin Situmorang,1969-10-14,Semarang,Mass,2025-06-23
8013,Puspa Agustina M.Ak,1964-11-06,Surabaya,Mass,2025-04-12
8014,Mulyono Hidayanto,1995-01-18,Medan,Mass,2013-08-17
8015,Zulaikha Hardiansyah,1972-04-21,Jakarta,Mass,2024-09-17
8016,Dr. Icha Firgantoro S.H.,1971-03-14,Bandung,Mass,2014-02-04
8017,R. Kamila Jailani,1995-11-05,Surabaya,SME,2022-12-10
8018,Ir. Raina Ramadan,1973-02-24,Yogyakarta,Mass,2016-05-26
8019,Kamila Nugroho M.Ak,1984-10-05,Medan,SME,2014-04-28
8020,Unjani Kusumo,1970-12-01,Surabaya,Mass,2020-07-01
8021,Ciaobella Natsir,1997-09-17,Semarang,Mass,2022-03-06
8022,Caket Lailasari,1998-03-03,Surabaya,SME,2026-02-16
8023,Ulva Rajasa,1990-10-07,Medan,SME,2018-05-21
8024,Darmaji Puspita,1975-12-21,Jakarta,Mass,2017-02-04
8025,Elvina Marpaung,2000-02-10,Semarang,Priority,2024-07-22
8026,Gatra Siregar,2001-03-28,Medan,SME,2022-09-17
8027,Cakrabirawa Kusumo,1982-03-26,Medan,SME,2022-03-04
8028,Elma Waluyo,1991-11-13,Bandung,Mass,2020-12-20
8029,Galur Rajata M.Farm,1997-09-25,Bandung,Mass,2022-11-03
8030,Harjaya Nababan S.Kom,1983-11-10,Jakarta,Mass,2010-05-20
8031,Unjani Adriansyah M.Pd,1978-06-12,Semarang,Mass,2015-09-23
8032,R.A. Farah Siregar S.Pd,1978-07-16,Surabaya,Mass,2019-06-12
8033,Maimunah Budiyanto,2002-05-02,Jakarta,Mass,2023-04-20
8034,Olivia Maryati,1994-05-24,Bandung,Mass,2014-05-12
8035,Oni Rahimah,1964-09-26,Surabaya,Mass,2020-04-04
8036,dr. Amalia Saputra,1985-10-18,Semarang,Mass,2019-12-03
8037,Ayu Marbun,1971-09-02,Medan,Mass,2018-01-14
8038,Satya Wahyudin,1964-08-21,Yogyakarta,Priority,2012-06-27
8039,Hj. Keisha Mayasari,1995-11-07,Surabaya,Mass,2015-08-15
8040,Gantar Hidayanto M.Ak,1965-01-21,Surabaya,Priority,2025-11-07
8041,Tgk. Dadap Zulaika M.M.,1999-12-30,Jakarta,Mass,2018-10-01
8042,Hamima Oktaviani,1965-04-21,Surabaya,Mass,2012-04-15
8043,Elvina Widodo S.Farm,1998-07-26,Semarang,Mass,2018-10-11
8044,Maryadi Pranowo S.E.,1987-04-03,Semarang,Priority,2013-09-25
8045,dr. Lidya Pradipta,1995-02-09,Surabaya,Mass,2020-07-23
8046,Fitria Hartati,1972-02-04,Surabaya,SME,2018-07-03
8047,Nabila Simanjuntak,1993-04-06,Medan,SME,2020-03-07
8048,R.M. Capa Tamba M.Farm,1982-09-21,Bandung,Mass,2015-09-24
8049,Agus Andriani,1971-12-22,Bandung,Mass,2010-08-12
8050,Timbul Wacana,1972-03-25,Yogyakarta,Mass,2024-03-04
8051,Puput Hutasoit,1998-01-08,Surabaya,Priority,2022-05-12
8052,Rusman Suartini,1961-04-14,Bandung,SME,2010-03-14
8053,Alambana Yolanda,1964-02-28,Semarang,Priority,2023-06-25
8054,Queen Manullang,1966-10-29,Bandung,SME,2021-02-19
8055,Lega Suwarno,1976-11-19,Semarang,SME,2023-03-03
8056,Bagus Sinaga,1965-08-21,Jakarta,Priority,2025-06-27
8057,drg. Gasti Gunarto S.E.I,1993-05-12,Semarang,Priority,2016-01-03
8058,dr. Iriana Widiastuti,1984-01-01,Yogyakarta,Priority,2018-03-31
8059,Ratna Wacana S.H.,2002-04-08,Yogyakarta,Priority,2023-11-24
8060,Hesti Hariyah,2003-12-14,Bandung,Mass,2025-03-22
8061,Najib Mangunsong S.Farm,1985-09-23,Semarang,Priority,2011-11-28
8062,Raden Oktaviani,1961-06-27,Jakarta,Mass,2022-03-12
8063,Ida Widiastuti S.E.,1996-01-17,Jakarta,Mass,2019-11-08
8064,Irfan Waluyo,1988-03-09,Medan,Mass,2015-08-26
8065,Gandewa Wijayanti,1996-06-19,Jakarta,Mass,2024-11-05
8066,Sarah Mulyani,1967-09-30,Medan,Mass,2020-12-03
8067,Mariadi Winarsih,1985-11-08,Yogyakarta,Mass,2017-07-10
8068,Tgk. Bakti Nababan,1986-08-22,Surabaya,Mass,2017-12-21
8069,Nyoman Kurniawan,1979-03-10,Surabaya,Mass,2022-12-03
8070,Marwata Nasyiah,1993-04-11,Yogyakarta,Priority,2021-12-09
8071,Dt. Artawan Saputra M.Farm,1997-11-22,Bandung,Mass,2020-10-04
8072,Sutan Niyaga Manullang,1982-06-14,Jakarta,Mass,2010-03-05
8073,Reza Yuniar,1989-01-30,Bandung,Mass,2020-01-09
8074,Cecep Maryadi,1986-01-06,Surabaya,Priority,2024-11-08
8075,Wasis Natsir,1986-03-30,Bandung,Mass,2014-02-17
8076,R. Hardana Sihombing M.TI.,1996-08-10,Yogyakarta,Mass,2023-10-10
8077,Viktor Kusumo S.I.Kom,1996-12-06,Semarang,Mass,2018-07-23
8078,R.M. Tedi Fujiati,1987-03-09,Yogyakarta,Mass,2020-11-28
8079,dr. Kawaca Mandasari,1998-03-25,Jakarta,Mass,2016-09-25
8080,Ifa Anggriawan,1980-11-11,Jakarta,Mass,2022-06-23
8081,Prabowo Padmasari,1972-09-24,Yogyakarta,Mass,2024-04-09
8082,Karta Simbolon,2002-09-15,Yogyakarta,Priority,2021-02-10
8083,Puti Nasyiah,1998-06-01,Medan,Mass,2019-06-09
8084,Harsaya Saragih,1964-01-12,Surabaya,Mass,2025-09-03
8085,Umi Mansur,1998-01-11,Bandung,Mass,2025-12-28
8086,Hj. Ade Gunarto S.Sos,1994-09-18,Medan,Mass,2016-01-22
8087,Kairav Mardhiyah,1981-09-06,Yogyakarta,Mass,2013-10-16
8088,Maimunah Uyainah,1991-12-24,Semarang,Priority,2018-01-21
8089,drg. Dipa Sihotang,1984-11-19,Yogyakarta,Mass,2012-10-18
8090,Tgk. Prayoga Wibisono,1978-08-06,Semarang,Mass,2017-04-22
8091,Himawan Suryono S.Sos,2002-08-22,Semarang,Mass,2024-08-12
8092,Ira Lazuardi M.Ak,1975-04-29,Medan,Mass,2021-08-11
8093,Tari Mustofa,1997-06-28,Semarang,SME,2021-05-12
8094,Ega Wahyuni,1999-12-05,Medan,Mass,2023-10-07
8095,Balidin Suryatmi,1981-11-15,Jakarta,Mass,2022-12-09
8096,Nasrullah Fujiati,1965-05-07,Surabaya,SME,2011-09-16
8097,R.M. Cemani Hutagalung S.Kom,1971-06-03,Yogyakarta,Priority,2018-07-25
8098,Agus Samosir,1986-02-17,Bandung,Mass,2021-04-28
8099,Bella Gunawan S.Pd,1980-07-09,Surabaya,Mass,2018-02-23
8100,Luwar Ramadan,1999-03-02,Bandung,SME,2022-08-22
8101,Sutan Raden Kusumo,1983-02-26,Yogyakarta,Priority,2022-04-05
8102,Uchita Laksita,1970-10-26,Yogyakarta,Priority,2021-02-23
8103,Drs. Prasetyo Kusumo,1985-02-05,Yogyakarta,Mass,2025-02-18
8104,Jarwi Susanti,1962-07-14,Medan,Mass,2020-07-07
8105,Eva Wasita,1988-05-16,Surabaya,Mass,2013-04-19
8106,Ir. Rina Suryatmi,2001-10-12,Bandung,Mass,2020-10-30
8107,Ratih Novitasari,1992-08-12,Jakarta,Mass,2023-01-17
8108,Martana Marpaung,1993-11-12,Semarang,Mass,2015-07-29
8109,H. Dalimin Kusumo,1962-09-16,Semarang,Priority,2023-10-14
8110,Pia Damanik S.Gz,1992-08-27,Bandung,Mass,2011-01-29
8111,Taufik Astuti,2000-11-04,Medan,SME,2021-02-09
8112,Laila Damanik,1989-01-01,Semarang,Mass,2018-02-05
8113,Shakila Narpati S.Ked,1978-01-20,Medan,Mass,2024-12-30
8114,Adhiarja Tampubolon,1994-06-22,Jakarta,Mass,2012-06-26
8115,Pangeran Marpaung,1960-06-06,Jakarta,Mass,2023-04-26
8116,Tgk. Dagel Palastri,1981-11-11,Jakarta,Mass,2021-09-01
8117,Fitriani Kuswoyo,1993-09-21,Yogyakarta,Priority,2021-01-22
8118,Galur Usamah,1993-09-15,Bandung,Mass,2024-09-13
8119,Gamanto Nugroho,1995-11-29,Medan,SME,2014-09-07
8120,Hesti Nuraini,1970-07-10,Medan,Mass,2016-02-15
8121,Kunthara Adriansyah,1990-02-28,Yogyakarta,Mass,2025-08-05
8122,Puspa Marpaung,1984-04-04,Semarang,SME,2019-11-16
8123,Zaenab Susanti,1987-08-14,Surabaya,Mass,2019-03-12
8124,Maryanto Pratiwi,1995-10-25,Yogyakarta,SME,2020-03-23
8125,Drs. Aswani Halim M.M.,1977-09-19,Semarang,Mass,2017-02-07
8126,Patricia Astuti,1977-09-22,Yogyakarta,Mass,2018-01-31
8127,Ridwan Haryanti,1982-11-14,Medan,Mass,2013-08-05
8128,dr. Wardi Prasasta S.H.,1972-03-05,Semarang,Mass,2021-03-06
8129,Surya Puspita,1998-07-15,Jakarta,Mass,2025-07-26
8130,Teguh Mardhiyah,1994-04-21,Bandung,Mass,2015-04-05
8131,drg. Samiah Putra,2003-09-25,Semarang,Mass,2022-09-22
8132,Rahman Laksmiwati,1962-08-13,Bandung,SME,2014-11-11
8133,Ulva Hutasoit,1989-10-02,Surabaya,Mass,2015-09-26
8134,Tgk. Makara Latupono,2002-09-21,Bandung,Mass,2023-03-12
8135,Yoga Namaga S.Sos,2000-11-03,Semarang,Priority,2019-03-14
8136,Hasta Hasanah,1994-10-15,Yogyakarta,Mass,2013-08-27
8137,Dirja Fujiati,1963-11-18,Medan,Mass,2019-09-15
8138,T. Prayoga Kurniawan,1966-08-29,Semarang,Mass,2016-02-05
8139,Bahuraksa Nainggolan,1976-07-05,Bandung,Mass,2012-09-27
8140,Mujur Mayasari,1968-12-22,Yogyakarta,Mass,2020-10-25
8141,R.M. Daliono Prasetyo M.Ak,1962-10-10,Surabaya,SME,2026-02-25
8142,Baktiadi Wulandari,1977-12-01,Medan,SME,2019-02-26
8143,Dr. Opan Prasetyo,1966-02-06,Semarang,Mass,2021-01-18
8144,Fitria Hariyah,1965-10-23,Medan,SME,2013-05-09
8145,Rahayu Haryanto M.TI.,1967-02-23,Bandung,Mass,2021-08-27
8146,Jane Damanik,1982-04-22,Bandung,Mass,2025-02-13
8147,Novi Lailasari,1969-04-29,Jakarta,Mass,2012-04-15
8148,Cinta Yulianti,1992-03-07,Yogyakarta,Priority,2020-09-28
8149,Indra Usamah,1960-04-23,Yogyakarta,Mass,2022-03-09
8150,Kartika Prastuti S.E.,1989-05-19,Surabaya,SME,2014-08-28
8151,Makara Nasyiah,1969-03-03,Jakarta,Mass,2019-12-31
8152,R. Sabri Yolanda,1970-06-18,Yogyakarta,Mass,2014-05-30
8153,Tgk. Hilda Hutagalung M.Ak,1984-02-08,Bandung,Mass,2021-07-17
8154,Jarwa Sudiati,1977-11-18,Jakarta,Mass,2024-03-26
8155,Laila Latupono,1981-11-02,Yogyakarta,SME,2022-04-12
8156,Olivia Kusumo,1980-11-05,Semarang,Mass,2014-12-01
8157,Rika Andriani,1995-12-05,Yogyakarta,Priority,2022-04-01
8158,Drs. Syahrini Prayoga,2002-08-04,Medan,Priority,2025-04-19
8159,H. Eja Tampubolon,1960-09-28,Yogyakarta,Mass,2024-08-20
8160,Jamal Nugroho S.Ked,1997-11-12,Surabaya,Mass,2023-10-08
8161,Yuni Maryadi S.Sos,1964-04-19,Semarang,Priority,2018-03-31
8162,Kartika Wacana,1995-07-04,Semarang,Priority,2018-06-25
8163,dr. Prakosa Narpati,1979-07-08,Jakarta,Mass,2016-06-28
8164,dr. Ratih Kuswoyo,1988-03-23,Bandung,Priority,2020-02-06
8165,Gaman Hassanah,1979-03-25,Medan,Mass,2021-09-19
8166,Gaiman Susanti,1971-10-20,Medan,SME,2012-12-23
8167,Drs. Karya Marpaung,1988-07-06,Jakarta,Mass,2022-11-01
8168,Jane Prasetyo,1987-07-11,Semarang,SME,2023-08-15
8169,Tgk. Salsabila Fujiati,1990-02-24,Bandung,Priority,2021-08-13
8170,Makara Anggriawan M.M.,1991-02-07,Jakarta,Mass,2018-05-08
8171,Ifa Mansur M.Farm,1986-08-21,Surabaya,Priority,2021-06-08
8172,Ir. Ayu Handayani S.T.,1978-11-13,Surabaya,Priority,2017-09-30
8173,Jaswadi Megantara M.Ak,1990-09-22,Bandung,Mass,2010-09-02
8174,Lintang Rahayu,1979-07-21,Yogyakarta,Priority,2019-09-29
8175,Bella Farida,1988-08-12,Jakarta,Mass,2025-01-19
8176,Ir. Lala Laksita,1970-01-04,Semarang,Mass,2016-09-04
8177,Kanda Adriansyah,1999-01-23,Medan,Mass,2020-05-21
8178,KH. Legawa Haryanti,1979-03-23,Bandung,Mass,2015-07-14
8179,Silvia Zulaika,1992-06-25,Jakarta,SME,2024-04-11
8180,Hamima Purwanti,1970-05-14,Surabaya,Mass,2021-11-02
8181,Silvia Safitri,1998-06-03,Semarang,Mass,2021-09-03
8182,Ir. Intan Waskita S.T.,1974-08-03,Medan,Priority,2017-11-27
8183,Xanana Melani,2000-09-16,Surabaya,Mass,2023-08-26
8184,Rama Sudiati,1978-08-07,Medan,Mass,2015-02-10
8185,Dr. Slamet Sihombing S.IP,1975-02-09,Surabaya,Mass,2023-05-19
8186,Malika Prasasta,1985-04-01,Surabaya,Priority,2017-10-20
8187,Zalindra Haryanti,1978-08-09,Semarang,Priority,2018-02-15
8188,Ir. Gangsa Putra,1976-07-04,Jakarta,Mass,2014-06-14
8189,Uchita Prastuti,1982-01-02,Jakarta,Mass,2014-11-15
8190,KH. Kasusra Kurniawan,1960-09-14,Bandung,Priority,2024-11-07
8191,Icha Padmasari,2002-03-02,Semarang,Priority,2022-06-10
8192,Dt. Eman Siregar,1990-08-19,Surabaya,Priority,2013-10-06
8193,Ajeng Suartini,1995-08-25,Bandung,Priority,2023-12-24
8194,Mujur Uyainah,1967-08-17,Surabaya,SME,2014-08-03
8195,KH. Hartana Anggriawan,1972-01-07,Bandung,Mass,2022-08-28
8196,Ella Lazuardi,1979-02-10,Semarang,Mass,2024-12-21
8197,Cut Elisa Wacana S.E.I,1986-01-10,Jakarta,Mass,2012-10-11
8198,Azalea Widodo,1984-08-12,Semarang,Mass,2021-08-25
8199,Icha Puspasari,1993-07-17,Bandung,SME,2021-06-13
8200,Cut Anita Palastri,1978-07-17,Surabaya,SME,2016-12-10
8201,Emong Nasyidah,1994-09-12,Medan,Priority,2025-03-11
8202,Tgk. Kani Nurdiyanti S.IP,1989-10-21,Medan,Mass,2020-07-09
8203,Sutan Abyasa Puspita M.Pd,1988-04-06,Jakarta,Mass,2016-04-07
8204,Drs. Fitriani Widiastuti,1995-08-29,Medan,Priority,2014-12-14
8205,Dt. Gambira Laksmiwati S.Pd,1968-11-15,Jakarta,SME,2021-02-12
8206,Rahman Namaga M.Pd,2001-01-21,Yogyakarta,SME,2023-02-23
8207,Lasmanto Riyanti,1960-08-25,Surabaya,Priority,2016-05-28
8208,Nabila Saptono S.IP,1992-02-09,Semarang,Mass,2016-03-11
8209,Tgk. Heryanto Prakasa,1997-06-22,Surabaya,SME,2018-10-29
8210,Cakrawala Hassanah,1990-11-22,Medan,Mass,2015-03-31
8211,Tgk. Vinsen Budiman S.Gz,1999-07-28,Yogyakarta,Priority,2018-03-13
8212,Danuja Gunawan,1965-11-12,Medan,Mass,2021-03-29
8213,Gangsar Wibisono S.Sos,1977-06-13,Surabaya,SME,2019-10-18
8214,Lega Riyanti,1984-10-23,Semarang,Mass,2014-04-17
8215,Septi Putra,1993-03-14,Semarang,Mass,2021-04-07
8216,Viktor Tamba,2001-05-16,Medan,Mass,2025-05-30
8217,Icha Kuswoyo,1972-04-07,Surabaya,Mass,2015-07-05
8218,T. Pranata Pratiwi,1996-10-03,Medan,Mass,2023-10-15
8219,Rudi Farida,1982-07-31,Semarang,Mass,2010-11-29
8220,Ir. Surya Sihombing,1962-08-04,Bandung,Mass,2013-05-12
8221,Melinda Purnawati,1988-12-05,Yogyakarta,Mass,2023-04-10
8222,Jefri Kuswandari,1995-12-26,Surabaya,SME,2017-09-05
8223,Anita Yolanda S.IP,1994-09-28,Surabaya,Mass,2017-12-08
8224,drg. Caraka Agustina,1986-09-07,Bandung,SME,2017-05-27
8225,Rangga Firmansyah S.Ked,1996-10-16,Yogyakarta,Mass,2017-01-25
8226,Laswi Putra,1996-11-23,Medan,Mass,2020-02-27
8227,Kasiyah Maheswara,1983-05-17,Jakarta,Mass,2022-03-31
8228,Daru Saputra,1978-10-27,Surabaya,Mass,2023-12-13
8229,Ilsa Ramadan,2000-07-31,Medan,Priority,2021-12-05
8230,Limar Riyanti,1981-05-24,Surabaya,Mass,2019-01-10
8231,Hartana Laksmiwati,1979-04-21,Jakarta,Priority,2023-01-27
8232,Salwa Siregar,1979-02-10,Bandung,Mass,2011-10-27
8233,Putri Wacana,1961-12-26,Yogyakarta,Mass,2015-05-02
8234,dr. Eli Sihombing S.Gz,1978-03-03,Surabaya,SME,2025-09-03
8235,Dinda Mahendra,1995-05-18,Yogyakarta,Mass,2022-07-13
8236,Gaman Situmorang,1988-08-21,Yogyakarta,Mass,2022-08-18
8237,Ir. Maya Kuswandari,1965-07-02,Medan,Mass,2017-01-15
8238,Galih Anggraini,1969-09-20,Bandung,SME,2018-05-13
8239,R.M. Cengkal Najmudin S.IP,1992-01-21,Yogyakarta,Mass,2026-01-30
8240,Cut Julia Prakasa,1996-07-21,Medan,Mass,2019-07-21
8241,Wardi Usada,1994-05-19,Bandung,Mass,2012-12-12
8242,Maryanto Sihombing M.M.,1968-08-28,Jakarta,Mass,2021-08-19
8243,Dt. Eka Mandasari S.Pd,1963-01-28,Surabaya,Priority,2014-02-19
8244,Kayla Sihombing,1964-03-31,Jakarta,SME,2022-02-26
8245,T. Mahdi Simbolon,1962-06-16,Yogyakarta,SME,2018-08-19
8246,Rina Prasetyo,1986-10-24,Medan,Mass,2016-08-15
8247,drg. Jane Narpati,1965-03-14,Semarang,Priority,2014-04-03
8248,Samsul Pradipta,1961-08-15,Surabaya,Mass,2017-12-28
8249,Sutan Galar Ardianto,1990-02-19,Bandung,SME,2023-04-21
8250,Yance Hutapea,1978-06-21,Semarang,Mass,2021-12-09
8251,Edward Sitorus,1995-08-29,Jakarta,Mass,2024-09-09
8252,Kamaria Pratama S.IP,1960-07-06,Surabaya,Mass,2024-05-26
8253,Nardi Riyanti,1986-10-19,Yogyakarta,Mass,2014-07-30
8254,Ade Prayoga,2000-09-10,Jakarta,Mass,2022-10-12
8255,Dian Wahyuni,1986-12-03,Jakarta,Mass,2019-06-24
8256,Warsita Iswahyudi,1969-11-13,Bandung,Mass,2014-08-28
8257,Puti Tina Halimah S.H.,1972-07-14,Surabaya,Mass,2022-12-06
8258,Ir. Cakrabirawa Usada M.M.,1961-11-20,Surabaya,Mass,2022-08-14
8259,Endah Anggraini,2002-05-01,Semarang,SME,2022-09-16
8260,T. Kawaca Yuniar M.Pd,2001-12-20,Semarang,Mass,2025-03-28
8261,Hilda Safitri S.I.Kom,1975-08-24,Bandung,Priority,2018-08-23
8262,Tgk. Narji Wulandari,1984-04-06,Semarang,Mass,2010-02-26
8263,Puspa Simbolon,1990-12-22,Semarang,Priority,2014-01-25
8264,Cemeti Padmasari,1992-05-01,Yogyakarta,Mass,2011-01-20
8265,Gaduh Narpati S.I.Kom,1977-06-02,Surabaya,SME,2023-04-11
8266,Narji Sihotang,1974-04-07,Yogyakarta,Mass,2020-12-31
8267,Halim Latupono,1965-04-15,Semarang,Mass,2022-06-08
8268,Tgk. Jindra Uwais,1962-11-05,Jakarta,SME,2022-02-27
8269,Puti Melinda Hidayat,1992-09-27,Yogyakarta,Priority,2013-09-06
8270,Gandi Habibi,1999-03-29,Medan,SME,2024-11-05
8271,Ir. Asirwada Tarihoran,1968-10-10,Bandung,Mass,2011-05-01
8272,Rahayu Iswahyudi,1999-03-29,Medan,Priority,2025-08-02
8273,Melinda Hasanah,1992-04-29,Jakarta,Mass,2013-05-10
8274,Hasna Halimah,1969-12-02,Surabaya,Priority,2012-07-31
8275,Prakosa Utama,1986-11-30,Medan,Priority,2019-08-28
8276,Dariati Tamba S.E.I,1991-06-14,Jakarta,SME,2023-07-30
8277,Maida Nuraini,1991-07-29,Yogyakarta,Mass,2018-09-05
8278,Uli Sihombing S.IP,1998-08-02,Jakarta,SME,2022-09-17
8279,Dr. Devi Tamba M.Farm,1961-05-20,Bandung,Mass,2017-09-17
8280,Tira Pertiwi,1993-11-05,Bandung,Priority,2012-12-06
8281,Farah Rajata,1983-04-11,Semarang,Priority,2012-09-30
8282,Zulfa Suartini,2002-03-25,Surabaya,Mass,2020-05-13
8283,Argono Sitorus,1997-09-02,Medan,Priority,2016-02-19
8284,Jindra Melani,1982-05-29,Surabaya,Mass,2012-04-17
8285,Dt. Darman Nababan,1997-09-18,Surabaya,Mass,2018-05-08
8286,Karta Pratama,1971-10-29,Medan,SME,2016-04-16
8287,Chelsea Hidayat,1996-10-16,Jakarta,Mass,2023-11-03
8288,Farah Permadi M.TI.,1997-03-03,Medan,Mass,2025-05-06
8289,R. Maria Firgantoro,1991-01-20,Surabaya,Mass,2020-03-30
8290,drg. Jono Nasyidah,1986-08-26,Bandung,Priority,2022-07-04
8291,Rosman Puspita,1984-07-04,Medan,Priority,2017-10-24
8292,Garan Natsir,1971-07-27,Medan,SME,2013-03-06
8293,Puji Kusmawati,1973-09-06,Yogyakarta,Mass,2013-03-18
8294,Adika Suwarno,1973-01-09,Surabaya,Mass,2023-11-30
8295,Drs. Maya Nashiruddin S.Psi,1979-11-16,Bandung,Mass,2019-09-02
8296,Atma Sihotang S.E.,1990-04-03,Medan,Mass,2024-01-25
8297,Ibun Samosir,1993-10-07,Medan,Mass,2020-07-06
8298,Jane Wijayanti,1996-03-04,Bandung,Mass,2021-11-27
8299,Wira Simbolon,2002-01-30,Semarang,Mass,2023-04-10
8300,Genta Laksmiwati M.TI.,1977-12-24,Semarang,SME,2012-10-08
8301,Baktianto Mulyani,1991-12-12,Medan,Mass,2018-06-02
8302,Puti Kani Anggraini,1966-01-16,Semarang,Mass,2025-05-24
8303,Jati Nainggolan S.Pd,2002-12-10,Jakarta,Mass,2023-02-07
8304,Kezia Mandasari,1977-05-10,Yogyakarta,Mass,2013-01-28
8305,Oman Kuswandari,1960-05-09,Surabaya,Mass,2014-04-03
8306,Uli Waluyo,1972-02-11,Medan,Mass,2018-12-21
8307,Lega Widodo,1995-04-06,Semarang,Priority,2022-07-06
8308,Puti Ira Prasetyo,1977-10-03,Semarang,Mass,2018-04-16
8309,Rahmat Widodo,1993-06-18,Yogyakarta,Mass,2022-06-18
8310,Langgeng Suartini,1962-10-27,Semarang,SME,2018-03-01
8311,Tgk. Keisha Usamah,1963-11-22,Bandung,Mass,2026-01-29
8312,dr. Eluh Siregar S.Gz,1968-01-16,Surabaya,Mass,2014-07-22
8313,Ir. Ratih Padmasari,1997-04-13,Jakarta,Mass,2015-08-25
8314,Dt. Muhammad Firgantoro S.IP,1997-07-29,Surabaya,Mass,2022-07-04
8315,Kasiran Riyanti,1980-04-20,Jakarta,Mass,2014-01-12
8316,Tgk. Jatmiko Pradana,1975-03-25,Jakarta,Priority,2013-05-15
8317,Cut Patricia Pradipta,1974-10-28,Jakarta,Mass,2014-06-20
8318,Hj. Titin Siregar S.E.,1983-02-07,Surabaya,SME,2016-02-08
8319,Niyaga Hutasoit,1974-10-10,Medan,Mass,2023-09-28
8320,Drs. Hasan Wijayanti,1966-09-13,Bandung,Mass,2015-06-08
8321,T. Utama Suwarno,1960-04-18,Jakarta,SME,2023-07-24
8322,Martana Sihombing,1972-02-24,Yogyakarta,Mass,2015-10-16
8323,Ika Mulyani,1995-07-25,Yogyakarta,Priority,2019-10-07
8324,Dr. Emin Safitri M.Ak,1972-08-09,Medan,SME,2010-09-11
8325,Michelle Padmasari S.I.Kom,1982-12-19,Surabaya,Priority,2014-12-28
8326,Ella Purwanti,1990-07-18,Semarang,SME,2024-03-31
8327,Yuni Lestari,1986-07-18,Bandung,Priority,2022-03-15
8328,Siska Pertiwi,1962-01-09,Jakarta,SME,2013-05-02
8329,Usyi Nurdiyanti,2001-09-28,Bandung,Mass,2025-09-06
8330,Warsita Maryati,1982-01-27,Medan,SME,2023-12-20
8331,Carla Rahayu S.Gz,1963-08-16,Jakarta,Priority,2021-04-07
8332,Cakrabirawa Hidayanto,1996-01-25,Bandung,SME,2022-08-22
8333,Uli Padmasari,2003-08-31,Surabaya,SME,2023-12-10
8334,Uchita Nasyiah,1994-08-24,Bandung,Priority,2022-05-24
8335,Hj. Salimah Usamah,1982-08-09,Semarang,SME,2020-08-14
8336,Puti Yuliana Mandala S.Pd,1998-11-19,Semarang,Mass,2018-04-20
8337,Dr. Dacin Uyainah,1982-07-13,Medan,Mass,2021-09-21
8338,Dr. Cindy Hariyah,1996-12-16,Surabaya,Mass,2018-04-16
8339,Wira Sitompul,1965-10-02,Surabaya,Mass,2024-05-04
8340,Drs. Karsana Salahudin S.T.,1963-01-12,Medan,Priority,2020-06-13
8341,Yessi Januar,1984-10-30,Surabaya,Mass,2010-07-26
8342,T. Putu Putra S.Farm,1971-04-17,Surabaya,Mass,2017-07-18
8343,Vanya Manullang,1968-05-16,Semarang,Mass,2021-06-16
8344,dr. Karman Jailani,1979-10-19,Semarang,Mass,2018-11-24
8345,Cemplunk Pratama,1991-10-14,Medan,Mass,2010-12-29
8346,Among Pranowo M.TI.,2003-07-04,Surabaya,Mass,2024-04-08
8347,Tgk. Parman Fujiati,1980-01-15,Yogyakarta,Priority,2011-10-10
8348,Drs. Calista Hutapea M.Farm,1988-01-26,Surabaya,Mass,2020-08-07
8349,Lurhur Lestari,1997-10-08,Bandung,Priority,2024-12-20
8350,Drs. Cindy Saefullah S.Psi,1984-11-30,Medan,Mass,2018-01-27
8351,Cut Yuni Damanik,1994-11-10,Semarang,Mass,2015-11-26
8352,Wulan Safitri M.Farm,1989-05-16,Semarang,SME,2010-10-10
8353,Slamet Marbun S.IP,1971-07-11,Bandung,Mass,2015-11-28
8354,Nadia Permata,1960-09-06,Jakarta,Mass,2018-09-11
8355,Hairyanto Sihotang,1975-12-12,Medan,Priority,2013-03-12
8356,Kurnia Anggraini,1977-02-17,Surabaya,Priority,2016-11-10
8357,Restu Pranowo,1972-03-01,Bandung,Mass,2014-08-05
8358,Ridwan Wahyudin,1998-02-19,Jakarta,Priority,2021-06-29
8359,Lutfan Wahyuni,1998-03-09,Bandung,Mass,2020-03-27
8360,Uli Mayasari,1999-10-18,Medan,SME,2020-11-19
8361,KH. Ajimat Hariyah,1987-11-29,Medan,Mass,2019-09-11
8362,Amalia Winarsih S.Psi,1961-02-16,Yogyakarta,Mass,2011-01-10
8363,Budi Wulandari,1973-07-27,Surabaya,Mass,2015-01-28
8364,Ayu Maheswara,1982-04-06,Yogyakarta,Priority,2018-03-04
8365,Kamal Permadi,1996-07-02,Yogyakarta,Mass,2023-10-05
8366,Drs. Bahuwirya Anggriawan S.H.,1983-06-25,Jakarta,SME,2021-05-12
8367,Drs. Dian Pertiwi M.Kom.,1982-12-15,Jakarta,SME,2019-01-19
8368,Diana Yuliarti,1965-03-09,Medan,Mass,2018-03-21
8369,dr. Kamaria Maheswara S.H.,1987-03-25,Bandung,Mass,2015-09-22
8370,Maria Gunarto M.Farm,1983-02-06,Semarang,SME,2012-11-11
8371,Muhammad Nuraini,1998-11-29,Bandung,Mass,2017-05-27
8372,Yunita Nasyidah,1967-07-05,Bandung,SME,2014-03-06
8373,R. Sabri Mardhiyah S.IP,1971-11-05,Jakarta,SME,2022-06-27
8374,Edi Simbolon,1960-08-13,Semarang,Mass,2016-07-02
8375,Tasnim Mansur,2003-12-26,Yogyakarta,SME,2023-09-21
8376,Gabriella Hariyah,1969-10-17,Medan,Mass,2018-11-21
8377,Himawan Hidayat,1981-02-25,Surabaya,Mass,2021-02-18
8378,Tami Nuraini,1969-12-02,Semarang,Mass,2019-01-12
8379,Farhunnisa Wibowo,1978-01-15,Jakarta,Priority,2010-04-13
8380,dr. Cahyono Farida S.Pt,1976-12-09,Bandung,Mass,2026-01-31
8381,Muhammad Tampubolon,1998-03-29,Jakarta,SME,2017-12-17
8382,H. Liman Wacana,1995-04-28,Bandung,Mass,2025-05-23
8383,R.A. Fathonah Thamrin,1998-07-09,Medan,Mass,2026-02-09
8384,Raditya Safitri,1967-05-27,Medan,Priority,2020-10-13
8385,Niyaga Ardianto,1965-12-29,Surabaya,Priority,2019-07-28
8386,Ganda Palastri S.Psi,1986-11-09,Bandung,SME,2014-08-15
8387,drg. Cornelia Utama S.Pd,1992-05-19,Yogyakarta,Mass,2018-06-12
8388,Salwa Prayoga,1985-07-25,Yogyakarta,Priority,2013-09-22
8389,Martana Sitorus,1977-12-25,Semarang,Mass,2024-10-21
8390,drg. Yuni Waluyo S.H.,1984-05-11,Bandung,Mass,2017-11-26
8391,Dr. Qori Nashiruddin,1971-04-27,Surabaya,Mass,2024-08-27
8392,Jelita Latupono,1983-05-16,Medan,SME,2016-03-20
8393,Harjasa Siregar,1964-02-09,Medan,Priority,2012-07-10
8394,Hartana Wastuti,1975-10-07,Bandung,SME,2012-03-14
8395,Cut Sakura Mansur,1965-04-23,Semarang,Priority,2010-08-27
8396,Drs. Halima Halimah M.Kom.,1984-12-31,Jakarta,Mass,2025-04-20
8397,Jaga Dabukke,1973-10-07,Yogyakarta,Priority,2022-07-17
8398,R. Puji Riyanti S.Farm,1995-05-28,Surabaya,Priority,2021-10-30
8399,Ir. Harja Wasita S.Ked,1964-04-02,Yogyakarta,Mass,2011-11-13
8400,Hilda Sihombing,1985-12-27,Surabaya,Priority,2017-11-04
8401,Karma Hutasoit,1996-03-05,Medan,SME,2022-07-06
8402,Yani Rajasa,1963-04-15,Bandung,Mass,2023-12-19
8403,Betania Zulaika,2001-05-01,Bandung,Priority,2020-06-27
8404,Citra Firmansyah,1968-09-04,Semarang,Mass,2025-06-18
8405,Leo Hariyah,1967-12-14,Semarang,Mass,2020-12-18
8406,Siska Putra,1982-02-01,Semarang,Mass,2020-09-06
8407,Paulin Usada,1976-03-09,Semarang,Mass,2022-07-16
8408,Laila Saptono,1964-01-03,Surabaya,SME,2020-11-21
8409,Hardi Maheswara,1986-03-26,Bandung,Priority,2017-10-05
8410,Dacin Winarsih,1961-01-19,Yogyakarta,Mass,2022-04-14
8411,Dr. Abyasa Mansur,1968-01-14,Semarang,SME,2019-09-12
8412,Gabriella Anggriawan,1968-12-28,Medan,Mass,2023-08-20
8413,Dinda Laksita,1998-02-08,Jakarta,Mass,2020-08-24
8414,Fathonah Anggraini,1961-06-27,Jakarta,Mass,2012-02-09
8415,Warji Melani,1964-10-07,Surabaya,Mass,2017-07-01
8416,Puti Hani Usada S.T.,1973-10-22,Bandung,Priority,2016-05-07
8417,Emong Hasanah S.IP,2003-08-05,Semarang,Mass,2022-12-27
8418,KH. Labuh Pradana,1971-09-25,Medan,Mass,2023-02-14
8419,dr. Wulan Prabowo,1998-10-03,Medan,SME,2024-11-19
8420,Kamal Zulkarnain,1995-11-23,Surabaya,SME,2022-07-03
8421,Cut Lili Lailasari,1960-10-30,Yogyakarta,SME,2016-12-29
8422,Hana Wahyuni,1987-01-15,Jakarta,Mass,2022-10-20
8423,Ir. Sari Adriansyah M.Farm,1970-01-20,Yogyakarta,SME,2021-11-23
8424,Cawuk Mayasari,1980-05-16,Medan,Mass,2023-10-02
8425,KH. Sidiq Setiawan,1970-05-15,Semarang,Mass,2018-09-07
8426,Drs. Mutia Saputra,1986-03-13,Semarang,Mass,2025-02-25
8427,dr. Usyi Tampubolon S.IP,1994-03-02,Semarang,Mass,2016-06-30
8428,R.A. Yance Sitompul M.Pd,1970-01-13,Bandung,Mass,2025-02-17
8429,Mutia Mansur M.Kom.,1995-10-25,Medan,Mass,2022-06-24
8430,Jaeman Santoso,2000-03-07,Surabaya,Priority,2021-02-28
8431,Ajimat Yuniar,1964-08-23,Yogyakarta,Mass,2024-11-27
8432,Yani Puspasari,1979-11-30,Bandung,Mass,2023-11-12
8433,R. Pandu Kurniawan,1980-12-10,Jakarta,Mass,2010-02-28
8434,dr. Salman Saputra S.Gz,1973-10-29,Medan,Mass,2025-03-15
8435,Gaduh Pranowo,1990-04-27,Bandung,Priority,2021-03-12
8436,Drs. Vanya Nurdiyanti,1992-10-01,Jakarta,Priority,2020-01-07
8437,Jono Lailasari,1979-01-07,Surabaya,Mass,2021-05-24
8438,Kuncara Halimah,1990-11-08,Yogyakarta,Priority,2022-01-09
8439,Sadina Tamba,1993-11-01,Jakarta,SME,2013-03-25
8440,Sutan Opan Pradipta,1975-05-22,Medan,Mass,2025-02-08
8441,Halim Suryono,1982-06-21,Semarang,SME,2018-06-28
8442,drg. Ihsan Budiman S.T.,1973-02-27,Yogyakarta,SME,2014-10-08
8443,Daruna Anggriawan,1972-04-13,Semarang,Mass,2016-02-03
8444,Cut Sarah Kusumo,1969-01-02,Semarang,Mass,2013-05-16
8445,Febi Mulyani,1989-07-05,Surabaya,Mass,2019-07-08
8446,Hj. Lili Damanik S.E.,1992-12-26,Medan,Mass,2018-06-25
8447,R.M. Harto Mansur,1977-04-09,Surabaya,Priority,2023-11-20
8448,Hani Marbun,1971-11-22,Yogyakarta,Mass,2019-12-05
8449,Wahyu Saptono,1997-10-07,Yogyakarta,Mass,2022-10-19
8450,Marwata Narpati,2000-09-09,Surabaya,Priority,2021-07-06
8451,R.A. Chelsea Suryatmi S.Gz,1965-10-26,Jakarta,Priority,2015-09-06
8452,Safina Tamba M.M.,1979-11-09,Bandung,Mass,2021-02-08
8453,Diana Ardianto,1985-01-30,Yogyakarta,SME,2016-02-14
8454,Vanya Setiawan,1987-05-31,Surabaya,SME,2018-12-08
8455,Ajimat Hakim,1987-12-24,Surabaya,SME,2015-10-21
8456,Shakila Lailasari M.Farm,1979-10-12,Surabaya,Mass,2017-11-02
8457,Tgk. Cinthia Pratiwi S.Kom,1994-09-01,Medan,Mass,2023-06-19
8458,Emong Wahyudin,1983-11-13,Bandung,Priority,2014-11-04
8459,Sutan Saadat Puspasari S.Pt,2001-06-27,Medan,Mass,2023-12-29
8460,Luthfi Laksmiwati,1965-06-03,Semarang,Mass,2015-07-22
8461,Raisa Saragih S.IP,2003-10-13,Medan,Mass,2025-12-02
8462,Virman Megantara S.E.I,1996-05-25,Semarang,Mass,2015-01-15
8463,T. Kenari Hastuti S.Ked,1962-06-26,Jakarta,Mass,2016-03-01
8464,Drs. Nabila Maryadi,1969-10-18,Yogyakarta,Mass,2013-12-18
8465,Kayla Rajasa M.Farm,1974-02-04,Jakarta,Priority,2012-04-26
8466,Farhunnisa Najmudin,1978-04-14,Medan,Mass,2018-02-05
8467,Hardi Hutapea,1980-04-09,Medan,Mass,2024-03-02
8468,Zaenab Salahudin,1999-12-17,Semarang,Mass,2021-03-19
8469,R.M. Cengkal Siregar S.Ked,1979-02-26,Yogyakarta,SME,2015-12-23
8470,Zahra Yuliarti,1998-09-29,Yogyakarta,Mass,2021-07-28
8471,Dariati Natsir S.Farm,1998-02-28,Bandung,SME,2025-10-04
8472,Balangga Nasyidah,1996-11-18,Surabaya,Mass,2025-07-06
8473,Ir. Anastasia Firgantoro S.Kom,1966-07-30,Yogyakarta,SME,2011-03-16
8474,Kezia Novitasari,1972-09-21,Jakarta,SME,2011-07-26
8475,Cinthia Wibowo,1968-01-12,Semarang,Mass,2024-02-03
8476,Asirwanda Kusmawati,1996-01-27,Jakarta,Priority,2026-01-07
8477,Cakrawala Palastri,1974-09-16,Semarang,Mass,2012-07-30
8478,Melinda Yolanda,1971-10-08,Semarang,Mass,2023-04-11
8479,Asman Maryadi,1981-01-19,Medan,Mass,2014-07-15
8480,Dt. Anggabaya Riyanti S.Psi,1998-09-18,Jakarta,Mass,2026-01-22
8481,KH. Dasa Wijaya S.Farm,1971-04-15,Surabaya,Mass,2014-10-27
8482,Diana Hidayat M.Farm,1976-08-25,Yogyakarta,SME,2016-01-18
8483,Faizah Wasita,1986-06-20,Surabaya,Mass,2014-09-20
8484,Drs. Among Anggriawan,1989-12-29,Yogyakarta,Mass,2024-05-20
8485,Nadia Kusmawati,1968-04-30,Jakarta,Priority,2020-06-25
8486,dr. Ana Halim,1981-02-05,Semarang,Priority,2017-06-30
8487,Jumari Prasasta,1981-07-27,Yogyakarta,SME,2011-11-29
8488,Ganda Pratiwi,1990-07-06,Bandung,Mass,2012-09-07
8489,Akarsana Hariyah,1999-08-11,Semarang,SME,2025-08-28
8490,Latif Hariyah,1985-07-26,Bandung,Mass,2012-06-18
8491,Dadap Firmansyah,1971-05-17,Medan,Priority,2018-03-01
8492,Jabal Narpati S.E.,2003-04-21,Yogyakarta,Mass,2022-12-16
8493,Balangga Putra,2000-10-13,Semarang,Mass,2021-07-22
8494,dr. Karya Gunarto,1980-01-01,Surabaya,SME,2010-03-15
8495,Oni Halimah S.Pt,1994-12-02,Semarang,Mass,2013-03-02
8496,Harsaya Lailasari S.E.I,1988-03-02,Yogyakarta,Mass,2019-01-27
8497,Banawa Dongoran,1996-09-21,Surabaya,Mass,2024-04-17
8498,T. Galih Setiawan S.Farm,2003-04-25,Medan,Mass,2023-11-07
8499,R. Jumari Kusumo M.Farm,1990-07-15,Surabaya,Mass,2024-06-23
8500,Kuncara Hidayat,1982-12-24,Jakarta,Mass,2014-05-27
8501,Zahra Ardianto,1997-09-28,Surabaya,Mass,2024-05-07
8502,Hamima Samosir,2001-09-14,Yogyakarta,Mass,2023-05-17
8503,Hasim Habibi,1960-04-28,Surabaya,Priority,2016-07-12
8504,Rudi Prasetyo,1968-04-14,Jakarta,Mass,2021-07-13
8505,T. Emil Mustofa S.E.,1965-04-12,Medan,SME,2020-02-18
8506,Dinda Iswahyudi,1970-12-25,Semarang,Priority,2024-11-16
8507,Hasta Budiman S.E.I,1971-01-08,Semarang,Mass,2011-11-09
8508,Elvina Prabowo,1974-08-09,Medan,SME,2024-01-01
8509,Tgk. Usyi Hutasoit,1971-12-26,Medan,Mass,2010-12-08
8510,Xanana Widiastuti,2000-05-31,Yogyakarta,Mass,2021-12-09
8511,Anita Padmasari S.T.,1968-12-19,Yogyakarta,Mass,2014-03-06
8512,Ulya Hassanah,1999-10-23,Semarang,Mass,2021-12-18
8513,drg. Tasdik Najmudin S.Sos,1966-12-06,Medan,Priority,2019-06-30
8514,Cut Fathonah Wulandari,1965-07-27,Bandung,Mass,2018-02-10
8515,Imam Yuniar,1961-09-10,Medan,SME,2012-12-03
8516,Garan Sihotang S.IP,1987-12-03,Semarang,Mass,2019-01-08
8517,Virman Mustofa,2003-01-13,Bandung,SME,2024-05-21
8518,Laila Hutapea,1998-02-11,Surabaya,Mass,2020-07-31
8519,Jaka Suartini S.Pd,2003-11-22,Jakarta,Mass,2023-04-02
8520,Puti Dongoran S.E.I,1986-08-10,Surabaya,Mass,2012-08-19
8521,Jelita Tamba,1996-01-29,Yogyakarta,Mass,2018-02-06
8522,Drs. Kamaria Kusumo,1961-02-25,Bandung,SME,2012-08-20
8523,Ani Mustofa,1987-05-01,Bandung,Mass,2018-01-05
8524,Balamantri Permata,1960-03-12,Surabaya,Mass,2010-06-30
8525,Balapati Simanjuntak M.Pd,1989-10-18,Bandung,Priority,2021-12-04
8526,Puti Ella Astuti,2001-11-11,Bandung,Priority,2025-08-25
8527,dr. Praba Suwarno,1973-07-01,Jakarta,Priority,2021-11-07
8528,Rachel Nasyiah S.Farm,1985-06-01,Jakarta,SME,2015-04-30
8529,Natalia Puspita,1973-05-03,Surabaya,Priority,2021-11-26
8530,Widya Mulyani,2001-01-19,Surabaya,Mass,2024-10-29
8531,Imam Mahendra S.Kom,1986-11-30,Bandung,Mass,2020-01-11
8532,Kezia Halim,1993-07-28,Surabaya,SME,2014-12-06
8533,Jais Novitasari,1988-08-15,Surabaya,Mass,2025-04-01
8534,Ira Hasanah,1976-10-22,Medan,Mass,2011-11-25
8535,Aisyah Melani,1998-07-23,Bandung,Priority,2024-02-26
8536,Gina Farida M.Pd,1979-08-02,Bandung,Mass,2016-02-27
8537,Karya Kusumo,1982-08-17,Bandung,SME,2017-09-13
8538,Cut Nurul Siregar,1988-12-31,Yogyakarta,Mass,2020-06-22
8539,Ir. Diah Hutasoit,1995-02-21,Yogyakarta,Priority,2024-12-03
8540,Ifa Gunawan,2000-08-09,Medan,Mass,2022-05-22
8541,Hadi Pertiwi,2002-01-09,Jakarta,Mass,2025-10-07
8542,Tari Nuraini S.Kom,1974-09-23,Surabaya,Priority,2016-10-20
8543,Rachel Utami,1977-05-22,Yogyakarta,Priority,2012-04-26
8544,Rafi Napitupulu,1996-12-26,Medan,Mass,2021-07-27
8545,Tgk. Dartono Setiawan M.Pd,1993-03-03,Yogyakarta,SME,2013-09-27
8546,Oni Fujiati,1982-11-23,Bandung,Priority,2022-10-31
8547,Melinda Gunarto,1978-04-07,Surabaya,Mass,2025-12-19
8548,R.M. Banara Prasetyo,1961-03-14,Semarang,Mass,2019-12-14
8549,Drs. Laras Simanjuntak,1975-07-20,Medan,Priority,2017-11-26
8550,Mala Nashiruddin,1976-07-08,Medan,Mass,2017-06-17
8551,Nasab Anggriawan,1982-10-11,Bandung,Priority,2025-12-19
8552,Atmaja Marbun,1979-09-04,Surabaya,Mass,2017-05-25
8553,Paiman Lestari,1988-02-25,Semarang,Mass,2021-02-20
8554,Wakiman Maulana S.Ked,1999-03-14,Surabaya,Mass,2019-03-15
8555,Julia Adriansyah,1965-08-29,Medan,Mass,2014-11-12
8556,Prabawa Pratama,1993-01-16,Bandung,Mass,2024-03-11
8557,Aswani Damanik,1987-08-14,Jakarta,Mass,2010-11-12
8558,Kuncara Maryati,1974-11-05,Medan,SME,2018-03-03
8559,Hilda Siregar,1997-04-29,Medan,Priority,2018-10-17
8560,Tania Waskita M.M.,1980-09-18,Yogyakarta,SME,2015-12-13
8561,Lega Kusumo,1979-07-29,Bandung,Mass,2019-07-25
8562,Cut Ade Maryati,1975-04-17,Yogyakarta,SME,2019-06-18
8563,Drs. Pranawa Purnawati,1966-11-28,Surabaya,Mass,2017-05-26
8564,Banawi Ramadan,2000-06-11,Bandung,Priority,2018-10-07
8565,Halim Adriansyah,1980-01-15,Medan,Priority,2015-11-29
8566,Labuh Iswahyudi,1976-11-05,Jakarta,Priority,2016-10-02
8567,Qori Utami,1982-01-06,Yogyakarta,Mass,2013-04-23
8568,Rizki Prakasa,1968-11-07,Surabaya,Priority,2011-05-30
8569,Mahdi Lailasari,1991-02-08,Bandung,Mass,2024-01-29
8570,Warji Hasanah,2000-08-28,Jakarta,Mass,2025-10-15
8571,Yance Prastuti M.Pd,2003-01-29,Surabaya,Mass,2023-02-09
8572,Drs. Ozy Haryanti M.Ak,1975-11-04,Medan,SME,2017-12-23
8573,Harsanto Anggriawan,2001-06-06,Bandung,SME,2024-04-18
8574,KH. Oskar Sirait,1985-01-15,Bandung,Mass,2024-11-18
8575,Puji Hutasoit,1981-09-11,Semarang,Mass,2025-09-08
8576,Drs. Lintang Kuswandari S.T.,1985-02-21,Surabaya,Priority,2023-09-29
8577,Hesti Gunarto,1996-01-17,Jakarta,Mass,2016-02-01
8578,Ajimin Riyanti,1973-03-05,Jakarta,Mass,2014-07-04
8579,Ir. Oliva Saefullah S.H.,2000-11-07,Yogyakarta,Mass,2022-07-15
8580,Ibrahim Lazuardi,1994-05-11,Jakarta,Priority,2015-11-26
8581,Nyoman Prasasta,1980-06-28,Bandung,Mass,2023-01-29
8582,Chelsea Kuswoyo,1999-10-18,Medan,Priority,2018-04-20
8583,R. Galiono Iswahyudi,1999-01-15,Yogyakarta,Priority,2017-10-17
8584,Lukita Puspita S.I.Kom,1983-06-26,Medan,SME,2022-11-30
8585,Hana Sitompul M.TI.,1975-09-17,Yogyakarta,Mass,2024-06-29
8586,Prabu Pertiwi,1961-07-01,Surabaya,Priority,2018-04-08
8587,T. Cakrawala Budiyanto S.Kom,1968-10-31,Jakarta,Mass,2023-05-25
8588,Elon Widiastuti S.Ked,1997-09-25,Bandung,Mass,2018-01-06
8589,Gilang Putra,1972-10-14,Jakarta,Mass,2011-02-02
8590,Vanesa Permadi,1990-10-08,Yogyakarta,Mass,2025-03-16
8591,Laras Zulkarnain,2002-03-09,Bandung,Mass,2025-01-12
8592,Ivan Sinaga,1968-04-18,Yogyakarta,Priority,2010-01-20
8593,Ratih Sudiati,1984-05-16,Yogyakarta,Mass,2022-07-28
8594,Tgk. Intan Prastuti,2002-04-30,Medan,Mass,2021-01-07
8595,Humaira Waskita S.Farm,1983-09-11,Surabaya,SME,2016-08-31
8596,Dalima Habibi,1983-04-25,Semarang,Priority,2012-03-24
8597,Asmianto Pudjiastuti,1978-02-17,Yogyakarta,SME,2015-07-29
8598,Emas Yuniar,1993-02-26,Medan,Mass,2011-04-27
8599,Anita Mandala M.Pd,1991-05-16,Bandung,Mass,2012-01-30
8600,Malik Mayasari,1979-07-06,Semarang,Mass,2016-07-20
8601,Viman Mandala,1973-10-08,Jakarta,Mass,2016-03-01
8602,Darman Mulyani M.M.,1985-01-24,Yogyakarta,Priority,2014-05-10
8603,Tgk. Ade Maryadi,1986-11-18,Semarang,Mass,2019-09-27
8604,Dinda Firmansyah,1974-09-05,Jakarta,Priority,2021-08-16
8605,Tgk. Jais Hidayat,1981-04-12,Surabaya,Mass,2019-12-14
8606,Hani Simbolon,1967-07-28,Semarang,Mass,2016-12-23
8607,Jarwa Pradana,1963-12-17,Surabaya,Mass,2016-11-11
8608,Tgk. Makuta Nababan S.Farm,1969-09-29,Medan,Priority,2022-10-06
8609,Endah Prasetya,1964-02-13,Surabaya,Priority,2017-05-03
8610,Mutia Budiyanto,1973-12-12,Bandung,Mass,2024-08-29
8611,Emil Irawan,1960-06-16,Yogyakarta,Mass,2013-06-04
8612,Lukman Kuswoyo,1994-01-17,Medan,SME,2012-04-13
8613,Dr. Wasis Mandala M.Pd,1972-01-13,Semarang,Mass,2023-03-20
8614,Julia Kurniawan M.Pd,1996-03-27,Jakarta,SME,2025-11-14
8615,Mahfud Andriani,1989-08-30,Bandung,SME,2022-01-23
8616,Lutfan Nugroho,1995-01-21,Bandung,Priority,2016-04-25
8617,Ir. Gamanto Situmorang M.Farm,1988-04-07,Bandung,Mass,2024-06-24
8618,Edison Widiastuti,1982-01-03,Bandung,SME,2013-01-30
8619,drg. Calista Firmansyah S.Gz,1980-12-23,Bandung,Mass,2014-08-30
8620,Rahmi Natsir,1994-09-12,Jakarta,SME,2018-09-26
8621,Asman Saptono,1991-12-14,Bandung,Mass,2011-06-11
8622,Laila Dongoran,2001-04-06,Yogyakarta,SME,2022-08-16
8623,Bakiadi Mahendra,2003-03-24,Semarang,Mass,2023-01-17
8624,Sutan Karman Megantara,2001-08-21,Surabaya,Mass,2022-08-08
8625,Clara Dabukke,1990-10-17,Yogyakarta,Priority,2017-04-20
8626,Nyoman Natsir,1977-11-30,Yogyakarta,SME,2024-08-13
8627,Unggul Mahendra,1997-01-13,Semarang,Mass,2024-01-03
8628,Hj. Maria Hidayat,1990-05-14,Jakarta,SME,2010-01-18
8629,Clara Mahendra,1963-01-04,Semarang,Priority,2012-12-15
8630,Marwata Saptono,1989-03-25,Surabaya,Priority,2019-07-09
8631,H. Hardi Anggriawan,1971-11-03,Semarang,SME,2014-10-26
8632,Unjani Aryani,1980-12-10,Surabaya,Mass,2010-10-26
8633,Umi Simbolon,2003-02-27,Surabaya,Mass,2023-07-31
8634,Yahya Rajata,1995-11-14,Bandung,Mass,2019-07-15
8635,Kezia Gunawan,1966-10-08,Yogyakarta,Mass,2011-12-21
8636,Safina Nugroho,1980-06-13,Jakarta,SME,2026-01-17
8637,Irnanto Andriani,1962-04-10,Surabaya,Mass,2015-08-07
8638,Simon Usada,1964-02-27,Medan,Mass,2022-10-27
8639,Kiandra Dongoran,1960-12-21,Semarang,Mass,2017-08-19
8640,Luthfi Irawan,1970-07-24,Surabaya,SME,2015-01-08
8641,Gilda Ardianto,1974-05-01,Medan,Mass,2011-02-11
8642,Najwa Utami,1968-05-30,Bandung,Priority,2014-03-01
8643,Yoga Saragih,1998-12-08,Semarang,Mass,2022-04-04
8644,Zulfa Maryadi,1968-05-08,Yogyakarta,Mass,2020-12-27
8645,Gilda Tampubolon,1994-12-17,Bandung,Mass,2019-03-17
8646,dr. Bakda Lestari,1964-04-18,Semarang,Mass,2010-01-13
8647,Patricia Narpati,1987-08-13,Yogyakarta,SME,2011-09-27
8648,Wage Simanjuntak,1961-09-17,Bandung,Mass,2018-02-26
8649,R. Pangestu Wastuti S.E.I,1983-09-19,Surabaya,Mass,2015-12-30
8650,Dr. Salsabila Najmudin S.Sos,1994-12-03,Medan,SME,2019-07-15
8651,Ade Melani,1976-03-25,Medan,Mass,2023-11-12
8652,Zulfa Andriani,1960-11-06,Bandung,Mass,2025-10-10
8653,Yessi Wibisono S.I.Kom,1979-04-03,Jakarta,Priority,2012-02-23
8654,Violet Wacana S.E.I,1974-03-14,Bandung,Mass,2021-04-20
8655,R. Ika Hutagalung M.Ak,1988-02-24,Semarang,Priority,2020-11-08
8656,Laila Palastri,1965-07-16,Jakarta,Mass,2014-12-15
8657,Oni Saputra,1986-09-15,Bandung,Mass,2013-06-08
8658,Drs. Emil Kusmawati M.M.,1986-05-12,Surabaya,Mass,2020-03-22
8659,Puti Salimah Manullang M.Farm,1996-12-02,Jakarta,Mass,2025-03-22
8660,Manah Pranowo,1970-09-24,Jakarta,Mass,2013-06-23
8661,Amalia Firgantoro,1987-05-06,Semarang,Mass,2012-10-31
8662,Cici Melani,1968-01-21,Semarang,Mass,2019-04-13
8663,Olivia Pratiwi,1998-05-23,Bandung,Mass,2016-11-11
8664,Ilsa Maulana,1963-11-17,Surabaya,Mass,2019-04-14
8665,Daryani Sihotang,1978-10-10,Surabaya,Mass,2013-04-07
8666,Tgk. Yessi Pranowo S.Pd,1975-03-06,Semarang,Mass,2013-05-12
8667,Gaiman Andriani,2000-02-11,Yogyakarta,Mass,2018-09-15
8668,Umi Waluyo M.Pd,1999-12-30,Yogyakarta,Mass,2023-04-15
8669,Warta Kusumo,1992-06-23,Jakarta,Mass,2017-07-04
8670,Bakianto Sirait,2000-07-10,Semarang,Mass,2026-03-12
8671,Ir. Ian Ramadan M.Ak,1979-02-13,Jakarta,Mass,2022-12-27
8672,Umi Tamba S.E.,1994-08-28,Bandung,Mass,2014-03-27
8673,Hamima Permata,1964-02-05,Semarang,SME,2018-08-05
8674,R.M. Agus Wacana S.T.,1969-02-01,Bandung,Mass,2014-01-16
8675,T. Margana Irawan S.IP,1985-10-06,Yogyakarta,SME,2015-02-25
8676,Mumpuni Suryatmi,1988-03-30,Surabaya,Mass,2018-04-24
8677,Vicky Napitupulu,1991-06-09,Jakarta,SME,2017-03-03
8678,Dr. Bajragin Nuraini,1974-11-03,Jakarta,SME,2020-08-11
8679,Jaiman Prayoga,1973-04-24,Bandung,SME,2014-03-23
8680,Sabri Winarsih,1970-03-11,Bandung,Mass,2010-09-20
8681,Gina Samosir,1990-08-27,Semarang,Priority,2015-12-12
8682,Gandi Wastuti,1988-03-04,Surabaya,Priority,2025-05-06
8683,Tgk. Olivia Mardhiyah,1961-02-06,Yogyakarta,Mass,2013-03-14
8684,R.M. Nyoman Haryanto M.TI.,1998-05-28,Yogyakarta,SME,2025-01-29
8685,T. Langgeng Andriani,1991-11-08,Medan,Mass,2016-11-01
8686,Dt. Halim Waskita,1964-06-02,Medan,Mass,2011-02-13
8687,Zelaya Budiyanto,1977-07-21,Yogyakarta,Mass,2018-03-10
8688,Zulfa Januar,1969-02-09,Jakarta,Mass,2015-05-05
8689,Puti Aurora Najmudin S.Pt,1991-05-25,Bandung,Mass,2016-10-15
8690,Rahman Uwais,1960-02-17,Medan,SME,2022-12-16
8691,Faizah Wahyuni,1978-03-12,Bandung,Mass,2015-11-29
8692,Indah Hutasoit S.E.,1961-06-24,Yogyakarta,Mass,2024-05-08
8693,Setya Dabukke,1960-06-24,Semarang,Mass,2016-01-18
8694,Nugraha Wacana,1975-04-19,Yogyakarta,SME,2025-10-14
8695,Galang Suryatmi,1984-10-01,Bandung,SME,2025-04-02
8696,Paris Anggraini S.Ked,1996-10-08,Jakarta,Mass,2025-04-24
8697,R.A. Najwa Megantara S.IP,1976-10-12,Medan,Mass,2018-07-16
8698,Titi Yuniar M.TI.,1987-02-22,Surabaya,Mass,2019-12-20
8699,Anastasia Hakim,1964-03-26,Yogyakarta,Mass,2021-01-26
8700,Carub Halim,1970-09-20,Yogyakarta,Mass,2010-09-08
8701,Farah Jailani M.Ak,1990-10-03,Yogyakarta,Mass,2017-10-14
8702,Pia Rahayu,1963-10-07,Medan,Priority,2018-06-28
8703,Ir. Alika Hutapea,1971-02-04,Yogyakarta,Mass,2026-02-03
8704,Respati Saefullah,1969-07-03,Surabaya,Priority,2018-06-06
8705,Wakiman Budiman,1983-04-15,Yogyakarta,Priority,2023-07-04
8706,Emin Kusmawati,1961-12-08,Surabaya,Priority,2018-08-26
8707,Puti Halima Kurniawan M.Kom.,1973-04-11,Bandung,SME,2017-12-17
8708,Cinthia Rahmawati M.M.,1985-08-11,Surabaya,Mass,2014-07-18
8709,Ir. Kala Agustina S.Gz,1982-04-25,Surabaya,Mass,2018-07-28
8710,H. Bala Usamah S.Sos,1977-07-31,Jakarta,Mass,2014-01-13
8711,Prabawa Thamrin,1974-05-15,Bandung,Priority,2019-07-17
8712,Nasrullah Susanti S.Gz,1980-03-11,Medan,Priority,2012-06-25
8713,Ophelia Rajata S.IP,1978-06-03,Bandung,SME,2010-08-02
8714,Hj. Intan Usada,1989-07-01,Yogyakarta,Priority,2018-08-04
8715,Yuni Novitasari,1965-06-10,Semarang,Mass,2022-08-02
8716,Karimah Anggriawan,1993-03-04,Jakarta,SME,2013-10-17
8717,Banawa Hutagalung S.Kom,1979-07-23,Medan,Priority,2010-01-27
8718,Jasmin Prasetyo,1972-06-26,Jakarta,Priority,2022-10-28
8719,Paris Marbun,1989-04-27,Jakarta,Mass,2020-06-25
8720,Devi Damanik M.Kom.,1966-02-05,Yogyakarta,Mass,2021-03-16
8721,Kalim Nuraini,1983-08-28,Surabaya,SME,2010-07-17
8722,Taswir Handayani M.TI.,1989-12-01,Medan,Mass,2025-06-26
8723,Ade Halimah S.E.I,1998-03-07,Jakarta,Mass,2021-09-22
8724,drg. Liman Hakim S.H.,1986-05-28,Bandung,Priority,2020-05-30
8725,Carla Agustina,1965-10-21,Jakarta,Mass,2012-04-03
8726,Irsad Dabukke,1989-01-16,Yogyakarta,Mass,2024-09-18
8727,H. Kambali Kusumo,1973-09-21,Jakarta,SME,2019-09-26
8728,Drs. Jarwadi Mangunsong S.E.I,1969-01-27,Surabaya,SME,2024-04-04
8729,Murti Riyanti,1977-07-05,Medan,Priority,2025-08-06
8730,Drs. Mahesa Winarno S.T.,1996-08-31,Bandung,Mass,2018-05-28
8731,Nurul Lazuardi,2003-07-21,Surabaya,Mass,2022-09-08
8732,Sutan Jayeng Sirait,2001-11-19,Surabaya,Priority,2025-01-09
8733,R.A. Azalea Hassanah S.Farm,1987-05-10,Surabaya,Mass,2013-12-02
8734,R. Uda Ardianto,1976-01-04,Semarang,Mass,2012-05-17
8735,Raditya Suwarno,1999-06-11,Medan,Mass,2025-07-13
8736,Dt. Muni Pudjiastuti,1968-06-25,Medan,Mass,2018-02-22
8737,Violet Thamrin,1992-10-12,Semarang,Priority,2013-04-20
8738,Zelaya Mardhiyah,1982-11-10,Surabaya,Mass,2020-01-29
8739,Aditya Narpati,1970-09-16,Medan,SME,2018-05-21
8740,Edi Winarsih S.Pd,1990-06-01,Yogyakarta,Mass,2017-06-21
8741,Raditya Mansur,1984-02-02,Surabaya,Mass,2015-04-11
8742,Taufik Widodo,1986-06-23,Jakarta,Mass,2020-07-14
8743,Carub Maheswara,1994-09-04,Jakarta,Mass,2013-06-21
8744,Restu Firgantoro,1991-04-08,Surabaya,Mass,2018-07-10
8745,dr. Luhung Winarsih S.Sos,1965-07-09,Semarang,Priority,2013-05-03
8746,Tgk. Slamet Hasanah,1985-11-23,Medan,Mass,2011-12-31
8747,Lala Widiastuti,1985-10-20,Bandung,Mass,2014-03-30
8748,Ayu Wibisono,1961-09-07,Yogyakarta,Mass,2014-10-10
8749,drg. Mahmud Zulaika S.I.Kom,1981-06-16,Bandung,Mass,2022-06-28
8750,Ibrani Safitri,1977-08-23,Bandung,Mass,2021-11-23
8751,Devi Prasasta M.Farm,1976-10-09,Bandung,Mass,2015-03-17
8752,dr. Tami Megantara S.Pt,1967-12-25,Yogyakarta,Mass,2019-07-02
8753,Amelia Latupono,1986-11-01,Surabaya,Priority,2025-02-24
8754,drg. Ifa Maulana S.Sos,1971-05-17,Medan,Mass,2020-10-07
8755,Adhiarja Kuswandari,1985-01-19,Semarang,Mass,2013-07-15
8756,Darimin Napitupulu,1986-06-07,Surabaya,Priority,2014-06-02
8757,Aurora Yulianti,1980-04-11,Medan,SME,2015-03-06
8758,KH. Eka Manullang,1966-03-01,Bandung,Mass,2022-12-27
8759,Zizi Prabowo,1980-08-21,Semarang,Mass,2021-06-15
8760,Ulva Kusumo M.Ak,1995-08-01,Medan,Priority,2019-01-18
8761,Sutan Koko Mandala,1992-05-08,Surabaya,SME,2020-03-11
8762,Puput Siregar,1989-01-30,Surabaya,Mass,2011-03-31
8763,R. Darmaji Dongoran,1991-01-27,Semarang,Priority,2024-10-22
8764,Gada Kurniawan,1963-07-16,Surabaya,Mass,2020-04-15
8765,Lintang Rahimah S.Pt,1990-01-09,Bandung,Mass,2016-10-03
8766,Cut Iriana Pradana S.Gz,1969-04-04,Bandung,Mass,2017-11-05
8767,Baktianto Uwais,1963-01-30,Surabaya,Mass,2025-06-22
8768,Harja Kusmawati,1998-06-11,Bandung,SME,2023-01-07
8769,Karimah Pudjiastuti S.Sos,1967-01-31,Medan,Mass,2011-02-15
8770,Icha Waskita S.H.,1992-11-18,Semarang,Mass,2015-02-01
8771,Mulyanto Susanti,1988-11-14,Semarang,Mass,2017-11-26
8772,dr. Gina Saragih M.Pd,1971-07-05,Bandung,Mass,2014-06-03
8773,Bakiman Adriansyah,1984-01-14,Semarang,SME,2018-06-21
8774,Anita Lazuardi,1984-02-03,Surabaya,Mass,2017-01-27
8775,T. Viktor Mandasari S.Farm,1994-01-17,Bandung,Priority,2018-02-20
8776,Vivi Mangunsong,1988-11-07,Surabaya,Priority,2016-02-12
8777,Ophelia Padmasari,1995-04-02,Jakarta,Mass,2014-10-01
8778,dr. Sabri Maheswara S.Psi,1994-12-19,Surabaya,Priority,2023-08-01
8779,Hilda Puspasari,1972-06-27,Bandung,Mass,2023-02-10
8780,Janet Kusumo,1964-10-15,Jakarta,Mass,2021-10-07
8781,Kenes Hutagalung,1987-08-02,Medan,SME,2019-04-29
8782,Nilam Sitompul,1988-10-10,Bandung,SME,2012-07-19
8783,R. Cahyanto Pradipta M.Farm,1986-04-18,Surabaya,Mass,2015-07-04
8784,Vanesa Pratiwi,1969-06-04,Surabaya,Priority,2021-11-09
8785,Ophelia Januar,1963-06-24,Jakarta,Mass,2012-04-05
8786,Karen Rajata,1961-09-07,Surabaya,Mass,2014-03-26
8787,Harimurti Uyainah,1962-05-21,Jakarta,SME,2024-06-03
8788,Prabowo Winarsih,1972-11-03,Bandung,Mass,2025-05-30
8789,Drs. Jail Marpaung S.H.,1997-04-30,Surabaya,SME,2025-11-12
8790,Kiandra Budiyanto S.E.I,1978-09-02,Jakarta,SME,2013-08-25
8791,Winda Siregar,1997-04-03,Surabaya,Priority,2017-10-29
8792,Vanya Uwais,1987-12-11,Yogyakarta,Mass,2025-11-27
8793,T. Indra Hariyah M.M.,1985-07-20,Jakarta,Mass,2016-05-19
8794,Argono Tamba,1993-09-04,Bandung,Priority,2021-08-21
8795,Ilyas Jailani,1972-05-22,Semarang,SME,2018-08-20
8796,Jagaraga Putra,2001-07-14,Surabaya,Mass,2023-05-04
8797,Raden Mardhiyah,1992-04-30,Jakarta,Mass,2025-03-01
8798,Dewi Tarihoran,2001-07-21,Medan,SME,2025-12-09
8799,Yani Saptono,1962-04-23,Medan,SME,2019-11-26
8800,Ir. Jaya Nasyidah S.H.,1964-11-10,Bandung,Mass,2018-10-10
8801,Salwa Halim,1971-08-26,Yogyakarta,Mass,2024-03-08
8802,Baktiadi Laksita,1960-01-08,Bandung,Mass,2013-10-28
8803,Ina Pradana,1981-11-14,Semarang,Mass,2017-07-31
8804,Dt. Prayoga Nashiruddin,1961-11-12,Surabaya,Mass,2023-08-16
8805,Ida Hidayanto,1997-03-25,Medan,Priority,2016-03-06
8806,Tgk. Olivia Simbolon M.M.,1972-02-07,Bandung,Mass,2012-09-25
8807,Cemeti Winarno S.Gz,1979-07-02,Surabaya,Priority,2018-10-17
8808,Kardi Natsir,1966-04-20,Surabaya,SME,2021-08-13
8809,Hana Wijaya,1995-11-22,Surabaya,SME,2015-05-22
8810,Karsana Waskita S.E.I,1984-10-03,Semarang,Priority,2012-08-12
8811,Fitria Puspita,1989-12-01,Yogyakarta,Mass,2018-05-16
8812,T. Arsipatra Hassanah,1985-05-19,Yogyakarta,Mass,2011-05-03
8813,Maria Ramadan,1986-08-01,Bandung,Mass,2013-12-31
8814,Adikara Hassanah,1998-09-13,Yogyakarta,Priority,2017-12-27
8815,Tri Waluyo S.Kom,1972-09-12,Medan,Mass,2013-08-03
8816,Jati Hidayat,1972-02-16,Jakarta,Mass,2021-04-19
8817,R.A. Jessica Pranowo M.Pd,1960-04-22,Bandung,Priority,2011-11-20
8818,Nabila Agustina,1991-02-07,Semarang,SME,2025-10-10
8819,Dina Tamba M.Ak,1968-07-02,Jakarta,Mass,2023-01-08
8820,Darimin Nuraini,1978-06-28,Bandung,Mass,2017-03-18
8821,Tantri Mayasari,1997-03-06,Yogyakarta,Mass,2016-12-25
8822,Dr. Rachel Habibi S.Farm,1973-07-18,Bandung,Mass,2010-12-18
8823,Marsito Dabukke S.T.,1989-01-01,Yogyakarta,Mass,2016-10-15
8824,Dr. Hartana Rahayu,2003-12-12,Medan,SME,2024-10-02
8825,Daruna Nugroho S.Gz,1978-02-01,Medan,Mass,2018-03-01
8826,Juli Uwais S.H.,1990-12-30,Bandung,Mass,2022-03-02
8827,Agnes Situmorang,1965-08-03,Yogyakarta,Mass,2015-07-19
8828,Dt. Mahfud Novitasari M.Ak,1974-08-31,Jakarta,SME,2023-08-10
8829,R.M. Jasmani Pangestu M.Farm,2002-11-28,Yogyakarta,Priority,2022-06-05
8830,Uli Hutasoit,2000-10-07,Bandung,Priority,2022-04-08
8831,Rina Hartati,1985-02-08,Jakarta,SME,2024-09-06
8832,Hamima Anggriawan,1968-07-21,Medan,Mass,2011-05-20
8833,Febi Zulaika,1969-10-07,Surabaya,Mass,2012-04-18
8834,Okto Sinaga S.Farm,1994-06-05,Bandung,Mass,2016-03-30
8835,Amelia Kusmawati,1971-03-31,Jakarta,Priority,2026-01-16
8836,Drs. Teguh Hariyah,1999-07-15,Yogyakarta,SME,2025-09-01
8837,Titin Sirait,1967-10-24,Semarang,SME,2018-10-25
8838,Hamima Manullang,1970-11-20,Jakarta,SME,2013-07-19
8839,Zizi Hutagalung,1971-01-28,Bandung,Mass,2015-09-05
8840,Cut Halima Novitasari,1979-10-13,Semarang,Mass,2010-11-19
8841,Dalima Najmudin,1973-12-12,Medan,SME,2013-01-07
8842,Fathonah Waskita,1989-03-28,Yogyakarta,Priority,2024-03-25
8843,Zalindra Mustofa M.M.,1982-02-19,Yogyakarta,SME,2024-05-08
8844,Farhunnisa Najmudin S.Gz,1991-10-10,Semarang,Mass,2018-11-11
8845,Elma Natsir S.E.I,1991-06-08,Semarang,SME,2021-03-13
8846,Ciaobella Kurniawan,1961-10-12,Yogyakarta,Mass,2020-01-25
8847,R. Rafid Hariyah S.I.Kom,1997-10-22,Jakarta,Mass,2023-07-06
8848,Tirta Lestari S.Farm,1991-05-09,Surabaya,SME,2010-10-21
8849,Puti Nurul Kurniawan,1990-11-09,Medan,Priority,2025-02-05
8850,Eli Hakim,2003-05-10,Surabaya,Priority,2022-02-25
8851,T. Candrakanta Susanti M.Pd,1975-06-17,Bandung,Mass,2016-03-15
8852,Calista Suwarno,1999-09-18,Semarang,Priority,2018-06-05
8853,Zalindra Puspasari,1983-11-09,Yogyakarta,Mass,2023-04-17
8854,Ratih Puspasari,1981-10-09,Yogyakarta,SME,2019-09-29
8855,Anggabaya Wahyudin,1986-01-21,Surabaya,Priority,2022-05-11
8856,Wage Jailani,1984-12-02,Jakarta,Priority,2024-09-30
8857,drg. Ratna Anggriawan S.Kom,1995-08-30,Medan,Mass,2025-02-11
8858,R. Fitria Dabukke,1989-01-26,Yogyakarta,Priority,2014-04-20
8859,Pangeran Zulkarnain,1984-08-21,Semarang,Mass,2024-08-07
8860,Drs. Amalia Kuswoyo,1999-09-06,Jakarta,Mass,2025-12-09
8861,Fitria Wastuti,1999-04-24,Surabaya,SME,2019-11-26
8862,Hasna Lailasari,1994-09-08,Jakarta,Mass,2017-11-08
8863,Puti Almira Anggraini M.Pd,1976-06-21,Bandung,Mass,2022-12-25
8864,Taswir Hidayanto,1992-07-17,Yogyakarta,Mass,2020-02-03
8865,Malika Budiyanto,1990-04-03,Yogyakarta,Mass,2011-10-25
8866,Reksa Hutapea,1974-01-06,Semarang,Priority,2025-11-10
8867,Febi Hassanah,1960-04-22,Yogyakarta,Mass,2020-07-11
8868,Dt. Tirta Siregar S.Ked,1976-10-26,Yogyakarta,Mass,2010-02-20
8869,Erik Padmasari,1985-05-27,Yogyakarta,Mass,2016-05-03
8870,Daniswara Nashiruddin,1995-07-18,Bandung,Priority,2022-06-28
8871,Zahra Haryanti,1976-12-13,Semarang,Priority,2021-04-26
8872,Dono Setiawan,1965-08-14,Bandung,Mass,2011-08-03
8873,Ratih Prasetyo,1996-06-01,Medan,Mass,2021-09-13
8874,Puti Zelda Farida S.E.,1995-01-15,Medan,Mass,2018-10-18
8875,Tgk. Violet Handayani,1972-06-19,Bandung,SME,2013-11-04
8876,Halima Puspita,1974-12-05,Jakarta,Mass,2017-07-20
8877,Kayun Prasetya,1991-10-04,Yogyakarta,Mass,2010-10-11
8878,Cut Ulya Widodo,1975-09-30,Jakarta,Mass,2016-08-06
8879,Tgk. Elon Halim S.E.,1989-07-31,Surabaya,Mass,2025-06-13
8880,Raisa Suryatmi,1961-02-28,Semarang,Mass,2023-05-20
8881,Drs. Jane Kurniawan M.Ak,1964-10-23,Bandung,SME,2025-01-31
8882,Okto Suartini,1970-04-16,Surabaya,Priority,2019-01-06
8883,Cagak Hariyah,2002-04-16,Yogyakarta,Mass,2024-01-13
8884,Endah Lailasari S.E.,1982-01-13,Semarang,SME,2015-04-29
8885,R. Capa Pertiwi,1966-04-23,Surabaya,Mass,2015-04-28
8886,Rizki Wibisono,1997-10-29,Semarang,SME,2021-06-12
8887,Gantar Yulianti,1991-10-27,Yogyakarta,Mass,2014-06-16
8888,Emin Pratiwi,1997-01-11,Jakarta,Mass,2021-02-16
8889,drg. Almira Mahendra S.Farm,1979-10-19,Medan,Priority,2011-06-02
8890,Lili Hartati S.Sos,1992-07-17,Bandung,Mass,2023-04-27
8891,Gamblang Narpati M.M.,1990-04-08,Yogyakarta,Priority,2019-12-10
8892,R. Puspa Yuniar S.Pd,1999-05-10,Jakarta,Mass,2018-11-25
8893,Farhunnisa Rahmawati,1979-10-17,Medan,Mass,2017-02-11
8894,Hani Oktaviani,1999-12-22,Jakarta,Mass,2020-05-25
8895,Sari Rahmawati S.I.Kom,1997-09-26,Bandung,SME,2018-01-12
8896,Jabal Adriansyah,2000-04-07,Medan,Mass,2018-06-08
8897,Dr. Ibrahim Sihombing,2003-09-09,Jakarta,Priority,2023-01-10
8898,Cut Lili Lailasari S.I.Kom,1995-01-20,Surabaya,Priority,2026-01-30
8899,dr. Slamet Damanik S.E.,1961-03-14,Medan,Mass,2015-04-09
8900,Kenes Anggriawan,1970-12-02,Semarang,Mass,2025-10-24
8901,Nasrullah Jailani M.Farm,1992-01-31,Yogyakarta,Mass,2012-02-24
8902,R. Rina Gunawan S.E.,1965-10-14,Medan,Mass,2011-07-09
8903,Prasetyo Hutagalung,1991-09-09,Jakarta,Mass,2015-09-03
8904,Vicky Salahudin,1962-01-16,Medan,Mass,2013-01-08
8905,R.A. Raina Firmansyah S.T.,1962-10-23,Yogyakarta,Mass,2019-07-11
8906,Puput Pertiwi,1979-12-27,Yogyakarta,Mass,2024-05-22
8907,Lanang Prasetyo,1972-08-17,Medan,Mass,2022-09-27
8908,Uda Manullang,1969-05-27,Bandung,SME,2024-11-28
8909,Febi Prayoga,1968-06-02,Surabaya,Priority,2024-06-13
8910,Cawuk Ardianto,1969-07-22,Surabaya,Mass,2014-08-06
8911,Dipa Tamba,1961-12-11,Surabaya,Mass,2019-03-24
8912,Arta Mangunsong,1996-02-06,Surabaya,SME,2014-07-21
8913,Tgk. Utama Yulianti S.Psi,1962-12-11,Yogyakarta,Mass,2010-04-09
8914,Zulaikha Halim,1965-06-21,Surabaya,Mass,2015-04-05
8915,Lasmanto Prasetyo,1985-08-15,Bandung,Mass,2016-10-21
8916,Intan Sitompul,1994-01-31,Yogyakarta,Priority,2015-05-13
8917,H. Mahmud Firmansyah S.H.,1970-05-29,Surabaya,Mass,2023-05-21
8918,drg. Ratna Mayasari M.Pd,1965-11-07,Jakarta,Mass,2024-09-25
8919,Dr. Edi Pranowo M.Ak,1991-11-19,Medan,SME,2021-09-22
8920,Perkasa Prasasta,1986-02-09,Semarang,Priority,2022-06-07
8921,Taufik Marpaung,1982-01-11,Semarang,Priority,2019-07-02
8922,Zizi Prayoga,1998-10-16,Bandung,Mass,2017-06-28
8923,Elisa Rahayu,1989-06-09,Bandung,Priority,2011-09-19
8924,Diah Ardianto,1984-02-02,Medan,SME,2011-11-20
8925,Dr. Akarsana Situmorang M.Farm,1987-07-29,Yogyakarta,Priority,2020-03-28
8926,Ulya Nasyiah S.H.,1961-11-14,Medan,Mass,2016-03-25
8927,Budi Santoso,1972-05-01,Jakarta,Mass,2018-02-07
8928,T. Bakijan Marpaung M.Farm,1975-04-28,Semarang,SME,2021-03-30
8929,Ibun Sitorus,1988-12-09,Yogyakarta,Mass,2020-03-26
8930,Drs. Hartana Sihotang M.Ak,1984-02-27,Yogyakarta,Mass,2022-06-17
8931,Ir. Diana Hakim,1989-06-26,Surabaya,Priority,2019-01-13
8932,Cakrabirawa Prasasta,1971-02-14,Yogyakarta,Priority,2024-01-19
8933,Lalita Napitupulu,1999-04-24,Surabaya,Mass,2022-09-24
8934,Jaya Haryanti,1968-08-23,Jakarta,Priority,2022-10-04
8935,Rini Wahyudin,1988-08-06,Bandung,Priority,2017-04-18
8936,Endah Haryanto,1968-03-16,Surabaya,SME,2018-02-11
8937,Harjo Najmudin,1968-07-29,Medan,Mass,2015-04-14
8938,Tgk. Syahrini Iswahyudi,1990-03-31,Surabaya,Mass,2022-08-22
8939,R.A. Melinda Siregar,1983-03-04,Semarang,SME,2017-01-16
8940,Puti Rini Mustofa,1966-04-17,Yogyakarta,Mass,2011-03-23
8941,Harto Hassanah,1963-05-08,Bandung,Mass,2017-12-19
8942,Nardi Pradana,1972-07-08,Jakarta,Priority,2014-03-03
8943,Jaya Wahyudin,1976-02-08,Yogyakarta,Mass,2025-04-22
8944,Najam Wacana,1993-11-25,Yogyakarta,Mass,2016-10-19
8945,Warsa Anggraini,2002-01-11,Semarang,Priority,2020-06-02
8946,Tgk. Nabila Simanjuntak S.E.I,1991-10-08,Yogyakarta,Mass,2023-04-24
8947,Simon Melani S.Sos,1991-05-02,Medan,Mass,2021-04-16
8948,Kiandra Jailani,2001-08-03,Yogyakarta,Priority,2021-06-03
8949,Nardi Dongoran,2003-09-25,Jakarta,Priority,2026-03-14
8950,drg. Devi Hassanah,1961-09-26,Bandung,Priority,2020-03-20
8951,KH. Dartono Dongoran S.Ked,2001-07-08,Jakarta,Priority,2022-08-12
8952,Ir. Endah Wahyuni,1973-12-02,Jakarta,SME,2021-02-02
8953,Patricia Santoso S.Psi,1973-03-27,Jakarta,Priority,2019-01-11
8954,R. Humaira Halim S.Kom,1989-12-29,Medan,Priority,2021-01-11
8955,Nrima Kurniawan,1964-04-01,Yogyakarta,SME,2010-07-08
8956,Garang Pradana,1979-03-06,Semarang,Mass,2019-03-04
8957,dr. Kamila Anggriawan S.Psi,1971-07-14,Bandung,SME,2016-02-18
8958,Emong Pranowo,1994-07-09,Surabaya,SME,2019-01-23
8959,Vera Mandala S.IP,1962-08-29,Surabaya,Mass,2025-08-09
8960,Hj. Ciaobella Salahudin,1981-01-30,Jakarta,Priority,2011-11-05
8961,Mulyanto Hardiansyah,1982-07-10,Semarang,Priority,2020-05-22
8962,drg. Jayeng Rahayu,1970-11-12,Surabaya,Mass,2013-07-10
8963,Suci Mandala,1991-01-31,Yogyakarta,Mass,2016-05-25
8964,Nadia Suartini,1980-10-17,Bandung,Mass,2015-06-25
8965,Hardi Ramadan,1989-07-30,Medan,Mass,2019-06-29
8966,R. Eva Iswahyudi M.TI.,1999-03-30,Yogyakarta,SME,2022-08-23
8967,Sutan Nugraha Rajasa,1996-05-23,Bandung,Priority,2015-09-21
8968,Raditya Wulandari S.Psi,1971-09-12,Medan,SME,2015-02-08
8969,Puput Kusumo M.Farm,1979-11-03,Medan,SME,2024-01-02
8970,Oman Ardianto,2001-11-15,Surabaya,Mass,2021-06-17
8971,Vera Namaga,1972-09-20,Jakarta,Mass,2020-06-23
8972,Nilam Gunarto,1965-06-08,Yogyakarta,Mass,2012-05-12
8973,Nilam Usada,1982-12-13,Surabaya,Mass,2019-07-22
8974,Yance Permata,1963-10-03,Surabaya,Priority,2015-12-06
8975,Yono Pranowo,1964-05-06,Jakarta,Mass,2021-06-10
8976,Praba Narpati,1986-09-04,Semarang,Mass,2011-10-23
8977,Ir. Puti Astuti,1972-03-01,Semarang,Mass,2015-06-06
8978,Cinta Tamba,1975-11-19,Yogyakarta,Mass,2018-07-21
8979,Ir. Amelia Marbun S.Psi,2003-08-16,Yogyakarta,Mass,2026-03-02
8980,Tina Namaga,1966-03-12,Jakarta,SME,2017-01-26
8981,Elvin Astuti S.T.,1966-12-11,Jakarta,Mass,2014-08-11
8982,Tasdik Nurdiyanti,1971-07-26,Yogyakarta,Mass,2012-06-13
8983,Siska Mardhiyah,1997-07-01,Jakarta,Priority,2025-10-20
8984,KH. Gatot Novitasari M.TI.,1977-01-03,Semarang,Mass,2010-04-05
8985,Radit Namaga,1989-02-20,Bandung,Mass,2023-01-29
8986,Prayitna Sinaga,1976-03-03,Bandung,Mass,2012-11-19
8987,Maya Kuswandari S.E.I,1973-11-15,Bandung,Priority,2015-12-10
8988,Winda Natsir,1995-03-05,Yogyakarta,SME,2022-12-23
8989,Okta Melani,1993-07-25,Bandung,Mass,2019-10-01
8990,Lala Laksmiwati,1966-02-07,Semarang,Mass,2017-02-01
8991,Maryanto Padmasari,1964-11-15,Surabaya,Priority,2025-05-16
8992,R.M. Gilang Samosir S.Kom,1985-08-10,Medan,Mass,2026-01-17
8993,Hj. Jamalia Wahyudin S.Pt,1978-07-13,Jakarta,Mass,2025-09-27
8994,Drs. Hartaka Narpati M.Pd,1974-02-10,Semarang,Priority,2014-09-14
8995,Cawuk Najmudin,1984-01-05,Semarang,Mass,2013-06-17
8996,dr. Ajeng Kurniawan M.Pd,1988-01-11,Jakarta,Mass,2018-04-09
8997,Garan Wijayanti,1998-03-13,Medan,Priority,2023-01-17
8998,Halim Narpati S.Pd,1973-12-12,Bandung,Priority,2010-09-15
8999,Ellis Puspasari,1968-09-27,Medan,Mass,2017-10-16
9000,Fitriani Rahmawati,1997-01-10,Medan,Mass,2018-11-30
9001,T. Tasnim Najmudin S.Ked,2002-07-27,Yogyakarta,Mass,2024-04-17
9002,Soleh Narpati,1961-05-10,Jakarta,SME,2017-07-16
9003,R.M. Dipa Saefullah S.Pt,1974-03-07,Semarang,Priority,2011-01-09
9004,Qori Pertiwi,1963-12-13,Yogyakarta,SME,2023-02-21
9005,Legawa Anggriawan,1996-11-02,Bandung,Mass,2024-12-10
9006,Dt. Luluh Yolanda S.Farm,2000-11-29,Surabaya,Mass,2020-05-16
9007,Ella Handayani,1982-01-31,Semarang,Mass,2020-12-17
9008,Cahyanto Wasita,1985-05-14,Surabaya,Priority,2018-10-05
9009,Ade Saptono,1961-07-09,Semarang,Mass,2016-11-12
9010,dr. Yunita Habibi M.Farm,1962-03-10,Jakarta,Mass,2019-10-02
9011,Mala Nababan,1999-03-13,Bandung,Mass,2022-11-30
9012,Bagas Kuswandari,1979-06-27,Yogyakarta,Priority,2012-10-28
9013,Tgk. Septi Gunarto S.Ked,1996-03-01,Bandung,Mass,2022-05-04
9014,Gina Susanti S.Pt,1999-09-28,Surabaya,SME,2024-01-13
9015,Okto Hutasoit,1989-04-20,Jakarta,Mass,2018-07-09
9016,R.A. Hesti Uwais,1965-06-10,Surabaya,Mass,2010-07-01
9017,Sutan Kawaya Safitri S.E.,1998-07-25,Surabaya,Priority,2020-08-04
9018,Caraka Salahudin,1992-10-17,Medan,Mass,2015-03-23
9019,Dr. Cornelia Irawan M.Farm,1993-11-23,Jakarta,Mass,2021-08-14
9020,Harjaya Ardianto,1998-04-30,Bandung,Mass,2025-06-12
9021,Aurora Andriani S.Ked,1993-05-03,Semarang,Mass,2016-12-29
9022,R.M. Jail Laksita,1966-06-06,Bandung,Mass,2018-11-28
9023,Aris Sinaga S.Sos,1991-09-12,Surabaya,Mass,2020-09-11
9024,Lalita Kusumo,1977-09-07,Bandung,Mass,2011-04-11
9025,Pangestu Andriani S.Gz,1989-02-11,Yogyakarta,Priority,2015-03-09
9026,Maya Mustofa,1973-04-30,Yogyakarta,Priority,2015-07-13
9027,Intan Pratama,2001-11-30,Surabaya,SME,2025-11-09
9028,Paramita Thamrin S.Ked,1980-08-18,Medan,Mass,2022-06-28
9029,Kemal Simbolon,2001-06-23,Semarang,Mass,2022-03-09
9030,Jaiman Natsir,1986-07-14,Medan,Mass,2015-12-08
9031,Emong Anggraini,1975-01-29,Medan,Priority,2016-11-14
9032,Ibun Anggraini,1991-11-27,Surabaya,SME,2023-12-24
9033,Cakrajiya Prasetyo S.IP,1999-04-15,Bandung,Mass,2018-07-29
9034,Taswir Napitupulu,1992-07-20,Semarang,Priority,2012-12-26
9035,dr. Balijan Budiman M.Ak,1990-07-20,Bandung,Mass,2024-10-10
9036,Intan Iswahyudi,1983-09-25,Bandung,SME,2015-02-16
9037,Ifa Mandala,1972-07-21,Bandung,Mass,2010-07-13
9038,Nasrullah Januar,1977-09-05,Bandung,Mass,2024-12-06
9039,Kamaria Saefullah,1980-09-15,Surabaya,Priority,2019-03-02
9040,Tgk. Calista Napitupulu M.M.,1972-05-31,Surabaya,Priority,2010-11-28
9041,Jaiman Halimah,1975-02-01,Surabaya,Mass,2024-11-20
9042,Umar Wibisono M.TI.,1984-10-12,Bandung,Mass,2018-06-22
9043,Natalia Andriani,2003-04-12,Surabaya,Mass,2021-05-09
9044,Dt. Indra Pranowo S.T.,1991-09-24,Medan,Priority,2012-12-11
9045,Tgk. Elvina Oktaviani,1961-09-12,Yogyakarta,Mass,2020-09-11
9046,Reza Setiawan,1975-03-09,Surabaya,Mass,2023-03-08
9047,Yessi Hidayat,2003-11-03,Bandung,Mass,2025-11-07
9048,Jane Siregar,1981-12-30,Surabaya,Mass,2020-10-19
9049,Kajen Pudjiastuti,1969-06-05,Yogyakarta,Mass,2017-02-20
9050,Ayu Irawan,1996-10-11,Bandung,Priority,2025-01-04
9051,Dr. Raina Susanti M.Farm,1992-02-03,Medan,SME,2019-12-16
9052,Cawuk Salahudin,1978-10-05,Bandung,Mass,2022-12-22
9053,Elvina Gunarto S.E.,1965-05-15,Jakarta,Mass,2010-12-03
9054,Putri Prasetya,1981-12-19,Bandung,Mass,2019-11-22
9055,Ina Santoso,2000-02-07,Yogyakarta,Mass,2025-02-17
9056,T. Bahuwarna Mandasari S.E.,1977-04-14,Yogyakarta,Priority,2022-10-08
9057,Embuh Situmorang,1969-09-18,Jakarta,Mass,2021-02-21
9058,Victoria Sitorus,1981-05-15,Jakarta,SME,2015-07-30
9059,Sutan Jais Wibisono M.Farm,1968-02-21,Medan,Mass,2010-02-05
9060,Melinda Purnawati,1962-12-09,Semarang,Mass,2022-06-22
9061,Dt. Catur Tamba S.Pd,1996-04-30,Jakarta,Mass,2022-06-03
9062,Dr. Hairyanto Prasetyo S.Sos,1997-09-26,Semarang,Mass,2018-05-03
9063,R. Lili Purwanti M.Farm,1964-09-23,Medan,Mass,2012-12-02
9064,Estiono Hastuti,1999-11-18,Jakarta,Priority,2020-12-14
9065,Dalimin Maryati,1975-03-31,Bandung,Priority,2011-02-28
9066,Uchita Santoso,1990-01-17,Medan,Priority,2018-05-15
9067,Martani Budiman,1983-07-28,Semarang,Mass,2013-05-08
9068,Legawa Sirait,1960-01-05,Jakarta,Mass,2023-08-17
9069,Jais Sirait,1961-03-26,Yogyakarta,Priority,2022-07-30
9070,Timbul Sihotang M.Kom.,1999-02-02,Jakarta,Mass,2018-10-31
9071,Hasna Natsir S.Pt,1975-07-29,Bandung,Mass,2014-01-14
9072,Tari Setiawan,1991-05-21,Medan,Mass,2017-04-02
9073,Galur Rahayu,1965-11-22,Bandung,Mass,2015-04-06
9074,Cut Zahra Firmansyah,1996-05-13,Yogyakarta,Mass,2025-12-04
9075,R.A. Natalia Nasyidah,1965-02-26,Surabaya,Mass,2020-04-28
9076,Eluh Wulandari,1961-04-29,Bandung,Mass,2014-06-08
9077,Alika Samosir,1983-08-02,Jakarta,Priority,2022-01-28
9078,Zulfa Yuliarti,1999-09-29,Surabaya,SME,2024-07-07
9079,Hendra Kuswoyo S.Pd,1975-01-30,Bandung,SME,2010-04-07
9080,Jaga Mayasari,1965-06-17,Jakarta,Mass,2014-12-16
9081,T. Enteng Prabowo,1988-01-18,Semarang,Mass,2022-04-02
9082,Anastasia Widodo,1983-02-17,Semarang,Mass,2025-09-18
9083,Keisha Hutasoit M.Pd,1984-04-11,Jakarta,Mass,2017-08-01
9084,drg. Saiful Yulianti S.I.Kom,1993-10-12,Surabaya,Mass,2013-12-10
9085,Hamima Agustina,1987-10-01,Bandung,SME,2019-10-26
9086,Dr. Diah Wastuti S.Sos,1978-06-30,Surabaya,Priority,2023-12-14
9087,Sutan Hadi Puspasari S.Pt,1979-12-23,Medan,Mass,2013-12-29
9088,Sakura Salahudin,1964-09-06,Jakarta,Mass,2022-02-12
9089,Clara Maryati S.I.Kom,1961-10-06,Bandung,Priority,2016-12-01
9090,Drs. Ulva Sudiati M.Farm,1994-05-02,Jakarta,Priority,2019-08-02
9091,Wakiman Halim,2000-09-01,Bandung,Mass,2023-02-26
9092,Jabal Kusmawati,1971-09-12,Bandung,SME,2024-11-09
9093,Eli Permata S.IP,1999-01-07,Medan,SME,2019-04-06
9094,Prayoga Maryati,1979-02-05,Semarang,Mass,2026-01-13
9095,Juli Gunarto,1979-10-23,Yogyakarta,Mass,2022-06-21
9096,Mutia Yulianti M.Pd,1985-04-13,Yogyakarta,SME,2021-06-16
9097,Ayu Siregar,1983-11-27,Semarang,Mass,2017-01-21
9098,Galih Zulkarnain,2002-12-17,Jakarta,Mass,2025-02-27
9099,dr. Anom Sirait S.Gz,1996-05-19,Semarang,Priority,2024-02-29
9100,Nrima Prayoga,1972-12-29,Medan,Mass,2012-01-21
9101,Hasna Anggraini,1989-04-18,Semarang,Mass,2022-12-27
9102,Drs. Hesti Prabowo,1969-09-19,Semarang,Mass,2020-03-12
9103,Harto Laksmiwati,1972-07-02,Bandung,SME,2022-11-24
9104,Irnanto Widiastuti S.Kom,1979-05-05,Surabaya,Priority,2015-12-19
9105,Rendy Waskita,1983-05-24,Surabaya,SME,2013-04-21
9106,Tira Lazuardi,1984-07-08,Surabaya,Mass,2010-04-30
9107,R.M. Cemplunk Najmudin,1961-10-05,Yogyakarta,Mass,2020-10-27
9108,Laras Kusmawati,1975-06-16,Medan,SME,2011-07-14
9109,Hj. Indah Hutapea,1977-09-01,Bandung,SME,2023-01-03
9110,Cut Vera Mulyani,1966-04-05,Bandung,Priority,2011-02-16
9111,Oni Yuliarti,1981-01-24,Surabaya,Priority,2014-09-03
9112,dr. Gambira Pratama,1966-04-28,Semarang,SME,2018-03-03
9113,KH. Gambira Wastuti,1963-03-31,Bandung,Mass,2013-06-18
9114,Cut Kayla Halimah,1995-01-03,Semarang,Priority,2020-08-25
9115,Sutan Kemal Agustina S.Kom,1975-08-26,Jakarta,Mass,2023-03-02
9116,Sabrina Narpati,1991-08-27,Bandung,Mass,2016-11-03
9117,Oliva Safitri M.TI.,1977-01-27,Jakarta,Mass,2010-06-11
9118,drg. Heru Dongoran S.Psi,1999-04-09,Semarang,Priority,2020-12-30
9119,Ir. Gaman Damanik S.Pd,1978-04-08,Medan,Mass,2024-08-27
9120,R. Dina Lazuardi,1961-05-20,Surabaya,Mass,2014-07-15
9121,Mutia Halim S.T.,1996-11-11,Surabaya,Priority,2023-12-13
9122,Sabri Purwanti S.Farm,1986-05-22,Surabaya,Mass,2021-07-25
9123,H. Prakosa Hutagalung M.Pd,1971-12-22,Yogyakarta,Mass,2023-10-30
9124,drg. Sabrina Handayani S.Ked,1998-11-01,Semarang,Priority,2024-11-23
9125,Kania Putra,1993-01-11,Jakarta,Mass,2022-03-12
9126,Salman Halim,1982-05-16,Semarang,Mass,2016-02-10
9127,R. Himawan Marpaung M.Farm,1995-04-24,Bandung,SME,2018-09-02
9128,Umar Budiman M.Kom.,1962-04-13,Yogyakarta,Mass,2016-03-25
9129,Warsa Prastuti,1981-11-24,Surabaya,Mass,2016-12-05
9130,R. Vivi Melani,1979-08-19,Yogyakarta,Priority,2011-11-07
9131,Ir. Cindy Wulandari M.Farm,1970-09-10,Yogyakarta,Mass,2021-04-19
9132,Drs. Endah Lestari S.IP,1999-04-01,Surabaya,SME,2018-02-14
9133,R.M. Hari Sinaga,1995-11-20,Jakarta,Priority,2020-08-16
9134,Sutan Prasetyo Pradipta M.M.,2003-08-12,Medan,Mass,2023-09-13
9135,Jagapati Ardianto,1983-06-26,Surabaya,Priority,2013-05-07
9136,dr. Ridwan Samosir,1973-10-18,Surabaya,Mass,2011-07-04
9137,Tgk. Ella Waskita,1999-07-31,Yogyakarta,Mass,2020-03-09
9138,Tgk. Endah Dabukke,1992-07-22,Medan,Mass,2024-02-05
9139,Nasim Rahayu,1978-10-05,Yogyakarta,Mass,2014-08-25
9140,Ir. Xanana Widiastuti,1967-09-19,Yogyakarta,Mass,2011-11-05
9141,Tasdik Irawan,1992-01-07,Medan,SME,2014-11-29
9142,Prasetya Prakasa S.Psi,2000-03-28,Jakarta,Mass,2020-01-05
9143,Silvia Uyainah,1960-08-22,Yogyakarta,SME,2020-05-04
9144,Cut Carla Suryono,1998-08-18,Yogyakarta,Priority,2018-03-03
9145,Vicky Pratiwi,1972-04-01,Surabaya,SME,2021-06-21
9146,drg. Mila Dongoran,1978-11-01,Semarang,Mass,2020-03-03
9147,Rahayu Nugroho,1971-12-05,Yogyakarta,SME,2012-06-23
9148,Latif Siregar,1977-01-14,Jakarta,Mass,2018-10-05
9149,Drs. Maida Nainggolan S.Ked,1984-08-01,Bandung,Mass,2023-03-19
9150,Hana Sudiati,1978-01-10,Yogyakarta,Mass,2025-05-18
9151,R.M. Yusuf Saputra,1989-04-15,Semarang,SME,2018-12-27
9152,Kanda Mulyani,2002-06-10,Semarang,SME,2025-06-22
9153,Vicky Setiawan S.H.,1992-04-11,Semarang,Mass,2019-12-23
9154,Dt. Nalar Maulana S.Pt,1981-07-24,Jakarta,Mass,2018-11-03
9155,Tari Nasyiah,1960-05-17,Yogyakarta,Priority,2021-03-21
9156,Heryanto Halimah,1998-02-14,Bandung,Mass,2023-04-18
9157,Dt. Harsana Usada,1974-10-13,Bandung,Mass,2017-03-11
9158,Syahrini Saputra,1962-10-13,Medan,Priority,2016-06-13
9159,Darman Wastuti S.IP,1983-09-27,Medan,Mass,2013-01-05
9160,Septi Nuraini,1966-06-10,Surabaya,Mass,2020-07-01
9161,Cut Ciaobella Wibowo,1966-05-11,Jakarta,Mass,2013-09-26
9162,Soleh Ramadan M.Farm,1991-05-24,Surabaya,Priority,2022-06-05
9163,Sakura Megantara M.TI.,1999-12-10,Bandung,Mass,2024-09-26
9164,Gambira Adriansyah,1980-12-19,Bandung,Priority,2025-03-28
9165,Wage Hassanah,1990-10-02,Jakarta,Mass,2016-03-07
9166,Dt. Balijan Kusmawati S.Gz,1966-04-07,Semarang,SME,2016-11-05
9167,R. Laras Usamah,1969-01-25,Jakarta,Mass,2023-02-07
9168,Azalea Hassanah,1971-07-11,Jakarta,Mass,2015-07-18
9169,Damu Dabukke,1991-03-27,Medan,SME,2014-04-05
9170,Ir. Kayun Firmansyah,1970-11-05,Jakarta,Mass,2010-06-12
9171,Ir. Usman Haryanto,1995-12-06,Surabaya,Priority,2025-04-26
9172,Endah Wacana,1975-11-12,Medan,Mass,2015-08-24
9173,Karsana Marbun,1983-06-18,Surabaya,Mass,2021-03-04
9174,drg. Pia Natsir,1975-12-12,Medan,Mass,2013-06-11
9175,Tedi Sihombing S.Pd,1963-05-10,Bandung,Mass,2016-03-14
9176,Drs. Jane Dabukke S.Ked,2002-01-02,Surabaya,Mass,2022-10-30
9177,Dalima Maryati,1969-06-21,Jakarta,SME,2017-02-12
9178,Ir. Labuh Sirait,1999-06-17,Bandung,Priority,2023-07-28
9179,R. Syahrini Yuliarti,1991-12-19,Yogyakarta,Mass,2011-12-31
9180,Siti Saefullah,2003-06-18,Semarang,SME,2023-09-04
9181,Bahuraksa Andriani,2003-08-30,Yogyakarta,SME,2023-01-13
9182,Dt. Indra Rahayu,1991-12-10,Surabaya,Priority,2022-11-25
9183,Balidin Rahimah S.Sos,1979-08-14,Surabaya,Mass,2024-11-24
9184,Puti Ella Halimah S.Sos,1983-12-13,Surabaya,SME,2013-02-27
9185,Diah Budiman,2000-07-19,Yogyakarta,Mass,2019-01-19
9186,Dt. Karta Mansur,1993-08-22,Jakarta,Priority,2024-09-15
9187,Cut Halima Oktaviani S.IP,1965-10-13,Semarang,SME,2015-12-01
9188,Amelia Usada,1988-06-06,Semarang,Priority,2020-07-21
9189,KH. Cayadi Andriani S.Kom,1986-07-20,Semarang,Priority,2014-05-25
9190,Umay Saptono S.T.,2001-12-24,Surabaya,Mass,2025-12-26
9191,Gasti Simbolon,1998-07-30,Jakarta,Mass,2020-08-15
9192,Drs. Harjaya Usamah S.E.,1980-07-10,Semarang,Mass,2014-04-16
9193,Dono Sitorus M.TI.,1999-10-06,Jakarta,Priority,2018-04-18
9194,Rizki Laksita S.Ked,1965-11-18,Semarang,Priority,2024-09-09
9195,Cemani Anggriawan,1994-01-17,Yogyakarta,Priority,2013-05-03
9196,Ulva Sihombing S.E.I,1974-01-12,Yogyakarta,Priority,2026-02-26
9197,Elisa Wahyuni,1997-07-13,Bandung,Mass,2015-08-14
9198,Gasti Wasita,1980-05-16,Jakarta,SME,2013-07-25
9199,Cut Restu Iswahyudi,1994-10-20,Yogyakarta,Mass,2020-12-24
9200,Yahya Prasetyo,1988-06-08,Surabaya,Priority,2016-02-23
9201,Karimah Prayoga,1967-09-11,Yogyakarta,Mass,2016-11-01
9202,Cemplunk Puspasari,1966-10-01,Jakarta,Mass,2010-10-20
9203,Qori Hartati,1978-04-21,Yogyakarta,Priority,2014-11-14
9204,Yuni Halim,1969-07-07,Surabaya,Mass,2025-03-18
9205,Lurhur Waluyo,1972-11-30,Yogyakarta,Mass,2014-03-26
9206,Prabawa Hassanah S.Ked,1974-06-28,Yogyakarta,Mass,2015-05-25
9207,Vega Sihombing,1960-08-25,Jakarta,Priority,2015-04-10
9208,Harimurti Simanjuntak,1974-01-21,Medan,SME,2023-05-09
9209,Surya Samosir,1990-03-03,Bandung,Mass,2016-02-20
9210,Garan Thamrin,1983-09-27,Bandung,Priority,2016-09-03
9211,Nalar Anggraini,1981-11-19,Surabaya,Mass,2016-04-12
9212,Olivia Hutapea,1969-07-11,Bandung,Mass,2015-07-15
9213,Patricia Farida S.I.Kom,1988-09-10,Medan,Priority,2022-09-03
9214,T. Mustika Budiyanto S.H.,1966-04-08,Surabaya,Mass,2015-12-11
9215,drg. Yunita Saputra M.TI.,1963-11-10,Medan,Mass,2010-07-17
9216,R.M. Banara Thamrin,1964-04-25,Medan,Mass,2025-01-04
9217,Ir. Mila Mandasari S.H.,1974-09-26,Yogyakarta,Mass,2025-10-04
9218,Tgk. Enteng Wacana,1993-12-07,Semarang,Priority,2022-11-20
9219,Eka Napitupulu,1981-12-16,Surabaya,Mass,2019-10-14
9220,Daru Aryani,1977-11-05,Semarang,Mass,2011-06-16
9221,Harjaya Waskita,1981-05-05,Surabaya,Mass,2015-01-20
9222,drg. Lukita Oktaviani M.TI.,2001-07-27,Surabaya,Mass,2020-10-02
9223,Intan Padmasari,1968-01-23,Semarang,Mass,2018-09-27
9224,Cager Wahyudin,1999-12-25,Bandung,Mass,2025-08-18
9225,Tgk. Qori Laksita,1993-06-01,Medan,Mass,2014-04-06
9226,Hj. Ellis Mansur S.Gz,1991-10-01,Bandung,SME,2011-02-22
9227,Fitria Suartini,1962-08-22,Jakarta,Mass,2024-05-23
9228,dr. Cengkal Marbun,1997-04-03,Bandung,Priority,2024-10-26
9229,Padmi Safitri,1962-04-08,Bandung,Mass,2019-10-18
9230,Adikara Winarno,2003-08-15,Yogyakarta,SME,2025-01-16
9231,Lala Hidayanto,1968-02-12,Semarang,Mass,2016-06-17
9232,Qori Padmasari,1991-08-14,Jakarta,SME,2022-09-03
9233,Elma Nainggolan,1998-10-18,Jakarta,Mass,2023-07-21
9234,Keisha Suryatmi,1990-11-21,Jakarta,Mass,2023-06-21
9235,Ir. Sakura Mangunsong,1975-07-20,Bandung,Mass,2023-06-12
9236,Ir. Widya Pudjiastuti,1974-02-17,Yogyakarta,SME,2020-05-12
9237,Darijan Sinaga,1995-12-23,Jakarta,Priority,2018-01-06
9238,Dr. Oman Kuswandari S.Sos,1978-11-26,Bandung,SME,2025-02-07
9239,Dr. Jaiman Lailasari,1997-05-17,Yogyakarta,Mass,2025-09-30
9240,Rahmi Nashiruddin,1992-05-15,Surabaya,Mass,2025-06-14
9241,Victoria Fujiati,1960-03-04,Surabaya,SME,2026-01-31
9242,Gada Maheswara,1977-09-01,Bandung,Mass,2015-08-20
9243,Dodo Novitasari,1971-04-05,Bandung,Priority,2014-09-19
9244,Asirwanda Nurdiyanti,1996-04-05,Medan,Mass,2023-08-19
9245,Tgk. Rachel Prayoga S.IP,1967-01-04,Yogyakarta,Mass,2025-06-23
9246,Farah Suartini,1980-10-14,Bandung,Mass,2024-02-11
9247,H. Dadap Rahimah,1977-11-07,Medan,Mass,2026-02-06
9248,Chandra Mahendra,1980-09-18,Jakarta,SME,2021-05-29
9249,Ajeng Dabukke,2000-06-24,Medan,Mass,2023-06-20
9250,Usman Hidayat,1964-10-09,Medan,SME,2011-04-07
9251,Ifa Hardiansyah,1984-03-29,Bandung,Mass,2018-05-07
9252,Maryanto Hastuti S.Sos,1986-05-17,Jakarta,Priority,2010-12-22
9253,Saadat Susanti,1988-06-11,Surabaya,Mass,2013-02-25
9254,Ulva Hidayat S.Pd,1988-12-13,Semarang,SME,2020-09-03
9255,Sadina Wijayanti S.H.,1978-01-20,Medan,Mass,2018-04-17
9256,Cut Intan Pratiwi S.Pt,1967-06-07,Yogyakarta,Mass,2022-05-26
9257,Eja Lazuardi,1989-05-06,Bandung,Mass,2010-08-16
9258,Damu Maryati,1988-08-09,Bandung,Mass,2014-11-10
9259,Drs. Jumari Sinaga S.E.I,1996-10-13,Surabaya,Priority,2023-04-06
9260,Saiful Palastri M.Kom.,1978-07-13,Surabaya,SME,2021-11-07
9261,Anggabaya Rahayu,1974-12-28,Yogyakarta,Mass,2016-08-27
9262,Drs. Maya Yuniar,1974-12-07,Semarang,Mass,2012-09-18
9263,Zahra Winarsih,1974-01-24,Medan,Mass,2011-07-11
9264,Ifa Manullang,1977-10-04,Yogyakarta,Mass,2022-10-05
9265,Winda Widiastuti S.E.I,1976-03-10,Semarang,Mass,2023-01-03
9266,Ajeng Sitompul,1960-07-25,Yogyakarta,SME,2010-12-09
9267,Hj. Eka Hakim,1991-08-22,Semarang,Priority,2014-11-29
9268,R.M. Daruna Sirait,1968-03-06,Semarang,Priority,2022-10-09
9269,R.A. Ana Purnawati M.Kom.,1971-07-01,Bandung,Mass,2024-04-18
9270,Maria Sudiati,1967-03-02,Bandung,Mass,2014-02-16
9271,R. Luthfi Rajata M.Pd,1975-03-09,Semarang,SME,2017-12-02
9272,drg. Dian Purnawati,1976-07-08,Bandung,Mass,2026-02-27
9273,Drs. Yuliana Firmansyah S.I.Kom,1970-04-23,Semarang,Mass,2020-11-14
9274,Patricia Mustofa,1963-02-22,Bandung,SME,2016-05-21
9275,Bakiadi Kusmawati,1969-08-07,Bandung,Mass,2011-04-16
9276,Galih Prasasta S.Ked,1962-01-27,Jakarta,Mass,2022-03-24
9277,Raisa Wasita,1966-12-18,Medan,Mass,2014-01-05
9278,Cinthia Novitasari,1960-09-21,Bandung,Mass,2023-11-27
9279,Queen Sitorus,1973-12-19,Bandung,Mass,2025-01-20
9280,Eva Yulianti,1987-03-30,Surabaya,Mass,2024-04-23
9281,Syahrini Siregar S.Ked,1989-12-02,Medan,Mass,2016-11-08
9282,Hilda Samosir,1984-12-25,Jakarta,Mass,2015-11-03
9283,Hamima Lazuardi,1990-05-12,Yogyakarta,Mass,2024-07-01
9284,Elisa Simanjuntak S.H.,1968-11-20,Jakarta,SME,2023-07-15
9285,Maryadi Nababan,1984-02-26,Yogyakarta,SME,2014-10-07
9286,Salimah Safitri,1993-09-16,Semarang,Mass,2022-11-19
9287,Zizi Waskita,1961-01-28,Semarang,Mass,2011-02-17
9288,Adinata Habibi,1973-08-11,Semarang,SME,2018-12-15
9289,Nurul Lailasari,1987-04-03,Yogyakarta,Mass,2016-12-03
9290,Maras Narpati,2001-09-07,Yogyakarta,SME,2019-09-22
9291,Jamal Tampubolon,1973-11-15,Medan,Mass,2014-09-20
9292,Darmanto Andriani,1999-06-03,Yogyakarta,Mass,2025-01-21
9293,Praba Permata,1983-09-30,Surabaya,Mass,2017-05-02
9294,Ir. Cemani Gunawan S.E.I,1995-04-23,Bandung,Mass,2022-11-16
9295,Juli Oktaviani M.Farm,1976-11-28,Medan,Priority,2018-07-13
9296,Puti Rika Napitupulu,1969-06-14,Surabaya,Mass,2013-03-15
9297,drg. Dagel Pranowo,1981-11-18,Yogyakarta,SME,2015-07-01
9298,Azalea Nainggolan,2001-05-07,Yogyakarta,Mass,2025-05-24
9299,Uchita Nashiruddin,1981-03-30,Yogyakarta,Priority,2011-03-26
9300,T. Simon Saragih S.T.,1967-12-07,Yogyakarta,Priority,2014-04-26
9301,Dr. Irma Pudjiastuti M.Ak,1988-08-14,Semarang,Mass,2015-08-22
9302,Purwadi Saputra,1962-01-23,Jakarta,SME,2017-12-05
9303,Mala Dongoran,1986-11-22,Jakarta,Mass,2018-08-31
9304,Ulva Nasyidah,1999-01-11,Semarang,Mass,2022-10-09
9305,Zelaya Mahendra,1977-04-27,Yogyakarta,Mass,2021-08-30
9306,Sutan Galih Haryanto S.Ked,2002-04-14,Surabaya,SME,2022-03-03
9307,Zalindra Halimah S.Farm,2000-02-09,Jakarta,Priority,2020-12-13
9308,Citra Sudiati,2001-12-12,Jakarta,Mass,2023-12-22
9309,Panji Halimah,1987-11-19,Surabaya,Mass,2025-11-12
9310,Anom Puspita S.I.Kom,1970-04-18,Surabaya,Mass,2024-12-18
9311,Jayadi Permadi,2003-09-26,Bandung,Priority,2024-10-01
9312,Caturangga Nasyiah M.Farm,1998-12-21,Medan,Mass,2018-02-04
9313,Cindy Santoso,1965-06-10,Medan,Priority,2018-11-11
9314,Kiandra Nababan,1981-01-12,Medan,Mass,2019-06-10
9315,Ani Suartini,1988-12-13,Semarang,SME,2014-07-25
9316,Puti Puti Thamrin M.TI.,2003-06-27,Bandung,Priority,2025-11-15
9317,Gangsar Situmorang,1984-09-19,Jakarta,Priority,2010-01-20
9318,H. Bahuwirya Kuswoyo,1967-03-05,Jakarta,Mass,2010-08-16
9319,Zahra Hartati,1982-06-25,Bandung,Mass,2018-03-26
9320,Humaira Safitri,1966-11-16,Medan,Mass,2015-05-24
9321,Salsabila Utama,1969-09-13,Bandung,Mass,2011-08-23
9322,Luhung Widiastuti,1988-07-31,Bandung,Priority,2025-05-19
9323,Viman Widodo,1994-06-14,Medan,Mass,2012-07-18
9324,Marsudi Lestari,1967-07-14,Jakarta,Mass,2020-11-17
9325,Dr. Ade Hardiansyah S.Pd,1984-08-21,Semarang,Mass,2023-05-05
9326,Langgeng Prasasta,1997-05-26,Bandung,Priority,2016-08-24
9327,Cut Tina Saragih S.Psi,1960-10-24,Jakarta,Priority,2015-06-30
9328,Devi Namaga,1981-10-18,Surabaya,Mass,2024-04-03
9329,Anita Prayoga,1991-04-15,Jakarta,Mass,2025-06-17
9330,Drs. Eka Nugroho,1990-12-18,Yogyakarta,Mass,2012-05-11
9331,Rangga Namaga,2002-09-01,Semarang,SME,2023-04-02
9332,Maman Pranowo,1996-10-26,Surabaya,SME,2018-09-17
9333,drg. Kania Marpaung,1970-09-11,Bandung,Priority,2015-10-08
9334,H. Opan Gunarto S.H.,2000-10-21,Jakarta,Mass,2024-03-09
9335,Tgk. Vinsen Palastri,1974-01-08,Yogyakarta,Mass,2016-05-21
9336,dr. Mahdi Setiawan,1987-10-04,Jakarta,Mass,2012-08-02
9337,Marsito Damanik M.M.,1962-08-17,Yogyakarta,Mass,2026-01-18
9338,Dr. Adinata Maryadi,1965-12-25,Bandung,Mass,2020-10-28
9339,Janet Manullang,2000-08-23,Surabaya,Mass,2019-01-01
9340,dr. Cornelia Wibowo,1970-08-25,Yogyakarta,Priority,2024-09-24
9341,Talia Fujiati,1998-08-16,Yogyakarta,Mass,2022-09-22
9342,Rahayu Putra S.Kom,1992-01-01,Yogyakarta,Mass,2022-09-27
9343,Gilda Siregar S.Farm,1967-07-11,Semarang,Priority,2012-07-16
9344,Daliono Hakim,1961-02-13,Medan,SME,2018-05-28
9345,Lukita Hastuti,1967-12-25,Yogyakarta,Mass,2015-12-14
9346,Hani Damanik,1966-03-24,Yogyakarta,Priority,2025-04-29
9347,Dr. Uda Habibi,1991-11-29,Semarang,Mass,2020-02-11
9348,KH. Saadat Astuti M.Kom.,1989-05-28,Bandung,Mass,2010-12-18
9349,Johan Suartini,1964-06-05,Semarang,Mass,2019-10-18
9350,drg. Artanto Riyanti,1967-06-06,Yogyakarta,Mass,2021-11-13
9351,Artanto Wastuti,1982-03-01,Jakarta,Mass,2025-03-30
9352,Devi Rahimah M.Ak,1977-12-25,Medan,Mass,2020-01-02
9353,Kayun Usamah,2001-05-27,Yogyakarta,Mass,2024-08-22
9354,Zelaya Prasetya,2002-10-02,Jakarta,Mass,2024-02-03
9355,Bakiman Pangestu,1974-12-10,Medan,Mass,2014-03-27
9356,Sabri Maulana S.Sos,1993-10-27,Semarang,Mass,2015-08-09
9357,Cinthia Kuswoyo,1967-08-27,Jakarta,Mass,2013-11-02
9358,Paulin Saefullah,1963-10-02,Yogyakarta,Priority,2020-11-03
9359,Tgk. Kanda Hardiansyah,1969-05-12,Jakarta,Mass,2024-05-15
9360,Elisa Wacana,1960-07-14,Bandung,Mass,2018-02-05
9361,Cengkir Wahyuni,1972-08-09,Jakarta,Priority,2011-09-01
9362,Balidin Riyanti,1980-01-25,Surabaya,Mass,2017-03-25
9363,Hadi Firmansyah S.Pd,1982-07-05,Bandung,Mass,2017-03-05
9364,Wirda Wulandari,2001-09-04,Semarang,Mass,2025-02-24
9365,Cakrajiya Budiyanto,1982-08-13,Semarang,Mass,2015-08-15
9366,Genta Rahimah,1992-12-01,Medan,Priority,2011-01-22
9367,Shania Ardianto,1961-01-23,Semarang,Mass,2024-08-03
9368,Natalia Saputra,1973-03-11,Surabaya,SME,2010-11-27
9369,Tania Setiawan,1974-06-10,Yogyakarta,SME,2017-05-08
9370,Natalia Hakim,1982-04-26,Semarang,Mass,2013-08-31
9371,Drs. Shania Wastuti S.E.I,1986-09-08,Bandung,SME,2019-12-06
9372,Umar Napitupulu S.Pt,1984-08-08,Medan,Mass,2014-03-16
9373,Umi Haryanto,2000-09-19,Bandung,Mass,2021-05-09
9374,Kayla Hidayanto,1964-01-14,Jakarta,SME,2013-07-15
9375,Ir. Queen Sirait S.H.,1961-03-29,Bandung,SME,2019-08-01
9376,Tgk. Lili Laksita,1961-05-23,Medan,Mass,2011-08-21
9377,dr. Hasim Mustofa S.Farm,1961-04-27,Surabaya,Mass,2014-01-04
9378,Drajat Simbolon,1962-11-18,Yogyakarta,Mass,2011-06-26
9379,Vanya Permata S.Sos,1998-05-23,Jakarta,Priority,2021-09-13
9380,Galih Pradipta,1962-03-14,Semarang,Mass,2024-12-27
9381,Cahyo Winarno,2002-02-16,Medan,Mass,2025-01-17
9382,Okta Nasyidah,1984-12-11,Bandung,Priority,2019-02-05
9383,Anita Mustofa,1967-05-03,Jakarta,Mass,2015-09-17
9384,Nova Puspita,1987-02-06,Surabaya,Priority,2010-07-26
9385,Agnes Pratama,1990-09-18,Bandung,Mass,2011-10-20
9386,Padma Wacana,1983-05-19,Medan,Mass,2012-09-13
9387,Gamblang Habibi,1964-06-23,Surabaya,Priority,2016-02-26
9388,Gilda Gunarto,1995-09-11,Semarang,Mass,2022-09-13
9389,Lala Permadi,1998-08-07,Bandung,Mass,2020-05-18
9390,Yance Anggriawan,1993-02-04,Jakarta,Mass,2011-09-25
9391,Aurora Mustofa,1966-11-16,Semarang,Mass,2012-02-14
9392,Paris Yuniar S.Pt,1963-05-15,Semarang,Priority,2020-11-02
9393,Mahesa Aryani S.T.,1965-10-13,Yogyakarta,Mass,2013-06-03
9394,Cut Sarah Palastri M.Farm,1971-04-14,Surabaya,SME,2025-10-15
9395,Adikara Pratama,1980-04-12,Bandung,Mass,2021-04-28
9396,Cut Rika Lazuardi,1966-02-05,Bandung,Priority,2017-03-27
9397,Asmuni Prakasa,1987-09-09,Yogyakarta,Mass,2017-12-04
9398,Alambana Megantara S.I.Kom,1983-11-14,Medan,Mass,2016-01-03
9399,Ajimin Sudiati,1995-02-28,Surabaya,Priority,2018-06-08
9400,Jessica Manullang,1967-11-01,Bandung,Mass,2020-04-14
9401,Farah Haryanti S.I.Kom,1969-08-22,Yogyakarta,Mass,2024-02-06
9402,Dr. Tami Riyanti,2000-01-01,Yogyakarta,Mass,2025-08-30
9403,Gina Kusumo,1961-05-06,Bandung,Mass,2023-09-26
9404,Hj. Yunita Nashiruddin,1989-11-15,Bandung,Priority,2019-07-03
9405,Azalea Hardiansyah,1973-10-30,Surabaya,Mass,2018-08-13
9406,Drs. Mala Gunawan,1966-01-26,Semarang,Mass,2025-03-11
9407,Setya Hariyah,1970-06-06,Yogyakarta,Priority,2017-02-27
9408,Yulia Lailasari,1975-07-23,Yogyakarta,Mass,2012-12-08
9409,Salimah Sinaga,1984-10-22,Semarang,Priority,2022-05-27
9410,Yessi Saputra,1967-06-13,Semarang,Mass,2013-06-28
9411,Lantar Mandala S.Gz,1997-04-01,Surabaya,SME,2017-11-13
9412,Irma Puspita,1988-04-17,Jakarta,SME,2013-07-18
9413,Tgk. Talia Suwarno,1979-01-09,Bandung,Mass,2014-05-12
9414,Genta Mulyani,1965-03-26,Yogyakarta,SME,2015-11-15
9415,Bancar Puspita,1976-10-17,Yogyakarta,Mass,2018-12-08
9416,Lasmono Purwanti,1967-12-10,Bandung,Mass,2019-04-28
9417,Nasim Pudjiastuti,1984-12-19,Bandung,SME,2019-05-31
9418,drg. Kamaria Usamah,1976-05-06,Jakarta,Mass,2020-04-21
9419,Paris Prabowo,1976-04-26,Yogyakarta,Mass,2018-02-22
9420,Zalindra Suryono,2002-04-24,Bandung,Mass,2023-09-26
9421,Tgk. Hasta Waskita S.E.,2001-11-23,Jakarta,Mass,2021-07-14
9422,R. Rina Uwais S.E.I,1975-03-25,Medan,Mass,2015-12-13
9423,Jumadi Susanti,1974-11-29,Yogyakarta,Mass,2020-09-21
9424,Anastasia Sihotang,1988-05-04,Medan,Priority,2022-06-07
9425,Laila Wibowo S.Ked,1998-05-30,Surabaya,Mass,2023-05-30
9426,Rosman Wasita,1964-12-01,Jakarta,Mass,2018-03-27
9427,Rosman Andriani,1965-07-08,Surabaya,Priority,2019-02-24
9428,R. Ira Namaga S.Farm,1987-05-20,Surabaya,Priority,2013-11-23
9429,Ikin Anggriawan,1967-12-26,Medan,SME,2023-02-27
9430,Melinda Uyainah,1967-10-14,Semarang,Priority,2015-09-06
9431,Praba Andriani,1969-08-13,Medan,Mass,2024-08-14
9432,Anita Mustofa,1976-10-21,Medan,Priority,2024-06-21
9433,Garan Haryanto,1970-10-04,Jakarta,Mass,2010-01-18
9434,Ophelia Utama,1971-09-17,Yogyakarta,Mass,2018-04-08
9435,Bagus Wahyudin,1969-11-17,Semarang,SME,2016-03-27
9436,Maman Ardianto,2001-02-24,Jakarta,Mass,2021-10-07
9437,Irnanto Pradana,1996-06-16,Surabaya,Mass,2018-04-17
9438,Olga Usada S.Pt,1963-06-02,Yogyakarta,Mass,2010-07-30
9439,Najwa Kuswoyo,1971-04-05,Surabaya,SME,2019-01-27
9440,Lintang Habibi,1993-04-26,Medan,Priority,2022-01-13
9441,Paramita Farida,2002-02-26,Surabaya,Mass,2022-01-10
9442,Cut Kasiyah Mustofa,1996-09-09,Surabaya,Priority,2016-04-08
9443,Dodo Sihombing,1979-02-05,Yogyakarta,Priority,2019-06-09
9444,Danu Prasasta,1965-02-14,Semarang,Priority,2010-08-05
9445,dr. Ina Handayani,1988-02-10,Bandung,Priority,2019-04-09
9446,Tgk. Amelia Waluyo,1987-03-27,Bandung,Priority,2012-04-19
9447,Uchita Utama,1983-04-11,Medan,SME,2021-01-05
9448,Bakti Zulaika,1961-08-28,Surabaya,Mass,2018-08-27
9449,Tgk. Marsito Hastuti M.Farm,1998-02-08,Surabaya,Mass,2024-10-04
9450,Galuh Haryanti,1986-01-28,Jakarta,Mass,2010-03-15
9451,Kemal Hutapea,1974-04-14,Bandung,Priority,2010-01-19
9452,Ir. Wardi Novitasari M.Farm,1963-08-26,Jakarta,Mass,2019-04-26
9453,dr. Ibrahim Salahudin,1994-02-28,Bandung,SME,2013-04-30
9454,drg. Ratna Prabowo S.Farm,1967-05-28,Medan,Mass,2022-07-07
9455,Kayla Maheswara,2003-02-24,Yogyakarta,Mass,2022-05-29
9456,Sutan Dagel Sinaga,1962-09-11,Semarang,SME,2022-06-06
9457,Rachel Lailasari S.T.,1993-07-13,Medan,Mass,2025-05-11
9458,Mumpuni Purwanti M.M.,1961-08-24,Medan,Mass,2020-05-13
9459,Pia Ardianto,1987-09-19,Yogyakarta,Priority,2023-07-24
9460,Silvia Hastuti,1982-08-31,Bandung,Mass,2015-11-11
9461,Prasetyo Nashiruddin,1989-01-13,Surabaya,Mass,2011-07-07
9462,Panca Kuswandari,1966-02-13,Semarang,Mass,2015-10-10
9463,Dr. Wani Irawan M.Pd,1969-12-29,Bandung,Mass,2020-12-14
9464,Hesti Ardianto,2001-02-23,Jakarta,Priority,2023-11-18
9465,Ir. Baktianto Pratiwi S.E.,1985-12-18,Bandung,Mass,2018-04-05
9466,Akarsana Suartini,1993-03-09,Yogyakarta,SME,2024-08-09
9467,Mala Lestari,1980-06-30,Yogyakarta,Mass,2017-04-05
9468,Darimin Nainggolan,1969-07-27,Yogyakarta,Priority,2020-12-26
9469,R. Shakila Suartini M.Kom.,1967-08-24,Bandung,Mass,2023-04-21
9470,Panji Zulaika,1982-05-19,Medan,Mass,2020-09-19
9471,Danu Pratiwi,1988-10-07,Bandung,Mass,2021-12-28
9472,drg. Icha Rajata S.Gz,1960-09-16,Surabaya,Priority,2020-07-09
9473,Taswir Purwanti,1961-10-23,Medan,Mass,2018-04-11
9474,Galur Permadi,1992-09-25,Medan,Mass,2025-10-22
9475,R.M. Rahman Widodo M.M.,1994-08-16,Bandung,Mass,2018-11-27
9476,Raina Rahayu,1975-04-18,Yogyakarta,Mass,2019-09-23
9477,Cengkir Rajata S.E.,1983-10-22,Medan,Priority,2017-12-22
9478,Nabila Prakasa,1988-05-19,Semarang,Priority,2018-08-05
9479,R. Genta Nasyidah,1978-10-20,Surabaya,Mass,2014-09-29
9480,dr. Sadina Megantara S.Gz,2000-09-10,Jakarta,SME,2023-01-31
9481,Digdaya Najmudin,1997-11-30,Bandung,Mass,2016-10-26
9482,Kamal Kuswoyo,1982-06-12,Bandung,Mass,2016-07-11
9483,Shakila Adriansyah,1966-02-18,Surabaya,SME,2018-07-08
9484,Indra Susanti,2001-01-14,Medan,Mass,2020-03-10
9485,Darsirah Natsir,1998-05-02,Surabaya,Mass,2019-06-07
9486,T. Emil Mandala,1982-07-04,Medan,Priority,2017-10-30
9487,Yono Salahudin,1978-03-07,Bandung,Mass,2018-05-18
9488,Sakura Hidayanto,1988-09-30,Semarang,Priority,2015-06-24
9489,Ir. Paramita Maryadi,1974-11-03,Semarang,Priority,2010-11-08
9490,Cut Wirda Wulandari,2001-04-27,Surabaya,Mass,2023-05-16
9491,Julia Sinaga,1981-10-17,Medan,Priority,2015-08-27
9492,Puti Julia Santoso S.Psi,1992-08-18,Surabaya,Mass,2014-02-01
9493,Usman Wibisono,2002-04-22,Yogyakarta,Mass,2024-01-02
9494,Vinsen Handayani,1978-10-22,Medan,SME,2020-04-09
9495,Maya Purnawati,1963-09-10,Semarang,Priority,2024-10-18
9496,Rachel Oktaviani S.Pt,1967-01-29,Medan,Priority,2020-10-09
9497,Kusuma Prasetya,1987-11-12,Medan,Priority,2016-02-21
9498,Among Adriansyah,1974-09-13,Bandung,Priority,2013-08-20
9499,Zahra Wijaya S.Pd,1982-04-07,Yogyakarta,SME,2015-09-19
9500,Dariati Wulandari,1987-08-28,Bandung,Mass,2011-03-09
9501,Cengkal Astuti,1989-10-26,Surabaya,Mass,2021-08-06
9502,Olga Maryadi S.E.I,1960-01-16,Medan,Mass,2011-04-28
9503,Mila Hastuti,1975-05-13,Yogyakarta,Mass,2022-10-17
9504,Gasti Putra,1972-09-08,Semarang,Mass,2013-03-21
9505,Heryanto Mayasari,1981-01-26,Bandung,SME,2017-03-07
9506,Ami Widodo S.Sos,1975-04-14,Yogyakarta,SME,2011-07-21
9507,Titi Kuswandari,2002-03-27,Semarang,Priority,2025-08-17
9508,Wahyu Handayani,1967-03-23,Surabaya,Mass,2023-10-18
9509,Daniswara Puspita,1965-11-13,Yogyakarta,Mass,2019-09-29
9510,Anastasia Prakasa,1962-09-02,Surabaya,Mass,2021-06-19
9511,Wirda Firmansyah,1995-06-19,Bandung,Mass,2018-12-20
9512,Raisa Sihotang,1963-06-02,Medan,Mass,2011-07-19
9513,Leo Mardhiyah,1982-04-01,Semarang,Mass,2014-03-28
9514,T. Cahya Usamah S.Pd,1989-03-10,Surabaya,SME,2018-07-30
9515,Ozy Firgantoro,1989-07-24,Yogyakarta,Mass,2014-11-26
9516,Jasmani Salahudin S.Gz,1964-08-04,Medan,Mass,2025-12-19
9517,Usman Lailasari,1996-02-01,Jakarta,SME,2022-09-12
9518,Anita Wulandari,1997-02-25,Yogyakarta,Mass,2023-06-01
9519,Taswir Fujiati M.Kom.,1996-07-26,Surabaya,Mass,2022-12-08
9520,KH. Ghani Mayasari S.E.,1989-02-28,Bandung,Mass,2016-10-04
9521,Mutia Andriani,1962-06-07,Bandung,Priority,2024-11-30
9522,Hardana Purnawati,1987-02-18,Jakarta,Mass,2014-06-20
9523,Saiful Astuti,1984-03-27,Yogyakarta,Mass,2011-01-31
9524,R. Amalia Gunarto S.H.,1961-05-29,Bandung,SME,2023-01-07
9525,Latika Nainggolan M.TI.,1992-07-07,Semarang,SME,2019-10-08
9526,Garda Usada S.Sos,1980-05-28,Semarang,Mass,2015-05-22
9527,T. Warsita Zulkarnain S.Pt,1976-12-06,Surabaya,Mass,2016-12-23
9528,Queen Hassanah,1987-09-12,Bandung,Mass,2011-04-22
9529,Iriana Riyanti,1964-12-20,Surabaya,Priority,2023-10-04
9530,Septi Rahmawati,1969-01-23,Yogyakarta,Priority,2018-01-13
9531,Bala Nurdiyanti,2000-06-13,Bandung,Mass,2019-01-01
9532,Langgeng Pertiwi,1985-10-03,Surabaya,Mass,2017-01-25
9533,Jayeng Permata M.Pd,1984-02-08,Yogyakarta,Priority,2023-11-13
9534,Indah Rahimah S.Pt,1991-01-01,Bandung,Priority,2015-08-06
9535,Rahayu Mayasari,1969-03-25,Yogyakarta,Priority,2018-03-11
9536,Ami Rahmawati,1973-12-18,Medan,Mass,2024-09-08
9537,Raina Sihotang S.Psi,1980-11-01,Bandung,Mass,2010-07-07
9538,Sakti Suryono,1979-05-21,Semarang,Mass,2013-02-09
9539,Hj. Fathonah Megantara,1972-08-16,Jakarta,Mass,2026-02-02
9540,drg. Vicky Fujiati S.Pd,1993-06-24,Surabaya,Priority,2018-02-15
9541,Cagak Mustofa,1979-08-08,Jakarta,SME,2013-07-11
9542,Gawati Rahayu S.T.,2003-01-10,Medan,SME,2022-08-13
9543,Cinthia Mustofa,1989-08-24,Semarang,Priority,2013-01-17
9544,Candrakanta Pudjiastuti,1980-05-06,Jakarta,Mass,2015-08-04
9545,Drs. Yani Yulianti,1962-05-29,Medan,Mass,2019-10-19
9546,Mitra Jailani,2001-03-10,Surabaya,Mass,2021-01-25
9547,Raisa Suwarno,1967-01-27,Yogyakarta,Priority,2015-02-19
9548,Tgk. Darsirah Ramadan,1982-10-02,Bandung,Mass,2023-11-28
9549,Adhiarja Hidayanto,1976-10-14,Bandung,Mass,2022-04-02
9550,Mahdi Hartati,1994-05-20,Medan,SME,2024-11-30
9551,Ulya Marpaung,1990-01-18,Medan,SME,2026-02-10
9552,Upik Nababan,1997-03-28,Surabaya,SME,2021-12-28
9553,Ir. Paris Sihombing M.Kom.,1990-06-11,Medan,Mass,2017-06-27
9554,Ellis Uyainah,1972-05-23,Semarang,Priority,2017-01-12
9555,Ganep Widodo,1973-05-23,Surabaya,Priority,2019-09-14
9556,Malika Mayasari M.Kom.,1970-09-08,Jakarta,Mass,2023-02-07
9557,Slamet Mulyani,2003-06-12,Bandung,Mass,2023-07-05
9558,Dr. Karsa Megantara S.E.I,2003-11-19,Medan,Mass,2026-01-02
9559,Ihsan Novitasari,1976-05-23,Surabaya,Mass,2017-05-29
9560,Kenes Yulianti M.Kom.,1995-04-28,Medan,Mass,2014-11-10
9561,Gambira Wahyuni,1986-11-15,Surabaya,Priority,2025-06-02
9562,T. Bagas Wibisono,2000-01-26,Surabaya,Mass,2025-09-26
9563,Dt. Harjo Hutagalung,1993-07-31,Yogyakarta,Priority,2025-05-20
9564,Farah Rajasa M.Farm,1981-12-25,Yogyakarta,SME,2013-03-19
9565,Hairyanto Wacana S.Pd,1993-04-28,Medan,Priority,2014-03-09
9566,Ulva Permata,1995-10-09,Yogyakarta,Mass,2020-09-13
9567,Drs. Humaira Wijaya,2000-05-20,Yogyakarta,Mass,2018-09-25
9568,Parman Wastuti,1991-06-13,Jakarta,Priority,2019-07-01
9569,Oliva Aryani,1978-07-21,Bandung,Priority,2012-03-11
9570,Ibun Oktaviani S.T.,1993-06-27,Medan,Mass,2022-05-28
9571,drg. Febi Wastuti,1993-06-14,Semarang,SME,2013-05-29
9572,Sutan Ade Safitri,1981-08-05,Bandung,Mass,2017-04-05
9573,Dr. Eva Pangestu S.Sos,1989-01-18,Yogyakarta,Mass,2014-01-07
9574,R. Asirwanda Palastri S.Gz,1969-01-09,Medan,Priority,2012-10-25
9575,R. Lidya Hutasoit,1990-10-30,Surabaya,SME,2021-04-06
9576,Lalita Mustofa,1990-07-04,Semarang,SME,2011-03-04
9577,Baktiadi Andriani,1983-05-17,Jakarta,Mass,2021-05-25
9578,Kani Simanjuntak,1964-12-04,Surabaya,Mass,2025-07-14
9579,Mila Mayasari S.Farm,1990-05-20,Jakarta,SME,2019-05-05
9580,Julia Mandasari,1985-02-07,Surabaya,SME,2023-01-22
9581,Wira Nurdiyanti S.Sos,1970-09-29,Yogyakarta,Mass,2019-06-08
9582,Jane Tamba,1978-04-09,Jakarta,Mass,2024-05-03
9583,Kamila Januar,1974-01-24,Yogyakarta,Mass,2012-09-05
9584,Dodo Halimah,1969-10-29,Medan,Mass,2014-08-24
9585,Ika Ardianto,1968-05-27,Surabaya,SME,2012-12-14
9586,Aslijan Winarno,1982-11-29,Surabaya,Mass,2013-05-02
9587,drg. Gandi Nurdiyanti,1963-01-08,Bandung,Mass,2023-04-24
9588,KH. Heryanto Nuraini S.E.I,1988-10-06,Semarang,SME,2025-11-26
9589,Sabrina Hakim,1997-12-07,Surabaya,Mass,2024-03-17
9590,Belinda Agustina,1986-01-02,Medan,Mass,2020-11-26
9591,Kamila Rajasa,1985-08-13,Yogyakarta,Mass,2021-05-20
9592,Cici Mangunsong,1993-03-04,Jakarta,Mass,2015-08-09
9593,Tri Rajasa,1962-08-15,Bandung,Mass,2017-10-17
9594,Tgk. Hana Hidayat M.TI.,1971-08-28,Bandung,Mass,2025-11-23
9595,Ir. Nadine Sihombing,1968-02-04,Medan,Priority,2017-10-18
9596,Cakrabirawa Pangestu,1971-03-27,Bandung,Mass,2012-12-26
9597,Karsana Wasita,1966-01-06,Surabaya,Mass,2020-10-29
9598,dr. Agus Mulyani,1964-12-17,Semarang,Mass,2020-12-10
9599,Sutan Raihan Simanjuntak M.Kom.,1993-10-13,Jakarta,Mass,2025-05-11
9600,Cut Titi Haryanto M.M.,1998-09-05,Bandung,Mass,2021-06-07
9601,Yusuf Prasasta,1989-03-24,Medan,Mass,2010-05-20
9602,Febi Gunawan,1970-02-23,Jakarta,Mass,2018-09-17
9603,Tgk. Yessi Santoso,1967-10-18,Jakarta,Mass,2014-04-28
9604,Vero Prabowo,1978-09-18,Bandung,Priority,2020-07-20
9605,Ir. Hendra Halim,1981-12-29,Surabaya,Mass,2020-03-14
9606,Arsipatra Sitorus,1967-06-16,Medan,Mass,2023-08-21
9607,Alika Namaga M.Ak,1960-01-31,Jakarta,SME,2016-09-06
9608,Patricia Prasetyo S.Ked,1969-09-26,Semarang,Mass,2013-07-29
9609,Tgk. Ulva Hidayat,1993-10-01,Surabaya,Priority,2014-08-06
9610,Embuh Winarsih,1991-10-28,Surabaya,SME,2019-12-21
9611,Cut Restu Astuti,1969-04-14,Bandung,Priority,2017-04-15
9612,Atmaja Sudiati M.Kom.,1995-04-21,Semarang,Mass,2020-12-12
9613,Dr. Zulfa Permata,1983-02-04,Bandung,Mass,2025-06-27
9614,Diana Saputra,1997-06-12,Jakarta,Priority,2021-06-28
9615,Eva Puspita,1998-06-10,Yogyakarta,Priority,2025-09-02
9616,Carla Pranowo,1974-10-12,Yogyakarta,SME,2021-05-04
9617,Kayla Suryatmi,1989-08-31,Medan,Mass,2011-07-04
9618,Paramita Budiman,2003-05-30,Jakarta,Priority,2025-02-14
9619,Jamalia Gunarto,1989-06-02,Medan,Priority,2013-09-02
9620,Farhunnisa Thamrin,1981-09-23,Jakarta,Priority,2023-07-10
9621,KH. Harja Lestari S.Pd,1988-08-06,Semarang,Mass,2018-10-11
9622,Dt. Kemal Sinaga,1977-08-06,Yogyakarta,SME,2024-08-07
9623,Suci Uyainah,1981-07-15,Medan,Mass,2013-12-06
9624,Kemal Ramadan,1967-02-07,Surabaya,Mass,2019-04-16
9625,Ajiman Sirait M.Farm,1975-01-31,Bandung,Mass,2010-03-25
9626,Hj. Vanya Pudjiastuti S.Gz,1982-01-15,Jakarta,Priority,2023-09-16
9627,Maryadi Astuti,1989-10-14,Surabaya,SME,2023-06-27
9628,Cawisadi Susanti,1997-05-07,Semarang,Mass,2017-11-09
9629,Humaira Maulana,1988-05-23,Bandung,Priority,2025-06-11
9630,Teddy Gunawan S.H.,1989-08-11,Bandung,Priority,2014-07-04
9631,Garang Nuraini,1965-08-28,Semarang,SME,2025-06-17
9632,R. Juli Nurdiyanti,1978-08-06,Jakarta,Mass,2020-02-17
9633,Rahmi Budiyanto,1962-02-16,Jakarta,Mass,2015-08-07
9634,Fitriani Saragih,1980-05-26,Jakarta,Mass,2022-06-17
9635,Arta Pradana,1965-08-23,Semarang,Mass,2025-09-21
9636,Kardi Farida,1998-02-03,Medan,Mass,2025-08-29
9637,Jagaraga Halimah S.Pd,1987-01-28,Medan,Mass,2011-08-15
9638,dr. Jagaraga Tarihoran,2002-11-22,Bandung,Mass,2023-09-17
9639,dr. Calista Wahyuni,2000-10-15,Yogyakarta,Mass,2018-10-27
9640,Betania Mulyani,1972-05-27,Semarang,Mass,2023-03-03
9641,Unjani Santoso,1972-01-12,Jakarta,Mass,2022-11-19
9642,Karman Manullang S.Kom,1978-04-24,Semarang,Mass,2017-11-23
9643,Jais Nurdiyanti,1966-03-05,Bandung,SME,2021-05-25
9644,H. Cager Sudiati S.Psi,1964-11-13,Yogyakarta,Mass,2022-09-23
9645,Ir. Karma Widodo M.TI.,1991-10-11,Yogyakarta,Priority,2022-08-22
9646,T. Balamantri Pertiwi S.Farm,1985-03-29,Medan,SME,2016-11-02
9647,Dipa Yuliarti,1994-12-06,Bandung,Priority,2019-07-26
9648,Sutan Cawisadi Aryani S.Ked,1998-07-03,Semarang,Mass,2020-01-29
9649,Syahrini Tarihoran M.Pd,1998-09-24,Jakarta,Priority,2021-02-23
9650,Tina Oktaviani,2001-03-15,Medan,SME,2025-04-09
9651,T. Catur Haryanti S.Farm,1988-01-19,Jakarta,Priority,2017-08-16
9652,Dr. Icha Maryati S.Kom,1991-09-19,Jakarta,Priority,2023-01-25
9653,Samsul Handayani,1975-07-20,Semarang,Priority,2026-02-26
9654,Naradi Adriansyah,1968-05-30,Bandung,Mass,2013-03-06
9655,Latika Najmudin,2003-08-24,Surabaya,SME,2025-10-15
9656,Ir. Gabriella Wahyuni S.Pt,1993-12-09,Semarang,Priority,2016-02-24
9657,Cornelia Nuraini,1985-12-24,Jakarta,Mass,2016-05-21
9658,KH. Bakijan Hastuti M.Pd,1961-05-17,Semarang,Mass,2019-04-24
9659,R.M. Emil Maulana,1990-02-11,Semarang,Mass,2015-02-26
9660,Yuni Tarihoran,1982-02-06,Jakarta,SME,2021-12-30
9661,dr. Padmi Saragih S.Farm,1966-02-03,Yogyakarta,Mass,2010-01-06
9662,Drs. Rika Damanik,2001-07-22,Medan,SME,2021-12-13
9663,Eva Prakasa,2002-04-28,Bandung,Mass,2021-01-21
9664,Jagaraga Megantara,1987-09-18,Semarang,SME,2019-07-30
9665,Martani Kusmawati,2003-11-22,Semarang,Mass,2023-02-10
9666,Ihsan Oktaviani,1968-12-10,Semarang,Mass,2024-07-05
9667,Drs. Akarsana Maryadi,1982-07-29,Semarang,Mass,2015-01-08
9668,Darsirah Halimah,1960-01-16,Yogyakarta,Mass,2020-04-26
9669,Raden Pertiwi S.Gz,1991-03-30,Surabaya,Mass,2010-01-21
9670,Nugraha Aryani,1981-12-30,Bandung,Mass,2016-06-09
9671,Yuni Saputra,1981-06-15,Surabaya,Mass,2010-10-06
9672,Drs. Sari Uyainah M.M.,1969-01-09,Bandung,Mass,2023-06-25
9673,Mumpuni Puspasari,1992-07-22,Jakarta,Mass,2023-12-07
9674,Yessi Hastuti,1972-02-19,Medan,Priority,2019-07-20
9675,Ratna Sinaga,1993-06-22,Yogyakarta,Priority,2016-11-12
9676,Hana Hidayanto M.M.,2003-06-05,Semarang,Mass,2024-03-25
9677,Najwa Sihotang,1998-02-13,Surabaya,Mass,2017-11-28
9678,Farah Rahayu,1966-02-16,Bandung,Mass,2023-03-25
9679,R. Reza Palastri,1965-09-24,Surabaya,SME,2017-02-03
9680,Drs. Mahdi Gunarto,2000-02-16,Yogyakarta,Mass,2018-08-29
9681,Dr. Ulva Pranowo M.M.,1983-02-17,Surabaya,Mass,2011-02-28
9682,R. Garan Padmasari,1994-12-20,Semarang,Mass,2019-07-19
9683,Galur Lailasari,1987-04-16,Yogyakarta,Mass,2020-06-21
9684,Cut Puti Prastuti,1963-02-26,Yogyakarta,Mass,2023-01-03
9685,Kartika Melani,1969-05-27,Medan,SME,2021-08-23
9686,Hj. Kayla Marbun,1977-08-09,Yogyakarta,Mass,2019-11-22
9687,Yunita Pudjiastuti,1992-09-04,Surabaya,Mass,2021-10-16
9688,Johan Saptono,1993-10-15,Bandung,SME,2024-08-12
9689,Dr. Ilyas Zulkarnain,2003-06-26,Medan,Mass,2021-08-26
9690,Karna Damanik,1969-06-13,Medan,Mass,2012-05-29
9691,R. Anita Kuswandari S.Sos,1976-12-14,Jakarta,Mass,2021-03-02
9692,Cakrawangsa Prakasa,1964-11-24,Jakarta,Mass,2014-07-06
9693,drg. Sabrina Kurniawan,2001-10-30,Yogyakarta,Mass,2025-11-21
9694,Balijan Usamah,1976-01-30,Jakarta,Mass,2024-02-20
9695,Ir. Luhung Dabukke S.Psi,1989-06-08,Bandung,Priority,2010-12-09
9696,Clara Pudjiastuti M.Pd,1973-06-19,Medan,Mass,2010-04-28
9697,Chandra Purnawati,1985-11-25,Jakarta,SME,2016-05-04
9698,Paiman Namaga M.TI.,1985-05-01,Medan,Priority,2020-01-22
9699,Harsanto Yolanda S.IP,1961-08-18,Bandung,Priority,2025-04-29
9700,KH. Cahyanto Dongoran,1971-01-28,Medan,Priority,2022-07-06
9701,Raden Lestari S.Ked,1978-10-13,Semarang,SME,2020-07-02
9702,Kayla Riyanti,1988-05-20,Bandung,SME,2018-09-08
9703,Taufan Lazuardi,1985-11-22,Jakarta,SME,2017-03-07
9704,Jaeman Rahmawati,1960-09-30,Bandung,Mass,2024-07-11
9705,Darmaji Laksmiwati,1984-09-04,Medan,Mass,2014-11-20
9706,R.M. Lanjar Puspita S.E.I,1990-01-05,Yogyakarta,Mass,2025-09-11
9707,Puspa Sudiati,1964-06-25,Bandung,Mass,2021-06-14
9708,Darmana Saefullah,1990-12-23,Yogyakarta,Mass,2022-10-01
9709,Oni Wijayanti S.Farm,1999-02-21,Semarang,Priority,2024-10-19
9710,Gadang Sudiati M.M.,1977-04-06,Bandung,Mass,2018-07-26
9711,Dimaz Sihotang,1981-03-02,Surabaya,SME,2012-09-29
9712,Imam Lestari,1963-08-01,Surabaya,Mass,2022-05-11
9713,Michelle Melani,1997-01-01,Jakarta,Priority,2017-05-09
9714,drg. Zelda Maryati,1978-08-12,Surabaya,Mass,2011-04-08
9715,H. Saka Prasetyo S.Kom,1997-10-11,Semarang,Mass,2020-11-01
9716,Kamila Hassanah,1991-08-05,Medan,Mass,2024-11-29
9717,Raharja Laksita,1994-03-27,Bandung,Mass,2012-12-20
9718,Gilda Januar,1983-10-21,Surabaya,Priority,2019-12-16
9719,R.M. Saadat Wahyuni S.Kom,1961-07-02,Medan,Priority,2018-01-07
9720,Gaman Sitompul,1970-09-08,Jakarta,Mass,2025-03-30
9721,Siti Gunarto,1976-12-16,Semarang,Mass,2019-10-28
9722,Surya Simanjuntak M.M.,1986-09-03,Bandung,Mass,2024-06-06
9723,Utama Firmansyah S.I.Kom,1981-03-06,Bandung,Mass,2024-11-09
9724,Margana Iswahyudi,1993-09-02,Jakarta,Mass,2022-02-04
9725,drg. Lasmanto Suartini,1972-08-22,Semarang,Mass,2022-12-04
9726,Tomi Prasetya M.TI.,1991-04-24,Jakarta,Priority,2018-02-25
9727,Titin Setiawan,1974-03-11,Semarang,Mass,2015-02-18
9728,Aurora Saragih,1975-12-11,Yogyakarta,Mass,2019-12-12
9729,Oni Nasyiah,1990-05-30,Medan,Mass,2021-08-16
9730,Bala Hutagalung,1966-04-04,Semarang,Priority,2026-02-26
9731,Bella Samosir,1985-09-21,Yogyakarta,Mass,2011-02-02
9732,Anastasia Yulianti,1976-05-21,Jakarta,Priority,2012-05-03
9733,Ciaobella Mangunsong S.H.,1993-01-02,Semarang,SME,2020-09-12
9734,Putu Sinaga S.Gz,1984-05-17,Jakarta,Mass,2017-09-21
9735,Himawan Nasyiah,1972-11-12,Semarang,SME,2019-06-07
9736,Calista Simbolon,1976-07-08,Yogyakarta,Mass,2011-05-09
9737,Pardi Wijaya M.Pd,1960-05-31,Medan,Mass,2023-08-25
9738,Puti Uli Firgantoro,1963-01-14,Bandung,Mass,2023-01-28
9739,Hj. Maida Hartati,1991-07-07,Bandung,Priority,2011-05-11
9740,Dr. Paulin Habibi,1982-11-02,Jakarta,Mass,2019-08-10
9741,R. Gina Uyainah S.Pd,1973-06-03,Semarang,Mass,2017-09-19
9742,KH. Lutfan Santoso S.I.Kom,1998-04-24,Medan,Mass,2018-08-13
9743,Oliva Siregar,1973-06-26,Surabaya,Mass,2023-12-28
9744,Laras Kusmawati,1980-04-11,Surabaya,Mass,2011-03-16
9745,Tgk. Aisyah Pradipta,1992-05-28,Medan,SME,2020-12-11
9746,drg. Tari Aryani S.Pd,1965-12-26,Bandung,Mass,2019-01-10
9747,Cut Bella Astuti S.Kom,1996-12-15,Bandung,SME,2019-06-27
9748,Luwar Simanjuntak,1993-02-23,Semarang,Mass,2014-05-24
9749,Gasti Mandasari,1989-10-31,Yogyakarta,Priority,2021-10-13
9750,Ir. Daniswara Lazuardi,1992-01-31,Medan,SME,2025-07-02
9751,Restu Mandasari,1986-01-06,Yogyakarta,Mass,2020-05-18
9752,Mila Marpaung,1992-06-12,Bandung,Priority,2014-06-20
9753,Hj. Dalima Wijayanti,1969-05-19,Medan,Mass,2025-05-09
9754,Gina Jailani,1981-01-23,Semarang,Priority,2022-07-26
9755,dr. Yono Purwanti,1978-07-15,Jakarta,Mass,2021-10-23
9756,H. Daniswara Firgantoro S.E.I,2001-03-06,Medan,Mass,2020-07-17
9757,Puti Julia Purwanti,2002-09-05,Jakarta,Priority,2022-03-28
9758,Tiara Wijayanti,2001-11-09,Bandung,Mass,2022-05-06
9759,Syahrini Marpaung,1998-11-22,Semarang,Mass,2025-06-13
9760,R.A. Ghaliyati Natsir S.Pd,1990-09-26,Surabaya,SME,2023-01-02
9761,Harimurti Wahyudin,2000-11-18,Surabaya,Mass,2024-06-30
9762,Kunthara Situmorang,1972-06-24,Medan,Mass,2011-06-12
9763,Okta Rajasa M.Pd,1984-03-02,Bandung,Mass,2021-11-19
9764,Lamar Astuti,1962-04-18,Surabaya,Mass,2015-03-18
9765,dr. Ajiono Hastuti S.Kom,1969-02-08,Medan,Mass,2013-07-22
9766,Icha Winarno,1968-07-22,Yogyakarta,Mass,2017-04-27
9767,Dr. Titin Rajasa S.Sos,1960-05-28,Semarang,Mass,2016-12-01
9768,Ozy Maheswara,2002-09-01,Surabaya,Mass,2022-10-14
9769,Uli Usamah,1997-02-26,Medan,Mass,2024-01-14
9770,dr. Puji Suryono,1989-05-07,Jakarta,Mass,2013-02-14
9771,Bakda Utami M.Kom.,1962-09-04,Semarang,Mass,2021-10-06
9772,Ulya Suryatmi,1978-04-17,Surabaya,Mass,2022-01-10
9773,Irwan Haryanto,1969-06-07,Semarang,Mass,2016-09-07
9774,Ade Sirait,1990-07-04,Medan,Mass,2021-10-01
9775,Warta Marpaung,1985-11-12,Surabaya,Mass,2013-10-24
9776,Bahuwarna Mulyani,1983-05-10,Yogyakarta,Priority,2023-05-31
9777,Bakiono Waskita M.Farm,1980-12-09,Bandung,Mass,2024-11-25
9778,R. Mariadi Suwarno,1977-10-16,Bandung,Mass,2014-07-16
9779,Darsirah Salahudin,1973-03-01,Jakarta,Mass,2018-09-09
9780,Tgk. Salwa Kuswandari S.Sos,1993-05-20,Bandung,Mass,2020-03-17
9781,Amelia Rahayu S.T.,1970-07-27,Yogyakarta,SME,2014-08-27
9782,Drs. Farhunnisa Laksita M.M.,1987-04-21,Medan,SME,2011-02-07
9783,Aisyah Mahendra,1995-02-12,Surabaya,Mass,2024-04-22
9784,R. Paulin Waskita,1964-01-19,Bandung,Mass,2019-09-19
9785,Salwa Uyainah,1991-09-24,Yogyakarta,Mass,2014-12-29
9786,Damar Dabukke,1962-09-27,Yogyakarta,Mass,2025-12-31
9787,R.M. Irwan Usada S.I.Kom,1970-07-15,Semarang,Mass,2018-06-02
9788,Ana Permata M.Farm,1983-07-06,Surabaya,SME,2016-02-24
9789,Titin Nashiruddin,1963-03-31,Jakarta,Mass,2016-07-04
9790,Kalim Nainggolan,1980-05-08,Semarang,Mass,2023-10-20
9791,Keisha Hartati,1975-10-16,Jakarta,Priority,2011-09-15
9792,Dewi Rahimah,1974-01-02,Semarang,Mass,2021-10-27
9793,Keisha Agustina S.Farm,1992-10-17,Yogyakarta,Mass,2020-01-30
9794,Citra Adriansyah,1995-06-15,Bandung,SME,2014-10-15
9795,Galar Wijaya,1973-04-14,Medan,Mass,2019-05-25
9796,Estiawan Natsir,1979-11-01,Medan,Priority,2015-11-16
9797,Dt. Cahyanto Mahendra S.E.I,1982-12-05,Medan,Mass,2024-03-23
9798,Nalar Prasetya S.T.,1999-12-23,Surabaya,Mass,2019-06-20
9799,Ir. Puji Gunarto,1978-09-05,Yogyakarta,Mass,2018-09-21
9800,Uda Pranowo,1972-11-29,Semarang,SME,2017-03-01
9801,Maida Anggraini M.Pd,1998-01-20,Bandung,SME,2025-04-28
9802,Tri Andriani,1975-08-30,Bandung,SME,2011-04-04
9803,Kani Safitri,1966-11-09,Medan,Mass,2014-09-29
9804,Anita Kuswoyo M.Kom.,1971-12-08,Jakarta,Mass,2015-09-14
9805,Dr. Raisa Hidayanto S.Psi,1988-10-22,Yogyakarta,Mass,2010-05-06
9806,Makara Sihombing,1987-08-28,Surabaya,Mass,2021-07-27
9807,Yulia Waskita,1989-08-29,Jakarta,SME,2024-10-10
9808,Endra Sihombing,2001-09-21,Semarang,Mass,2020-01-19
9809,Latif Marbun,1971-05-01,Surabaya,Mass,2022-02-17
9810,Dipa Tampubolon,1989-06-22,Jakarta,Mass,2014-06-20
9811,Jagapati Sihombing,1971-06-05,Medan,Priority,2020-03-17
9812,drg. Karen Fujiati S.Pd,1971-06-17,Bandung,Mass,2011-06-25
9813,Taswir Waluyo,1991-03-05,Surabaya,Priority,2013-09-20
9814,Cut Carla Pudjiastuti S.Sos,1967-12-22,Jakarta,SME,2013-07-06
9815,Jindra Mahendra,1982-10-09,Medan,Mass,2025-01-22
9816,Gasti Hidayat,1968-02-13,Medan,Mass,2011-01-25
9817,Ir. Violet Tamba,1975-11-21,Jakarta,SME,2013-02-10
9818,Syahrini Wibowo M.Ak,1984-07-23,Jakarta,SME,2010-01-30
9819,Gandewa Tamba M.Farm,1978-09-16,Semarang,Mass,2023-08-15
9820,R.M. Manah Najmudin M.Kom.,1998-03-05,Jakarta,Mass,2019-11-01
9821,Ismail Waluyo S.T.,1991-12-16,Surabaya,Priority,2013-01-18
9822,R. Emin Sudiati S.Gz,1962-11-04,Medan,Mass,2015-03-13
9823,Darijan Pudjiastuti,1971-01-30,Bandung,Mass,2025-06-07
9824,Ade Nugroho,1981-10-25,Medan,Mass,2015-08-15
9825,Wani Sitorus S.Psi,1995-05-12,Medan,Mass,2018-09-21
9826,Omar Pranowo,1973-04-06,Yogyakarta,SME,2011-01-23
9827,Tgk. Victoria Suwarno S.T.,1988-10-24,Surabaya,Mass,2018-10-25
9828,dr. Jaya Megantara,1986-03-13,Surabaya,Mass,2023-04-11
9829,Kasusra Nasyiah,1993-12-24,Yogyakarta,Mass,2019-12-17
9830,Kemal Adriansyah,1970-01-30,Medan,Mass,2010-08-04
9831,Nadine Permadi,1996-10-31,Surabaya,Mass,2016-12-21
9832,Atmaja Ramadan,1971-01-10,Medan,Priority,2012-11-14
9833,Ika Waluyo,1974-04-28,Surabaya,SME,2010-06-16
9834,Ulya Hutasoit S.I.Kom,2002-01-17,Semarang,Priority,2025-10-06
9835,Jaya Siregar M.Farm,1961-03-30,Jakarta,Mass,2017-01-24
9836,R.A. Eka Tamba S.Pt,1980-12-06,Bandung,Mass,2020-12-13
9837,Elon Rahmawati,1962-05-01,Surabaya,Mass,2020-11-03
9838,Paramita Maryati,1985-09-04,Bandung,Mass,2025-06-30
9839,Rini Simanjuntak,1981-02-26,Semarang,SME,2012-10-19
9840,Atma Mansur,1961-04-29,Yogyakarta,Mass,2014-06-30
9841,Cut Icha Budiman M.Farm,1983-09-05,Medan,Priority,2025-03-30
9842,Irma Prasasta,1977-10-08,Yogyakarta,SME,2017-05-23
9843,Nilam Yulianti,1981-06-24,Surabaya,Mass,2016-08-03
9844,Lintang Kuswoyo,1976-11-29,Semarang,Mass,2010-02-10
9845,Sutan Aslijan Nuraini,1976-12-22,Surabaya,SME,2011-04-21
9846,Tgk. Jefri Habibi S.Gz,1971-10-24,Bandung,Mass,2012-04-28
9847,Nyoman Nasyiah,1984-05-14,Bandung,Mass,2010-01-13
9848,Hesti Hutasoit,1969-06-14,Yogyakarta,Mass,2021-03-28
9849,Farhunnisa Padmasari,1995-06-17,Yogyakarta,SME,2025-05-30
9850,Gamani Iswahyudi,1972-08-25,Surabaya,Mass,2010-02-08
9851,Dwi Pradana,1994-09-15,Jakarta,Mass,2020-11-17
9852,Novi Nasyidah,1977-10-04,Yogyakarta,Mass,2023-08-19
9853,Ella Usamah,1976-10-01,Yogyakarta,SME,2012-12-20
9854,Warsa Budiman,1985-02-23,Medan,SME,2016-06-30
9855,Wirda Pudjiastuti,1989-11-22,Semarang,Mass,2012-03-19
9856,Kuncara Hasanah,1983-06-21,Semarang,Mass,2011-07-24
9857,Arsipatra Susanti,1997-06-02,Medan,Mass,2022-09-01
9858,Halim Usamah M.TI.,1970-12-13,Semarang,SME,2020-12-07
9859,Lintang Sihombing,1987-05-10,Bandung,Priority,2021-07-22
9860,Gamblang Hasanah,1960-07-06,Medan,Priority,2014-09-10
9861,Cut Laila Yuniar M.Pd,1970-10-12,Surabaya,Mass,2023-06-12
9862,Raihan Adriansyah S.E.I,1961-11-15,Yogyakarta,Mass,2021-09-15
9863,drg. Yuni Prastuti S.Kom,1968-06-10,Medan,Priority,2014-01-21
9864,Wahyu Hidayanto,1999-06-17,Surabaya,Priority,2020-02-06
9865,Hani Nugroho,1964-03-03,Surabaya,Mass,2011-11-20
9866,Uli Napitupulu S.Ked,1981-12-05,Surabaya,Mass,2026-02-22
9867,Ami Habibi,1992-08-19,Bandung,Priority,2021-08-06
9868,Dagel Habibi,1980-03-01,Jakarta,Mass,2020-05-22
9869,Yusuf Mardhiyah,2002-09-27,Jakarta,Mass,2024-03-06
9870,Juli Yuliarti,1980-07-31,Jakarta,Mass,2021-12-23
9871,Juli Budiyanto S.Psi,1996-11-29,Surabaya,Mass,2023-08-19
9872,R. Ella Suwarno S.IP,1970-06-14,Semarang,Mass,2023-09-03
9873,Elvin Mangunsong,1989-10-02,Yogyakarta,Mass,2014-07-02
9874,Hadi Wasita,1981-02-01,Semarang,Mass,2014-08-12
9875,Ani Jailani,1964-05-01,Medan,SME,2011-02-24
9876,Citra Rajasa,1973-02-27,Yogyakarta,Priority,2012-06-16
9877,Ulya Rahmawati,1979-04-04,Yogyakarta,Mass,2024-01-07
9878,R. Anita Kuswoyo,1961-06-03,Yogyakarta,SME,2020-08-17
9879,drg. Lintang Prayoga S.Kom,2000-04-10,Medan,Priority,2025-12-09
9880,Drs. Dinda Mahendra S.E.I,1980-06-20,Semarang,Priority,2024-11-04
9881,R. Indah Firgantoro S.Gz,1992-03-31,Medan,Mass,2019-10-02
9882,Gina Rahmawati,1974-05-14,Semarang,Mass,2021-05-10
9883,Cengkal Widiastuti,1971-02-02,Jakarta,Mass,2016-11-29
9884,Asirwada Wahyudin,1984-02-19,Semarang,SME,2017-06-11
9885,Dina Yolanda,1980-02-25,Bandung,Mass,2012-06-23
9886,Bakiono Wijayanti,1991-02-21,Medan,SME,2013-08-02
9887,Raisa Gunawan S.Pt,2003-06-16,Medan,SME,2022-04-01
9888,Prabu Pranowo,1998-02-08,Medan,Priority,2021-08-05
9889,Patricia Samosir,1982-10-29,Yogyakarta,Mass,2018-03-26
9890,Darmana Permata,2002-11-07,Medan,Mass,2024-08-12
9891,Dadi Pradana,1961-02-27,Medan,Mass,2024-04-24
9892,Cayadi Utama S.E.,1990-05-21,Surabaya,SME,2022-07-26
9893,dr. Yahya Latupono,1980-11-12,Bandung,Mass,2025-12-31
9894,Sutan Capa Prasasta M.Ak,1969-08-15,Semarang,Mass,2020-03-22
9895,Juli Zulkarnain,1974-05-24,Medan,Mass,2018-04-07
9896,Edi Sitorus S.E.I,1960-12-23,Jakarta,Mass,2021-01-22
9897,Gadang Nashiruddin,1997-06-09,Surabaya,Mass,2018-04-16
9898,dr. Emin Salahudin,1972-02-26,Jakarta,Mass,2016-11-07
9899,Dr. Maria Ardianto,1961-08-16,Surabaya,Mass,2019-12-21
9900,Eman Padmasari,1970-09-11,Jakarta,Priority,2012-10-04
9901,dr. Ikhsan Nababan,2003-06-19,Jakarta,Mass,2025-10-19
9902,Ellis Habibi,1981-10-24,Medan,Mass,2013-07-25
9903,Yessi Padmasari S.I.Kom,1967-12-01,Medan,Priority,2022-08-08
9904,Ibrani Hasanah,1993-08-09,Bandung,Mass,2018-06-11
9905,Mumpuni Kusmawati S.H.,1993-04-24,Surabaya,SME,2017-04-18
9906,Salimah Pertiwi,1985-10-28,Bandung,SME,2023-06-10
9907,Ir. Luis Tarihoran,1965-02-25,Medan,Mass,2024-05-26
9908,Luthfi Halimah,1996-06-11,Semarang,Priority,2023-08-26
9909,R.A. Kani Waskita S.Pt,1972-05-16,Yogyakarta,SME,2019-12-28
9910,Shakila Nugroho,2000-06-06,Medan,Priority,2023-08-05
9911,Latika Uwais,2003-05-26,Bandung,SME,2025-06-17
9912,dr. Padmi Haryanto S.T.,2000-10-22,Jakarta,SME,2019-07-19
9913,Vanesa Wibisono,1968-05-30,Yogyakarta,Priority,2023-03-02
9914,Hairyanto Prayoga,1989-01-17,Medan,Mass,2026-01-05
9915,Hj. Oni Halim M.Ak,1991-02-04,Semarang,Mass,2021-02-11
9916,Lidya Salahudin,1968-09-30,Semarang,Mass,2026-01-11
9917,Emas Kusmawati,1964-10-16,Surabaya,SME,2020-08-31
9918,Tgk. Darmaji Prayoga S.Sos,1971-07-15,Bandung,Mass,2011-05-17
9919,Ir. Tami Uwais S.E.,1962-02-04,Jakarta,Mass,2016-08-01
9920,Maimunah Saputra,1978-05-07,Semarang,SME,2025-04-19
9921,dr. Ibrahim Simanjuntak S.H.,1975-10-18,Semarang,Priority,2013-04-24
9922,Fathonah Purwanti,1979-08-22,Bandung,SME,2012-06-24
9923,drg. Dian Usada,1991-09-12,Semarang,Mass,2025-06-11
9924,Drs. Kusuma Sirait S.H.,1969-07-21,Jakarta,Mass,2017-04-22
9925,Elvin Pangestu,1968-01-02,Semarang,Mass,2025-08-14
9926,Usyi Wibisono M.Kom.,2001-02-14,Yogyakarta,Mass,2019-05-17
9927,R. Ifa Jailani,1984-07-27,Jakarta,Mass,2024-02-10
9928,Nabila Hutapea,1980-09-19,Bandung,SME,2018-12-02
9929,Maras Haryanti,1998-01-17,Semarang,Mass,2025-12-11
9930,Hj. Tami Andriani S.Kom,1973-12-29,Jakarta,Mass,2015-07-13
9931,Sari Pudjiastuti S.H.,1985-10-09,Surabaya,Mass,2011-07-01
9932,Humaira Prabowo,1972-03-26,Bandung,Mass,2020-10-27
9933,Edison Zulkarnain M.Pd,1997-01-21,Semarang,Priority,2018-03-20
9934,Olivia Aryani,1967-01-25,Jakarta,Priority,2024-08-27
9935,Mulyono Permata,1987-10-29,Semarang,Priority,2010-06-25
9936,Hendri Januar,1974-05-14,Yogyakarta,Mass,2025-12-04
9937,Uchita Nasyiah,1996-06-22,Semarang,SME,2018-08-09
9938,Ega Pratiwi,1971-07-18,Yogyakarta,Priority,2010-08-30
9939,Rika Uyainah,1970-02-26,Bandung,Mass,2012-02-06
9940,Latif Sudiati,1962-06-27,Semarang,Mass,2025-12-22
9941,KH. Kenes Wahyuni S.Pt,2003-07-08,Surabaya,Priority,2023-04-25
9942,Cinta Thamrin,1970-07-05,Bandung,Mass,2024-03-29
9943,R.A. Samiah Mardhiyah S.Pt,2003-08-02,Jakarta,Priority,2025-03-24
9944,Hartana Mulyani,2003-11-11,Surabaya,Mass,2025-01-06
9945,Daliman Hariyah S.Pt,1991-06-16,Medan,Priority,2013-09-27
9946,Dipa Damanik,1980-12-01,Yogyakarta,Mass,2022-05-04
9947,Yani Pranowo,1999-11-25,Bandung,SME,2018-08-24
9948,Diah Wibowo,1961-06-08,Semarang,Mass,2017-06-20
9949,Jarwi Marbun,1970-01-11,Semarang,SME,2018-06-25
9950,KH. Adhiarja Kuswoyo S.T.,1985-02-14,Surabaya,Mass,2018-08-19
9951,Drs. Indra Laksmiwati,1965-12-25,Jakarta,Mass,2019-03-03
9952,H. Ajiman Puspita,1979-10-04,Yogyakarta,Mass,2010-04-02
9953,Harsana Saefullah,1982-04-29,Surabaya,SME,2010-03-10
9954,R.A. Devi Mustofa,1987-12-10,Jakarta,Mass,2018-05-18
9955,Edison Widodo,1982-02-06,Surabaya,Mass,2015-12-27
9956,Sutan Lega Salahudin M.M.,1975-06-01,Medan,Mass,2025-02-09
9957,Fitria Sinaga,1986-06-08,Yogyakarta,Mass,2019-09-26
9958,Estiawan Megantara M.Farm,1985-03-06,Medan,Mass,2018-11-28
9959,Hj. Eli Wibisono S.Pd,1971-01-21,Semarang,Mass,2017-01-13
9960,Umi Waskita,1989-01-27,Surabaya,Priority,2014-03-13
9961,Vero Nainggolan,1976-06-04,Semarang,Priority,2011-12-17
9962,Puti Michelle Mandala,1999-02-20,Semarang,Priority,2025-08-05
9963,Restu Rahmawati S.Pd,1963-05-22,Bandung,Mass,2023-02-14
9964,Darijan Widodo,1971-03-27,Surabaya,Mass,2023-03-10
9965,Ir. Hani Mayasari S.Pt,1980-05-18,Surabaya,Priority,2014-06-10
9966,Balapati Najmudin S.Farm,1998-12-10,Medan,Priority,2020-09-04
9967,Kiandra Siregar M.Farm,1962-12-19,Semarang,Mass,2024-01-03
9968,Clara Safitri,1965-01-08,Surabaya,Mass,2014-06-05
9969,Mila Wulandari,1977-10-17,Yogyakarta,Mass,2016-03-21
9970,Hendra Zulaika,1966-09-02,Semarang,Priority,2025-09-12
9971,Sutan Darimin Sitompul,1966-10-12,Bandung,SME,2013-03-02
9972,Limar Kusumo,2000-07-02,Jakarta,Priority,2023-07-13
9973,Bala Wibisono,1964-04-01,Jakarta,Mass,2010-01-20
9974,Cawisadi Tampubolon,1967-07-12,Yogyakarta,Mass,2023-01-27
9975,KH. Kenzie Dabukke S.IP,1985-01-17,Surabaya,Mass,2022-01-02
9976,Vicky Prayoga,1986-12-18,Surabaya,Mass,2024-10-06
9977,Ir. Humaira Padmasari,1984-11-03,Yogyakarta,Priority,2024-12-09
9978,Prabawa Hutapea,1996-04-23,Semarang,Mass,2017-05-05
9979,Darmanto Pradipta,1993-10-28,Bandung,Mass,2025-04-20
9980,Humaira Pratama,1983-05-19,Surabaya,Mass,2010-05-29
9981,Salwa Andriani,1987-04-10,Surabaya,SME,2010-04-08
9982,Dr. Sakura Putra S.T.,1961-11-15,Jakarta,Mass,2022-04-04
9983,KH. Baktianto Suryono,1969-09-19,Yogyakarta,SME,2016-05-04
9984,Rudi Pratiwi,1961-06-30,Yogyakarta,Mass,2022-05-27
9985,KH. Muhammad Saptono,1976-11-23,Bandung,Mass,2025-12-05
9986,Ozy Halim,1983-03-31,Yogyakarta,Mass,2026-03-01
9987,Saka Fujiati,1986-06-24,Yogyakarta,Mass,2010-11-08
9988,Rahayu Pratama,1994-11-23,Jakarta,Mass,2018-03-04
9989,Bagya Ramadan,1985-06-30,Semarang,Mass,2016-10-21
9990,R. Bala Wacana,2003-02-05,Jakarta,Mass,2024-08-26
9991,Eko Prastuti,2000-08-17,Semarang,SME,2023-06-09
9992,Nyana Rahayu S.Pt,1966-06-20,Jakarta,Mass,2021-05-05
9993,Dt. Asirwada Saragih S.E.,1992-06-24,Medan,Mass,2018-03-30
9994,Cakrawangsa Nuraini,1977-10-14,Jakarta,Mass,2013-07-24
9995,dr. Simon Agustina,1987-11-24,Medan,Priority,2021-06-03
9996,Hadi Palastri,1986-03-26,Yogyakarta,Mass,2025-06-25
9997,Pangeran Hidayanto,1998-01-02,Semarang,Mass,2017-12-03
9998,Ir. Azalea Prayoga,1966-09-01,Bandung,Mass,2010-01-04
9999,Dinda Maheswara,1993-06-03,Surabaya,Mass,2021-02-10
10000,R.A. Hana Mardhiyah S.Psi,1975-11-17,Yogyakarta,SME,2021-02-10
