account_id,customer_id,product_type,balance,maturity_date,branch_code,status
1001,3041,Time Deposit,1064351870,2026-10-19,BDG01,ACTIVE
1002,6513,Savings,92220562,2027-10-08,SBY01,ACTIVE
1003,1441,Time Deposit,1628199520,2026-09-12,JKT02,ACTIVE
1004,7955,Savings,59395349,2026-12-02,JKT01,ACTIVE
1005,4755,Savings,82161932,2027-11-01,SBY01,ACTIVE
1006,3874,Savings,69815595,2026-07-25,JKT02,ACTIVE
1007,6715,Savings,30944732,2027-04-21,SBY01,ACTIVE
1008,2508,Savings,8231139,2026-04-28,MDN01,ACTIVE
1009,3237,Time Deposit,1071775220,2026-09-06,JKT01,ACTIVE
1010,5227,Savings,60144820,2027-01-25,YGY01,ACTIVE
1011,1409,Time Deposit,1006491011,2026-09-27,SMG01,ACTIVE
1012,5502,Savings,56655479,2026-04-30,SBY01,ACTIVE
1013,6138,Savings,128130516,2026-10-14,BDG01,ACTIVE
1014,6664,Savings,76930874,2027-07-28,SBY01,ACTIVE
1015,6903,Savings,16118787,2026-12-12,JKT01,ACTIVE
1016,8072,Savings,11169136,2026-12-31,JKT01,ACTIVE
1017,5373,Time Deposit,1106092870,2026-09-23,BDG01,ACTIVE
1018,6369,Savings,54494325,2026-05-18,JKT02,ACTIVE
1019,9050,Time Deposit,1397979719,2026-06-07,SMG01,ACTIVE
1020,179,Time Deposit,988400625,2027-03-13,JKT01,ACTIVE
1021,4225,Savings,41081715,2026-05-03,JKT02,ACTIVE
1022,7515,Savings,21016005,2027-01-13,SBY01,ACTIVE
1023,2218,Savings,74032054,2026-07-21,YGY01,ACTIVE
1024,6444,Time Deposit,653349182,2026-04-15,MDN01,ACTIVE
1025,2156,Time Deposit,1266972351,2026-06-02,YGY01,ACTIVE
1026,5333,Time Deposit,568230729,2026-11-25,YGY01,ACTIVE
1027,5749,Savings,16416065,2028-01-30,SBY01,ACTIVE
1028,9588,Savings,48846909,2028-01-24,JKT02,ACTIVE
1029,7535,Savings,7560370,2028-02-21,YGY01,ACTIVE
1030,613,Savings,11163211,2026-12-27,JKT02,ACTIVE
1031,7444,Time Deposit,217352457,2026-04-09,YGY01,ACTIVE
1032,856,Savings,17732369,2027-08-15,YGY01,ACTIVE
1033,6228,Savings,32655491,2027-01-29,JKT02,ACTIVE
1034,1334,Savings,75869225,2028-01-05,JKT02,ACTIVE
1035,1340,Savings,34991410,2027-09-01,SBY01,ACTIVE
1036,4538,Savings,105492595,2027-04-20,SBY01,ACTIVE
1037,6765,Savings,236315966,2028-02-18,YGY01,ACTIVE
1038,5258,Time Deposit,223691853,2026-05-21,BDG01,ACTIVE
1039,5312,Savings,4920053,2027-05-07,JKT02,ACTIVE
1040,5360,Savings,15599748,2027-10-14,SBY01,ACTIVE
1041,5464,Time Deposit,792731536,2026-04-08,YGY01,ACTIVE
1042,7507,Time Deposit,953776779,2027-02-14,MDN01,ACTIVE
1043,8852,Time Deposit,734923453,2027-03-05,SMG01,ACTIVE
1044,7928,Savings,27989097,2026-06-11,SBY01,ACTIVE
1045,5781,Time Deposit,644443326,2027-03-15,SMG01,ACTIVE
1046,1769,Savings,8594985,2028-01-29,JKT01,ACTIVE
1047,1501,Time Deposit,813445621,2026-10-25,JKT01,ACTIVE
1048,8535,Time Deposit,1223982674,2026-11-28,SMG01,ACTIVE
1049,9496,Savings,227793744,2028-02-04,SBY01,ACTIVE
1050,5303,Time Deposit,403497486,2027-01-16,SMG01,ACTIVE
1051,7889,Savings,100025914,2026-07-04,YGY01,ACTIVE
1052,2232,Savings,22651589,2027-02-06,YGY01,ACTIVE
1053,6392,Time Deposit,1081878398,2026-05-03,JKT01,ACTIVE
1054,7143,Savings,16817564,2026-12-06,MDN01,ACTIVE
1055,3330,Time Deposit,498204140,2026-08-21,SBY01,ACTIVE
1056,2128,Savings,44867657,2027-05-30,MDN01,ACTIVE
1057,1957,Time Deposit,624227020,2026-09-27,BDG01,ACTIVE
1058,7679,Time Deposit,1123269789,2026-12-08,MDN01,ACTIVE
1059,4686,Savings,108514051,2028-01-17,MDN01,ACTIVE
1060,1533,Time Deposit,197736196,2026-04-22,SMG01,ACTIVE
1061,7197,Savings,74584354,2026-07-23,MDN01,ACTIVE
1062,2548,Time Deposit,902217187,2026-10-30,SMG01,ACTIVE
1063,578,Savings,50589251,2027-08-28,BDG01,ACTIVE
1064,5880,Savings,33856887,2026-05-28,SMG01,ACTIVE
1065,7017,Savings,131200650,2028-03-01,YGY01,ACTIVE
1066,145,Savings,1830735,2027-01-11,MDN01,ACTIVE
1067,9400,Savings,18190332,2026-10-19,BDG01,ACTIVE
1068,1563,Savings,176107044,2028-01-31,BDG01,ACTIVE
1069,8777,Savings,21621573,2027-05-23,SBY01,ACTIVE
1070,3506,Time Deposit,651675090,2026-12-20,JKT02,ACTIVE
1071,8546,Time Deposit,842204471,2026-11-19,JKT01,ACTIVE
1072,5881,Savings,89826298,2026-10-16,MDN01,ACTIVE
1073,2157,Time Deposit,232799188,2026-07-29,BDG01,ACTIVE
1074,2305,Savings,14947917,2027-07-17,MDN01,ACTIVE
1075,4878,Savings,11677081,2026-08-26,SBY01,ACTIVE
1076,8001,Time Deposit,1024134258,2026-12-02,BDG01,ACTIVE
1077,484,Time Deposit,138235348,2027-02-25,SMG01,ACTIVE
1078,4400,Savings,1667219,2027-08-16,JKT01,ACTIVE
1079,6312,Time Deposit,652971250,2026-12-17,JKT01,ACTIVE
1080,9547,Savings,202148509,2027-11-26,SMG01,ACTIVE
1081,357,Time Deposit,948702250,2026-10-18,MDN01,ACTIVE
1082,9790,Savings,18618011,2028-02-28,BDG01,ACTIVE
1083,4785,Time Deposit,724975044,2026-05-16,SBY01,ACTIVE
1084,1206,Time Deposit,432360834,2026-07-26,BDG01,ACTIVE
1085,3918,Time Deposit,1377645148,2026-04-25,JKT02,ACTIVE
1086,1533,Time Deposit,325953491,2027-01-18,BDG01,ACTIVE
1087,7166,Time Deposit,822473479,2026-11-14,MDN01,ACTIVE
1088,7383,Savings,31715857,2026-04-25,SBY01,ACTIVE
1089,9687,Time Deposit,566264125,2027-03-04,SBY01,ACTIVE
1090,1755,Savings,23900553,2027-02-13,YGY01,ACTIVE
1091,4650,Savings,39835508,2027-06-14,MDN01,ACTIVE
1092,6804,Time Deposit,359282925,2026-10-10,JKT01,ACTIVE
1093,2593,Time Deposit,1344220914,2026-07-13,MDN01,ACTIVE
1094,4070,Time Deposit,535878158,2027-01-18,SBY01,ACTIVE
1095,1757,Time Deposit,933812228,2026-10-18,MDN01,ACTIVE
1096,2988,Savings,33884089,2026-05-24,SMG01,ACTIVE
1097,3194,Time Deposit,1423778230,2026-10-18,SBY01,ACTIVE
1098,2163,Savings,134391660,2026-11-06,SBY01,ACTIVE
1099,1452,Time Deposit,607920630,2026-04-27,BDG01,ACTIVE
1100,6807,Savings,5991042,2027-09-19,SBY01,ACTIVE
1101,8713,Time Deposit,827183607,2027-02-25,JKT01,ACTIVE
1102,8721,Time Deposit,565415261,2026-05-16,JKT02,ACTIVE
1103,7433,Savings,33646548,2026-11-01,YGY01,ACTIVE
1104,9320,Savings,27803252,2028-03-01,MDN01,ACTIVE
1105,2456,Savings,198529337,2027-08-22,MDN01,ACTIVE
1106,8875,Time Deposit,633522260,2027-01-22,MDN01,ACTIVE
1107,5484,Savings,47942031,2026-06-16,BDG01,ACTIVE
1108,3621,Time Deposit,1080765434,2026-04-18,SBY01,ACTIVE
1109,901,Savings,21576737,2027-12-25,SBY01,ACTIVE
1110,6110,Time Deposit,515154056,2026-08-27,MDN01,ACTIVE
1111,5531,Time Deposit,1652850659,2026-04-04,JKT01,ACTIVE
1112,6591,Savings,10822279,2026-07-31,JKT02,ACTIVE
1113,9803,Savings,21034153,2027-08-10,YGY01,ACTIVE
1114,2613,Savings,6326659,2027-07-03,YGY01,ACTIVE
1115,5494,Savings,6779481,2027-09-08,SBY01,ACTIVE
1116,843,Savings,22264737,2026-06-23,SMG01,ACTIVE
1117,2658,Time Deposit,1151418899,2026-05-02,MDN01,ACTIVE
1118,5924,Time Deposit,572086707,2026-11-28,SBY01,ACTIVE
1119,6685,Time Deposit,832784933,2027-02-01,JKT02,ACTIVE
1120,1547,Savings,14624881,2026-08-25,MDN01,ACTIVE
1121,5513,Time Deposit,1178262893,2026-11-09,JKT02,ACTIVE
1122,64,Savings,28665670,2027-10-27,YGY01,ACTIVE
1123,8711,Savings,197559887,2026-12-12,BDG01,ACTIVE
1124,9498,Time Deposit,931362762,2027-02-07,SBY01,ACTIVE
1125,1035,Savings,10251006,2027-12-18,MDN01,ACTIVE
1126,4117,Savings,9311562,2027-10-05,MDN01,ACTIVE
1127,3108,Savings,12072726,2027-01-23,MDN01,ACTIVE
1128,3614,Savings,64461568,2027-09-29,JKT02,ACTIVE
1129,1023,Savings,101478272,2027-10-30,BDG01,ACTIVE
1130,7280,Savings,53407092,2027-10-19,SBY01,ACTIVE
1131,3174,Savings,31155813,2027-04-09,YGY01,ACTIVE
1132,258,Time Deposit,1035570618,2027-02-27,JKT01,ACTIVE
1133,3209,Savings,7281226,2028-02-01,SMG01,ACTIVE
1134,8905,Time Deposit,383139436,2026-12-07,YGY01,ACTIVE
1135,9651,Savings,102735899,2027-12-08,JKT02,ACTIVE
1136,4494,Time Deposit,552602988,2026-11-04,SBY01,ACTIVE
1137,1929,Savings,131448726,2027-05-17,YGY01,ACTIVE
1138,3313,Time Deposit,396081232,2026-11-13,SBY01,ACTIVE
1139,2768,Time Deposit,1770274186,2026-07-10,SBY01,ACTIVE
1140,5791,Time Deposit,615565308,2026-11-06,JKT02,ACTIVE
1141,5060,Savings,6722818,2026-04-15,JKT02,ACTIVE
1142,2172,Savings,20282223,2028-01-29,SBY01,ACTIVE
1143,2441,Time Deposit,140111141,2026-06-23,JKT01,ACTIVE
1144,6023,Savings,190654378,2026-04-18,BDG01,ACTIVE
1145,4770,Time Deposit,341464411,2026-11-30,YGY01,ACTIVE
1146,9091,Savings,9500344,2026-07-01,BDG01,ACTIVE
1147,3566,Savings,17193869,2027-06-08,SBY01,ACTIVE
1148,165,Savings,27490150,2027-03-05,SMG01,ACTIVE
1149,1151,Savings,16842860,2027-02-14,SBY01,ACTIVE
1150,9760,Savings,45739026,2026-11-10,SMG01,ACTIVE
1151,4436,Time Deposit,846942404,2026-11-16,YGY01,ACTIVE
1152,3000,Time Deposit,1196847445,2026-09-24,MDN01,ACTIVE
1153,8730,Savings,11525215,2028-01-21,SMG01,ACTIVE
1154,5398,Time Deposit,261477164,2027-02-01,SBY01,ACTIVE
1155,643,Savings,172665602,2027-03-08,JKT02,ACTIVE
1156,3400,Savings,108248316,2027-01-24,JKT02,ACTIVE
1157,4412,Savings,8902342,2027-09-16,BDG01,ACTIVE
1158,5197,Savings,42370086,2026-06-28,YGY01,ACTIVE
1159,8581,Savings,38101890,2027-11-12,YGY01,ACTIVE
1160,5236,Savings,18469722,2028-02-28,SMG01,ACTIVE
1161,8495,Savings,27015743,2027-12-14,JKT01,ACTIVE
1162,6412,Savings,43866318,2027-12-09,JKT01,ACTIVE
1163,3207,Savings,56642804,2026-12-06,SBY01,ACTIVE
1164,3229,Savings,4780993,2027-11-16,JKT01,ACTIVE
1165,5737,Savings,37920857,2027-02-06,SBY01,ACTIVE
1166,1259,Time Deposit,900065194,2026-05-22,JKT02,ACTIVE
1167,1879,Savings,201102982,2026-06-10,YGY01,ACTIVE
1168,9786,Savings,11322113,2027-04-30,YGY01,ACTIVE
1169,1937,Time Deposit,1112026494,2026-11-27,BDG01,ACTIVE
1170,9326,Time Deposit,1181196819,2026-04-10,SMG01,ACTIVE
1171,3982,Time Deposit,567023419,2026-05-31,SMG01,ACTIVE
1172,4054,Savings,110069057,2027-08-28,YGY01,ACTIVE
1173,6309,Time Deposit,567352571,2027-01-07,JKT02,ACTIVE
1174,7800,Time Deposit,891906180,2026-11-24,YGY01,ACTIVE
1175,9395,Savings,21582747,2027-08-08,SBY01,ACTIVE
1176,2180,Savings,19183187,2026-12-24,YGY01,ACTIVE
1177,4397,Savings,4465018,2027-09-08,MDN01,ACTIVE
1178,5718,Time Deposit,1378865258,2026-09-18,JKT01,ACTIVE
1179,7924,Time Deposit,517727678,2026-08-27,BDG01,ACTIVE
1180,9960,Time Deposit,936002797,2026-06-10,SMG01,ACTIVE
1181,4021,Time Deposit,935409088,2026-04-13,MDN01,ACTIVE
1182,822,Time Deposit,463908640,2026-07-02,MDN01,ACTIVE
1183,9491,Savings,63255556,2027-09-26,JKT02,ACTIVE
1184,3467,Savings,3631264,2028-01-11,BDG01,ACTIVE
1185,6725,Savings,16439545,2026-08-16,JKT01,ACTIVE
1186,4625,Savings,21447333,2027-07-11,JKT02,ACTIVE
1187,2784,Time Deposit,1046904050,2027-01-27,YGY01,ACTIVE
1188,8475,Savings,24590717,2027-09-15,MDN01,ACTIVE
1189,5048,Savings,89518248,2027-03-03,YGY01,ACTIVE
1190,1994,Time Deposit,205498138,2026-07-09,MDN01,ACTIVE
1191,3937,Savings,17989827,2027-07-06,SMG01,ACTIVE
1192,2155,Savings,14887004,2027-07-23,MDN01,ACTIVE
1193,7007,Savings,21826935,2026-10-26,YGY01,ACTIVE
1194,453,Time Deposit,940549106,2026-05-03,YGY01,ACTIVE
1195,1284,Savings,15369496,2026-12-19,SMG01,ACTIVE
1196,4527,Savings,38390474,2027-08-23,YGY01,ACTIVE
1197,9442,Time Deposit,707985175,2027-01-16,YGY01,ACTIVE
1198,5603,Savings,84462609,2027-11-23,JKT02,ACTIVE
1199,3112,Savings,54561857,2026-12-18,JKT01,ACTIVE
1200,8718,Savings,70749894,2026-05-21,YGY01,ACTIVE
1201,9565,Savings,74361601,2027-06-06,SMG01,ACTIVE
1202,2600,Time Deposit,232083183,2026-11-03,YGY01,ACTIVE
1203,9332,Savings,25651812,2027-07-12,JKT02,ACTIVE
1204,1980,Savings,90316971,2027-06-12,JKT01,ACTIVE
1205,9341,Savings,14899161,2027-04-08,SMG01,ACTIVE
1206,3569,Time Deposit,750913229,2026-09-14,BDG01,ACTIVE
1207,1002,Savings,203397074,2028-01-29,MDN01,ACTIVE
1208,8891,Time Deposit,1166898845,2026-09-28,JKT01,ACTIVE
1209,2943,Savings,140621378,2027-10-12,MDN01,ACTIVE
1210,6169,Savings,6341265,2028-01-18,SMG01,ACTIVE
1211,9118,Time Deposit,1020560343,2026-06-16,JKT02,ACTIVE
1212,3436,Savings,28134520,2027-08-11,MDN01,ACTIVE
1213,1489,Time Deposit,610620181,2026-05-28,JKT01,ACTIVE
1214,7943,Savings,43733221,2027-08-06,MDN01,ACTIVE
1215,9495,Time Deposit,1075339009,2026-05-29,SBY01,ACTIVE
1216,3808,Savings,25252032,2028-03-11,YGY01,ACTIVE
1217,1149,Savings,94058355,2027-05-11,SBY01,ACTIVE
1218,903,Savings,3709399,2027-01-22,SBY01,ACTIVE
1219,6655,Savings,38428331,2027-02-28,BDG01,ACTIVE
1220,5559,Savings,132542364,2027-12-07,JKT02,ACTIVE
1221,1300,Savings,43809423,2027-11-20,SMG01,ACTIVE
1222,6837,Time Deposit,489316994,2027-02-04,YGY01,ACTIVE
1223,3087,Savings,16784126,2027-04-06,MDN01,ACTIVE
1224,6987,Time Deposit,1402203907,2026-04-20,MDN01,ACTIVE
1225,2237,Savings,10679329,2026-11-23,SBY01,ACTIVE
1226,2937,Savings,9523592,2027-04-21,BDG01,ACTIVE
1227,7729,Time Deposit,517388364,2026-04-19,SMG01,ACTIVE
1228,7319,Savings,45224026,2027-02-12,YGY01,ACTIVE
1229,6447,Savings,12229747,2028-01-26,YGY01,ACTIVE
1230,7850,Savings,26166816,2027-05-31,MDN01,ACTIVE
1231,2472,Savings,28787074,2026-05-20,BDG01,ACTIVE
1232,3580,Savings,39915816,2027-10-28,JKT01,ACTIVE
1233,2737,Time Deposit,1553877079,2027-01-06,YGY01,ACTIVE
1234,7628,Time Deposit,910888907,2027-02-17,JKT02,ACTIVE
1235,8434,Savings,3125629,2027-11-25,SBY01,ACTIVE
1236,1095,Savings,20788232,2027-09-11,SBY01,ACTIVE
1237,2098,Time Deposit,288933013,2027-01-27,SMG01,ACTIVE
1238,9675,Time Deposit,1751410963,2026-12-29,SMG01,ACTIVE
1239,1022,Time Deposit,393222643,2027-02-14,SMG01,ACTIVE
1240,2948,Time Deposit,701002620,2027-01-06,JKT01,ACTIVE
1241,3662,Savings,11720363,2027-01-07,SBY01,ACTIVE
1242,3870,Savings,103251875,2026-08-07,JKT02,ACTIVE
1243,8673,Savings,24303295,2027-07-10,SBY01,ACTIVE
1244,5957,Time Deposit,638823858,2026-06-21,YGY01,ACTIVE
1245,7579,Time Deposit,308479654,2026-12-11,YGY01,ACTIVE
1246,7482,Savings,37818795,2027-01-26,BDG01,ACTIVE
1247,373,Savings,120617807,2027-09-14,SMG01,ACTIVE
1248,7853,Savings,36264516,2028-02-11,JKT02,ACTIVE
1249,906,Savings,18571197,2027-06-23,JKT01,ACTIVE
1250,8943,Savings,38960645,2026-07-08,BDG01,ACTIVE
1251,8356,Time Deposit,939937510,2026-10-30,BDG01,ACTIVE
1252,372,Savings,155220009,2027-04-28,JKT02,ACTIVE
1253,4322,Savings,39983693,2028-02-19,SMG01,ACTIVE
1254,7422,Savings,188945597,2027-06-13,MDN01,ACTIVE
1255,5982,Time Deposit,865640171,2026-05-14,MDN01,ACTIVE
1256,6749,Savings,86250417,2026-11-25,MDN01,ACTIVE
1257,8191,Time Deposit,743993318,2026-12-15,SBY01,ACTIVE
1258,8298,Savings,22103103,2027-10-27,YGY01,ACTIVE
1259,1915,Savings,97224330,2027-03-14,MDN01,ACTIVE
1260,1646,Time Deposit,1389336995,2027-03-09,SBY01,ACTIVE
1261,27,Time Deposit,774762851,2027-03-12,JKT01,ACTIVE
1262,3119,Savings,71857950,2027-01-16,JKT01,ACTIVE
1263,7977,Savings,58788365,2027-04-10,JKT02,ACTIVE
1264,2828,Savings,14073877,2026-07-12,SMG01,ACTIVE
1265,1964,Time Deposit,350238191,2026-06-17,YGY01,ACTIVE
1266,891,Savings,39052576,2027-04-18,BDG01,ACTIVE
1267,726,Savings,24452905,2027-01-19,JKT02,ACTIVE
1268,8717,Time Deposit,1319933042,2026-12-02,BDG01,ACTIVE
1269,73,Savings,53029190,2028-01-28,JKT01,ACTIVE
1270,5152,Savings,85299308,2026-10-08,MDN01,ACTIVE
1271,137,Savings,6627879,2027-05-20,JKT02,ACTIVE
1272,2042,Savings,136404347,2028-02-16,SMG01,ACTIVE
1273,2110,Time Deposit,532271927,2026-08-05,JKT02,ACTIVE
1274,4086,Savings,78928931,2026-09-20,SBY01,ACTIVE
1275,1256,Savings,146493667,2027-07-08,BDG01,ACTIVE
1276,4369,Time Deposit,1575671088,2026-12-16,YGY01,ACTIVE
1277,1240,Savings,12772021,2027-05-14,SMG01,ACTIVE
1278,9686,Savings,17400870,2027-02-10,SMG01,ACTIVE
1279,6878,Time Deposit,274424925,2027-02-04,SMG01,ACTIVE
1280,1929,Savings,100386945,2027-04-04,MDN01,ACTIVE
1281,8856,Savings,178356286,2027-06-01,SBY01,ACTIVE
1282,5088,Savings,22124117,2026-04-19,MDN01,ACTIVE
1283,3311,Savings,44878867,2027-07-08,MDN01,ACTIVE
1284,5055,Time Deposit,193276023,2026-05-08,SBY01,ACTIVE
1285,1239,Time Deposit,1326404321,2026-05-24,SBY01,ACTIVE
1286,4531,Savings,78350961,2026-05-27,JKT02,ACTIVE
1287,5582,Time Deposit,662648603,2026-05-22,MDN01,ACTIVE
1288,3199,Time Deposit,1654663020,2026-05-19,SMG01,ACTIVE
1289,160,Savings,12422257,2026-04-26,JKT02,ACTIVE
1290,2490,Savings,6071450,2026-08-15,YGY01,ACTIVE
1291,5990,Time Deposit,1423265563,2027-02-08,MDN01,ACTIVE
1292,8744,Time Deposit,157805274,2026-09-28,BDG01,ACTIVE
1293,7764,Time Deposit,400848488,2026-12-03,SMG01,ACTIVE
1294,9090,Savings,78735336,2026-07-12,YGY01,ACTIVE
1295,3187,Time Deposit,322672104,2026-10-10,YGY01,ACTIVE
1296,4286,Time Deposit,1440245525,2026-07-29,MDN01,ACTIVE
1297,3820,Savings,97854142,2026-09-06,SBY01,ACTIVE
1298,9127,Time Deposit,827099027,2026-09-06,YGY01,ACTIVE
1299,9512,Savings,22179942,2026-09-10,BDG01,ACTIVE
1300,1045,Time Deposit,928650894,2026-06-13,YGY01,ACTIVE
1301,9572,Savings,23482059,2026-12-21,BDG01,ACTIVE
1302,430,Savings,19981865,2027-10-09,BDG01,ACTIVE
1303,335,Savings,108700999,2028-01-03,SMG01,ACTIVE
1304,5004,Time Deposit,890016070,2027-02-08,SMG01,ACTIVE
1305,642,Savings,22415620,2028-02-01,BDG01,ACTIVE
1306,1833,Time Deposit,410468255,2026-10-31,BDG01,ACTIVE
1307,501,Savings,16247156,2026-07-19,YGY01,ACTIVE
1308,3930,Time Deposit,508217939,2026-06-22,JKT01,ACTIVE
1309,2914,Savings,32925297,2026-11-01,JKT01,ACTIVE
1310,5304,Time Deposit,488859018,2026-08-21,YGY01,ACTIVE
1311,1965,Savings,129063002,2027-12-23,JKT02,ACTIVE
1312,264,Savings,172980071,2028-02-24,SBY01,ACTIVE
1313,1765,Time Deposit,973664187,2027-02-17,JKT02,ACTIVE
1314,9850,Time Deposit,386727074,2026-12-18,YGY01,ACTIVE
1315,3271,Savings,22842212,2027-10-14,YGY01,ACTIVE
1316,5344,Savings,76602560,2027-07-31,JKT02,ACTIVE
1317,5378,Time Deposit,787892045,2026-06-17,SMG01,ACTIVE
1318,7864,Savings,26595943,2027-07-23,MDN01,ACTIVE
1319,6810,Time Deposit,824584032,2026-04-19,JKT01,ACTIVE
1320,2974,Savings,24798908,2027-10-30,MDN01,ACTIVE
1321,9499,Time Deposit,557139778,2026-10-05,BDG01,ACTIVE
1322,2332,Savings,52726117,2027-02-27,BDG01,ACTIVE
1323,6021,Savings,5793893,2027-08-14,YGY01,ACTIVE
1324,6309,Time Deposit,351652127,2026-08-16,YGY01,ACTIVE
1325,4305,Savings,227648612,2027-10-02,JKT02,ACTIVE
1326,4818,Savings,220980722,2028-02-09,BDG01,ACTIVE
1327,6504,Savings,37331261,2027-10-24,JKT02,ACTIVE
1328,5443,Savings,26165721,2027-09-08,MDN01,ACTIVE
1329,4686,Savings,123163870,2026-10-24,JKT01,ACTIVE
1330,4463,Savings,23075895,2026-07-03,YGY01,ACTIVE
1331,2255,Savings,56505127,2027-09-09,JKT01,ACTIVE
1332,2832,Savings,55954681,2027-05-03,MDN01,ACTIVE
1333,4227,Savings,12964510,2026-06-03,JKT01,ACTIVE
1334,3132,Savings,184027137,2028-03-08,JKT02,ACTIVE
1335,9889,Time Deposit,293752864,2026-04-03,YGY01,ACTIVE
1336,9359,Savings,9763555,2027-05-12,JKT01,ACTIVE
1337,6884,Savings,45505225,2027-01-22,JKT02,ACTIVE
1338,7628,Savings,200767008,2026-12-07,JKT01,ACTIVE
1339,3810,Savings,36292794,2026-09-21,JKT02,ACTIVE
1340,1051,Savings,50567598,2027-07-18,JKT01,ACTIVE
1341,6041,Time Deposit,812611939,2026-08-06,JKT01,ACTIVE
1342,3352,Savings,136729096,2027-11-22,BDG01,ACTIVE
1343,288,Savings,35721869,2026-04-26,JKT01,ACTIVE
1344,8426,Time Deposit,296822592,2026-11-11,YGY01,ACTIVE
1345,8099,Savings,9328763,2027-06-16,JKT02,ACTIVE
1346,3662,Savings,17825654,2027-07-01,JKT02,ACTIVE
1347,3631,Savings,11399791,2026-05-13,JKT02,ACTIVE
1348,7068,Time Deposit,1764048771,2026-10-09,SBY01,ACTIVE
1349,9941,Savings,100019290,2027-06-22,JKT01,ACTIVE
1350,1683,Savings,102002072,2027-04-25,SBY01,ACTIVE
1351,4430,Savings,136460739,2027-11-29,JKT01,ACTIVE
1352,3684,Savings,39504382,2026-09-16,JKT02,ACTIVE
1353,7151,Time Deposit,1125317926,2027-02-10,YGY01,ACTIVE
1354,8373,Time Deposit,699571282,2026-09-25,JKT02,ACTIVE
1355,3956,Savings,115218175,2027-10-02,SMG01,ACTIVE
1356,7053,Time Deposit,406168093,2026-05-29,SBY01,ACTIVE
1357,8172,Time Deposit,738105685,2026-11-30,JKT01,ACTIVE
1358,3186,Time Deposit,510406138,2026-08-10,JKT02,ACTIVE
1359,7251,Savings,12768491,2027-09-09,BDG01,ACTIVE
1360,9939,Time Deposit,841631407,2026-11-11,JKT02,ACTIVE
1361,746,Savings,10498441,2026-06-30,MDN01,ACTIVE
1362,4739,Time Deposit,1237048023,2026-05-17,SMG01,ACTIVE
1363,8922,Savings,15990286,2027-12-17,BDG01,ACTIVE
1364,3112,Time Deposit,1161680860,2027-01-02,BDG01,ACTIVE
1365,4795,Time Deposit,365903365,2026-04-03,JKT01,ACTIVE
1366,6516,Time Deposit,777416075,2026-10-23,JKT01,ACTIVE
1367,4654,Savings,10558156,2026-05-22,JKT01,ACTIVE
1368,1032,Savings,73982574,2026-11-27,YGY01,ACTIVE
1369,916,Time Deposit,1133993241,2027-02-26,JKT01,ACTIVE
1370,4581,Savings,11516310,2027-03-06,SBY01,ACTIVE
1371,5888,Savings,171269743,2027-01-05,JKT01,ACTIVE
1372,306,Savings,62835806,2028-02-09,MDN01,ACTIVE
1373,9110,Savings,59936962,2027-05-28,MDN01,ACTIVE
1374,573,Time Deposit,354497313,2026-06-15,YGY01,ACTIVE
1375,2913,Savings,34041817,2026-11-11,BDG01,ACTIVE
1376,7646,Savings,211001613,2026-06-25,YGY01,ACTIVE
1377,1229,Time Deposit,964436907,2026-08-27,MDN01,ACTIVE
1378,3979,Savings,12297361,2027-10-07,JKT02,ACTIVE
1379,1268,Time Deposit,240878629,2026-11-03,BDG01,ACTIVE
1380,1263,Savings,49003790,2027-09-20,BDG01,ACTIVE
1381,4027,Savings,163843437,2027-12-17,YGY01,ACTIVE
1382,3488,Time Deposit,461116994,2026-06-15,JKT02,ACTIVE
1383,2793,Time Deposit,886470155,2026-06-14,JKT01,ACTIVE
1384,8465,Time Deposit,917983483,2026-09-13,JKT02,ACTIVE
1385,7635,Savings,204700710,2027-01-16,SMG01,ACTIVE
1386,7938,Savings,4856958,2027-03-12,MDN01,ACTIVE
1387,8229,Savings,141076008,2026-11-19,SBY01,ACTIVE
1388,9801,Time Deposit,289299975,2026-07-23,MDN01,ACTIVE
1389,6763,Time Deposit,1276576995,2026-08-01,MDN01,ACTIVE
1390,1049,Time Deposit,1025701898,2027-01-03,SMG01,ACTIVE
1391,8490,Savings,18183651,2027-06-27,SMG01,ACTIVE
1392,8369,Savings,17252839,2027-05-04,JKT01,ACTIVE
1393,1118,Time Deposit,407905414,2026-04-07,BDG01,ACTIVE
1394,1062,Savings,23216367,2027-01-24,MDN01,ACTIVE
1395,2840,Savings,111201854,2026-12-14,BDG01,ACTIVE
1396,7046,Savings,134798612,2028-02-12,YGY01,ACTIVE
1397,6108,Savings,71469358,2027-08-17,JKT01,ACTIVE
1398,942,Savings,28849576,2026-09-21,YGY01,ACTIVE
1399,9505,Time Deposit,258600696,2026-12-03,YGY01,ACTIVE
1400,8631,Savings,107295942,2027-11-13,JKT02,ACTIVE
1401,4775,Savings,27759553,2027-09-27,BDG01,ACTIVE
1402,6232,Time Deposit,1214150901,2026-08-15,MDN01,ACTIVE
1403,180,Time Deposit,348006583,2026-04-10,BDG01,ACTIVE
1404,7261,Savings,14425354,2027-12-19,BDG01,ACTIVE
1405,4868,Savings,50242627,2027-10-10,BDG01,ACTIVE
1406,4498,Savings,97985741,2026-06-04,SBY01,ACTIVE
1407,9459,Time Deposit,1104963104,2027-02-19,JKT02,ACTIVE
1408,2886,Savings,60304945,2026-07-16,SMG01,ACTIVE
1409,3473,Savings,165146715,2028-01-26,YGY01,ACTIVE
1410,9302,Savings,69555067,2027-09-22,MDN01,ACTIVE
1411,8926,Savings,19026205,2027-10-12,MDN01,ACTIVE
1412,7478,Savings,111755327,2026-11-07,JKT01,ACTIVE
1413,7645,Savings,24480886,2026-08-13,SBY01,ACTIVE
1414,9366,Savings,61761484,2027-11-03,JKT02,ACTIVE
1415,7803,Time Deposit,689363841,2026-05-11,JKT02,ACTIVE
1416,3302,Savings,8772931,2026-04-17,YGY01,ACTIVE
1417,6923,Time Deposit,577658620,2026-09-23,YGY01,ACTIVE
1418,8926,Savings,9781494,2027-07-30,MDN01,ACTIVE
1419,1166,Time Deposit,171846320,2026-08-20,YGY01,ACTIVE
1420,1744,Savings,18525335,2026-09-09,JKT02,ACTIVE
1421,3167,Time Deposit,1218053179,2026-08-08,JKT02,ACTIVE
1422,9083,Savings,35715284,2026-09-16,JKT01,ACTIVE
1423,6113,Savings,16848870,2026-12-15,SBY01,ACTIVE
1424,2601,Savings,50663919,2026-06-21,SMG01,ACTIVE
1425,7115,Savings,91089244,2028-02-22,BDG01,ACTIVE
1426,9962,Savings,210444932,2027-03-18,JKT02,ACTIVE
1427,9517,Time Deposit,823773541,2026-04-01,YGY01,ACTIVE
1428,7682,Savings,25314191,2028-03-15,SMG01,ACTIVE
1429,4960,Time Deposit,1743858581,2027-02-04,JKT02,ACTIVE
1430,3974,Savings,9962227,2026-11-16,SBY01,ACTIVE
1431,5867,Savings,32707728,2028-01-16,JKT01,ACTIVE
1432,4243,Savings,36317135,2026-08-23,SMG01,ACTIVE
1433,1486,Savings,23911826,2028-02-19,MDN01,ACTIVE
1434,738,Time Deposit,224501316,2026-04-15,SBY01,ACTIVE
1435,3291,Savings,154993775,2026-05-30,JKT02,ACTIVE
1436,8699,Savings,21198498,2027-10-04,YGY01,ACTIVE
1437,7779,Savings,27068192,2026-07-30,JKT02,ACTIVE
1438,2102,Time Deposit,568290041,2026-07-25,YGY01,ACTIVE
1439,1701,Savings,18201067,2026-12-26,SMG01,ACTIVE
1440,7547,Time Deposit,887370782,2026-11-28,JKT01,ACTIVE
1441,9411,Time Deposit,736547679,2026-09-02,JKT02,ACTIVE
1442,5864,Time Deposit,405935258,2026-04-06,SMG01,ACTIVE
1443,9740,Savings,16858315,2027-09-28,JKT02,ACTIVE
1444,4835,Savings,32873095,2026-08-07,SBY01,ACTIVE
1445,8172,Time Deposit,657742732,2026-10-09,MDN01,ACTIVE
1446,543,Savings,47034687,2027-12-16,JKT02,ACTIVE
1447,4492,Savings,22874481,2026-06-30,SBY01,ACTIVE
1448,8436,Savings,145270717,2027-10-24,SMG01,ACTIVE
1449,7882,Time Deposit,1032805859,2026-07-10,SBY01,ACTIVE
1450,6399,Time Deposit,930261931,2026-07-27,SMG01,ACTIVE
1451,1237,Savings,73326232,2026-06-16,MDN01,ACTIVE
1452,2498,Savings,29150028,2027-04-25,BDG01,ACTIVE
1453,3095,Savings,109821051,2026-04-30,JKT01,ACTIVE
1454,3217,Savings,92752911,2028-02-09,SMG01,ACTIVE
1455,5234,Time Deposit,1589563091,2027-01-07,MDN01,ACTIVE
1456,1007,Savings,19046823,2028-02-27,SMG01,ACTIVE
1457,8126,Savings,27689067,2027-09-26,BDG01,ACTIVE
1458,580,Time Deposit,552012898,2026-12-29,BDG01,ACTIVE
1459,4963,Savings,53923041,2026-10-01,BDG01,ACTIVE
1460,5199,Time Deposit,701466010,2026-05-05,BDG01,ACTIVE
1461,4285,Savings,88521615,2026-12-11,JKT02,ACTIVE
1462,7463,Savings,3667655,2027-06-09,SBY01,ACTIVE
1463,6828,Savings,23608312,2028-02-22,MDN01,ACTIVE
1464,4040,Time Deposit,718495875,2026-05-21,SMG01,ACTIVE
1465,7902,Savings,102151292,2026-07-19,JKT01,ACTIVE
1466,9892,Savings,39493963,2026-11-26,JKT01,ACTIVE
1467,5972,Time Deposit,1253822044,2026-07-06,BDG01,ACTIVE
1468,6870,Savings,110454848,2026-07-03,SBY01,ACTIVE
1469,88,Time Deposit,554663169,2027-02-17,MDN01,ACTIVE
1470,2103,Savings,30740476,2027-11-30,JKT02,ACTIVE
1471,8802,Time Deposit,273030694,2026-10-06,SMG01,ACTIVE
1472,1294,Savings,30522932,2027-05-20,JKT02,ACTIVE
1473,8293,Savings,25460936,2026-08-23,BDG01,ACTIVE
1474,4338,Savings,108444994,2026-09-12,BDG01,ACTIVE
1475,8802,Time Deposit,148944976,2026-11-03,BDG01,ACTIVE
1476,8358,Time Deposit,1104464288,2026-09-18,MDN01,ACTIVE
1477,8920,Savings,192933760,2027-07-10,SMG01,ACTIVE
1478,6380,Savings,30929396,2026-09-24,MDN01,ACTIVE
1479,7303,Savings,17973517,2028-02-21,SMG01,ACTIVE
1480,232,Savings,141835395,2027-03-09,JKT01,ACTIVE
1481,9198,Savings,55044776,2027-06-13,SMG01,ACTIVE
1482,8604,Time Deposit,1283117130,2026-08-20,BDG01,ACTIVE
1483,4378,Time Deposit,528817897,2026-12-31,YGY01,ACTIVE
1484,801,Savings,12007082,2026-10-21,JKT01,ACTIVE
1485,9688,Savings,93204455,2028-01-26,BDG01,ACTIVE
1486,9041,Time Deposit,758385001,2027-03-06,BDG01,ACTIVE
1487,4218,Time Deposit,773974218,2027-01-13,YGY01,ACTIVE
1488,1742,Savings,97398054,2027-09-07,YGY01,ACTIVE
1489,3173,Savings,24938572,2026-05-21,JKT01,ACTIVE
1490,718,Time Deposit,682658804,2026-05-10,BDG01,ACTIVE
1491,8741,Savings,23039422,2026-06-07,SBY01,ACTIVE
1492,6318,Savings,6641184,2026-12-31,YGY01,ACTIVE
1493,7869,Time Deposit,856115335,2026-12-21,BDG01,ACTIVE
1494,61,Savings,5210502,2027-02-09,JKT01,ACTIVE
1495,230,Savings,11784103,2027-04-17,BDG01,ACTIVE
1496,6248,Savings,29805749,2027-02-11,MDN01,ACTIVE
1497,9665,Time Deposit,306527625,2026-10-01,SBY01,ACTIVE
1498,190,Time Deposit,423574075,2027-02-03,JKT02,ACTIVE
1499,8604,Savings,60827013,2027-07-13,SBY01,ACTIVE
1500,604,Time Deposit,1022375645,2026-11-26,SMG01,ACTIVE
1501,3325,Savings,228302804,2026-08-07,JKT02,ACTIVE
1502,6696,Savings,165584503,2027-04-11,JKT02,ACTIVE
1503,6831,Savings,20529179,2026-08-13,BDG01,ACTIVE
1504,5687,Time Deposit,804012467,2026-05-25,BDG01,ACTIVE
1505,9401,Savings,32190871,2026-06-26,YGY01,ACTIVE
1506,5013,Savings,16658760,2027-01-21,SBY01,ACTIVE
1507,9489,Time Deposit,1310289833,2027-03-04,SBY01,ACTIVE
1508,8791,Time Deposit,1417302828,2026-05-21,MDN01,ACTIVE
1509,402,Time Deposit,392444019,2026-06-19,MDN01,ACTIVE
1510,2469,Savings,15764362,2026-06-13,JKT02,ACTIVE
1511,3638,Time Deposit,176853823,2026-12-17,BDG01,ACTIVE
1512,9200,Savings,125094559,2027-01-29,BDG01,ACTIVE
1513,7634,Time Deposit,1105640566,2026-07-01,BDG01,ACTIVE
1514,6852,Savings,62713931,2026-12-04,JKT02,ACTIVE
1515,5130,Time Deposit,685845774,2026-08-01,YGY01,ACTIVE
1516,4464,Savings,202695509,2028-03-14,MDN01,ACTIVE
1517,2793,Time Deposit,1234948312,2026-06-19,YGY01,ACTIVE
1518,5800,Time Deposit,453217652,2027-01-19,JKT01,ACTIVE
1519,7194,Savings,170261887,2027-10-09,SMG01,ACTIVE
1520,9924,Savings,2479900,2028-02-20,BDG01,ACTIVE
1521,3865,Time Deposit,1473793442,2026-08-08,SBY01,ACTIVE
1522,2331,Time Deposit,621698375,2027-02-23,MDN01,ACTIVE
1523,2895,Time Deposit,1362913436,2026-12-09,SMG01,ACTIVE
1524,183,Time Deposit,767120513,2026-11-30,SBY01,ACTIVE
1525,6681,Savings,17993566,2026-12-31,YGY01,ACTIVE
1526,5741,Time Deposit,944715907,2026-04-23,BDG01,ACTIVE
1527,2477,Time Deposit,306316176,2027-01-13,JKT01,ACTIVE
1528,8560,Savings,44928483,2027-10-18,SMG01,ACTIVE
1529,4492,Savings,30537046,2027-07-01,SBY01,ACTIVE
1530,6967,Savings,6030005,2027-12-31,JKT01,ACTIVE
1531,5902,Time Deposit,1535834445,2026-06-22,SBY01,ACTIVE
1532,8397,Savings,122530974,2028-02-08,SMG01,ACTIVE
1533,2098,Savings,177912388,2027-09-05,YGY01,ACTIVE
1534,9282,Savings,29884275,2027-06-19,YGY01,ACTIVE
1535,8582,Savings,57350801,2028-01-18,BDG01,ACTIVE
1536,8468,Savings,29530985,2027-12-11,MDN01,ACTIVE
1537,6727,Time Deposit,976206187,2027-03-04,BDG01,ACTIVE
1538,8566,Time Deposit,968810431,2026-12-02,YGY01,ACTIVE
1539,9942,Savings,14456471,2027-07-20,YGY01,ACTIVE
1540,8486,Time Deposit,427262694,2026-10-03,MDN01,ACTIVE
1541,183,Savings,41433850,2027-01-28,BDG01,ACTIVE
1542,6197,Savings,31785132,2028-01-10,MDN01,ACTIVE
1543,6245,Time Deposit,950058134,2026-09-12,JKT02,ACTIVE
1544,3714,Time Deposit,238031481,2026-08-10,BDG01,ACTIVE
1545,9335,Savings,14497827,2027-03-25,MDN01,ACTIVE
1546,6711,Savings,39359374,2028-03-04,SBY01,ACTIVE
1547,2097,Time Deposit,520601957,2026-07-03,JKT01,ACTIVE
1548,7112,Time Deposit,115277282,2027-01-14,BDG01,ACTIVE
1549,9514,Time Deposit,706563027,2026-06-21,SBY01,ACTIVE
1550,9284,Savings,52073043,2026-09-08,SBY01,ACTIVE
1551,3908,Savings,18931032,2027-11-05,SBY01,ACTIVE
1552,600,Savings,21345063,2027-01-19,YGY01,ACTIVE
1553,9384,Savings,182515575,2027-06-25,YGY01,ACTIVE
1554,4052,Savings,37885759,2027-12-30,SMG01,ACTIVE
1555,310,Time Deposit,1327662015,2026-11-08,MDN01,ACTIVE
1556,8762,Savings,9721433,2027-12-20,YGY01,ACTIVE
1557,8053,Savings,141240686,2026-06-01,JKT01,ACTIVE
1558,9597,Savings,15652981,2026-07-29,SBY01,ACTIVE
1559,3559,Savings,34078728,2027-08-06,MDN01,ACTIVE
1560,5304,Savings,110190649,2027-06-19,BDG01,ACTIVE
1561,5671,Savings,24630388,2026-10-29,MDN01,ACTIVE
1562,4305,Savings,175260098,2027-08-10,YGY01,ACTIVE
1563,1734,Time Deposit,841138563,2026-05-20,SBY01,ACTIVE
1564,6086,Savings,58498410,2027-10-09,JKT01,ACTIVE
1565,4842,Savings,10604479,2027-08-17,MDN01,ACTIVE
1566,460,Savings,10319854,2027-02-24,YGY01,ACTIVE
1567,7392,Savings,73270890,2027-08-19,BDG01,ACTIVE
1568,2302,Time Deposit,925066937,2026-06-28,YGY01,ACTIVE
1569,7816,Time Deposit,518124738,2026-04-01,JKT01,ACTIVE
1570,6994,Savings,23389261,2027-12-31,SMG01,ACTIVE
1571,1185,Time Deposit,352323973,2026-08-31,SBY01,ACTIVE
1572,9012,Savings,46178574,2026-08-02,SMG01,ACTIVE
1573,1554,Time Deposit,1097276484,2026-05-18,BDG01,ACTIVE
1574,4370,Savings,14276082,2026-07-08,MDN01,ACTIVE
1575,1452,Time Deposit,641338832,2027-01-13,YGY01,ACTIVE
1576,9060,Time Deposit,926848974,2027-02-02,SBY01,ACTIVE
1577,9838,Savings,23670447,2026-12-30,JKT02,ACTIVE
1578,2154,Time Deposit,274707004,2026-07-05,SMG01,ACTIVE
1579,6777,Time Deposit,472704670,2027-03-12,MDN01,ACTIVE
1580,8858,Savings,65255205,2027-09-09,BDG01,ACTIVE
1581,3870,Time Deposit,970659780,2026-09-03,MDN01,ACTIVE
1582,5539,Time Deposit,143135879,2026-08-02,JKT01,ACTIVE
1583,8178,Savings,34297523,2027-08-14,YGY01,ACTIVE
1584,1367,Time Deposit,941893325,2027-01-19,JKT02,ACTIVE
1585,8158,Savings,92957330,2027-03-18,BDG01,ACTIVE
1586,1966,Savings,128788389,2026-09-11,BDG01,ACTIVE
1587,8626,Time Deposit,441733026,2026-12-17,JKT02,ACTIVE
1588,6931,Savings,40522221,2027-07-31,YGY01,ACTIVE
1589,7099,Savings,11419710,2027-09-19,MDN01,ACTIVE
1590,5314,Time Deposit,678620781,2026-05-10,YGY01,ACTIVE
1591,1712,Time Deposit,928863662,2026-06-23,SMG01,ACTIVE
1592,4917,Savings,74526106,2027-05-12,SMG01,ACTIVE
1593,842,Savings,103765806,2026-10-01,SMG01,ACTIVE
1594,3790,Time Deposit,810357899,2026-09-07,JKT02,ACTIVE
1595,8361,Savings,27584942,2027-08-25,JKT02,ACTIVE
1596,745,Savings,8877814,2027-02-01,JKT01,ACTIVE
1597,2635,Time Deposit,255036256,2026-05-22,SMG01,ACTIVE
1598,694,Savings,30423703,2026-12-26,YGY01,ACTIVE
1599,6905,Time Deposit,1846215400,2026-07-01,SBY01,ACTIVE
1600,3657,Savings,23545409,2028-01-10,SBY01,ACTIVE
1601,2207,Savings,15167423,2027-12-02,JKT02,ACTIVE
1602,3712,Time Deposit,499336501,2026-04-15,JKT01,ACTIVE
1603,7210,Savings,14842950,2027-07-12,YGY01,ACTIVE
1604,2237,Time Deposit,627368628,2026-11-30,JKT01,ACTIVE
1605,6969,Time Deposit,733161371,2027-03-06,MDN01,ACTIVE
1606,4649,Savings,22842380,2027-07-20,BDG01,ACTIVE
1607,4166,Savings,18684679,2026-12-09,JKT01,ACTIVE
1608,1842,Savings,38560990,2027-07-14,JKT02,ACTIVE
1609,4563,Savings,125379308,2028-01-23,MDN01,ACTIVE
1610,442,Time Deposit,695354095,2026-05-20,MDN01,ACTIVE
1611,8822,Savings,9704361,2026-09-22,JKT01,ACTIVE
1612,8283,Time Deposit,1116677526,2026-06-19,YGY01,ACTIVE
1613,1593,Time Deposit,1540961889,2026-04-07,JKT01,ACTIVE
1614,4178,Savings,42230435,2027-01-16,YGY01,ACTIVE
1615,6948,Savings,98572867,2026-10-07,MDN01,ACTIVE
1616,3140,Savings,40111838,2026-12-26,BDG01,ACTIVE
1617,5469,Savings,82894053,2027-08-10,JKT01,ACTIVE
1618,640,Savings,82147050,2026-05-18,BDG01,ACTIVE
1619,3400,Savings,87871381,2026-12-19,JKT01,ACTIVE
1620,7104,Savings,38950538,2028-01-17,SBY01,ACTIVE
1621,582,Time Deposit,380404972,2027-02-01,YGY01,ACTIVE
1622,1897,Time Deposit,890365221,2026-12-09,SBY01,ACTIVE
1623,6090,Savings,173436957,2027-01-02,SMG01,ACTIVE
1624,8438,Savings,63606409,2027-08-11,BDG01,ACTIVE
1625,87,Savings,68699892,2027-05-30,YGY01,ACTIVE
1626,2602,Savings,56744407,2027-01-09,MDN01,ACTIVE
1627,7486,Time Deposit,1296603318,2026-12-07,BDG01,ACTIVE
1628,8539,Time Deposit,1270833171,2026-06-20,SBY01,ACTIVE
1629,7789,Savings,8146449,2027-11-11,SMG01,ACTIVE
1630,8286,Savings,18839524,2027-11-05,JKT01,ACTIVE
1631,9468,Time Deposit,1181965376,2026-09-16,BDG01,ACTIVE
1632,9105,Savings,29246514,2027-08-31,MDN01,ACTIVE
1633,5525,Time Deposit,293345481,2026-04-23,BDG01,ACTIVE
1634,2714,Savings,36162541,2027-01-25,MDN01,ACTIVE
1635,1376,Time Deposit,413846126,2026-06-13,MDN01,ACTIVE
1636,4065,Time Deposit,311432527,2026-12-31,JKT01,ACTIVE
1637,7023,Time Deposit,449844283,2026-06-02,JKT02,ACTIVE
1638,4407,Savings,16139991,2026-10-13,SBY01,ACTIVE
1639,5144,Time Deposit,1027567997,2026-11-13,JKT01,ACTIVE
1640,2941,Savings,99606028,2027-11-12,MDN01,ACTIVE
1641,5091,Savings,84918715,2026-04-20,SBY01,ACTIVE
1642,9750,Time Deposit,261095220,2027-02-28,JKT01,ACTIVE
1643,440,Savings,88997766,2026-11-26,SBY01,ACTIVE
1644,3614,Savings,63350227,2026-12-02,SMG01,ACTIVE
1645,7507,Time Deposit,886963054,2026-05-23,MDN01,ACTIVE
1646,476,Savings,33766430,2026-07-09,BDG01,ACTIVE
1647,378,Time Deposit,519571643,2026-05-11,MDN01,ACTIVE
1648,8331,Time Deposit,1297908699,2026-05-26,MDN01,ACTIVE
1649,7452,Time Deposit,79652251,2026-11-15,SBY01,ACTIVE
1650,5575,Savings,83836369,2027-04-26,BDG01,ACTIVE
1651,4599,Savings,130021131,2027-08-22,SBY01,ACTIVE
1652,8001,Savings,109797271,2026-07-18,SMG01,ACTIVE
1653,7281,Time Deposit,354170621,2026-07-28,BDG01,ACTIVE
1654,5880,Savings,10533447,2028-01-25,SMG01,ACTIVE
1655,7966,Savings,65154819,2026-10-12,MDN01,ACTIVE
1656,3651,Time Deposit,705059951,2026-11-02,YGY01,ACTIVE
1657,4678,Time Deposit,600992371,2026-04-27,SMG01,ACTIVE
1658,6799,Savings,140363342,2026-05-31,BDG01,ACTIVE
1659,5953,Time Deposit,825318293,2026-11-24,MDN01,ACTIVE
1660,8793,Savings,27188778,2027-10-13,YGY01,ACTIVE
1661,5442,Savings,63305345,2026-10-01,BDG01,ACTIVE
1662,7574,Time Deposit,440515114,2026-07-19,SBY01,ACTIVE
1663,961,Savings,119919789,2026-05-24,JKT02,ACTIVE
1664,3589,Time Deposit,128837199,2026-05-05,YGY01,ACTIVE
1665,4055,Savings,26476812,2028-02-13,SBY01,ACTIVE
1666,7199,Savings,11063004,2027-04-30,BDG01,ACTIVE
1667,6209,Time Deposit,1123810758,2026-09-09,JKT01,ACTIVE
1668,3931,Time Deposit,768419711,2026-11-09,MDN01,ACTIVE
1669,4151,Time Deposit,900429300,2026-09-24,SMG01,ACTIVE
1670,8604,Time Deposit,1281347003,2026-10-14,YGY01,ACTIVE
1671,9868,Savings,14575438,2027-05-04,SMG01,ACTIVE
1672,4924,Time Deposit,624173058,2027-02-10,JKT02,ACTIVE
1673,1771,Time Deposit,856347445,2027-01-06,JKT01,ACTIVE
1674,3891,Savings,58457326,2027-11-08,YGY01,ACTIVE
1675,9313,Time Deposit,1398748155,2027-02-26,YGY01,ACTIVE
1676,5621,Time Deposit,835500819,2026-12-30,JKT02,ACTIVE
1677,6382,Savings,25113646,2026-06-11,JKT01,ACTIVE
1678,6418,Savings,13562683,2027-02-08,SMG01,ACTIVE
1679,2878,Time Deposit,832864773,2027-01-13,JKT02,ACTIVE
1680,9540,Time Deposit,769561418,2026-05-01,JKT02,ACTIVE
1681,7040,Savings,61517481,2027-06-13,JKT01,ACTIVE
1682,7116,Time Deposit,877755860,2027-02-15,SBY01,ACTIVE
1683,8884,Savings,54809104,2028-03-14,JKT02,ACTIVE
1684,4741,Time Deposit,235873591,2026-08-22,SBY01,ACTIVE
1685,8845,Time Deposit,664615810,2026-09-08,MDN01,ACTIVE
1686,5580,Savings,35111340,2026-04-30,JKT02,ACTIVE
1687,4929,Savings,4226136,2027-07-25,SBY01,ACTIVE
1688,2626,Savings,10107928,2026-06-02,BDG01,ACTIVE
1689,9205,Time Deposit,723875414,2026-05-30,SMG01,ACTIVE
1690,5499,Time Deposit,749855472,2026-09-15,BDG01,ACTIVE
1691,4859,Time Deposit,999331932,2026-03-31,SMG01,ACTIVE
1692,2832,Time Deposit,333852912,2026-06-20,SMG01,ACTIVE
1693,1645,Savings,8034270,2026-09-29,BDG01,ACTIVE
1694,3159,Savings,41553599,2026-09-05,SMG01,ACTIVE
1695,3623,Savings,41512655,2026-06-11,JKT01,ACTIVE
1696,1879,Savings,107086100,2026-07-18,YGY01,ACTIVE
1697,4402,Savings,63418720,2027-04-03,JKT01,ACTIVE
1698,7212,Savings,224741748,2028-01-12,MDN01,ACTIVE
1699,6938,Time Deposit,480010943,2026-05-14,SMG01,ACTIVE
1700,249,Time Deposit,1397668291,2026-05-22,JKT02,ACTIVE
1701,225,Time Deposit,844199702,2026-12-08,BDG01,ACTIVE
1702,6336,Savings,82643580,2027-05-02,JKT01,ACTIVE
1703,3322,Savings,37032005,2026-11-18,JKT02,ACTIVE
1704,8036,Savings,15912539,2028-01-14,JKT02,ACTIVE
1705,7864,Savings,55299202,2027-12-03,BDG01,ACTIVE
1706,4509,Savings,32146017,2026-11-08,JKT01,ACTIVE
1707,5696,Savings,94416871,2026-11-09,SMG01,ACTIVE
1708,489,Time Deposit,315108002,2026-07-10,SBY01,ACTIVE
1709,8127,Savings,9098269,2026-08-19,JKT02,ACTIVE
1710,4809,Time Deposit,436800544,2026-05-14,JKT02,ACTIVE
1711,6470,Savings,30911756,2027-11-17,JKT02,ACTIVE
1712,8942,Savings,84253350,2026-10-26,SBY01,ACTIVE
1713,2982,Time Deposit,305960237,2026-07-08,JKT01,ACTIVE
1714,6598,Time Deposit,847775902,2027-01-30,YGY01,ACTIVE
1715,2803,Time Deposit,1045098948,2026-05-30,BDG01,ACTIVE
1716,316,Savings,13482121,2026-08-04,BDG01,ACTIVE
1717,3833,Savings,134581445,2026-08-03,SMG01,ACTIVE
1718,4506,Savings,18042047,2027-06-09,YGY01,ACTIVE
1719,2267,Time Deposit,1300641255,2026-06-04,JKT02,ACTIVE
1720,82,Savings,31463420,2026-12-17,YGY01,ACTIVE
1721,2207,Savings,59970791,2026-12-16,JKT01,ACTIVE
1722,6633,Savings,28699575,2027-03-13,JKT01,ACTIVE
1723,6125,Time Deposit,335119761,2026-04-08,BDG01,ACTIVE
1724,64,Time Deposit,252111458,2027-01-04,SBY01,ACTIVE
1725,9288,Savings,37470623,2026-05-26,YGY01,ACTIVE
1726,5038,Savings,38674519,2026-09-26,SBY01,ACTIVE
1727,3155,Time Deposit,641408614,2026-11-04,JKT02,ACTIVE
1728,4151,Savings,72761847,2027-08-25,JKT02,ACTIVE
1729,5348,Time Deposit,591344119,2026-06-14,JKT02,ACTIVE
1730,1891,Time Deposit,431758886,2026-04-15,JKT01,ACTIVE
1731,6108,Time Deposit,593865111,2026-08-28,SBY01,ACTIVE
1732,5042,Time Deposit,958251483,2026-05-20,SMG01,ACTIVE
1733,6948,Savings,54752679,2027-11-12,SMG01,ACTIVE
1734,6621,Time Deposit,495222229,2026-10-28,YGY01,ACTIVE
1735,1876,Time Deposit,1634920132,2026-06-28,SMG01,ACTIVE
1736,6509,Savings,16388864,2027-11-23,SBY01,ACTIVE
1737,116,Savings,183320556,2027-05-28,YGY01,ACTIVE
1738,7941,Time Deposit,1015360201,2026-06-20,SBY01,ACTIVE
1739,5898,Savings,33768894,2027-04-28,JKT02,ACTIVE
1740,5486,Savings,13560319,2026-05-08,SBY01,ACTIVE
1741,5504,Savings,104618205,2026-08-30,JKT02,ACTIVE
1742,6330,Savings,22392878,2027-07-26,SMG01,ACTIVE
1743,4454,Savings,5267066,2026-06-17,SMG01,ACTIVE
1744,2112,Time Deposit,76610335,2026-03-25,YGY01,ACTIVE
1745,3468,Time Deposit,747627556,2026-12-27,SBY01,ACTIVE
1746,5548,Savings,166844387,2027-01-18,SMG01,ACTIVE
1747,2460,Savings,88746097,2027-03-06,SMG01,ACTIVE
1748,3790,Time Deposit,968978487,2027-02-18,JKT02,ACTIVE
1749,3888,Savings,10813786,2028-03-01,SMG01,ACTIVE
1750,6897,Savings,44866206,2027-06-13,BDG01,ACTIVE
1751,563,Time Deposit,1104391530,2027-01-20,SBY01,ACTIVE
1752,6377,Savings,132480887,2027-10-10,SBY01,ACTIVE
1753,7266,Savings,25860987,2027-07-14,SMG01,ACTIVE
1754,1728,Time Deposit,592535369,2026-08-01,SBY01,ACTIVE
1755,1066,Savings,34464171,2027-10-05,SMG01,ACTIVE
1756,5005,Savings,35677108,2027-03-22,YGY01,ACTIVE
1757,9540,Time Deposit,1682476919,2026-05-20,JKT02,ACTIVE
1758,6335,Savings,26340634,2027-01-30,YGY01,ACTIVE
1759,1667,Time Deposit,656462521,2027-03-08,BDG01,ACTIVE
1760,3896,Savings,18089634,2027-12-22,BDG01,ACTIVE
1761,9645,Savings,71406441,2026-08-06,SBY01,ACTIVE
1762,9752,Savings,75877236,2026-05-24,BDG01,ACTIVE
1763,6513,Time Deposit,902868497,2026-06-08,JKT01,ACTIVE
1764,5326,Time Deposit,1600538708,2026-11-11,SMG01,ACTIVE
1765,2746,Time Deposit,408927352,2026-04-06,YGY01,ACTIVE
1766,1152,Savings,36944638,2027-05-15,JKT02,ACTIVE
1767,1175,Savings,18252980,2028-02-22,BDG01,ACTIVE
1768,8436,Savings,59031920,2027-04-01,MDN01,ACTIVE
1769,8551,Savings,90092069,2027-06-21,SBY01,ACTIVE
1770,4574,Time Deposit,1067340884,2026-04-28,SBY01,ACTIVE
1771,1620,Time Deposit,344437209,2027-02-09,BDG01,ACTIVE
1772,436,Savings,7603928,2027-01-06,JKT01,ACTIVE
1773,2262,Savings,26459579,2026-12-09,SMG01,ACTIVE
1774,4090,Savings,10865835,2026-12-13,SMG01,ACTIVE
1775,1351,Savings,52681531,2027-12-26,SMG01,ACTIVE
1776,3919,Savings,133556555,2026-12-29,SBY01,ACTIVE
1777,6513,Time Deposit,658987633,2026-10-28,SBY01,ACTIVE
1778,9829,Savings,14593624,2027-05-01,SBY01,ACTIVE
1779,2688,Savings,20618683,2027-02-28,JKT02,ACTIVE
1780,4949,Time Deposit,1226551792,2027-01-21,JKT02,ACTIVE
1781,4122,Savings,59608894,2026-04-19,MDN01,ACTIVE
1782,4010,Savings,6832904,2027-06-27,SBY01,ACTIVE
1783,8625,Time Deposit,1140161749,2026-04-18,SMG01,ACTIVE
1784,8003,Savings,22170915,2026-05-22,SMG01,ACTIVE
1785,9070,Savings,5550596,2026-08-01,SBY01,ACTIVE
1786,3940,Time Deposit,1089783965,2026-09-12,BDG01,ACTIVE
1787,3409,Savings,26584350,2026-05-24,JKT01,ACTIVE
1788,961,Time Deposit,1484249079,2026-10-21,JKT02,ACTIVE
1789,6568,Time Deposit,743589163,2027-02-27,MDN01,ACTIVE
1790,1560,Time Deposit,961302453,2026-09-08,JKT02,ACTIVE
1791,8227,Savings,24383978,2027-10-30,SMG01,ACTIVE
1792,5108,Time Deposit,518035427,2026-07-10,JKT01,ACTIVE
1793,5031,Time Deposit,209662485,2026-10-27,SBY01,ACTIVE
1794,3748,Time Deposit,333140917,2026-05-24,JKT01,ACTIVE
1795,7521,Savings,115973982,2028-02-27,SBY01,ACTIVE
1796,7534,Savings,57587202,2027-09-03,JKT01,ACTIVE
1797,2124,Time Deposit,185909579,2026-06-14,BDG01,ACTIVE
1798,339,Savings,81964587,2026-09-13,SBY01,ACTIVE
1799,9938,Time Deposit,747422605,2026-09-05,YGY01,ACTIVE
1800,5771,Savings,137681348,2027-03-27,JKT02,ACTIVE
1801,9175,Savings,37057782,2026-06-16,YGY01,ACTIVE
1802,3208,Savings,111309543,2027-08-30,MDN01,ACTIVE
1803,8511,Savings,47188976,2026-04-30,JKT02,ACTIVE
1804,5129,Time Deposit,1500135804,2026-07-07,MDN01,ACTIVE
1805,8396,Time Deposit,422185852,2026-12-11,BDG01,ACTIVE
1806,3606,Savings,20664735,2027-03-05,SMG01,ACTIVE
1807,9317,Savings,80698832,2026-06-25,MDN01,ACTIVE
1808,3455,Savings,211931764,2027-10-09,MDN01,ACTIVE
1809,7863,Time Deposit,1305086348,2026-04-25,YGY01,ACTIVE
1810,8629,Savings,202572733,2026-12-07,JKT01,ACTIVE
1811,9104,Savings,213972502,2026-08-30,SMG01,ACTIVE
1812,9586,Savings,12414516,2028-02-02,YGY01,ACTIVE
1813,2879,Savings,67456282,2026-09-10,SMG01,ACTIVE
1814,7047,Savings,47114942,2027-06-27,SBY01,ACTIVE
1815,6956,Time Deposit,1502049394,2026-04-27,BDG01,ACTIVE
1816,9969,Time Deposit,794648893,2026-06-05,BDG01,ACTIVE
1817,6385,Time Deposit,543989579,2027-02-11,SBY01,ACTIVE
1818,1502,Time Deposit,560012791,2026-12-17,JKT02,ACTIVE
1819,6634,Savings,20730972,2026-04-25,SBY01,ACTIVE
1820,4535,Time Deposit,497403893,2026-05-08,JKT01,ACTIVE
1821,322,Savings,20601212,2027-02-07,JKT02,ACTIVE
1822,6155,Savings,121488796,2026-06-21,SBY01,ACTIVE
1823,6382,Savings,26069756,2026-08-22,SBY01,ACTIVE
1824,3567,Savings,126754937,2026-06-05,YGY01,ACTIVE
1825,7686,Savings,56858601,2026-04-16,BDG01,ACTIVE
1826,6451,Savings,21069626,2026-07-14,BDG01,ACTIVE
1827,7690,Time Deposit,1277350050,2026-07-26,BDG01,ACTIVE
1828,6805,Savings,95565412,2026-08-12,MDN01,ACTIVE
1829,1477,Time Deposit,780844481,2026-08-13,BDG01,ACTIVE
1830,560,Time Deposit,522094780,2026-12-19,YGY01,ACTIVE
1831,204,Time Deposit,238024549,2026-07-31,SMG01,ACTIVE
1832,3298,Time Deposit,399276355,2026-11-16,SMG01,ACTIVE
1833,7521,Time Deposit,761479048,2026-09-13,SMG01,ACTIVE
1834,208,Savings,47501536,2026-08-19,JKT02,ACTIVE
1835,5277,Savings,23644096,2026-06-27,JKT02,ACTIVE
1836,3953,Savings,7461078,2028-02-19,SMG01,ACTIVE
1837,794,Savings,28683522,2027-11-02,SMG01,ACTIVE
1838,5853,Time Deposit,664772022,2026-11-19,JKT01,ACTIVE
1839,4917,Savings,14873932,2026-05-10,SMG01,ACTIVE
1840,3722,Savings,3966899,2027-05-31,JKT02,ACTIVE
1841,3869,Savings,16982097,2026-10-15,BDG01,ACTIVE
1842,7155,Time Deposit,1500526401,2026-07-12,JKT02,ACTIVE
1843,4298,Savings,2209399,2027-09-04,SMG01,ACTIVE
1844,5302,Savings,18417310,2027-08-20,SMG01,ACTIVE
1845,6232,Time Deposit,1443310050,2026-08-01,SBY01,ACTIVE
1846,6066,Time Deposit,985887605,2026-09-15,JKT02,ACTIVE
1847,7027,Savings,22720347,2028-01-11,SBY01,ACTIVE
1848,8371,Savings,20824603,2026-08-04,YGY01,ACTIVE
1849,5237,Savings,12114695,2028-03-10,YGY01,ACTIVE
1850,5881,Time Deposit,1807551982,2026-10-02,SBY01,ACTIVE
1851,9721,Time Deposit,207506647,2026-06-23,SBY01,ACTIVE
1852,8099,Savings,3806056,2027-06-18,YGY01,ACTIVE
1853,9178,Savings,126573299,2027-11-27,BDG01,ACTIVE
1854,1656,Time Deposit,938533082,2027-01-03,YGY01,ACTIVE
1855,7434,Savings,7602768,2028-02-02,BDG01,ACTIVE
1856,7366,Savings,31579814,2028-02-07,SBY01,ACTIVE
1857,5760,Time Deposit,157257234,2027-03-06,JKT02,ACTIVE
1858,6430,Time Deposit,295113982,2026-10-13,JKT01,ACTIVE
1859,6182,Savings,23081752,2027-08-03,SBY01,ACTIVE
1860,3623,Savings,24706096,2026-05-05,YGY01,ACTIVE
1861,207,Savings,111257599,2027-06-23,BDG01,ACTIVE
1862,6648,Time Deposit,472420083,2026-12-23,MDN01,ACTIVE
1863,9151,Time Deposit,540226262,2026-04-02,BDG01,ACTIVE
1864,1215,Savings,13642759,2027-09-22,MDN01,ACTIVE
1865,537,Savings,16335958,2026-07-21,SMG01,ACTIVE
1866,7026,Savings,74363830,2027-09-04,YGY01,ACTIVE
1867,8974,Time Deposit,687465371,2027-01-09,SBY01,ACTIVE
1868,6357,Time Deposit,1197663971,2026-12-10,BDG01,ACTIVE
1869,6775,Time Deposit,591415306,2026-06-30,SBY01,ACTIVE
1870,9109,Time Deposit,547992459,2026-07-08,JKT01,ACTIVE
1871,771,Time Deposit,626321539,2026-08-11,YGY01,ACTIVE
1872,7945,Savings,8687196,2028-02-16,JKT01,ACTIVE
1873,4468,Savings,10224603,2026-07-23,BDG01,ACTIVE
1874,8617,Savings,23963744,2027-01-14,YGY01,ACTIVE
1875,7845,Savings,26014632,2027-05-04,MDN01,ACTIVE
1876,2705,Time Deposit,438612868,2027-02-27,SBY01,ACTIVE
1877,1755,Savings,10464138,2027-01-24,JKT01,ACTIVE
1878,9649,Time Deposit,1240547053,2026-06-11,YGY01,ACTIVE
1879,4973,Time Deposit,471429330,2026-09-28,SBY01,ACTIVE
1880,8548,Savings,23295805,2027-10-07,BDG01,ACTIVE
1881,61,Savings,13505723,2026-08-05,SMG01,ACTIVE
1882,1557,Savings,89992323,2026-05-16,JKT02,ACTIVE
1883,908,Savings,17254693,2026-05-04,SBY01,ACTIVE
1884,3562,Savings,12377307,2027-05-02,SBY01,ACTIVE
1885,4316,Time Deposit,651740989,2026-10-23,MDN01,ACTIVE
1886,4628,Savings,23543011,2026-07-18,MDN01,ACTIVE
1887,3337,Time Deposit,720521178,2026-03-31,YGY01,ACTIVE
1888,818,Time Deposit,887694565,2026-10-07,BDG01,ACTIVE
1889,4567,Time Deposit,538488678,2026-10-31,YGY01,ACTIVE
1890,6443,Time Deposit,769209601,2026-10-02,MDN01,ACTIVE
1891,4615,Savings,8836904,2028-02-02,SBY01,ACTIVE
1892,4835,Savings,72022157,2027-03-26,JKT01,ACTIVE
1893,4354,Savings,4044050,2026-09-17,JKT02,ACTIVE
1894,2427,Time Deposit,791901813,2026-11-04,YGY01,ACTIVE
1895,7049,Savings,143202017,2028-01-26,JKT01,ACTIVE
1896,8645,Time Deposit,653203395,2026-09-18,JKT02,ACTIVE
1897,8511,Time Deposit,239617470,2026-04-06,BDG01,ACTIVE
1898,2028,Time Deposit,791224413,2027-01-03,SMG01,ACTIVE
1899,1,Savings,19590183,2028-01-25,YGY01,ACTIVE
1900,4199,Time Deposit,444269224,2027-01-19,YGY01,ACTIVE
1901,6514,Savings,84032438,2027-08-18,JKT01,ACTIVE
1902,8594,Savings,15652295,2027-05-26,SMG01,ACTIVE
1903,547,Savings,34041435,2026-06-13,BDG01,ACTIVE
1904,5780,Savings,8263234,2028-02-16,YGY01,ACTIVE
1905,5760,Time Deposit,372893511,2027-02-05,SBY01,ACTIVE
1906,6767,Savings,55564961,2027-01-31,SBY01,ACTIVE
1907,4457,Savings,59208114,2028-03-04,JKT01,ACTIVE
1908,5535,Savings,16289089,2026-06-24,YGY01,ACTIVE
1909,1487,Time Deposit,993774594,2026-07-21,JKT01,ACTIVE
1910,5178,Time Deposit,593183668,2026-09-06,MDN01,ACTIVE
1911,4728,Time Deposit,415634096,2026-12-14,JKT02,ACTIVE
1912,2551,Savings,91795950,2027-06-01,SMG01,ACTIVE
1913,7432,Savings,16599072,2026-10-13,SBY01,ACTIVE
1914,9864,Time Deposit,659913746,2026-07-28,JKT01,ACTIVE
1915,8737,Time Deposit,1064428895,2026-11-11,JKT01,ACTIVE
1916,8994,Savings,165572174,2027-12-10,BDG01,ACTIVE
1917,163,Time Deposit,227374484,2026-07-19,SBY01,ACTIVE
1918,4554,Savings,62169708,2026-06-21,YGY01,ACTIVE
1919,3283,Savings,68804983,2026-06-21,BDG01,ACTIVE
1920,179,Savings,116331982,2027-02-09,YGY01,ACTIVE
1921,8335,Savings,58187443,2026-08-14,MDN01,ACTIVE
1922,2387,Savings,29815065,2026-06-11,SMG01,ACTIVE
1923,2790,Savings,24334149,2026-11-22,MDN01,ACTIVE
1924,1056,Time Deposit,337852023,2026-07-29,SBY01,ACTIVE
1925,9833,Savings,32719213,2028-02-13,YGY01,ACTIVE
1926,6131,Savings,113201040,2026-06-30,MDN01,ACTIVE
1927,2403,Time Deposit,618249919,2026-04-13,BDG01,ACTIVE
1928,9027,Savings,37509205,2027-02-21,BDG01,ACTIVE
1929,6005,Savings,91662641,2027-10-26,JKT01,ACTIVE
1930,3296,Savings,10968835,2027-01-01,JKT02,ACTIVE
1931,4986,Time Deposit,509456153,2027-02-14,JKT01,ACTIVE
1932,6239,Time Deposit,926790096,2026-12-29,SMG01,ACTIVE
1933,545,Time Deposit,1436365950,2026-11-04,MDN01,ACTIVE
1934,505,Savings,92418229,2026-06-28,YGY01,ACTIVE
1935,2921,Time Deposit,349472833,2027-02-21,SBY01,ACTIVE
1936,8720,Savings,7733979,2027-08-05,MDN01,ACTIVE
1937,1520,Savings,9483382,2026-04-17,SBY01,ACTIVE
1938,8894,Savings,20537398,2026-05-15,BDG01,ACTIVE
1939,7426,Savings,14159984,2026-09-19,BDG01,ACTIVE
1940,9988,Savings,22819662,2027-08-19,SBY01,ACTIVE
1941,7137,Time Deposit,1221565319,2026-12-03,JKT02,ACTIVE
1942,2855,Savings,76521242,2026-11-03,JKT01,ACTIVE
1943,3667,Time Deposit,1011591042,2026-10-28,JKT01,ACTIVE
1944,4501,Savings,22311884,2026-10-14,YGY01,ACTIVE
1945,1522,Savings,13058810,2027-08-07,SBY01,ACTIVE
1946,2636,Time Deposit,1109154148,2027-01-26,YGY01,ACTIVE
1947,3472,Savings,10696846,2027-04-21,JKT01,ACTIVE
1948,6011,Savings,23871851,2027-06-02,JKT02,ACTIVE
1949,2114,Time Deposit,650400129,2026-06-13,SBY01,ACTIVE
1950,9189,Time Deposit,1300839799,2026-04-28,SMG01,ACTIVE
1951,3281,Savings,138974509,2027-06-21,SMG01,ACTIVE
1952,1722,Time Deposit,1277572023,2026-10-06,BDG01,ACTIVE
1953,1975,Savings,19914930,2026-10-18,JKT01,ACTIVE
1954,2400,Time Deposit,302236547,2026-09-07,MDN01,ACTIVE
1955,8584,Savings,57628126,2026-07-26,MDN01,ACTIVE
1956,9647,Time Deposit,527410430,2027-02-12,SMG01,ACTIVE
1957,7651,Savings,94266301,2026-12-25,JKT02,ACTIVE
1958,9056,Savings,93430684,2027-09-13,YGY01,ACTIVE
1959,2144,Time Deposit,553610548,2026-09-10,JKT02,ACTIVE
1960,8172,Savings,222739638,2026-11-26,JKT02,ACTIVE
1961,2791,Savings,62717233,2026-11-10,SMG01,ACTIVE
1962,3505,Time Deposit,1348777015,2026-11-07,BDG01,ACTIVE
1963,9430,Savings,21160721,2026-11-03,JKT02,ACTIVE
1964,3752,Savings,26136574,2027-03-14,YGY01,ACTIVE
1965,3267,Time Deposit,1955284948,2026-09-03,YGY01,ACTIVE
1966,5231,Time Deposit,434067557,2026-11-29,YGY01,ACTIVE
1967,6806,Savings,15113374,2027-04-24,MDN01,ACTIVE
1968,3483,Savings,9902111,2026-10-25,YGY01,ACTIVE
1969,7348,Savings,72189346,2026-09-23,MDN01,ACTIVE
1970,6419,Time Deposit,810906918,2026-07-20,SBY01,ACTIVE
1971,197,Savings,14363473,2026-08-29,YGY01,ACTIVE
1972,6786,Savings,28119316,2028-02-24,JKT01,ACTIVE
1973,9710,Time Deposit,318528945,2026-04-10,JKT01,ACTIVE
1974,850,Savings,8735268,2027-07-19,MDN01,ACTIVE
1975,249,Time Deposit,1421496466,2026-05-18,YGY01,ACTIVE
1976,9044,Savings,203267793,2027-08-16,BDG01,ACTIVE
1977,7592,Time Deposit,419234716,2027-03-11,SBY01,ACTIVE
1978,2107,Savings,11312595,2027-07-09,SMG01,ACTIVE
1979,5896,Savings,19488147,2027-03-21,JKT02,ACTIVE
1980,5101,Savings,21422310,2026-07-01,YGY01,ACTIVE
1981,1755,Savings,29368216,2026-11-29,MDN01,ACTIVE
1982,8703,Savings,31619967,2027-07-22,MDN01,ACTIVE
1983,7503,Time Deposit,1300367814,2026-12-05,YGY01,ACTIVE
1984,7618,Savings,12647225,2026-08-09,JKT02,ACTIVE
1985,6278,Time Deposit,613280057,2026-06-25,JKT02,ACTIVE
1986,122,Time Deposit,682016393,2026-08-21,YGY01,ACTIVE
1987,4096,Savings,12143720,2026-08-27,SMG01,ACTIVE
1988,5684,Time Deposit,561470736,2026-12-21,JKT01,ACTIVE
1989,4504,Savings,86093254,2027-05-05,JKT01,ACTIVE
1990,9157,Savings,21742928,2028-02-11,JKT02,ACTIVE
1991,6073,Savings,6721814,2027-05-13,MDN01,ACTIVE
1992,8503,Savings,146389987,2028-01-06,JKT02,ACTIVE
1993,709,Savings,123339196,2027-05-06,JKT01,ACTIVE
1994,3068,Savings,112388074,2027-09-04,YGY01,ACTIVE
1995,7997,Time Deposit,403874817,2027-02-27,JKT02,ACTIVE
1996,6360,Savings,21947438,2028-02-10,MDN01,ACTIVE
1997,7576,Time Deposit,812133015,2026-04-17,MDN01,ACTIVE
1998,5831,Savings,6686239,2026-11-20,BDG01,ACTIVE
1999,1680,Savings,58610012,2028-03-06,YGY01,ACTIVE
2000,8244,Time Deposit,1019022590,2026-12-19,YGY01,ACTIVE
2001,7657,Time Deposit,1304832229,2026-12-24,JKT01,ACTIVE
2002,927,Time Deposit,952094109,2026-08-22,SMG01,ACTIVE
2003,7473,Time Deposit,682464451,2026-10-21,JKT01,ACTIVE
2004,2436,Time Deposit,398254216,2026-12-15,MDN01,ACTIVE
2005,3344,Savings,18870494,2027-01-07,YGY01,ACTIVE
2006,7717,Savings,31889383,2026-08-30,YGY01,ACTIVE
2007,1133,Savings,102253222,2027-09-03,SBY01,ACTIVE
2008,8547,Savings,20602286,2026-11-30,YGY01,ACTIVE
2009,9428,Time Deposit,474566163,2026-12-14,JKT01,ACTIVE
2010,8022,Savings,87494532,2026-12-17,JKT01,ACTIVE
2011,7729,Time Deposit,1064553141,2026-12-05,BDG01,ACTIVE
2012,9575,Savings,67308513,2027-01-07,JKT02,ACTIVE
2013,1180,Savings,153848571,2026-05-18,JKT01,ACTIVE
2014,8121,Time Deposit,374812310,2026-11-22,JKT02,ACTIVE
2015,6005,Time Deposit,1208954131,2026-07-25,JKT01,ACTIVE
2016,1236,Time Deposit,853609992,2026-11-11,BDG01,ACTIVE
2017,3896,Savings,8604936,2026-11-18,JKT01,ACTIVE
2018,1331,Time Deposit,546535947,2026-04-08,BDG01,ACTIVE
2019,1770,Savings,8873073,2027-03-03,SMG01,ACTIVE
2020,5487,Savings,49033574,2027-03-06,SMG01,ACTIVE
2021,8135,Savings,74791865,2027-01-07,JKT01,ACTIVE
2022,3830,Savings,105139607,2027-05-25,JKT01,ACTIVE
2023,5571,Savings,3066554,2027-04-02,JKT02,ACTIVE
2024,969,Savings,218143988,2026-06-25,SBY01,ACTIVE
2025,6040,Time Deposit,772792779,2026-05-02,JKT02,ACTIVE
2026,3992,Savings,9297021,2027-10-23,MDN01,ACTIVE
2027,181,Savings,104512042,2026-05-17,JKT02,ACTIVE
2028,298,Time Deposit,1521185225,2026-05-16,YGY01,ACTIVE
2029,5988,Savings,33768355,2027-01-23,SBY01,ACTIVE
2030,6180,Savings,25934532,2027-06-01,JKT01,ACTIVE
2031,9357,Savings,35619008,2026-09-22,JKT01,ACTIVE
2032,6346,Savings,5627895,2027-11-21,SMG01,ACTIVE
2033,77,Time Deposit,1540059015,2027-03-16,BDG01,ACTIVE
2034,2271,Time Deposit,475838921,2026-05-27,SBY01,ACTIVE
2035,7126,Savings,13639291,2026-06-23,JKT01,ACTIVE
2036,3132,Time Deposit,764448478,2026-05-31,SBY01,ACTIVE
2037,2433,Time Deposit,313065422,2026-05-08,YGY01,ACTIVE
2038,7315,Savings,73033737,2028-02-17,JKT02,ACTIVE
2039,292,Savings,72432987,2027-12-06,YGY01,ACTIVE
2040,9369,Time Deposit,434564485,2026-03-31,SBY01,ACTIVE
2041,3104,Time Deposit,372996552,2027-01-15,MDN01,ACTIVE
2042,6820,Savings,11375718,2027-11-12,JKT01,ACTIVE
2043,2209,Savings,62429554,2027-09-26,BDG01,ACTIVE
2044,4843,Savings,126843418,2027-12-08,BDG01,ACTIVE
2045,8746,Savings,3267992,2027-11-01,BDG01,ACTIVE
2046,1016,Savings,15061482,2027-04-19,JKT01,ACTIVE
2047,932,Savings,114166938,2028-02-07,JKT01,ACTIVE
2048,2679,Savings,41727944,2026-05-03,JKT02,ACTIVE
2049,5795,Time Deposit,1558055466,2026-10-06,YGY01,ACTIVE
2050,8433,Savings,24781302,2027-02-06,SBY01,ACTIVE
2051,8610,Savings,9435012,2026-07-24,SMG01,ACTIVE
2052,1053,Savings,21923298,2026-09-05,JKT02,ACTIVE
2053,1691,Savings,43364790,2026-07-31,SMG01,ACTIVE
2054,5270,Time Deposit,83540682,2026-04-08,YGY01,ACTIVE
2055,5961,Time Deposit,583271083,2026-04-16,SBY01,ACTIVE
2056,9680,Savings,44248882,2027-11-28,JKT02,ACTIVE
2057,3917,Time Deposit,964568396,2026-09-28,YGY01,ACTIVE
2058,212,Savings,86529966,2028-02-07,JKT02,ACTIVE
2059,6638,Time Deposit,1566082367,2027-02-15,BDG01,ACTIVE
2060,9915,Savings,24717235,2027-04-04,SBY01,ACTIVE
2061,5424,Savings,23306525,2028-01-29,SBY01,ACTIVE
2062,7863,Savings,62248544,2026-04-18,BDG01,ACTIVE
2063,8464,Time Deposit,875492840,2026-05-11,JKT01,ACTIVE
2064,8297,Savings,24707848,2026-12-03,BDG01,ACTIVE
2065,4921,Time Deposit,500196283,2026-08-27,YGY01,ACTIVE
2066,1429,Time Deposit,678478222,2026-11-26,JKT01,ACTIVE
2067,6881,Savings,16806100,2027-02-11,BDG01,ACTIVE
2068,2164,Time Deposit,313141946,2026-10-05,BDG01,ACTIVE
2069,156,Savings,5738892,2026-09-10,MDN01,ACTIVE
2070,6192,Savings,16473847,2027-12-02,BDG01,ACTIVE
2071,3056,Savings,13362110,2026-12-31,JKT02,ACTIVE
2072,8130,Savings,21773523,2026-11-09,SBY01,ACTIVE
2073,6309,Savings,73978284,2026-05-10,SMG01,ACTIVE
2074,5252,Savings,38675038,2028-02-04,SMG01,ACTIVE
2075,1170,Savings,24376332,2027-07-11,JKT01,ACTIVE
2076,1506,Savings,2630797,2027-02-11,JKT01,ACTIVE
2077,4961,Time Deposit,283027641,2026-06-27,BDG01,ACTIVE
2078,1697,Savings,37150404,2028-02-20,MDN01,ACTIVE
2079,810,Savings,52325896,2027-06-20,JKT02,ACTIVE
2080,9938,Time Deposit,1566091558,2026-09-24,BDG01,ACTIVE
2081,9257,Savings,12068097,2026-05-17,JKT01,ACTIVE
2082,3902,Time Deposit,361099468,2026-04-18,BDG01,ACTIVE
2083,7731,Savings,9523082,2026-08-09,SBY01,ACTIVE
2084,1874,Savings,28092909,2027-12-31,MDN01,ACTIVE
2085,4082,Time Deposit,528629649,2027-01-03,JKT02,ACTIVE
2086,8025,Savings,135898424,2027-04-12,SBY01,ACTIVE
2087,9516,Savings,6182655,2027-05-11,BDG01,ACTIVE
2088,3884,Time Deposit,1423563777,2026-12-01,SBY01,ACTIVE
2089,2588,Savings,14461023,2026-10-05,BDG01,ACTIVE
2090,8991,Time Deposit,1600811238,2026-04-29,MDN01,ACTIVE
2091,6822,Time Deposit,1215542200,2026-09-03,JKT02,ACTIVE
2092,7955,Time Deposit,1068474834,2027-01-14,JKT02,ACTIVE
2093,3572,Time Deposit,1507133032,2027-01-21,JKT02,ACTIVE
2094,5191,Savings,27308688,2027-04-02,MDN01,ACTIVE
2095,3358,Time Deposit,254953194,2026-12-26,MDN01,ACTIVE
2096,8591,Savings,13858384,2026-04-26,JKT02,ACTIVE
2097,1849,Time Deposit,688466382,2027-01-02,YGY01,ACTIVE
2098,4112,Time Deposit,187942220,2026-06-01,YGY01,ACTIVE
2099,8401,Time Deposit,584681129,2026-09-25,JKT02,ACTIVE
2100,5350,Savings,22166037,2026-05-28,YGY01,ACTIVE
2101,8616,Savings,216490737,2027-08-28,JKT02,ACTIVE
2102,8904,Savings,20014744,2026-06-08,JKT02,ACTIVE
2103,5649,Savings,13002120,2027-06-30,MDN01,ACTIVE
2104,4786,Time Deposit,1089328782,2026-05-03,SMG01,ACTIVE
2105,8659,Savings,3768327,2026-04-28,YGY01,ACTIVE
2106,4939,Savings,17412715,2027-12-22,BDG01,ACTIVE
2107,9777,Savings,36814591,2027-02-22,BDG01,ACTIVE
2108,9361,Savings,174019882,2027-12-11,JKT01,ACTIVE
2109,8905,Savings,17304615,2027-07-03,SBY01,ACTIVE
2110,2061,Time Deposit,404019985,2027-02-18,BDG01,ACTIVE
2111,7478,Savings,110791586,2027-12-28,BDG01,ACTIVE
2112,6014,Savings,28750192,2027-05-06,JKT02,ACTIVE
2113,7392,Savings,145569501,2026-11-24,JKT02,ACTIVE
2114,9622,Time Deposit,556952913,2026-04-21,JKT02,ACTIVE
2115,6785,Time Deposit,261391346,2027-03-07,JKT01,ACTIVE
2116,3272,Savings,38539515,2026-08-04,BDG01,ACTIVE
2117,628,Savings,10184661,2027-07-18,SBY01,ACTIVE
2118,5230,Time Deposit,606683105,2027-01-20,YGY01,ACTIVE
2119,5113,Savings,141808126,2026-07-11,MDN01,ACTIVE
2120,6350,Savings,38506976,2028-01-17,JKT01,ACTIVE
2121,5848,Savings,10064261,2028-03-12,BDG01,ACTIVE
2122,1855,Savings,27835417,2027-07-11,BDG01,ACTIVE
2123,7311,Savings,11643672,2026-05-31,JKT01,ACTIVE
2124,2163,Savings,236565508,2026-10-29,BDG01,ACTIVE
2125,753,Savings,24720982,2026-08-15,YGY01,ACTIVE
2126,4398,Savings,16111159,2026-06-20,JKT01,ACTIVE
2127,7427,Savings,15189570,2026-10-06,JKT01,ACTIVE
2128,4478,Savings,19930218,2026-12-05,MDN01,ACTIVE
2129,3451,Savings,78618626,2027-03-12,BDG01,ACTIVE
2130,7947,Savings,37595464,2026-10-30,JKT01,ACTIVE
2131,6543,Time Deposit,1003318753,2026-09-14,SMG01,ACTIVE
2132,1757,Savings,107800415,2026-05-04,JKT01,ACTIVE
2133,5499,Savings,35184501,2027-01-14,JKT02,ACTIVE
2134,5529,Savings,85668310,2028-02-27,BDG01,ACTIVE
2135,4777,Savings,35321700,2027-06-03,BDG01,ACTIVE
2136,9020,Savings,19633068,2026-06-02,MDN01,ACTIVE
2137,7936,Savings,46273411,2028-03-15,SMG01,ACTIVE
2138,378,Time Deposit,314205464,2026-08-23,SBY01,ACTIVE
2139,8074,Savings,115208913,2026-10-06,SBY01,ACTIVE
2140,656,Savings,65173065,2026-05-19,YGY01,ACTIVE
2141,5495,Savings,30619200,2026-11-07,JKT01,ACTIVE
2142,2615,Savings,7427809,2026-07-11,JKT02,ACTIVE
2143,4544,Savings,9179337,2026-11-07,SMG01,ACTIVE
2144,7472,Savings,14015992,2028-02-09,JKT02,ACTIVE
2145,36,Time Deposit,406511175,2026-07-26,BDG01,ACTIVE
2146,5700,Savings,15759795,2027-08-29,SBY01,ACTIVE
2147,2542,Savings,17991616,2027-11-10,MDN01,ACTIVE
2148,9730,Time Deposit,514508388,2026-07-28,MDN01,ACTIVE
2149,4788,Savings,142427948,2028-01-25,SBY01,ACTIVE
2150,8111,Time Deposit,288310047,2026-05-08,BDG01,ACTIVE
2151,3465,Savings,55898328,2027-04-23,MDN01,ACTIVE
2152,5080,Savings,94317735,2026-07-14,JKT02,ACTIVE
2153,3998,Savings,5758855,2026-12-15,JKT02,ACTIVE
2154,5078,Savings,26824714,2027-09-30,SBY01,ACTIVE
2155,4057,Savings,18480310,2027-12-18,JKT01,ACTIVE
2156,4758,Savings,25387149,2026-12-27,SMG01,ACTIVE
2157,5133,Savings,25543414,2026-12-25,SMG01,ACTIVE
2158,889,Time Deposit,471590650,2026-12-27,SMG01,ACTIVE
2159,6712,Savings,131400713,2027-12-22,MDN01,ACTIVE
2160,5446,Time Deposit,1061653318,2026-04-29,YGY01,ACTIVE
2161,5597,Savings,41154234,2026-10-20,YGY01,ACTIVE
2162,4509,Time Deposit,174777968,2026-11-03,SMG01,ACTIVE
2163,3494,Savings,34078308,2027-06-20,SMG01,ACTIVE
2164,5211,Savings,204641482,2026-10-10,JKT01,ACTIVE
2165,4413,Time Deposit,832108157,2026-10-29,JKT01,ACTIVE
2166,8605,Savings,16628717,2028-03-03,YGY01,ACTIVE
2167,7896,Time Deposit,245227459,2026-04-26,YGY01,ACTIVE
2168,6976,Time Deposit,351829085,2027-03-13,SMG01,ACTIVE
2169,2797,Time Deposit,1898853931,2026-08-19,MDN01,ACTIVE
2170,9835,Time Deposit,429883837,2026-03-31,BDG01,ACTIVE
2171,2956,Savings,44492927,2026-09-24,JKT01,ACTIVE
2172,9873,Savings,16278550,2027-01-31,SMG01,ACTIVE
2173,4493,Savings,15784229,2026-11-20,YGY01,ACTIVE
2174,4516,Time Deposit,1049623004,2026-05-05,SBY01,ACTIVE
2175,9263,Time Deposit,194859718,2026-11-17,SBY01,ACTIVE
2176,9678,Savings,16167901,2026-10-24,SMG01,ACTIVE
2177,8772,Savings,23459827,2026-12-16,SBY01,ACTIVE
2178,5607,Time Deposit,222292375,2026-10-01,YGY01,ACTIVE
2179,4784,Savings,16077352,2027-10-28,BDG01,ACTIVE
2180,6463,Time Deposit,341721557,2026-08-02,MDN01,ACTIVE
2181,2459,Time Deposit,853546313,2026-10-30,YGY01,ACTIVE
2182,863,Time Deposit,265709763,2026-07-22,BDG01,ACTIVE
2183,4856,Time Deposit,987228209,2026-12-24,BDG01,ACTIVE
2184,5657,Time Deposit,424092875,2026-09-20,SMG01,ACTIVE
2185,2323,Savings,103741921,2027-09-22,MDN01,ACTIVE
2186,1910,Savings,117285822,2027-11-15,JKT02,ACTIVE
2187,1893,Time Deposit,1150537479,2026-04-19,BDG01,ACTIVE
2188,1306,Savings,2384506,2027-04-09,YGY01,ACTIVE
2189,8485,Time Deposit,443863619,2026-05-31,SBY01,ACTIVE
2190,8136,Savings,13839501,2027-12-07,SMG01,ACTIVE
2191,5510,Savings,15648996,2026-08-04,MDN01,ACTIVE
2192,37,Savings,146450540,2026-11-14,YGY01,ACTIVE
2193,1618,Savings,32724312,2027-09-17,YGY01,ACTIVE
2194,7282,Savings,32163476,2027-01-01,JKT01,ACTIVE
2195,6266,Savings,35446344,2027-10-29,JKT01,ACTIVE
2196,5171,Savings,88263745,2026-08-16,JKT01,ACTIVE
2197,5286,Time Deposit,178141468,2027-01-28,SBY01,ACTIVE
2198,9178,Savings,110886545,2027-09-11,JKT02,ACTIVE
2199,6260,Savings,6942581,2026-08-23,SMG01,ACTIVE
2200,3047,Savings,107467279,2027-04-25,SMG01,ACTIVE
2201,2914,Savings,17152437,2027-06-02,BDG01,ACTIVE
2202,4513,Savings,17915198,2027-09-30,SBY01,ACTIVE
2203,2113,Savings,6605144,2026-04-26,MDN01,ACTIVE
2204,9066,Time Deposit,1284191229,2026-04-01,YGY01,ACTIVE
2205,3420,Savings,87085485,2027-03-03,SBY01,ACTIVE
2206,2094,Time Deposit,1305694134,2026-08-23,JKT01,ACTIVE
2207,512,Savings,157839028,2027-06-30,SBY01,ACTIVE
2208,8292,Savings,103991896,2028-03-05,YGY01,ACTIVE
2209,670,Savings,107271052,2027-07-10,SBY01,ACTIVE
2210,4079,Time Deposit,344245819,2026-08-27,MDN01,ACTIVE
2211,3760,Time Deposit,1221760987,2026-05-16,SMG01,ACTIVE
2212,853,Savings,153829594,2027-05-16,YGY01,ACTIVE
2213,6216,Time Deposit,949941622,2026-10-02,BDG01,ACTIVE
2214,3951,Savings,20519921,2027-01-14,YGY01,ACTIVE
2215,9995,Savings,94798580,2026-12-12,YGY01,ACTIVE
2216,5297,Savings,130745880,2027-12-28,MDN01,ACTIVE
2217,5907,Savings,15714459,2026-06-05,SMG01,ACTIVE
2218,7065,Time Deposit,549316840,2027-03-16,JKT01,ACTIVE
2219,5185,Time Deposit,1009126762,2026-04-18,BDG01,ACTIVE
2220,1078,Time Deposit,366589342,2026-07-23,BDG01,ACTIVE
2221,5313,Savings,24059861,2027-05-19,JKT01,ACTIVE
2222,9078,Time Deposit,895858944,2027-02-07,JKT01,ACTIVE
2223,8671,Savings,27530740,2027-12-27,JKT02,ACTIVE
2224,8803,Savings,25264979,2027-02-10,JKT02,ACTIVE
2225,9437,Savings,9486845,2026-11-03,BDG01,ACTIVE
2226,9935,Time Deposit,827032459,2026-11-11,SMG01,ACTIVE
2227,6127,Savings,38029752,2026-10-21,BDG01,ACTIVE
2228,4035,Time Deposit,669509860,2027-01-10,SBY01,ACTIVE
2229,1311,Savings,15185009,2026-11-15,SBY01,ACTIVE
2230,3495,Time Deposit,864456392,2026-11-12,MDN01,ACTIVE
2231,739,Time Deposit,294313162,2026-04-26,BDG01,ACTIVE
2232,989,Savings,105392181,2027-05-08,SBY01,ACTIVE
2233,6084,Time Deposit,1163836444,2027-02-23,JKT02,ACTIVE
2234,7461,Time Deposit,578932108,2027-02-01,SBY01,ACTIVE
2235,4832,Savings,21629813,2027-08-10,BDG01,ACTIVE
2236,3294,Savings,106663962,2026-08-28,JKT01,ACTIVE
2237,8388,Savings,81191744,2026-05-09,JKT02,ACTIVE
2238,5426,Savings,25261151,2027-02-14,JKT02,ACTIVE
2239,5629,Time Deposit,321810021,2027-01-26,SBY01,ACTIVE
2240,4057,Savings,8307344,2028-03-06,SBY01,ACTIVE
2241,3888,Savings,20166570,2027-06-25,YGY01,ACTIVE
2242,5105,Time Deposit,328150613,2026-04-04,SMG01,ACTIVE
2243,7681,Savings,11200676,2026-07-04,BDG01,ACTIVE
2244,1229,Time Deposit,820021303,2026-04-19,MDN01,ACTIVE
2245,7267,Savings,22348840,2027-01-28,YGY01,ACTIVE
2246,2915,Savings,10063363,2026-06-08,SBY01,ACTIVE
2247,1380,Savings,91235537,2026-09-16,SBY01,ACTIVE
2248,5637,Savings,126307909,2026-12-29,SBY01,ACTIVE
2249,8284,Savings,17929720,2026-06-10,SBY01,ACTIVE
2250,3188,Savings,58545647,2027-12-31,JKT01,ACTIVE
2251,9315,Savings,10015414,2027-07-18,SMG01,ACTIVE
2252,1681,Time Deposit,1510266137,2026-07-25,BDG01,ACTIVE
2253,4158,Time Deposit,461947620,2026-05-28,MDN01,ACTIVE
2254,9040,Time Deposit,1152116354,2026-12-29,SBY01,ACTIVE
2255,4841,Savings,146230276,2027-04-16,JKT01,ACTIVE
2256,1061,Time Deposit,1183437744,2026-07-19,YGY01,ACTIVE
2257,8040,Time Deposit,1826034838,2026-10-18,SBY01,ACTIVE
2258,8388,Time Deposit,1980702530,2026-11-30,MDN01,ACTIVE
2259,7733,Time Deposit,1378041003,2026-08-03,JKT01,ACTIVE
2260,7653,Time Deposit,973675836,2026-12-21,SBY01,ACTIVE
2261,1804,Savings,16859341,2027-10-07,SBY01,ACTIVE
2262,705,Time Deposit,811592653,2027-01-12,SBY01,ACTIVE
2263,2066,Savings,33882103,2026-11-03,JKT02,ACTIVE
2264,7469,Savings,13040165,2028-01-04,SMG01,ACTIVE
2265,4235,Savings,79677839,2027-05-26,BDG01,ACTIVE
2266,8103,Savings,18275586,2026-05-16,YGY01,ACTIVE
2267,3136,Savings,12148810,2026-12-25,YGY01,ACTIVE
2268,2558,Savings,13937691,2026-07-29,JKT02,ACTIVE
2269,1088,Savings,9668373,2027-10-20,MDN01,ACTIVE
2270,313,Savings,68235393,2027-10-10,SMG01,ACTIVE
2271,2490,Savings,18936372,2027-10-12,JKT01,ACTIVE
2272,9170,Time Deposit,448287117,2026-04-09,BDG01,ACTIVE
2273,2453,Savings,32292571,2028-01-23,BDG01,ACTIVE
2274,4017,Savings,16247690,2026-05-25,JKT01,ACTIVE
2275,9270,Savings,34445159,2026-10-24,JKT01,ACTIVE
2276,7872,Savings,163721608,2026-04-29,BDG01,ACTIVE
2277,8931,Savings,87553887,2027-07-26,BDG01,ACTIVE
2278,5186,Savings,75953358,2027-08-01,SBY01,ACTIVE
2279,5218,Time Deposit,509595833,2026-06-28,SBY01,ACTIVE
2280,4519,Time Deposit,1696880204,2027-01-17,MDN01,ACTIVE
2281,8513,Time Deposit,710225633,2026-09-15,SBY01,ACTIVE
2282,9387,Time Deposit,1559171729,2026-04-10,JKT01,ACTIVE
2283,5553,Savings,38499785,2027-05-23,SBY01,ACTIVE
2284,847,Time Deposit,1241502115,2026-06-28,SMG01,ACTIVE
2285,8423,Time Deposit,786373091,2026-04-27,MDN01,ACTIVE
2286,4162,Savings,32159339,2027-10-14,BDG01,ACTIVE
2287,629,Savings,34547039,2027-08-26,JKT02,ACTIVE
2288,6704,Savings,14821308,2026-09-05,JKT02,ACTIVE
2289,2548,Time Deposit,865973987,2026-10-02,BDG01,ACTIVE
2290,4315,Savings,31123707,2026-06-17,JKT02,ACTIVE
2291,7632,Savings,27314270,2027-06-10,SBY01,ACTIVE
2292,6774,Savings,37441159,2026-06-07,JKT01,ACTIVE
2293,8737,Time Deposit,1291993478,2027-02-10,JKT02,ACTIVE
2294,7078,Savings,22056586,2027-02-16,MDN01,ACTIVE
2295,2093,Savings,32045697,2028-01-30,BDG01,ACTIVE
2296,8271,Savings,26368677,2027-06-29,JKT02,ACTIVE
2297,8309,Savings,33643282,2028-02-06,JKT01,ACTIVE
2298,5005,Time Deposit,166928188,2026-08-05,YGY01,ACTIVE
2299,9564,Savings,102545948,2027-07-24,YGY01,ACTIVE
2300,3339,Savings,149882735,2027-01-03,YGY01,ACTIVE
2301,433,Time Deposit,651110577,2026-12-13,YGY01,ACTIVE
2302,7374,Savings,25702950,2027-10-15,JKT02,ACTIVE
2303,6719,Savings,91499119,2027-03-03,YGY01,ACTIVE
2304,2696,Time Deposit,260482984,2026-04-30,SBY01,ACTIVE
2305,6188,Time Deposit,1149663226,2026-05-25,JKT01,ACTIVE
2306,6257,Time Deposit,305337953,2027-01-28,SBY01,ACTIVE
2307,2171,Savings,13713145,2026-04-16,JKT02,ACTIVE
2308,1196,Savings,15100513,2026-12-04,YGY01,ACTIVE
2309,5981,Savings,185612459,2026-08-23,SMG01,ACTIVE
2310,168,Savings,24674364,2026-06-16,SMG01,ACTIVE
2311,9900,Time Deposit,1260598576,2026-07-16,JKT01,ACTIVE
2312,5769,Time Deposit,407615564,2026-11-27,SMG01,ACTIVE
2313,5005,Savings,32966666,2028-03-15,JKT02,ACTIVE
2314,5837,Time Deposit,249507952,2026-08-17,MDN01,ACTIVE
2315,7334,Savings,39673472,2028-01-12,JKT02,ACTIVE
2316,8810,Savings,186081964,2028-03-12,BDG01,ACTIVE
2317,7709,Savings,14202460,2027-05-11,YGY01,ACTIVE
2318,1478,Time Deposit,1105709342,2026-10-07,SBY01,ACTIVE
2319,7977,Time Deposit,934933865,2026-07-21,YGY01,ACTIVE
2320,9841,Savings,78297892,2027-11-30,YGY01,ACTIVE
2321,2895,Savings,122755124,2027-04-09,JKT01,ACTIVE
2322,9701,Savings,40503853,2027-07-14,SMG01,ACTIVE
2323,4425,Time Deposit,601054392,2026-12-27,YGY01,ACTIVE
2324,154,Time Deposit,300727741,2026-07-01,MDN01,ACTIVE
2325,8704,Time Deposit,1102301812,2026-12-21,JKT02,ACTIVE
2326,123,Time Deposit,1054663510,2027-01-12,SBY01,ACTIVE
2327,8155,Time Deposit,628069493,2027-03-14,SMG01,ACTIVE
2328,2931,Time Deposit,1138200551,2026-04-09,YGY01,ACTIVE
2329,4538,Savings,179103548,2026-09-23,MDN01,ACTIVE
2330,3204,Time Deposit,668545267,2026-04-01,JKT02,ACTIVE
2331,9121,Savings,201718324,2028-01-29,SMG01,ACTIVE
2332,4500,Savings,31349764,2026-06-08,YGY01,ACTIVE
2333,5816,Time Deposit,501419464,2026-04-17,SBY01,ACTIVE
2334,3425,Time Deposit,1563237227,2026-04-23,BDG01,ACTIVE
2335,4028,Time Deposit,743498747,2026-11-22,BDG01,ACTIVE
2336,2072,Savings,43346564,2027-01-05,SMG01,ACTIVE
2337,2510,Time Deposit,364451050,2026-06-24,JKT01,ACTIVE
2338,1489,Time Deposit,745288050,2026-08-15,JKT01,ACTIVE
2339,6841,Savings,54089017,2027-08-23,JKT01,ACTIVE
2340,9090,Time Deposit,1285307741,2026-03-31,JKT01,ACTIVE
2341,677,Savings,10299652,2027-05-27,SBY01,ACTIVE
2342,9098,Savings,42382840,2026-06-27,MDN01,ACTIVE
2343,3967,Time Deposit,255844058,2026-06-03,SBY01,ACTIVE
2344,833,Time Deposit,1119660657,2026-10-29,MDN01,ACTIVE
2345,4224,Savings,110626328,2027-08-28,MDN01,ACTIVE
2346,5750,Savings,103746645,2027-06-19,BDG01,ACTIVE
2347,1354,Savings,4316365,2026-12-24,JKT01,ACTIVE
2348,9531,Time Deposit,579941453,2026-07-07,JKT01,ACTIVE
2349,6536,Savings,42544561,2028-01-25,YGY01,ACTIVE
2350,5297,Savings,89662880,2027-11-18,JKT01,ACTIVE
2351,593,Time Deposit,789998856,2026-10-13,SBY01,ACTIVE
2352,7135,Savings,205920504,2027-10-30,SBY01,ACTIVE
2353,247,Savings,20507459,2028-02-23,JKT02,ACTIVE
2354,964,Savings,32060971,2027-02-16,SBY01,ACTIVE
2355,8381,Savings,36152227,2026-08-11,JKT01,ACTIVE
2356,3828,Time Deposit,149504125,2026-11-18,MDN01,ACTIVE
2357,2354,Time Deposit,408829408,2027-02-10,JKT02,ACTIVE
2358,726,Savings,8210015,2026-06-15,SBY01,ACTIVE
2359,1610,Savings,18813690,2027-01-03,SBY01,ACTIVE
2360,6225,Time Deposit,1025210019,2026-04-23,MDN01,ACTIVE
2361,1044,Savings,44209693,2027-04-03,YGY01,ACTIVE
2362,3924,Savings,84338078,2027-06-27,MDN01,ACTIVE
2363,3320,Time Deposit,533948501,2026-10-03,SBY01,ACTIVE
2364,5947,Time Deposit,822475438,2026-07-24,SBY01,ACTIVE
2365,6299,Time Deposit,816541463,2027-01-26,YGY01,ACTIVE
2366,7299,Savings,18358882,2027-12-23,JKT01,ACTIVE
2367,8348,Savings,21414906,2028-01-07,MDN01,ACTIVE
2368,6208,Time Deposit,384534257,2026-12-03,SMG01,ACTIVE
2369,2827,Savings,15770509,2026-09-28,JKT02,ACTIVE
2370,7727,Time Deposit,783249360,2026-07-18,JKT02,ACTIVE
2371,2642,Savings,35165110,2027-10-24,JKT02,ACTIVE
2372,262,Savings,4772850,2026-05-09,JKT02,ACTIVE
2373,3944,Time Deposit,305730450,2026-08-12,SBY01,ACTIVE
2374,3482,Time Deposit,592423719,2026-11-08,YGY01,ACTIVE
2375,2911,Time Deposit,1676198442,2026-07-16,SMG01,ACTIVE
2376,1396,Savings,107488389,2026-09-06,YGY01,ACTIVE
2377,9863,Savings,70788275,2027-04-07,SMG01,ACTIVE
2378,1638,Savings,40908948,2027-05-17,JKT02,ACTIVE
2379,6870,Time Deposit,1036780606,2026-04-27,YGY01,ACTIVE
2380,9456,Time Deposit,602069718,2027-02-20,MDN01,ACTIVE
2381,134,Time Deposit,400835983,2026-11-05,MDN01,ACTIVE
2382,796,Savings,94133621,2026-05-06,BDG01,ACTIVE
2383,3051,Time Deposit,438716002,2026-09-10,MDN01,ACTIVE
2384,8304,Savings,18189116,2026-07-18,JKT01,ACTIVE
2385,1337,Savings,15840833,2026-08-01,JKT01,ACTIVE
2386,5674,Time Deposit,1731425432,2027-03-03,YGY01,ACTIVE
2387,4570,Savings,101912632,2026-12-09,BDG01,ACTIVE
2388,1285,Savings,198941742,2027-08-23,JKT02,ACTIVE
2389,8293,Savings,6661886,2027-07-21,YGY01,ACTIVE
2390,72,Savings,44083360,2028-02-04,SBY01,ACTIVE
2391,2745,Time Deposit,1414369913,2026-05-21,BDG01,ACTIVE
2392,4764,Savings,85026022,2027-02-27,SBY01,ACTIVE
2393,5532,Savings,23282239,2027-02-07,JKT02,ACTIVE
2394,3438,Savings,16996143,2027-05-08,SMG01,ACTIVE
2395,5847,Savings,65374441,2027-08-21,YGY01,ACTIVE
2396,7558,Time Deposit,616114261,2026-05-15,SBY01,ACTIVE
2397,6280,Savings,75661476,2026-09-26,MDN01,ACTIVE
2398,6530,Savings,27408273,2026-05-15,JKT01,ACTIVE
2399,2648,Savings,34782133,2027-04-11,MDN01,ACTIVE
2400,6484,Savings,16866860,2028-02-05,YGY01,ACTIVE
2401,771,Time Deposit,1312348101,2027-02-11,SMG01,ACTIVE
2402,9456,Time Deposit,661187640,2026-07-22,JKT02,ACTIVE
2403,2222,Savings,18311226,2027-08-31,JKT02,ACTIVE
2404,3377,Savings,6762649,2026-07-17,BDG01,ACTIVE
2405,6407,Time Deposit,1101899697,2026-09-23,MDN01,ACTIVE
2406,6866,Time Deposit,244690138,2026-12-14,YGY01,ACTIVE
2407,2917,Savings,37800638,2028-03-14,YGY01,ACTIVE
2408,5815,Time Deposit,945738256,2026-04-08,SBY01,ACTIVE
2409,1845,Time Deposit,1000260330,2026-09-11,MDN01,ACTIVE
2410,6983,Savings,5860469,2026-10-29,JKT01,ACTIVE
2411,9696,Savings,6056819,2026-07-09,MDN01,ACTIVE
2412,5267,Savings,10402882,2027-11-17,JKT02,ACTIVE
2413,4092,Savings,115293025,2027-10-01,SBY01,ACTIVE
2414,4455,Savings,28185744,2026-12-25,BDG01,ACTIVE
2415,4914,Savings,142898309,2026-07-20,MDN01,ACTIVE
2416,4266,Savings,7450053,2027-10-16,SBY01,ACTIVE
2417,7478,Savings,128763832,2027-02-01,SBY01,ACTIVE
2418,3021,Savings,10427731,2027-05-20,SMG01,ACTIVE
2419,2346,Savings,18167887,2027-12-24,MDN01,ACTIVE
2420,9493,Savings,32770071,2026-07-30,SBY01,ACTIVE
2421,6738,Time Deposit,1085717533,2027-01-09,BDG01,ACTIVE
2422,3495,Savings,9250755,2026-09-05,SBY01,ACTIVE
2423,4805,Savings,23766183,2026-10-23,BDG01,ACTIVE
2424,5259,Savings,28701022,2027-11-09,SBY01,ACTIVE
2425,3952,Savings,81458302,2027-01-02,YGY01,ACTIVE
2426,1040,Savings,178571856,2026-12-29,BDG01,ACTIVE
2427,9195,Time Deposit,837926535,2026-07-02,YGY01,ACTIVE
2428,7711,Savings,172801944,2027-05-30,SMG01,ACTIVE
2429,7993,Time Deposit,299931757,2027-01-28,JKT02,ACTIVE
2430,666,Savings,106183446,2026-12-24,BDG01,ACTIVE
2431,6897,Savings,53926023,2027-03-16,BDG01,ACTIVE
2432,6443,Savings,22931790,2027-03-15,JKT01,ACTIVE
2433,6271,Savings,34961437,2027-01-06,MDN01,ACTIVE
2434,3334,Savings,5381963,2027-06-14,SBY01,ACTIVE
2435,3132,Time Deposit,793146513,2026-07-24,SMG01,ACTIVE
2436,6685,Savings,105485865,2026-06-01,SBY01,ACTIVE
2437,5404,Savings,92030586,2027-02-02,SMG01,ACTIVE
2438,1759,Time Deposit,597464696,2026-08-09,BDG01,ACTIVE
2439,1267,Time Deposit,1367599233,2027-01-02,SMG01,ACTIVE
2440,1195,Time Deposit,500549681,2026-10-03,YGY01,ACTIVE
2441,2478,Savings,16397597,2027-04-11,BDG01,ACTIVE
2442,4092,Time Deposit,520074553,2027-02-24,YGY01,ACTIVE
2443,5805,Savings,23963123,2027-02-08,MDN01,ACTIVE
2444,7776,Time Deposit,1062573195,2027-03-04,MDN01,ACTIVE
2445,8875,Time Deposit,848272944,2026-12-15,YGY01,ACTIVE
2446,6545,Time Deposit,809407431,2026-08-06,BDG01,ACTIVE
2447,5631,Time Deposit,256627623,2026-05-20,JKT02,ACTIVE
2448,4623,Savings,35094290,2027-08-29,MDN01,ACTIVE
2449,1049,Savings,61272942,2027-03-27,JKT02,ACTIVE
2450,8289,Savings,31911516,2026-07-22,MDN01,ACTIVE
2451,4538,Savings,121489301,2026-12-29,JKT01,ACTIVE
2452,9120,Savings,10211889,2027-10-17,SMG01,ACTIVE
2453,7356,Savings,131645424,2027-06-01,BDG01,ACTIVE
2454,8293,Savings,28485698,2027-03-14,SMG01,ACTIVE
2455,7514,Savings,25531421,2026-12-21,SBY01,ACTIVE
2456,4229,Savings,31291640,2028-01-30,BDG01,ACTIVE
2457,5587,Time Deposit,1016497062,2026-06-25,JKT02,ACTIVE
2458,5541,Savings,44689734,2027-06-12,JKT01,ACTIVE
2459,9876,Time Deposit,861698643,2027-01-03,JKT01,ACTIVE
2460,6711,Savings,19509578,2027-10-31,SMG01,ACTIVE
2461,139,Time Deposit,158397221,2026-09-17,JKT02,ACTIVE
2462,4593,Savings,42601919,2027-10-03,MDN01,ACTIVE
2463,4828,Savings,147155877,2028-01-17,JKT02,ACTIVE
2464,517,Time Deposit,364823665,2026-11-18,JKT01,ACTIVE
2465,612,Time Deposit,150484673,2026-11-03,SMG01,ACTIVE
2466,7403,Time Deposit,232507822,2027-01-27,SBY01,ACTIVE
2467,3802,Savings,9590384,2027-04-25,BDG01,ACTIVE
2468,694,Time Deposit,526020887,2027-01-21,SMG01,ACTIVE
2469,595,Savings,157794636,2026-08-22,SBY01,ACTIVE
2470,7359,Time Deposit,345990759,2027-01-29,BDG01,ACTIVE
2471,8503,Time Deposit,1170895302,2026-10-26,JKT02,ACTIVE
2472,3330,Time Deposit,724303174,2027-01-23,JKT02,ACTIVE
2473,7057,Savings,54376698,2028-01-27,YGY01,ACTIVE
2474,5453,Time Deposit,761306893,2026-09-12,BDG01,ACTIVE
2475,6110,Savings,61993029,2026-12-06,JKT02,ACTIVE
2476,3609,Time Deposit,995484991,2026-11-19,YGY01,ACTIVE
2477,9652,Time Deposit,1155398902,2026-08-12,SBY01,ACTIVE
2478,6570,Time Deposit,834161970,2026-05-19,SBY01,ACTIVE
2479,821,Time Deposit,847012077,2027-01-09,SBY01,ACTIVE
2480,3669,Savings,23298702,2027-12-07,SBY01,ACTIVE
2481,871,Time Deposit,637925117,2026-04-29,YGY01,ACTIVE
2482,8763,Time Deposit,1636278330,2026-08-30,JKT01,ACTIVE
2483,4306,Time Deposit,1129016154,2026-06-19,MDN01,ACTIVE
2484,423,Time Deposit,1332035987,2026-12-16,SMG01,ACTIVE
2485,6842,Savings,12299648,2027-01-09,SMG01,ACTIVE
2486,816,Savings,98425035,2026-08-16,SBY01,ACTIVE
2487,6278,Time Deposit,833993489,2026-12-20,BDG01,ACTIVE
2488,5406,Time Deposit,1083131004,2026-04-21,YGY01,ACTIVE
2489,440,Time Deposit,512188996,2027-01-07,YGY01,ACTIVE
2490,5212,Savings,27210475,2026-05-07,SBY01,ACTIVE
2491,6590,Time Deposit,1408776035,2027-01-10,MDN01,ACTIVE
2492,6640,Savings,30308509,2026-07-06,SMG01,ACTIVE
2493,9034,Savings,73546604,2028-02-17,MDN01,ACTIVE
2494,9942,Savings,25176641,2028-02-17,SMG01,ACTIVE
2495,1287,Savings,166695679,2027-05-02,YGY01,ACTIVE
2496,6386,Savings,25840468,2027-10-27,BDG01,ACTIVE
2497,4265,Savings,3418442,2026-07-30,BDG01,ACTIVE
2498,6971,Savings,8504781,2026-11-17,SBY01,ACTIVE
2499,8581,Savings,10087297,2028-01-10,MDN01,ACTIVE
2500,9811,Savings,109167691,2026-05-23,JKT01,ACTIVE
2501,1356,Time Deposit,551339973,2026-04-20,SBY01,ACTIVE
2502,8962,Savings,8828816,2027-01-15,YGY01,ACTIVE
2503,4272,Savings,14569752,2027-08-12,MDN01,ACTIVE
2504,4884,Savings,84266185,2027-08-18,SBY01,ACTIVE
2505,2891,Savings,207357249,2026-06-09,MDN01,ACTIVE
2506,5362,Savings,26342622,2027-10-16,SMG01,ACTIVE
2507,295,Time Deposit,1463681002,2027-03-11,JKT01,ACTIVE
2508,372,Time Deposit,911309621,2026-08-14,MDN01,ACTIVE
2509,4640,Time Deposit,697148076,2026-12-14,JKT01,ACTIVE
2510,8211,Time Deposit,582178034,2027-03-13,JKT02,ACTIVE
2511,1566,Savings,29281207,2027-11-13,SBY01,ACTIVE
2512,8768,Savings,32222324,2027-07-02,SMG01,ACTIVE
2513,7761,Time Deposit,994884141,2026-12-01,SBY01,ACTIVE
2514,3455,Savings,147737828,2027-04-05,JKT02,ACTIVE
2515,3328,Savings,38697389,2027-05-13,SMG01,ACTIVE
2516,3616,Savings,16464189,2027-05-13,BDG01,ACTIVE
2517,9859,Time Deposit,1016977390,2027-03-02,SBY01,ACTIVE
2518,3109,Time Deposit,964386073,2026-07-23,JKT01,ACTIVE
2519,518,Savings,14371461,2027-06-03,MDN01,ACTIVE
2520,2648,Time Deposit,248903171,2026-11-13,SMG01,ACTIVE
2521,5143,Savings,35266973,2028-01-16,SMG01,ACTIVE
2522,2866,Savings,12607800,2026-08-14,MDN01,ACTIVE
2523,7017,Savings,89471138,2027-05-14,JKT02,ACTIVE
2524,7673,Time Deposit,920535981,2026-09-18,MDN01,ACTIVE
2525,1057,Savings,7786866,2027-05-23,MDN01,ACTIVE
2526,1215,Savings,16895823,2027-04-22,MDN01,ACTIVE
2527,6188,Savings,83243782,2026-10-14,SMG01,ACTIVE
2528,5293,Savings,10178736,2028-02-07,JKT02,ACTIVE
2529,2891,Time Deposit,1114335326,2026-11-22,MDN01,ACTIVE
2530,880,Savings,33479625,2027-05-06,SBY01,ACTIVE
2531,6997,Time Deposit,1653009157,2026-07-08,SBY01,ACTIVE
2532,520,Savings,129795412,2026-04-17,YGY01,ACTIVE
2533,5954,Savings,9274384,2026-07-25,BDG01,ACTIVE
2534,2219,Savings,155950743,2027-08-09,BDG01,ACTIVE
2535,9986,Savings,23284768,2027-08-19,SBY01,ACTIVE
2536,6997,Time Deposit,1078038261,2026-12-14,SBY01,ACTIVE
2537,820,Savings,7323803,2027-10-06,MDN01,ACTIVE
2538,4843,Time Deposit,802793664,2026-09-08,SMG01,ACTIVE
2539,6759,Savings,10131987,2028-01-08,SBY01,ACTIVE
2540,6366,Savings,6449652,2027-07-16,YGY01,ACTIVE
2541,5672,Savings,29621737,2027-03-09,JKT02,ACTIVE
2542,6653,Savings,16281240,2027-04-29,BDG01,ACTIVE
2543,6995,Time Deposit,443576263,2027-02-15,YGY01,ACTIVE
2544,5363,Time Deposit,766526456,2027-02-12,BDG01,ACTIVE
2545,5421,Time Deposit,356876671,2027-01-18,BDG01,ACTIVE
2546,3759,Time Deposit,511282149,2026-06-26,SBY01,ACTIVE
2547,5203,Savings,18570007,2026-12-18,SBY01,ACTIVE
2548,8681,Savings,114266116,2026-12-18,BDG01,ACTIVE
2549,5833,Savings,67307474,2026-12-12,YGY01,ACTIVE
2550,7464,Savings,56155149,2026-10-08,JKT02,ACTIVE
2551,1759,Savings,19210564,2026-10-17,BDG01,ACTIVE
2552,3486,Time Deposit,161919888,2026-05-22,YGY01,ACTIVE
2553,3853,Savings,25729172,2027-01-16,YGY01,ACTIVE
2554,2066,Savings,73976191,2027-12-17,JKT02,ACTIVE
2555,5189,Savings,26484924,2026-06-10,JKT02,ACTIVE
2556,2042,Time Deposit,1136915517,2026-04-17,JKT02,ACTIVE
2557,5295,Savings,41402931,2026-04-17,YGY01,ACTIVE
2558,6330,Savings,11212573,2027-02-12,BDG01,ACTIVE
2559,2068,Savings,16141953,2026-10-17,MDN01,ACTIVE
2560,9998,Time Deposit,319663968,2026-07-15,JKT02,ACTIVE
2561,7264,Savings,6706304,2027-06-02,MDN01,ACTIVE
2562,1783,Time Deposit,1173064893,2026-12-09,JKT01,ACTIVE
2563,8132,Savings,23069330,2026-07-14,BDG01,ACTIVE
2564,6800,Time Deposit,243542750,2026-09-26,YGY01,ACTIVE
2565,8734,Savings,23794213,2028-02-28,SBY01,ACTIVE
2566,9224,Savings,11999295,2028-02-18,BDG01,ACTIVE
2567,5405,Savings,5756000,2026-09-07,YGY01,ACTIVE
2568,7241,Savings,36533861,2027-08-09,JKT02,ACTIVE
2569,8784,Savings,185476805,2027-04-18,YGY01,ACTIVE
2570,8150,Savings,71953862,2026-07-02,JKT01,ACTIVE
2571,9934,Time Deposit,226952751,2026-10-04,MDN01,ACTIVE
2572,5356,Time Deposit,964676927,2027-02-18,JKT02,ACTIVE
2573,1953,Savings,18439849,2027-05-03,SBY01,ACTIVE
2574,5653,Time Deposit,926149718,2026-07-24,JKT02,ACTIVE
2575,3352,Time Deposit,896699461,2026-12-16,BDG01,ACTIVE
2576,5920,Savings,28774295,2027-11-05,BDG01,ACTIVE
2577,8840,Savings,29136270,2027-02-13,SMG01,ACTIVE
2578,7916,Time Deposit,392386147,2026-09-23,MDN01,ACTIVE
2579,3609,Time Deposit,687861233,2026-07-12,SMG01,ACTIVE
2580,37,Time Deposit,1264799207,2026-06-03,SBY01,ACTIVE
2581,6314,Savings,63531938,2026-04-25,BDG01,ACTIVE
2582,2514,Time Deposit,866763924,2026-05-22,SBY01,ACTIVE
2583,8085,Savings,16062611,2027-05-21,BDG01,ACTIVE
2584,7833,Savings,28553434,2028-01-24,MDN01,ACTIVE
2585,392,Savings,19807592,2027-05-26,YGY01,ACTIVE
2586,5928,Time Deposit,568498259,2026-06-07,JKT02,ACTIVE
2587,2010,Savings,38441389,2026-12-16,JKT01,ACTIVE
2588,611,Savings,45074476,2026-07-31,YGY01,ACTIVE
2589,374,Savings,120563660,2026-07-27,MDN01,ACTIVE
2590,8489,Savings,33905365,2027-12-11,JKT01,ACTIVE
2591,7640,Time Deposit,275143776,2026-09-01,MDN01,ACTIVE
2592,1471,Savings,32089729,2027-10-27,SBY01,ACTIVE
2593,1087,Time Deposit,697825985,2027-01-08,SBY01,ACTIVE
2594,6812,Time Deposit,1301514368,2026-08-16,JKT01,ACTIVE
2595,7174,Savings,36549089,2027-03-18,BDG01,ACTIVE
2596,1364,Savings,57050929,2026-10-06,BDG01,ACTIVE
2597,2386,Savings,141131771,2026-06-11,JKT01,ACTIVE
2598,272,Savings,17095241,2027-12-24,JKT02,ACTIVE
2599,5488,Time Deposit,416553281,2026-07-29,BDG01,ACTIVE
2600,611,Time Deposit,979561730,2026-05-19,MDN01,ACTIVE
2601,9318,Savings,28263113,2027-12-24,BDG01,ACTIVE
2602,9722,Savings,39244670,2027-06-09,JKT02,ACTIVE
2603,5902,Time Deposit,1213894173,2026-08-18,SBY01,ACTIVE
2604,7374,Time Deposit,272562469,2026-12-31,YGY01,ACTIVE
2605,9653,Time Deposit,1482108076,2026-11-20,SMG01,ACTIVE
2606,9338,Savings,6520834,2027-01-21,JKT01,ACTIVE
2607,5558,Savings,47679531,2027-12-17,JKT01,ACTIVE
2608,3939,Time Deposit,724026271,2026-04-28,JKT02,ACTIVE
2609,4890,Savings,25514245,2027-03-23,SBY01,ACTIVE
2610,4738,Savings,16324159,2027-08-29,MDN01,ACTIVE
2611,9323,Time Deposit,349713411,2027-01-25,JKT02,ACTIVE
2612,2921,Time Deposit,504385758,2027-01-17,SBY01,ACTIVE
2613,7103,Time Deposit,227894114,2026-07-02,MDN01,ACTIVE
2614,3013,Time Deposit,208827769,2026-08-21,SBY01,ACTIVE
2615,1657,Savings,30336782,2026-09-26,SMG01,ACTIVE
2616,8551,Savings,146441640,2026-07-08,JKT02,ACTIVE
2617,5042,Time Deposit,645010039,2026-06-22,JKT02,ACTIVE
2618,3390,Time Deposit,880674287,2026-12-04,MDN01,ACTIVE
2619,275,Savings,25969778,2026-05-28,MDN01,ACTIVE
2620,6894,Time Deposit,279428775,2026-06-26,BDG01,ACTIVE
2621,3395,Savings,124565146,2026-09-20,BDG01,ACTIVE
2622,8124,Savings,63666666,2027-10-01,MDN01,ACTIVE
2623,8258,Savings,21147838,2026-12-03,YGY01,ACTIVE
2624,6998,Savings,36080527,2026-09-22,MDN01,ACTIVE
2625,9645,Time Deposit,672306933,2026-11-21,BDG01,ACTIVE
2626,1133,Time Deposit,1464465705,2027-01-08,YGY01,ACTIVE
2627,8142,Time Deposit,892236824,2026-07-15,MDN01,ACTIVE
2628,5269,Savings,96452173,2027-04-23,YGY01,ACTIVE
2629,6256,Time Deposit,823656877,2027-02-06,JKT01,ACTIVE
2630,3415,Time Deposit,441668178,2026-08-15,BDG01,ACTIVE
2631,5642,Savings,91474696,2027-09-17,MDN01,ACTIVE
2632,9912,Savings,90195985,2026-08-25,JKT02,ACTIVE
2633,1811,Time Deposit,664912665,2026-04-02,SBY01,ACTIVE
2634,51,Savings,35215669,2027-11-06,SBY01,ACTIVE
2635,6049,Savings,168212802,2027-05-23,MDN01,ACTIVE
2636,4597,Savings,23074336,2027-04-08,JKT02,ACTIVE
2637,7460,Savings,53508553,2027-04-25,MDN01,ACTIVE
2638,3829,Savings,20500128,2027-05-10,SMG01,ACTIVE
2639,1364,Time Deposit,536270351,2027-03-04,JKT01,ACTIVE
2640,7486,Savings,59996015,2028-03-14,BDG01,ACTIVE
2641,8042,Savings,26027289,2028-01-15,JKT01,ACTIVE
2642,7970,Savings,6233171,2027-04-26,BDG01,ACTIVE
2643,7412,Savings,37474709,2026-06-27,JKT02,ACTIVE
2644,4250,Savings,16309149,2028-02-04,SMG01,ACTIVE
2645,264,Time Deposit,1064128686,2026-08-13,JKT01,ACTIVE
2646,7413,Savings,13018188,2026-05-21,JKT02,ACTIVE
2647,1993,Time Deposit,215951333,2026-08-25,YGY01,ACTIVE
2648,7678,Time Deposit,873524526,2026-06-18,JKT01,ACTIVE
2649,4323,Savings,68291535,2026-12-01,JKT02,ACTIVE
2650,9778,Savings,12825631,2026-11-26,BDG01,ACTIVE
2651,8699,Savings,36403679,2026-11-13,SBY01,ACTIVE
2652,715,Savings,80685581,2027-01-12,JKT02,ACTIVE
2653,7960,Savings,45315780,2028-03-07,YGY01,ACTIVE
2654,9358,Time Deposit,1156708873,2026-04-15,SMG01,ACTIVE
2655,9135,Time Deposit,727986728,2026-05-09,MDN01,ACTIVE
2656,9876,Savings,93655880,2027-05-31,BDG01,ACTIVE
2657,5882,Savings,20269313,2026-06-17,SBY01,ACTIVE
2658,4408,Savings,15177856,2027-01-28,JKT02,ACTIVE
2659,5106,Savings,33982556,2026-05-22,SBY01,ACTIVE
2660,9825,Savings,17473053,2026-07-05,MDN01,ACTIVE
2661,401,Savings,5020940,2026-08-31,BDG01,ACTIVE
2662,9995,Time Deposit,1015496400,2026-04-04,BDG01,ACTIVE
2663,3935,Savings,39378866,2026-07-31,JKT01,ACTIVE
2664,7412,Savings,67353776,2028-02-12,JKT01,ACTIVE
2665,258,Savings,46549609,2026-06-09,MDN01,ACTIVE
2666,9679,Time Deposit,524026159,2026-07-07,MDN01,ACTIVE
2667,717,Time Deposit,788079675,2027-01-16,JKT02,ACTIVE
2668,9991,Savings,57544261,2026-05-01,MDN01,ACTIVE
2669,9566,Savings,35195453,2026-07-11,JKT02,ACTIVE
2670,736,Savings,24615760,2027-01-21,MDN01,ACTIVE
2671,9665,Savings,30236421,2027-04-29,YGY01,ACTIVE
2672,99,Savings,147788927,2027-09-22,SBY01,ACTIVE
2673,5536,Savings,100152874,2027-06-29,SBY01,ACTIVE
2674,9654,Savings,8145014,2026-08-11,BDG01,ACTIVE
2675,5271,Savings,20757832,2027-06-01,JKT01,ACTIVE
2676,5693,Savings,146192838,2027-07-27,SBY01,ACTIVE
2677,522,Savings,14108667,2026-12-06,SMG01,ACTIVE
2678,3901,Savings,13896117,2026-08-13,JKT01,ACTIVE
2679,9072,Savings,33734669,2027-08-10,YGY01,ACTIVE
2680,962,Savings,41512086,2026-10-29,BDG01,ACTIVE
2681,1123,Savings,23702237,2027-06-20,BDG01,ACTIVE
2682,109,Savings,142224589,2027-09-07,JKT02,ACTIVE
2683,9467,Savings,8319526,2026-05-21,SBY01,ACTIVE
2684,1990,Time Deposit,659228330,2026-04-03,SBY01,ACTIVE
2685,1452,Savings,20161282,2027-02-22,BDG01,ACTIVE
2686,8156,Savings,12976448,2026-05-05,SMG01,ACTIVE
2687,5220,Savings,4899580,2027-12-30,SBY01,ACTIVE
2688,6763,Savings,155157253,2026-12-06,YGY01,ACTIVE
2689,2332,Savings,63389881,2027-12-02,MDN01,ACTIVE
2690,6571,Time Deposit,1334157763,2027-01-27,JKT01,ACTIVE
2691,9439,Time Deposit,419208796,2026-04-30,JKT01,ACTIVE
2692,8129,Savings,18854133,2026-09-30,YGY01,ACTIVE
2693,7206,Time Deposit,1015486284,2026-05-26,YGY01,ACTIVE
2694,5889,Time Deposit,868669888,2027-02-23,JKT02,ACTIVE
2695,5208,Savings,35904410,2026-07-02,BDG01,ACTIVE
2696,7123,Time Deposit,747027336,2026-06-15,YGY01,ACTIVE
2697,3571,Savings,12902725,2027-03-19,YGY01,ACTIVE
2698,438,Savings,34984431,2026-10-09,SBY01,ACTIVE
2699,2418,Time Deposit,352094537,2027-01-29,YGY01,ACTIVE
2700,3956,Savings,83119428,2026-06-18,JKT01,ACTIVE
2701,376,Savings,72167341,2027-11-15,MDN01,ACTIVE
2702,7319,Time Deposit,959829797,2026-08-16,JKT02,ACTIVE
2703,194,Savings,17792277,2028-01-07,SMG01,ACTIVE
2704,2321,Savings,17429963,2026-06-22,JKT01,ACTIVE
2705,4973,Time Deposit,1528525572,2026-08-06,JKT01,ACTIVE
2706,5075,Time Deposit,1135861135,2026-05-12,MDN01,ACTIVE
2707,6971,Time Deposit,225743957,2026-05-19,BDG01,ACTIVE
2708,4574,Savings,120300323,2028-03-02,JKT02,ACTIVE
2709,7927,Savings,168878754,2027-05-16,MDN01,ACTIVE
2710,1640,Savings,168321408,2026-09-16,SMG01,ACTIVE
2711,8132,Savings,25102636,2026-09-05,SBY01,ACTIVE
2712,6463,Time Deposit,146738008,2027-03-15,SMG01,ACTIVE
2713,9161,Savings,21528960,2026-08-06,JKT01,ACTIVE
2714,8523,Savings,12196590,2028-03-04,JKT02,ACTIVE
2715,6262,Time Deposit,357038525,2027-03-01,MDN01,ACTIVE
2716,9457,Savings,35873559,2026-11-22,YGY01,ACTIVE
2717,4137,Time Deposit,509983016,2026-07-14,JKT02,ACTIVE
2718,8177,Savings,42354205,2026-05-30,SBY01,ACTIVE
2719,3927,Savings,239955706,2027-06-27,JKT01,ACTIVE
2720,7933,Savings,3954981,2028-02-05,JKT01,ACTIVE
2721,6507,Savings,195081769,2028-03-10,SMG01,ACTIVE
2722,536,Savings,44450511,2028-01-11,JKT02,ACTIVE
2723,3622,Savings,21670827,2027-09-14,YGY01,ACTIVE
2724,360,Time Deposit,1726985589,2026-11-06,BDG01,ACTIVE
2725,3126,Savings,122087062,2027-02-03,YGY01,ACTIVE
2726,677,Savings,10679747,2026-06-21,SBY01,ACTIVE
2727,486,Savings,9910993,2028-01-25,YGY01,ACTIVE
2728,9520,Savings,5319512,2027-05-28,JKT01,ACTIVE
2729,5831,Time Deposit,394213088,2026-09-05,SMG01,ACTIVE
2730,8784,Savings,110512813,2027-01-09,SMG01,ACTIVE
2731,148,Savings,39663140,2027-07-19,SBY01,ACTIVE
2732,2793,Time Deposit,1212864963,2026-05-30,YGY01,ACTIVE
2733,4821,Savings,94628924,2028-02-27,YGY01,ACTIVE
2734,409,Savings,49650748,2028-02-01,YGY01,ACTIVE
2735,1981,Time Deposit,829125268,2026-11-14,BDG01,ACTIVE
2736,6466,Time Deposit,578401819,2026-06-29,SMG01,ACTIVE
2737,3231,Savings,11602967,2027-11-08,SBY01,ACTIVE
2738,360,Savings,123494259,2026-11-19,SBY01,ACTIVE
2739,4997,Time Deposit,934486684,2026-10-01,SBY01,ACTIVE
2740,4757,Savings,31488781,2027-03-13,JKT01,ACTIVE
2741,8894,Savings,24238182,2027-09-02,BDG01,ACTIVE
2742,2010,Time Deposit,987732332,2026-12-21,JKT01,ACTIVE
2743,1706,Time Deposit,399221314,2026-04-13,JKT02,ACTIVE
2744,4968,Savings,1969619,2026-04-18,JKT02,ACTIVE
2745,6360,Time Deposit,79862732,2026-06-16,YGY01,ACTIVE
2746,2381,Time Deposit,627497353,2026-10-24,JKT01,ACTIVE
2747,5993,Savings,21199544,2027-04-05,SBY01,ACTIVE
2748,7066,Savings,30044574,2026-08-09,SBY01,ACTIVE
2749,4008,Savings,18653836,2027-05-25,BDG01,ACTIVE
2750,3133,Time Deposit,138023555,2026-07-23,YGY01,ACTIVE
2751,5919,Savings,25998750,2027-05-28,MDN01,ACTIVE
2752,752,Time Deposit,592795543,2026-06-25,SBY01,ACTIVE
2753,6919,Time Deposit,316382379,2026-05-23,JKT01,ACTIVE
2754,3416,Time Deposit,1348788962,2026-04-19,JKT02,ACTIVE
2755,7260,Savings,32814695,2027-10-02,MDN01,ACTIVE
2756,3029,Time Deposit,309039916,2026-09-16,SMG01,ACTIVE
2757,1424,Savings,52248042,2027-03-05,SBY01,ACTIVE
2758,5455,Time Deposit,948391532,2027-02-13,SMG01,ACTIVE
2759,8977,Time Deposit,504508820,2026-11-16,BDG01,ACTIVE
2760,3533,Time Deposit,1727048398,2026-12-28,JKT01,ACTIVE
2761,1758,Time Deposit,1049943406,2026-10-27,JKT01,ACTIVE
2762,7867,Savings,34661552,2026-11-30,MDN01,ACTIVE
2763,6779,Savings,11198201,2028-02-03,MDN01,ACTIVE
2764,373,Time Deposit,443151788,2026-09-15,SBY01,ACTIVE
2765,3406,Time Deposit,959357807,2026-09-03,SBY01,ACTIVE
2766,3940,Savings,115461131,2026-11-24,MDN01,ACTIVE
2767,2540,Savings,3659430,2026-09-24,BDG01,ACTIVE
2768,9323,Savings,18296937,2027-03-31,JKT02,ACTIVE
2769,8482,Savings,68100606,2028-02-18,JKT01,ACTIVE
2770,3186,Time Deposit,1543265912,2026-06-20,JKT01,ACTIVE
2771,7576,Savings,98621305,2026-04-19,YGY01,ACTIVE
2772,5277,Time Deposit,214594029,2026-04-10,SBY01,ACTIVE
2773,9450,Savings,13421200,2028-01-11,SBY01,ACTIVE
2774,5061,Savings,13236565,2027-04-28,YGY01,ACTIVE
2775,4237,Savings,71108594,2026-11-24,SMG01,ACTIVE
2776,8192,Savings,132199005,2026-05-27,MDN01,ACTIVE
2777,6610,Time Deposit,657080454,2026-04-09,MDN01,ACTIVE
2778,2311,Savings,15690049,2027-10-06,JKT02,ACTIVE
2779,7490,Savings,205517749,2027-05-19,SMG01,ACTIVE
2780,7576,Time Deposit,1953850323,2026-08-28,SMG01,ACTIVE
2781,5359,Time Deposit,586699326,2026-10-24,YGY01,ACTIVE
2782,3316,Savings,25244594,2026-11-29,YGY01,ACTIVE
2783,771,Time Deposit,678627461,2026-12-01,JKT01,ACTIVE
2784,4700,Time Deposit,1861164371,2027-02-10,JKT01,ACTIVE
2785,7969,Time Deposit,715455160,2026-12-20,SBY01,ACTIVE
2786,9438,Savings,6233799,2028-01-27,YGY01,ACTIVE
2787,2244,Time Deposit,772093436,2026-08-19,YGY01,ACTIVE
2788,3197,Savings,52061622,2027-12-23,MDN01,ACTIVE
2789,7466,Savings,152722951,2027-09-17,JKT02,ACTIVE
2790,1982,Time Deposit,1012570527,2026-09-02,MDN01,ACTIVE
2791,4957,Time Deposit,283694407,2026-09-26,JKT01,ACTIVE
2792,4613,Time Deposit,240907650,2026-06-07,JKT01,ACTIVE
2793,8220,Savings,31536493,2026-06-14,MDN01,ACTIVE
2794,7133,Savings,112599508,2027-07-16,SBY01,ACTIVE
2795,8683,Savings,4904332,2027-03-09,JKT02,ACTIVE
2796,9709,Savings,161368193,2028-01-27,MDN01,ACTIVE
2797,8934,Savings,43841730,2026-11-26,SBY01,ACTIVE
2798,8594,Savings,47757536,2026-06-23,BDG01,ACTIVE
2799,1798,Savings,12455999,2027-04-14,YGY01,ACTIVE
2800,8294,Time Deposit,556521624,2026-06-15,SMG01,ACTIVE
2801,3173,Savings,6328791,2027-01-21,SMG01,ACTIVE
2802,8819,Time Deposit,521110428,2026-08-13,MDN01,ACTIVE
2803,2411,Savings,39801936,2027-07-13,SMG01,ACTIVE
2804,1619,Savings,41009319,2027-09-04,SBY01,ACTIVE
2805,2018,Time Deposit,155037625,2026-10-17,JKT01,ACTIVE
2806,807,Savings,28579067,2027-12-15,SBY01,ACTIVE
2807,3073,Time Deposit,148598300,2027-01-26,JKT02,ACTIVE
2808,3282,Savings,29715506,2028-03-08,BDG01,ACTIVE
2809,9268,Time Deposit,919808192,2026-06-03,SBY01,ACTIVE
2810,5249,Savings,41626161,2027-08-13,SBY01,ACTIVE
2811,4823,Savings,11683280,2026-11-30,BDG01,ACTIVE
2812,9389,Savings,8317160,2027-04-02,JKT01,ACTIVE
2813,8866,Time Deposit,1166595824,2026-04-03,YGY01,ACTIVE
2814,1278,Time Deposit,626116202,2026-09-29,YGY01,ACTIVE
2815,8148,Time Deposit,1729753166,2026-07-01,SMG01,ACTIVE
2816,2213,Savings,18034533,2027-05-17,JKT02,ACTIVE
2817,4574,Time Deposit,837899846,2026-08-10,JKT01,ACTIVE
2818,2329,Savings,131431755,2027-09-19,YGY01,ACTIVE
2819,9874,Savings,22177537,2027-04-19,SMG01,ACTIVE
2820,3592,Savings,24060396,2028-01-18,JKT02,ACTIVE
2821,1803,Savings,55802493,2027-07-07,JKT01,ACTIVE
2822,3327,Time Deposit,560930501,2026-10-20,BDG01,ACTIVE
2823,5085,Savings,10423984,2028-02-21,YGY01,ACTIVE
2824,7106,Time Deposit,248175952,2027-01-12,MDN01,ACTIVE
2825,6571,Savings,141111892,2027-12-27,JKT02,ACTIVE
2826,8360,Savings,82694356,2027-09-20,SMG01,ACTIVE
2827,3321,Savings,33802863,2027-09-28,SBY01,ACTIVE
2828,627,Time Deposit,1314832905,2026-12-21,JKT02,ACTIVE
2829,2717,Time Deposit,1328224751,2026-07-24,JKT01,ACTIVE
2830,1316,Savings,25317380,2027-08-05,MDN01,ACTIVE
2831,2388,Savings,12182291,2026-10-12,YGY01,ACTIVE
2832,2806,Savings,35791484,2027-01-05,YGY01,ACTIVE
2833,8884,Time Deposit,439509963,2026-11-03,SMG01,ACTIVE
2834,5300,Savings,35308573,2028-01-09,MDN01,ACTIVE
2835,9568,Time Deposit,404719346,2026-11-17,SBY01,ACTIVE
2836,1982,Time Deposit,744753194,2027-03-02,JKT02,ACTIVE
2837,4918,Savings,30460889,2026-07-30,JKT01,ACTIVE
2838,3521,Savings,10242189,2027-10-16,JKT01,ACTIVE
2839,3424,Savings,171346472,2027-06-02,JKT02,ACTIVE
2840,649,Savings,15086510,2027-08-13,YGY01,ACTIVE
2841,866,Savings,26678159,2026-11-03,JKT01,ACTIVE
2842,2924,Savings,43955394,2026-07-01,SMG01,ACTIVE
2843,6930,Savings,16433908,2026-08-16,SBY01,ACTIVE
2844,1695,Savings,24223326,2028-01-07,MDN01,ACTIVE
2845,5500,Time Deposit,670747241,2026-11-06,SBY01,ACTIVE
2846,8809,Savings,94931866,2026-07-01,SMG01,ACTIVE
2847,1389,Savings,20952036,2028-01-19,MDN01,ACTIVE
2848,1804,Savings,15845132,2027-11-01,SBY01,ACTIVE
2849,4426,Time Deposit,534804099,2026-10-17,YGY01,ACTIVE
2850,4457,Time Deposit,577455629,2027-01-17,BDG01,ACTIVE
2851,4640,Savings,47085111,2027-04-29,MDN01,ACTIVE
2852,1723,Time Deposit,949716944,2027-01-30,SMG01,ACTIVE
2853,553,Time Deposit,600994197,2026-07-05,BDG01,ACTIVE
2854,7606,Savings,46111124,2026-12-28,BDG01,ACTIVE
2855,2695,Time Deposit,969663423,2026-05-19,JKT01,ACTIVE
2856,3469,Savings,111086781,2026-10-17,JKT01,ACTIVE
2857,5608,Time Deposit,458326079,2026-11-13,JKT01,ACTIVE
2858,7837,Time Deposit,942964928,2026-04-13,SBY01,ACTIVE
2859,4595,Savings,43020094,2027-12-26,JKT02,ACTIVE
2860,8280,Savings,53198045,2027-05-20,YGY01,ACTIVE
2861,2985,Savings,10314079,2027-05-29,BDG01,ACTIVE
2862,1613,Savings,22483940,2026-11-29,BDG01,ACTIVE
2863,2440,Savings,27327335,2026-10-11,YGY01,ACTIVE
2864,7350,Savings,28531088,2027-02-16,MDN01,ACTIVE
2865,4056,Savings,175593063,2026-06-24,BDG01,ACTIVE
2866,5811,Savings,14531762,2027-11-20,YGY01,ACTIVE
2867,8537,Savings,17077252,2026-07-21,MDN01,ACTIVE
2868,8057,Savings,101871884,2028-02-17,MDN01,ACTIVE
2869,1261,Savings,10072020,2026-06-22,BDG01,ACTIVE
2870,8027,Savings,37672445,2027-05-17,YGY01,ACTIVE
2871,9143,Savings,43165097,2027-08-10,SMG01,ACTIVE
2872,5150,Savings,44274523,2026-12-06,SBY01,ACTIVE
2873,5046,Savings,131239425,2027-02-16,MDN01,ACTIVE
2874,3128,Savings,21293109,2026-08-12,JKT01,ACTIVE
2875,6637,Time Deposit,227177047,2026-06-06,YGY01,ACTIVE
2876,4143,Savings,70855660,2026-09-04,MDN01,ACTIVE
2877,271,Time Deposit,1337479052,2026-08-18,JKT02,ACTIVE
2878,8687,Savings,9046631,2027-12-30,YGY01,ACTIVE
2879,1402,Time Deposit,1113945721,2026-03-19,BDG01,ACTIVE
2880,4498,Time Deposit,1146813599,2027-02-16,BDG01,ACTIVE
2881,506,Time Deposit,974595445,2026-06-25,JKT01,ACTIVE
2882,5776,Savings,18777786,2026-08-30,YGY01,ACTIVE
2883,1194,Savings,3857909,2027-09-20,JKT02,ACTIVE
2884,7251,Savings,10203775,2027-12-16,YGY01,ACTIVE
2885,9166,Savings,87026310,2028-02-26,YGY01,ACTIVE
2886,6795,Savings,14289749,2027-02-14,SBY01,ACTIVE
2887,9842,Savings,54329448,2026-06-16,MDN01,ACTIVE
2888,6295,Savings,4897014,2026-12-14,JKT01,ACTIVE
2889,3113,Time Deposit,120532350,2026-09-14,MDN01,ACTIVE
2890,9829,Savings,16284371,2026-05-02,JKT01,ACTIVE
2891,8052,Time Deposit,303509203,2026-08-18,JKT02,ACTIVE
2892,9176,Savings,37147219,2027-09-02,BDG01,ACTIVE
2893,1949,Savings,34815372,2026-08-15,BDG01,ACTIVE
2894,2659,Savings,131021642,2028-02-15,MDN01,ACTIVE
2895,6248,Savings,28247114,2027-08-13,SMG01,ACTIVE
2896,7376,Savings,42083474,2028-01-11,YGY01,ACTIVE
2897,6600,Time Deposit,453666772,2026-10-11,BDG01,ACTIVE
2898,658,Savings,13411872,2027-11-18,JKT02,ACTIVE
2899,181,Time Deposit,865162316,2027-01-18,BDG01,ACTIVE
2900,5464,Savings,97947733,2027-11-19,JKT01,ACTIVE
2901,8908,Time Deposit,511970741,2026-12-22,JKT01,ACTIVE
2902,1072,Savings,35575687,2028-02-21,JKT02,ACTIVE
2903,9901,Savings,22855437,2027-02-07,JKT02,ACTIVE
2904,6105,Savings,32549380,2026-11-01,MDN01,ACTIVE
2905,2665,Savings,10589912,2026-06-14,JKT01,ACTIVE
2906,8516,Savings,39704595,2027-04-30,JKT02,ACTIVE
2907,3356,Time Deposit,892713954,2026-04-14,BDG01,ACTIVE
2908,2190,Time Deposit,302734652,2026-11-07,MDN01,ACTIVE
2909,1726,Savings,45284162,2027-11-10,SMG01,ACTIVE
2910,7448,Savings,41864485,2027-10-19,JKT01,ACTIVE
2911,8649,Savings,21858225,2026-05-29,BDG01,ACTIVE
2912,4135,Time Deposit,1219939519,2026-09-12,BDG01,ACTIVE
2913,9813,Savings,98783755,2026-11-16,JKT02,ACTIVE
2914,7194,Savings,89960494,2028-01-28,SBY01,ACTIVE
2915,7589,Savings,29316103,2026-07-26,JKT01,ACTIVE
2916,9115,Savings,14849268,2027-11-16,JKT01,ACTIVE
2917,6282,Savings,61004904,2027-11-29,JKT01,ACTIVE
2918,6959,Time Deposit,499236810,2026-11-11,MDN01,ACTIVE
2919,266,Time Deposit,1819408320,2026-06-18,JKT01,ACTIVE
2920,9821,Time Deposit,828986945,2026-12-14,YGY01,ACTIVE
2921,9753,Savings,26412806,2027-01-07,MDN01,ACTIVE
2922,9954,Savings,8980107,2026-04-29,JKT01,ACTIVE
2923,9965,Time Deposit,1168580696,2027-01-25,JKT02,ACTIVE
2924,3273,Time Deposit,416059765,2027-02-18,BDG01,ACTIVE
2925,4879,Time Deposit,1107690231,2027-01-03,JKT01,ACTIVE
2926,1910,Savings,104963088,2026-11-12,YGY01,ACTIVE
2927,833,Savings,102083908,2027-11-04,SBY01,ACTIVE
2928,5693,Time Deposit,1011011320,2026-07-14,MDN01,ACTIVE
2929,614,Savings,17429434,2027-10-31,JKT01,ACTIVE
2930,8051,Savings,30748651,2027-12-12,BDG01,ACTIVE
2931,6935,Savings,12272667,2027-03-08,JKT01,ACTIVE
2932,7464,Savings,33939627,2027-05-15,JKT01,ACTIVE
2933,4984,Savings,5050553,2027-01-22,SMG01,ACTIVE
2934,8208,Savings,24078049,2026-08-31,MDN01,ACTIVE
2935,1915,Savings,196420778,2026-04-23,YGY01,ACTIVE
2936,7271,Savings,13636604,2027-03-06,BDG01,ACTIVE
2937,8850,Time Deposit,881058923,2026-09-12,YGY01,ACTIVE
2938,3627,Savings,81857204,2026-09-21,MDN01,ACTIVE
2939,9603,Time Deposit,595852585,2027-01-13,SMG01,ACTIVE
2940,4481,Savings,171701269,2028-01-01,JKT02,ACTIVE
2941,6632,Savings,9014436,2027-01-01,JKT01,ACTIVE
2942,5003,Savings,7986493,2027-02-24,SMG01,ACTIVE
2943,9686,Savings,27870026,2026-05-23,SMG01,ACTIVE
2944,4082,Savings,153428354,2028-03-08,SBY01,ACTIVE
2945,8152,Savings,15366164,2027-06-11,MDN01,ACTIVE
2946,5665,Savings,91493665,2028-01-27,JKT01,ACTIVE
2947,21,Savings,26142743,2026-11-25,MDN01,ACTIVE
2948,233,Savings,55903229,2027-05-10,BDG01,ACTIVE
2949,9815,Savings,15428121,2027-08-03,JKT02,ACTIVE
2950,1861,Savings,61269631,2026-10-28,SBY01,ACTIVE
2951,5091,Savings,33825594,2027-01-28,SBY01,ACTIVE
2952,8919,Savings,50461334,2027-08-26,BDG01,ACTIVE
2953,6644,Time Deposit,809827646,2026-07-11,SMG01,ACTIVE
2954,6759,Time Deposit,436447222,2027-02-22,JKT01,ACTIVE
2955,3437,Time Deposit,132133621,2026-08-16,JKT02,ACTIVE
2956,5296,Savings,20084531,2027-05-26,JKT02,ACTIVE
2957,3324,Savings,9887928,2026-05-11,MDN01,ACTIVE
2958,5059,Savings,12608886,2026-08-18,JKT01,ACTIVE
2959,8340,Savings,49085819,2027-04-08,MDN01,ACTIVE
2960,4643,Time Deposit,570587465,2026-05-13,BDG01,ACTIVE
2961,3406,Savings,87395926,2027-04-15,MDN01,ACTIVE
2962,9737,Savings,22806248,2027-01-02,JKT02,ACTIVE
2963,6285,Savings,7507564,2026-11-04,JKT02,ACTIVE
2964,5557,Savings,73299351,2027-08-19,MDN01,ACTIVE
2965,6719,Time Deposit,437857847,2026-06-21,JKT01,ACTIVE
2966,8920,Time Deposit,1148312163,2026-11-20,JKT02,ACTIVE
2967,3860,Time Deposit,493486970,2026-08-02,MDN01,ACTIVE
2968,2624,Savings,22893454,2027-08-30,SMG01,ACTIVE
2969,7559,Time Deposit,732118754,2026-08-26,BDG01,ACTIVE
2970,9577,Time Deposit,198847398,2026-10-07,JKT02,ACTIVE
2971,604,Savings,61566320,2026-06-20,JKT02,ACTIVE
2972,159,Savings,10673549,2027-01-28,SBY01,ACTIVE
2973,3030,Savings,21987964,2026-12-25,SBY01,ACTIVE
2974,6440,Time Deposit,1495494929,2026-04-14,YGY01,ACTIVE
2975,3725,Savings,22607414,2026-08-29,SBY01,ACTIVE
2976,9648,Savings,24207825,2027-06-26,JKT01,ACTIVE
2977,7427,Savings,15692895,2028-02-10,SBY01,ACTIVE
2978,6144,Savings,19268283,2027-07-19,MDN01,ACTIVE
2979,1832,Savings,21709270,2028-02-07,YGY01,ACTIVE
2980,3064,Savings,14242703,2027-07-17,MDN01,ACTIVE
2981,4369,Savings,129610820,2027-07-21,JKT02,ACTIVE
2982,7030,Time Deposit,663444814,2027-01-14,SBY01,ACTIVE
2983,5102,Time Deposit,526342008,2026-05-24,SMG01,ACTIVE
2984,8642,Time Deposit,407325448,2026-09-29,MDN01,ACTIVE
2985,1834,Savings,45611164,2027-08-23,YGY01,ACTIVE
2986,8122,Savings,36221155,2026-08-24,MDN01,ACTIVE
2987,3705,Savings,32762008,2028-02-08,MDN01,ACTIVE
2988,9099,Savings,118825508,2027-02-20,JKT02,ACTIVE
2989,2113,Savings,43271611,2026-06-30,SBY01,ACTIVE
2990,9849,Time Deposit,653482886,2027-03-06,SBY01,ACTIVE
2991,3082,Savings,181456104,2027-12-02,SBY01,ACTIVE
2992,400,Savings,22127298,2027-10-06,YGY01,ACTIVE
2993,7194,Savings,46117785,2026-08-05,JKT01,ACTIVE
2994,3713,Savings,46920986,2026-12-16,SMG01,ACTIVE
2995,599,Savings,25128165,2028-02-06,BDG01,ACTIVE
2996,9358,Time Deposit,270488444,2026-10-22,BDG01,ACTIVE
2997,1302,Savings,9853621,2027-02-18,BDG01,ACTIVE
2998,7980,Time Deposit,1798993565,2026-10-09,MDN01,ACTIVE
2999,5826,Savings,20450001,2027-01-27,SBY01,ACTIVE
3000,6489,Time Deposit,1474529288,2026-12-21,MDN01,ACTIVE
3001,235,Savings,17452525,2026-06-21,JKT01,ACTIVE
3002,8897,Time Deposit,988990019,2026-08-10,MDN01,ACTIVE
3003,3076,Savings,9298284,2027-08-27,YGY01,ACTIVE
3004,2595,Savings,11799977,2027-01-22,BDG01,ACTIVE
3005,9372,Savings,31519900,2027-06-04,SBY01,ACTIVE
3006,4300,Savings,87094224,2027-05-26,YGY01,ACTIVE
3007,9980,Savings,8260319,2027-10-03,JKT01,ACTIVE
3008,4090,Savings,27418160,2027-07-10,MDN01,ACTIVE
3009,2188,Time Deposit,955265172,2027-01-26,SBY01,ACTIVE
3010,4406,Savings,12740115,2026-08-21,SBY01,ACTIVE
3011,8960,Time Deposit,729884340,2027-02-18,MDN01,ACTIVE
3012,1020,Savings,30359392,2027-09-29,JKT01,ACTIVE
3013,3189,Savings,33139571,2026-08-16,YGY01,ACTIVE
3014,2126,Savings,22993051,2028-01-23,BDG01,ACTIVE
3015,3447,Savings,17369851,2026-05-15,MDN01,ACTIVE
3016,4640,Time Deposit,238983296,2026-11-12,MDN01,ACTIVE
3017,554,Savings,60670571,2027-03-26,JKT02,ACTIVE
3018,269,Savings,18226907,2026-07-30,YGY01,ACTIVE
3019,9279,Savings,17792581,2027-04-09,SMG01,ACTIVE
3020,1751,Savings,21128065,2027-11-03,BDG01,ACTIVE
3021,3837,Time Deposit,748695887,2026-10-04,BDG01,ACTIVE
3022,3428,Time Deposit,1128153723,2026-09-14,YGY01,ACTIVE
3023,8394,Savings,36616641,2027-10-11,BDG01,ACTIVE
3024,4332,Savings,23811507,2027-02-24,JKT02,ACTIVE
3025,7615,Time Deposit,697481985,2026-09-04,JKT02,ACTIVE
3026,5094,Savings,9239098,2026-10-21,JKT02,ACTIVE
3027,519,Savings,100554782,2027-11-20,SBY01,ACTIVE
3028,421,Savings,39706475,2026-06-17,YGY01,ACTIVE
3029,8774,Savings,12397388,2027-07-31,SBY01,ACTIVE
3030,473,Savings,98024553,2027-07-08,JKT02,ACTIVE
3031,3754,Savings,11369720,2026-09-26,JKT01,ACTIVE
3032,7369,Savings,146432709,2028-01-12,JKT02,ACTIVE
3033,7908,Savings,148643191,2027-06-21,MDN01,ACTIVE
3034,3484,Savings,20912546,2028-01-18,JKT01,ACTIVE
3035,6748,Time Deposit,298453480,2027-01-01,SMG01,ACTIVE
3036,2528,Time Deposit,311189997,2026-10-20,BDG01,ACTIVE
3037,5822,Savings,54574465,2026-05-12,YGY01,ACTIVE
3038,335,Time Deposit,636581803,2026-12-31,SMG01,ACTIVE
3039,3768,Savings,15845011,2026-06-13,YGY01,ACTIVE
3040,4136,Savings,10069337,2027-04-21,JKT01,ACTIVE
3041,6991,Time Deposit,447581378,2027-02-02,SBY01,ACTIVE
3042,4765,Time Deposit,1528107944,2026-10-25,JKT01,ACTIVE
3043,3385,Savings,11261610,2027-01-17,MDN01,ACTIVE
3044,7976,Savings,9863320,2026-05-18,SBY01,ACTIVE
3045,8281,Time Deposit,698699731,2027-03-16,JKT01,ACTIVE
3046,9316,Time Deposit,629877658,2027-01-12,SBY01,ACTIVE
3047,2531,Time Deposit,453841288,2026-09-17,SMG01,ACTIVE
3048,5689,Time Deposit,555334578,2026-08-28,JKT02,ACTIVE
3049,5454,Savings,21823880,2027-05-21,MDN01,ACTIVE
3050,6430,Savings,19641913,2026-11-19,SMG01,ACTIVE
3051,7653,Time Deposit,554774105,2026-05-02,YGY01,ACTIVE
3052,2054,Time Deposit,638694573,2027-01-22,JKT02,ACTIVE
3053,9446,Time Deposit,860775926,2026-06-23,JKT02,ACTIVE
3054,2095,Savings,17353705,2027-02-02,YGY01,ACTIVE
3055,5290,Savings,23920369,2028-01-19,JKT02,ACTIVE
3056,2636,Time Deposit,1108512933,2027-01-06,BDG01,ACTIVE
3057,4115,Savings,55882173,2026-10-05,SBY01,ACTIVE
3058,1045,Savings,14760855,2028-01-21,BDG01,ACTIVE
3059,1297,Savings,31029550,2027-12-08,SMG01,ACTIVE
3060,4726,Savings,184402342,2027-02-13,MDN01,ACTIVE
3061,3829,Savings,22446555,2026-05-20,BDG01,ACTIVE
3062,4774,Savings,41125005,2027-12-31,YGY01,ACTIVE
3063,4296,Time Deposit,490150112,2026-10-04,BDG01,ACTIVE
3064,2944,Savings,5429898,2027-01-11,JKT02,ACTIVE
3065,4936,Time Deposit,631303295,2027-03-04,SBY01,ACTIVE
3066,4620,Time Deposit,295472131,2026-07-14,BDG01,ACTIVE
3067,4153,Time Deposit,347380363,2026-11-16,YGY01,ACTIVE
3068,1862,Time Deposit,331546720,2026-08-15,YGY01,ACTIVE
3069,3262,Time Deposit,892392954,2026-08-28,SMG01,ACTIVE
3070,7623,Time Deposit,692416618,2026-05-13,SMG01,ACTIVE
3071,5954,Time Deposit,290272863,2026-10-18,MDN01,ACTIVE
3072,2337,Time Deposit,1184610894,2026-12-04,SMG01,ACTIVE
3073,716,Savings,30918202,2027-09-17,BDG01,ACTIVE
3074,1144,Savings,66888464,2028-03-12,SBY01,ACTIVE
3075,1777,Time Deposit,259408929,2027-01-30,BDG01,ACTIVE
3076,9440,Time Deposit,575913864,2027-02-04,JKT02,ACTIVE
3077,9236,Savings,34790980,2027-11-01,SBY01,ACTIVE
3078,3311,Time Deposit,1072933883,2026-10-16,JKT01,ACTIVE
3079,4943,Savings,49018337,2026-09-25,MDN01,ACTIVE
3080,2574,Time Deposit,313526285,2026-12-22,YGY01,ACTIVE
3081,5250,Time Deposit,721690280,2026-11-07,JKT01,ACTIVE
3082,5038,Time Deposit,720897172,2027-03-05,BDG01,ACTIVE
3083,479,Savings,30888173,2026-10-31,SBY01,ACTIVE
3084,5158,Savings,23271717,2027-04-10,YGY01,ACTIVE
3085,6366,Savings,15395958,2027-10-01,SBY01,ACTIVE
3086,3844,Savings,53096876,2026-05-07,SBY01,ACTIVE
3087,5907,Savings,11368665,2026-05-10,JKT01,ACTIVE
3088,1858,Savings,48446239,2026-04-28,SMG01,ACTIVE
3089,2008,Savings,77384607,2027-01-27,SBY01,ACTIVE
3090,8748,Savings,20643848,2026-12-11,JKT02,ACTIVE
3091,4556,Savings,62217277,2026-08-07,JKT02,ACTIVE
3092,8056,Savings,167794700,2027-09-07,YGY01,ACTIVE
3093,5713,Time Deposit,1133281509,2027-03-16,SBY01,ACTIVE
3094,9894,Savings,22784548,2027-11-20,BDG01,ACTIVE
3095,2591,Savings,16184501,2026-08-21,SMG01,ACTIVE
3096,2456,Time Deposit,734880147,2026-10-19,MDN01,ACTIVE
3097,5760,Time Deposit,236960847,2026-09-05,JKT01,ACTIVE
3098,6810,Savings,193393755,2026-07-11,YGY01,ACTIVE
3099,9921,Time Deposit,1111094237,2026-05-23,MDN01,ACTIVE
3100,9100,Savings,6762800,2027-09-10,JKT01,ACTIVE
3101,5915,Time Deposit,1288391825,2027-02-01,SMG01,ACTIVE
3102,5642,Savings,29306198,2026-11-13,JKT02,ACTIVE
3103,3959,Savings,9040341,2027-01-15,YGY01,ACTIVE
3104,3027,Time Deposit,223203825,2026-10-01,SMG01,ACTIVE
3105,2581,Savings,76823136,2026-08-30,MDN01,ACTIVE
3106,7060,Time Deposit,648984592,2026-06-14,JKT01,ACTIVE
3107,8016,Time Deposit,248628888,2026-09-10,JKT01,ACTIVE
3108,7788,Savings,33738922,2026-10-24,YGY01,ACTIVE
3109,8748,Savings,36542501,2026-12-30,BDG01,ACTIVE
3110,967,Savings,15554078,2026-06-24,SBY01,ACTIVE
3111,47,Savings,28996004,2027-02-12,YGY01,ACTIVE
3112,5951,Savings,7844834,2026-11-05,SMG01,ACTIVE
3113,4276,Time Deposit,77413241,2026-09-21,YGY01,ACTIVE
3114,4683,Time Deposit,1145755150,2026-10-24,SBY01,ACTIVE
3115,7466,Time Deposit,970226542,2027-03-14,JKT01,ACTIVE
3116,5165,Savings,186960604,2028-02-18,JKT01,ACTIVE
3117,4566,Savings,55420603,2027-12-02,MDN01,ACTIVE
3118,882,Savings,15696143,2027-04-23,YGY01,ACTIVE
3119,545,Savings,74594079,2027-11-30,MDN01,ACTIVE
3120,6665,Savings,47533389,2026-06-18,SBY01,ACTIVE
3121,4617,Savings,16298622,2027-04-19,BDG01,ACTIVE
3122,6219,Time Deposit,442435734,2027-01-30,SBY01,ACTIVE
3123,9979,Savings,16953451,2026-06-16,MDN01,ACTIVE
3124,1831,Savings,35801258,2027-02-22,SMG01,ACTIVE
3125,7118,Time Deposit,844334894,2026-05-23,YGY01,ACTIVE
3126,2896,Savings,8953469,2027-01-15,JKT02,ACTIVE
3127,8882,Savings,64566472,2027-12-27,JKT01,ACTIVE
3128,8528,Savings,31105271,2027-09-06,SBY01,ACTIVE
3129,4732,Savings,36047841,2026-09-13,JKT02,ACTIVE
3130,1453,Time Deposit,512842735,2026-06-06,MDN01,ACTIVE
3131,1075,Savings,21664135,2027-08-19,JKT02,ACTIVE
3132,9724,Savings,27105862,2028-03-13,SMG01,ACTIVE
3133,281,Savings,16981270,2026-07-30,SBY01,ACTIVE
3134,3274,Savings,9826418,2027-04-24,SMG01,ACTIVE
3135,2348,Savings,12131585,2026-11-11,JKT02,ACTIVE
3136,1681,Savings,85694641,2026-11-13,MDN01,ACTIVE
3137,9552,Savings,32398493,2028-02-09,SBY01,ACTIVE
3138,7342,Time Deposit,535612471,2026-07-24,JKT01,ACTIVE
3139,6995,Time Deposit,1103943017,2027-02-17,JKT01,ACTIVE
3140,8944,Savings,38267209,2026-11-01,YGY01,ACTIVE
3141,3493,Savings,22136041,2027-04-17,YGY01,ACTIVE
3142,2595,Time Deposit,251096195,2027-02-21,MDN01,ACTIVE
3143,5101,Time Deposit,292060918,2026-05-25,SBY01,ACTIVE
3144,8020,Savings,41590629,2028-03-05,JKT02,ACTIVE
3145,328,Time Deposit,196532101,2027-02-24,SMG01,ACTIVE
3146,9025,Savings,156532521,2026-05-27,JKT02,ACTIVE
3147,9293,Time Deposit,304162098,2026-05-30,MDN01,ACTIVE
3148,5602,Savings,64659301,2026-07-26,YGY01,ACTIVE
3149,5670,Savings,42572891,2027-06-26,MDN01,ACTIVE
3150,1756,Time Deposit,1094315860,2026-07-09,JKT01,ACTIVE
3151,9196,Savings,148110826,2027-03-27,JKT01,ACTIVE
3152,1992,Time Deposit,842094025,2026-05-26,YGY01,ACTIVE
3153,2217,Savings,12716525,2027-05-15,JKT01,ACTIVE
3154,4332,Savings,3187210,2027-01-19,JKT02,ACTIVE
3155,2250,Savings,18201188,2028-02-28,YGY01,ACTIVE
3156,6968,Savings,47996779,2026-08-23,SBY01,ACTIVE
3157,7031,Savings,16213973,2027-05-03,JKT02,ACTIVE
3158,8057,Savings,105126605,2027-10-08,YGY01,ACTIVE
3159,7679,Savings,12801304,2027-05-17,SMG01,ACTIVE
3160,7714,Savings,57009069,2027-07-16,JKT02,ACTIVE
3161,8551,Savings,119221843,2026-10-05,SMG01,ACTIVE
3162,1943,Savings,43394042,2028-02-04,SBY01,ACTIVE
3163,8897,Time Deposit,1516935145,2026-11-17,BDG01,ACTIVE
3164,7461,Time Deposit,881001584,2026-08-10,SBY01,ACTIVE
3165,9635,Savings,29193847,2026-08-12,SMG01,ACTIVE
3166,8218,Savings,14156723,2026-08-16,SBY01,ACTIVE
3167,9735,Savings,7043730,2027-05-20,YGY01,ACTIVE
3168,1024,Savings,25995092,2027-10-21,YGY01,ACTIVE
3169,7353,Time Deposit,138833384,2027-02-02,YGY01,ACTIVE
3170,4699,Time Deposit,377331578,2026-08-22,BDG01,ACTIVE
3171,4426,Time Deposit,662054683,2027-01-22,BDG01,ACTIVE
3172,899,Savings,38604784,2026-06-17,SMG01,ACTIVE
3173,3535,Savings,138668883,2026-06-11,JKT02,ACTIVE
3174,5140,Savings,9412164,2027-10-02,JKT02,ACTIVE
3175,1889,Time Deposit,204899592,2027-02-11,SBY01,ACTIVE
3176,4902,Savings,31372822,2027-02-25,JKT02,ACTIVE
3177,9333,Time Deposit,1196983492,2026-10-03,SMG01,ACTIVE
3178,5807,Time Deposit,954866951,2026-11-24,SBY01,ACTIVE
3179,2466,Savings,38385273,2028-02-17,SMG01,ACTIVE
3180,1482,Savings,23702108,2027-01-16,JKT02,ACTIVE
3181,4919,Savings,16310682,2026-10-12,SMG01,ACTIVE
3182,5014,Savings,165122402,2027-07-06,BDG01,ACTIVE
3183,8618,Time Deposit,463834010,2026-09-17,BDG01,ACTIVE
3184,9764,Savings,37895534,2026-06-02,SBY01,ACTIVE
3185,6674,Savings,13948586,2028-02-17,JKT02,ACTIVE
3186,6090,Time Deposit,721591724,2026-05-01,SMG01,ACTIVE
3187,5755,Savings,9145970,2027-03-22,BDG01,ACTIVE
3188,6970,Savings,17067963,2026-11-10,MDN01,ACTIVE
3189,8341,Savings,36894677,2026-07-11,BDG01,ACTIVE
3190,8971,Savings,12001118,2026-06-26,BDG01,ACTIVE
3191,2520,Time Deposit,1792264524,2026-04-16,SMG01,ACTIVE
3192,4037,Time Deposit,601671508,2026-06-12,SMG01,ACTIVE
3193,9533,Savings,80884903,2027-02-25,JKT01,ACTIVE
3194,9480,Savings,70034246,2027-08-24,MDN01,ACTIVE
3195,6929,Time Deposit,805990068,2026-07-11,BDG01,ACTIVE
3196,2510,Savings,42173371,2026-12-08,JKT01,ACTIVE
3197,9637,Time Deposit,497252997,2026-11-12,SMG01,ACTIVE
3198,8135,Time Deposit,476686502,2027-02-24,JKT01,ACTIVE
3199,5845,Savings,134998618,2026-07-24,SMG01,ACTIVE
3200,8523,Savings,9647861,2026-12-04,BDG01,ACTIVE
3201,9498,Savings,93545526,2026-05-27,BDG01,ACTIVE
3202,1191,Savings,18664527,2027-09-22,JKT02,ACTIVE
3203,5665,Savings,56503268,2027-03-06,JKT01,ACTIVE
3204,7591,Savings,14894992,2026-10-15,SMG01,ACTIVE
3205,6902,Savings,158725815,2026-07-19,BDG01,ACTIVE
3206,4436,Time Deposit,1410043111,2026-11-14,JKT02,ACTIVE
3207,6189,Savings,14236515,2027-04-29,BDG01,ACTIVE
3208,1265,Time Deposit,660448275,2027-02-10,JKT01,ACTIVE
3209,2520,Time Deposit,985790882,2026-12-01,MDN01,ACTIVE
3210,7718,Savings,38142364,2027-01-29,BDG01,ACTIVE
3211,1364,Savings,30975985,2026-12-22,YGY01,ACTIVE
3212,8989,Savings,20105382,2027-02-23,MDN01,ACTIVE
3213,8677,Savings,55222728,2026-05-28,JKT02,ACTIVE
3214,7149,Time Deposit,1349373692,2027-01-11,JKT02,ACTIVE
3215,2953,Savings,8198718,2026-06-04,SBY01,ACTIVE
3216,6638,Time Deposit,1170008315,2026-08-12,YGY01,ACTIVE
3217,5835,Savings,23393482,2027-11-15,JKT02,ACTIVE
3218,8756,Savings,199146926,2027-08-24,MDN01,ACTIVE
3219,4878,Time Deposit,880681970,2026-07-13,BDG01,ACTIVE
3220,7200,Savings,38738038,2028-01-20,JKT01,ACTIVE
3221,9563,Time Deposit,1587940300,2026-11-18,JKT01,ACTIVE
3222,5515,Time Deposit,647136750,2026-05-21,MDN01,ACTIVE
3223,8521,Savings,30242657,2028-03-01,JKT01,ACTIVE
3224,8854,Time Deposit,613477016,2026-07-21,JKT01,ACTIVE
3225,5328,Savings,110832229,2028-02-25,SMG01,ACTIVE
3226,1139,Savings,30479280,2026-05-12,SMG01,ACTIVE
3227,8038,Time Deposit,612627154,2026-07-29,SMG01,ACTIVE
3228,5606,Time Deposit,1924855446,2027-03-14,SBY01,ACTIVE
3229,9099,Time Deposit,591421538,2027-03-09,YGY01,ACTIVE
3230,3570,Time Deposit,448419282,2026-09-30,SBY01,ACTIVE
3231,3106,Savings,36248441,2027-12-26,MDN01,ACTIVE
3232,6835,Savings,36711689,2027-07-21,MDN01,ACTIVE
3233,1841,Savings,21715616,2027-11-15,MDN01,ACTIVE
3234,3939,Savings,27885310,2026-09-22,JKT02,ACTIVE
3235,5063,Savings,22817155,2026-06-12,JKT02,ACTIVE
3236,707,Time Deposit,654733483,2026-08-11,BDG01,ACTIVE
3237,105,Savings,60901877,2028-02-14,JKT02,ACTIVE
3238,6238,Savings,48653954,2027-09-30,SBY01,ACTIVE
3239,6176,Time Deposit,721693816,2027-02-21,YGY01,ACTIVE
3240,9404,Time Deposit,334594302,2026-12-02,JKT02,ACTIVE
3241,2188,Time Deposit,655699695,2026-10-13,BDG01,ACTIVE
3242,8211,Time Deposit,790303612,2027-03-08,JKT01,ACTIVE
3243,8598,Savings,21188635,2027-05-20,SMG01,ACTIVE
3244,6176,Time Deposit,721589682,2027-01-10,BDG01,ACTIVE
3245,5521,Time Deposit,1271319857,2026-04-13,JKT01,ACTIVE
3246,18,Time Deposit,884496756,2027-03-14,BDG01,ACTIVE
3247,6805,Savings,86921693,2027-02-26,SBY01,ACTIVE
3248,5968,Savings,12200654,2027-04-25,JKT01,ACTIVE
3249,7995,Time Deposit,1042379243,2026-11-24,JKT01,ACTIVE
3250,9726,Time Deposit,635757321,2027-02-27,SBY01,ACTIVE
3251,4595,Savings,5909300,2027-04-02,YGY01,ACTIVE
3252,2506,Time Deposit,634516224,2026-12-27,JKT02,ACTIVE
3253,5761,Savings,44562401,2026-10-12,JKT01,ACTIVE
3254,6932,Savings,41669463,2028-01-30,SBY01,ACTIVE
3255,1313,Time Deposit,144067101,2026-06-15,YGY01,ACTIVE
3256,8824,Savings,57114539,2027-07-17,BDG01,ACTIVE
3257,9935,Time Deposit,548450657,2026-11-06,JKT02,ACTIVE
3258,4672,Time Deposit,985123893,2027-02-04,SBY01,ACTIVE
3259,7720,Time Deposit,565030766,2026-07-15,MDN01,ACTIVE
3260,236,Savings,14278062,2027-08-06,SBY01,ACTIVE
3261,4314,Time Deposit,1124095112,2026-06-28,JKT01,ACTIVE
3262,9062,Savings,16222355,2026-07-25,YGY01,ACTIVE
3263,2069,Savings,21209779,2027-04-05,SMG01,ACTIVE
3264,1765,Time Deposit,864102767,2026-10-20,BDG01,ACTIVE
3265,4001,Savings,208148333,2027-12-18,MDN01,ACTIVE
3266,3268,Savings,21427142,2027-11-16,BDG01,ACTIVE
3267,8760,Savings,85711227,2027-04-23,JKT02,ACTIVE
3268,7634,Savings,71340252,2027-07-21,YGY01,ACTIVE
3269,5592,Time Deposit,1399708151,2026-09-25,SBY01,ACTIVE
3270,9350,Time Deposit,308071779,2026-11-05,BDG01,ACTIVE
3271,9949,Savings,56197724,2028-02-23,BDG01,ACTIVE
3272,6790,Time Deposit,228802720,2026-05-30,SMG01,ACTIVE
3273,4087,Savings,31834699,2027-05-25,SBY01,ACTIVE
3274,6011,Time Deposit,907567329,2026-08-21,YGY01,ACTIVE
3275,3382,Savings,21510691,2026-04-20,BDG01,ACTIVE
3276,6182,Time Deposit,866205066,2026-10-28,SMG01,ACTIVE
3277,4597,Savings,9548099,2027-01-08,SBY01,ACTIVE
3278,9565,Time Deposit,853910588,2027-01-04,JKT01,ACTIVE
3279,7869,Savings,97885760,2026-04-21,MDN01,ACTIVE
3280,9514,Savings,50595797,2026-10-19,SMG01,ACTIVE
3281,3724,Time Deposit,526586459,2026-06-11,YGY01,ACTIVE
3282,4686,Savings,162063853,2028-01-29,JKT02,ACTIVE
3283,277,Time Deposit,650464648,2026-06-28,JKT01,ACTIVE
3284,1837,Time Deposit,707759502,2026-04-06,JKT02,ACTIVE
3285,5827,Savings,12478625,2027-05-11,YGY01,ACTIVE
3286,1346,Time Deposit,731231271,2026-05-19,YGY01,ACTIVE
3287,2943,Time Deposit,1086696510,2026-11-27,MDN01,ACTIVE
3288,926,Time Deposit,577236233,2027-01-30,BDG01,ACTIVE
3289,2762,Time Deposit,429199163,2026-08-01,MDN01,ACTIVE
3290,9849,Savings,88356821,2026-12-03,BDG01,ACTIVE
3291,5044,Time Deposit,1065081805,2027-02-15,YGY01,ACTIVE
3292,6049,Time Deposit,1290053922,2026-11-07,SMG01,ACTIVE
3293,3485,Time Deposit,979654698,2027-02-24,MDN01,ACTIVE
3294,6020,Savings,60622443,2027-08-12,MDN01,ACTIVE
3295,6813,Savings,231857891,2027-11-21,MDN01,ACTIVE
3296,441,Savings,18586906,2027-02-18,YGY01,ACTIVE
3297,5770,Savings,6282254,2026-07-05,BDG01,ACTIVE
3298,8942,Savings,73490515,2026-05-11,SMG01,ACTIVE
3299,5470,Time Deposit,1620743790,2026-04-27,BDG01,ACTIVE
3300,6714,Savings,46963133,2027-03-10,SMG01,ACTIVE
3301,7540,Time Deposit,286989866,2027-03-01,SBY01,ACTIVE
3302,8998,Time Deposit,442343633,2026-10-02,SMG01,ACTIVE
3303,4950,Time Deposit,687133480,2027-03-10,BDG01,ACTIVE
3304,3588,Savings,9608202,2026-05-01,MDN01,ACTIVE
3305,3003,Savings,18975685,2027-02-10,YGY01,ACTIVE
3306,909,Savings,53334653,2027-06-05,BDG01,ACTIVE
3307,2717,Savings,106696893,2027-07-12,JKT02,ACTIVE
3308,3251,Savings,94865806,2026-08-15,BDG01,ACTIVE
3309,9927,Savings,5608368,2026-11-10,SBY01,ACTIVE
3310,3708,Savings,47743038,2026-04-17,YGY01,ACTIVE
3311,8559,Time Deposit,1074687043,2026-10-11,MDN01,ACTIVE
3312,9027,Time Deposit,703060523,2026-05-17,MDN01,ACTIVE
3313,4258,Savings,10681540,2027-04-23,YGY01,ACTIVE
3314,1002,Time Deposit,753567768,2027-01-09,JKT02,ACTIVE
3315,3819,Time Deposit,1789690822,2026-10-01,SMG01,ACTIVE
3316,8313,Savings,9403153,2027-08-02,MDN01,ACTIVE
3317,614,Savings,22686780,2026-08-27,JKT02,ACTIVE
3318,4178,Time Deposit,295575320,2026-10-08,SBY01,ACTIVE
3319,5662,Savings,11706159,2026-05-14,SBY01,ACTIVE
3320,8871,Time Deposit,1150047593,2026-12-10,SBY01,ACTIVE
3321,1247,Savings,26226405,2027-04-12,YGY01,ACTIVE
3322,774,Savings,37706615,2027-01-05,BDG01,ACTIVE
3323,9927,Savings,15245592,2026-08-05,BDG01,ACTIVE
3324,9507,Time Deposit,1223751344,2027-02-01,BDG01,ACTIVE
3325,8818,Savings,93340589,2028-02-20,SBY01,ACTIVE
3326,1993,Savings,20870869,2027-09-21,MDN01,ACTIVE
3327,7229,Time Deposit,493465437,2027-01-01,MDN01,ACTIVE
3328,4773,Savings,18632885,2026-04-17,JKT01,ACTIVE
3329,5641,Savings,73992413,2028-03-12,JKT01,ACTIVE
3330,1208,Savings,161573091,2027-12-30,BDG01,ACTIVE
3331,8785,Time Deposit,234148247,2026-05-18,BDG01,ACTIVE
3332,2335,Savings,59819869,2027-07-11,JKT01,ACTIVE
3333,6712,Time Deposit,1304132259,2026-06-13,SBY01,ACTIVE
3334,5075,Time Deposit,910086501,2026-08-03,MDN01,ACTIVE
3335,5145,Time Deposit,466770812,2026-04-20,YGY01,ACTIVE
3336,5173,Savings,63641945,2026-10-08,JKT02,ACTIVE
3337,7388,Time Deposit,1645468275,2026-07-01,JKT01,ACTIVE
3338,3059,Time Deposit,1166739085,2026-07-31,YGY01,ACTIVE
3339,3192,Time Deposit,574731750,2027-01-12,JKT01,ACTIVE
3340,4173,Savings,92409045,2026-08-07,YGY01,ACTIVE
3341,7610,Time Deposit,856963607,2027-03-08,YGY01,ACTIVE
3342,3418,Savings,3742677,2028-01-22,JKT02,ACTIVE
3343,5158,Savings,12303676,2026-07-23,SBY01,ACTIVE
3344,437,Savings,162521797,2028-02-13,YGY01,ACTIVE
3345,9459,Savings,130291223,2026-07-21,JKT02,ACTIVE
3346,4986,Time Deposit,689293563,2026-04-17,JKT02,ACTIVE
3347,9869,Time Deposit,655273940,2027-03-07,SBY01,ACTIVE
3348,5758,Savings,30542854,2026-07-17,SBY01,ACTIVE
3349,2218,Savings,91699908,2026-08-10,JKT02,ACTIVE
3350,4102,Savings,9458944,2026-07-07,MDN01,ACTIVE
3351,8796,Time Deposit,464631368,2026-12-05,SMG01,ACTIVE
3352,4204,Savings,84329341,2026-10-11,JKT01,ACTIVE
3353,931,Time Deposit,259815991,2026-04-27,SBY01,ACTIVE
3354,1641,Savings,39618254,2026-08-28,BDG01,ACTIVE
3355,103,Time Deposit,495430213,2026-11-07,BDG01,ACTIVE
3356,7208,Time Deposit,1177814228,2026-07-18,SBY01,ACTIVE
3357,1523,Savings,25028388,2026-12-22,MDN01,ACTIVE
3358,3336,Time Deposit,285341540,2026-07-31,BDG01,ACTIVE
3359,2554,Savings,20031121,2027-11-29,BDG01,ACTIVE
3360,271,Savings,120521523,2027-10-06,BDG01,ACTIVE
3361,5132,Time Deposit,1090452438,2026-09-29,BDG01,ACTIVE
3362,6705,Time Deposit,771073948,2027-01-29,SBY01,ACTIVE
3363,1409,Savings,172266165,2028-02-18,YGY01,ACTIVE
3364,552,Savings,29562099,2027-02-22,JKT02,ACTIVE
3365,6808,Savings,14602421,2026-12-07,SMG01,ACTIVE
3366,2563,Savings,11990059,2027-05-13,BDG01,ACTIVE
3367,1005,Savings,11879756,2027-06-19,MDN01,ACTIVE
3368,8022,Savings,51274691,2027-02-08,MDN01,ACTIVE
3369,3193,Savings,143262761,2027-09-20,YGY01,ACTIVE
3370,5154,Savings,15533367,2027-05-08,BDG01,ACTIVE
3371,8654,Time Deposit,462681698,2026-04-12,BDG01,ACTIVE
3372,2369,Savings,197577371,2027-02-09,JKT02,ACTIVE
3373,769,Time Deposit,175752578,2026-11-09,MDN01,ACTIVE
3374,6114,Time Deposit,837075798,2026-12-25,JKT02,ACTIVE
3375,6171,Time Deposit,974990436,2026-06-06,MDN01,ACTIVE
3376,7789,Savings,8334440,2027-04-20,BDG01,ACTIVE
3377,8372,Savings,24969235,2027-03-05,YGY01,ACTIVE
3378,9883,Savings,10490283,2027-10-06,MDN01,ACTIVE
3379,2097,Time Deposit,223375309,2026-11-29,JKT02,ACTIVE
3380,1794,Time Deposit,881419216,2026-06-13,JKT01,ACTIVE
3381,4469,Time Deposit,455028923,2026-09-23,JKT02,ACTIVE
3382,8245,Savings,63618024,2027-06-28,JKT02,ACTIVE
3383,1612,Time Deposit,1608477835,2027-01-10,MDN01,ACTIVE
3384,6286,Time Deposit,1644811874,2026-07-16,JKT02,ACTIVE
3385,9552,Savings,111286351,2027-10-10,BDG01,ACTIVE
3386,9159,Savings,23442746,2027-04-24,BDG01,ACTIVE
3387,6844,Time Deposit,1339078081,2026-06-30,SBY01,ACTIVE
3388,9441,Savings,7215762,2027-12-24,BDG01,ACTIVE
3389,8011,Time Deposit,480185056,2026-05-21,MDN01,ACTIVE
3390,608,Time Deposit,1308786518,2027-01-13,MDN01,ACTIVE
3391,6911,Time Deposit,1231787017,2026-05-17,SMG01,ACTIVE
3392,1232,Savings,40530969,2028-01-10,BDG01,ACTIVE
3393,1804,Savings,31107937,2027-11-09,JKT02,ACTIVE
3394,2858,Time Deposit,68283506,2026-08-08,JKT02,ACTIVE
3395,1994,Time Deposit,1279928754,2026-09-10,BDG01,ACTIVE
3396,1876,Savings,70013904,2027-11-13,MDN01,ACTIVE
3397,4569,Savings,125413994,2026-08-23,MDN01,ACTIVE
3398,128,Savings,93030993,2027-11-14,MDN01,ACTIVE
3399,9433,Savings,9087502,2026-11-01,YGY01,ACTIVE
3400,6281,Time Deposit,665642171,2026-04-12,SMG01,ACTIVE
3401,6471,Savings,41811422,2027-07-29,JKT02,ACTIVE
3402,1120,Savings,8680875,2028-02-07,JKT02,ACTIVE
3403,41,Savings,75382832,2027-09-06,YGY01,ACTIVE
3404,9600,Savings,18078815,2026-12-15,YGY01,ACTIVE
3405,5747,Savings,109501189,2026-08-31,JKT01,ACTIVE
3406,9108,Savings,49793461,2027-10-19,SMG01,ACTIVE
3407,4339,Savings,6869140,2026-09-12,BDG01,ACTIVE
3408,8527,Time Deposit,994441063,2027-03-03,JKT02,ACTIVE
3409,4745,Savings,12459709,2028-02-11,SMG01,ACTIVE
3410,3614,Time Deposit,524888984,2027-01-17,SMG01,ACTIVE
3411,6300,Savings,8950807,2027-10-20,JKT02,ACTIVE
3412,860,Time Deposit,1059649541,2026-12-08,SMG01,ACTIVE
3413,5781,Savings,15870135,2026-06-11,JKT01,ACTIVE
3414,8804,Savings,14928240,2027-02-12,JKT01,ACTIVE
3415,7537,Time Deposit,885472781,2026-05-29,MDN01,ACTIVE
3416,8662,Savings,15393163,2027-03-28,YGY01,ACTIVE
3417,4750,Savings,44213307,2026-05-04,JKT02,ACTIVE
3418,3878,Savings,19890024,2027-08-10,YGY01,ACTIVE
3419,3132,Time Deposit,1626027763,2026-11-29,MDN01,ACTIVE
3420,2352,Savings,30100418,2028-01-29,YGY01,ACTIVE
3421,7955,Time Deposit,1039639013,2026-10-04,SMG01,ACTIVE
3422,748,Savings,33493554,2026-10-12,JKT01,ACTIVE
3423,1739,Time Deposit,589543486,2026-07-07,SBY01,ACTIVE
3424,1927,Time Deposit,1088135066,2026-09-16,YGY01,ACTIVE
3425,1137,Savings,24328654,2026-05-17,MDN01,ACTIVE
3426,8716,Time Deposit,737048102,2026-04-26,JKT02,ACTIVE
3427,3827,Savings,14218013,2026-05-22,SBY01,ACTIVE
3428,7838,Time Deposit,1050517171,2026-06-28,MDN01,ACTIVE
3429,3514,Time Deposit,206887392,2026-06-20,BDG01,ACTIVE
3430,2817,Time Deposit,329512545,2027-03-10,BDG01,ACTIVE
3431,4984,Savings,6822413,2027-12-22,JKT01,ACTIVE
3432,2976,Savings,21831374,2026-06-08,JKT02,ACTIVE
3433,3869,Savings,48627332,2027-01-28,JKT02,ACTIVE
3434,8344,Savings,9379163,2027-01-01,SBY01,ACTIVE
3435,4262,Time Deposit,565614010,2026-06-03,JKT02,ACTIVE
3436,4111,Savings,15418032,2027-09-01,BDG01,ACTIVE
3437,6459,Time Deposit,770502785,2026-09-29,YGY01,ACTIVE
3438,3361,Savings,62365010,2026-10-06,MDN01,ACTIVE
3439,431,Savings,16480986,2026-09-12,BDG01,ACTIVE
3440,2892,Savings,5816227,2027-01-18,JKT02,ACTIVE
3441,4860,Savings,39400404,2028-02-14,SBY01,ACTIVE
3442,404,Time Deposit,432496232,2026-12-17,SMG01,ACTIVE
3443,4897,Time Deposit,155635258,2026-11-05,JKT01,ACTIVE
3444,1235,Savings,91191172,2027-11-15,SMG01,ACTIVE
3445,3717,Time Deposit,174429264,2027-02-21,MDN01,ACTIVE
3446,9479,Savings,30792640,2027-01-01,JKT01,ACTIVE
3447,939,Savings,150335806,2026-11-19,YGY01,ACTIVE
3448,6413,Savings,29661348,2027-10-04,SBY01,ACTIVE
3449,8390,Savings,30429860,2026-12-17,BDG01,ACTIVE
3450,5320,Time Deposit,1532090595,2026-12-13,MDN01,ACTIVE
3451,9470,Savings,11938035,2027-01-09,MDN01,ACTIVE
3452,5648,Savings,128083995,2027-11-24,SMG01,ACTIVE
3453,7737,Time Deposit,413432578,2026-09-25,MDN01,ACTIVE
3454,2931,Savings,123141181,2026-06-13,MDN01,ACTIVE
3455,7706,Savings,96274079,2026-10-03,YGY01,ACTIVE
3456,4812,Savings,11808398,2027-09-03,MDN01,ACTIVE
3457,5327,Savings,25461319,2027-07-22,SMG01,ACTIVE
3458,8625,Time Deposit,1565906248,2026-12-02,JKT02,ACTIVE
3459,7653,Savings,153874432,2026-08-02,BDG01,ACTIVE
3460,5348,Savings,15823182,2027-07-08,SMG01,ACTIVE
3461,6767,Time Deposit,633265303,2026-10-08,JKT01,ACTIVE
3462,1074,Time Deposit,1100546917,2026-07-22,MDN01,ACTIVE
3463,9056,Savings,83765488,2027-08-21,JKT01,ACTIVE
3464,6476,Savings,22598222,2026-09-20,SBY01,ACTIVE
3465,3370,Savings,187953315,2026-05-05,JKT01,ACTIVE
3466,7256,Time Deposit,1123743307,2026-10-05,YGY01,ACTIVE
3467,6142,Savings,88158982,2027-11-08,YGY01,ACTIVE
3468,4897,Savings,14755474,2026-10-17,JKT01,ACTIVE
3469,5656,Savings,48276417,2028-03-15,MDN01,ACTIVE
3470,204,Savings,30550487,2027-01-20,YGY01,ACTIVE
3471,9643,Time Deposit,552462689,2027-01-13,YGY01,ACTIVE
3472,9691,Savings,24100893,2026-11-17,SBY01,ACTIVE
3473,4972,Time Deposit,290409615,2027-01-15,YGY01,ACTIVE
3474,7217,Savings,68626881,2027-10-03,SMG01,ACTIVE
3475,2660,Savings,7348582,2026-07-03,YGY01,ACTIVE
3476,1888,Savings,79063502,2027-08-24,JKT01,ACTIVE
3477,6210,Savings,81260027,2027-07-28,SMG01,ACTIVE
3478,571,Savings,75749978,2026-12-10,SBY01,ACTIVE
3479,2147,Savings,42958444,2027-11-20,YGY01,ACTIVE
3480,1435,Savings,67029340,2027-02-25,SBY01,ACTIVE
3481,9261,Savings,3674849,2027-05-29,MDN01,ACTIVE
3482,6114,Time Deposit,934885123,2026-08-27,JKT01,ACTIVE
3483,18,Savings,5927009,2027-09-22,JKT02,ACTIVE
3484,1324,Savings,25313164,2027-05-27,SBY01,ACTIVE
3485,7464,Savings,10474046,2026-07-20,JKT01,ACTIVE
3486,5316,Savings,78399910,2027-07-23,JKT01,ACTIVE
3487,72,Savings,13447012,2026-04-21,JKT02,ACTIVE
3488,7528,Savings,57339238,2027-05-25,SMG01,ACTIVE
3489,8301,Time Deposit,796134792,2026-04-21,BDG01,ACTIVE
3490,960,Time Deposit,561252790,2026-05-09,YGY01,ACTIVE
3491,9143,Savings,20334998,2027-05-07,SMG01,ACTIVE
3492,1948,Savings,21583865,2026-04-20,YGY01,ACTIVE
3493,3838,Savings,22565565,2027-08-16,YGY01,ACTIVE
3494,646,Time Deposit,183214738,2027-02-08,BDG01,ACTIVE
3495,800,Time Deposit,789385104,2026-11-03,JKT02,ACTIVE
3496,8373,Savings,69945201,2027-04-21,JKT01,ACTIVE
3497,5696,Savings,60934044,2027-12-10,BDG01,ACTIVE
3498,5113,Savings,102396608,2026-09-11,JKT01,ACTIVE
3499,628,Time Deposit,106491993,2026-06-18,YGY01,ACTIVE
3500,3276,Time Deposit,602432149,2027-01-29,SBY01,ACTIVE
3501,3175,Savings,9322172,2027-01-22,MDN01,ACTIVE
3502,1563,Time Deposit,1437447122,2027-03-05,YGY01,ACTIVE
3503,1422,Savings,75729193,2028-01-26,SMG01,ACTIVE
3504,509,Time Deposit,1027914495,2027-02-10,YGY01,ACTIVE
3505,9700,Savings,182155846,2027-02-10,JKT02,ACTIVE
3506,9674,Time Deposit,588083051,2026-07-19,JKT02,ACTIVE
3507,9639,Savings,8132850,2027-08-02,MDN01,ACTIVE
3508,3213,Savings,18624296,2026-08-20,YGY01,ACTIVE
3509,6882,Savings,2024684,2026-05-02,SBY01,ACTIVE
3510,913,Savings,162799832,2026-08-26,JKT01,ACTIVE
3511,2335,Time Deposit,508650966,2026-11-03,YGY01,ACTIVE
3512,7344,Time Deposit,773380715,2026-12-21,JKT02,ACTIVE
3513,1771,Time Deposit,1047997522,2026-12-11,JKT02,ACTIVE
3514,6170,Savings,170177892,2027-02-15,SMG01,ACTIVE
3515,4345,Savings,55819879,2027-05-15,SBY01,ACTIVE
3516,3931,Savings,80050045,2026-10-10,SMG01,ACTIVE
3517,3801,Savings,39838802,2027-12-29,YGY01,ACTIVE
3518,4365,Time Deposit,1437183002,2027-01-31,JKT01,ACTIVE
3519,9069,Time Deposit,747170942,2026-12-08,JKT01,ACTIVE
3520,9839,Savings,115241519,2027-03-16,YGY01,ACTIVE
3521,2562,Time Deposit,450927016,2026-12-13,YGY01,ACTIVE
3522,2643,Savings,15908786,2027-08-07,SBY01,ACTIVE
3523,7188,Savings,64763172,2028-01-23,SBY01,ACTIVE
3524,1115,Savings,9589801,2027-09-11,MDN01,ACTIVE
3525,5838,Time Deposit,642074124,2026-11-23,YGY01,ACTIVE
3526,2138,Time Deposit,1326123974,2026-11-25,YGY01,ACTIVE
3527,3795,Time Deposit,747217593,2026-12-29,MDN01,ACTIVE
3528,2898,Savings,13095166,2027-12-14,YGY01,ACTIVE
3529,8000,Time Deposit,519632944,2026-09-22,MDN01,ACTIVE
3530,2755,Savings,185670439,2026-05-15,MDN01,ACTIVE
3531,278,Time Deposit,1447118801,2026-07-28,SBY01,ACTIVE
3532,4176,Time Deposit,717744518,2027-01-13,BDG01,ACTIVE
3533,3605,Time Deposit,425203448,2027-01-08,JKT02,ACTIVE
3534,9832,Savings,222440064,2027-02-21,YGY01,ACTIVE
3535,9555,Time Deposit,700435178,2026-10-15,SBY01,ACTIVE
3536,5192,Savings,8644286,2027-10-03,SMG01,ACTIVE
3537,9622,Time Deposit,834079181,2026-12-03,MDN01,ACTIVE
3538,3699,Time Deposit,1137440699,2027-03-06,JKT01,ACTIVE
3539,9722,Time Deposit,657049862,2027-02-08,SMG01,ACTIVE
3540,9,Savings,76844730,2027-08-05,MDN01,ACTIVE
3541,3990,Time Deposit,478951566,2026-10-04,MDN01,ACTIVE
3542,4603,Time Deposit,176636217,2026-09-06,JKT01,ACTIVE
3543,1155,Savings,27806350,2027-10-08,JKT01,ACTIVE
3544,6390,Time Deposit,692181821,2026-09-28,JKT02,ACTIVE
3545,6115,Savings,47517436,2027-04-16,SMG01,ACTIVE
3546,4664,Savings,15850644,2026-05-24,SMG01,ACTIVE
3547,7774,Savings,88479811,2027-07-18,MDN01,ACTIVE
3548,3655,Savings,103249141,2027-12-26,YGY01,ACTIVE
3549,7872,Savings,179823986,2027-04-29,JKT01,ACTIVE
3550,387,Time Deposit,426839391,2026-05-17,JKT01,ACTIVE
3551,303,Savings,35226425,2026-11-27,JKT01,ACTIVE
3552,359,Time Deposit,709093891,2026-04-07,MDN01,ACTIVE
3553,3766,Savings,12672223,2027-07-16,MDN01,ACTIVE
3554,4148,Savings,2938471,2028-01-23,SMG01,ACTIVE
3555,1730,Time Deposit,779254253,2026-10-18,YGY01,ACTIVE
3556,4478,Savings,25549094,2026-07-26,JKT01,ACTIVE
3557,3104,Savings,19554981,2027-03-28,JKT02,ACTIVE
3558,8603,Savings,33039583,2027-08-15,JKT01,ACTIVE
3559,2767,Savings,220130867,2026-10-22,SBY01,ACTIVE
3560,7229,Savings,124819004,2026-05-16,YGY01,ACTIVE
3561,3781,Time Deposit,258138993,2026-10-12,JKT01,ACTIVE
3562,2816,Savings,27153933,2027-09-15,YGY01,ACTIVE
3563,7485,Savings,85953314,2026-08-30,MDN01,ACTIVE
3564,5448,Savings,13304421,2027-02-27,YGY01,ACTIVE
3565,517,Savings,62066068,2027-01-05,JKT02,ACTIVE
3566,5611,Time Deposit,979822832,2026-09-19,JKT02,ACTIVE
3567,7975,Time Deposit,975595836,2026-06-21,MDN01,ACTIVE
3568,3059,Time Deposit,950017037,2027-01-13,SMG01,ACTIVE
3569,9427,Time Deposit,659559213,2026-08-25,BDG01,ACTIVE
3570,3461,Savings,147816042,2027-01-26,JKT02,ACTIVE
3571,1229,Savings,85920807,2027-12-11,SMG01,ACTIVE
3572,4018,Savings,31727483,2027-08-12,SBY01,ACTIVE
3573,5316,Time Deposit,868208685,2027-01-14,MDN01,ACTIVE
3574,8376,Savings,14208002,2028-01-09,SMG01,ACTIVE
3575,3822,Time Deposit,867955217,2026-11-06,SMG01,ACTIVE
3576,1762,Time Deposit,723340077,2026-09-20,YGY01,ACTIVE
3577,2402,Time Deposit,650378138,2026-04-16,MDN01,ACTIVE
3578,6735,Time Deposit,493913514,2026-09-26,JKT02,ACTIVE
3579,5971,Time Deposit,222071153,2027-02-21,BDG01,ACTIVE
3580,4027,Savings,172273165,2027-08-27,MDN01,ACTIVE
3581,7487,Savings,31068372,2026-09-23,BDG01,ACTIVE
3582,3637,Savings,18367946,2026-05-17,JKT01,ACTIVE
3583,2195,Savings,30913477,2026-06-18,SBY01,ACTIVE
3584,3522,Time Deposit,1176845644,2026-10-03,SMG01,ACTIVE
3585,1950,Savings,12800664,2027-11-12,MDN01,ACTIVE
3586,1758,Savings,90777079,2027-11-29,BDG01,ACTIVE
3587,3125,Savings,35045904,2027-08-15,JKT01,ACTIVE
3588,4610,Savings,13590788,2028-03-15,SMG01,ACTIVE
3589,2145,Time Deposit,1179336288,2027-03-14,SMG01,ACTIVE
3590,846,Savings,14301781,2027-01-25,SMG01,ACTIVE
3591,8967,Time Deposit,641498050,2026-11-07,JKT02,ACTIVE
3592,7232,Savings,58328819,2027-01-27,JKT02,ACTIVE
3593,6751,Savings,8414724,2026-07-08,YGY01,ACTIVE
3594,1538,Savings,22579511,2027-10-29,SBY01,ACTIVE
3595,6628,Time Deposit,1223452256,2027-01-10,BDG01,ACTIVE
3596,1529,Time Deposit,972709309,2026-05-22,BDG01,ACTIVE
3597,2208,Time Deposit,1346566921,2026-04-24,MDN01,ACTIVE
3598,5918,Time Deposit,763906128,2026-09-28,JKT01,ACTIVE
3599,8281,Savings,124951580,2028-03-15,MDN01,ACTIVE
3600,1283,Savings,13324518,2027-05-25,SMG01,ACTIVE
3601,3305,Time Deposit,785760849,2026-11-01,BDG01,ACTIVE
3602,8229,Savings,53675019,2026-07-09,JKT01,ACTIVE
3603,3208,Time Deposit,1228499475,2026-09-09,BDG01,ACTIVE
3604,9631,Savings,70419376,2026-08-21,JKT01,ACTIVE
3605,5224,Savings,25477564,2026-04-25,MDN01,ACTIVE
3606,2447,Time Deposit,406780451,2026-07-27,MDN01,ACTIVE
3607,3705,Savings,38791474,2026-10-07,JKT02,ACTIVE
3608,5969,Savings,31172851,2027-05-28,JKT01,ACTIVE
3609,1982,Time Deposit,1423213654,2026-08-01,YGY01,ACTIVE
3610,6219,Time Deposit,162620075,2027-03-09,BDG01,ACTIVE
3611,5157,Time Deposit,1691502344,2026-09-04,YGY01,ACTIVE
3612,1979,Savings,23649173,2027-03-26,YGY01,ACTIVE
3613,6774,Time Deposit,531449470,2026-12-06,SBY01,ACTIVE
3614,9196,Savings,184607599,2027-06-19,YGY01,ACTIVE
3615,8418,Time Deposit,304033090,2026-05-21,SMG01,ACTIVE
3616,2091,Savings,10417860,2026-10-11,BDG01,ACTIVE
3617,2203,Time Deposit,713050187,2026-11-07,JKT02,ACTIVE
3618,401,Savings,14394480,2027-09-14,YGY01,ACTIVE
3619,3817,Time Deposit,945149838,2026-04-29,JKT02,ACTIVE
3620,8285,Time Deposit,111248361,2026-10-12,SBY01,ACTIVE
3621,4290,Time Deposit,439200634,2027-03-10,BDG01,ACTIVE
3622,194,Time Deposit,537907800,2026-11-04,JKT01,ACTIVE
3623,9482,Savings,22575784,2027-05-01,BDG01,ACTIVE
3624,8603,Savings,8742853,2026-12-31,SBY01,ACTIVE
3625,2716,Savings,144316126,2026-06-19,JKT02,ACTIVE
3626,6743,Savings,27977616,2027-01-06,JKT02,ACTIVE
3627,5713,Time Deposit,1006326239,2026-07-16,BDG01,ACTIVE
3628,5848,Time Deposit,223554051,2026-04-02,JKT01,ACTIVE
3629,5560,Time Deposit,253563279,2026-12-18,SBY01,ACTIVE
3630,1054,Time Deposit,586142330,2027-01-07,JKT01,ACTIVE
3631,5945,Savings,21367537,2028-01-31,JKT02,ACTIVE
3632,4804,Time Deposit,997311137,2027-01-19,YGY01,ACTIVE
3633,2190,Time Deposit,180706679,2027-02-06,SMG01,ACTIVE
3634,4817,Savings,7517583,2027-03-21,JKT01,ACTIVE
3635,974,Savings,6712905,2027-04-20,SBY01,ACTIVE
3636,4232,Savings,19054501,2027-09-29,SBY01,ACTIVE
3637,7147,Time Deposit,815715338,2026-06-03,JKT02,ACTIVE
3638,4133,Savings,29361353,2027-03-22,JKT02,ACTIVE
3639,6880,Time Deposit,347120108,2026-05-24,YGY01,ACTIVE
3640,9870,Savings,16766120,2026-07-06,SBY01,ACTIVE
3641,9478,Savings,72925027,2028-01-04,YGY01,ACTIVE
3642,8052,Time Deposit,613757716,2026-05-29,JKT02,ACTIVE
3643,3268,Savings,29862449,2027-08-28,MDN01,ACTIVE
3644,9496,Time Deposit,1336116230,2026-09-23,BDG01,ACTIVE
3645,6188,Time Deposit,916466089,2026-10-06,JKT01,ACTIVE
3646,934,Time Deposit,570667705,2026-11-09,YGY01,ACTIVE
3647,8785,Savings,13966968,2027-05-12,JKT02,ACTIVE
3648,5982,Time Deposit,960293874,2026-09-15,BDG01,ACTIVE
3649,5394,Savings,67492418,2026-07-19,YGY01,ACTIVE
3650,7404,Time Deposit,273300493,2026-07-28,YGY01,ACTIVE
3651,3345,Savings,12518954,2026-04-27,MDN01,ACTIVE
3652,4771,Time Deposit,342064712,2027-02-18,SMG01,ACTIVE
3653,4435,Savings,61152152,2027-02-11,SBY01,ACTIVE
3654,7023,Savings,79689289,2026-09-07,JKT01,ACTIVE
3655,5198,Time Deposit,933475264,2026-07-20,SMG01,ACTIVE
3656,9803,Savings,7828464,2026-08-23,BDG01,ACTIVE
3657,9056,Time Deposit,1648922217,2026-11-27,BDG01,ACTIVE
3658,8228,Time Deposit,306716996,2026-07-20,YGY01,ACTIVE
3659,651,Savings,13234135,2028-02-25,SBY01,ACTIVE
3660,3747,Savings,24290038,2027-03-11,MDN01,ACTIVE
3661,4201,Savings,45279287,2026-11-25,SMG01,ACTIVE
3662,4947,Savings,48658190,2027-08-31,JKT01,ACTIVE
3663,2269,Savings,39646146,2026-12-15,MDN01,ACTIVE
3664,8028,Time Deposit,759806603,2027-02-21,JKT02,ACTIVE
3665,2633,Time Deposit,114187779,2026-10-05,YGY01,ACTIVE
3666,4624,Time Deposit,463026975,2027-02-11,SBY01,ACTIVE
3667,4237,Savings,44821267,2026-09-22,MDN01,ACTIVE
3668,7748,Time Deposit,836374546,2027-02-17,JKT01,ACTIVE
3669,8682,Time Deposit,718701421,2026-10-09,SBY01,ACTIVE
3670,8560,Savings,34714199,2026-07-21,JKT01,ACTIVE
3671,8629,Time Deposit,1197709226,2026-08-06,JKT02,ACTIVE
3672,5871,Time Deposit,569031413,2026-05-27,SMG01,ACTIVE
3673,1854,Savings,36148277,2026-11-24,MDN01,ACTIVE
3674,9170,Savings,22790607,2026-12-22,BDG01,ACTIVE
3675,7393,Savings,17993979,2028-03-15,JKT01,ACTIVE
3676,9192,Savings,25250555,2026-08-31,YGY01,ACTIVE
3677,9586,Savings,6929834,2026-04-26,SBY01,ACTIVE
3678,3996,Savings,16739663,2027-04-18,JKT01,ACTIVE
3679,8436,Time Deposit,758404869,2026-12-16,YGY01,ACTIVE
3680,5128,Time Deposit,670297504,2026-11-25,SMG01,ACTIVE
3681,5531,Time Deposit,846525722,2026-12-12,MDN01,ACTIVE
3682,7068,Time Deposit,1262135651,2026-09-29,SBY01,ACTIVE
3683,7030,Time Deposit,520537608,2027-01-31,JKT01,ACTIVE
3684,4617,Time Deposit,658502506,2026-10-30,JKT01,ACTIVE
3685,6493,Time Deposit,1625338123,2027-01-26,MDN01,ACTIVE
3686,9079,Savings,32879961,2027-11-20,YGY01,ACTIVE
3687,3554,Savings,33452933,2026-11-10,JKT02,ACTIVE
3688,7642,Savings,41387919,2027-05-21,SMG01,ACTIVE
3689,8576,Time Deposit,1168538302,2027-02-04,SMG01,ACTIVE
3690,5300,Savings,4034128,2026-10-23,SBY01,ACTIVE
3691,9393,Savings,23491405,2026-06-04,BDG01,ACTIVE
3692,9158,Savings,53075407,2026-10-04,JKT01,ACTIVE
3693,7365,Time Deposit,870286129,2026-05-18,YGY01,ACTIVE
3694,2216,Savings,32244553,2027-01-29,SMG01,ACTIVE
3695,3749,Savings,11626418,2028-01-20,YGY01,ACTIVE
3696,5720,Time Deposit,463104019,2026-04-15,SMG01,ACTIVE
3697,2709,Time Deposit,478240091,2027-01-15,JKT02,ACTIVE
3698,7573,Savings,5868076,2027-03-05,JKT02,ACTIVE
3699,5262,Savings,46292847,2026-06-25,JKT02,ACTIVE
3700,6973,Savings,16028029,2027-05-05,JKT02,ACTIVE
3701,1140,Savings,33281336,2027-03-24,BDG01,ACTIVE
3702,6327,Savings,46198186,2027-01-27,MDN01,ACTIVE
3703,2252,Time Deposit,303032361,2026-07-10,MDN01,ACTIVE
3704,9160,Savings,25111301,2027-02-20,SMG01,ACTIVE
3705,8245,Time Deposit,897465217,2026-10-02,JKT02,ACTIVE
3706,9796,Savings,179384798,2026-06-05,JKT01,ACTIVE
3707,5242,Savings,92498039,2027-02-28,JKT01,ACTIVE
3708,9714,Savings,9794213,2026-07-30,MDN01,ACTIVE
3709,4540,Savings,26423055,2026-10-19,JKT02,ACTIVE
3710,7993,Time Deposit,384736841,2026-07-13,BDG01,ACTIVE
3711,8187,Savings,44670451,2028-01-16,SBY01,ACTIVE
3712,1242,Time Deposit,1545753479,2026-10-18,JKT02,ACTIVE
3713,8461,Time Deposit,599619177,2026-11-26,SMG01,ACTIVE
3714,8546,Time Deposit,1263839703,2026-08-28,MDN01,ACTIVE
3715,1412,Time Deposit,644291082,2026-05-20,JKT01,ACTIVE
3716,8172,Time Deposit,986989491,2026-08-14,SMG01,ACTIVE
3717,7690,Savings,90880736,2026-07-12,SBY01,ACTIVE
3718,7688,Time Deposit,1261557133,2026-12-07,MDN01,ACTIVE
3719,5697,Savings,11023444,2027-01-20,MDN01,ACTIVE
3720,603,Time Deposit,1000517808,2027-01-25,SBY01,ACTIVE
3721,8180,Savings,16276150,2028-02-03,MDN01,ACTIVE
3722,3199,Time Deposit,887654686,2026-12-02,JKT01,ACTIVE
3723,2768,Time Deposit,1850905993,2026-09-09,MDN01,ACTIVE
3724,5361,Time Deposit,794078752,2026-11-09,JKT02,ACTIVE
3725,8372,Time Deposit,382201388,2026-12-17,BDG01,ACTIVE
3726,6989,Savings,53050724,2027-08-02,JKT01,ACTIVE
3727,1772,Time Deposit,1065359475,2026-07-08,YGY01,ACTIVE
3728,6965,Time Deposit,803309427,2026-12-08,SBY01,ACTIVE
3729,7230,Savings,24408619,2027-08-29,MDN01,ACTIVE
3730,116,Savings,133521005,2027-11-27,YGY01,ACTIVE
3731,4259,Savings,35912161,2027-03-25,JKT02,ACTIVE
3732,4451,Time Deposit,784571886,2026-07-09,JKT01,ACTIVE
3733,7018,Savings,57974968,2027-09-05,SMG01,ACTIVE
3734,6392,Savings,228184748,2027-02-02,SBY01,ACTIVE
3735,8983,Savings,120612749,2027-12-17,JKT01,ACTIVE
3736,6608,Time Deposit,908548773,2027-02-24,MDN01,ACTIVE
3737,8251,Savings,23850609,2027-08-26,MDN01,ACTIVE
3738,2721,Time Deposit,717882086,2026-04-03,JKT02,ACTIVE
3739,7234,Savings,15086568,2027-06-01,SMG01,ACTIVE
3740,4746,Time Deposit,685943376,2026-10-04,BDG01,ACTIVE
3741,9694,Savings,18418253,2027-04-26,YGY01,ACTIVE
3742,8594,Savings,25961281,2027-05-15,BDG01,ACTIVE
3743,2132,Savings,11932892,2027-06-17,BDG01,ACTIVE
3744,2040,Time Deposit,543546901,2026-06-05,JKT02,ACTIVE
3745,1733,Time Deposit,867123024,2026-08-10,JKT01,ACTIVE
3746,1384,Savings,13116148,2026-12-15,MDN01,ACTIVE
3747,7989,Time Deposit,111499059,2026-08-21,YGY01,ACTIVE
3748,9060,Savings,27387197,2028-02-03,SBY01,ACTIVE
3749,2309,Savings,20972692,2028-02-19,SBY01,ACTIVE
3750,4240,Savings,135349399,2027-08-31,SBY01,ACTIVE
3751,4305,Savings,119342849,2028-03-11,SMG01,ACTIVE
3752,593,Time Deposit,440595781,2026-06-12,BDG01,ACTIVE
3753,3175,Time Deposit,541296727,2027-03-12,YGY01,ACTIVE
3754,4306,Savings,105976575,2027-12-07,JKT02,ACTIVE
3755,5999,Time Deposit,1112114412,2027-02-02,JKT02,ACTIVE
3756,6600,Time Deposit,1344598176,2026-07-23,YGY01,ACTIVE
3757,7965,Time Deposit,733958397,2026-07-09,MDN01,ACTIVE
3758,1948,Savings,16562902,2027-09-21,JKT02,ACTIVE
3759,5557,Time Deposit,579689365,2026-12-27,JKT02,ACTIVE
3760,3466,Savings,104331252,2027-11-06,YGY01,ACTIVE
3761,7216,Time Deposit,178659028,2026-10-10,BDG01,ACTIVE
3762,1795,Savings,13832851,2027-08-30,YGY01,ACTIVE
3763,8291,Time Deposit,1232901504,2027-02-09,JKT02,ACTIVE
3764,4838,Time Deposit,246035557,2027-02-17,BDG01,ACTIVE
3765,1332,Time Deposit,1014523427,2026-10-09,SMG01,ACTIVE
3766,2549,Time Deposit,898583223,2027-03-07,JKT02,ACTIVE
3767,9296,Time Deposit,218838121,2027-02-09,MDN01,ACTIVE
3768,3520,Savings,17578535,2026-09-19,SBY01,ACTIVE
3769,6645,Savings,116317056,2026-06-11,SBY01,ACTIVE
3770,4062,Savings,43886596,2027-10-18,YGY01,ACTIVE
3771,4151,Savings,144838021,2027-12-22,SBY01,ACTIVE
3772,755,Time Deposit,888745658,2026-04-23,BDG01,ACTIVE
3773,6543,Savings,190362512,2027-09-10,YGY01,ACTIVE
3774,5761,Savings,10830214,2027-04-20,JKT02,ACTIVE
3775,6944,Savings,63086816,2026-09-23,BDG01,ACTIVE
3776,1404,Savings,26125403,2026-12-18,JKT02,ACTIVE
3777,2799,Savings,17837592,2026-10-24,SBY01,ACTIVE
3778,3511,Savings,35743515,2027-12-26,JKT01,ACTIVE
3779,6160,Time Deposit,573305012,2026-05-11,JKT02,ACTIVE
3780,1413,Savings,15713322,2027-04-23,SBY01,ACTIVE
3781,1815,Savings,32766799,2027-12-19,SMG01,ACTIVE
3782,3493,Time Deposit,825171497,2027-03-04,MDN01,ACTIVE
3783,5281,Savings,17620164,2027-11-02,MDN01,ACTIVE
3784,7095,Time Deposit,999514307,2026-09-28,SMG01,ACTIVE
3785,7763,Time Deposit,116054049,2027-02-12,YGY01,ACTIVE
3786,5907,Savings,16683817,2027-11-18,JKT02,ACTIVE
3787,7859,Time Deposit,487019270,2026-09-07,MDN01,ACTIVE
3788,168,Savings,34113447,2028-01-06,JKT01,ACTIVE
3789,3114,Time Deposit,567565982,2026-09-23,MDN01,ACTIVE
3790,6094,Savings,11042755,2027-02-02,YGY01,ACTIVE
3791,3223,Time Deposit,1430948403,2027-02-10,SMG01,ACTIVE
3792,3936,Time Deposit,555797348,2027-01-18,SMG01,ACTIVE
3793,6382,Savings,27710592,2026-09-06,MDN01,ACTIVE
3794,4313,Time Deposit,321573212,2027-03-11,JKT01,ACTIVE
3795,7582,Savings,11454435,2026-05-19,JKT01,ACTIVE
3796,1479,Savings,17473399,2027-04-22,MDN01,ACTIVE
3797,597,Time Deposit,865069959,2027-02-07,SBY01,ACTIVE
3798,7661,Savings,25501744,2026-12-20,YGY01,ACTIVE
3799,5420,Savings,88283494,2026-12-29,BDG01,ACTIVE
3800,2391,Savings,61432039,2028-03-08,JKT01,ACTIVE
3801,1178,Savings,35375947,2026-06-26,JKT02,ACTIVE
3802,7639,Time Deposit,563036755,2026-04-03,JKT01,ACTIVE
3803,256,Savings,28781445,2028-01-07,MDN01,ACTIVE
3804,816,Savings,52200543,2027-04-04,SMG01,ACTIVE
3805,2176,Time Deposit,1170269622,2026-06-12,YGY01,ACTIVE
3806,2575,Savings,203567895,2027-03-27,JKT02,ACTIVE
3807,2112,Savings,13057695,2027-10-15,SMG01,ACTIVE
3808,3101,Time Deposit,662816566,2027-01-17,SMG01,ACTIVE
3809,3750,Savings,46492036,2027-11-13,SMG01,ACTIVE
3810,1981,Time Deposit,725217058,2026-05-10,BDG01,ACTIVE
3811,4364,Savings,36879040,2027-08-21,JKT01,ACTIVE
3812,3503,Time Deposit,1306810127,2027-01-31,BDG01,ACTIVE
3813,7110,Savings,16615999,2026-11-14,SBY01,ACTIVE
3814,9034,Time Deposit,447299793,2026-06-10,SMG01,ACTIVE
3815,8529,Savings,143554714,2027-09-11,MDN01,ACTIVE
3816,1135,Savings,10173703,2026-05-10,MDN01,ACTIVE
3817,3775,Time Deposit,392792499,2026-12-27,JKT02,ACTIVE
3818,696,Savings,53326002,2027-09-28,SMG01,ACTIVE
3819,6046,Time Deposit,1059241683,2026-06-08,SMG01,ACTIVE
3820,5782,Time Deposit,84675445,2027-02-22,JKT02,ACTIVE
3821,5563,Savings,8982992,2027-09-11,BDG01,ACTIVE
3822,475,Savings,5797346,2026-10-26,MDN01,ACTIVE
3823,1065,Savings,134502360,2026-06-08,BDG01,ACTIVE
3824,7042,Savings,27612837,2027-10-07,SMG01,ACTIVE
3825,4233,Savings,38777686,2026-06-23,SMG01,ACTIVE
3826,9724,Savings,3610384,2026-12-18,SMG01,ACTIVE
3827,9437,Time Deposit,307705088,2026-09-04,SBY01,ACTIVE
3828,698,Time Deposit,733943259,2027-02-22,YGY01,ACTIVE
3829,9422,Savings,14937294,2027-09-19,SBY01,ACTIVE
3830,3068,Time Deposit,833044783,2026-10-11,JKT02,ACTIVE
3831,2235,Time Deposit,987328502,2026-04-24,YGY01,ACTIVE
3832,3727,Time Deposit,624978120,2026-09-05,BDG01,ACTIVE
3833,6277,Time Deposit,311731984,2026-05-19,JKT02,ACTIVE
3834,8410,Time Deposit,507593323,2026-07-22,BDG01,ACTIVE
3835,531,Savings,95077534,2027-05-05,SBY01,ACTIVE
3836,8377,Time Deposit,645048931,2026-04-14,BDG01,ACTIVE
3837,6195,Time Deposit,1452261340,2027-02-23,BDG01,ACTIVE
3838,6989,Savings,109331903,2027-11-24,JKT02,ACTIVE
3839,8275,Time Deposit,1218062927,2026-08-05,SMG01,ACTIVE
3840,962,Time Deposit,555927255,2026-07-24,SBY01,ACTIVE
3841,1518,Savings,21776020,2026-10-27,BDG01,ACTIVE
3842,8708,Savings,29747890,2027-11-16,MDN01,ACTIVE
3843,9277,Savings,32672170,2027-12-12,JKT01,ACTIVE
3844,270,Time Deposit,1563841078,2026-08-17,SBY01,ACTIVE
3845,716,Time Deposit,689215593,2026-07-04,BDG01,ACTIVE
3846,6776,Savings,6964136,2026-06-30,YGY01,ACTIVE
3847,6342,Savings,102946385,2027-06-15,YGY01,ACTIVE
3848,6757,Savings,17167625,2028-01-22,SMG01,ACTIVE
3849,1090,Savings,33215551,2026-12-26,JKT01,ACTIVE
3850,6139,Time Deposit,251224161,2026-08-12,BDG01,ACTIVE
3851,9776,Savings,116231652,2026-04-28,JKT02,ACTIVE
3852,3097,Savings,31009612,2026-10-17,SMG01,ACTIVE
3853,4456,Time Deposit,1367032925,2026-10-30,BDG01,ACTIVE
3854,4055,Time Deposit,424130912,2026-10-28,YGY01,ACTIVE
3855,5362,Time Deposit,1052342803,2027-01-08,JKT01,ACTIVE
3856,313,Time Deposit,1565947198,2027-01-19,MDN01,ACTIVE
3857,3507,Time Deposit,1291977114,2027-01-03,JKT01,ACTIVE
3858,3284,Time Deposit,893978778,2026-04-27,JKT01,ACTIVE
3859,8543,Savings,139947944,2027-03-22,SBY01,ACTIVE
3860,5451,Savings,5663864,2027-08-20,SBY01,ACTIVE
3861,6229,Time Deposit,1362371799,2027-02-11,MDN01,ACTIVE
3862,9193,Time Deposit,1505655222,2026-12-22,YGY01,ACTIVE
3863,8082,Savings,153539642,2028-01-24,YGY01,ACTIVE
3864,8410,Time Deposit,265074839,2026-10-25,JKT01,ACTIVE
3865,8894,Savings,14064017,2026-08-06,SBY01,ACTIVE
3866,938,Savings,79907929,2027-04-22,SBY01,ACTIVE
3867,8445,Time Deposit,328172980,2026-12-30,SMG01,ACTIVE
3868,3636,Time Deposit,286875530,2026-09-17,JKT02,ACTIVE
3869,7790,Savings,15679858,2027-09-06,YGY01,ACTIVE
3870,5003,Savings,22157610,2027-04-10,SMG01,ACTIVE
3871,6015,Savings,33085308,2027-01-28,YGY01,ACTIVE
3872,7986,Savings,30305673,2026-07-28,YGY01,ACTIVE
3873,4301,Savings,101929637,2027-01-15,SMG01,ACTIVE
3874,8474,Time Deposit,292859937,2027-02-25,SBY01,ACTIVE
3875,968,Savings,9404493,2027-09-26,JKT02,ACTIVE
3876,4059,Time Deposit,1029848104,2026-04-30,MDN01,ACTIVE
3877,3755,Savings,7183505,2027-04-19,JKT01,ACTIVE
3878,6317,Savings,105486298,2027-04-03,SBY01,ACTIVE
3879,1141,Savings,103918481,2026-04-19,JKT02,ACTIVE
3880,4890,Savings,30444564,2027-02-23,SBY01,ACTIVE
3881,9775,Savings,10190647,2026-10-06,MDN01,ACTIVE
3882,1753,Time Deposit,713058042,2026-05-26,SBY01,ACTIVE
3883,7658,Savings,65751305,2027-06-06,SMG01,ACTIVE
3884,1605,Savings,114552870,2027-03-30,MDN01,ACTIVE
3885,9466,Time Deposit,999038411,2026-08-17,MDN01,ACTIVE
3886,1960,Savings,25960961,2027-03-02,MDN01,ACTIVE
3887,6834,Savings,3581075,2027-07-17,BDG01,ACTIVE
3888,4498,Savings,104887476,2027-12-30,SBY01,ACTIVE
3889,1511,Time Deposit,289431786,2026-12-05,BDG01,ACTIVE
3890,4092,Savings,124489788,2026-06-10,SBY01,ACTIVE
3891,1250,Time Deposit,1273691171,2026-08-12,JKT02,ACTIVE
3892,3298,Savings,16386540,2027-03-04,BDG01,ACTIVE
3893,3345,Savings,35853869,2028-02-22,JKT02,ACTIVE
3894,2896,Savings,26125941,2027-07-01,JKT02,ACTIVE
3895,3123,Savings,6422424,2027-06-25,YGY01,ACTIVE
3896,7748,Time Deposit,220361664,2027-02-26,MDN01,ACTIVE
3897,3827,Time Deposit,302347728,2026-09-03,BDG01,ACTIVE
3898,2115,Savings,25314505,2027-04-07,YGY01,ACTIVE
3899,1783,Savings,93160755,2028-01-02,JKT01,ACTIVE
3900,2766,Time Deposit,182785321,2027-03-16,BDG01,ACTIVE
3901,9937,Savings,48297065,2026-10-24,SBY01,ACTIVE
3902,4277,Time Deposit,762212154,2027-02-10,JKT01,ACTIVE
3903,2007,Savings,18426895,2026-06-24,JKT01,ACTIVE
3904,6206,Savings,55458094,2027-08-21,MDN01,ACTIVE
3905,1018,Time Deposit,1557118298,2026-05-22,BDG01,ACTIVE
3906,5846,Savings,21391327,2028-02-11,BDG01,ACTIVE
3907,3278,Time Deposit,417842313,2026-07-17,SBY01,ACTIVE
3908,5530,Time Deposit,542171818,2027-01-29,SBY01,ACTIVE
3909,4286,Savings,179059309,2026-06-04,SMG01,ACTIVE
3910,2564,Time Deposit,402729272,2026-05-05,SBY01,ACTIVE
3911,8290,Savings,61831269,2027-08-07,MDN01,ACTIVE
3912,1699,Savings,35011166,2027-12-14,SMG01,ACTIVE
3913,314,Time Deposit,603317571,2026-10-14,BDG01,ACTIVE
3914,2502,Savings,4107496,2026-04-22,SBY01,ACTIVE
3915,6733,Savings,67052827,2026-08-20,MDN01,ACTIVE
3916,6122,Savings,50074489,2027-09-22,SBY01,ACTIVE
3917,2292,Savings,9843724,2028-01-28,YGY01,ACTIVE
3918,3795,Time Deposit,588701853,2026-11-19,JKT02,ACTIVE
3919,1660,Time Deposit,240716952,2026-11-04,SMG01,ACTIVE
3920,8580,Savings,169477368,2026-09-11,MDN01,ACTIVE
3921,3876,Savings,56318938,2027-01-06,SBY01,ACTIVE
3922,2324,Savings,172441958,2026-09-30,SBY01,ACTIVE
3923,7597,Savings,14750351,2027-12-09,JKT02,ACTIVE
3924,529,Time Deposit,776471791,2026-07-16,SMG01,ACTIVE
3925,4721,Savings,13098063,2027-04-28,JKT01,ACTIVE
3926,1937,Time Deposit,1377130433,2027-01-25,SBY01,ACTIVE
3927,2967,Savings,23196512,2026-06-17,MDN01,ACTIVE
3928,258,Time Deposit,1227282410,2026-06-19,SBY01,ACTIVE
3929,2545,Savings,13338592,2027-01-04,MDN01,ACTIVE
3930,7017,Savings,174729929,2027-02-06,JKT01,ACTIVE
3931,7925,Time Deposit,1456083907,2026-07-11,SBY01,ACTIVE
3932,3684,Savings,18052504,2028-01-31,YGY01,ACTIVE
3933,1561,Savings,84430257,2026-10-09,SBY01,ACTIVE
3934,410,Savings,19973944,2028-02-05,SMG01,ACTIVE
3935,6609,Savings,114327248,2026-11-09,BDG01,ACTIVE
3936,8525,Time Deposit,1116025942,2026-12-31,MDN01,ACTIVE
3937,5990,Time Deposit,795832183,2027-01-12,SMG01,ACTIVE
3938,1668,Savings,132582695,2027-01-25,YGY01,ACTIVE
3939,4901,Savings,12194369,2027-07-14,SBY01,ACTIVE
3940,3565,Savings,7711274,2027-09-24,YGY01,ACTIVE
3941,7786,Savings,35139029,2028-03-02,BDG01,ACTIVE
3942,9950,Savings,10109514,2027-08-30,SBY01,ACTIVE
3943,4255,Time Deposit,146973059,2026-05-11,MDN01,ACTIVE
3944,36,Savings,22976297,2026-12-22,JKT02,ACTIVE
3945,6459,Time Deposit,1735513323,2026-12-08,BDG01,ACTIVE
3946,7877,Time Deposit,1193387685,2026-08-12,JKT02,ACTIVE
3947,739,Savings,50885687,2027-03-24,BDG01,ACTIVE
3948,6780,Time Deposit,573504013,2026-11-18,BDG01,ACTIVE
3949,5667,Time Deposit,1130757812,2027-02-10,SBY01,ACTIVE
3950,8863,Time Deposit,430253102,2026-06-04,BDG01,ACTIVE
3951,1505,Time Deposit,696345272,2027-02-13,YGY01,ACTIVE
3952,1915,Savings,79128808,2027-03-28,JKT02,ACTIVE
3953,9633,Savings,18389349,2028-03-11,BDG01,ACTIVE
3954,7912,Savings,32844262,2027-07-01,SMG01,ACTIVE
3955,7256,Time Deposit,1376863593,2026-06-16,MDN01,ACTIVE
3956,2549,Savings,92980311,2027-03-09,SBY01,ACTIVE
3957,8923,Savings,39855455,2026-07-02,JKT01,ACTIVE
3958,8020,Time Deposit,211916892,2026-05-22,MDN01,ACTIVE
3959,1400,Savings,100519278,2026-08-02,JKT02,ACTIVE
3960,966,Time Deposit,453069562,2026-07-23,JKT02,ACTIVE
3961,1902,Savings,36808929,2026-07-25,BDG01,ACTIVE
3962,9753,Time Deposit,338395552,2026-07-27,MDN01,ACTIVE
3963,1332,Time Deposit,1281801517,2026-05-28,BDG01,ACTIVE
3964,2636,Savings,107987739,2027-03-25,MDN01,ACTIVE
3965,367,Savings,79807595,2027-05-22,SBY01,ACTIVE
3966,5477,Savings,118612172,2026-05-18,YGY01,ACTIVE
3967,8311,Savings,8414467,2027-04-11,YGY01,ACTIVE
3968,6077,Savings,101111904,2027-02-14,JKT02,ACTIVE
3969,1945,Savings,140216982,2026-10-26,BDG01,ACTIVE
3970,3565,Savings,22381629,2026-05-26,JKT02,ACTIVE
3971,1915,Savings,149332982,2026-10-24,JKT01,ACTIVE
3972,355,Time Deposit,301321311,2026-05-12,SMG01,ACTIVE
3973,4580,Savings,143243386,2026-07-26,BDG01,ACTIVE
3974,2941,Savings,105211548,2027-11-08,MDN01,ACTIVE
3975,4731,Savings,9442979,2027-05-10,JKT01,ACTIVE
3976,8806,Time Deposit,295252912,2026-08-23,JKT01,ACTIVE
3977,9875,Savings,12083320,2028-01-01,YGY01,ACTIVE
3978,6177,Savings,22247282,2026-07-04,SMG01,ACTIVE
3979,7261,Savings,25584661,2027-07-06,SBY01,ACTIVE
3980,9381,Time Deposit,435200899,2027-02-04,SMG01,ACTIVE
3981,2158,Time Deposit,537526073,2027-01-16,MDN01,ACTIVE
3982,1238,Time Deposit,434316161,2027-01-12,YGY01,ACTIVE
3983,9111,Time Deposit,884457094,2026-06-27,JKT02,ACTIVE
3984,9622,Savings,65481740,2026-04-23,JKT01,ACTIVE
3985,1422,Savings,39487396,2027-09-03,YGY01,ACTIVE
3986,9126,Savings,15605935,2026-11-23,SBY01,ACTIVE
3987,2098,Savings,66424735,2027-08-12,JKT01,ACTIVE
3988,1307,Time Deposit,1090075700,2026-10-22,SBY01,ACTIVE
3989,9619,Time Deposit,1377022915,2026-12-28,BDG01,ACTIVE
3990,8153,Time Deposit,263806905,2026-05-05,JKT01,ACTIVE
3991,3871,Time Deposit,437018752,2027-03-09,MDN01,ACTIVE
3992,4071,Time Deposit,1293218420,2026-09-03,MDN01,ACTIVE
3993,6176,Time Deposit,685592112,2027-02-08,SBY01,ACTIVE
3994,7361,Savings,12700572,2026-11-06,JKT01,ACTIVE
3995,182,Savings,110782051,2028-02-22,JKT01,ACTIVE
3996,9321,Savings,48167906,2026-09-09,SBY01,ACTIVE
3997,3314,Savings,54211482,2028-01-19,SMG01,ACTIVE
3998,9898,Time Deposit,421270442,2027-02-06,SBY01,ACTIVE
3999,6099,Time Deposit,1481026950,2026-08-31,JKT02,ACTIVE
4000,2550,Savings,7635018,2027-11-16,BDG01,ACTIVE
4001,7711,Savings,54127996,2027-04-03,MDN01,ACTIVE
4002,8711,Time Deposit,926056629,2026-11-03,JKT02,ACTIVE
4003,6445,Time Deposit,1296202218,2026-12-18,JKT01,ACTIVE
4004,5555,Savings,5588929,2027-11-24,YGY01,ACTIVE
4005,8702,Time Deposit,1408889276,2027-01-24,JKT01,ACTIVE
4006,3184,Time Deposit,280812772,2026-05-23,BDG01,ACTIVE
4007,24,Time Deposit,427935060,2026-04-07,MDN01,ACTIVE
4008,798,Savings,12076777,2028-01-19,BDG01,ACTIVE
4009,7167,Time Deposit,519213253,2026-07-21,YGY01,ACTIVE
4010,4164,Savings,30100987,2027-06-10,BDG01,ACTIVE
4011,4553,Savings,81590993,2026-11-25,MDN01,ACTIVE
4012,5768,Time Deposit,272309784,2026-07-17,SMG01,ACTIVE
4013,9280,Savings,32697113,2026-08-22,BDG01,ACTIVE
4014,264,Time Deposit,945473409,2027-02-16,BDG01,ACTIVE
4015,1385,Time Deposit,1620154126,2026-10-21,SMG01,ACTIVE
4016,6536,Time Deposit,361083187,2026-11-07,SMG01,ACTIVE
4017,8570,Savings,7570587,2028-02-07,SMG01,ACTIVE
4018,1018,Savings,158788310,2027-05-13,SBY01,ACTIVE
4019,1235,Savings,65349934,2027-10-16,JKT01,ACTIVE
4020,6076,Savings,9436596,2027-12-28,YGY01,ACTIVE
4021,8432,Savings,3598143,2027-07-04,MDN01,ACTIVE
4022,2461,Time Deposit,286495584,2026-09-09,SMG01,ACTIVE
4023,781,Time Deposit,1155318797,2026-07-29,JKT01,ACTIVE
4024,4424,Savings,32602967,2026-11-09,JKT02,ACTIVE
4025,5030,Time Deposit,1023458276,2026-04-26,BDG01,ACTIVE
4026,8983,Savings,154670981,2027-04-03,SMG01,ACTIVE
4027,4645,Time Deposit,370603467,2026-05-14,SBY01,ACTIVE
4028,1386,Savings,13581985,2026-12-16,JKT02,ACTIVE
4029,251,Savings,178993190,2027-03-25,SBY01,ACTIVE
4030,5772,Time Deposit,763885717,2026-08-06,JKT01,ACTIVE
4031,1900,Time Deposit,156285911,2026-05-21,BDG01,ACTIVE
4032,924,Savings,11070997,2027-02-06,SMG01,ACTIVE
4033,7530,Time Deposit,618041719,2026-10-28,MDN01,ACTIVE
4034,4345,Savings,37436319,2026-11-18,JKT01,ACTIVE
4035,5953,Time Deposit,188727992,2026-07-14,MDN01,ACTIVE
4036,9621,Time Deposit,521818695,2026-05-30,JKT02,ACTIVE
4037,764,Time Deposit,483937528,2026-07-09,YGY01,ACTIVE
4038,8209,Savings,49819962,2026-11-13,SBY01,ACTIVE
4039,3068,Time Deposit,1226305459,2026-09-15,JKT01,ACTIVE
4040,7493,Savings,9626998,2027-09-24,YGY01,ACTIVE
4041,6410,Savings,85944479,2026-11-22,YGY01,ACTIVE
4042,3098,Savings,26791105,2027-12-15,SBY01,ACTIVE
4043,7646,Time Deposit,1234485585,2027-01-30,YGY01,ACTIVE
4044,4083,Time Deposit,365139502,2027-01-06,JKT02,ACTIVE
4045,9983,Savings,29661313,2028-02-29,SMG01,ACTIVE
4046,5002,Time Deposit,326341021,2026-04-03,SBY01,ACTIVE
4047,2889,Savings,198017836,2028-01-31,JKT01,ACTIVE
4048,3242,Savings,13176297,2027-07-30,SMG01,ACTIVE
4049,2032,Time Deposit,944505223,2026-09-18,JKT01,ACTIVE
4050,1068,Savings,49911215,2026-05-06,JKT02,ACTIVE
4051,6529,Savings,11728294,2026-05-01,MDN01,ACTIVE
4052,3472,Savings,22182857,2027-05-26,JKT02,ACTIVE
4053,8224,Savings,37138391,2027-08-03,JKT02,ACTIVE
4054,7325,Savings,34268223,2027-01-07,MDN01,ACTIVE
4055,3143,Savings,96640155,2027-06-17,SMG01,ACTIVE
4056,6497,Time Deposit,463251278,2026-11-07,SBY01,ACTIVE
4057,6611,Savings,130734547,2026-10-22,SBY01,ACTIVE
4058,5981,Savings,71107070,2026-07-15,MDN01,ACTIVE
4059,2310,Savings,18327381,2027-11-10,MDN01,ACTIVE
4060,8038,Time Deposit,1678477079,2026-05-18,YGY01,ACTIVE
4061,4553,Savings,206181581,2028-02-26,YGY01,ACTIVE
4062,4877,Savings,15275693,2027-02-12,YGY01,ACTIVE
4063,6049,Time Deposit,1460753943,2026-09-27,JKT01,ACTIVE
4064,3091,Savings,16355395,2026-08-19,SBY01,ACTIVE
4065,7413,Time Deposit,419172843,2027-01-23,BDG01,ACTIVE
4066,9738,Savings,4591498,2027-06-17,SMG01,ACTIVE
4067,8817,Time Deposit,1755781181,2026-11-20,SMG01,ACTIVE
4068,3143,Savings,86756122,2026-07-10,YGY01,ACTIVE
4069,112,Time Deposit,878538929,2027-03-10,BDG01,ACTIVE
4070,6170,Time Deposit,663430619,2026-09-19,SBY01,ACTIVE
4071,5326,Savings,118132612,2027-03-24,YGY01,ACTIVE
4072,8857,Savings,3566179,2026-06-10,YGY01,ACTIVE
4073,7056,Time Deposit,272423138,2026-12-03,MDN01,ACTIVE
4074,8384,Time Deposit,1303184990,2026-05-06,JKT01,ACTIVE
4075,1834,Savings,73885644,2028-02-09,JKT02,ACTIVE
4076,9039,Time Deposit,1126808673,2026-10-02,MDN01,ACTIVE
4077,5750,Savings,179935787,2026-07-23,MDN01,ACTIVE
4078,6890,Savings,9242524,2026-05-21,SBY01,ACTIVE
4079,1523,Savings,74627837,2026-12-19,BDG01,ACTIVE
4080,7383,Savings,32818443,2027-10-20,SMG01,ACTIVE
4081,6778,Savings,25700417,2026-12-17,MDN01,ACTIVE
4082,7666,Time Deposit,988391293,2026-11-26,YGY01,ACTIVE
4083,2427,Time Deposit,949516543,2026-06-19,SBY01,ACTIVE
4084,5552,Savings,43782324,2027-10-13,YGY01,ACTIVE
4085,1561,Savings,131580996,2027-02-09,JKT02,ACTIVE
4086,1302,Time Deposit,624589880,2026-10-25,BDG01,ACTIVE
4087,1038,Savings,11921500,2027-09-18,SBY01,ACTIVE
4088,3400,Savings,31303864,2027-06-01,JKT02,ACTIVE
4089,8211,Savings,45214409,2028-03-07,MDN01,ACTIVE
4090,9727,Savings,12926735,2027-11-15,SMG01,ACTIVE
4091,6278,Time Deposit,1222611427,2026-06-11,JKT01,ACTIVE
4092,1731,Savings,6907507,2026-11-14,JKT01,ACTIVE
4093,7614,Savings,11344182,2028-02-06,JKT02,ACTIVE
4094,5867,Time Deposit,941006246,2027-01-21,MDN01,ACTIVE
4095,5536,Time Deposit,473579951,2027-02-18,SBY01,ACTIVE
4096,5929,Savings,30938703,2028-01-15,BDG01,ACTIVE
4097,9956,Time Deposit,572219603,2026-08-21,SMG01,ACTIVE
4098,9585,Savings,36240566,2026-12-15,YGY01,ACTIVE
4099,8744,Savings,31521151,2027-12-10,JKT02,ACTIVE
4100,5726,Time Deposit,1732120992,2026-06-11,MDN01,ACTIVE
4101,5246,Time Deposit,490634223,2026-05-27,YGY01,ACTIVE
4102,7858,Savings,15077505,2026-11-19,MDN01,ACTIVE
4103,9609,Time Deposit,765465806,2026-04-29,SMG01,ACTIVE
4104,7434,Time Deposit,883704399,2026-05-28,MDN01,ACTIVE
4105,6540,Savings,11418034,2026-07-30,JKT02,ACTIVE
4106,4944,Time Deposit,1267235298,2026-12-03,MDN01,ACTIVE
4107,6667,Savings,78290996,2027-06-09,JKT02,ACTIVE
4108,1749,Time Deposit,831366949,2026-08-15,JKT01,ACTIVE
4109,7204,Savings,38380495,2027-10-13,JKT02,ACTIVE
4110,5313,Savings,45463212,2027-03-03,SBY01,ACTIVE
4111,5216,Time Deposit,303620026,2026-08-22,YGY01,ACTIVE
4112,7781,Savings,16009745,2027-09-09,BDG01,ACTIVE
4113,8070,Savings,70409080,2028-01-09,JKT01,ACTIVE
4114,7936,Savings,43613456,2026-10-14,YGY01,ACTIVE
4115,6062,Savings,13990705,2028-03-05,YGY01,ACTIVE
4116,3421,Savings,53475541,2027-04-26,SMG01,ACTIVE
4117,818,Savings,203876672,2026-07-20,BDG01,ACTIVE
4118,3860,Savings,28579714,2027-04-29,JKT02,ACTIVE
4119,8909,Time Deposit,1088855975,2026-10-20,SMG01,ACTIVE
4120,1629,Time Deposit,517570139,2026-08-16,JKT01,ACTIVE
4121,5423,Time Deposit,523238153,2026-09-19,SBY01,ACTIVE
4122,2264,Savings,18544480,2027-05-11,SBY01,ACTIVE
4123,495,Savings,15622746,2027-12-03,JKT02,ACTIVE
4124,4670,Time Deposit,425604894,2026-08-18,YGY01,ACTIVE
4125,4724,Time Deposit,1346836060,2026-05-15,SMG01,ACTIVE
4126,771,Time Deposit,1436114272,2026-12-28,JKT02,ACTIVE
4127,3081,Savings,16977385,2026-05-31,BDG01,ACTIVE
4128,9739,Savings,166413549,2027-01-01,SBY01,ACTIVE
4129,2311,Savings,22964634,2026-05-16,JKT02,ACTIVE
4130,9976,Savings,7450982,2026-08-09,MDN01,ACTIVE
4131,793,Savings,19046849,2027-02-27,MDN01,ACTIVE
4132,8867,Savings,27401443,2026-12-10,JKT01,ACTIVE
4133,2745,Savings,95924509,2027-08-03,SMG01,ACTIVE
4134,6283,Savings,30023962,2027-11-12,SBY01,ACTIVE
4135,2197,Savings,80009157,2026-05-01,YGY01,ACTIVE
4136,215,Savings,17214652,2027-10-05,MDN01,ACTIVE
4137,7326,Savings,12349588,2026-04-22,JKT01,ACTIVE
4138,2574,Savings,7275077,2026-07-12,JKT02,ACTIVE
4139,6313,Savings,46231427,2027-05-18,YGY01,ACTIVE
4140,3919,Time Deposit,882865276,2026-05-24,SBY01,ACTIVE
4141,6872,Savings,148880094,2027-06-12,BDG01,ACTIVE
4142,7972,Savings,90616098,2028-01-31,JKT01,ACTIVE
4143,9311,Time Deposit,568913748,2026-09-05,YGY01,ACTIVE
4144,5280,Time Deposit,251696234,2026-05-24,SMG01,ACTIVE
4145,3909,Savings,61787922,2027-01-27,BDG01,ACTIVE
4146,8968,Savings,41518208,2026-09-07,YGY01,ACTIVE
4147,9234,Savings,17503308,2026-07-08,YGY01,ACTIVE
4148,2210,Savings,82152128,2028-02-09,SBY01,ACTIVE
4149,1526,Time Deposit,1078704214,2026-10-25,JKT01,ACTIVE
4150,9497,Time Deposit,1080149075,2026-08-28,JKT01,ACTIVE
4151,4808,Savings,33688310,2026-06-23,SMG01,ACTIVE
4152,284,Savings,25701049,2027-05-19,SBY01,ACTIVE
4153,9886,Savings,41893779,2027-07-07,JKT02,ACTIVE
4154,997,Savings,41091832,2027-11-04,SMG01,ACTIVE
4155,2143,Savings,202245114,2028-02-14,JKT01,ACTIVE
4156,8078,Savings,5168093,2027-04-24,MDN01,ACTIVE
4157,4599,Time Deposit,1368493030,2026-10-30,BDG01,ACTIVE
4158,3901,Savings,33254663,2027-01-24,JKT01,ACTIVE
4159,6823,Savings,96920402,2027-07-27,JKT01,ACTIVE
4160,3360,Time Deposit,1664204006,2026-05-12,YGY01,ACTIVE
4161,1197,Savings,18512414,2026-07-31,SMG01,ACTIVE
4162,6908,Savings,39532697,2027-10-06,YGY01,ACTIVE
4163,5693,Time Deposit,1064209148,2026-12-07,MDN01,ACTIVE
4164,5917,Time Deposit,1675331575,2026-03-23,JKT02,ACTIVE
4165,3631,Time Deposit,198880937,2026-11-21,SBY01,ACTIVE
4166,787,Savings,66975555,2026-12-14,JKT02,ACTIVE
4167,3482,Time Deposit,613205925,2026-12-18,MDN01,ACTIVE
4168,2573,Savings,113631795,2026-06-21,SMG01,ACTIVE
4169,4333,Time Deposit,521646518,2026-12-20,MDN01,ACTIVE
4170,9554,Time Deposit,1393302562,2026-07-13,BDG01,ACTIVE
4171,9532,Savings,22102260,2028-02-25,YGY01,ACTIVE
4172,5001,Savings,60109623,2026-08-19,MDN01,ACTIVE
4173,6920,Savings,33801468,2027-12-02,SMG01,ACTIVE
4174,5680,Savings,120770974,2027-01-27,JKT01,ACTIVE
4175,477,Savings,77272954,2027-06-19,BDG01,ACTIVE
4176,5578,Time Deposit,1596193197,2027-03-02,SMG01,ACTIVE
4177,6632,Savings,35431148,2026-05-28,BDG01,ACTIVE
4178,4349,Time Deposit,603241074,2026-09-27,SBY01,ACTIVE
4179,5523,Savings,69522184,2027-12-18,JKT01,ACTIVE
4180,6127,Time Deposit,595466911,2026-11-22,MDN01,ACTIVE
4181,6039,Savings,15448364,2027-05-24,SMG01,ACTIVE
4182,8595,Time Deposit,777705707,2026-05-27,SMG01,ACTIVE
4183,7672,Time Deposit,344409976,2026-08-14,SMG01,ACTIVE
4184,7563,Savings,8660878,2027-12-06,SBY01,ACTIVE
4185,802,Savings,15390041,2027-07-14,MDN01,ACTIVE
4186,9654,Time Deposit,364754784,2026-11-20,BDG01,ACTIVE
4187,1845,Savings,195601340,2027-11-20,MDN01,ACTIVE
4188,2998,Savings,9907568,2027-05-13,SMG01,ACTIVE
4189,991,Time Deposit,1228240891,2027-02-17,SMG01,ACTIVE
4190,4660,Savings,68521503,2028-03-02,MDN01,ACTIVE
4191,2644,Savings,11859892,2026-09-29,YGY01,ACTIVE
4192,4471,Time Deposit,125661601,2026-04-19,YGY01,ACTIVE
4193,5380,Time Deposit,461060362,2026-09-20,JKT01,ACTIVE
4194,3229,Savings,12835134,2027-10-14,JKT01,ACTIVE
4195,5477,Time Deposit,1483505227,2026-12-30,SMG01,ACTIVE
4196,6611,Time Deposit,934295729,2027-01-27,MDN01,ACTIVE
4197,3692,Savings,11044041,2027-11-23,JKT01,ACTIVE
4198,9196,Savings,106173576,2027-07-07,BDG01,ACTIVE
4199,8392,Savings,85138526,2026-05-07,JKT01,ACTIVE
4200,2397,Time Deposit,630307015,2026-12-31,YGY01,ACTIVE
4201,3106,Savings,35141293,2026-10-10,SMG01,ACTIVE
4202,6658,Time Deposit,781565063,2026-09-06,JKT01,ACTIVE
4203,2938,Savings,107981054,2027-07-06,MDN01,ACTIVE
4204,7296,Time Deposit,656412408,2026-07-03,JKT02,ACTIVE
4205,4124,Savings,193098877,2026-12-09,JKT01,ACTIVE
4206,5056,Savings,11452899,2027-03-07,YGY01,ACTIVE
4207,2974,Savings,18695386,2026-12-25,YGY01,ACTIVE
4208,1778,Savings,151504141,2026-05-28,YGY01,ACTIVE
4209,9152,Savings,99813867,2027-05-16,SMG01,ACTIVE
4210,4204,Time Deposit,1365512638,2027-03-06,JKT02,ACTIVE
4211,573,Time Deposit,433087221,2026-04-01,SMG01,ACTIVE
4212,6223,Savings,26621398,2027-12-31,MDN01,ACTIVE
4213,9273,Savings,29814402,2027-09-09,YGY01,ACTIVE
4214,7995,Time Deposit,772106242,2026-11-14,SBY01,ACTIVE
4215,683,Savings,55490130,2026-08-13,JKT01,ACTIVE
4216,7544,Savings,32289141,2027-06-02,MDN01,ACTIVE
4217,9686,Savings,25474751,2026-08-29,JKT01,ACTIVE
4218,569,Time Deposit,473450812,2026-04-17,JKT02,ACTIVE
4219,5316,Savings,153621824,2027-12-10,MDN01,ACTIVE
4220,3446,Savings,30407377,2027-01-02,BDG01,ACTIVE
4221,2745,Savings,174472102,2027-05-11,MDN01,ACTIVE
4222,2369,Time Deposit,870722632,2026-11-15,JKT02,ACTIVE
4223,5009,Savings,30297541,2026-10-23,JKT01,ACTIVE
4224,1637,Savings,19995420,2026-10-15,YGY01,ACTIVE
4225,9204,Savings,25772657,2027-03-09,JKT02,ACTIVE
4226,4632,Savings,75993126,2027-08-17,MDN01,ACTIVE
4227,3942,Savings,41911861,2028-02-25,SBY01,ACTIVE
4228,1840,Savings,10813533,2027-01-25,SMG01,ACTIVE
4229,9801,Savings,73214907,2026-12-03,MDN01,ACTIVE
4230,4693,Time Deposit,969962758,2026-11-01,SBY01,ACTIVE
4231,4797,Time Deposit,781413916,2026-10-15,YGY01,ACTIVE
4232,5498,Savings,30347927,2026-08-12,YGY01,ACTIVE
4233,2943,Savings,100578128,2027-11-11,SMG01,ACTIVE
4234,5129,Time Deposit,371194836,2026-12-05,SBY01,ACTIVE
4235,3604,Time Deposit,781071190,2026-11-09,YGY01,ACTIVE
4236,3459,Savings,151984615,2027-10-29,BDG01,ACTIVE
4237,3964,Savings,7221089,2027-12-01,JKT02,ACTIVE
4238,2774,Savings,11457417,2027-05-15,SMG01,ACTIVE
4239,6833,Time Deposit,467214336,2027-01-11,BDG01,ACTIVE
4240,922,Savings,30167130,2027-09-30,SBY01,ACTIVE
4241,9745,Savings,24290855,2027-10-30,SBY01,ACTIVE
4242,4843,Savings,80598040,2028-01-17,JKT01,ACTIVE
4243,2742,Savings,48598312,2027-08-24,SBY01,ACTIVE
4244,3012,Time Deposit,1327189418,2027-01-24,SBY01,ACTIVE
4245,6609,Savings,215463320,2026-05-03,JKT02,ACTIVE
4246,675,Time Deposit,1452249471,2026-06-30,SBY01,ACTIVE
4247,4905,Savings,16230579,2026-06-10,YGY01,ACTIVE
4248,4115,Time Deposit,1353438634,2027-03-08,SBY01,ACTIVE
4249,4405,Time Deposit,776323560,2026-06-28,JKT01,ACTIVE
4250,3313,Time Deposit,688571706,2026-09-13,SBY01,ACTIVE
4251,5396,Savings,9796043,2026-06-25,SBY01,ACTIVE
4252,2085,Time Deposit,295635302,2026-12-28,MDN01,ACTIVE
4253,4067,Savings,8068168,2026-12-09,JKT01,ACTIVE
4254,1329,Savings,20732897,2026-12-10,MDN01,ACTIVE
4255,5260,Savings,18751477,2027-08-23,SMG01,ACTIVE
4256,470,Savings,27076049,2028-02-20,SMG01,ACTIVE
4257,4295,Time Deposit,757632346,2026-08-07,SBY01,ACTIVE
4258,8393,Time Deposit,1335986019,2026-05-22,SBY01,ACTIVE
4259,145,Time Deposit,305956176,2026-07-30,SMG01,ACTIVE
4260,4165,Savings,113551303,2027-03-23,BDG01,ACTIVE
4261,6943,Savings,15356238,2026-07-03,MDN01,ACTIVE
4262,1339,Time Deposit,1703517520,2026-10-08,BDG01,ACTIVE
4263,1538,Savings,27233850,2027-04-19,MDN01,ACTIVE
4264,4904,Savings,75117040,2026-11-01,BDG01,ACTIVE
4265,1150,Savings,8845509,2026-10-16,JKT02,ACTIVE
4266,7991,Savings,25711536,2026-11-20,MDN01,ACTIVE
4267,814,Savings,8944710,2027-01-24,SMG01,ACTIVE
4268,5234,Savings,154961890,2027-10-13,BDG01,ACTIVE
4269,4454,Savings,30985816,2027-03-21,BDG01,ACTIVE
4270,4496,Time Deposit,784453936,2027-02-24,JKT02,ACTIVE
4271,1496,Savings,34885691,2026-06-23,JKT02,ACTIVE
4272,1273,Savings,49424311,2027-10-29,YGY01,ACTIVE
4273,8247,Savings,96979468,2027-01-08,SMG01,ACTIVE
4274,5219,Savings,113244231,2026-04-25,SMG01,ACTIVE
4275,2719,Savings,30854471,2027-09-06,JKT02,ACTIVE
4276,1385,Time Deposit,945093271,2026-09-08,SMG01,ACTIVE
4277,2733,Savings,8904347,2026-08-02,MDN01,ACTIVE
4278,1887,Savings,62514795,2027-02-15,SBY01,ACTIVE
4279,8506,Time Deposit,844567027,2027-01-02,SMG01,ACTIVE
4280,7283,Savings,15129094,2026-05-13,SMG01,ACTIVE
4281,2977,Time Deposit,1768423696,2026-10-30,JKT02,ACTIVE
4282,9212,Savings,15864186,2027-03-20,SMG01,ACTIVE
4283,8958,Time Deposit,629386675,2026-12-11,JKT02,ACTIVE
4284,9860,Savings,85961645,2026-12-19,JKT01,ACTIVE
4285,1426,Time Deposit,773464251,2026-06-10,MDN01,ACTIVE
4286,9288,Savings,29413338,2027-02-22,SMG01,ACTIVE
4287,2449,Savings,5419343,2027-09-25,JKT01,ACTIVE
4288,6872,Savings,37032674,2026-06-29,BDG01,ACTIVE
4289,6582,Time Deposit,672681554,2026-12-15,BDG01,ACTIVE
4290,788,Savings,12405061,2027-03-13,BDG01,ACTIVE
4291,8412,Savings,24537518,2026-10-01,JKT02,ACTIVE
4292,4929,Savings,19889424,2027-07-21,SBY01,ACTIVE
4293,4799,Savings,5877439,2026-06-01,JKT02,ACTIVE
4294,1756,Time Deposit,923851811,2026-11-29,JKT02,ACTIVE
4295,2874,Time Deposit,397109174,2026-08-24,JKT02,ACTIVE
4296,1608,Savings,11828131,2027-10-11,BDG01,ACTIVE
4297,4242,Time Deposit,239378629,2026-05-01,YGY01,ACTIVE
4298,8064,Savings,10856778,2026-12-08,SMG01,ACTIVE
4299,9316,Time Deposit,1379829361,2026-08-02,SBY01,ACTIVE
4300,7168,Time Deposit,379918108,2026-04-28,MDN01,ACTIVE
4301,3567,Savings,67803344,2028-01-10,SBY01,ACTIVE
4302,8861,Savings,39756540,2028-01-02,SBY01,ACTIVE
4303,5500,Savings,31661108,2026-09-01,MDN01,ACTIVE
4304,6672,Savings,40640671,2027-04-24,SMG01,ACTIVE
4305,5058,Time Deposit,1266267986,2026-06-25,MDN01,ACTIVE
4306,2047,Savings,8259062,2026-08-06,JKT02,ACTIVE
4307,9226,Time Deposit,542416821,2027-03-05,SBY01,ACTIVE
4308,4534,Savings,111189342,2028-01-09,MDN01,ACTIVE
4309,6767,Time Deposit,678009295,2027-02-25,JKT02,ACTIVE
4310,8428,Savings,35836074,2027-04-01,BDG01,ACTIVE
4311,7385,Time Deposit,293230565,2027-02-02,SBY01,ACTIVE
4312,698,Savings,7970479,2027-06-14,YGY01,ACTIVE
4313,5313,Savings,25101026,2026-05-27,JKT02,ACTIVE
4314,2991,Savings,12845204,2027-12-21,MDN01,ACTIVE
4315,8038,Time Deposit,1066618249,2026-08-21,SBY01,ACTIVE
4316,5330,Savings,74058823,2026-07-25,YGY01,ACTIVE
4317,128,Savings,30762337,2027-04-04,SMG01,ACTIVE
4318,6812,Time Deposit,967591739,2026-10-10,JKT02,ACTIVE
4319,6831,Savings,17877521,2026-05-20,YGY01,ACTIVE
4320,1867,Savings,22208695,2027-05-18,BDG01,ACTIVE
4321,1835,Time Deposit,639927023,2027-01-06,YGY01,ACTIVE
4322,4415,Savings,175150687,2027-10-27,JKT01,ACTIVE
4323,4930,Savings,16114861,2028-01-27,BDG01,ACTIVE
4324,5716,Savings,15105428,2028-01-14,YGY01,ACTIVE
4325,3138,Savings,2079287,2028-03-14,MDN01,ACTIVE
4326,1177,Time Deposit,500304839,2026-08-14,JKT02,ACTIVE
4327,7478,Time Deposit,726679592,2026-10-28,JKT02,ACTIVE
4328,1883,Savings,32607553,2026-06-28,JKT01,ACTIVE
4329,8627,Time Deposit,905023847,2026-11-27,JKT01,ACTIVE
4330,6883,Time Deposit,385844832,2026-06-10,JKT02,ACTIVE
4331,1278,Savings,77284136,2026-10-02,JKT01,ACTIVE
4332,5462,Savings,146031411,2027-05-12,YGY01,ACTIVE
4333,498,Time Deposit,355107762,2026-11-03,SBY01,ACTIVE
4334,712,Savings,170593217,2026-04-30,YGY01,ACTIVE
4335,929,Time Deposit,1028845640,2026-08-12,YGY01,ACTIVE
4336,4696,Savings,20809418,2026-07-26,YGY01,ACTIVE
4337,1226,Savings,54996494,2027-05-21,SBY01,ACTIVE
4338,3250,Time Deposit,1006428649,2027-02-16,MDN01,ACTIVE
4339,5069,Savings,16563985,2026-05-24,JKT02,ACTIVE
4340,4687,Time Deposit,189859769,2026-04-10,JKT02,ACTIVE
4341,8307,Savings,64328702,2027-02-21,YGY01,ACTIVE
4342,3414,Savings,41989527,2026-11-05,JKT02,ACTIVE
4343,7447,Time Deposit,809872618,2027-03-10,BDG01,ACTIVE
4344,1540,Time Deposit,748866050,2027-03-04,SBY01,ACTIVE
4345,6104,Savings,28610060,2027-03-02,SBY01,ACTIVE
4346,8974,Savings,100207600,2027-08-06,SBY01,ACTIVE
4347,7748,Time Deposit,748116295,2026-08-08,SBY01,ACTIVE
4348,6159,Time Deposit,425024423,2026-12-14,BDG01,ACTIVE
4349,87,Savings,189283749,2026-04-28,YGY01,ACTIVE
4350,7000,Savings,202312201,2027-07-13,BDG01,ACTIVE
4351,1905,Savings,18355789,2026-07-23,JKT01,ACTIVE
4352,7601,Savings,164972874,2026-10-27,JKT02,ACTIVE
4353,1475,Time Deposit,791862968,2027-03-16,SMG01,ACTIVE
4354,6919,Savings,45192232,2026-09-30,MDN01,ACTIVE
4355,7325,Time Deposit,234445299,2026-07-29,BDG01,ACTIVE
4356,3303,Savings,82788098,2027-08-10,SBY01,ACTIVE
4357,4070,Time Deposit,1960016088,2026-11-09,JKT01,ACTIVE
4358,423,Time Deposit,372685287,2026-09-26,SMG01,ACTIVE
4359,870,Time Deposit,409649405,2026-10-12,JKT02,ACTIVE
4360,6460,Savings,58129291,2026-12-15,SMG01,ACTIVE
4361,2141,Time Deposit,821636972,2026-12-16,MDN01,ACTIVE
4362,5797,Savings,59650546,2027-12-08,MDN01,ACTIVE
4363,6771,Time Deposit,721558101,2026-05-14,BDG01,ACTIVE
4364,9694,Savings,14333853,2027-10-05,JKT01,ACTIVE
4365,6506,Savings,41558945,2027-03-27,SBY01,ACTIVE
4366,3294,Time Deposit,380627414,2026-12-16,YGY01,ACTIVE
4367,2219,Time Deposit,584096628,2026-07-07,SBY01,ACTIVE
4368,545,Time Deposit,774266982,2026-08-09,SBY01,ACTIVE
4369,5405,Savings,3699819,2028-02-27,JKT02,ACTIVE
4370,6327,Savings,112346999,2028-03-07,BDG01,ACTIVE
4371,8539,Time Deposit,804464726,2027-02-09,JKT02,ACTIVE
4372,1609,Savings,12429453,2027-03-11,SBY01,ACTIVE
4373,458,Savings,76894540,2027-07-18,JKT02,ACTIVE
4374,2270,Time Deposit,1169547508,2026-05-04,JKT01,ACTIVE
4375,4242,Savings,5416095,2027-02-10,YGY01,ACTIVE
4376,7262,Savings,21913650,2027-08-12,SMG01,ACTIVE
4377,2314,Time Deposit,588156082,2026-10-15,JKT02,ACTIVE
4378,6493,Time Deposit,809584120,2027-01-31,SMG01,ACTIVE
4379,7058,Savings,16701031,2026-05-07,BDG01,ACTIVE
4380,1162,Savings,31256512,2026-04-25,SMG01,ACTIVE
4381,9688,Savings,83520031,2026-07-26,JKT01,ACTIVE
4382,8209,Time Deposit,361949461,2027-01-20,JKT02,ACTIVE
4383,8642,Time Deposit,1837374211,2026-09-07,SMG01,ACTIVE
4384,4329,Savings,20703159,2026-12-14,JKT01,ACTIVE
4385,5869,Savings,45280550,2027-05-06,JKT02,ACTIVE
4386,1133,Savings,177961577,2026-08-30,SMG01,ACTIVE
4387,6312,Savings,122832537,2027-09-25,MDN01,ACTIVE
4388,4064,Time Deposit,450361782,2026-10-19,SMG01,ACTIVE
4389,4342,Savings,13416296,2027-01-21,YGY01,ACTIVE
4390,5936,Savings,83290655,2028-03-15,JKT02,ACTIVE
4391,1724,Savings,168573951,2027-11-17,YGY01,ACTIVE
4392,5751,Savings,72973225,2027-10-08,YGY01,ACTIVE
4393,2395,Savings,30189114,2027-04-08,SMG01,ACTIVE
4394,591,Savings,20360408,2027-07-30,BDG01,ACTIVE
4395,4077,Time Deposit,252336392,2026-08-26,SMG01,ACTIVE
4396,969,Time Deposit,383180986,2026-12-21,BDG01,ACTIVE
4397,8438,Savings,119650159,2027-10-26,JKT02,ACTIVE
4398,9207,Time Deposit,1418420663,2026-07-04,SBY01,ACTIVE
4399,7266,Savings,17249724,2027-07-12,SMG01,ACTIVE
4400,7850,Savings,18591933,2028-01-16,YGY01,ACTIVE
4401,1874,Time Deposit,392497441,2027-01-10,JKT01,ACTIVE
4402,3880,Savings,35902604,2027-08-30,SBY01,ACTIVE
4403,6674,Savings,11048474,2026-05-29,JKT02,ACTIVE
4404,535,Time Deposit,691692816,2026-11-09,JKT01,ACTIVE
4405,5021,Savings,153373589,2027-01-07,JKT01,ACTIVE
4406,4774,Time Deposit,993277370,2027-02-21,SMG01,ACTIVE
4407,64,Time Deposit,117569666,2026-04-07,YGY01,ACTIVE
4408,913,Savings,170043692,2028-01-28,JKT02,ACTIVE
4409,7231,Savings,53496909,2026-05-03,BDG01,ACTIVE
4410,9155,Savings,147545214,2026-12-24,YGY01,ACTIVE
4411,7887,Savings,9443591,2027-04-13,MDN01,ACTIVE
4412,6385,Time Deposit,701611968,2027-01-22,JKT02,ACTIVE
4413,4699,Savings,9058523,2027-02-04,JKT02,ACTIVE
4414,6469,Time Deposit,1034450312,2026-09-12,SBY01,ACTIVE
4415,759,Savings,27497365,2027-02-26,SBY01,ACTIVE
4416,5638,Time Deposit,869693650,2027-02-19,SMG01,ACTIVE
4417,7471,Savings,36874633,2027-03-17,SMG01,ACTIVE
4418,7626,Savings,34919032,2028-01-19,SMG01,ACTIVE
4419,1040,Time Deposit,1275594160,2026-05-30,SMG01,ACTIVE
4420,1845,Time Deposit,1292289018,2026-12-17,YGY01,ACTIVE
4421,2227,Time Deposit,1522595351,2026-10-09,BDG01,ACTIVE
4422,4241,Time Deposit,1026911062,2027-01-22,SBY01,ACTIVE
4423,5477,Savings,95328298,2027-06-10,MDN01,ACTIVE
4424,6190,Savings,26980991,2027-11-23,YGY01,ACTIVE
4425,5690,Savings,26452894,2027-07-27,YGY01,ACTIVE
4426,4562,Savings,32215096,2028-01-24,SBY01,ACTIVE
4427,6987,Savings,105461164,2027-02-12,SMG01,ACTIVE
4428,7354,Savings,125622492,2027-07-11,MDN01,ACTIVE
4429,9530,Time Deposit,1571200838,2026-12-07,SBY01,ACTIVE
4430,4862,Time Deposit,808134750,2027-02-14,SMG01,ACTIVE
4431,159,Time Deposit,289165584,2026-10-27,SMG01,ACTIVE
4432,1332,Time Deposit,736821442,2026-11-29,JKT02,ACTIVE
4433,8392,Savings,33703181,2027-08-06,YGY01,ACTIVE
4434,2829,Savings,24348640,2026-10-11,SBY01,ACTIVE
4435,5028,Savings,31005467,2027-07-18,JKT01,ACTIVE
4436,4496,Time Deposit,1037352761,2026-10-05,BDG01,ACTIVE
4437,8411,Savings,69920212,2027-04-18,JKT02,ACTIVE
4438,819,Savings,85444380,2026-11-16,JKT02,ACTIVE
4439,669,Savings,23370124,2027-09-23,YGY01,ACTIVE
4440,4415,Time Deposit,632018752,2027-02-15,SMG01,ACTIVE
4441,5302,Savings,9514417,2028-03-07,JKT02,ACTIVE
4442,5903,Time Deposit,830415215,2026-12-11,SBY01,ACTIVE
4443,6205,Savings,113118261,2027-10-17,JKT02,ACTIVE
4444,5022,Time Deposit,523583378,2027-01-23,MDN01,ACTIVE
4445,686,Time Deposit,1099152319,2026-04-05,SBY01,ACTIVE
4446,1273,Savings,23779545,2027-04-04,MDN01,ACTIVE
4447,2824,Time Deposit,276507893,2026-05-10,SMG01,ACTIVE
4448,8280,Savings,174120446,2026-04-18,MDN01,ACTIVE
4449,5504,Time Deposit,1033775878,2026-10-20,SBY01,ACTIVE
4450,1243,Savings,28063191,2026-09-24,BDG01,ACTIVE
4451,6116,Time Deposit,848755308,2026-10-10,JKT02,ACTIVE
4452,2552,Savings,31766243,2026-06-02,SMG01,ACTIVE
4453,2501,Savings,62081684,2027-05-21,SBY01,ACTIVE
4454,1777,Savings,58008167,2026-09-29,SMG01,ACTIVE
4455,6667,Savings,185128324,2026-12-23,JKT02,ACTIVE
4456,8485,Savings,174878157,2027-06-23,SBY01,ACTIVE
4457,618,Savings,22698085,2027-09-20,SBY01,ACTIVE
4458,1196,Savings,12116182,2027-03-22,MDN01,ACTIVE
4459,6121,Time Deposit,210092643,2026-04-23,SBY01,ACTIVE
4460,8113,Time Deposit,685373934,2027-01-06,MDN01,ACTIVE
4461,9765,Savings,6893852,2026-07-31,SMG01,ACTIVE
4462,5844,Savings,13309848,2026-10-27,BDG01,ACTIVE
4463,3868,Time Deposit,479219653,2026-11-28,JKT02,ACTIVE
4464,2961,Time Deposit,380737504,2026-08-09,JKT01,ACTIVE
4465,2792,Time Deposit,465604505,2026-08-31,BDG01,ACTIVE
4466,867,Time Deposit,1052095724,2026-07-14,BDG01,ACTIVE
4467,3655,Savings,161019253,2027-02-17,MDN01,ACTIVE
4468,6215,Savings,99565539,2026-10-30,JKT01,ACTIVE
4469,6924,Savings,11219618,2027-06-10,MDN01,ACTIVE
4470,3086,Savings,3900446,2027-07-16,BDG01,ACTIVE
4471,2615,Savings,35951392,2027-03-05,YGY01,ACTIVE
4472,6537,Savings,20856389,2027-06-12,BDG01,ACTIVE
4473,2295,Savings,3946015,2027-05-22,MDN01,ACTIVE
4474,4375,Savings,30606148,2028-03-09,SBY01,ACTIVE
4475,4893,Savings,31335253,2026-11-13,BDG01,ACTIVE
4476,643,Time Deposit,605756656,2026-08-19,SMG01,ACTIVE
4477,9365,Savings,21444793,2027-03-04,JKT02,ACTIVE
4478,3471,Savings,28230754,2027-01-11,JKT02,ACTIVE
4479,9625,Savings,6785352,2027-09-30,BDG01,ACTIVE
4480,396,Time Deposit,786050265,2027-01-31,JKT02,ACTIVE
4481,6032,Savings,27072754,2027-04-22,JKT01,ACTIVE
4482,7813,Savings,193736643,2026-07-11,JKT01,ACTIVE
4483,349,Time Deposit,1078640618,2026-06-27,SBY01,ACTIVE
4484,7680,Time Deposit,594004599,2026-07-29,SMG01,ACTIVE
4485,2651,Savings,4378037,2027-12-30,SMG01,ACTIVE
4486,981,Time Deposit,1152575696,2026-10-02,JKT01,ACTIVE
4487,9299,Savings,96099301,2026-11-17,JKT02,ACTIVE
4488,5690,Savings,9171117,2026-12-20,YGY01,ACTIVE
4489,9496,Savings,88117571,2026-11-26,JKT02,ACTIVE
4490,8721,Savings,49365840,2026-08-15,JKT01,ACTIVE
4491,9821,Time Deposit,1106314205,2026-08-28,SMG01,ACTIVE
4492,7461,Savings,155878550,2026-11-17,JKT01,ACTIVE
4493,8848,Savings,84485158,2027-10-11,JKT01,ACTIVE
4494,5170,Time Deposit,927002922,2027-02-12,JKT02,ACTIVE
4495,2682,Savings,18503772,2026-07-15,SBY01,ACTIVE
4496,4531,Savings,145441430,2027-07-06,JKT01,ACTIVE
4497,4957,Time Deposit,173791059,2026-06-11,SMG01,ACTIVE
4498,9485,Time Deposit,248151889,2026-09-14,SMG01,ACTIVE
4499,1235,Time Deposit,858102808,2026-05-12,BDG01,ACTIVE
4500,2466,Savings,26234970,2027-10-23,YGY01,ACTIVE
4501,4641,Savings,37938866,2027-04-12,MDN01,ACTIVE
4502,8304,Savings,12243062,2026-05-13,SMG01,ACTIVE
4503,2530,Savings,104185800,2027-09-05,JKT01,ACTIVE
4504,7581,Savings,28916159,2028-02-26,SMG01,ACTIVE
4505,5428,Savings,23828122,2027-02-06,BDG01,ACTIVE
4506,3881,Savings,37276646,2027-05-29,JKT02,ACTIVE
4507,3770,Savings,2312880,2027-10-02,SBY01,ACTIVE
4508,8544,Savings,33829513,2028-02-19,MDN01,ACTIVE
4509,6436,Time Deposit,201175359,2026-06-22,JKT02,ACTIVE
4510,9064,Time Deposit,741547445,2026-11-07,JKT02,ACTIVE
4511,4562,Time Deposit,548618605,2026-10-18,SMG01,ACTIVE
4512,7486,Savings,79472130,2027-02-09,BDG01,ACTIVE
4513,9991,Time Deposit,793035783,2027-01-02,BDG01,ACTIVE
4514,4805,Time Deposit,424692289,2026-11-24,BDG01,ACTIVE
4515,6992,Savings,13283307,2027-01-19,BDG01,ACTIVE
4516,785,Savings,21521807,2028-02-27,MDN01,ACTIVE
4517,339,Time Deposit,653216779,2026-09-26,JKT02,ACTIVE
4518,1760,Savings,59612735,2027-02-15,YGY01,ACTIVE
4519,2688,Savings,11200487,2027-05-03,JKT01,ACTIVE
4520,5788,Savings,13472460,2026-04-20,YGY01,ACTIVE
4521,5541,Time Deposit,530689632,2026-09-09,YGY01,ACTIVE
4522,2635,Savings,117635884,2026-08-16,MDN01,ACTIVE
4523,3231,Savings,36838185,2027-06-22,JKT02,ACTIVE
4524,3473,Time Deposit,529011529,2026-11-05,JKT02,ACTIVE
4525,1866,Savings,135632705,2027-07-18,SBY01,ACTIVE
4526,9888,Savings,178237362,2027-10-28,SBY01,ACTIVE
4527,1649,Savings,21461475,2026-08-25,SBY01,ACTIVE
4528,1179,Savings,19290712,2028-03-09,JKT02,ACTIVE
4529,65,Time Deposit,422256966,2026-04-26,YGY01,ACTIVE
4530,9812,Time Deposit,396640886,2026-04-10,MDN01,ACTIVE
4531,4777,Savings,2379233,2027-09-10,SMG01,ACTIVE
4532,8977,Savings,4984865,2026-08-25,BDG01,ACTIVE
4533,1763,Savings,61236956,2027-12-13,BDG01,ACTIVE
4534,7693,Savings,91467221,2027-01-05,SBY01,ACTIVE
4535,5676,Savings,26985261,2027-08-29,YGY01,ACTIVE
4536,7803,Savings,173068289,2027-11-30,JKT01,ACTIVE
4537,1672,Savings,3611019,2028-03-03,JKT02,ACTIVE
4538,1692,Time Deposit,1608007238,2026-06-08,YGY01,ACTIVE
4539,3627,Time Deposit,1778052940,2027-01-17,YGY01,ACTIVE
4540,5171,Time Deposit,829690775,2027-02-07,MDN01,ACTIVE
4541,8106,Savings,38150731,2026-10-04,SBY01,ACTIVE
4542,7914,Savings,171797673,2027-02-15,JKT01,ACTIVE
4543,5548,Time Deposit,959298873,2027-02-22,JKT01,ACTIVE
4544,128,Savings,52519266,2027-08-30,JKT01,ACTIVE
4545,7885,Savings,15134360,2027-03-16,JKT02,ACTIVE
4546,2943,Savings,112841627,2027-11-11,YGY01,ACTIVE
4547,5872,Time Deposit,211575404,2027-03-11,JKT01,ACTIVE
4548,5460,Savings,40790509,2026-10-23,JKT02,ACTIVE
4549,6480,Savings,91410929,2026-05-31,JKT01,ACTIVE
4550,9627,Savings,67555117,2027-02-05,SMG01,ACTIVE
4551,2810,Savings,29199513,2026-08-05,BDG01,ACTIVE
4552,9923,Time Deposit,246952942,2026-08-29,YGY01,ACTIVE
4553,9204,Savings,11610992,2026-08-21,MDN01,ACTIVE
4554,3452,Savings,24300615,2026-05-06,YGY01,ACTIVE
4555,1054,Savings,55606868,2027-09-15,BDG01,ACTIVE
4556,5258,Savings,28314609,2026-08-31,SMG01,ACTIVE
4557,9312,Savings,20005304,2028-02-20,SBY01,ACTIVE
4558,6303,Savings,13284763,2028-02-16,YGY01,ACTIVE
4559,1834,Time Deposit,1397827013,2026-09-20,MDN01,ACTIVE
4560,6228,Time Deposit,773885776,2026-09-12,YGY01,ACTIVE
4561,4887,Time Deposit,280831456,2027-03-09,YGY01,ACTIVE
4562,6571,Savings,107034379,2026-07-14,SMG01,ACTIVE
4563,8140,Savings,25944588,2026-06-02,JKT02,ACTIVE
4564,3677,Savings,165661792,2027-04-07,SMG01,ACTIVE
4565,1486,Time Deposit,544305147,2026-07-12,BDG01,ACTIVE
4566,114,Savings,23119086,2027-05-01,BDG01,ACTIVE
4567,5379,Time Deposit,1035947461,2026-11-08,SBY01,ACTIVE
4568,2470,Time Deposit,889177830,2027-02-26,BDG01,ACTIVE
4569,6686,Time Deposit,429917215,2026-05-26,JKT01,ACTIVE
4570,3439,Savings,36109049,2026-08-11,JKT01,ACTIVE
4571,8451,Time Deposit,1300921918,2027-02-11,YGY01,ACTIVE
4572,3392,Savings,26137099,2026-08-10,SMG01,ACTIVE
4573,1480,Time Deposit,821768507,2027-01-22,BDG01,ACTIVE
4574,1184,Savings,97443008,2027-05-19,SBY01,ACTIVE
4575,3061,Savings,32738935,2026-11-24,YGY01,ACTIVE
4576,4534,Savings,231634642,2026-04-15,MDN01,ACTIVE
4577,934,Time Deposit,1528128484,2026-05-25,JKT01,ACTIVE
4578,8971,Savings,9520587,2027-01-20,YGY01,ACTIVE
4579,2717,Savings,91688776,2027-01-11,SMG01,ACTIVE
4580,8245,Savings,62863432,2027-12-28,MDN01,ACTIVE
4581,6587,Savings,21283779,2027-09-09,MDN01,ACTIVE
4582,6659,Time Deposit,244311987,2026-11-16,SMG01,ACTIVE
4583,1133,Savings,77660943,2027-11-29,SMG01,ACTIVE
4584,9031,Savings,132663603,2026-11-19,BDG01,ACTIVE
4585,3684,Time Deposit,588039305,2027-01-29,JKT02,ACTIVE
4586,285,Time Deposit,467281092,2026-04-25,SMG01,ACTIVE
4587,467,Time Deposit,123509671,2026-04-02,SBY01,ACTIVE
4588,5884,Savings,20003849,2027-12-23,SMG01,ACTIVE
4589,7040,Savings,103302629,2026-10-27,JKT01,ACTIVE
4590,3999,Savings,71395372,2027-05-18,YGY01,ACTIVE
4591,3868,Savings,37131103,2026-12-14,MDN01,ACTIVE
4592,486,Savings,13945505,2027-11-24,SMG01,ACTIVE
4593,271,Time Deposit,771167205,2026-12-20,JKT01,ACTIVE
4594,600,Savings,6030647,2026-07-31,SBY01,ACTIVE
4595,6254,Savings,12805255,2027-03-14,SMG01,ACTIVE
4596,1622,Time Deposit,1032801504,2026-09-15,JKT02,ACTIVE
4597,7262,Savings,35615448,2027-04-15,MDN01,ACTIVE
4598,5379,Time Deposit,493610544,2026-10-03,YGY01,ACTIVE
4599,8435,Savings,148729417,2027-03-21,BDG01,ACTIVE
4600,8852,Time Deposit,745710429,2026-11-22,SMG01,ACTIVE
4601,1058,Savings,45700374,2027-09-26,SMG01,ACTIVE
4602,5185,Savings,107199842,2028-01-20,MDN01,ACTIVE
4603,5613,Savings,48780610,2028-01-17,MDN01,ACTIVE
4604,2369,Savings,125789457,2026-05-25,MDN01,ACTIVE
4605,8171,Savings,130399005,2027-10-04,JKT01,ACTIVE
4606,4683,Savings,79223856,2026-10-08,BDG01,ACTIVE
4607,3362,Savings,8089566,2028-02-06,MDN01,ACTIVE
4608,7185,Savings,8162509,2027-07-09,SBY01,ACTIVE
4609,4205,Time Deposit,876115989,2027-01-04,JKT01,ACTIVE
4610,4527,Savings,12072857,2026-08-22,BDG01,ACTIVE
4611,3908,Savings,25747344,2026-05-04,JKT01,ACTIVE
4612,2533,Savings,8827719,2027-04-03,SMG01,ACTIVE
4613,4463,Savings,18599870,2026-10-20,BDG01,ACTIVE
4614,2557,Time Deposit,419389811,2026-11-11,SMG01,ACTIVE
4615,6667,Time Deposit,498877360,2026-10-17,JKT01,ACTIVE
4616,2536,Time Deposit,1115179225,2026-05-04,YGY01,ACTIVE
4617,6611,Savings,141372924,2027-12-07,JKT01,ACTIVE
4618,3355,Time Deposit,280151670,2027-01-17,SBY01,ACTIVE
4619,1699,Savings,14976075,2026-08-05,SBY01,ACTIVE
4620,3505,Time Deposit,1403376044,2026-11-19,YGY01,ACTIVE
4621,7776,Time Deposit,698830596,2027-01-23,YGY01,ACTIVE
4622,9100,Savings,36047587,2027-05-19,MDN01,ACTIVE
4623,4045,Savings,27880418,2027-01-02,MDN01,ACTIVE
4624,2982,Savings,32469390,2026-07-30,YGY01,ACTIVE
4625,9760,Savings,56633341,2027-09-02,JKT01,ACTIVE
4626,4064,Time Deposit,798979363,2026-05-03,JKT01,ACTIVE
4627,9977,Savings,153422720,2027-08-12,SBY01,ACTIVE
4628,5546,Savings,89272278,2028-03-06,YGY01,ACTIVE
4629,6254,Time Deposit,221652583,2026-05-22,SMG01,ACTIVE
4630,1393,Savings,25326823,2027-06-17,SBY01,ACTIVE
4631,1711,Time Deposit,1105992981,2026-07-26,BDG01,ACTIVE
4632,1792,Savings,22111088,2028-01-19,SBY01,ACTIVE
4633,1733,Savings,90292730,2026-06-22,YGY01,ACTIVE
4634,8974,Savings,215982776,2026-07-24,JKT02,ACTIVE
4635,3363,Time Deposit,1008112186,2026-11-17,YGY01,ACTIVE
4636,8832,Savings,45009363,2027-10-31,JKT02,ACTIVE
4637,2128,Time Deposit,871780840,2027-02-23,MDN01,ACTIVE
4638,9070,Savings,13607955,2028-03-15,JKT02,ACTIVE
4639,429,Time Deposit,1484354826,2026-10-21,SBY01,ACTIVE
4640,7363,Savings,46888314,2027-10-24,YGY01,ACTIVE
4641,9891,Time Deposit,239789340,2026-05-27,YGY01,ACTIVE
4642,781,Savings,142146231,2026-11-26,BDG01,ACTIVE
4643,8515,Savings,80500034,2027-11-04,SBY01,ACTIVE
4644,3406,Time Deposit,1325819380,2026-08-10,SMG01,ACTIVE
4645,9333,Time Deposit,724353295,2026-08-25,SMG01,ACTIVE
4646,1505,Savings,166975841,2027-12-07,SBY01,ACTIVE
4647,2528,Time Deposit,542050259,2026-05-02,SBY01,ACTIVE
4648,3861,Savings,10631342,2026-06-02,JKT02,ACTIVE
4649,9945,Savings,102579753,2027-11-01,MDN01,ACTIVE
4650,7829,Savings,17744837,2027-09-21,JKT02,ACTIVE
4651,8706,Savings,142808887,2027-03-23,BDG01,ACTIVE
4652,4936,Time Deposit,1400467426,2026-05-14,JKT02,ACTIVE
4653,9476,Time Deposit,177355758,2026-05-23,SMG01,ACTIVE
4654,5506,Time Deposit,712280356,2026-08-26,JKT01,ACTIVE
4655,8559,Savings,122256818,2026-06-28,SMG01,ACTIVE
4656,9016,Savings,25644176,2027-03-31,MDN01,ACTIVE
4657,3669,Savings,16780556,2027-05-17,SMG01,ACTIVE
4658,7573,Savings,14137662,2027-06-09,SBY01,ACTIVE
4659,8347,Savings,58564877,2026-09-01,JKT01,ACTIVE
4660,2267,Time Deposit,1205694160,2026-12-01,MDN01,ACTIVE
4661,2684,Savings,42097125,2027-03-29,SBY01,ACTIVE
4662,3459,Time Deposit,1119092883,2026-06-27,JKT02,ACTIVE
4663,9943,Savings,60049713,2027-02-08,JKT02,ACTIVE
4664,1289,Time Deposit,361663528,2026-10-23,SBY01,ACTIVE
4665,3120,Time Deposit,686390781,2026-07-07,MDN01,ACTIVE
4666,8004,Time Deposit,308983009,2026-05-13,YGY01,ACTIVE
4667,6013,Time Deposit,1128624566,2026-06-20,JKT01,ACTIVE
4668,662,Savings,40988948,2028-01-03,JKT02,ACTIVE
4669,4445,Time Deposit,860294165,2027-02-09,MDN01,ACTIVE
4670,5801,Time Deposit,512688954,2026-11-27,SBY01,ACTIVE
4671,6322,Savings,60217147,2026-08-12,MDN01,ACTIVE
4672,7746,Time Deposit,1300350870,2026-08-03,JKT01,ACTIVE
4673,405,Savings,33939746,2026-05-16,MDN01,ACTIVE
4674,7681,Savings,5603295,2027-03-20,JKT02,ACTIVE
4675,6503,Savings,21493634,2027-05-16,SBY01,ACTIVE
4676,5394,Savings,91575627,2026-05-06,JKT02,ACTIVE
4677,5524,Savings,31952377,2028-01-23,JKT02,ACTIVE
4678,1356,Time Deposit,1329158636,2026-07-26,YGY01,ACTIVE
4679,5754,Savings,57502822,2026-10-02,BDG01,ACTIVE
4680,7908,Savings,81713915,2027-10-23,SMG01,ACTIVE
4681,8681,Savings,156626436,2027-06-08,SMG01,ACTIVE
4682,8186,Time Deposit,853701151,2026-11-28,YGY01,ACTIVE
4683,4012,Savings,21029069,2027-12-16,JKT02,ACTIVE
4684,5578,Savings,101239307,2026-06-28,JKT02,ACTIVE
4685,8745,Time Deposit,839360036,2026-07-30,BDG01,ACTIVE
4686,4567,Savings,64108781,2026-06-21,JKT01,ACTIVE
4687,4082,Time Deposit,756789498,2026-11-24,SMG01,ACTIVE
4688,6824,Savings,9350884,2026-09-29,JKT02,ACTIVE
4689,6448,Savings,12200631,2027-11-22,YGY01,ACTIVE
4690,2899,Savings,30416620,2027-02-18,SMG01,ACTIVE
4691,3045,Savings,24370135,2028-01-09,YGY01,ACTIVE
4692,8729,Savings,216422991,2026-07-06,MDN01,ACTIVE
4693,2622,Savings,14803997,2026-09-05,SMG01,ACTIVE
4694,7457,Savings,8644317,2026-06-10,SBY01,ACTIVE
4695,641,Savings,21285919,2027-01-16,JKT02,ACTIVE
4696,9035,Savings,15799293,2027-01-28,MDN01,ACTIVE
4697,3988,Time Deposit,196175823,2027-02-01,BDG01,ACTIVE
4698,3234,Savings,37781586,2028-01-27,JKT02,ACTIVE
4699,8963,Savings,29153576,2026-11-13,SBY01,ACTIVE
4700,1726,Time Deposit,638971969,2026-11-25,SBY01,ACTIVE
4701,6406,Time Deposit,237966687,2027-02-11,MDN01,ACTIVE
4702,4647,Savings,174851927,2028-01-01,MDN01,ACTIVE
4703,2129,Savings,97596665,2026-06-06,MDN01,ACTIVE
4704,4826,Time Deposit,803238428,2027-01-13,JKT01,ACTIVE
4705,8182,Savings,135619794,2028-01-30,SMG01,ACTIVE
4706,9512,Savings,9352651,2028-03-15,SMG01,ACTIVE
4707,8246,Savings,26625075,2027-03-09,JKT01,ACTIVE
4708,4450,Savings,13049276,2028-01-28,BDG01,ACTIVE
4709,3408,Savings,15456777,2026-08-14,BDG01,ACTIVE
4710,944,Savings,100057243,2027-07-30,SMG01,ACTIVE
4711,3344,Time Deposit,479652962,2026-06-21,JKT01,ACTIVE
4712,4733,Time Deposit,572650098,2026-06-21,MDN01,ACTIVE
4713,4659,Savings,13218651,2027-09-14,YGY01,ACTIVE
4714,1237,Time Deposit,761079386,2026-10-02,SBY01,ACTIVE
4715,8699,Time Deposit,165975321,2026-08-15,SMG01,ACTIVE
4716,6046,Savings,134101236,2026-06-25,BDG01,ACTIVE
4717,2587,Savings,11509216,2027-01-07,BDG01,ACTIVE
4718,3251,Savings,17963462,2026-08-21,MDN01,ACTIVE
4719,1426,Savings,128737749,2027-09-30,MDN01,ACTIVE
4720,9594,Savings,7645177,2026-07-04,JKT02,ACTIVE
4721,9709,Time Deposit,1497658626,2026-08-03,JKT01,ACTIVE
4722,5575,Time Deposit,1235096474,2026-04-12,SMG01,ACTIVE
4723,7038,Savings,10040676,2026-05-25,JKT02,ACTIVE
4724,7193,Time Deposit,698066455,2026-12-11,SBY01,ACTIVE
4725,4094,Time Deposit,523603304,2027-03-14,SBY01,ACTIVE
4726,8718,Savings,118179901,2027-11-01,JKT02,ACTIVE
4727,3798,Savings,84557608,2028-03-15,JKT01,ACTIVE
4728,6683,Savings,109369834,2027-08-20,SBY01,ACTIVE
4729,2199,Time Deposit,788293590,2027-03-03,SBY01,ACTIVE
4730,1846,Savings,21919298,2027-12-11,JKT01,ACTIVE
4731,7330,Savings,74605124,2027-03-21,JKT02,ACTIVE
4732,522,Savings,10943951,2026-11-04,SBY01,ACTIVE
4733,7311,Savings,21359337,2027-08-04,JKT01,ACTIVE
4734,4286,Time Deposit,1585846466,2026-08-30,BDG01,ACTIVE
4735,233,Time Deposit,418558367,2026-06-28,JKT02,ACTIVE
4736,1204,Savings,11925317,2027-03-19,YGY01,ACTIVE
4737,7003,Savings,87170136,2027-04-05,BDG01,ACTIVE
4738,3212,Savings,23650664,2028-02-08,YGY01,ACTIVE
4739,7802,Savings,13610029,2027-04-10,BDG01,ACTIVE
4740,10,Savings,37853685,2027-01-31,YGY01,ACTIVE
4741,3686,Savings,19418940,2026-11-14,MDN01,ACTIVE
4742,3936,Savings,27657146,2027-11-09,SMG01,ACTIVE
4743,2823,Time Deposit,675863241,2027-01-21,JKT02,ACTIVE
4744,7946,Time Deposit,1137291246,2027-01-11,MDN01,ACTIVE
4745,7133,Savings,96717917,2027-11-28,SMG01,ACTIVE
4746,149,Savings,131194584,2027-03-29,YGY01,ACTIVE
4747,8900,Savings,19656330,2027-01-31,BDG01,ACTIVE
4748,7364,Savings,9776936,2026-11-17,MDN01,ACTIVE
4749,9958,Savings,11776821,2026-07-21,SBY01,ACTIVE
4750,8304,Time Deposit,246385205,2026-11-13,JKT01,ACTIVE
4751,4643,Savings,90705293,2026-09-04,JKT01,ACTIVE
4752,451,Time Deposit,710052776,2027-02-20,YGY01,ACTIVE
4753,3505,Savings,129287962,2026-04-19,SBY01,ACTIVE
4754,5725,Time Deposit,1100154256,2026-11-12,SBY01,ACTIVE
4755,7363,Savings,21953763,2027-01-08,SMG01,ACTIVE
4756,3707,Savings,91778554,2027-12-17,JKT01,ACTIVE
4757,7437,Time Deposit,216015990,2026-08-29,SMG01,ACTIVE
4758,7592,Savings,23179239,2027-02-24,JKT01,ACTIVE
4759,7697,Time Deposit,530697088,2026-04-03,MDN01,ACTIVE
4760,5168,Time Deposit,599731902,2026-11-23,SBY01,ACTIVE
4761,8164,Time Deposit,1442194717,2026-05-09,BDG01,ACTIVE
4762,7006,Savings,21610143,2026-09-26,JKT02,ACTIVE
4763,5936,Time Deposit,676161882,2027-02-17,YGY01,ACTIVE
4764,5840,Time Deposit,497728064,2026-12-24,BDG01,ACTIVE
4765,6763,Savings,108378059,2027-06-02,MDN01,ACTIVE
4766,2340,Savings,22820054,2027-12-01,BDG01,ACTIVE
4767,4746,Time Deposit,522602265,2026-05-22,BDG01,ACTIVE
4768,6567,Time Deposit,223344014,2026-12-12,BDG01,ACTIVE
4769,1388,Time Deposit,991323877,2026-12-07,YGY01,ACTIVE
4770,8429,Savings,16676031,2026-12-18,YGY01,ACTIVE
4771,4470,Time Deposit,556856593,2026-11-11,SMG01,ACTIVE
4772,3447,Savings,25107912,2026-07-27,SBY01,ACTIVE
4773,2973,Savings,134576449,2026-08-09,JKT01,ACTIVE
4774,9564,Time Deposit,479877104,2026-10-07,JKT02,ACTIVE
4775,3117,Time Deposit,187853391,2026-12-23,SBY01,ACTIVE
4776,3014,Savings,38142243,2028-01-28,JKT02,ACTIVE
4777,2733,Savings,9741853,2026-07-13,JKT01,ACTIVE
4778,1233,Savings,66375472,2027-11-06,SMG01,ACTIVE
4779,2020,Savings,12120608,2028-02-26,YGY01,ACTIVE
4780,678,Savings,50359563,2026-08-25,JKT01,ACTIVE
4781,8077,Savings,30816738,2027-08-06,BDG01,ACTIVE
4782,7026,Savings,87560628,2027-08-14,SMG01,ACTIVE
4783,4385,Time Deposit,1485315845,2026-08-18,JKT02,ACTIVE
4784,1882,Savings,10059444,2026-06-23,JKT02,ACTIVE
4785,2568,Time Deposit,591731890,2026-08-12,YGY01,ACTIVE
4786,7813,Time Deposit,1000330573,2026-04-12,MDN01,ACTIVE
4787,5021,Time Deposit,953019829,2027-02-23,YGY01,ACTIVE
4788,3647,Savings,30809168,2027-02-04,JKT02,ACTIVE
4789,3308,Savings,13214084,2027-07-31,JKT01,ACTIVE
4790,9469,Savings,34532518,2028-01-19,BDG01,ACTIVE
4791,8254,Savings,15663863,2027-07-05,SMG01,ACTIVE
4792,6273,Time Deposit,100722676,2026-06-28,SMG01,ACTIVE
4793,4628,Savings,152785353,2026-12-12,MDN01,ACTIVE
4794,1166,Time Deposit,489247307,2026-04-13,SMG01,ACTIVE
4795,8805,Time Deposit,728058664,2026-09-01,YGY01,ACTIVE
4796,7351,Savings,123332259,2027-04-18,YGY01,ACTIVE
4797,8902,Savings,20954707,2028-02-13,JKT01,ACTIVE
4798,6902,Time Deposit,1244198927,2026-09-11,SBY01,ACTIVE
4799,7028,Savings,17585838,2026-09-03,SMG01,ACTIVE
4800,3040,Savings,37725258,2027-07-20,SMG01,ACTIVE
4801,1990,Time Deposit,1166998450,2027-01-07,MDN01,ACTIVE
4802,9083,Savings,12855858,2028-03-09,BDG01,ACTIVE
4803,8088,Time Deposit,426825692,2026-08-24,SBY01,ACTIVE
4804,3269,Savings,35700966,2028-01-23,SMG01,ACTIVE
4805,1663,Time Deposit,307574496,2026-11-06,JKT01,ACTIVE
4806,8960,Time Deposit,1474141520,2026-08-05,MDN01,ACTIVE
4807,5220,Savings,25073736,2026-04-29,MDN01,ACTIVE
4808,6387,Time Deposit,1028630010,2026-11-01,MDN01,ACTIVE
4809,4855,Time Deposit,589034499,2026-08-15,SBY01,ACTIVE
4810,3150,Savings,2449828,2026-09-12,JKT02,ACTIVE
4811,1800,Savings,8506828,2027-10-27,JKT01,ACTIVE
4812,4009,Savings,75219577,2027-03-08,YGY01,ACTIVE
4813,5409,Savings,103168880,2026-10-10,MDN01,ACTIVE
4814,8962,Savings,18535337,2026-12-01,BDG01,ACTIVE
4815,2581,Savings,187604184,2027-05-21,YGY01,ACTIVE
4816,579,Savings,114950306,2028-02-03,MDN01,ACTIVE
4817,820,Time Deposit,444863692,2027-01-29,BDG01,ACTIVE
4818,5464,Time Deposit,1863096186,2026-06-23,JKT02,ACTIVE
4819,6877,Savings,68205967,2027-02-17,SBY01,ACTIVE
4820,7565,Time Deposit,557127543,2027-01-23,SMG01,ACTIVE
4821,4471,Savings,26044499,2027-09-18,SBY01,ACTIVE
4822,1958,Time Deposit,1564985399,2026-07-31,MDN01,ACTIVE
4823,2253,Time Deposit,522932847,2027-03-14,YGY01,ACTIVE
4824,1777,Time Deposit,465178555,2026-09-29,YGY01,ACTIVE
4825,3025,Savings,28074851,2026-05-13,MDN01,ACTIVE
4826,518,Savings,19197726,2027-12-31,MDN01,ACTIVE
4827,6391,Time Deposit,1365455630,2026-08-08,JKT02,ACTIVE
4828,9086,Time Deposit,1112924087,2026-11-17,JKT02,ACTIVE
4829,318,Savings,19171701,2027-04-23,MDN01,ACTIVE
4830,526,Savings,43479630,2027-01-15,YGY01,ACTIVE
4831,2209,Time Deposit,766941568,2026-04-26,SBY01,ACTIVE
4832,6608,Time Deposit,1333681830,2026-08-04,JKT01,ACTIVE
4833,6411,Time Deposit,730853054,2026-11-08,MDN01,ACTIVE
4834,6662,Savings,14677502,2027-09-16,BDG01,ACTIVE
4835,5834,Savings,18276048,2026-07-19,MDN01,ACTIVE
4836,7356,Time Deposit,959321254,2026-07-28,JKT02,ACTIVE
4837,2312,Time Deposit,992842458,2026-12-11,YGY01,ACTIVE
4838,9695,Time Deposit,655748895,2026-12-29,MDN01,ACTIVE
4839,9302,Time Deposit,966543852,2026-08-27,YGY01,ACTIVE
4840,6768,Savings,125160455,2027-02-05,MDN01,ACTIVE
4841,8330,Savings,24010473,2028-01-01,JKT02,ACTIVE
4842,4672,Time Deposit,1016303524,2026-06-17,MDN01,ACTIVE
4843,6787,Savings,22196724,2027-05-30,JKT02,ACTIVE
4844,2802,Savings,21118909,2028-01-03,BDG01,ACTIVE
4845,1582,Savings,26407188,2027-07-24,BDG01,ACTIVE
4846,4289,Time Deposit,733891113,2026-11-14,JKT02,ACTIVE
4847,545,Time Deposit,1254520655,2026-04-11,JKT01,ACTIVE
4848,1129,Savings,89612216,2027-05-20,SBY01,ACTIVE
4849,4632,Savings,78975946,2026-08-07,JKT01,ACTIVE
4850,8909,Time Deposit,799103551,2026-08-30,BDG01,ACTIVE
4851,6938,Time Deposit,605705615,2027-01-13,JKT01,ACTIVE
4852,7871,Savings,25722074,2027-05-28,SBY01,ACTIVE
4853,6294,Time Deposit,1435517745,2026-12-19,JKT01,ACTIVE
4854,2334,Time Deposit,869667079,2027-01-19,YGY01,ACTIVE
4855,1356,Time Deposit,1259350979,2026-04-04,SMG01,ACTIVE
4856,2133,Savings,35881807,2027-08-19,YGY01,ACTIVE
4857,9727,Time Deposit,533933228,2027-03-16,JKT01,ACTIVE
4858,9926,Savings,22903037,2026-06-10,YGY01,ACTIVE
4859,8411,Savings,82488011,2026-04-25,JKT02,ACTIVE
4860,7537,Savings,54991924,2026-12-26,SBY01,ACTIVE
4861,7379,Savings,38429517,2027-11-20,BDG01,ACTIVE
4862,7970,Savings,28996262,2027-10-31,SMG01,ACTIVE
4863,6285,Time Deposit,554903575,2026-05-25,YGY01,ACTIVE
4864,6184,Savings,14720557,2027-11-15,SBY01,ACTIVE
4865,2267,Time Deposit,1146631793,2026-06-07,YGY01,ACTIVE
4866,8349,Time Deposit,1122868111,2026-06-12,SMG01,ACTIVE
4867,2337,Time Deposit,1171645560,2027-01-01,SBY01,ACTIVE
4868,2098,Time Deposit,1131188376,2026-10-31,JKT02,ACTIVE
4869,312,Time Deposit,645583269,2027-01-12,SBY01,ACTIVE
4870,9107,Time Deposit,585716690,2027-01-02,JKT01,ACTIVE
4871,8529,Time Deposit,1579984841,2026-08-09,SMG01,ACTIVE
4872,3948,Savings,23772231,2028-01-02,SMG01,ACTIVE
4873,7523,Time Deposit,1393545385,2026-08-17,YGY01,ACTIVE
4874,2745,Savings,117921204,2026-07-07,JKT01,ACTIVE
4875,1055,Savings,9568353,2026-10-11,BDG01,ACTIVE
4876,3351,Savings,12129428,2026-07-28,SMG01,ACTIVE
4877,7494,Savings,8732209,2027-09-12,BDG01,ACTIVE
4878,1751,Savings,8607250,2028-01-31,MDN01,ACTIVE
4879,4792,Time Deposit,617392547,2026-12-04,MDN01,ACTIVE
4880,9064,Savings,56915538,2027-04-02,YGY01,ACTIVE
4881,9521,Time Deposit,1713593776,2027-03-07,JKT02,ACTIVE
4882,2404,Time Deposit,529348851,2026-07-22,BDG01,ACTIVE
4883,679,Savings,40943530,2026-12-10,SMG01,ACTIVE
4884,1587,Savings,28180328,2027-12-02,SBY01,ACTIVE
4885,1320,Savings,55872761,2027-11-21,SMG01,ACTIVE
4886,7028,Savings,40445369,2027-02-17,SBY01,ACTIVE
4887,9184,Savings,89753220,2027-02-02,YGY01,ACTIVE
4888,7540,Time Deposit,808242033,2026-07-27,BDG01,ACTIVE
4889,6928,Savings,16771068,2028-01-15,SMG01,ACTIVE
4890,5081,Savings,141784253,2027-05-30,YGY01,ACTIVE
4891,1582,Savings,22946967,2027-09-06,SBY01,ACTIVE
4892,7540,Savings,13189993,2026-12-18,YGY01,ACTIVE
4893,8282,Savings,37451653,2027-10-23,JKT01,ACTIVE
4894,860,Savings,34771082,2027-08-10,SMG01,ACTIVE
4895,2348,Time Deposit,1163250641,2026-12-21,YGY01,ACTIVE
4896,9801,Time Deposit,374342218,2027-02-21,BDG01,ACTIVE
4897,710,Savings,24911586,2026-06-02,JKT02,ACTIVE
4898,9114,Savings,42950931,2027-09-24,JKT01,ACTIVE
4899,6259,Savings,138123723,2026-09-26,SBY01,ACTIVE
4900,9718,Savings,84760249,2027-04-28,BDG01,ACTIVE
4901,6617,Savings,214991489,2027-01-29,SBY01,ACTIVE
4902,9468,Savings,192415355,2027-12-20,YGY01,ACTIVE
4903,1745,Savings,103092889,2028-03-08,MDN01,ACTIVE
4904,6879,Time Deposit,160659243,2026-09-06,JKT01,ACTIVE
4905,4098,Savings,42622178,2027-11-18,YGY01,ACTIVE
4906,5796,Savings,178617047,2028-03-12,YGY01,ACTIVE
4907,3776,Savings,101933614,2027-10-11,YGY01,ACTIVE
4908,1651,Time Deposit,494230171,2027-01-12,JKT02,ACTIVE
4909,3185,Time Deposit,1460156387,2026-07-13,JKT01,ACTIVE
4910,5488,Savings,72732672,2027-11-13,JKT01,ACTIVE
4911,6020,Savings,224272534,2026-10-12,JKT01,ACTIVE
4912,9427,Time Deposit,699041767,2027-01-09,JKT01,ACTIVE
4913,3666,Time Deposit,365924682,2026-10-16,JKT02,ACTIVE
4914,1704,Savings,80135536,2026-07-28,SMG01,ACTIVE
4915,1986,Savings,60062265,2027-09-16,YGY01,ACTIVE
4916,2887,Savings,24662275,2027-10-21,JKT02,ACTIVE
4917,8843,Savings,14839479,2026-07-25,YGY01,ACTIVE
4918,1675,Time Deposit,196363446,2026-04-22,BDG01,ACTIVE
4919,2448,Savings,43779408,2027-10-20,JKT02,ACTIVE
4920,5044,Time Deposit,611471587,2026-12-02,SMG01,ACTIVE
4921,3996,Savings,36844084,2028-02-20,SBY01,ACTIVE
4922,5178,Savings,103315623,2027-08-29,JKT02,ACTIVE
4923,5988,Savings,22531159,2026-11-22,SBY01,ACTIVE
4924,3513,Savings,16163715,2028-03-13,SMG01,ACTIVE
4925,9453,Savings,24686213,2028-02-12,JKT01,ACTIVE
4926,7149,Time Deposit,985922642,2027-02-08,YGY01,ACTIVE
4927,9991,Savings,36725240,2027-03-15,JKT01,ACTIVE
4928,6251,Savings,26646196,2027-01-18,SMG01,ACTIVE
4929,7519,Savings,29680783,2027-03-25,JKT01,ACTIVE
4930,9066,Savings,94858981,2027-06-01,SMG01,ACTIVE
4931,2904,Time Deposit,663310794,2027-01-22,YGY01,ACTIVE
4932,2130,Time Deposit,1004279829,2026-03-18,JKT01,ACTIVE
4933,8370,Savings,29542816,2027-07-22,MDN01,ACTIVE
4934,8158,Time Deposit,965240510,2026-06-10,YGY01,ACTIVE
4935,9645,Savings,159221302,2028-02-18,MDN01,ACTIVE
4936,3217,Savings,67916043,2028-01-06,JKT02,ACTIVE
4937,8949,Time Deposit,1170754390,2026-07-03,SBY01,ACTIVE
4938,1686,Savings,36424998,2027-11-19,YGY01,ACTIVE
4939,3669,Savings,3289527,2028-03-12,JKT01,ACTIVE
4940,4561,Savings,8644464,2026-12-28,YGY01,ACTIVE
4941,4301,Time Deposit,603936712,2027-02-10,SBY01,ACTIVE
4942,4442,Savings,10186344,2026-04-26,SBY01,ACTIVE
4943,3203,Savings,31370183,2026-04-19,SBY01,ACTIVE
4944,4286,Savings,109077100,2027-02-15,JKT01,ACTIVE
4945,6110,Time Deposit,1459979069,2026-04-19,SBY01,ACTIVE
4946,2077,Savings,9654142,2026-08-07,SBY01,ACTIVE
4947,3919,Time Deposit,699352219,2026-05-05,BDG01,ACTIVE
4948,6365,Time Deposit,440815263,2026-04-12,MDN01,ACTIVE
4949,7195,Time Deposit,1578902006,2027-02-07,BDG01,ACTIVE
4950,3842,Savings,79087175,2027-10-02,BDG01,ACTIVE
4951,5635,Savings,23407570,2027-11-20,JKT02,ACTIVE
4952,8091,Savings,32129947,2027-05-31,JKT01,ACTIVE
4953,7117,Savings,125041753,2027-04-15,JKT01,ACTIVE
4954,826,Savings,12961176,2027-09-20,MDN01,ACTIVE
4955,4082,Savings,78256731,2027-10-20,MDN01,ACTIVE
4956,462,Savings,15469742,2026-05-19,SBY01,ACTIVE
4957,67,Time Deposit,1441277846,2026-07-26,BDG01,ACTIVE
4958,6724,Savings,95028715,2026-10-28,JKT01,ACTIVE
4959,4399,Savings,34011843,2026-05-19,SMG01,ACTIVE
4960,6752,Savings,15622764,2028-02-04,JKT01,ACTIVE
4961,7576,Savings,139525411,2027-05-26,JKT01,ACTIVE
4962,7686,Savings,18152737,2027-10-15,MDN01,ACTIVE
4963,6108,Savings,114579484,2027-09-14,YGY01,ACTIVE
4964,3209,Time Deposit,629531663,2027-03-07,SBY01,ACTIVE
4965,9941,Time Deposit,1427844978,2026-11-04,MDN01,ACTIVE
4966,4212,Savings,22848988,2027-03-18,JKT01,ACTIVE
4967,1046,Savings,70645213,2027-09-16,SMG01,ACTIVE
4968,4480,Savings,25962254,2026-10-30,YGY01,ACTIVE
4969,1797,Savings,17244501,2027-09-18,YGY01,ACTIVE
4970,3237,Savings,83995690,2027-08-16,MDN01,ACTIVE
4971,4660,Savings,51567214,2028-01-28,YGY01,ACTIVE
4972,3428,Savings,146610134,2028-02-29,JKT02,ACTIVE
4973,3130,Time Deposit,680022916,2026-08-23,YGY01,ACTIVE
4974,9440,Savings,66562692,2027-08-05,MDN01,ACTIVE
4975,3665,Savings,41127338,2027-03-10,SBY01,ACTIVE
4976,3653,Time Deposit,416706368,2026-05-13,MDN01,ACTIVE
4977,3455,Time Deposit,878803496,2026-10-16,SBY01,ACTIVE
4978,8886,Time Deposit,590833892,2027-01-01,JKT01,ACTIVE
4979,8236,Savings,44969632,2027-12-07,JKT02,ACTIVE
4980,266,Time Deposit,744637209,2026-07-30,YGY01,ACTIVE
4981,1016,Savings,28776733,2027-06-07,JKT01,ACTIVE
4982,4021,Time Deposit,663922490,2027-01-13,YGY01,ACTIVE
4983,1999,Savings,18224408,2027-03-17,MDN01,ACTIVE
4984,8215,Savings,19350363,2026-12-01,JKT02,ACTIVE
4985,6563,Savings,11633789,2026-09-20,BDG01,ACTIVE
4986,8525,Time Deposit,1625408225,2026-06-23,SMG01,ACTIVE
4987,8023,Time Deposit,351777949,2026-04-04,YGY01,ACTIVE
4988,3956,Savings,73140409,2027-09-08,SMG01,ACTIVE
4989,4514,Time Deposit,498766069,2027-01-15,JKT01,ACTIVE
4990,217,Time Deposit,776816605,2026-03-31,JKT01,ACTIVE
4991,199,Time Deposit,567451575,2026-10-21,SBY01,ACTIVE
4992,8504,Savings,3401627,2027-09-20,YGY01,ACTIVE
4993,4081,Savings,25512987,2027-11-30,JKT01,ACTIVE
4994,3932,Time Deposit,814159915,2026-12-04,YGY01,ACTIVE
4995,4159,Savings,83486411,2027-12-29,YGY01,ACTIVE
4996,2957,Time Deposit,851303329,2026-05-13,JKT02,ACTIVE
4997,1332,Time Deposit,551930050,2026-07-12,BDG01,ACTIVE
4998,2016,Savings,123836825,2026-09-22,SBY01,ACTIVE
4999,733,Time Deposit,1474511029,2026-10-18,JKT01,ACTIVE
5000,3776,Savings,127003376,2026-10-26,JKT02,ACTIVE
5001,5355,Savings,137261876,2027-08-13,MDN01,ACTIVE
5002,444,Savings,28064319,2027-02-09,BDG01,ACTIVE
5003,3984,Time Deposit,790878813,2027-01-11,SBY01,ACTIVE
5004,2652,Savings,69914040,2026-04-24,SBY01,ACTIVE
5005,5519,Time Deposit,373492046,2026-06-06,JKT02,ACTIVE
5006,2211,Time Deposit,1454489585,2026-07-24,BDG01,ACTIVE
5007,6006,Savings,54482364,2027-08-29,BDG01,ACTIVE
5008,718,Savings,28029966,2028-01-27,JKT02,ACTIVE
5009,4556,Savings,55207959,2027-01-26,SMG01,ACTIVE
5010,7351,Savings,96262763,2027-11-27,SMG01,ACTIVE
5011,1865,Time Deposit,462106276,2026-11-18,MDN01,ACTIVE
5012,8733,Savings,23725421,2027-07-14,SMG01,ACTIVE
5013,3950,Savings,51913620,2028-01-14,YGY01,ACTIVE
5014,7798,Savings,35125101,2027-04-25,BDG01,ACTIVE
5015,6577,Time Deposit,154814651,2026-05-03,MDN01,ACTIVE
5016,6022,Time Deposit,623804734,2026-08-12,MDN01,ACTIVE
5017,5942,Savings,8547979,2026-10-27,BDG01,ACTIVE
5018,5787,Savings,2824831,2027-11-22,SBY01,ACTIVE
5019,3661,Savings,18321964,2027-03-25,YGY01,ACTIVE
5020,9620,Time Deposit,1755651547,2026-10-01,MDN01,ACTIVE
5021,6645,Time Deposit,750382330,2026-06-14,YGY01,ACTIVE
5022,9298,Savings,5070708,2026-11-10,SMG01,ACTIVE
5023,5498,Savings,59989254,2026-06-28,JKT02,ACTIVE
5024,8386,Time Deposit,173842654,2026-08-25,JKT02,ACTIVE
5025,668,Time Deposit,176651822,2026-04-03,JKT01,ACTIVE
5026,2868,Savings,22307999,2027-04-12,JKT02,ACTIVE
5027,816,Time Deposit,582683486,2027-01-07,SBY01,ACTIVE
5028,3147,Savings,138752824,2027-03-20,MDN01,ACTIVE
5029,4357,Time Deposit,488909515,2026-06-11,JKT02,ACTIVE
5030,1652,Savings,70207642,2027-03-10,YGY01,ACTIVE
5031,2661,Time Deposit,951704183,2026-04-09,BDG01,ACTIVE
5032,9624,Savings,10770295,2026-09-09,SMG01,ACTIVE
5033,2151,Time Deposit,1149600679,2027-01-18,YGY01,ACTIVE
5034,332,Time Deposit,648440922,2026-08-06,MDN01,ACTIVE
5035,5208,Savings,26362513,2027-03-23,YGY01,ACTIVE
5036,5292,Time Deposit,594504276,2026-07-05,SMG01,ACTIVE
5037,6345,Savings,35075137,2027-03-22,JKT01,ACTIVE
5038,4660,Savings,26878671,2027-02-20,SBY01,ACTIVE
5039,4869,Savings,114385237,2026-04-22,MDN01,ACTIVE
5040,9488,Savings,106286635,2026-12-25,JKT02,ACTIVE
5041,3635,Savings,28319216,2027-02-23,JKT02,ACTIVE
5042,5619,Savings,166633460,2026-09-27,YGY01,ACTIVE
5043,1275,Savings,34162417,2026-11-14,BDG01,ACTIVE
5044,5344,Time Deposit,1552090393,2027-03-14,MDN01,ACTIVE
5045,1370,Time Deposit,1460249768,2026-05-06,BDG01,ACTIVE
5046,8959,Savings,16401130,2027-04-22,YGY01,ACTIVE
5047,9487,Savings,5978224,2027-12-22,BDG01,ACTIVE
5048,7420,Time Deposit,167226477,2026-09-08,MDN01,ACTIVE
5049,1653,Savings,110743879,2026-05-29,YGY01,ACTIVE
5050,9018,Savings,3940950,2027-01-16,JKT02,ACTIVE
5051,2163,Savings,38809229,2027-10-19,JKT01,ACTIVE
5052,8190,Time Deposit,1366397115,2026-08-08,JKT01,ACTIVE
5053,6656,Time Deposit,526064324,2026-04-28,MDN01,ACTIVE
5054,5338,Savings,40800875,2027-09-12,BDG01,ACTIVE
5055,6689,Savings,13690450,2028-03-01,BDG01,ACTIVE
5056,1551,Savings,81647663,2027-07-09,SBY01,ACTIVE
5057,5273,Savings,14754823,2027-07-04,YGY01,ACTIVE
5058,7701,Savings,42192393,2027-12-01,JKT02,ACTIVE
5059,4984,Savings,7173827,2026-11-16,JKT02,ACTIVE
5060,8051,Savings,99202764,2027-07-10,BDG01,ACTIVE
5061,6118,Savings,10082231,2026-10-09,JKT01,ACTIVE
5062,4266,Savings,41247331,2027-04-13,JKT02,ACTIVE
5063,1901,Time Deposit,1098306245,2027-02-05,SMG01,ACTIVE
5064,4530,Savings,9949733,2026-05-07,MDN01,ACTIVE
5065,9155,Savings,88152845,2027-09-07,SBY01,ACTIVE
5066,6244,Savings,79758236,2027-02-05,SMG01,ACTIVE
5067,2446,Savings,41754503,2027-05-04,JKT02,ACTIVE
5068,7565,Time Deposit,1596200436,2026-09-20,MDN01,ACTIVE
5069,3523,Savings,17677257,2028-01-21,BDG01,ACTIVE
5070,9127,Time Deposit,676561234,2026-07-20,JKT01,ACTIVE
5071,8743,Savings,16705534,2027-10-16,BDG01,ACTIVE
5072,5138,Savings,30392908,2027-04-14,BDG01,ACTIVE
5073,9232,Time Deposit,491763452,2027-02-12,SMG01,ACTIVE
5074,9877,Savings,23318274,2027-11-03,SMG01,ACTIVE
5075,4936,Time Deposit,1144377707,2026-12-07,YGY01,ACTIVE
5076,5149,Savings,19568837,2026-07-29,BDG01,ACTIVE
5077,6713,Savings,34431541,2027-02-28,MDN01,ACTIVE
5078,8650,Time Deposit,581102419,2026-07-11,SBY01,ACTIVE
5079,5370,Savings,59379892,2027-07-30,BDG01,ACTIVE
5080,240,Savings,53629875,2027-04-05,YGY01,ACTIVE
5081,3540,Time Deposit,213235920,2026-08-31,YGY01,ACTIVE
5082,5974,Savings,20713652,2027-05-31,YGY01,ACTIVE
5083,7574,Time Deposit,1517438187,2026-05-14,BDG01,ACTIVE
5084,5584,Time Deposit,243103431,2026-05-06,MDN01,ACTIVE
5085,5070,Time Deposit,1089569838,2026-04-04,YGY01,ACTIVE
5086,798,Savings,16128212,2026-11-19,MDN01,ACTIVE
5087,1176,Time Deposit,215050828,2026-08-11,JKT02,ACTIVE
5088,601,Savings,23400074,2026-06-24,YGY01,ACTIVE
5089,966,Savings,44575031,2027-06-16,SMG01,ACTIVE
5090,110,Savings,13862065,2026-09-17,YGY01,ACTIVE
5091,4073,Time Deposit,567087112,2026-05-04,SMG01,ACTIVE
5092,8207,Savings,104343378,2027-12-01,MDN01,ACTIVE
5093,14,Savings,34208300,2027-09-05,MDN01,ACTIVE
5094,1051,Time Deposit,1214904218,2026-08-04,JKT02,ACTIVE
5095,3412,Savings,22833234,2026-09-05,JKT01,ACTIVE
5096,9384,Savings,36193164,2026-11-08,YGY01,ACTIVE
5097,3000,Time Deposit,1305379754,2027-02-19,JKT01,ACTIVE
5098,3253,Time Deposit,1697890231,2026-07-13,JKT01,ACTIVE
5099,4454,Time Deposit,162679817,2026-04-29,MDN01,ACTIVE
5100,6564,Time Deposit,330500511,2026-05-04,YGY01,ACTIVE
5101,715,Time Deposit,776933605,2026-11-18,YGY01,ACTIVE
5102,166,Savings,116713108,2027-10-14,YGY01,ACTIVE
5103,2085,Savings,13478009,2027-02-11,BDG01,ACTIVE
5104,6212,Savings,7856533,2026-07-21,JKT02,ACTIVE
5105,3604,Time Deposit,73982418,2027-01-20,SMG01,ACTIVE
5106,5038,Savings,54541393,2027-04-16,MDN01,ACTIVE
5107,8476,Savings,91045945,2026-04-21,SBY01,ACTIVE
5108,8986,Savings,27917779,2027-08-22,JKT01,ACTIVE
5109,6519,Time Deposit,324706686,2026-06-05,MDN01,ACTIVE
5110,5890,Savings,20246378,2026-08-06,JKT02,ACTIVE
5111,889,Time Deposit,1559483068,2026-07-28,YGY01,ACTIVE
5112,6175,Savings,2916907,2027-08-07,YGY01,ACTIVE
5113,1339,Savings,168533269,2027-10-11,YGY01,ACTIVE
5114,2498,Time Deposit,690045597,2026-12-21,BDG01,ACTIVE
5115,3301,Savings,9829672,2026-09-27,SBY01,ACTIVE
5116,7215,Time Deposit,1200538740,2026-06-05,JKT01,ACTIVE
5117,5578,Savings,153509718,2027-08-24,JKT02,ACTIVE
5118,3365,Savings,10203239,2027-01-30,BDG01,ACTIVE
5119,9024,Savings,39053019,2027-12-08,JKT01,ACTIVE
5120,4075,Savings,60734748,2026-06-20,MDN01,ACTIVE
5121,8357,Time Deposit,842391669,2026-07-07,JKT01,ACTIVE
5122,4178,Time Deposit,435687464,2026-12-06,JKT01,ACTIVE
5123,196,Savings,11818137,2027-03-20,SBY01,ACTIVE
5124,8764,Time Deposit,957286346,2026-07-03,YGY01,ACTIVE
5125,2274,Time Deposit,299407889,2026-08-10,SMG01,ACTIVE
5126,8543,Savings,87334984,2027-10-01,SBY01,ACTIVE
5127,5248,Time Deposit,654836653,2027-02-27,MDN01,ACTIVE
5128,7512,Time Deposit,345343662,2026-09-17,YGY01,ACTIVE
5129,8486,Time Deposit,833445286,2026-07-03,JKT02,ACTIVE
5130,4500,Savings,23847521,2028-01-30,SMG01,ACTIVE
5131,79,Savings,79943499,2026-08-06,JKT02,ACTIVE
5132,9275,Time Deposit,300406536,2026-12-08,MDN01,ACTIVE
5133,7142,Time Deposit,591342602,2026-07-02,YGY01,ACTIVE
5134,832,Time Deposit,657550227,2026-06-21,MDN01,ACTIVE
5135,9076,Savings,13102309,2028-01-24,JKT02,ACTIVE
5136,2136,Time Deposit,316953790,2026-04-24,JKT02,ACTIVE
5137,2246,Time Deposit,378409271,2026-07-16,SMG01,ACTIVE
5138,3023,Time Deposit,1435553154,2026-09-30,YGY01,ACTIVE
5139,331,Savings,7539620,2028-02-23,MDN01,ACTIVE
5140,4131,Savings,15790673,2027-06-14,SMG01,ACTIVE
5141,2802,Time Deposit,337172547,2026-09-20,SMG01,ACTIVE
5142,3768,Time Deposit,441109959,2026-05-06,SMG01,ACTIVE
5143,5790,Time Deposit,1495809979,2026-05-28,YGY01,ACTIVE
5144,2184,Time Deposit,444336796,2026-09-08,MDN01,ACTIVE
5145,3217,Time Deposit,1093811354,2026-12-10,SBY01,ACTIVE
5146,1890,Time Deposit,443153735,2026-06-18,SMG01,ACTIVE
5147,2081,Savings,20091907,2028-02-17,SBY01,ACTIVE
5148,1087,Time Deposit,895033806,2026-08-02,YGY01,ACTIVE
5149,3000,Time Deposit,1378944715,2027-02-02,JKT01,ACTIVE
5150,975,Savings,56456809,2027-09-19,JKT02,ACTIVE
5151,2961,Time Deposit,365273611,2026-09-29,MDN01,ACTIVE
5152,9864,Time Deposit,547392016,2027-03-11,MDN01,ACTIVE
5153,2598,Savings,34117917,2027-04-30,MDN01,ACTIVE
5154,2706,Savings,40496280,2026-10-17,SBY01,ACTIVE
5155,4862,Time Deposit,675221304,2026-08-18,SMG01,ACTIVE
5156,8921,Time Deposit,1367492535,2026-09-25,JKT01,ACTIVE
5157,1992,Savings,38802462,2027-06-12,JKT02,ACTIVE
5158,8229,Savings,86144476,2027-12-21,BDG01,ACTIVE
5159,4240,Savings,90158771,2027-10-11,JKT02,ACTIVE
5160,1545,Time Deposit,236665483,2026-04-26,SMG01,ACTIVE
5161,8238,Savings,43487843,2027-03-31,SMG01,ACTIVE
5162,4292,Savings,149996684,2027-04-22,MDN01,ACTIVE
5163,7651,Savings,82420283,2027-10-28,MDN01,ACTIVE
5164,2171,Time Deposit,279036624,2026-05-19,BDG01,ACTIVE
5165,3837,Time Deposit,1435342091,2027-01-22,MDN01,ACTIVE
5166,7407,Savings,124079391,2027-04-30,MDN01,ACTIVE
5167,1649,Savings,30572680,2028-02-02,SMG01,ACTIVE
5168,2223,Time Deposit,693890610,2026-09-20,MDN01,ACTIVE
5169,6544,Savings,17827292,2026-12-01,JKT01,ACTIVE
5170,7628,Savings,97049672,2028-02-19,SMG01,ACTIVE
5171,4239,Savings,35036977,2027-01-09,YGY01,ACTIVE
5172,8208,Savings,16776341,2027-10-05,SBY01,ACTIVE
5173,1983,Savings,6283933,2026-07-12,JKT01,ACTIVE
5174,4059,Savings,170916327,2028-02-23,SMG01,ACTIVE
5175,9853,Savings,57691067,2028-02-29,JKT01,ACTIVE
5176,5085,Time Deposit,518037473,2026-05-28,BDG01,ACTIVE
5177,2267,Time Deposit,1184587884,2026-08-15,YGY01,ACTIVE
5178,213,Time Deposit,259488677,2026-05-03,SMG01,ACTIVE
5179,8070,Time Deposit,1078880242,2027-02-02,SMG01,ACTIVE
5180,6348,Savings,8316434,2026-08-18,SBY01,ACTIVE
5181,2890,Savings,87336151,2026-09-07,SBY01,ACTIVE
5182,3112,Savings,49649064,2026-10-03,YGY01,ACTIVE
5183,1661,Savings,32978697,2027-09-10,SMG01,ACTIVE
5184,6455,Time Deposit,490553287,2026-04-15,SMG01,ACTIVE
5185,1156,Time Deposit,842536215,2027-03-15,BDG01,ACTIVE
5186,2223,Savings,120982066,2026-08-12,JKT01,ACTIVE
5187,295,Time Deposit,1078137561,2026-06-30,BDG01,ACTIVE
5188,4042,Time Deposit,558923049,2026-06-16,SMG01,ACTIVE
5189,6282,Savings,61908911,2027-11-24,MDN01,ACTIVE
5190,7978,Time Deposit,945088346,2026-10-21,YGY01,ACTIVE
5191,8729,Savings,90193714,2027-09-21,JKT01,ACTIVE
5192,82,Savings,16939808,2026-06-08,BDG01,ACTIVE
5193,9283,Time Deposit,558812727,2026-09-30,YGY01,ACTIVE
5194,6891,Savings,42667376,2027-03-10,BDG01,ACTIVE
5195,6726,Time Deposit,326227517,2026-06-15,MDN01,ACTIVE
5196,6553,Savings,81998173,2027-11-18,YGY01,ACTIVE
5197,5048,Time Deposit,994043359,2026-12-04,SBY01,ACTIVE
5198,9477,Time Deposit,1030084902,2026-10-31,BDG01,ACTIVE
5199,9650,Time Deposit,713646514,2026-08-22,JKT01,ACTIVE
5200,9908,Savings,77578981,2027-11-19,SBY01,ACTIVE
5201,353,Savings,23554364,2027-09-08,JKT01,ACTIVE
5202,7087,Savings,8946690,2027-03-23,JKT02,ACTIVE
5203,3931,Time Deposit,806492602,2026-10-12,JKT01,ACTIVE
5204,1111,Time Deposit,899611914,2026-12-29,SBY01,ACTIVE
5205,579,Savings,54391897,2027-07-01,JKT02,ACTIVE
5206,8387,Savings,18616761,2027-05-02,BDG01,ACTIVE
5207,5079,Time Deposit,754166625,2026-04-26,SMG01,ACTIVE
5208,4327,Savings,12094384,2027-11-23,SMG01,ACTIVE
5209,2798,Savings,30445094,2027-09-21,YGY01,ACTIVE
5210,8931,Savings,146764446,2026-08-18,SBY01,ACTIVE
5211,8072,Savings,20430463,2027-06-12,SBY01,ACTIVE
5212,9792,Savings,22117322,2026-12-07,MDN01,ACTIVE
5213,1373,Savings,28594096,2026-11-21,SMG01,ACTIVE
5214,2084,Savings,15443526,2026-07-01,YGY01,ACTIVE
5215,6138,Time Deposit,567935059,2026-04-11,JKT02,ACTIVE
5216,7864,Time Deposit,708346558,2026-10-20,JKT01,ACTIVE
5217,6342,Time Deposit,1503710749,2026-08-24,JKT02,ACTIVE
5218,8686,Time Deposit,561092207,2026-10-18,SMG01,ACTIVE
5219,1986,Time Deposit,258923435,2026-07-20,SBY01,ACTIVE
5220,803,Savings,45572896,2027-10-18,SMG01,ACTIVE
5221,216,Savings,43624346,2026-08-12,MDN01,ACTIVE
5222,1466,Savings,44301440,2027-02-18,BDG01,ACTIVE
5223,3797,Savings,75152120,2027-05-14,MDN01,ACTIVE
5224,7557,Savings,43049326,2027-11-01,MDN01,ACTIVE
5225,7574,Savings,129045780,2028-02-19,YGY01,ACTIVE
5226,1408,Savings,83143814,2027-01-30,YGY01,ACTIVE
5227,1823,Savings,49538257,2027-11-20,SMG01,ACTIVE
5228,8167,Time Deposit,280945201,2026-12-31,SBY01,ACTIVE
5229,5657,Time Deposit,382724651,2026-04-23,YGY01,ACTIVE
5230,932,Savings,90218531,2027-07-17,YGY01,ACTIVE
5231,7041,Time Deposit,760115949,2026-12-09,MDN01,ACTIVE
5232,4749,Time Deposit,1094467305,2026-05-11,JKT02,ACTIVE
5233,6023,Time Deposit,1193163945,2026-06-05,SMG01,ACTIVE
5234,1544,Savings,33435607,2027-07-13,JKT01,ACTIVE
5235,7469,Savings,17900569,2027-01-13,MDN01,ACTIVE
5236,77,Time Deposit,818259225,2026-11-27,MDN01,ACTIVE
5237,2974,Savings,37892161,2026-07-06,JKT02,ACTIVE
5238,6063,Savings,10310591,2027-06-10,SMG01,ACTIVE
5239,4246,Savings,11393021,2026-09-13,YGY01,ACTIVE
5240,4348,Savings,33690086,2026-04-29,MDN01,ACTIVE
5241,194,Savings,39124964,2027-11-11,JKT02,ACTIVE
5242,8322,Time Deposit,569210947,2026-07-10,MDN01,ACTIVE
5243,4066,Savings,39348392,2027-01-30,SBY01,ACTIVE
5244,6750,Savings,12657787,2027-04-23,SBY01,ACTIVE
5245,881,Time Deposit,450244077,2026-05-25,SMG01,ACTIVE
5246,1114,Savings,15649887,2027-12-30,SMG01,ACTIVE
5247,2889,Time Deposit,1360041088,2027-01-21,JKT02,ACTIVE
5248,1641,Savings,27533420,2027-08-30,MDN01,ACTIVE
5249,5088,Savings,34073993,2028-03-07,SMG01,ACTIVE
5250,9900,Savings,133992721,2026-05-27,JKT01,ACTIVE
5251,9066,Savings,139128996,2027-12-19,YGY01,ACTIVE
5252,5224,Savings,2779440,2026-09-24,JKT02,ACTIVE
5253,1480,Time Deposit,1160766697,2027-03-10,YGY01,ACTIVE
5254,5018,Time Deposit,355718864,2026-07-30,YGY01,ACTIVE
5255,350,Time Deposit,776148928,2026-08-14,JKT01,ACTIVE
5256,66,Time Deposit,231727369,2026-08-15,BDG01,ACTIVE
5257,1511,Savings,36785315,2027-01-13,SMG01,ACTIVE
5258,7602,Savings,18567872,2027-03-20,SMG01,ACTIVE
5259,2627,Time Deposit,213171257,2026-07-19,SMG01,ACTIVE
5260,1307,Time Deposit,663187577,2026-04-28,SMG01,ACTIVE
5261,658,Savings,6496891,2026-07-19,JKT01,ACTIVE
5262,2928,Savings,21747782,2027-11-27,MDN01,ACTIVE
5263,8115,Time Deposit,249478197,2026-09-05,JKT01,ACTIVE
5264,280,Time Deposit,610039122,2026-09-01,JKT02,ACTIVE
5265,3492,Savings,25226157,2026-11-09,JKT01,ACTIVE
5266,562,Savings,9338568,2027-11-09,BDG01,ACTIVE
5267,2820,Savings,20241034,2027-08-07,YGY01,ACTIVE
5268,4341,Savings,19973290,2027-06-13,JKT01,ACTIVE
5269,6919,Time Deposit,663245146,2026-11-10,MDN01,ACTIVE
5270,1864,Time Deposit,192274456,2026-04-10,BDG01,ACTIVE
5271,1701,Savings,14775690,2027-10-26,MDN01,ACTIVE
5272,889,Time Deposit,1203834561,2026-09-05,JKT01,ACTIVE
5273,471,Savings,26887982,2026-09-15,BDG01,ACTIVE
5274,9203,Time Deposit,691843127,2026-10-15,BDG01,ACTIVE
5275,968,Savings,20551366,2027-03-13,JKT01,ACTIVE
5276,3209,Savings,75140043,2027-09-14,SMG01,ACTIVE
5277,263,Savings,22312700,2027-06-15,JKT01,ACTIVE
5278,8258,Savings,20763943,2027-05-02,YGY01,ACTIVE
5279,429,Savings,133007929,2027-03-23,MDN01,ACTIVE
5280,9999,Savings,37207083,2027-01-05,JKT02,ACTIVE
5281,8085,Time Deposit,378881373,2026-04-11,SMG01,ACTIVE
5282,8301,Savings,31316393,2027-03-20,JKT02,ACTIVE
5283,3885,Savings,84595741,2027-10-01,YGY01,ACTIVE
5284,2536,Savings,76558040,2026-10-28,BDG01,ACTIVE
5285,5559,Savings,67966858,2026-06-29,JKT01,ACTIVE
5286,2145,Time Deposit,294625121,2026-06-11,JKT02,ACTIVE
5287,8269,Savings,61733957,2027-03-19,YGY01,ACTIVE
5288,8595,Savings,29495680,2027-02-26,MDN01,ACTIVE
5289,834,Time Deposit,599879796,2026-11-28,JKT01,ACTIVE
5290,8944,Time Deposit,695288453,2026-12-27,JKT02,ACTIVE
5291,1669,Time Deposit,669844260,2026-08-13,JKT01,ACTIVE
5292,3825,Savings,14079493,2027-01-26,JKT02,ACTIVE
5293,8100,Savings,90335833,2028-02-07,MDN01,ACTIVE
5294,5072,Savings,13155647,2027-04-04,MDN01,ACTIVE
5295,3166,Savings,23844716,2028-01-16,BDG01,ACTIVE
5296,7252,Savings,33204389,2027-01-18,YGY01,ACTIVE
5297,165,Time Deposit,134389194,2027-03-06,YGY01,ACTIVE
5298,9180,Savings,73356997,2027-09-09,JKT01,ACTIVE
5299,3619,Savings,14301667,2027-04-01,JKT01,ACTIVE
5300,8558,Savings,57651582,2027-04-19,YGY01,ACTIVE
5301,5400,Savings,151853319,2027-12-17,BDG01,ACTIVE
5302,6141,Time Deposit,680296098,2026-08-06,YGY01,ACTIVE
5303,2390,Time Deposit,248675978,2026-05-04,JKT02,ACTIVE
5304,8161,Time Deposit,1489116343,2026-12-27,SBY01,ACTIVE
5305,7436,Time Deposit,298694620,2027-01-07,BDG01,ACTIVE
5306,8688,Savings,9303122,2026-09-02,JKT01,ACTIVE
5307,6406,Savings,30602252,2027-02-13,YGY01,ACTIVE
5308,5000,Time Deposit,509489525,2026-06-17,SBY01,ACTIVE
5309,5963,Savings,176271245,2027-01-26,SBY01,ACTIVE
5310,3260,Savings,25084454,2027-12-14,JKT01,ACTIVE
5311,2541,Savings,29020494,2026-08-10,MDN01,ACTIVE
5312,2652,Time Deposit,628897912,2026-12-15,JKT02,ACTIVE
5313,2748,Savings,167246985,2026-07-01,YGY01,ACTIVE
5314,6894,Savings,6139972,2026-05-16,SMG01,ACTIVE
5315,7271,Savings,29020136,2027-07-10,YGY01,ACTIVE
5316,2407,Time Deposit,1253597755,2026-11-06,JKT02,ACTIVE
5317,1748,Savings,10939059,2026-12-17,YGY01,ACTIVE
5318,6187,Savings,38015649,2026-11-07,JKT01,ACTIVE
5319,4984,Savings,31072184,2027-10-26,SBY01,ACTIVE
5320,998,Savings,62423112,2027-01-01,JKT01,ACTIVE
5321,8977,Savings,5555311,2026-08-30,BDG01,ACTIVE
5322,5757,Savings,26107306,2027-10-19,JKT01,ACTIVE
5323,5379,Savings,132268280,2026-10-21,JKT02,ACTIVE
5324,5637,Time Deposit,759072780,2027-03-09,SMG01,ACTIVE
5325,5935,Savings,23624495,2027-09-26,MDN01,ACTIVE
5326,2605,Savings,11124227,2026-07-07,MDN01,ACTIVE
5327,5641,Time Deposit,725708563,2026-06-20,YGY01,ACTIVE
5328,4362,Savings,60347337,2027-12-05,JKT02,ACTIVE
5329,8726,Savings,12878910,2027-05-16,MDN01,ACTIVE
5330,2311,Time Deposit,268782610,2026-08-24,SBY01,ACTIVE
5331,4722,Savings,30393698,2028-02-02,SMG01,ACTIVE
5332,4180,Time Deposit,1383531281,2026-07-10,SMG01,ACTIVE
5333,6736,Time Deposit,80405899,2026-10-05,YGY01,ACTIVE
5334,812,Time Deposit,478520906,2027-02-26,SBY01,ACTIVE
5335,62,Savings,14444502,2026-10-25,MDN01,ACTIVE
5336,7422,Savings,74861890,2028-01-13,BDG01,ACTIVE
5337,5588,Savings,121072710,2027-09-20,YGY01,ACTIVE
5338,1433,Savings,48052945,2027-02-07,JKT02,ACTIVE
5339,2378,Time Deposit,1686657761,2026-05-27,BDG01,ACTIVE
5340,6324,Savings,22328570,2026-12-03,JKT01,ACTIVE
5341,512,Savings,140382442,2026-04-22,JKT02,ACTIVE
5342,6093,Savings,132897760,2026-04-27,SBY01,ACTIVE
5343,3456,Time Deposit,372251009,2026-11-09,JKT02,ACTIVE
5344,721,Savings,10773994,2027-09-15,BDG01,ACTIVE
5345,7418,Time Deposit,246740081,2026-04-30,BDG01,ACTIVE
5346,2123,Time Deposit,1626008968,2027-02-18,SBY01,ACTIVE
5347,9715,Time Deposit,108311008,2026-12-19,JKT02,ACTIVE
5348,8955,Savings,52092410,2027-10-13,SMG01,ACTIVE
5349,975,Savings,76883837,2027-07-27,MDN01,ACTIVE
5350,860,Time Deposit,1198256518,2026-12-30,YGY01,ACTIVE
5351,7746,Time Deposit,1348228359,2026-06-12,SBY01,ACTIVE
5352,1228,Savings,91853766,2027-02-10,JKT02,ACTIVE
5353,5387,Savings,19320077,2027-06-13,JKT02,ACTIVE
5354,7633,Savings,36620994,2027-10-23,SBY01,ACTIVE
5355,1765,Savings,178347302,2026-11-05,SMG01,ACTIVE
5356,2216,Savings,8478287,2026-06-16,BDG01,ACTIVE
5357,6116,Savings,85956882,2027-08-16,MDN01,ACTIVE
5358,2932,Savings,40447210,2027-10-29,BDG01,ACTIVE
5359,6191,Savings,119972469,2026-06-05,JKT02,ACTIVE
5360,2340,Savings,8295396,2027-09-16,JKT01,ACTIVE
5361,5085,Savings,26606004,2026-05-09,YGY01,ACTIVE
5362,3264,Savings,7401093,2026-12-12,MDN01,ACTIVE
5363,5206,Time Deposit,965140863,2026-12-05,MDN01,ACTIVE
5364,7758,Savings,21247325,2027-12-06,SMG01,ACTIVE
5365,2583,Savings,232918783,2027-10-13,YGY01,ACTIVE
5366,9445,Time Deposit,1554686735,2026-05-03,MDN01,ACTIVE
5367,2010,Time Deposit,791063349,2026-04-19,SBY01,ACTIVE
5368,1497,Savings,12565329,2027-06-07,JKT01,ACTIVE
5369,2308,Savings,16805989,2026-12-24,SBY01,ACTIVE
5370,589,Time Deposit,290996545,2026-09-24,YGY01,ACTIVE
5371,8231,Time Deposit,664771510,2027-02-16,SMG01,ACTIVE
5372,1206,Savings,82318122,2028-02-06,BDG01,ACTIVE
5373,4672,Time Deposit,542004823,2027-01-10,JKT01,ACTIVE
5374,7497,Time Deposit,431964419,2026-06-12,YGY01,ACTIVE
5375,6638,Time Deposit,1511720611,2027-02-10,YGY01,ACTIVE
5376,4308,Savings,19727948,2027-04-24,MDN01,ACTIVE
5377,1048,Savings,21770846,2027-09-21,YGY01,ACTIVE
5378,8448,Savings,43643387,2027-01-24,BDG01,ACTIVE
5379,6597,Savings,16037059,2027-12-01,MDN01,ACTIVE
5380,7559,Savings,94639379,2027-08-27,SBY01,ACTIVE
5381,8717,Time Deposit,966427999,2026-07-27,SBY01,ACTIVE
5382,2889,Time Deposit,870141257,2026-07-27,SBY01,ACTIVE
5383,1127,Savings,15540065,2026-06-08,SBY01,ACTIVE
5384,599,Time Deposit,642787773,2026-09-15,SMG01,ACTIVE
5385,2049,Savings,29339529,2027-10-19,SBY01,ACTIVE
5386,2156,Savings,40889775,2027-06-02,BDG01,ACTIVE
5387,6900,Time Deposit,389590864,2026-11-30,BDG01,ACTIVE
5388,6850,Time Deposit,496382572,2026-12-07,JKT02,ACTIVE
5389,3263,Savings,43419818,2027-09-29,JKT02,ACTIVE
5390,2986,Savings,169948526,2027-12-12,SBY01,ACTIVE
5391,8058,Time Deposit,1117932265,2027-01-24,JKT02,ACTIVE
5392,2662,Time Deposit,1207192657,2026-10-17,BDG01,ACTIVE
5393,4793,Time Deposit,783949481,2026-10-03,JKT02,ACTIVE
5394,6228,Time Deposit,459941026,2026-10-16,JKT02,ACTIVE
5395,8014,Savings,12723600,2027-06-15,JKT02,ACTIVE
5396,8326,Savings,21723894,2027-10-05,SMG01,ACTIVE
5397,6051,Savings,9347077,2027-06-08,MDN01,ACTIVE
5398,4814,Savings,16608646,2027-12-03,JKT01,ACTIVE
5399,4141,Savings,10066294,2026-09-07,JKT01,ACTIVE
5400,7045,Time Deposit,675787920,2026-11-15,BDG01,ACTIVE
5401,5917,Time Deposit,793531876,2026-12-05,SBY01,ACTIVE
5402,7393,Savings,12435956,2026-12-01,JKT02,ACTIVE
5403,9733,Savings,74250591,2027-12-08,YGY01,ACTIVE
5404,9469,Savings,25589399,2026-09-02,SBY01,ACTIVE
5405,4010,Time Deposit,266148119,2027-01-19,SBY01,ACTIVE
5406,6606,Savings,15733102,2026-05-24,JKT01,ACTIVE
5407,9876,Time Deposit,1674755649,2026-06-27,JKT02,ACTIVE
5408,7114,Savings,31416118,2027-11-04,SMG01,ACTIVE
5409,8763,Time Deposit,981892980,2026-07-13,MDN01,ACTIVE
5410,6288,Time Deposit,387055643,2026-07-03,JKT01,ACTIVE
5411,1083,Time Deposit,425199726,2026-05-22,MDN01,ACTIVE
5412,3861,Savings,42025359,2027-11-23,SMG01,ACTIVE
5413,4811,Savings,27418358,2026-08-12,JKT01,ACTIVE
5414,3542,Time Deposit,1382284182,2027-02-13,SBY01,ACTIVE
5415,2113,Savings,35986293,2027-10-02,BDG01,ACTIVE
5416,8065,Savings,22716765,2027-07-18,SMG01,ACTIVE
5417,6785,Savings,62842053,2027-12-12,JKT02,ACTIVE
5418,5871,Time Deposit,332481083,2027-02-27,JKT01,ACTIVE
5419,3899,Savings,64408118,2027-12-30,JKT01,ACTIVE
5420,5488,Savings,85626906,2027-11-19,SBY01,ACTIVE
5421,5443,Time Deposit,717759131,2026-11-04,MDN01,ACTIVE
5422,7473,Time Deposit,920796567,2027-02-13,SBY01,ACTIVE
5423,3875,Time Deposit,571567031,2026-07-31,SBY01,ACTIVE
5424,117,Time Deposit,363246555,2026-10-05,JKT01,ACTIVE
5425,2560,Savings,12322079,2026-11-01,SMG01,ACTIVE
5426,2301,Time Deposit,415713844,2026-05-03,SBY01,ACTIVE
5427,3187,Savings,117677982,2026-08-27,JKT01,ACTIVE
5428,8119,Time Deposit,543594534,2026-04-06,SBY01,ACTIVE
5429,4871,Savings,21333064,2027-09-11,MDN01,ACTIVE
5430,7281,Time Deposit,308390968,2026-12-20,JKT02,ACTIVE
5431,3750,Time Deposit,507945896,2026-08-11,JKT01,ACTIVE
5432,8883,Savings,2271387,2027-11-10,JKT01,ACTIVE
5433,1448,Time Deposit,220279840,2026-09-01,BDG01,ACTIVE
5434,8420,Savings,103582926,2027-06-12,BDG01,ACTIVE
5435,931,Time Deposit,856167996,2026-11-07,SBY01,ACTIVE
5436,4110,Savings,15805127,2027-09-06,YGY01,ACTIVE
5437,529,Time Deposit,595645943,2026-12-27,JKT02,ACTIVE
5438,1961,Savings,10345518,2028-03-04,MDN01,ACTIVE
5439,5268,Savings,122688687,2026-08-14,JKT02,ACTIVE
5440,7760,Time Deposit,478308753,2026-10-24,YGY01,ACTIVE
5441,2539,Time Deposit,939926585,2026-08-29,JKT02,ACTIVE
5442,4466,Time Deposit,434134677,2026-08-12,JKT01,ACTIVE
5443,6810,Time Deposit,1502954065,2026-04-13,MDN01,ACTIVE
5444,8142,Savings,47918923,2026-06-03,YGY01,ACTIVE
5445,6222,Savings,32744861,2027-05-17,MDN01,ACTIVE
5446,3281,Savings,206381201,2027-07-29,MDN01,ACTIVE
5447,5963,Savings,107518110,2027-09-10,SMG01,ACTIVE
5448,8420,Savings,45317541,2027-10-20,JKT01,ACTIVE
5449,4944,Time Deposit,548583673,2026-04-23,JKT01,ACTIVE
5450,9242,Time Deposit,434920300,2026-11-26,SBY01,ACTIVE
5451,3852,Time Deposit,226919957,2026-06-20,JKT01,ACTIVE
5452,251,Time Deposit,1204371858,2026-11-06,BDG01,ACTIVE
5453,7745,Savings,66583173,2026-12-25,BDG01,ACTIVE
5454,3206,Savings,22084885,2026-07-27,JKT02,ACTIVE
5455,9922,Time Deposit,680214795,2026-10-22,JKT02,ACTIVE
5456,6354,Savings,27460806,2026-05-08,JKT02,ACTIVE
5457,3626,Time Deposit,488346236,2026-04-13,SMG01,ACTIVE
5458,2521,Savings,70270481,2027-06-01,BDG01,ACTIVE
5459,2602,Savings,65356925,2026-07-23,SBY01,ACTIVE
5460,7781,Savings,26424683,2027-11-09,JKT02,ACTIVE
5461,4239,Time Deposit,789123339,2026-04-13,YGY01,ACTIVE
5462,6014,Time Deposit,503778817,2026-12-17,SMG01,ACTIVE
5463,8101,Savings,217642124,2026-09-18,JKT01,ACTIVE
5464,9674,Time Deposit,665597410,2026-05-20,BDG01,ACTIVE
5465,6948,Time Deposit,899937762,2026-08-31,JKT02,ACTIVE
5466,8134,Savings,39824797,2027-10-08,SMG01,ACTIVE
5467,6236,Time Deposit,1097457769,2027-01-23,YGY01,ACTIVE
5468,9977,Savings,122295951,2027-10-27,JKT01,ACTIVE
5469,5559,Savings,159809038,2027-08-11,JKT01,ACTIVE
5470,597,Savings,19247765,2026-07-22,MDN01,ACTIVE
5471,1043,Savings,11759376,2027-10-20,SMG01,ACTIVE
5472,542,Time Deposit,1232078127,2026-12-26,SBY01,ACTIVE
5473,5193,Time Deposit,338766626,2027-01-31,JKT01,ACTIVE
5474,1425,Time Deposit,611212177,2026-12-03,SMG01,ACTIVE
5475,7893,Savings,41328475,2027-10-21,MDN01,ACTIVE
5476,5038,Savings,141356132,2028-01-13,BDG01,ACTIVE
5477,2114,Time Deposit,829614052,2027-01-20,SBY01,ACTIVE
5478,6433,Savings,55044956,2027-08-01,MDN01,ACTIVE
5479,7639,Savings,33292653,2027-09-23,JKT01,ACTIVE
5480,8683,Savings,7313998,2028-02-27,YGY01,ACTIVE
5481,1927,Time Deposit,944789213,2026-10-30,MDN01,ACTIVE
5482,6877,Time Deposit,1520081729,2027-02-19,BDG01,ACTIVE
5483,1237,Savings,81199111,2026-08-29,JKT02,ACTIVE
5484,8158,Time Deposit,365781334,2027-03-15,SMG01,ACTIVE
5485,9783,Savings,15004099,2026-10-26,JKT02,ACTIVE
5486,2586,Savings,6434369,2026-12-05,BDG01,ACTIVE
5487,8596,Time Deposit,447069097,2026-08-23,SBY01,ACTIVE
5488,6466,Savings,87749787,2027-08-26,JKT02,ACTIVE
5489,1688,Savings,26088255,2026-12-27,JKT01,ACTIVE
5490,3341,Savings,47104716,2026-10-26,YGY01,ACTIVE
5491,869,Savings,63600419,2027-12-01,SBY01,ACTIVE
5492,5743,Savings,43930911,2027-05-28,JKT01,ACTIVE
5493,4663,Savings,89298203,2026-11-10,MDN01,ACTIVE
5494,375,Time Deposit,1571733551,2026-12-22,BDG01,ACTIVE
5495,1241,Savings,109971193,2027-01-17,JKT01,ACTIVE
5496,3927,Time Deposit,981642396,2026-09-15,BDG01,ACTIVE
5497,1176,Time Deposit,221476853,2026-07-08,MDN01,ACTIVE
5498,7123,Time Deposit,1464057326,2026-05-22,YGY01,ACTIVE
5499,7909,Savings,5916491,2027-10-31,MDN01,ACTIVE
5500,7559,Savings,128147342,2026-11-07,JKT01,ACTIVE
5501,5924,Savings,28526274,2026-11-12,SBY01,ACTIVE
5502,305,Savings,29616538,2026-05-27,JKT02,ACTIVE
5503,6503,Savings,42555999,2027-09-05,JKT02,ACTIVE
5504,6213,Savings,15998822,2027-09-12,SBY01,ACTIVE
5505,1872,Savings,58693420,2027-11-23,BDG01,ACTIVE
5506,8276,Time Deposit,696378292,2026-06-13,SMG01,ACTIVE
5507,7337,Savings,96155094,2028-01-14,MDN01,ACTIVE
5508,2411,Savings,85032386,2028-02-04,JKT02,ACTIVE
5509,4766,Savings,102761712,2027-02-12,SMG01,ACTIVE
5510,9259,Time Deposit,1328121824,2026-10-02,MDN01,ACTIVE
5511,3939,Time Deposit,514175451,2026-12-27,YGY01,ACTIVE
5512,556,Time Deposit,902615559,2026-09-25,BDG01,ACTIVE
5513,7861,Savings,25764078,2026-05-21,MDN01,ACTIVE
5514,8246,Time Deposit,235884272,2026-10-20,YGY01,ACTIVE
5515,1101,Savings,15440605,2027-11-02,MDN01,ACTIVE
5516,3386,Savings,23992384,2027-01-14,JKT01,ACTIVE
5517,1139,Time Deposit,195132866,2026-06-14,MDN01,ACTIVE
5518,5408,Time Deposit,246955421,2026-08-16,JKT02,ACTIVE
5519,8526,Time Deposit,1180952834,2027-02-14,JKT02,ACTIVE
5520,2529,Time Deposit,450222492,2026-09-30,BDG01,ACTIVE
5521,9641,Savings,18733687,2027-03-11,BDG01,ACTIVE
5522,5454,Time Deposit,637285757,2027-02-17,YGY01,ACTIVE
5523,6970,Savings,21095351,2027-02-22,JKT02,ACTIVE
5524,5813,Savings,19169556,2027-10-19,SMG01,ACTIVE
5525,5802,Savings,60719259,2027-10-24,YGY01,ACTIVE
5526,8909,Time Deposit,1438120348,2026-10-19,JKT01,ACTIVE
5527,1461,Savings,153191307,2026-05-20,SMG01,ACTIVE
5528,6380,Savings,5623347,2028-03-10,MDN01,ACTIVE
5529,1330,Time Deposit,407585030,2027-02-10,JKT01,ACTIVE
5530,1867,Savings,28831379,2027-08-04,SBY01,ACTIVE
5531,1930,Savings,88098507,2026-07-16,BDG01,ACTIVE
5532,2282,Savings,122990151,2026-11-12,JKT02,ACTIVE
5533,9529,Time Deposit,956517580,2026-05-01,BDG01,ACTIVE
5534,1412,Savings,26717574,2026-12-10,SMG01,ACTIVE
5535,3085,Time Deposit,327075953,2026-11-15,SMG01,ACTIVE
5536,6338,Time Deposit,202204786,2026-07-21,JKT02,ACTIVE
5537,1400,Savings,71276199,2027-09-18,YGY01,ACTIVE
5538,2591,Savings,44621647,2026-05-02,BDG01,ACTIVE
5539,7601,Savings,109539768,2026-10-13,JKT02,ACTIVE
5540,973,Time Deposit,297227747,2026-09-13,BDG01,ACTIVE
5541,6536,Savings,92127689,2027-04-08,JKT01,ACTIVE
5542,1458,Savings,15926081,2026-06-28,JKT01,ACTIVE
5543,6806,Savings,31852374,2026-07-19,JKT01,ACTIVE
5544,4989,Savings,108967371,2028-03-09,SMG01,ACTIVE
5545,8471,Savings,12141890,2028-01-09,MDN01,ACTIVE
5546,6325,Time Deposit,1225926169,2027-02-18,YGY01,ACTIVE
5547,3956,Savings,178062975,2026-10-08,JKT01,ACTIVE
5548,3085,Savings,29782442,2028-03-06,YGY01,ACTIVE
5549,2990,Savings,92803434,2026-07-29,JKT02,ACTIVE
5550,756,Savings,98955287,2028-01-30,YGY01,ACTIVE
5551,2040,Time Deposit,806240635,2026-10-21,JKT01,ACTIVE
5552,2743,Savings,4793866,2026-09-22,SMG01,ACTIVE
5553,162,Savings,36883729,2027-10-08,SBY01,ACTIVE
5554,5406,Savings,105630087,2027-04-03,SBY01,ACTIVE
5555,2942,Time Deposit,843723838,2026-12-12,YGY01,ACTIVE
5556,6723,Savings,10558097,2026-09-16,JKT01,ACTIVE
5557,5712,Savings,7459227,2027-09-16,YGY01,ACTIVE
5558,3557,Savings,21388433,2027-11-28,MDN01,ACTIVE
5559,5986,Savings,17834453,2026-05-19,JKT01,ACTIVE
5560,7582,Savings,38123848,2027-08-08,JKT01,ACTIVE
5561,7858,Savings,17963972,2026-12-04,SMG01,ACTIVE
5562,1292,Time Deposit,538569126,2026-07-27,JKT01,ACTIVE
5563,3054,Savings,15369216,2026-09-23,BDG01,ACTIVE
5564,7734,Savings,51306396,2026-10-11,JKT02,ACTIVE
5565,1415,Savings,10361639,2027-06-09,YGY01,ACTIVE
5566,5733,Time Deposit,1248542496,2027-03-09,SBY01,ACTIVE
5567,6799,Time Deposit,1678334698,2026-08-05,SBY01,ACTIVE
5568,1567,Time Deposit,1088112120,2026-06-23,SMG01,ACTIVE
5569,1654,Savings,76526923,2027-02-22,JKT01,ACTIVE
5570,9262,Savings,15790129,2028-01-04,MDN01,ACTIVE
5571,2890,Savings,97726388,2026-09-15,SBY01,ACTIVE
5572,2519,Savings,37792716,2027-06-05,SMG01,ACTIVE
5573,3599,Savings,15206588,2027-06-28,MDN01,ACTIVE
5574,5847,Savings,101961816,2028-01-18,YGY01,ACTIVE
5575,5270,Time Deposit,208799158,2026-09-20,SMG01,ACTIVE
5576,9307,Savings,177923303,2026-10-05,JKT01,ACTIVE
5577,6015,Savings,45738258,2027-02-15,MDN01,ACTIVE
5578,2977,Savings,81511393,2027-02-04,JKT02,ACTIVE
5579,6952,Savings,95106216,2027-06-21,JKT01,ACTIVE
5580,8718,Savings,98702210,2026-12-23,JKT01,ACTIVE
5581,8797,Savings,9405315,2027-08-02,SBY01,ACTIVE
5582,8936,Time Deposit,142106423,2026-09-29,YGY01,ACTIVE
5583,7200,Savings,10844538,2027-08-20,YGY01,ACTIVE
5584,5337,Savings,18005805,2027-05-08,YGY01,ACTIVE
5585,7235,Time Deposit,387045939,2026-12-02,YGY01,ACTIVE
5586,1847,Time Deposit,644506203,2026-08-09,JKT02,ACTIVE
5587,4864,Savings,141213419,2026-10-12,YGY01,ACTIVE
5588,5435,Savings,44200800,2026-08-01,JKT02,ACTIVE
5589,7562,Time Deposit,919840379,2026-05-24,JKT02,ACTIVE
5590,2799,Savings,22442409,2027-11-02,SBY01,ACTIVE
5591,4512,Savings,32505832,2028-02-18,YGY01,ACTIVE
5592,8423,Savings,37970713,2026-05-23,SBY01,ACTIVE
5593,7095,Savings,173322492,2027-04-05,SBY01,ACTIVE
5594,9627,Time Deposit,435104179,2026-04-18,SMG01,ACTIVE
5595,4277,Time Deposit,660229074,2026-09-12,YGY01,ACTIVE
5596,5259,Savings,41301431,2027-09-30,JKT01,ACTIVE
5597,301,Time Deposit,267500298,2026-05-08,SBY01,ACTIVE
5598,3485,Savings,30886243,2027-10-15,MDN01,ACTIVE
5599,4214,Savings,38279440,2026-05-11,BDG01,ACTIVE
5600,2626,Savings,8536116,2026-05-11,MDN01,ACTIVE
5601,4873,Savings,70659258,2027-08-03,YGY01,ACTIVE
5602,4872,Savings,39693247,2027-05-04,JKT02,ACTIVE
5603,9190,Time Deposit,206139373,2026-07-31,JKT02,ACTIVE
5604,3822,Savings,4656051,2027-04-30,YGY01,ACTIVE
5605,2432,Time Deposit,687757570,2026-11-27,SMG01,ACTIVE
5606,5952,Time Deposit,709795229,2026-07-12,BDG01,ACTIVE
5607,2954,Savings,61489290,2026-06-23,JKT02,ACTIVE
5608,5902,Savings,93158260,2027-11-15,YGY01,ACTIVE
5609,4174,Time Deposit,470755615,2027-02-02,BDG01,ACTIVE
5610,1382,Time Deposit,220468781,2026-04-20,JKT01,ACTIVE
5611,2780,Savings,51024114,2026-05-07,MDN01,ACTIVE
5612,4014,Savings,15920047,2027-05-02,SMG01,ACTIVE
5613,5182,Time Deposit,1063219532,2027-02-22,BDG01,ACTIVE
5614,2102,Time Deposit,1159612014,2026-05-13,BDG01,ACTIVE
5615,9943,Time Deposit,734430540,2026-06-18,BDG01,ACTIVE
5616,8279,Savings,7988093,2027-06-10,SMG01,ACTIVE
5617,7516,Savings,24351053,2026-05-29,JKT02,ACTIVE
5618,8193,Time Deposit,1651656706,2026-07-02,SMG01,ACTIVE
5619,8797,Savings,22514178,2027-12-26,SBY01,ACTIVE
5620,9118,Time Deposit,1466759999,2027-01-26,MDN01,ACTIVE
5621,8539,Time Deposit,973517138,2026-05-26,YGY01,ACTIVE
5622,9347,Time Deposit,919069167,2027-03-11,YGY01,ACTIVE
5623,5562,Savings,96190907,2026-07-12,MDN01,ACTIVE
5624,7826,Savings,54248341,2026-11-28,SBY01,ACTIVE
5625,3904,Time Deposit,1320828758,2026-08-23,SMG01,ACTIVE
5626,1957,Savings,36222525,2026-06-07,JKT02,ACTIVE
5627,2952,Savings,39395135,2027-08-04,SMG01,ACTIVE
5628,7497,Savings,14065223,2027-05-25,SBY01,ACTIVE
5629,7342,Time Deposit,182636622,2026-09-15,BDG01,ACTIVE
5630,4012,Savings,35585577,2026-04-18,SMG01,ACTIVE
5631,9797,Savings,6037193,2027-07-08,SMG01,ACTIVE
5632,4975,Savings,14734085,2026-07-01,SBY01,ACTIVE
5633,9324,Savings,40118334,2027-05-10,YGY01,ACTIVE
5634,960,Time Deposit,1285306860,2026-11-27,JKT02,ACTIVE
5635,174,Savings,53033147,2026-05-14,JKT02,ACTIVE
5636,4597,Savings,26267342,2026-08-30,SBY01,ACTIVE
5637,2013,Savings,124129925,2028-01-03,SBY01,ACTIVE
5638,6264,Time Deposit,441461892,2026-10-07,YGY01,ACTIVE
5639,7837,Savings,108043773,2027-04-30,MDN01,ACTIVE
5640,3933,Savings,36772483,2027-10-26,SMG01,ACTIVE
5641,2662,Time Deposit,917069055,2026-08-29,YGY01,ACTIVE
5642,3041,Savings,119639125,2028-02-27,SBY01,ACTIVE
5643,8837,Savings,78674161,2027-05-02,SBY01,ACTIVE
5644,8918,Savings,14231776,2027-07-24,JKT02,ACTIVE
5645,5568,Savings,60126012,2027-07-21,SMG01,ACTIVE
5646,9393,Time Deposit,485798685,2026-12-27,JKT01,ACTIVE
5647,3450,Savings,10108811,2026-05-06,JKT02,ACTIVE
5648,9890,Savings,33239654,2027-08-20,YGY01,ACTIVE
5649,9629,Savings,186525867,2027-05-23,MDN01,ACTIVE
5650,6334,Time Deposit,1328765873,2026-12-11,JKT02,ACTIVE
5651,9711,Time Deposit,531520575,2026-12-23,SBY01,ACTIVE
5652,6816,Savings,123507997,2027-06-07,BDG01,ACTIVE
5653,9852,Savings,19752806,2026-07-06,MDN01,ACTIVE
5654,9344,Savings,32983769,2026-05-24,SMG01,ACTIVE
5655,4344,Time Deposit,1069210391,2027-02-21,SMG01,ACTIVE
5656,4436,Time Deposit,841082576,2026-05-14,YGY01,ACTIVE
5657,4893,Savings,10853844,2027-01-29,YGY01,ACTIVE
5658,2797,Savings,64086976,2026-05-20,SMG01,ACTIVE
5659,1009,Savings,74468334,2026-10-18,SBY01,ACTIVE
5660,6170,Time Deposit,913295276,2026-12-01,JKT02,ACTIVE
5661,7736,Savings,45605456,2026-12-15,JKT02,ACTIVE
5662,1748,Time Deposit,321801748,2026-07-15,SBY01,ACTIVE
5663,1984,Savings,30036771,2026-10-10,BDG01,ACTIVE
5664,1925,Savings,39684957,2026-08-22,JKT01,ACTIVE
5665,446,Time Deposit,1203665297,2026-11-15,JKT02,ACTIVE
5666,4241,Savings,94519283,2027-06-21,SMG01,ACTIVE
5667,870,Savings,26304196,2026-04-30,JKT01,ACTIVE
5668,1574,Time Deposit,418093123,2027-03-11,YGY01,ACTIVE
5669,5888,Time Deposit,1200316095,2026-08-27,JKT01,ACTIVE
5670,8795,Savings,42567676,2027-08-27,MDN01,ACTIVE
5671,1074,Savings,102252215,2028-03-09,SBY01,ACTIVE
5672,3483,Savings,13805994,2026-11-06,JKT01,ACTIVE
5673,315,Savings,107264072,2028-02-13,SMG01,ACTIVE
5674,8850,Time Deposit,1362713079,2027-02-10,JKT02,ACTIVE
5675,1499,Time Deposit,684558667,2026-04-26,JKT01,ACTIVE
5676,7712,Time Deposit,304103865,2027-03-13,SMG01,ACTIVE
5677,9025,Time Deposit,801371793,2026-05-29,BDG01,ACTIVE
5678,2725,Time Deposit,489300790,2027-03-03,JKT01,ACTIVE
5679,2100,Savings,8966839,2027-05-07,MDN01,ACTIVE
5680,9300,Time Deposit,1602890383,2026-05-04,SBY01,ACTIVE
5681,275,Time Deposit,349562045,2026-12-24,SBY01,ACTIVE
5682,6439,Savings,62515200,2028-03-01,SMG01,ACTIVE
5683,1218,Savings,15360034,2026-08-20,JKT01,ACTIVE
5684,9548,Savings,9047082,2026-05-26,BDG01,ACTIVE
5685,3914,Savings,11049815,2027-05-26,YGY01,ACTIVE
5686,3661,Savings,1998186,2028-03-05,MDN01,ACTIVE
5687,7235,Savings,16142269,2027-10-25,YGY01,ACTIVE
5688,6857,Time Deposit,345511182,2026-10-25,MDN01,ACTIVE
5689,1636,Time Deposit,207253119,2026-04-19,SMG01,ACTIVE
5690,3778,Savings,4487198,2026-07-26,JKT02,ACTIVE
5691,8585,Savings,14679649,2027-11-20,SBY01,ACTIVE
5692,8319,Savings,11921989,2027-10-30,JKT02,ACTIVE
5693,8935,Time Deposit,465675743,2026-08-14,SBY01,ACTIVE
5694,70,Time Deposit,768411498,2026-06-13,BDG01,ACTIVE
5695,6989,Savings,231288810,2027-08-07,SMG01,ACTIVE
5696,6926,Savings,10591372,2027-02-28,BDG01,ACTIVE
5697,7992,Savings,17681418,2027-04-27,SBY01,ACTIVE
5698,4313,Savings,31807114,2027-12-20,SBY01,ACTIVE
5699,1851,Savings,45121919,2026-12-12,SMG01,ACTIVE
5700,9360,Savings,3088405,2028-03-06,YGY01,ACTIVE
5701,5890,Time Deposit,165154482,2026-07-08,JKT02,ACTIVE
5702,8043,Savings,32924355,2027-09-11,MDN01,ACTIVE
5703,52,Savings,9134332,2028-02-28,SBY01,ACTIVE
5704,6805,Time Deposit,828697773,2026-05-08,MDN01,ACTIVE
5705,1148,Savings,19460875,2026-11-20,MDN01,ACTIVE
5706,618,Savings,14077350,2027-09-19,JKT01,ACTIVE
5707,3966,Time Deposit,1425167014,2027-02-01,YGY01,ACTIVE
5708,832,Time Deposit,140750163,2026-06-05,YGY01,ACTIVE
5709,9853,Savings,54518073,2027-12-05,JKT01,ACTIVE
5710,7736,Savings,11082702,2026-07-04,YGY01,ACTIVE
5711,5538,Time Deposit,306565397,2026-10-27,SBY01,ACTIVE
5712,9220,Savings,7884422,2027-09-19,SBY01,ACTIVE
5713,9234,Savings,25729975,2027-09-25,BDG01,ACTIVE
5714,1251,Savings,138583083,2027-04-12,YGY01,ACTIVE
5715,8812,Time Deposit,475259598,2026-07-04,JKT02,ACTIVE
5716,1804,Savings,25373424,2027-01-17,BDG01,ACTIVE
5717,7928,Savings,26450321,2027-05-29,SBY01,ACTIVE
5718,9259,Time Deposit,1451328096,2027-01-18,MDN01,ACTIVE
5719,1762,Savings,41803578,2027-12-11,SBY01,ACTIVE
5720,8282,Savings,12367482,2027-10-20,SBY01,ACTIVE
5721,660,Savings,38975819,2026-10-04,BDG01,ACTIVE
5722,8050,Savings,21583101,2027-02-10,JKT02,ACTIVE
5723,1760,Savings,56860016,2027-08-22,JKT02,ACTIVE
5724,2797,Savings,44114777,2027-04-02,JKT01,ACTIVE
5725,5163,Savings,23380400,2027-11-01,SBY01,ACTIVE
5726,1143,Time Deposit,1649863310,2026-04-01,SMG01,ACTIVE
5727,4986,Savings,90818568,2027-09-27,MDN01,ACTIVE
5728,3078,Time Deposit,205412880,2026-08-13,JKT02,ACTIVE
5729,9064,Time Deposit,1206962568,2026-09-30,SBY01,ACTIVE
5730,592,Savings,41141562,2027-05-03,SMG01,ACTIVE
5731,1862,Savings,18461003,2026-10-23,YGY01,ACTIVE
5732,8856,Time Deposit,1276310866,2026-06-19,SMG01,ACTIVE
5733,21,Savings,16589024,2027-11-25,MDN01,ACTIVE
5734,6172,Time Deposit,1376651095,2026-05-06,YGY01,ACTIVE
5735,700,Savings,37030030,2028-02-09,JKT02,ACTIVE
5736,4840,Savings,45429567,2026-06-27,SBY01,ACTIVE
5737,4935,Savings,140953119,2026-10-17,YGY01,ACTIVE
5738,5015,Savings,27021759,2026-07-05,JKT01,ACTIVE
5739,7873,Savings,23342965,2027-10-14,JKT02,ACTIVE
5740,137,Savings,10072876,2027-11-28,JKT01,ACTIVE
5741,3046,Savings,58419449,2027-11-27,JKT02,ACTIVE
5742,5404,Time Deposit,745059437,2026-05-04,YGY01,ACTIVE
5743,3303,Time Deposit,1852269929,2027-03-12,JKT01,ACTIVE
5744,7095,Time Deposit,632096194,2026-04-27,SBY01,ACTIVE
5745,8234,Savings,56548473,2026-09-08,SMG01,ACTIVE
5746,5456,Savings,9899234,2027-07-20,SBY01,ACTIVE
5747,730,Time Deposit,858906136,2026-04-20,BDG01,ACTIVE
5748,1409,Savings,107209255,2027-05-28,SMG01,ACTIVE
5749,8966,Time Deposit,130058971,2026-12-03,YGY01,ACTIVE
5750,6761,Savings,16484750,2026-09-23,MDN01,ACTIVE
5751,4643,Savings,15901144,2027-08-01,SMG01,ACTIVE
5752,7844,Savings,34124145,2027-12-07,SMG01,ACTIVE
5753,9872,Savings,19438622,2027-02-24,JKT01,ACTIVE
5754,2242,Time Deposit,537903599,2027-02-26,BDG01,ACTIVE
5755,2499,Time Deposit,459439587,2026-06-01,YGY01,ACTIVE
5756,5841,Savings,96908863,2028-03-02,JKT02,ACTIVE
5757,2040,Savings,67999765,2027-11-05,MDN01,ACTIVE
5758,5106,Savings,13797242,2026-06-19,JKT01,ACTIVE
5759,5304,Time Deposit,1136274483,2026-05-22,SBY01,ACTIVE
5760,961,Savings,114699587,2027-07-22,BDG01,ACTIVE
5761,5400,Savings,90747678,2028-01-21,YGY01,ACTIVE
5762,7877,Time Deposit,926163954,2027-03-11,YGY01,ACTIVE
5763,3991,Savings,27663793,2028-03-11,JKT02,ACTIVE
5764,8261,Savings,111355371,2027-09-04,SBY01,ACTIVE
5765,3314,Time Deposit,773600984,2027-01-05,JKT01,ACTIVE
5766,7474,Time Deposit,590222355,2026-10-05,JKT02,ACTIVE
5767,1292,Savings,21581366,2026-08-07,JKT01,ACTIVE
5768,8484,Savings,8225271,2027-06-26,JKT02,ACTIVE
5769,1145,Time Deposit,613602718,2026-12-01,BDG01,ACTIVE
5770,7825,Savings,21330511,2026-11-07,JKT01,ACTIVE
5771,4210,Savings,30525289,2027-04-03,MDN01,ACTIVE
5772,6768,Savings,128549784,2028-01-04,JKT01,ACTIVE
5773,4975,Time Deposit,949346776,2026-09-21,JKT01,ACTIVE
5774,6013,Savings,169639146,2026-10-17,JKT02,ACTIVE
5775,7523,Savings,208480558,2026-06-20,YGY01,ACTIVE
5776,8041,Savings,8108997,2028-02-12,BDG01,ACTIVE
5777,7833,Time Deposit,685981199,2026-08-28,JKT02,ACTIVE
5778,9695,Savings,176245148,2027-08-03,JKT01,ACTIVE
5779,6014,Savings,67199203,2028-02-10,YGY01,ACTIVE
5780,2972,Time Deposit,1577705907,2027-01-21,JKT01,ACTIVE
5781,7723,Time Deposit,666981288,2026-12-29,MDN01,ACTIVE
5782,5668,Savings,68235544,2026-11-14,BDG01,ACTIVE
5783,6688,Time Deposit,547157934,2026-10-01,JKT01,ACTIVE
5784,2341,Savings,189063715,2027-06-07,MDN01,ACTIVE
5785,5997,Time Deposit,228322020,2026-08-03,JKT02,ACTIVE
5786,2763,Savings,40335214,2026-08-19,SBY01,ACTIVE
5787,6191,Time Deposit,1349480736,2027-03-02,SBY01,ACTIVE
5788,8141,Savings,75419587,2026-06-08,BDG01,ACTIVE
5789,2283,Savings,49929307,2026-08-16,SMG01,ACTIVE
5790,5174,Savings,8905512,2026-08-06,MDN01,ACTIVE
5791,3776,Time Deposit,812515063,2026-08-22,BDG01,ACTIVE
5792,3608,Savings,125926588,2026-09-28,SMG01,ACTIVE
5793,2600,Time Deposit,796958020,2026-12-05,SBY01,ACTIVE
5794,9355,Savings,27476869,2027-01-12,YGY01,ACTIVE
5795,3070,Savings,19255890,2027-12-14,SMG01,ACTIVE
5796,7296,Savings,10819311,2027-09-24,JKT02,ACTIVE
5797,3991,Savings,33936440,2027-11-02,JKT01,ACTIVE
5798,737,Time Deposit,1421812006,2026-12-06,JKT02,ACTIVE
5799,1138,Savings,117605892,2026-10-25,MDN01,ACTIVE
5800,174,Savings,65376622,2027-04-12,SBY01,ACTIVE
5801,6286,Savings,183888268,2026-09-30,MDN01,ACTIVE
5802,2018,Savings,8367698,2026-06-02,JKT01,ACTIVE
5803,5495,Savings,21362363,2026-12-20,YGY01,ACTIVE
5804,7704,Time Deposit,574564996,2026-11-06,MDN01,ACTIVE
5805,2712,Savings,16083804,2027-03-21,SMG01,ACTIVE
5806,321,Time Deposit,565385037,2026-05-08,SMG01,ACTIVE
5807,8202,Savings,23587594,2027-08-27,JKT02,ACTIVE
5808,3553,Savings,58188508,2027-10-08,BDG01,ACTIVE
5809,5889,Time Deposit,242864263,2026-07-23,JKT02,ACTIVE
5810,1649,Savings,14434194,2026-11-29,YGY01,ACTIVE
5811,9556,Savings,31508686,2028-02-23,JKT01,ACTIVE
5812,9535,Time Deposit,706332089,2026-06-14,YGY01,ACTIVE
5813,8996,Time Deposit,389986987,2027-01-18,MDN01,ACTIVE
5814,1339,Time Deposit,554282502,2027-01-10,JKT02,ACTIVE
5815,9568,Time Deposit,736454900,2026-09-12,JKT01,ACTIVE
5816,206,Savings,22367555,2027-04-10,MDN01,ACTIVE
5817,5256,Savings,48193586,2028-01-15,SMG01,ACTIVE
5818,4217,Savings,13838408,2026-09-05,JKT02,ACTIVE
5819,9760,Savings,56750890,2027-07-28,SMG01,ACTIVE
5820,7433,Savings,17176988,2027-09-24,SMG01,ACTIVE
5821,3376,Savings,11944320,2028-02-02,SBY01,ACTIVE
5822,7995,Time Deposit,821367355,2026-06-18,SMG01,ACTIVE
5823,3250,Savings,72861303,2027-08-16,JKT02,ACTIVE
5824,2478,Time Deposit,132196907,2026-04-03,BDG01,ACTIVE
5825,4596,Savings,15851057,2026-09-17,JKT02,ACTIVE
5826,2850,Savings,14748106,2028-02-04,YGY01,ACTIVE
5827,468,Savings,8446677,2027-10-05,YGY01,ACTIVE
5828,6308,Savings,12646632,2026-04-18,JKT01,ACTIVE
5829,909,Savings,26517327,2027-08-27,MDN01,ACTIVE
5830,7242,Savings,18540220,2028-02-16,BDG01,ACTIVE
5831,978,Savings,44451412,2027-06-16,MDN01,ACTIVE
5832,2348,Savings,16331718,2027-01-06,YGY01,ACTIVE
5833,6924,Savings,17916881,2027-07-25,MDN01,ACTIVE
5834,3686,Savings,14964689,2026-12-16,YGY01,ACTIVE
5835,3220,Time Deposit,921116475,2026-06-23,JKT02,ACTIVE
5836,1522,Savings,26117789,2027-07-28,YGY01,ACTIVE
5837,9237,Savings,42904978,2027-08-26,BDG01,ACTIVE
5838,7837,Time Deposit,1072380905,2027-01-19,JKT01,ACTIVE
5839,6484,Savings,22227593,2027-05-02,SMG01,ACTIVE
5840,981,Savings,53061095,2027-04-29,SMG01,ACTIVE
5841,8265,Savings,19108763,2027-09-18,SMG01,ACTIVE
5842,8043,Savings,2853080,2026-12-27,SBY01,ACTIVE
5843,5661,Savings,82284143,2027-03-02,SBY01,ACTIVE
5844,7471,Time Deposit,639388721,2026-11-22,BDG01,ACTIVE
5845,3699,Time Deposit,1305587151,2026-06-21,JKT02,ACTIVE
5846,2924,Savings,7009874,2027-03-16,JKT02,ACTIVE
5847,1778,Savings,85098741,2028-01-19,JKT01,ACTIVE
5848,3585,Time Deposit,628469572,2026-08-16,JKT02,ACTIVE
5849,237,Savings,55794586,2026-09-01,YGY01,ACTIVE
5850,1847,Time Deposit,705591332,2026-06-28,JKT02,ACTIVE
5851,249,Time Deposit,792066351,2026-05-13,MDN01,ACTIVE
5852,6010,Savings,17564186,2027-09-21,SBY01,ACTIVE
5853,2101,Savings,26375284,2027-07-15,JKT02,ACTIVE
5854,2069,Savings,17375520,2027-03-03,SBY01,ACTIVE
5855,994,Savings,27231760,2027-09-10,SBY01,ACTIVE
5856,4701,Savings,19136694,2027-12-12,BDG01,ACTIVE
5857,2080,Time Deposit,703894898,2026-06-22,BDG01,ACTIVE
5858,5383,Time Deposit,1376023448,2026-09-12,MDN01,ACTIVE
5859,7392,Time Deposit,557914000,2026-08-16,JKT01,ACTIVE
5860,9685,Savings,93762357,2027-02-04,JKT02,ACTIVE
5861,5519,Savings,36510793,2026-04-17,SMG01,ACTIVE
5862,5173,Savings,43696979,2026-05-18,SBY01,ACTIVE
5863,8525,Time Deposit,1618475642,2026-08-30,BDG01,ACTIVE
5864,7405,Savings,76706098,2026-06-05,SMG01,ACTIVE
5865,8679,Savings,30744173,2027-09-05,BDG01,ACTIVE
5866,7020,Time Deposit,410101143,2026-09-14,BDG01,ACTIVE
5867,9563,Time Deposit,187234885,2026-11-05,JKT02,ACTIVE
5868,5747,Time Deposit,829038067,2026-09-24,JKT01,ACTIVE
5869,6290,Time Deposit,498304348,2026-07-01,SMG01,ACTIVE
5870,3907,Savings,17585927,2026-12-31,SBY01,ACTIVE
5871,4127,Savings,19570562,2027-11-02,BDG01,ACTIVE
5872,9468,Savings,77230518,2027-03-01,JKT01,ACTIVE
5873,3566,Time Deposit,248170181,2026-09-04,JKT01,ACTIVE
5874,1814,Savings,80903644,2027-08-30,MDN01,ACTIVE
5875,533,Time Deposit,646141703,2027-01-26,BDG01,ACTIVE
5876,208,Savings,16511455,2026-12-21,SBY01,ACTIVE
5877,5482,Savings,28094371,2026-07-29,JKT01,ACTIVE
5878,287,Savings,70798292,2027-09-29,JKT01,ACTIVE
5879,6295,Time Deposit,595116336,2026-08-25,SBY01,ACTIVE
5880,264,Savings,190168427,2028-01-24,SMG01,ACTIVE
5881,2121,Time Deposit,905010420,2026-11-09,JKT02,ACTIVE
5882,3109,Savings,95198830,2026-06-09,BDG01,ACTIVE
5883,7450,Time Deposit,1726873648,2027-01-19,JKT01,ACTIVE
5884,2602,Savings,37031307,2027-06-15,JKT02,ACTIVE
5885,8063,Savings,22019042,2028-01-16,YGY01,ACTIVE
5886,2108,Savings,25196004,2026-06-01,SMG01,ACTIVE
5887,1246,Savings,48291541,2026-11-23,SMG01,ACTIVE
5888,4935,Savings,147566207,2027-10-28,JKT01,ACTIVE
5889,8890,Time Deposit,561690796,2027-01-11,SMG01,ACTIVE
5890,7861,Savings,82857171,2027-06-01,SMG01,ACTIVE
5891,7765,Savings,3188284,2027-06-15,YGY01,ACTIVE
5892,3875,Savings,135872346,2027-02-14,JKT02,ACTIVE
5893,8243,Time Deposit,926341415,2026-04-16,SMG01,ACTIVE
5894,5472,Savings,19726838,2028-02-23,JKT02,ACTIVE
5895,4947,Time Deposit,641709188,2026-04-22,JKT01,ACTIVE
5896,8458,Savings,93224589,2026-11-05,SMG01,ACTIVE
5897,2285,Savings,129467778,2027-12-21,SMG01,ACTIVE
5898,2650,Savings,19176265,2027-01-28,JKT02,ACTIVE
5899,5947,Time Deposit,883830704,2026-06-30,BDG01,ACTIVE
5900,7233,Savings,31173169,2027-03-25,YGY01,ACTIVE
5901,2307,Time Deposit,1012910084,2027-01-17,SBY01,ACTIVE
5902,1527,Savings,72656541,2026-12-01,JKT01,ACTIVE
5903,1624,Savings,26594882,2026-08-31,SBY01,ACTIVE
5904,6588,Time Deposit,889949604,2026-04-30,YGY01,ACTIVE
5905,1106,Savings,92603018,2027-04-22,BDG01,ACTIVE
5906,3550,Savings,59532132,2026-07-18,YGY01,ACTIVE
5907,7063,Time Deposit,664740003,2026-10-09,YGY01,ACTIVE
5908,926,Savings,160486540,2026-09-03,BDG01,ACTIVE
5909,3064,Savings,17997713,2026-04-18,YGY01,ACTIVE
5910,2564,Time Deposit,170422380,2026-04-08,SMG01,ACTIVE
5911,407,Time Deposit,647908491,2026-10-18,BDG01,ACTIVE
5912,6199,Savings,88581504,2027-12-09,SBY01,ACTIVE
5913,2577,Time Deposit,407395819,2026-09-30,SBY01,ACTIVE
5914,2658,Savings,110284650,2026-11-20,JKT01,ACTIVE
5915,4457,Time Deposit,1002560782,2026-04-03,BDG01,ACTIVE
5916,7777,Savings,45908631,2027-06-08,BDG01,ACTIVE
5917,3870,Time Deposit,987923413,2026-08-09,JKT02,ACTIVE
5918,8493,Savings,22277356,2028-01-07,JKT01,ACTIVE
5919,254,Time Deposit,572125110,2026-04-12,JKT02,ACTIVE
5920,2503,Savings,29718629,2026-08-28,SBY01,ACTIVE
5921,4661,Time Deposit,327196721,2026-10-20,JKT02,ACTIVE
5922,3745,Savings,104826670,2027-08-10,SMG01,ACTIVE
5923,4761,Savings,7545177,2027-09-12,BDG01,ACTIVE
5924,5053,Savings,48984033,2026-10-11,YGY01,ACTIVE
5925,4903,Time Deposit,961128407,2026-06-15,JKT01,ACTIVE
5926,9813,Time Deposit,426164674,2026-08-25,YGY01,ACTIVE
5927,4766,Time Deposit,873581224,2027-03-09,JKT01,ACTIVE
5928,2015,Time Deposit,929308120,2027-02-16,SBY01,ACTIVE
5929,5298,Savings,21589303,2027-09-12,MDN01,ACTIVE
5930,7518,Time Deposit,1148084478,2027-02-18,JKT02,ACTIVE
5931,3859,Savings,52299160,2026-08-22,SBY01,ACTIVE
5932,8809,Savings,37664081,2028-02-04,YGY01,ACTIVE
5933,3455,Time Deposit,726160336,2026-07-17,JKT02,ACTIVE
5934,8927,Savings,19371659,2026-06-01,JKT02,ACTIVE
5935,8559,Time Deposit,1224357727,2026-06-26,SMG01,ACTIVE
5936,5511,Savings,18576831,2027-02-08,SMG01,ACTIVE
5937,4484,Savings,12373889,2027-02-22,YGY01,ACTIVE
5938,3917,Savings,135549623,2027-05-12,BDG01,ACTIVE
5939,4848,Savings,32929790,2027-11-17,JKT01,ACTIVE
5940,2489,Savings,46749187,2027-05-01,JKT02,ACTIVE
5941,8387,Savings,43533289,2028-01-15,SMG01,ACTIVE
5942,938,Time Deposit,625334604,2027-01-01,SMG01,ACTIVE
5943,725,Savings,161890373,2027-11-10,SMG01,ACTIVE
5944,4135,Savings,135263423,2026-10-09,JKT02,ACTIVE
5945,1483,Time Deposit,524572671,2026-08-04,MDN01,ACTIVE
5946,5874,Savings,9725914,2027-01-10,SMG01,ACTIVE
5947,6843,Savings,17154797,2026-11-15,JKT01,ACTIVE
5948,4734,Time Deposit,527524440,2026-05-14,YGY01,ACTIVE
5949,6559,Time Deposit,771287779,2026-04-27,YGY01,ACTIVE
5950,4848,Savings,7604835,2026-07-04,BDG01,ACTIVE
5951,1795,Savings,14529845,2027-01-22,MDN01,ACTIVE
5952,3445,Savings,31801210,2027-05-03,YGY01,ACTIVE
5953,6522,Time Deposit,933997600,2026-07-27,YGY01,ACTIVE
5954,6432,Savings,43831120,2027-01-08,YGY01,ACTIVE
5955,5123,Savings,17128734,2026-07-16,YGY01,ACTIVE
5956,3728,Savings,16303996,2027-04-11,BDG01,ACTIVE
5957,6382,Time Deposit,806427801,2026-06-13,YGY01,ACTIVE
5958,5611,Savings,48335008,2026-11-22,SBY01,ACTIVE
5959,533,Savings,178873009,2027-02-20,SBY01,ACTIVE
5960,9111,Savings,215118034,2028-03-06,JKT02,ACTIVE
5961,6093,Time Deposit,1206917399,2026-08-23,BDG01,ACTIVE
5962,1993,Savings,15863205,2027-03-05,JKT01,ACTIVE
5963,3865,Time Deposit,1503327413,2026-05-20,SMG01,ACTIVE
5964,6638,Time Deposit,759890549,2026-04-05,JKT01,ACTIVE
5965,5235,Time Deposit,1009331940,2026-04-06,MDN01,ACTIVE
5966,6651,Savings,9386967,2027-08-05,YGY01,ACTIVE
5967,6176,Time Deposit,1213539260,2027-01-27,JKT01,ACTIVE
5968,8612,Time Deposit,629979284,2027-01-27,SBY01,ACTIVE
5969,3300,Time Deposit,482664483,2026-05-21,JKT01,ACTIVE
5970,5595,Savings,43209604,2028-02-23,SMG01,ACTIVE
5971,4628,Time Deposit,830236761,2026-08-11,MDN01,ACTIVE
5972,5862,Time Deposit,915713365,2026-12-04,JKT01,ACTIVE
5973,4257,Savings,107625441,2028-03-06,SMG01,ACTIVE
5974,5309,Savings,110367796,2027-10-26,SMG01,ACTIVE
5975,3306,Time Deposit,1043493549,2026-04-11,JKT02,ACTIVE
5976,9645,Time Deposit,1410965276,2026-06-13,MDN01,ACTIVE
5977,5204,Savings,37216381,2026-06-15,JKT01,ACTIVE
5978,8711,Savings,194545778,2026-07-09,MDN01,ACTIVE
5979,3690,Savings,113417019,2027-12-05,SMG01,ACTIVE
5980,3410,Savings,53906479,2026-07-17,JKT01,ACTIVE
5981,3825,Time Deposit,663860409,2026-12-29,SBY01,ACTIVE
5982,1986,Time Deposit,427797801,2026-09-11,JKT01,ACTIVE
5983,7001,Savings,15815251,2027-06-10,SBY01,ACTIVE
5984,3760,Time Deposit,1213239296,2026-10-11,SMG01,ACTIVE
5985,3178,Savings,30738157,2026-11-06,YGY01,ACTIVE
5986,7344,Time Deposit,1201091448,2027-01-11,JKT02,ACTIVE
5987,6149,Time Deposit,323632222,2027-02-10,BDG01,ACTIVE
5988,4658,Time Deposit,830927531,2027-02-19,MDN01,ACTIVE
5989,6136,Savings,30508280,2026-08-01,SBY01,ACTIVE
5990,5514,Savings,6383703,2026-09-11,JKT02,ACTIVE
5991,7346,Time Deposit,1656239862,2026-06-28,JKT02,ACTIVE
5992,5237,Savings,38643320,2028-01-03,MDN01,ACTIVE
5993,9551,Savings,52743971,2027-02-11,MDN01,ACTIVE
5994,4692,Time Deposit,416889262,2026-04-01,SMG01,ACTIVE
5995,3983,Time Deposit,359713353,2026-11-02,JKT02,ACTIVE
5996,9043,Time Deposit,205965839,2027-01-15,YGY01,ACTIVE
5997,9965,Savings,103643755,2026-10-04,JKT01,ACTIVE
5998,8582,Time Deposit,1042799897,2026-10-01,JKT02,ACTIVE
5999,1803,Savings,45973977,2026-09-01,YGY01,ACTIVE
6000,9701,Savings,47548929,2027-01-20,SMG01,ACTIVE
6001,6494,Savings,55725474,2026-11-20,JKT01,ACTIVE
6002,2394,Savings,11449121,2027-01-01,BDG01,ACTIVE
6003,9826,Time Deposit,940611651,2026-12-15,YGY01,ACTIVE
6004,7054,Savings,145942683,2027-11-10,YGY01,ACTIVE
6005,1391,Savings,58599596,2027-07-11,JKT01,ACTIVE
6006,2787,Savings,16276113,2026-09-14,SMG01,ACTIVE
6007,2992,Savings,129219424,2026-07-10,SMG01,ACTIVE
6008,9369,Savings,97317210,2026-11-18,SBY01,ACTIVE
6009,6961,Savings,39097279,2026-05-21,BDG01,ACTIVE
6010,7572,Savings,1822912,2027-10-10,SMG01,ACTIVE
6011,5602,Savings,32144414,2027-07-12,SMG01,ACTIVE
6012,9187,Time Deposit,109522571,2027-01-12,SBY01,ACTIVE
6013,4798,Time Deposit,812161071,2026-06-25,MDN01,ACTIVE
6014,3008,Savings,35381326,2026-12-25,JKT01,ACTIVE
6015,444,Time Deposit,469801975,2026-07-20,YGY01,ACTIVE
6016,1430,Savings,32222404,2027-06-02,SBY01,ACTIVE
6017,6553,Savings,16023819,2027-12-08,JKT02,ACTIVE
6018,9989,Savings,29041908,2027-01-09,JKT02,ACTIVE
6019,5009,Time Deposit,400466390,2026-05-25,MDN01,ACTIVE
6020,8631,Time Deposit,1020672232,2026-05-01,JKT02,ACTIVE
6021,7781,Savings,37067444,2026-07-31,BDG01,ACTIVE
6022,8244,Time Deposit,670044423,2026-04-21,BDG01,ACTIVE
6023,7491,Savings,4314431,2027-10-29,JKT02,ACTIVE
6024,9239,Savings,25174068,2027-12-19,SMG01,ACTIVE
6025,8105,Savings,14825923,2027-11-03,JKT01,ACTIVE
6026,5972,Time Deposit,997623273,2027-03-14,MDN01,ACTIVE
6027,7911,Savings,103271487,2027-10-26,JKT02,ACTIVE
6028,1706,Savings,116696062,2026-12-31,JKT02,ACTIVE
6029,8182,Savings,99170389,2027-07-31,JKT01,ACTIVE
6030,9316,Time Deposit,1270181276,2026-12-04,BDG01,ACTIVE
6031,1390,Savings,31123660,2027-10-24,YGY01,ACTIVE
6032,2991,Savings,44591040,2027-07-04,YGY01,ACTIVE
6033,855,Savings,39980928,2026-07-09,JKT01,ACTIVE
6034,4351,Savings,7658056,2028-01-27,BDG01,ACTIVE
6035,7060,Time Deposit,1418593806,2026-05-23,JKT01,ACTIVE
6036,6928,Savings,15627916,2026-07-27,JKT01,ACTIVE
6037,5862,Time Deposit,1109607042,2026-06-22,SBY01,ACTIVE
6038,7358,Savings,20666882,2027-08-08,JKT02,ACTIVE
6039,7334,Savings,15131278,2026-06-25,YGY01,ACTIVE
6040,3130,Time Deposit,753471283,2026-06-05,BDG01,ACTIVE
6041,2560,Savings,14507796,2027-02-13,JKT01,ACTIVE
6042,6665,Time Deposit,676212528,2026-10-16,BDG01,ACTIVE
6043,1482,Savings,15530855,2026-08-19,MDN01,ACTIVE
6044,9244,Savings,12357915,2027-07-27,YGY01,ACTIVE
6045,1377,Savings,10616858,2027-10-04,YGY01,ACTIVE
6046,5591,Savings,45625616,2026-06-02,BDG01,ACTIVE
6047,2670,Savings,10669572,2027-01-28,BDG01,ACTIVE
6048,7337,Time Deposit,1071946513,2026-05-09,MDN01,ACTIVE
6049,4387,Time Deposit,775043955,2026-06-14,YGY01,ACTIVE
6050,6285,Savings,40323367,2026-07-25,BDG01,ACTIVE
6051,251,Time Deposit,1320911594,2026-07-27,SBY01,ACTIVE
6052,6655,Time Deposit,1095002969,2027-01-28,JKT01,ACTIVE
6053,4987,Savings,30824832,2027-11-13,BDG01,ACTIVE
6054,1728,Savings,27718206,2027-01-11,JKT02,ACTIVE
6055,2984,Savings,62984541,2027-02-13,MDN01,ACTIVE
6056,6700,Savings,169447970,2027-03-03,MDN01,ACTIVE
6057,4476,Time Deposit,282022122,2026-08-26,JKT01,ACTIVE
6058,7949,Savings,50158557,2027-11-21,BDG01,ACTIVE
6059,8238,Savings,35300837,2028-01-27,BDG01,ACTIVE
6060,7882,Time Deposit,1237193708,2026-10-03,SBY01,ACTIVE
6061,3087,Time Deposit,238876524,2026-12-02,JKT01,ACTIVE
6062,8157,Savings,51569120,2026-05-30,SBY01,ACTIVE
6063,2062,Savings,39970833,2027-04-15,MDN01,ACTIVE
6064,5800,Time Deposit,652028524,2027-01-30,SBY01,ACTIVE
6065,3167,Savings,92742120,2027-01-27,SBY01,ACTIVE
6066,6617,Time Deposit,891960456,2026-11-11,YGY01,ACTIVE
6067,2548,Time Deposit,508784288,2026-09-01,MDN01,ACTIVE
6068,5151,Savings,123642669,2027-01-25,JKT01,ACTIVE
6069,2117,Savings,8908214,2026-08-06,SBY01,ACTIVE
6070,9936,Savings,14393262,2026-09-01,YGY01,ACTIVE
6071,6814,Savings,12614504,2028-01-24,JKT02,ACTIVE
6072,1208,Savings,25918617,2027-01-30,SMG01,ACTIVE
6073,5184,Savings,129345430,2026-06-08,BDG01,ACTIVE
6074,8438,Savings,128908816,2027-11-10,JKT02,ACTIVE
6075,4246,Savings,12770197,2027-12-01,JKT01,ACTIVE
6076,3235,Savings,19873313,2026-12-03,SBY01,ACTIVE
6077,4144,Savings,47164146,2026-05-18,JKT01,ACTIVE
6078,3217,Time Deposit,698248797,2026-08-08,JKT01,ACTIVE
6079,173,Savings,14525088,2027-12-10,BDG01,ACTIVE
6080,590,Time Deposit,691926847,2026-09-12,BDG01,ACTIVE
6081,9029,Savings,10637442,2027-06-29,BDG01,ACTIVE
6082,375,Time Deposit,1106408426,2026-08-30,JKT02,ACTIVE
6083,9675,Savings,166403733,2028-02-25,MDN01,ACTIVE
6084,5638,Time Deposit,209827228,2026-07-06,YGY01,ACTIVE
6085,995,Time Deposit,527042726,2026-05-19,BDG01,ACTIVE
6086,3379,Savings,21127448,2027-04-27,SMG01,ACTIVE
6087,7770,Time Deposit,461890457,2026-11-10,JKT01,ACTIVE
6088,4357,Savings,90219704,2026-11-22,SBY01,ACTIVE
6089,8115,Savings,7167728,2028-02-05,SBY01,ACTIVE
6090,7691,Savings,118245386,2028-03-01,JKT02,ACTIVE
6091,1508,Savings,116703826,2027-05-26,JKT01,ACTIVE
6092,8776,Savings,168379718,2028-01-12,JKT01,ACTIVE
6093,4736,Savings,6579700,2027-06-17,BDG01,ACTIVE
6094,735,Time Deposit,902196730,2026-05-31,YGY01,ACTIVE
6095,630,Time Deposit,1465444119,2026-10-26,SMG01,ACTIVE
6096,5027,Savings,8137084,2027-09-02,JKT02,ACTIVE
6097,4821,Savings,95066976,2027-10-25,YGY01,ACTIVE
6098,7661,Savings,5282107,2026-11-10,BDG01,ACTIVE
6099,3264,Savings,15629283,2027-07-31,JKT02,ACTIVE
6100,889,Time Deposit,608962837,2026-07-12,YGY01,ACTIVE
6101,8625,Time Deposit,1753979962,2026-07-03,BDG01,ACTIVE
6102,1967,Savings,15173710,2027-05-17,JKT02,ACTIVE
6103,8293,Savings,10434915,2027-05-06,JKT02,ACTIVE
6104,788,Savings,12329424,2027-01-04,JKT01,ACTIVE
6105,7653,Savings,171513693,2027-02-07,SBY01,ACTIVE
6106,7298,Time Deposit,139199550,2027-01-08,BDG01,ACTIVE
6107,5981,Savings,199658566,2027-05-01,JKT02,ACTIVE
6108,6209,Savings,44406596,2027-08-19,BDG01,ACTIVE
6109,5201,Time Deposit,666963617,2026-07-05,BDG01,ACTIVE
6110,2340,Time Deposit,251816032,2026-11-05,SMG01,ACTIVE
6111,2757,Time Deposit,468421067,2026-12-12,JKT01,ACTIVE
6112,6755,Savings,14302372,2027-04-26,SMG01,ACTIVE
6113,1422,Time Deposit,414062671,2026-07-31,SMG01,ACTIVE
6114,4282,Savings,36629881,2027-05-04,JKT01,ACTIVE
6115,1410,Time Deposit,1192774716,2026-12-22,SBY01,ACTIVE
6116,6118,Time Deposit,77053665,2026-07-14,JKT01,ACTIVE
6117,7048,Time Deposit,972535915,2026-06-04,SMG01,ACTIVE
6118,2498,Time Deposit,584501266,2026-10-14,YGY01,ACTIVE
6119,2478,Savings,16928579,2026-07-24,JKT02,ACTIVE
6120,7584,Time Deposit,763892817,2026-12-21,SBY01,ACTIVE
6121,2464,Savings,17433409,2027-02-24,SBY01,ACTIVE
6122,236,Savings,9948637,2027-02-03,JKT02,ACTIVE
6123,8489,Savings,78633862,2026-10-27,SMG01,ACTIVE
6124,2258,Savings,187697619,2026-10-06,SMG01,ACTIVE
6125,8280,Time Deposit,1573965285,2026-12-28,SMG01,ACTIVE
6126,1211,Savings,100334687,2028-01-14,YGY01,ACTIVE
6127,8091,Savings,5869106,2027-11-04,MDN01,ACTIVE
6128,4685,Savings,17611450,2026-05-04,SBY01,ACTIVE
6129,2808,Savings,33759689,2027-09-08,SMG01,ACTIVE
6130,9749,Savings,173263163,2026-09-20,BDG01,ACTIVE
6131,8659,Savings,8591759,2027-03-13,YGY01,ACTIVE
6132,444,Savings,13285613,2027-12-12,JKT02,ACTIVE
6133,5925,Savings,31681677,2028-01-11,SBY01,ACTIVE
6134,266,Time Deposit,1489976333,2026-07-09,SMG01,ACTIVE
6135,7056,Savings,7953811,2026-09-02,SMG01,ACTIVE
6136,2964,Time Deposit,565340888,2027-03-02,SBY01,ACTIVE
6137,2790,Time Deposit,619564941,2026-10-31,MDN01,ACTIVE
6138,6816,Time Deposit,1466141324,2027-03-05,JKT01,ACTIVE
6139,6511,Time Deposit,417748951,2026-12-14,YGY01,ACTIVE
6140,3874,Time Deposit,966197515,2027-01-30,BDG01,ACTIVE
6141,9258,Savings,23115157,2027-12-26,MDN01,ACTIVE
6142,4139,Savings,36675804,2027-09-29,YGY01,ACTIVE
6143,9880,Savings,110809457,2027-11-15,MDN01,ACTIVE
6144,7291,Savings,40269585,2026-08-17,SMG01,ACTIVE
6145,7517,Savings,31668693,2026-12-03,SBY01,ACTIVE
6146,2982,Savings,17791649,2027-11-28,JKT01,ACTIVE
6147,1203,Time Deposit,777022131,2026-09-05,JKT01,ACTIVE
6148,7359,Savings,34705771,2026-04-16,SMG01,ACTIVE
6149,1762,Savings,139816607,2027-05-06,JKT01,ACTIVE
6150,4755,Savings,113109139,2027-10-26,JKT02,ACTIVE
6151,6847,Savings,25255281,2026-10-06,SBY01,ACTIVE
6152,9719,Time Deposit,998402505,2026-04-14,BDG01,ACTIVE
6153,3627,Time Deposit,506342132,2026-06-28,SMG01,ACTIVE
6154,8682,Time Deposit,868988608,2026-06-21,JKT01,ACTIVE
6155,6382,Time Deposit,549112424,2026-09-03,YGY01,ACTIVE
6156,9128,Time Deposit,625567926,2026-10-08,SBY01,ACTIVE
6157,7530,Time Deposit,887059485,2026-06-02,YGY01,ACTIVE
6158,5079,Time Deposit,543700692,2026-09-02,SBY01,ACTIVE
6159,423,Savings,177570805,2026-08-19,MDN01,ACTIVE
6160,6901,Savings,41949333,2027-09-18,JKT02,ACTIVE
6161,1112,Time Deposit,251241496,2026-07-21,YGY01,ACTIVE
6162,9839,Savings,73683428,2028-01-06,MDN01,ACTIVE
6163,6605,Time Deposit,651667613,2026-09-16,JKT01,ACTIVE
6164,6241,Time Deposit,728113682,2026-11-07,MDN01,ACTIVE
6165,1811,Savings,63636980,2026-05-17,BDG01,ACTIVE
6166,3638,Savings,9753557,2027-04-21,SMG01,ACTIVE
6167,633,Time Deposit,904699290,2027-02-13,SMG01,ACTIVE
6168,8045,Time Deposit,592127579,2026-09-30,JKT02,ACTIVE
6169,8504,Savings,22401510,2027-08-22,YGY01,ACTIVE
6170,335,Savings,123805666,2027-10-31,BDG01,ACTIVE
6171,3562,Time Deposit,746474685,2026-08-23,JKT02,ACTIVE
6172,1575,Savings,12812392,2027-09-11,MDN01,ACTIVE
6173,9048,Time Deposit,655811074,2027-01-20,JKT01,ACTIVE
6174,1851,Savings,25305789,2028-03-14,SMG01,ACTIVE
6175,4043,Savings,23881397,2028-03-07,YGY01,ACTIVE
6176,6887,Time Deposit,1436265522,2026-11-05,MDN01,ACTIVE
6177,2143,Savings,18228334,2026-06-30,SBY01,ACTIVE
6178,862,Time Deposit,556664251,2026-09-29,YGY01,ACTIVE
6179,4807,Savings,8646125,2027-05-03,MDN01,ACTIVE
6180,8320,Savings,16109206,2026-06-26,BDG01,ACTIVE
6181,6929,Time Deposit,859522194,2026-08-16,YGY01,ACTIVE
6182,5609,Savings,18595723,2027-08-31,JKT01,ACTIVE
6183,2352,Savings,16104343,2026-12-20,YGY01,ACTIVE
6184,5210,Savings,5875590,2027-05-15,MDN01,ACTIVE
6185,5159,Time Deposit,702263470,2026-09-17,SMG01,ACTIVE
6186,2570,Time Deposit,830424054,2026-05-04,SMG01,ACTIVE
6187,6283,Savings,20176220,2026-10-18,JKT02,ACTIVE
6188,5112,Savings,15430104,2026-08-19,SBY01,ACTIVE
6189,1565,Savings,16205473,2026-04-25,JKT02,ACTIVE
6190,8787,Savings,71822945,2027-11-10,YGY01,ACTIVE
6191,5605,Time Deposit,531606290,2026-07-29,BDG01,ACTIVE
6192,897,Savings,124258945,2028-03-02,MDN01,ACTIVE
6193,6948,Savings,90644748,2026-05-05,SMG01,ACTIVE
6194,4804,Savings,205569757,2027-01-04,JKT01,ACTIVE
6195,8031,Savings,24185628,2026-06-27,MDN01,ACTIVE
6196,1734,Savings,162324066,2027-06-17,JKT01,ACTIVE
6197,970,Time Deposit,294663172,2026-09-18,JKT02,ACTIVE
6198,8358,Savings,34040666,2026-09-02,SBY01,ACTIVE
6199,5632,Savings,10020383,2026-08-09,BDG01,ACTIVE
6200,5563,Savings,37844337,2027-09-23,MDN01,ACTIVE
6201,8948,Time Deposit,664215718,2026-05-08,YGY01,ACTIVE
6202,4359,Savings,23272936,2026-08-19,BDG01,ACTIVE
6203,8051,Savings,153127212,2026-11-11,BDG01,ACTIVE
6204,3282,Time Deposit,646692426,2027-01-06,SMG01,ACTIVE
6205,4248,Time Deposit,999755941,2026-05-08,MDN01,ACTIVE
6206,8598,Savings,40337479,2027-05-12,SBY01,ACTIVE
6207,8090,Savings,34302050,2026-06-17,SBY01,ACTIVE
6208,7650,Savings,38250449,2026-06-15,MDN01,ACTIVE
6209,4218,Savings,52818492,2027-10-20,JKT02,ACTIVE
6210,1772,Time Deposit,324699312,2026-05-19,MDN01,ACTIVE
6211,2946,Savings,46966731,2026-05-05,BDG01,ACTIVE
6212,2012,Savings,20805876,2026-10-28,BDG01,ACTIVE
6213,2235,Savings,69458580,2027-02-06,SBY01,ACTIVE
6214,1091,Time Deposit,310438372,2026-06-18,BDG01,ACTIVE
6215,6532,Savings,34259854,2027-01-06,JKT01,ACTIVE
6216,2943,Time Deposit,1632194100,2026-06-09,SBY01,ACTIVE
6217,7344,Time Deposit,1491794811,2026-10-13,BDG01,ACTIVE
6218,5442,Savings,97063782,2026-10-10,SBY01,ACTIVE
6219,2386,Savings,212369306,2028-02-09,SMG01,ACTIVE
6220,4117,Savings,13596071,2026-05-12,MDN01,ACTIVE
6221,9255,Time Deposit,929179252,2026-08-15,BDG01,ACTIVE
6222,7575,Savings,32731983,2027-07-08,JKT01,ACTIVE
6223,9602,Time Deposit,699527347,2027-02-11,BDG01,ACTIVE
6224,4960,Time Deposit,922001276,2027-01-14,JKT01,ACTIVE
6225,1794,Time Deposit,632516983,2026-08-07,YGY01,ACTIVE
6226,2559,Time Deposit,674995224,2027-02-05,BDG01,ACTIVE
6227,6188,Savings,134429772,2027-11-02,BDG01,ACTIVE
6228,3299,Time Deposit,993528553,2026-08-06,SMG01,ACTIVE
6229,6532,Savings,76414008,2026-12-10,JKT01,ACTIVE
6230,4842,Time Deposit,185995403,2026-09-05,MDN01,ACTIVE
6231,3881,Savings,25248644,2028-02-13,MDN01,ACTIVE
6232,9305,Savings,3402955,2026-06-30,JKT01,ACTIVE
6233,5121,Savings,32020861,2026-06-22,JKT01,ACTIVE
6234,5153,Time Deposit,1538168624,2027-02-01,SMG01,ACTIVE
6235,974,Savings,10875906,2027-10-07,JKT01,ACTIVE
6236,1130,Savings,17438077,2027-09-17,MDN01,ACTIVE
6237,6453,Savings,29586388,2027-01-01,BDG01,ACTIVE
6238,8581,Savings,45869157,2028-03-04,JKT02,ACTIVE
6239,3503,Time Deposit,502172404,2026-05-02,SMG01,ACTIVE
6240,6820,Savings,40944936,2026-07-12,JKT01,ACTIVE
6241,5708,Savings,25202521,2026-08-28,SBY01,ACTIVE
6242,3546,Time Deposit,483327256,2026-06-06,JKT01,ACTIVE
6243,4085,Savings,12960620,2027-07-03,JKT02,ACTIVE
6244,6822,Time Deposit,874509203,2026-04-03,SMG01,ACTIVE
6245,9999,Savings,19361821,2027-08-10,MDN01,ACTIVE
6246,4235,Time Deposit,534968188,2026-07-31,SBY01,ACTIVE
6247,8966,Savings,29833333,2027-04-27,BDG01,ACTIVE
6248,9422,Savings,21290017,2026-10-26,JKT01,ACTIVE
6249,8416,Savings,76690074,2027-02-03,SMG01,ACTIVE
6250,5619,Time Deposit,1246634514,2026-12-08,JKT02,ACTIVE
6251,1435,Savings,196130051,2026-06-27,SMG01,ACTIVE
6252,6773,Time Deposit,209042891,2026-11-15,SBY01,ACTIVE
6253,4542,Savings,3030947,2026-10-06,YGY01,ACTIVE
6254,8347,Time Deposit,667747760,2026-11-18,MDN01,ACTIVE
6255,3194,Time Deposit,701595891,2026-09-16,SMG01,ACTIVE
6256,3147,Time Deposit,843825986,2026-05-04,MDN01,ACTIVE
6257,2964,Savings,24349603,2027-09-03,BDG01,ACTIVE
6258,9221,Savings,32884990,2026-08-30,JKT02,ACTIVE
6259,5894,Time Deposit,1382339610,2026-12-23,SMG01,ACTIVE
6260,9718,Savings,215164527,2026-09-09,JKT01,ACTIVE
6261,7586,Savings,5551278,2027-05-06,YGY01,ACTIVE
6262,7741,Time Deposit,820652041,2027-01-20,BDG01,ACTIVE
6263,8927,Savings,23200530,2028-03-15,SBY01,ACTIVE
6264,9940,Savings,8971625,2026-11-29,MDN01,ACTIVE
6265,4405,Time Deposit,1090163918,2026-10-25,SBY01,ACTIVE
6266,7168,Savings,14950819,2027-01-17,SMG01,ACTIVE
6267,3940,Savings,166562671,2027-08-25,YGY01,ACTIVE
6268,80,Time Deposit,961026814,2026-12-09,YGY01,ACTIVE
6269,1270,Savings,14603827,2026-08-12,JKT02,ACTIVE
6270,1162,Time Deposit,561189141,2026-11-09,JKT02,ACTIVE
6271,6049,Time Deposit,881901593,2027-02-16,YGY01,ACTIVE
6272,6902,Time Deposit,756499801,2026-12-24,SMG01,ACTIVE
6273,8705,Time Deposit,756996037,2026-10-20,SMG01,ACTIVE
6274,3253,Time Deposit,784981781,2026-04-01,MDN01,ACTIVE
6275,6566,Time Deposit,1169251967,2026-12-15,SMG01,ACTIVE
6276,5762,Time Deposit,1759827780,2027-02-05,YGY01,ACTIVE
6277,8745,Time Deposit,462351962,2026-05-09,MDN01,ACTIVE
6278,8290,Time Deposit,661570955,2026-04-16,BDG01,ACTIVE
6279,2980,Savings,22175435,2026-11-16,BDG01,ACTIVE
6280,9565,Time Deposit,843190064,2026-08-06,YGY01,ACTIVE
6281,3510,Savings,13283479,2026-10-04,BDG01,ACTIVE
6282,251,Time Deposit,1199349264,2027-02-26,BDG01,ACTIVE
6283,9966,Savings,198802998,2026-07-17,SBY01,ACTIVE
6284,7266,Savings,27924195,2027-02-03,YGY01,ACTIVE
6285,955,Savings,19672726,2026-11-25,SBY01,ACTIVE
6286,5880,Savings,32077358,2027-07-10,BDG01,ACTIVE
6287,7990,Savings,151735893,2026-05-25,SBY01,ACTIVE
6288,8049,Savings,4077649,2028-03-05,YGY01,ACTIVE
6289,5046,Time Deposit,1027608028,2026-09-13,SBY01,ACTIVE
6290,5957,Savings,60298668,2027-11-08,MDN01,ACTIVE
6291,5833,Time Deposit,418944998,2026-12-15,SMG01,ACTIVE
6292,119,Time Deposit,768277882,2026-05-01,SBY01,ACTIVE
6293,3303,Savings,153018033,2027-07-14,YGY01,ACTIVE
6294,4658,Savings,79789872,2027-06-22,YGY01,ACTIVE
6295,9933,Savings,104012836,2027-01-25,SMG01,ACTIVE
6296,3163,Time Deposit,525708627,2026-11-09,JKT01,ACTIVE
6297,903,Savings,4973501,2027-10-08,BDG01,ACTIVE
6298,7902,Savings,82137648,2026-06-23,MDN01,ACTIVE
6299,2917,Savings,6457065,2027-09-05,YGY01,ACTIVE
6300,8449,Savings,7980239,2027-07-10,JKT01,ACTIVE
6301,7212,Time Deposit,816474168,2026-10-24,JKT01,ACTIVE
6302,4869,Time Deposit,961793757,2027-03-06,SMG01,ACTIVE
6303,4324,Savings,25699841,2027-08-13,JKT02,ACTIVE
6304,8830,Time Deposit,1318506340,2026-08-08,SMG01,ACTIVE
6305,6545,Savings,80602045,2026-07-04,JKT02,ACTIVE
6306,2173,Time Deposit,1047246796,2027-01-24,MDN01,ACTIVE
6307,4098,Savings,85942048,2026-12-04,JKT01,ACTIVE
6308,8441,Savings,102406224,2026-12-18,SBY01,ACTIVE
6309,8796,Time Deposit,484840399,2026-10-17,SMG01,ACTIVE
6310,1153,Savings,98489825,2028-02-02,MDN01,ACTIVE
6311,6045,Time Deposit,133042898,2027-01-09,YGY01,ACTIVE
6312,9525,Time Deposit,564183624,2026-10-11,JKT02,ACTIVE
6313,9181,Savings,92474900,2027-05-07,JKT01,ACTIVE
6314,277,Savings,102672785,2026-06-20,SMG01,ACTIVE
6315,3486,Savings,6478528,2027-05-04,JKT01,ACTIVE
6316,5340,Savings,9092911,2027-10-21,SBY01,ACTIVE
6317,3250,Time Deposit,1863830633,2026-05-27,BDG01,ACTIVE
6318,3576,Savings,20414723,2027-11-10,SBY01,ACTIVE
6319,5624,Time Deposit,1717210250,2026-11-23,BDG01,ACTIVE
6320,7543,Savings,133433030,2026-10-13,BDG01,ACTIVE
6321,656,Savings,62403762,2027-05-16,JKT01,ACTIVE
6322,9630,Time Deposit,1729085686,2027-03-12,JKT01,ACTIVE
6323,1305,Savings,30932539,2026-09-25,JKT01,ACTIVE
6324,1552,Time Deposit,605695500,2027-02-13,JKT02,ACTIVE
6325,7918,Savings,17306561,2026-05-02,JKT01,ACTIVE
6326,6849,Savings,33468069,2026-09-25,YGY01,ACTIVE
6327,9309,Savings,16985198,2027-04-17,SBY01,ACTIVE
6328,2258,Time Deposit,953290835,2026-11-09,MDN01,ACTIVE
6329,7466,Time Deposit,1588311999,2027-02-23,JKT01,ACTIVE
6330,219,Savings,13172331,2026-09-03,JKT01,ACTIVE
6331,4825,Time Deposit,299352005,2026-08-17,MDN01,ACTIVE
6332,69,Savings,35075926,2027-02-15,MDN01,ACTIVE
6333,803,Time Deposit,1014193495,2027-01-28,SMG01,ACTIVE
6334,8653,Time Deposit,1261430063,2026-10-01,JKT02,ACTIVE
6335,7157,Savings,95015761,2027-02-06,YGY01,ACTIVE
6336,6234,Savings,25788861,2027-09-18,BDG01,ACTIVE
6337,9977,Time Deposit,749764340,2026-07-29,YGY01,ACTIVE
6338,3939,Savings,92149059,2027-03-03,SMG01,ACTIVE
6339,7759,Time Deposit,721254899,2026-07-06,MDN01,ACTIVE
6340,2125,Savings,7625477,2028-01-18,JKT02,ACTIVE
6341,1077,Savings,62031560,2026-12-20,SBY01,ACTIVE
6342,1398,Savings,44627173,2027-06-19,SBY01,ACTIVE
6343,7188,Time Deposit,572454954,2026-06-02,JKT02,ACTIVE
6344,7438,Savings,23146314,2026-09-17,JKT01,ACTIVE
6345,8155,Savings,51256741,2026-05-15,SMG01,ACTIVE
6346,5532,Savings,5640493,2027-08-21,SMG01,ACTIVE
6347,5723,Time Deposit,233252629,2027-02-01,MDN01,ACTIVE
6348,8245,Savings,76388614,2027-12-25,JKT01,ACTIVE
6349,6320,Time Deposit,1654945357,2026-11-02,YGY01,ACTIVE
6350,9286,Savings,33341746,2027-09-19,JKT02,ACTIVE
6351,5648,Savings,194536402,2027-09-15,MDN01,ACTIVE
6352,1190,Savings,11308824,2027-03-06,MDN01,ACTIVE
6353,8088,Time Deposit,915137534,2027-01-02,JKT02,ACTIVE
6354,8841,Savings,67481388,2026-04-23,BDG01,ACTIVE
6355,9782,Savings,72949838,2027-08-25,MDN01,ACTIVE
6356,9505,Savings,50106497,2027-07-27,SBY01,ACTIVE
6357,5600,Time Deposit,647509423,2026-08-23,SBY01,ACTIVE
6358,2606,Savings,10392957,2027-04-02,SMG01,ACTIVE
6359,5344,Time Deposit,1247369431,2026-08-17,SMG01,ACTIVE
6360,2738,Time Deposit,1025862375,2027-01-23,JKT02,ACTIVE
6361,6883,Time Deposit,1507298542,2027-01-20,JKT01,ACTIVE
6362,8088,Time Deposit,745575690,2026-06-13,YGY01,ACTIVE
6363,8296,Savings,35764476,2027-01-09,SMG01,ACTIVE
6364,5846,Savings,12990541,2027-05-16,SMG01,ACTIVE
6365,5786,Time Deposit,629650564,2026-10-22,JKT02,ACTIVE
6366,6493,Time Deposit,536682288,2027-02-12,SBY01,ACTIVE
6367,3582,Savings,16184275,2027-10-04,MDN01,ACTIVE
6368,9471,Savings,29245339,2027-01-17,SMG01,ACTIVE
6369,8517,Time Deposit,1063981434,2026-09-13,JKT02,ACTIVE
6370,4235,Time Deposit,1513664277,2026-07-05,MDN01,ACTIVE
6371,7576,Time Deposit,663524196,2026-08-11,BDG01,ACTIVE
6372,6844,Savings,137352520,2026-06-27,SBY01,ACTIVE
6373,3608,Time Deposit,1090074915,2026-10-25,YGY01,ACTIVE
6374,877,Savings,13116106,2027-06-23,SBY01,ACTIVE
6375,3744,Savings,38656188,2026-06-14,SMG01,ACTIVE
6376,6959,Time Deposit,729902430,2026-11-26,JKT01,ACTIVE
6377,496,Savings,8163432,2027-01-02,YGY01,ACTIVE
6378,147,Savings,135519649,2028-01-30,BDG01,ACTIVE
6379,8948,Time Deposit,911520018,2026-10-10,BDG01,ACTIVE
6380,5257,Time Deposit,351591497,2027-01-25,YGY01,ACTIVE
6381,8040,Savings,125377454,2027-02-17,BDG01,ACTIVE
6382,2134,Savings,149119397,2027-10-13,SMG01,ACTIVE
6383,8135,Savings,135361367,2028-03-10,SBY01,ACTIVE
6384,7215,Savings,55819567,2027-01-31,BDG01,ACTIVE
6385,4422,Savings,98546962,2026-08-26,SBY01,ACTIVE
6386,6536,Time Deposit,635591726,2027-03-13,JKT01,ACTIVE
6387,6376,Time Deposit,442757266,2026-11-29,JKT02,ACTIVE
6388,6504,Savings,16399400,2028-01-05,MDN01,ACTIVE
6389,8612,Savings,47913679,2027-06-22,SBY01,ACTIVE
6390,8108,Savings,10282746,2026-04-21,SMG01,ACTIVE
6391,7095,Time Deposit,816825091,2026-09-19,YGY01,ACTIVE
6392,296,Savings,24649532,2026-11-05,JKT02,ACTIVE
6393,1936,Time Deposit,591764706,2026-07-25,MDN01,ACTIVE
6394,902,Time Deposit,741717738,2027-03-16,SBY01,ACTIVE
6395,7020,Time Deposit,915805868,2026-07-23,JKT01,ACTIVE
6396,5049,Savings,11262479,2027-01-03,JKT01,ACTIVE
6397,7654,Savings,58836365,2028-03-09,JKT01,ACTIVE
6398,1231,Savings,32544932,2026-09-17,SBY01,ACTIVE
6399,2065,Savings,37470229,2026-06-01,SBY01,ACTIVE
6400,7050,Time Deposit,1444144407,2027-02-15,BDG01,ACTIVE
6401,4735,Savings,20236102,2027-06-17,JKT02,ACTIVE
6402,9652,Savings,84667930,2026-05-03,MDN01,ACTIVE
6403,6996,Savings,100699219,2027-09-19,JKT02,ACTIVE
6404,4738,Savings,27560951,2026-06-01,JKT01,ACTIVE
6405,7822,Savings,36271004,2027-07-07,YGY01,ACTIVE
6406,7184,Savings,7903612,2026-06-30,YGY01,ACTIVE
6407,5074,Time Deposit,369292949,2027-02-25,BDG01,ACTIVE
6408,9537,Time Deposit,707604458,2026-07-08,YGY01,ACTIVE
6409,1102,Savings,9646627,2027-10-18,SMG01,ACTIVE
6410,7664,Savings,25695620,2027-01-16,JKT02,ACTIVE
6411,7965,Savings,76887107,2027-07-16,MDN01,ACTIVE
6412,1041,Time Deposit,621144684,2026-10-22,MDN01,ACTIVE
6413,5418,Savings,231199517,2027-08-11,JKT02,ACTIVE
6414,8391,Savings,17492588,2027-02-27,YGY01,ACTIVE
6415,6947,Time Deposit,222905253,2026-08-13,MDN01,ACTIVE
6416,7468,Time Deposit,679532907,2027-02-27,YGY01,ACTIVE
6417,6020,Savings,47720211,2026-12-24,JKT02,ACTIVE
6418,4260,Savings,64395632,2026-08-03,BDG01,ACTIVE
6419,3556,Time Deposit,581065876,2026-07-21,SBY01,ACTIVE
6420,2444,Time Deposit,943768923,2027-03-05,MDN01,ACTIVE
6421,9396,Savings,54469282,2027-03-25,SMG01,ACTIVE
6422,5382,Savings,32334632,2027-01-16,JKT02,ACTIVE
6423,1506,Savings,27954806,2026-05-18,SBY01,ACTIVE
6424,2413,Time Deposit,949441462,2026-09-11,YGY01,ACTIVE
6425,3405,Savings,234313586,2027-02-01,JKT01,ACTIVE
6426,8439,Savings,20298374,2026-04-18,YGY01,ACTIVE
6427,6870,Time Deposit,1087289389,2026-12-22,SMG01,ACTIVE
6428,3346,Savings,2418796,2028-03-10,SMG01,ACTIVE
6429,4080,Savings,24166885,2027-05-19,MDN01,ACTIVE
6430,4448,Savings,21358274,2026-10-23,SBY01,ACTIVE
6431,9230,Time Deposit,367886889,2027-02-20,MDN01,ACTIVE
6432,320,Time Deposit,668687122,2026-12-08,SMG01,ACTIVE
6433,5235,Savings,174148226,2027-08-26,MDN01,ACTIVE
6434,6818,Time Deposit,1096891060,2026-07-02,YGY01,ACTIVE
6435,168,Savings,26949918,2027-09-20,JKT02,ACTIVE
6436,9462,Savings,19338106,2026-04-28,JKT01,ACTIVE
6437,9051,Savings,85653967,2027-01-27,JKT01,ACTIVE
6438,5114,Savings,22336124,2028-03-11,JKT02,ACTIVE
6439,7171,Savings,11935193,2027-05-24,SBY01,ACTIVE
6440,2863,Savings,13530624,2026-10-29,MDN01,ACTIVE
6441,7255,Savings,38769927,2027-03-17,JKT01,ACTIVE
6442,3667,Time Deposit,957616194,2026-12-23,YGY01,ACTIVE
6443,5252,Time Deposit,565018187,2027-01-09,YGY01,ACTIVE
6444,8384,Savings,169187251,2027-05-03,SMG01,ACTIVE
6445,3322,Savings,9933783,2026-05-14,JKT02,ACTIVE
6446,5380,Savings,27688820,2027-02-20,YGY01,ACTIVE
6447,9955,Savings,33769089,2026-07-20,BDG01,ACTIVE
6448,8653,Time Deposit,778040851,2027-03-12,SMG01,ACTIVE
6449,6613,Savings,58546429,2027-07-31,YGY01,ACTIVE
6450,9186,Time Deposit,1106327286,2026-12-30,SMG01,ACTIVE
6451,8678,Time Deposit,797788873,2027-01-17,SBY01,ACTIVE
6452,6090,Savings,110290053,2027-10-08,MDN01,ACTIVE
6453,8904,Savings,17630346,2026-08-04,JKT02,ACTIVE
6454,9352,Savings,8776855,2027-03-06,YGY01,ACTIVE
6455,5726,Time Deposit,1624701767,2026-09-15,SBY01,ACTIVE
6456,60,Time Deposit,606412795,2026-12-09,MDN01,ACTIVE
6457,359,Savings,195107615,2026-07-10,JKT02,ACTIVE
6458,7832,Savings,10173797,2027-10-14,JKT01,ACTIVE
6459,595,Time Deposit,269404807,2026-10-26,BDG01,ACTIVE
6460,9857,Savings,31267508,2027-11-09,YGY01,ACTIVE
6461,3636,Savings,16834895,2027-12-06,JKT02,ACTIVE
6462,1749,Time Deposit,1301603013,2026-04-19,MDN01,ACTIVE
6463,7102,Savings,24112211,2027-02-15,BDG01,ACTIVE
6464,6833,Savings,8309620,2026-05-25,MDN01,ACTIVE
6465,3856,Savings,113076827,2027-03-06,MDN01,ACTIVE
6466,8106,Savings,8310734,2026-10-24,SBY01,ACTIVE
6467,2538,Time Deposit,1508569512,2026-08-18,JKT01,ACTIVE
6468,3761,Savings,87020575,2027-09-18,JKT02,ACTIVE
6469,1808,Savings,32820930,2026-10-01,MDN01,ACTIVE
6470,7354,Savings,48677201,2026-08-23,JKT02,ACTIVE
6471,1780,Time Deposit,209778218,2026-05-31,JKT02,ACTIVE
6472,5715,Savings,8737148,2027-10-20,BDG01,ACTIVE
6473,9260,Time Deposit,934378782,2026-08-22,JKT02,ACTIVE
6474,4990,Savings,9710941,2026-07-26,MDN01,ACTIVE
6475,2690,Time Deposit,467690843,2026-10-17,YGY01,ACTIVE
6476,936,Time Deposit,267831730,2027-01-22,BDG01,ACTIVE
6477,2223,Savings,51990179,2027-03-17,SMG01,ACTIVE
6478,4832,Savings,49779702,2026-10-15,YGY01,ACTIVE
6479,8633,Time Deposit,416299705,2026-08-28,MDN01,ACTIVE
6480,8657,Savings,32328057,2028-02-12,SMG01,ACTIVE
6481,6496,Time Deposit,561708243,2027-01-17,SBY01,ACTIVE
6482,9439,Time Deposit,898854216,2026-12-04,SBY01,ACTIVE
6483,2406,Savings,21811177,2028-02-15,MDN01,ACTIVE
6484,8529,Time Deposit,537149535,2026-08-19,YGY01,ACTIVE
6485,9208,Time Deposit,831706923,2026-11-14,JKT01,ACTIVE
6486,789,Savings,39482269,2026-04-16,BDG01,ACTIVE
6487,6763,Time Deposit,1053562887,2026-06-09,YGY01,ACTIVE
6488,274,Savings,14250253,2026-09-11,MDN01,ACTIVE
6489,6271,Savings,22571253,2026-10-24,MDN01,ACTIVE
6490,1759,Savings,16675376,2027-04-26,JKT02,ACTIVE
6491,6501,Savings,42759646,2027-12-30,SBY01,ACTIVE
6492,1308,Time Deposit,1258197660,2026-06-03,JKT01,ACTIVE
6493,7461,Time Deposit,874910246,2026-10-27,MDN01,ACTIVE
6494,7327,Savings,7458432,2027-06-24,SBY01,ACTIVE
6495,9458,Savings,43806094,2027-08-03,YGY01,ACTIVE
6496,8088,Time Deposit,806589151,2026-08-16,MDN01,ACTIVE
6497,190,Savings,14256260,2027-11-26,SBY01,ACTIVE
6498,1307,Time Deposit,736684528,2026-06-23,BDG01,ACTIVE
6499,7740,Time Deposit,1371397308,2026-11-20,MDN01,ACTIVE
6500,1965,Savings,101449317,2027-10-28,SMG01,ACTIVE
6501,4764,Savings,45810560,2026-08-11,SMG01,ACTIVE
6502,1820,Time Deposit,149041748,2027-03-10,JKT02,ACTIVE
6503,8204,Savings,142957757,2027-02-04,JKT01,ACTIVE
6504,2680,Savings,70592447,2027-06-27,YGY01,ACTIVE
6505,3919,Time Deposit,1164024761,2026-09-10,MDN01,ACTIVE
6506,606,Savings,16628077,2028-02-12,JKT02,ACTIVE
6507,1656,Time Deposit,752813637,2026-05-28,SMG01,ACTIVE
6508,7584,Savings,36716351,2028-02-04,MDN01,ACTIVE
6509,6119,Savings,16836638,2026-06-20,BDG01,ACTIVE
6510,9003,Time Deposit,838356039,2026-11-08,BDG01,ACTIVE
6511,6144,Savings,7509628,2027-08-23,JKT02,ACTIVE
6512,5835,Savings,20746837,2026-07-21,BDG01,ACTIVE
6513,8250,Savings,40552283,2027-04-17,JKT02,ACTIVE
6514,1911,Savings,10610028,2028-01-01,MDN01,ACTIVE
6515,1385,Time Deposit,996426168,2027-02-27,JKT02,ACTIVE
6516,2086,Savings,26248476,2026-06-05,SMG01,ACTIVE
6517,3420,Savings,60898764,2027-05-29,BDG01,ACTIVE
6518,3392,Savings,44089367,2027-01-04,BDG01,ACTIVE
6519,522,Savings,14531541,2027-04-15,MDN01,ACTIVE
6520,6180,Savings,21443062,2027-08-10,MDN01,ACTIVE
6521,2562,Savings,57917812,2027-04-03,JKT01,ACTIVE
6522,2506,Time Deposit,767514758,2027-03-08,MDN01,ACTIVE
6523,6662,Time Deposit,532125515,2027-01-13,MDN01,ACTIVE
6524,8886,Savings,64624132,2027-12-13,BDG01,ACTIVE
6525,2803,Savings,202247542,2026-07-12,JKT02,ACTIVE
6526,7565,Savings,170331601,2027-07-22,MDN01,ACTIVE
6527,5726,Savings,185309728,2027-02-09,BDG01,ACTIVE
6528,9092,Savings,51050923,2026-09-06,SMG01,ACTIVE
6529,6378,Savings,18724368,2027-07-29,YGY01,ACTIVE
6530,2966,Savings,211666511,2027-12-20,YGY01,ACTIVE
6531,9135,Time Deposit,219808321,2026-08-20,SMG01,ACTIVE
6532,8587,Time Deposit,301244381,2027-01-15,YGY01,ACTIVE
6533,8713,Time Deposit,586352856,2027-03-11,SBY01,ACTIVE
6534,7125,Savings,16700882,2027-10-26,SMG01,ACTIVE
6535,8332,Savings,91708969,2026-04-28,MDN01,ACTIVE
6536,9890,Savings,20756855,2026-09-26,BDG01,ACTIVE
6537,1019,Savings,34101633,2027-09-13,SMG01,ACTIVE
6538,7298,Savings,28438584,2026-07-31,JKT01,ACTIVE
6539,4365,Time Deposit,865719166,2026-10-05,SBY01,ACTIVE
6540,2213,Savings,33904662,2026-04-15,JKT01,ACTIVE
6541,9346,Savings,139009836,2026-10-29,JKT02,ACTIVE
6542,3207,Time Deposit,387159052,2026-09-25,SBY01,ACTIVE
6543,8233,Savings,24425736,2028-01-19,BDG01,ACTIVE
6544,8384,Time Deposit,1242766657,2027-01-15,BDG01,ACTIVE
6545,8506,Savings,96938363,2027-07-12,JKT02,ACTIVE
6546,3413,Time Deposit,328238341,2026-12-14,JKT02,ACTIVE
6547,7236,Time Deposit,488494370,2026-06-15,BDG01,ACTIVE
6548,7567,Time Deposit,752987205,2026-05-21,MDN01,ACTIVE
6549,3949,Time Deposit,710733792,2026-10-03,SBY01,ACTIVE
6550,6894,Time Deposit,730501307,2026-10-22,BDG01,ACTIVE
6551,141,Savings,96055648,2027-03-29,SMG01,ACTIVE
6552,3939,Savings,50215402,2027-06-21,SMG01,ACTIVE
6553,8250,Savings,15426629,2026-12-01,SMG01,ACTIVE
6554,8860,Savings,35420236,2028-02-02,SBY01,ACTIVE
6555,9292,Savings,12522409,2027-06-22,SMG01,ACTIVE
6556,9173,Savings,13373434,2027-04-02,SBY01,ACTIVE
6557,1849,Savings,48777625,2027-12-18,YGY01,ACTIVE
6558,2850,Savings,12687927,2027-09-08,MDN01,ACTIVE
6559,2145,Time Deposit,908640338,2026-04-28,JKT01,ACTIVE
6560,535,Savings,19900807,2027-06-24,SBY01,ACTIVE
6561,3852,Time Deposit,479047057,2026-08-22,MDN01,ACTIVE
6562,9978,Savings,13714034,2027-10-27,YGY01,ACTIVE
6563,6931,Time Deposit,349077086,2027-03-05,MDN01,ACTIVE
6564,3641,Savings,146490437,2027-10-20,MDN01,ACTIVE
6565,9108,Savings,63882139,2026-08-04,SMG01,ACTIVE
6566,8472,Savings,20441232,2027-09-02,SBY01,ACTIVE
6567,69,Savings,99508485,2027-07-21,SBY01,ACTIVE
6568,3066,Time Deposit,114358233,2026-10-09,JKT02,ACTIVE
6569,6630,Time Deposit,195050117,2026-11-06,SBY01,ACTIVE
6570,1778,Time Deposit,1585684175,2027-02-15,JKT02,ACTIVE
6571,881,Savings,42609270,2027-03-25,SBY01,ACTIVE
6572,4206,Savings,22260017,2027-05-06,MDN01,ACTIVE
6573,7776,Savings,109862586,2026-09-24,SBY01,ACTIVE
6574,6823,Time Deposit,1614760474,2027-03-07,JKT02,ACTIVE
6575,4153,Time Deposit,506632826,2026-08-10,SBY01,ACTIVE
6576,7008,Savings,65208966,2027-08-08,MDN01,ACTIVE
6577,1189,Savings,35854482,2026-09-23,SBY01,ACTIVE
6578,1102,Savings,27470415,2026-08-23,YGY01,ACTIVE
6579,1946,Time Deposit,443549840,2026-08-08,YGY01,ACTIVE
6580,9270,Savings,9767204,2027-01-08,SMG01,ACTIVE
6581,9850,Savings,12196995,2026-10-20,SBY01,ACTIVE
6582,964,Time Deposit,665316568,2026-04-13,SMG01,ACTIVE
6583,5976,Time Deposit,972860405,2026-11-30,SMG01,ACTIVE
6584,8078,Time Deposit,251664723,2026-12-21,MDN01,ACTIVE
6585,7634,Time Deposit,281961296,2027-02-17,JKT02,ACTIVE
6586,7513,Savings,28502494,2027-08-22,JKT01,ACTIVE
6587,3413,Time Deposit,674265554,2027-03-08,JKT01,ACTIVE
6588,5376,Savings,57421723,2026-11-05,SMG01,ACTIVE
6589,6790,Savings,121299807,2026-10-19,BDG01,ACTIVE
6590,9942,Savings,22171137,2027-06-15,MDN01,ACTIVE
6591,5740,Savings,80755465,2026-04-28,SMG01,ACTIVE
6592,8328,Savings,85003479,2027-10-07,SBY01,ACTIVE
6593,2120,Time Deposit,778968504,2026-08-10,JKT01,ACTIVE
6594,8081,Time Deposit,175592714,2026-10-16,JKT01,ACTIVE
6595,3982,Time Deposit,1135932262,2026-05-20,JKT02,ACTIVE
6596,8005,Savings,89342736,2027-10-05,BDG01,ACTIVE
6597,1929,Time Deposit,499724912,2026-04-06,BDG01,ACTIVE
6598,7869,Time Deposit,1006521938,2026-04-03,BDG01,ACTIVE
6599,8461,Savings,11968710,2028-03-11,SMG01,ACTIVE
6600,5274,Time Deposit,856967425,2026-08-07,YGY01,ACTIVE
6601,7226,Savings,12962350,2027-12-10,JKT02,ACTIVE
6602,5058,Savings,74324961,2027-12-20,SMG01,ACTIVE
6603,7603,Time Deposit,1203754251,2026-09-20,MDN01,ACTIVE
6604,2816,Time Deposit,261072756,2026-08-15,BDG01,ACTIVE
6605,7889,Time Deposit,1284670856,2027-02-10,JKT01,ACTIVE
6606,3428,Time Deposit,1564549364,2026-07-12,MDN01,ACTIVE
6607,621,Savings,27714399,2027-03-11,JKT02,ACTIVE
6608,3980,Time Deposit,528622327,2027-03-13,SBY01,ACTIVE
6609,6421,Savings,85267299,2028-01-30,SBY01,ACTIVE
6610,4268,Savings,5552716,2026-08-06,JKT02,ACTIVE
6611,5214,Savings,10288383,2027-07-07,SMG01,ACTIVE
6612,5870,Savings,51398778,2027-07-30,JKT02,ACTIVE
6613,1958,Time Deposit,1888303181,2027-01-11,YGY01,ACTIVE
6614,3530,Time Deposit,738831077,2027-01-17,YGY01,ACTIVE
6615,6365,Savings,68782509,2028-01-22,JKT01,ACTIVE
6616,7946,Savings,35505830,2026-12-19,BDG01,ACTIVE
6617,2032,Time Deposit,921486103,2027-02-06,JKT02,ACTIVE
6618,2001,Savings,10012613,2026-12-15,BDG01,ACTIVE
6619,8165,Savings,40996731,2026-07-14,YGY01,ACTIVE
6620,7975,Savings,225767589,2027-08-27,BDG01,ACTIVE
6621,6190,Time Deposit,239361019,2026-12-29,SBY01,ACTIVE
6622,28,Time Deposit,1022806583,2026-11-16,YGY01,ACTIVE
6623,1332,Time Deposit,1002598271,2026-04-17,JKT02,ACTIVE
6624,9830,Savings,13215917,2027-03-16,YGY01,ACTIVE
6625,2317,Savings,32443845,2027-08-09,SBY01,ACTIVE
6626,6412,Time Deposit,968966012,2026-04-07,YGY01,ACTIVE
6627,9594,Savings,5235642,2027-11-23,SBY01,ACTIVE
6628,4687,Savings,23598502,2027-03-11,YGY01,ACTIVE
6629,5879,Savings,14692603,2028-02-14,SBY01,ACTIVE
6630,9195,Savings,137924947,2027-04-21,MDN01,ACTIVE
6631,6450,Savings,78709423,2026-05-04,SBY01,ACTIVE
6632,6808,Savings,27879577,2028-03-03,JKT01,ACTIVE
6633,8450,Time Deposit,693700169,2026-07-01,JKT02,ACTIVE
6634,218,Time Deposit,562382484,2026-11-04,SMG01,ACTIVE
6635,2835,Savings,44638838,2027-10-22,JKT01,ACTIVE
6636,4128,Time Deposit,673779937,2026-04-14,JKT02,ACTIVE
6637,7263,Savings,59561528,2027-05-29,JKT02,ACTIVE
6638,5121,Savings,27011767,2026-04-24,BDG01,ACTIVE
6639,1367,Time Deposit,425429224,2026-05-21,MDN01,ACTIVE
6640,772,Savings,26555305,2026-11-29,SMG01,ACTIVE
6641,1600,Time Deposit,698194836,2026-08-04,MDN01,ACTIVE
6642,3793,Time Deposit,1020038180,2026-07-28,JKT02,ACTIVE
6643,9718,Time Deposit,1778176706,2026-10-14,SBY01,ACTIVE
6644,9366,Time Deposit,921563719,2026-10-21,SMG01,ACTIVE
6645,1285,Savings,233193966,2027-08-27,JKT02,ACTIVE
6646,4755,Savings,112140047,2027-07-22,YGY01,ACTIVE
6647,4982,Time Deposit,873249221,2026-08-15,JKT02,ACTIVE
6648,5120,Savings,19481732,2026-10-03,BDG01,ACTIVE
6649,6742,Savings,12061541,2027-03-26,YGY01,ACTIVE
6650,3494,Savings,34116751,2028-01-23,SMG01,ACTIVE
6651,5441,Time Deposit,743657032,2026-05-19,JKT01,ACTIVE
6652,5833,Savings,117664385,2027-04-06,YGY01,ACTIVE
6653,2819,Time Deposit,864560103,2027-01-27,MDN01,ACTIVE
6654,7298,Time Deposit,629243430,2026-07-27,JKT01,ACTIVE
6655,8783,Savings,31744669,2026-06-04,SMG01,ACTIVE
6656,286,Savings,14793776,2026-11-26,SMG01,ACTIVE
6657,2277,Savings,21650074,2027-04-19,YGY01,ACTIVE
6658,3775,Time Deposit,1044317715,2026-04-04,JKT01,ACTIVE
6659,8625,Time Deposit,651658340,2026-04-20,SMG01,ACTIVE
6660,5193,Time Deposit,905369528,2026-09-18,BDG01,ACTIVE
6661,7390,Time Deposit,1500694884,2027-01-24,BDG01,ACTIVE
6662,6336,Time Deposit,697716107,2026-12-19,MDN01,ACTIVE
6663,9911,Time Deposit,478720261,2026-10-27,JKT02,ACTIVE
6664,2514,Time Deposit,1132859659,2026-10-15,SBY01,ACTIVE
6665,5070,Savings,165647256,2027-07-13,MDN01,ACTIVE
6666,6671,Time Deposit,149921071,2027-02-16,MDN01,ACTIVE
6667,8040,Savings,91772989,2026-08-27,SMG01,ACTIVE
6668,1712,Time Deposit,1663482101,2027-01-22,JKT01,ACTIVE
6669,2875,Savings,17111490,2027-03-15,SMG01,ACTIVE
6670,1727,Savings,21073316,2026-07-24,YGY01,ACTIVE
6671,7142,Savings,184659345,2027-05-18,YGY01,ACTIVE
6672,5251,Time Deposit,745639323,2026-10-11,JKT01,ACTIVE
6673,5537,Savings,7041504,2027-03-11,MDN01,ACTIVE
6674,5021,Savings,136058394,2027-10-31,MDN01,ACTIVE
6675,4556,Savings,202265043,2028-03-01,MDN01,ACTIVE
6676,1192,Savings,99656297,2026-08-25,SBY01,ACTIVE
6677,9043,Time Deposit,346043890,2026-04-16,JKT02,ACTIVE
6678,9389,Savings,28021258,2028-03-14,MDN01,ACTIVE
6679,9414,Savings,44350538,2026-12-09,BDG01,ACTIVE
6680,4843,Savings,97087695,2026-11-19,SBY01,ACTIVE
6681,8398,Savings,194894413,2026-07-22,JKT01,ACTIVE
6682,6404,Time Deposit,424537071,2027-01-12,SBY01,ACTIVE
6683,827,Time Deposit,380748576,2027-01-20,SMG01,ACTIVE
6684,8584,Savings,35266728,2026-07-27,SMG01,ACTIVE
6685,6803,Savings,125190332,2027-09-22,JKT02,ACTIVE
6686,6926,Savings,16253679,2026-09-06,YGY01,ACTIVE
6687,8306,Time Deposit,411847862,2027-02-17,JKT01,ACTIVE
6688,5157,Time Deposit,976240457,2026-04-14,BDG01,ACTIVE
6689,5943,Savings,66183449,2026-12-02,MDN01,ACTIVE
6690,6092,Savings,17039099,2026-12-22,JKT02,ACTIVE
6691,9235,Time Deposit,222150618,2026-08-17,JKT02,ACTIVE
6692,7012,Time Deposit,1604219044,2027-01-01,MDN01,ACTIVE
6693,7151,Savings,101537629,2027-04-02,SMG01,ACTIVE
6694,3923,Time Deposit,1428391950,2026-11-14,JKT01,ACTIVE
6695,5077,Savings,81787218,2027-07-11,SBY01,ACTIVE
6696,4695,Savings,10465425,2027-03-04,SMG01,ACTIVE
6697,9702,Savings,56996530,2027-05-31,JKT02,ACTIVE
6698,6529,Time Deposit,398319112,2026-10-18,YGY01,ACTIVE
6699,1115,Savings,21095603,2027-11-15,JKT02,ACTIVE
6700,5619,Time Deposit,773850726,2027-03-16,BDG01,ACTIVE
6701,370,Savings,132607985,2026-05-31,MDN01,ACTIVE
6702,5175,Time Deposit,296909697,2027-01-09,MDN01,ACTIVE
6703,5466,Savings,12488676,2028-01-30,JKT02,ACTIVE
6704,3761,Savings,81869302,2027-09-18,YGY01,ACTIVE
6705,3162,Time Deposit,274757703,2026-03-31,BDG01,ACTIVE
6706,6129,Savings,11686046,2028-01-06,JKT02,ACTIVE
6707,5079,Savings,47861912,2027-03-28,SBY01,ACTIVE
6708,4541,Savings,19350899,2027-06-07,SMG01,ACTIVE
6709,5215,Savings,14102103,2028-02-04,JKT02,ACTIVE
6710,7571,Time Deposit,695112690,2026-05-14,YGY01,ACTIVE
6711,9961,Savings,184332603,2027-08-28,JKT02,ACTIVE
6712,1876,Savings,97612074,2027-02-19,YGY01,ACTIVE
6713,523,Savings,131711656,2027-02-26,BDG01,ACTIVE
6714,5649,Time Deposit,782941485,2026-06-13,JKT01,ACTIVE
6715,5255,Savings,17695726,2027-04-15,SMG01,ACTIVE
6716,5834,Savings,8507116,2027-03-04,SBY01,ACTIVE
6717,9894,Savings,31067582,2027-01-03,MDN01,ACTIVE
6718,2765,Savings,27928406,2027-11-13,SBY01,ACTIVE
6719,799,Savings,29695588,2027-03-01,JKT02,ACTIVE
6720,6769,Savings,4473868,2026-08-16,SMG01,ACTIVE
6721,480,Savings,12590124,2027-05-01,JKT02,ACTIVE
6722,9042,Savings,24345834,2026-08-22,YGY01,ACTIVE
6723,1510,Savings,11721462,2026-11-25,SBY01,ACTIVE
6724,4166,Savings,22336365,2026-09-21,MDN01,ACTIVE
6725,9912,Savings,44616666,2027-04-08,BDG01,ACTIVE
6726,3683,Savings,23539020,2028-01-27,SBY01,ACTIVE
6727,7840,Savings,10146532,2026-06-03,SBY01,ACTIVE
6728,472,Time Deposit,432891248,2026-10-08,MDN01,ACTIVE
6729,8805,Time Deposit,1757673922,2026-07-28,SMG01,ACTIVE
6730,8814,Time Deposit,573293935,2026-09-22,YGY01,ACTIVE
6731,7030,Time Deposit,1202897699,2026-11-20,JKT01,ACTIVE
6732,9745,Savings,72631615,2028-03-07,MDN01,ACTIVE
6733,8766,Savings,33067499,2028-02-01,SBY01,ACTIVE
6734,6198,Savings,26483289,2027-08-11,YGY01,ACTIVE
6735,8217,Savings,20641448,2027-03-17,YGY01,ACTIVE
6736,5091,Savings,53666300,2026-08-15,SMG01,ACTIVE
6737,6323,Savings,11299411,2026-11-11,SBY01,ACTIVE
6738,5230,Savings,133716957,2026-06-23,SMG01,ACTIVE
6739,3654,Savings,33318642,2026-10-13,YGY01,ACTIVE
6740,1060,Time Deposit,1409218409,2026-08-10,SBY01,ACTIVE
6741,7095,Savings,121691982,2027-02-07,JKT01,ACTIVE
6742,4366,Savings,16672777,2027-03-28,YGY01,ACTIVE
6743,5938,Time Deposit,367137943,2026-11-13,JKT01,ACTIVE
6744,8896,Time Deposit,934208850,2026-05-02,BDG01,ACTIVE
6745,4252,Savings,7024121,2026-09-07,YGY01,ACTIVE
6746,8612,Time Deposit,351365837,2026-11-27,YGY01,ACTIVE
6747,9638,Savings,44650537,2027-06-22,JKT02,ACTIVE
6748,9013,Savings,33888303,2027-01-21,SBY01,ACTIVE
6749,46,Savings,9013873,2026-05-03,MDN01,ACTIVE
6750,3714,Savings,25963254,2026-09-22,SMG01,ACTIVE
6751,1287,Savings,65834687,2026-12-10,SBY01,ACTIVE
6752,1342,Time Deposit,922025633,2026-07-27,BDG01,ACTIVE
6753,1416,Savings,145451853,2027-09-08,SBY01,ACTIVE
6754,2275,Savings,21726453,2027-05-23,JKT02,ACTIVE
6755,9944,Savings,20333884,2026-11-07,JKT01,ACTIVE
6756,5900,Savings,20079529,2026-10-28,BDG01,ACTIVE
6757,5918,Savings,40237345,2027-09-13,JKT02,ACTIVE
6758,6755,Savings,36607472,2027-01-28,SBY01,ACTIVE
6759,5298,Savings,25755703,2026-09-06,BDG01,ACTIVE
6760,3323,Savings,8411707,2027-09-30,SBY01,ACTIVE
6761,5385,Time Deposit,381607863,2026-05-31,YGY01,ACTIVE
6762,4959,Savings,26188140,2027-09-28,JKT02,ACTIVE
6763,6450,Savings,69290081,2027-07-27,BDG01,ACTIVE
6764,3069,Time Deposit,704024198,2026-11-27,JKT01,ACTIVE
6765,3737,Savings,30489798,2026-05-12,YGY01,ACTIVE
6766,9260,Time Deposit,555099450,2026-09-27,JKT02,ACTIVE
6767,1820,Time Deposit,758000376,2026-11-01,YGY01,ACTIVE
6768,6215,Time Deposit,367873683,2026-06-19,MDN01,ACTIVE
6769,6428,Time Deposit,1678103038,2026-08-20,MDN01,ACTIVE
6770,1049,Time Deposit,893709802,2026-11-27,YGY01,ACTIVE
6771,5549,Savings,44749799,2027-04-14,MDN01,ACTIVE
6772,2027,Savings,10964241,2027-01-22,YGY01,ACTIVE
6773,7774,Savings,108913986,2027-03-31,SBY01,ACTIVE
6774,6087,Savings,83210798,2026-12-06,SBY01,ACTIVE
6775,2134,Savings,188892674,2027-11-25,YGY01,ACTIVE
6776,3464,Savings,11805511,2027-01-20,SMG01,ACTIVE
6777,9489,Time Deposit,558731055,2026-06-20,SBY01,ACTIVE
6778,9078,Savings,20882303,2028-02-08,MDN01,ACTIVE
6779,8967,Savings,65804287,2026-06-01,JKT01,ACTIVE
6780,5817,Time Deposit,919487707,2026-12-17,BDG01,ACTIVE
6781,2341,Savings,200039289,2026-08-30,SMG01,ACTIVE
6782,4883,Savings,37697068,2027-04-13,JKT02,ACTIVE
6783,5120,Time Deposit,461904750,2026-04-11,SBY01,ACTIVE
6784,6655,Savings,72786756,2027-09-02,BDG01,ACTIVE
6785,5580,Savings,50072277,2026-08-26,SBY01,ACTIVE
6786,8380,Time Deposit,322329127,2026-06-03,BDG01,ACTIVE
6787,4000,Savings,26579839,2027-11-21,MDN01,ACTIVE
6788,6017,Savings,20162228,2026-05-08,BDG01,ACTIVE
6789,6692,Time Deposit,643842119,2026-04-13,BDG01,ACTIVE
6790,382,Savings,25316811,2026-07-29,BDG01,ACTIVE
6791,5871,Savings,15969419,2026-06-16,JKT02,ACTIVE
6792,9340,Savings,158853121,2026-09-27,SBY01,ACTIVE
6793,9772,Time Deposit,160368735,2027-03-02,BDG01,ACTIVE
6794,399,Time Deposit,636205041,2026-12-04,YGY01,ACTIVE
6795,1046,Time Deposit,659245187,2026-08-03,SBY01,ACTIVE
6796,1491,Time Deposit,368152144,2026-08-12,JKT01,ACTIVE
6797,5614,Savings,13264269,2027-11-27,SBY01,ACTIVE
6798,3650,Savings,158838869,2026-08-13,BDG01,ACTIVE
6799,7398,Savings,203824413,2026-06-19,SBY01,ACTIVE
6800,2996,Time Deposit,709919642,2027-01-26,SMG01,ACTIVE
6801,1304,Savings,15302146,2027-07-31,JKT01,ACTIVE
6802,408,Time Deposit,1444665220,2027-01-07,SMG01,ACTIVE
6803,4169,Time Deposit,586592899,2026-12-07,MDN01,ACTIVE
6804,3535,Time Deposit,1083898794,2027-01-02,SMG01,ACTIVE
6805,4634,Savings,28952688,2026-10-30,JKT01,ACTIVE
6806,6887,Savings,196215560,2027-08-12,YGY01,ACTIVE
6807,5532,Time Deposit,173293392,2026-09-09,YGY01,ACTIVE
6808,5579,Savings,162332149,2026-04-21,JKT01,ACTIVE
6809,7346,Time Deposit,1627562384,2026-06-23,JKT01,ACTIVE
6810,4096,Savings,4080473,2028-02-10,SBY01,ACTIVE
6811,4923,Savings,18733587,2027-06-15,YGY01,ACTIVE
6812,855,Time Deposit,731009953,2026-04-14,JKT02,ACTIVE
6813,8581,Savings,25673271,2026-10-13,SMG01,ACTIVE
6814,4054,Time Deposit,1002369373,2026-04-02,JKT02,ACTIVE
6815,4379,Time Deposit,1489814613,2026-06-17,YGY01,ACTIVE
6816,8791,Time Deposit,716030288,2026-09-24,JKT01,ACTIVE
6817,6298,Savings,27573855,2027-03-03,MDN01,ACTIVE
6818,7848,Savings,74013627,2027-08-01,JKT02,ACTIVE
6819,5834,Savings,10020973,2027-08-07,SMG01,ACTIVE
6820,1962,Savings,100170763,2026-08-02,JKT02,ACTIVE
6821,2211,Savings,75019840,2027-03-16,JKT02,ACTIVE
6822,4280,Savings,60276261,2027-10-19,MDN01,ACTIVE
6823,1067,Savings,36129629,2026-05-01,SBY01,ACTIVE
6824,2116,Savings,78616779,2027-11-10,MDN01,ACTIVE
6825,610,Time Deposit,476143775,2026-06-24,JKT01,ACTIVE
6826,1363,Time Deposit,1281589537,2027-03-15,YGY01,ACTIVE
6827,8157,Savings,59504528,2026-07-21,JKT01,ACTIVE
6828,781,Savings,132217392,2027-03-21,JKT02,ACTIVE
6829,9079,Savings,40168094,2026-06-06,JKT01,ACTIVE
6830,5911,Savings,6429062,2028-01-18,MDN01,ACTIVE
6831,4654,Savings,4522044,2027-04-30,MDN01,ACTIVE
6832,1239,Time Deposit,446158510,2026-09-12,JKT01,ACTIVE
6833,6661,Savings,28898122,2026-09-27,MDN01,ACTIVE
6834,8549,Savings,48152016,2026-10-02,SMG01,ACTIVE
6835,4588,Time Deposit,296184147,2026-12-22,JKT02,ACTIVE
6836,3973,Time Deposit,227719078,2026-04-28,SMG01,ACTIVE
6837,4889,Savings,16835177,2027-12-09,JKT01,ACTIVE
6838,2848,Time Deposit,984103167,2026-05-25,SMG01,ACTIVE
6839,938,Savings,24554057,2026-08-18,BDG01,ACTIVE
6840,3833,Time Deposit,1351700042,2026-05-31,YGY01,ACTIVE
6841,4989,Time Deposit,448490194,2027-01-14,BDG01,ACTIVE
6842,5591,Time Deposit,436050378,2026-07-31,BDG01,ACTIVE
6843,9307,Savings,65285670,2027-03-24,JKT02,ACTIVE
6844,9598,Savings,12990604,2027-08-12,SMG01,ACTIVE
6845,9802,Time Deposit,470721464,2026-07-26,MDN01,ACTIVE
6846,1920,Time Deposit,1246593372,2026-11-29,BDG01,ACTIVE
6847,139,Time Deposit,1384360066,2026-05-05,SBY01,ACTIVE
6848,5546,Savings,100982552,2028-02-06,SBY01,ACTIVE
6849,9300,Savings,35957339,2028-01-20,MDN01,ACTIVE
6850,6715,Savings,13777747,2027-11-01,JKT01,ACTIVE
6851,1001,Savings,104700055,2026-07-10,SBY01,ACTIVE
6852,9815,Savings,17206237,2027-08-11,SBY01,ACTIVE
6853,9967,Savings,8623503,2027-07-31,JKT01,ACTIVE
6854,585,Time Deposit,885557420,2026-04-17,BDG01,ACTIVE
6855,1724,Time Deposit,738828159,2026-11-28,JKT02,ACTIVE
6856,9203,Time Deposit,719832152,2026-10-16,SMG01,ACTIVE
6857,1440,Time Deposit,818287886,2026-11-25,SMG01,ACTIVE
6858,214,Time Deposit,1625440835,2027-02-27,YGY01,ACTIVE
6859,5642,Time Deposit,1594345693,2026-11-05,SMG01,ACTIVE
6860,8,Time Deposit,288912616,2026-08-11,MDN01,ACTIVE
6861,4701,Savings,27707967,2027-02-13,SMG01,ACTIVE
6862,992,Savings,37616178,2027-12-10,BDG01,ACTIVE
6863,2810,Savings,9611114,2027-05-28,JKT02,ACTIVE
6864,4160,Savings,186147714,2026-07-22,SMG01,ACTIVE
6865,9634,Savings,26347786,2026-12-04,SMG01,ACTIVE
6866,8812,Savings,12415770,2028-01-05,MDN01,ACTIVE
6867,3049,Savings,193202585,2026-10-16,SMG01,ACTIVE
6868,7433,Time Deposit,210342184,2026-11-22,SBY01,ACTIVE
6869,9935,Time Deposit,663731423,2026-12-29,SMG01,ACTIVE
6870,6069,Time Deposit,905737445,2026-10-17,JKT01,ACTIVE
6871,585,Savings,57306262,2028-03-04,MDN01,ACTIVE
6872,4968,Savings,30241544,2027-10-20,SBY01,ACTIVE
6873,6605,Time Deposit,689626981,2026-12-24,MDN01,ACTIVE
6874,8485,Savings,175091968,2026-06-13,SMG01,ACTIVE
6875,577,Time Deposit,1037011768,2026-06-11,YGY01,ACTIVE
6876,3206,Savings,30991800,2026-06-07,SMG01,ACTIVE
6877,6431,Time Deposit,796672607,2027-02-18,BDG01,ACTIVE
6878,261,Time Deposit,265470938,2026-10-13,MDN01,ACTIVE
6879,3968,Savings,91129163,2026-04-16,SBY01,ACTIVE
6880,5214,Savings,30400513,2026-10-18,YGY01,ACTIVE
6881,3650,Savings,64803420,2027-09-14,SMG01,ACTIVE
6882,7703,Savings,10342909,2028-01-28,SMG01,ACTIVE
6883,2630,Savings,11175824,2026-08-10,SMG01,ACTIVE
6884,269,Time Deposit,636935571,2026-10-27,MDN01,ACTIVE
6885,7783,Savings,17101167,2026-09-01,JKT02,ACTIVE
6886,9447,Savings,46041343,2026-12-05,JKT01,ACTIVE
6887,5707,Savings,36044215,2026-10-31,YGY01,ACTIVE
6888,563,Time Deposit,621458020,2026-06-02,YGY01,ACTIVE
6889,8459,Time Deposit,270702127,2026-04-10,BDG01,ACTIVE
6890,5329,Time Deposit,449032590,2026-06-26,JKT02,ACTIVE
6891,831,Time Deposit,1082743554,2026-08-28,MDN01,ACTIVE
6892,2712,Savings,33144972,2027-05-07,BDG01,ACTIVE
6893,522,Time Deposit,176502592,2026-04-15,JKT01,ACTIVE
6894,4879,Time Deposit,704502080,2026-12-17,JKT02,ACTIVE
6895,4385,Savings,42562159,2026-09-08,JKT01,ACTIVE
6896,1446,Time Deposit,726086114,2026-09-10,YGY01,ACTIVE
6897,1436,Time Deposit,640691032,2026-12-03,MDN01,ACTIVE
6898,9220,Time Deposit,517062318,2027-01-18,BDG01,ACTIVE
6899,7142,Time Deposit,1192140794,2026-05-23,MDN01,ACTIVE
6900,7585,Savings,57451953,2027-07-18,JKT02,ACTIVE
6901,3686,Time Deposit,353658415,2027-01-29,SBY01,ACTIVE
6902,2439,Savings,74518845,2027-07-18,YGY01,ACTIVE
6903,7193,Savings,11940797,2026-09-13,YGY01,ACTIVE
6904,8896,Savings,23165703,2026-08-03,JKT01,ACTIVE
6905,84,Time Deposit,478385175,2026-05-10,YGY01,ACTIVE
6906,4975,Savings,113713981,2027-03-18,YGY01,ACTIVE
6907,4622,Time Deposit,235936814,2026-07-09,MDN01,ACTIVE
6908,7727,Savings,56050647,2027-06-08,BDG01,ACTIVE
6909,5114,Savings,19514170,2027-09-19,YGY01,ACTIVE
6910,8211,Time Deposit,1418878110,2026-04-11,SBY01,ACTIVE
6911,678,Time Deposit,477647186,2026-09-28,BDG01,ACTIVE
6912,6909,Time Deposit,302900661,2026-08-13,SMG01,ACTIVE
6913,1945,Savings,137443196,2027-10-15,JKT02,ACTIVE
6914,8373,Time Deposit,417379227,2026-04-29,YGY01,ACTIVE
6915,5513,Savings,198563209,2027-01-19,BDG01,ACTIVE
6916,2060,Savings,35081688,2027-10-01,BDG01,ACTIVE
6917,6898,Time Deposit,451224338,2026-05-13,JKT01,ACTIVE
6918,5158,Savings,18337466,2027-07-06,SBY01,ACTIVE
6919,7297,Savings,18378791,2026-04-16,YGY01,ACTIVE
6920,1936,Savings,6497420,2027-06-23,YGY01,ACTIVE
6921,5242,Savings,10737113,2026-11-09,SMG01,ACTIVE
6922,7360,Savings,35183509,2026-12-09,SBY01,ACTIVE
6923,37,Savings,212926429,2027-12-15,SMG01,ACTIVE
6924,1778,Time Deposit,1153846412,2026-06-07,BDG01,ACTIVE
6925,5741,Savings,51589602,2027-12-31,YGY01,ACTIVE
6926,6810,Savings,116366648,2027-08-13,MDN01,ACTIVE
6927,6827,Savings,32664244,2026-05-07,MDN01,ACTIVE
6928,6264,Time Deposit,315833622,2026-10-03,JKT02,ACTIVE
6929,800,Savings,13332599,2027-09-01,JKT01,ACTIVE
6930,5494,Savings,15437295,2026-08-30,JKT02,ACTIVE
6931,8675,Savings,10673989,2027-10-09,BDG01,ACTIVE
6932,4109,Time Deposit,707301371,2026-09-29,YGY01,ACTIVE
6933,4194,Savings,4785989,2026-10-20,MDN01,ACTIVE
6934,7156,Time Deposit,166386679,2026-05-01,JKT02,ACTIVE
6935,8271,Savings,39279496,2026-10-30,SBY01,ACTIVE
6936,3000,Savings,219673352,2026-09-25,YGY01,ACTIVE
6937,794,Savings,22287435,2027-07-15,SBY01,ACTIVE
6938,6420,Savings,88567509,2027-08-13,YGY01,ACTIVE
6939,8682,Time Deposit,1179497016,2026-06-01,MDN01,ACTIVE
6940,2475,Time Deposit,244702711,2027-02-12,JKT01,ACTIVE
6941,2469,Time Deposit,407019654,2026-08-01,YGY01,ACTIVE
6942,5929,Time Deposit,220204756,2026-12-12,JKT02,ACTIVE
6943,5788,Savings,26779069,2026-10-14,YGY01,ACTIVE
6944,167,Time Deposit,166643794,2027-02-23,JKT01,ACTIVE
6945,2142,Savings,30881066,2026-12-03,JKT02,ACTIVE
6946,4087,Savings,33311668,2027-02-03,YGY01,ACTIVE
6947,6103,Savings,18525806,2026-11-11,SBY01,ACTIVE
6948,4795,Savings,49418048,2026-10-05,BDG01,ACTIVE
6949,3327,Savings,93490750,2027-03-19,YGY01,ACTIVE
6950,3668,Savings,39054424,2027-10-20,BDG01,ACTIVE
6951,4795,Time Deposit,707515817,2026-04-21,BDG01,ACTIVE
6952,694,Savings,35978478,2026-07-18,SBY01,ACTIVE
6953,5041,Savings,15287211,2027-12-05,SMG01,ACTIVE
6954,9721,Time Deposit,265371152,2026-07-03,MDN01,ACTIVE
6955,9451,Savings,95517378,2026-10-09,BDG01,ACTIVE
6956,4972,Time Deposit,806133538,2027-01-24,MDN01,ACTIVE
6957,6600,Savings,88653817,2027-01-17,SBY01,ACTIVE
6958,9494,Savings,16209240,2026-12-08,JKT01,ACTIVE
6959,3848,Savings,5390303,2027-11-10,JKT02,ACTIVE
6960,2702,Savings,23232755,2027-08-13,MDN01,ACTIVE
6961,4403,Savings,42038207,2026-11-03,JKT02,ACTIVE
6962,9403,Savings,19856208,2027-11-27,JKT01,ACTIVE
6963,5548,Time Deposit,837395978,2027-01-18,JKT01,ACTIVE
6964,3641,Time Deposit,1654604966,2027-01-23,YGY01,ACTIVE
6965,6496,Time Deposit,1004215972,2026-08-19,SBY01,ACTIVE
6966,8274,Time Deposit,1519234961,2026-05-29,JKT01,ACTIVE
6967,8685,Savings,32348593,2027-01-16,SBY01,ACTIVE
6968,4549,Savings,16360690,2027-06-21,SMG01,ACTIVE
6969,2136,Time Deposit,557891331,2026-12-17,JKT01,ACTIVE
6970,292,Time Deposit,733458372,2026-04-02,MDN01,ACTIVE
6971,4418,Savings,94721776,2027-11-10,JKT02,ACTIVE
6972,1370,Savings,79027409,2026-06-01,BDG01,ACTIVE
6973,2823,Savings,112457995,2027-03-15,SMG01,ACTIVE
6974,206,Savings,14230494,2026-10-06,YGY01,ACTIVE
6975,3104,Time Deposit,133856824,2026-11-18,BDG01,ACTIVE
6976,3638,Savings,24384924,2027-03-14,SBY01,ACTIVE
6977,5523,Savings,27847435,2027-08-11,SBY01,ACTIVE
6978,243,Time Deposit,554720966,2026-07-31,JKT02,ACTIVE
6979,9582,Savings,21911787,2026-08-31,MDN01,ACTIVE
6980,5435,Time Deposit,347417684,2026-06-02,JKT02,ACTIVE
6981,8249,Savings,25664908,2026-07-06,MDN01,ACTIVE
6982,5572,Savings,35376302,2026-05-31,JKT01,ACTIVE
6983,7842,Savings,28030938,2027-05-15,JKT02,ACTIVE
6984,5410,Savings,11722969,2026-10-03,JKT02,ACTIVE
6985,6623,Savings,40834909,2028-01-21,YGY01,ACTIVE
6986,2121,Savings,213952147,2027-12-13,BDG01,ACTIVE
6987,2739,Savings,31162912,2026-10-08,YGY01,ACTIVE
6988,1386,Time Deposit,272910462,2026-12-01,JKT02,ACTIVE
6989,5056,Savings,11531087,2027-02-21,MDN01,ACTIVE
6990,2343,Savings,5404888,2028-03-03,JKT02,ACTIVE
6991,1792,Savings,46377819,2027-05-04,JKT01,ACTIVE
6992,5030,Time Deposit,1974307176,2026-09-28,SMG01,ACTIVE
6993,2130,Time Deposit,694277711,2026-05-06,YGY01,ACTIVE
6994,4597,Savings,30842193,2027-09-16,YGY01,ACTIVE
6995,8760,Savings,160815380,2026-07-09,MDN01,ACTIVE
6996,7466,Time Deposit,1642704640,2026-08-25,MDN01,ACTIVE
6997,9101,Savings,12433272,2026-10-06,SMG01,ACTIVE
6998,4396,Savings,164708767,2027-09-01,BDG01,ACTIVE
6999,1610,Savings,18955383,2026-09-14,JKT01,ACTIVE
7000,7631,Savings,18385908,2027-01-08,SMG01,ACTIVE
7001,5517,Time Deposit,1396973961,2027-02-04,JKT02,ACTIVE
7002,6129,Savings,16835285,2027-04-26,YGY01,ACTIVE
7003,837,Time Deposit,302595387,2027-01-29,BDG01,ACTIVE
7004,2847,Savings,8882445,2027-12-20,MDN01,ACTIVE
7005,4671,Savings,9046795,2027-11-11,JKT02,ACTIVE
7006,1635,Savings,104325656,2026-12-30,SMG01,ACTIVE
7007,2123,Time Deposit,849840445,2026-11-15,MDN01,ACTIVE
7008,6344,Time Deposit,239206757,2027-01-02,BDG01,ACTIVE
7009,931,Time Deposit,671351448,2026-05-09,JKT01,ACTIVE
7010,8658,Time Deposit,295340557,2026-05-28,JKT02,ACTIVE
7011,8608,Savings,91569232,2027-05-10,MDN01,ACTIVE
7012,7450,Savings,191341125,2027-07-12,JKT01,ACTIVE
7013,3554,Savings,33888608,2026-07-19,BDG01,ACTIVE
7014,6237,Savings,52937247,2026-12-06,YGY01,ACTIVE
7015,9031,Savings,97638220,2028-01-22,MDN01,ACTIVE
7016,7979,Savings,8346811,2027-03-24,YGY01,ACTIVE
7017,5549,Savings,73073254,2026-12-19,MDN01,ACTIVE
7018,2594,Savings,11227686,2026-10-29,YGY01,ACTIVE
7019,6638,Savings,136048972,2028-02-14,JKT02,ACTIVE
7020,1325,Savings,39397311,2026-12-04,YGY01,ACTIVE
7021,5446,Savings,59203184,2027-06-29,YGY01,ACTIVE
7022,9690,Time Deposit,331446572,2026-10-18,MDN01,ACTIVE
7023,9787,Time Deposit,525159773,2027-02-23,SBY01,ACTIVE
7024,4234,Savings,108775151,2028-01-14,SMG01,ACTIVE
7025,9707,Time Deposit,418671321,2027-01-01,SBY01,ACTIVE
7026,8038,Time Deposit,1285419062,2026-12-16,YGY01,ACTIVE
7027,4562,Time Deposit,429461583,2026-05-20,SMG01,ACTIVE
7028,1689,Savings,39194863,2026-07-06,JKT01,ACTIVE
7029,9694,Savings,38786349,2027-02-21,SMG01,ACTIVE
7030,6519,Savings,10156228,2026-04-29,YGY01,ACTIVE
7031,5711,Savings,46229764,2026-10-26,JKT02,ACTIVE
7032,6197,Savings,12692724,2027-09-09,MDN01,ACTIVE
7033,3984,Time Deposit,1168691822,2026-04-28,MDN01,ACTIVE
7034,9255,Time Deposit,549188608,2026-04-06,YGY01,ACTIVE
7035,3985,Savings,10332385,2026-10-07,JKT02,ACTIVE
7036,6024,Time Deposit,964926123,2027-02-05,JKT01,ACTIVE
7037,8271,Savings,15063366,2027-02-25,MDN01,ACTIVE
7038,7666,Time Deposit,835783990,2026-10-14,BDG01,ACTIVE
7039,8303,Time Deposit,636950999,2026-10-28,YGY01,ACTIVE
7040,3340,Time Deposit,226165349,2026-10-29,YGY01,ACTIVE
7041,3763,Time Deposit,545767958,2026-06-16,SBY01,ACTIVE
7042,5863,Savings,12139759,2027-01-28,SBY01,ACTIVE
7043,34,Savings,16173255,2026-04-28,YGY01,ACTIVE
7044,5329,Time Deposit,586283260,2027-03-03,JKT02,ACTIVE
7045,9124,Savings,141632443,2027-01-13,SMG01,ACTIVE
7046,4632,Savings,183706127,2026-05-06,BDG01,ACTIVE
7047,2119,Time Deposit,1150472529,2027-02-01,JKT02,ACTIVE
7048,1005,Savings,25890319,2027-02-27,YGY01,ACTIVE
7049,8796,Savings,18785309,2026-09-10,JKT02,ACTIVE
7050,7398,Savings,35269064,2026-07-11,JKT01,ACTIVE
7051,6658,Savings,18446778,2027-11-08,SMG01,ACTIVE
7052,6328,Savings,19701682,2026-06-24,JKT02,ACTIVE
7053,8474,Time Deposit,279060200,2026-05-19,BDG01,ACTIVE
7054,7591,Savings,44378554,2026-06-02,YGY01,ACTIVE
7055,7483,Time Deposit,1006270253,2027-01-13,SBY01,ACTIVE
7056,6784,Savings,24726063,2026-09-20,MDN01,ACTIVE
7057,339,Savings,175531915,2027-07-27,YGY01,ACTIVE
7058,6747,Time Deposit,348238713,2026-08-01,JKT01,ACTIVE
7059,9708,Savings,40607688,2027-03-23,JKT02,ACTIVE
7060,771,Time Deposit,1346234648,2027-02-17,BDG01,ACTIVE
7061,1397,Time Deposit,324195863,2026-07-31,JKT02,ACTIVE
7062,4765,Savings,177466351,2026-10-14,MDN01,ACTIVE
7063,6804,Savings,96547562,2026-09-18,JKT02,ACTIVE
7064,2267,Savings,157540251,2027-05-01,JKT01,ACTIVE
7065,5834,Savings,13188788,2027-01-05,SMG01,ACTIVE
7066,2208,Time Deposit,1603136622,2027-03-06,BDG01,ACTIVE
7067,7495,Time Deposit,236899500,2026-10-29,JKT01,ACTIVE
7068,7995,Savings,49609493,2027-09-21,SBY01,ACTIVE
7069,9457,Time Deposit,537588081,2026-07-23,MDN01,ACTIVE
7070,310,Time Deposit,956724616,2026-06-16,YGY01,ACTIVE
7071,8876,Savings,14921211,2027-01-07,SMG01,ACTIVE
7072,2399,Savings,57788620,2026-05-18,JKT01,ACTIVE
7073,8238,Time Deposit,648116781,2027-01-04,JKT01,ACTIVE
7074,66,Savings,31408651,2027-11-04,SMG01,ACTIVE
7075,1265,Time Deposit,688085523,2026-07-27,MDN01,ACTIVE
7076,9861,Time Deposit,756707887,2026-09-19,SMG01,ACTIVE
7077,4314,Savings,223442703,2026-09-07,MDN01,ACTIVE
7078,1313,Time Deposit,739717060,2026-06-06,JKT02,ACTIVE
7079,4198,Savings,8323322,2028-01-26,BDG01,ACTIVE
7080,9525,Savings,87820302,2027-04-21,SBY01,ACTIVE
7081,8239,Time Deposit,573853694,2026-11-17,SBY01,ACTIVE
7082,128,Time Deposit,293176389,2027-02-20,JKT02,ACTIVE
7083,3583,Savings,11866586,2027-02-18,JKT02,ACTIVE
7084,1250,Time Deposit,720416026,2027-02-09,SMG01,ACTIVE
7085,8340,Time Deposit,1513001266,2027-01-15,JKT01,ACTIVE
7086,2485,Savings,57836440,2027-01-07,SBY01,ACTIVE
7087,4341,Savings,28567472,2026-09-15,YGY01,ACTIVE
7088,8321,Time Deposit,747411716,2026-11-29,BDG01,ACTIVE
7089,7456,Savings,23063687,2026-07-29,SBY01,ACTIVE
7090,8281,Savings,207282115,2027-06-26,JKT01,ACTIVE
7091,1477,Time Deposit,1364382941,2027-03-16,SBY01,ACTIVE
7092,9204,Time Deposit,293290021,2027-01-24,SBY01,ACTIVE
7093,3798,Savings,101772391,2026-09-23,SBY01,ACTIVE
7094,3689,Savings,23386137,2026-05-26,JKT02,ACTIVE
7095,5541,Savings,80660603,2027-07-24,MDN01,ACTIVE
7096,2981,Savings,27976593,2027-10-24,JKT02,ACTIVE
7097,3329,Savings,87574995,2027-05-08,JKT02,ACTIVE
7098,2951,Time Deposit,1178063669,2026-06-26,JKT01,ACTIVE
7099,481,Savings,62597704,2027-09-20,JKT02,ACTIVE
7100,3636,Time Deposit,210362432,2027-03-11,SMG01,ACTIVE
7101,780,Savings,24773046,2026-10-09,YGY01,ACTIVE
7102,463,Savings,151582417,2026-12-03,BDG01,ACTIVE
7103,1583,Time Deposit,665245571,2026-09-19,YGY01,ACTIVE
7104,8503,Time Deposit,874185932,2026-12-09,SBY01,ACTIVE
7105,5742,Savings,38958608,2026-06-02,JKT02,ACTIVE
7106,7231,Savings,16526113,2026-10-27,JKT02,ACTIVE
7107,492,Time Deposit,955249348,2026-04-09,MDN01,ACTIVE
7108,279,Savings,36802581,2027-04-19,JKT02,ACTIVE
7109,1795,Savings,13194422,2027-11-19,SMG01,ACTIVE
7110,3400,Savings,197718261,2027-06-28,YGY01,ACTIVE
7111,1613,Savings,58681763,2027-05-13,JKT02,ACTIVE
7112,712,Time Deposit,778730920,2027-01-03,JKT01,ACTIVE
7113,4340,Savings,148247298,2027-01-17,MDN01,ACTIVE
7114,9663,Savings,22424908,2028-03-15,JKT01,ACTIVE
7115,6671,Time Deposit,538675318,2026-09-12,JKT01,ACTIVE
7116,4013,Savings,237155961,2027-03-07,YGY01,ACTIVE
7117,8697,Time Deposit,657018718,2026-12-03,JKT01,ACTIVE
7118,2730,Time Deposit,152170894,2026-09-02,JKT01,ACTIVE
7119,3649,Savings,104653162,2027-10-08,SBY01,ACTIVE
7120,7987,Time Deposit,81737577,2026-12-27,BDG01,ACTIVE
7121,2716,Savings,99078697,2027-12-17,JKT02,ACTIVE
7122,8067,Savings,15663517,2028-02-28,JKT02,ACTIVE
7123,5194,Savings,10061656,2027-03-12,YGY01,ACTIVE
7124,2978,Time Deposit,367067672,2027-02-28,JKT02,ACTIVE
7125,4323,Time Deposit,335976087,2026-07-14,SBY01,ACTIVE
7126,9763,Savings,23361537,2026-05-24,MDN01,ACTIVE
7127,5021,Savings,107315660,2027-05-25,SBY01,ACTIVE
7128,8285,Savings,7319926,2027-12-29,MDN01,ACTIVE
7129,4448,Savings,26350442,2026-04-29,BDG01,ACTIVE
7130,8966,Time Deposit,173021714,2026-09-19,BDG01,ACTIVE
7131,5939,Savings,6346268,2027-11-29,BDG01,ACTIVE
7132,5754,Savings,35742383,2028-01-02,MDN01,ACTIVE
7133,6097,Savings,15387476,2027-04-22,SMG01,ACTIVE
7134,436,Time Deposit,355071100,2027-01-12,JKT02,ACTIVE
7135,4183,Savings,203798640,2027-03-25,BDG01,ACTIVE
7136,4481,Savings,157756516,2028-01-09,BDG01,ACTIVE
7137,7208,Time Deposit,1705374889,2026-04-22,SMG01,ACTIVE
7138,6357,Time Deposit,926646933,2026-04-12,JKT02,ACTIVE
7139,4174,Savings,56086028,2026-07-14,MDN01,ACTIVE
7140,7578,Time Deposit,479310100,2026-10-30,SMG01,ACTIVE
7141,2167,Savings,187333906,2026-11-03,JKT02,ACTIVE
7142,3795,Savings,161023517,2026-10-08,SMG01,ACTIVE
7143,310,Time Deposit,661906328,2026-10-14,BDG01,ACTIVE
7144,2778,Time Deposit,599603627,2026-05-18,SBY01,ACTIVE
7145,3025,Time Deposit,508961609,2026-05-19,YGY01,ACTIVE
7146,3292,Savings,18831246,2027-10-31,JKT01,ACTIVE
7147,3287,Time Deposit,182867685,2026-10-28,SBY01,ACTIVE
7148,3022,Time Deposit,1132383966,2027-01-25,BDG01,ACTIVE
7149,5733,Savings,141637837,2027-12-31,MDN01,ACTIVE
7150,292,Savings,148891276,2027-10-22,JKT01,ACTIVE
7151,1394,Savings,44522150,2026-05-16,JKT02,ACTIVE
7152,6987,Time Deposit,629449623,2026-06-14,BDG01,ACTIVE
7153,9127,Savings,65855435,2026-06-22,BDG01,ACTIVE
7154,4798,Time Deposit,979450216,2027-02-05,SBY01,ACTIVE
7155,8173,Savings,29348590,2026-05-03,YGY01,ACTIVE
7156,6761,Savings,32399928,2028-03-10,SMG01,ACTIVE
7157,7476,Savings,37341762,2027-06-20,BDG01,ACTIVE
7158,7974,Savings,23861617,2027-11-06,SBY01,ACTIVE
7159,6647,Savings,14068327,2026-06-25,JKT02,ACTIVE
7160,3113,Savings,13822491,2027-12-01,BDG01,ACTIVE
7161,641,Time Deposit,153601181,2026-06-08,SMG01,ACTIVE
7162,7267,Savings,15196419,2026-08-04,YGY01,ACTIVE
7163,8056,Time Deposit,648423338,2026-06-16,YGY01,ACTIVE
7164,5309,Time Deposit,786950459,2026-08-24,SBY01,ACTIVE
7165,5878,Savings,35058645,2026-11-16,SBY01,ACTIVE
7166,9597,Savings,12280609,2027-10-19,JKT01,ACTIVE
7167,6433,Savings,41910358,2027-03-25,MDN01,ACTIVE
7168,5541,Savings,17119083,2028-01-28,MDN01,ACTIVE
7169,1342,Time Deposit,816586662,2026-06-09,SMG01,ACTIVE
7170,941,Savings,58868488,2026-08-30,JKT01,ACTIVE
7171,9697,Time Deposit,1106216687,2026-09-24,SMG01,ACTIVE
7172,5063,Savings,12730925,2027-12-03,JKT02,ACTIVE
7173,9555,Time Deposit,1246998785,2026-06-25,SBY01,ACTIVE
7174,6319,Time Deposit,379483117,2026-07-22,MDN01,ACTIVE
7175,3020,Savings,4481397,2027-09-21,JKT01,ACTIVE
7176,7213,Savings,39533124,2026-08-24,JKT01,ACTIVE
7177,9565,Time Deposit,1036807021,2026-09-22,JKT02,ACTIVE
7178,1340,Time Deposit,238892023,2026-05-03,BDG01,ACTIVE
7179,9347,Time Deposit,163180098,2026-10-02,YGY01,ACTIVE
7180,9826,Savings,87455205,2027-07-21,MDN01,ACTIVE
7181,7313,Time Deposit,258292879,2027-02-13,MDN01,ACTIVE
7182,6276,Savings,19758777,2027-09-19,MDN01,ACTIVE
7183,9921,Savings,177189688,2026-10-10,JKT01,ACTIVE
7184,3806,Savings,31515125,2027-12-02,BDG01,ACTIVE
7185,8729,Savings,153485511,2026-10-02,SMG01,ACTIVE
7186,2772,Time Deposit,258646637,2026-06-05,YGY01,ACTIVE
7187,5995,Time Deposit,378491975,2026-11-20,MDN01,ACTIVE
7188,5265,Savings,31390259,2026-04-18,SBY01,ACTIVE
7189,2933,Time Deposit,260882827,2026-12-26,SBY01,ACTIVE
7190,4163,Savings,16924496,2026-04-19,JKT01,ACTIVE
7191,5866,Savings,27996482,2027-10-12,SMG01,ACTIVE
7192,8790,Savings,73424162,2028-01-27,YGY01,ACTIVE
7193,6006,Time Deposit,672951158,2027-01-17,JKT02,ACTIVE
7194,8157,Savings,57005925,2026-10-08,YGY01,ACTIVE
7195,5144,Savings,73227537,2027-10-20,YGY01,ACTIVE
7196,349,Time Deposit,729348033,2026-06-26,SMG01,ACTIVE
7197,1044,Time Deposit,1512124081,2027-02-14,MDN01,ACTIVE
7198,6431,Savings,18407540,2026-06-29,SMG01,ACTIVE
7199,9352,Savings,45152159,2027-06-30,SBY01,ACTIVE
7200,9065,Savings,42761397,2027-03-23,SBY01,ACTIVE
7201,3633,Savings,83263667,2026-05-08,JKT01,ACTIVE
7202,7991,Savings,87142632,2026-07-08,SBY01,ACTIVE
7203,689,Savings,47168856,2027-03-06,JKT02,ACTIVE
7204,6772,Time Deposit,992107082,2026-08-10,JKT02,ACTIVE
7205,6810,Time Deposit,1132034355,2026-11-05,JKT01,ACTIVE
7206,8376,Savings,21669665,2026-08-06,BDG01,ACTIVE
7207,7787,Time Deposit,678064764,2026-05-29,SMG01,ACTIVE
7208,3713,Savings,93766582,2026-06-06,JKT01,ACTIVE
7209,8799,Time Deposit,422788964,2026-06-13,JKT02,ACTIVE
7210,9049,Savings,30066757,2027-10-31,SMG01,ACTIVE
7211,4720,Savings,15927022,2027-06-09,YGY01,ACTIVE
7212,1250,Time Deposit,954991047,2026-04-25,JKT01,ACTIVE
7213,8325,Time Deposit,616543472,2026-11-29,JKT02,ACTIVE
7214,4456,Time Deposit,929307867,2026-09-11,BDG01,ACTIVE
7215,6705,Time Deposit,1529654901,2027-02-05,BDG01,ACTIVE
7216,9853,Savings,28868396,2026-05-28,JKT02,ACTIVE
7217,2652,Time Deposit,597023871,2026-09-07,JKT01,ACTIVE
7218,4679,Time Deposit,868741591,2027-03-03,MDN01,ACTIVE
7219,9373,Savings,11153012,2027-08-16,JKT02,ACTIVE
7220,7979,Savings,32109428,2026-05-14,SBY01,ACTIVE
7221,9425,Savings,25511911,2026-08-16,JKT02,ACTIVE
7222,7736,Savings,6723797,2026-06-01,JKT01,ACTIVE
7223,6079,Time Deposit,293397789,2027-02-13,YGY01,ACTIVE
7224,5917,Savings,147696425,2027-01-19,SMG01,ACTIVE
7225,9263,Savings,10850232,2026-07-09,JKT01,ACTIVE
7226,2,Time Deposit,739291879,2026-04-13,SBY01,ACTIVE
7227,4690,Time Deposit,430404864,2027-01-27,JKT01,ACTIVE
7228,1657,Time Deposit,409384872,2026-09-21,YGY01,ACTIVE
7229,6740,Savings,17944606,2027-04-18,SMG01,ACTIVE
7230,9120,Savings,19381998,2027-02-18,BDG01,ACTIVE
7231,2494,Time Deposit,889539564,2027-01-04,JKT01,ACTIVE
7232,6216,Savings,168528375,2028-03-10,JKT01,ACTIVE
7233,95,Time Deposit,246149011,2026-07-09,SBY01,ACTIVE
7234,7815,Savings,32226416,2027-08-17,YGY01,ACTIVE
7235,8156,Savings,13794951,2027-10-18,YGY01,ACTIVE
7236,9749,Savings,148314242,2027-07-25,SBY01,ACTIVE
7237,8794,Time Deposit,695194623,2026-11-04,SMG01,ACTIVE
7238,1844,Savings,25459717,2027-02-19,SBY01,ACTIVE
7239,2638,Time Deposit,308862315,2026-10-03,SBY01,ACTIVE
7240,3516,Savings,6212331,2026-05-29,JKT02,ACTIVE
7241,9913,Time Deposit,1696926493,2027-02-05,MDN01,ACTIVE
7242,4459,Time Deposit,653440648,2026-09-10,SBY01,ACTIVE
7243,9346,Savings,125347193,2026-06-18,JKT02,ACTIVE
7244,9992,Savings,22700810,2028-03-10,SBY01,ACTIVE
7245,3462,Time Deposit,1393665705,2027-01-15,BDG01,ACTIVE
7246,2760,Savings,20056506,2027-03-22,SMG01,ACTIVE
7247,6486,Time Deposit,342774635,2026-08-22,SMG01,ACTIVE
7248,8177,Savings,9392387,2027-01-02,BDG01,ACTIVE
7249,8489,Savings,52200673,2026-09-14,BDG01,ACTIVE
7250,292,Time Deposit,661173014,2026-12-22,MDN01,ACTIVE
7251,5854,Time Deposit,158583048,2026-06-21,MDN01,ACTIVE
7252,5823,Savings,103359531,2027-03-01,JKT01,ACTIVE
7253,1068,Savings,86580423,2026-12-23,SMG01,ACTIVE
7254,2991,Savings,8584148,2027-12-09,JKT01,ACTIVE
7255,616,Savings,5224528,2027-07-11,YGY01,ACTIVE
7256,4866,Savings,22848417,2026-07-23,SMG01,ACTIVE
7257,1747,Time Deposit,591504159,2027-01-14,BDG01,ACTIVE
7258,8193,Savings,124612615,2027-06-25,MDN01,ACTIVE
7259,8391,Savings,25073182,2026-10-13,BDG01,ACTIVE
7260,6245,Savings,100002229,2027-12-29,JKT02,ACTIVE
7261,7959,Savings,23569515,2027-07-22,SBY01,ACTIVE
7262,4161,Time Deposit,963523557,2026-10-16,SBY01,ACTIVE
7263,6090,Time Deposit,1212043117,2026-11-22,JKT02,ACTIVE
7264,1187,Time Deposit,1540529225,2027-01-08,JKT02,ACTIVE
7265,735,Savings,24938981,2026-09-01,SBY01,ACTIVE
7266,6059,Savings,30385931,2027-06-03,MDN01,ACTIVE
7267,5177,Savings,32748075,2027-02-06,JKT02,ACTIVE
7268,5378,Time Deposit,280327461,2027-03-04,SBY01,ACTIVE
7269,9326,Savings,222649767,2027-09-22,YGY01,ACTIVE
7270,7316,Savings,7204365,2026-11-21,BDG01,ACTIVE
7271,2888,Time Deposit,809536246,2026-10-12,SBY01,ACTIVE
7272,2745,Savings,207548918,2027-02-06,BDG01,ACTIVE
7273,9997,Savings,9504014,2027-10-16,JKT01,ACTIVE
7274,8744,Savings,15315199,2026-11-08,SBY01,ACTIVE
7275,5042,Savings,77252676,2028-02-21,MDN01,ACTIVE
7276,1454,Time Deposit,1229768645,2026-11-06,JKT01,ACTIVE
7277,8559,Time Deposit,881991809,2027-03-09,SBY01,ACTIVE
7278,9739,Savings,60588371,2027-10-08,YGY01,ACTIVE
7279,8237,Time Deposit,182505272,2026-11-30,SMG01,ACTIVE
7280,6232,Time Deposit,1332857665,2026-12-05,SMG01,ACTIVE
7281,9186,Time Deposit,743737333,2026-05-11,BDG01,ACTIVE
7282,9329,Time Deposit,385395628,2026-05-24,JKT01,ACTIVE
7283,3603,Time Deposit,387309711,2026-04-07,SBY01,ACTIVE
7284,6363,Time Deposit,1078361546,2026-11-03,JKT01,ACTIVE
7285,8526,Time Deposit,659840483,2026-09-02,JKT01,ACTIVE
7286,8014,Time Deposit,657006992,2026-06-22,YGY01,ACTIVE
7287,1706,Savings,132866267,2026-07-21,MDN01,ACTIVE
7288,8433,Savings,21357936,2027-07-26,SMG01,ACTIVE
7289,6245,Time Deposit,1361476542,2026-05-12,JKT02,ACTIVE
7290,265,Savings,16297375,2026-07-16,YGY01,ACTIVE
7291,7558,Savings,43731495,2026-08-05,SMG01,ACTIVE
7292,4422,Time Deposit,924493589,2027-01-29,SBY01,ACTIVE
7293,5290,Savings,15740604,2027-08-29,JKT01,ACTIVE
7294,7598,Savings,29955466,2026-10-09,SBY01,ACTIVE
7295,6660,Savings,49600681,2026-06-09,SBY01,ACTIVE
7296,2140,Savings,44867063,2026-08-06,YGY01,ACTIVE
7297,1383,Savings,26847422,2026-09-05,JKT01,ACTIVE
7298,8132,Savings,59136710,2027-07-13,MDN01,ACTIVE
7299,9569,Time Deposit,897866468,2026-06-17,SBY01,ACTIVE
7300,2176,Time Deposit,966234339,2026-08-07,SMG01,ACTIVE
7301,6229,Time Deposit,749365473,2026-11-06,SBY01,ACTIVE
7302,5241,Time Deposit,1402511246,2026-12-12,YGY01,ACTIVE
7303,2801,Savings,20035037,2028-02-09,JKT01,ACTIVE
7304,1280,Savings,25903327,2027-05-06,SMG01,ACTIVE
7305,8183,Time Deposit,373263459,2026-05-24,BDG01,ACTIVE
7306,2660,Savings,42825269,2027-09-11,SBY01,ACTIVE
7307,4878,Time Deposit,521113018,2026-12-25,MDN01,ACTIVE
7308,8591,Savings,32439971,2027-09-01,SMG01,ACTIVE
7309,7991,Time Deposit,328018465,2026-09-30,SMG01,ACTIVE
7310,5102,Savings,107430204,2027-11-12,JKT01,ACTIVE
7311,5929,Time Deposit,689192755,2026-07-18,SBY01,ACTIVE
7312,5055,Time Deposit,417325140,2026-05-30,BDG01,ACTIVE
7313,678,Time Deposit,580588700,2026-10-17,JKT01,ACTIVE
7314,9943,Time Deposit,453125084,2026-06-08,SMG01,ACTIVE
7315,7138,Savings,38187275,2028-02-18,BDG01,ACTIVE
7316,1903,Time Deposit,1054228730,2026-07-17,SBY01,ACTIVE
7317,4301,Time Deposit,958675470,2026-06-19,SBY01,ACTIVE
7318,7565,Time Deposit,1903048260,2026-06-21,SBY01,ACTIVE
7319,6623,Time Deposit,357338303,2026-04-14,JKT01,ACTIVE
7320,2617,Savings,31408028,2028-02-18,JKT02,ACTIVE
7321,4896,Savings,12114831,2027-01-29,JKT01,ACTIVE
7322,9975,Savings,25752662,2027-06-04,JKT02,ACTIVE
7323,7693,Time Deposit,928668467,2026-12-02,SMG01,ACTIVE
7324,7155,Time Deposit,1013456716,2026-04-14,MDN01,ACTIVE
7325,3166,Savings,42358080,2026-12-05,JKT01,ACTIVE
7326,7109,Savings,42993990,2026-05-30,MDN01,ACTIVE
7327,1530,Time Deposit,987271836,2027-02-09,BDG01,ACTIVE
7328,3343,Savings,147697399,2027-06-09,JKT01,ACTIVE
7329,6031,Savings,24079853,2027-09-29,JKT01,ACTIVE
7330,4044,Savings,183269665,2028-01-16,BDG01,ACTIVE
7331,8665,Time Deposit,313751045,2026-03-31,JKT02,ACTIVE
7332,6435,Time Deposit,514708558,2026-06-14,SBY01,ACTIVE
7333,1714,Savings,13556269,2027-03-24,MDN01,ACTIVE
7334,8400,Savings,64381837,2026-10-21,MDN01,ACTIVE
7335,4214,Time Deposit,380296230,2026-08-18,SBY01,ACTIVE
7336,9440,Time Deposit,776889158,2026-04-28,SBY01,ACTIVE
7337,9010,Savings,40247913,2027-03-24,SMG01,ACTIVE
7338,7518,Savings,92807113,2027-08-22,YGY01,ACTIVE
7339,6998,Time Deposit,381821222,2026-04-09,SBY01,ACTIVE
7340,6404,Savings,70534557,2027-05-05,BDG01,ACTIVE
7341,416,Savings,104696781,2027-02-21,JKT01,ACTIVE
7342,3740,Savings,22367865,2028-03-04,JKT02,ACTIVE
7343,2874,Savings,19870812,2027-01-19,YGY01,ACTIVE
7344,994,Time Deposit,495162608,2027-02-23,BDG01,ACTIVE
7345,9888,Savings,89838295,2027-06-13,BDG01,ACTIVE
7346,3069,Savings,11598900,2027-11-22,JKT02,ACTIVE
7347,960,Time Deposit,558077077,2026-10-18,BDG01,ACTIVE
7348,1658,Savings,35382975,2027-01-29,YGY01,ACTIVE
7349,1944,Savings,70016324,2026-07-05,SMG01,ACTIVE
7350,9991,Time Deposit,867347870,2026-04-25,JKT01,ACTIVE
7351,6425,Time Deposit,608913522,2027-03-14,BDG01,ACTIVE
7352,9090,Savings,181122593,2028-01-08,JKT02,ACTIVE
7353,4219,Savings,11135308,2027-01-24,MDN01,ACTIVE
7354,7310,Savings,17574442,2027-10-23,MDN01,ACTIVE
7355,650,Savings,24851640,2026-05-28,SMG01,ACTIVE
7356,6123,Time Deposit,311657064,2027-02-26,SMG01,ACTIVE
7357,3837,Savings,128087055,2028-02-16,YGY01,ACTIVE
7358,9155,Time Deposit,1443295193,2026-07-22,YGY01,ACTIVE
7359,6817,Savings,27889954,2027-08-18,BDG01,ACTIVE
7360,9864,Savings,67747776,2027-09-17,SBY01,ACTIVE
7361,4306,Savings,79372793,2027-02-24,SBY01,ACTIVE
7362,8044,Time Deposit,1058864441,2027-03-03,JKT01,ACTIVE
7363,2260,Time Deposit,409510213,2027-01-01,JKT01,ACTIVE
7364,5119,Savings,67039075,2027-09-30,YGY01,ACTIVE
7365,8041,Savings,26909424,2027-03-16,MDN01,ACTIVE
7366,4855,Savings,106921446,2027-12-06,JKT02,ACTIVE
7367,9235,Savings,26866169,2026-06-19,JKT02,ACTIVE
7368,3362,Savings,30995120,2026-12-05,BDG01,ACTIVE
7369,2133,Savings,44046480,2026-08-15,JKT02,ACTIVE
7370,8638,Savings,25624538,2028-02-16,JKT01,ACTIVE
7371,4281,Time Deposit,328801255,2026-04-22,YGY01,ACTIVE
7372,8676,Savings,26078237,2027-09-24,SMG01,ACTIVE
7373,3322,Savings,6550772,2026-07-02,MDN01,ACTIVE
7374,1199,Savings,7295333,2026-05-19,JKT02,ACTIVE
7375,7832,Time Deposit,679584520,2026-09-18,BDG01,ACTIVE
7376,8735,Savings,9167919,2027-07-15,MDN01,ACTIVE
7377,8886,Time Deposit,243738494,2026-04-26,BDG01,ACTIVE
7378,9172,Savings,19373708,2027-08-11,SBY01,ACTIVE
7379,2907,Savings,39268345,2026-05-06,YGY01,ACTIVE
7380,9484,Savings,26070048,2026-12-29,SMG01,ACTIVE
7381,6957,Savings,4493768,2026-08-04,MDN01,ACTIVE
7382,7437,Time Deposit,646424814,2026-10-13,BDG01,ACTIVE
7383,9932,Time Deposit,383005615,2027-01-11,JKT01,ACTIVE
7384,1052,Savings,6853236,2027-01-08,SMG01,ACTIVE
7385,5380,Time Deposit,508652482,2026-12-14,JKT01,ACTIVE
7386,1749,Savings,81723258,2027-10-24,BDG01,ACTIVE
7387,7574,Time Deposit,1223687443,2027-02-18,SMG01,ACTIVE
7388,4500,Time Deposit,779889098,2026-10-27,BDG01,ACTIVE
7389,8757,Time Deposit,204447209,2026-04-29,BDG01,ACTIVE
7390,4124,Time Deposit,783986869,2026-07-07,YGY01,ACTIVE
7391,8005,Time Deposit,362448468,2027-01-02,JKT01,ACTIVE
7392,7089,Savings,26285057,2027-12-15,SBY01,ACTIVE
7393,1772,Time Deposit,1059556804,2026-09-14,MDN01,ACTIVE
7394,7849,Time Deposit,520353251,2026-07-08,SBY01,ACTIVE
7395,936,Time Deposit,135967619,2026-04-03,JKT02,ACTIVE
7396,4997,Time Deposit,1448888395,2026-06-14,JKT01,ACTIVE
7397,7993,Time Deposit,651984547,2027-02-08,SMG01,ACTIVE
7398,7803,Savings,141530780,2027-09-05,SBY01,ACTIVE
7399,8451,Savings,196552368,2027-04-20,BDG01,ACTIVE
7400,7877,Savings,61521312,2026-10-24,SMG01,ACTIVE
7401,6857,Savings,13189911,2027-06-07,YGY01,ACTIVE
7402,9992,Savings,27281827,2027-03-26,SBY01,ACTIVE
7403,5149,Savings,31725677,2028-02-23,MDN01,ACTIVE
7404,76,Savings,126427049,2027-10-30,YGY01,ACTIVE
7405,289,Savings,58973733,2026-06-16,BDG01,ACTIVE
7406,3778,Time Deposit,636235379,2026-10-16,YGY01,ACTIVE
7407,8668,Savings,31436925,2027-03-29,MDN01,ACTIVE
7408,973,Savings,41165606,2026-12-25,JKT01,ACTIVE
7409,5137,Time Deposit,399374672,2026-03-31,YGY01,ACTIVE
7410,9487,Savings,18199634,2027-08-19,SBY01,ACTIVE
7411,6666,Time Deposit,602284529,2027-01-09,YGY01,ACTIVE
7412,4483,Savings,39100724,2026-07-15,JKT01,ACTIVE
7413,5125,Time Deposit,654542941,2026-05-03,JKT01,ACTIVE
7414,4737,Savings,20744202,2027-07-03,SBY01,ACTIVE
7415,1709,Savings,229838289,2027-03-27,BDG01,ACTIVE
7416,1157,Time Deposit,360450748,2026-07-12,BDG01,ACTIVE
7417,2019,Savings,21084145,2027-07-08,YGY01,ACTIVE
7418,8825,Savings,5827834,2028-02-12,MDN01,ACTIVE
7419,9499,Time Deposit,1067766202,2026-04-20,BDG01,ACTIVE
7420,8835,Savings,74884758,2028-02-07,YGY01,ACTIVE
7421,3090,Time Deposit,774254056,2027-02-14,SBY01,ACTIVE
7422,2850,Savings,16564367,2027-05-31,SMG01,ACTIVE
7423,9568,Savings,129765054,2026-10-20,SMG01,ACTIVE
7424,4013,Savings,200000706,2028-02-11,MDN01,ACTIVE
7425,9155,Savings,224190820,2026-07-05,JKT01,ACTIVE
7426,8087,Savings,16241574,2026-07-27,MDN01,ACTIVE
7427,4016,Time Deposit,350943744,2026-08-29,JKT02,ACTIVE
7428,7085,Time Deposit,114523663,2026-08-29,JKT01,ACTIVE
7429,7536,Savings,101501496,2026-07-26,BDG01,ACTIVE
7430,5159,Savings,84547816,2026-10-12,SBY01,ACTIVE
7431,1414,Savings,44010309,2026-12-23,SMG01,ACTIVE
7432,2472,Savings,30569864,2026-09-13,MDN01,ACTIVE
7433,1547,Time Deposit,158272870,2026-11-28,SBY01,ACTIVE
7434,1189,Savings,10204827,2027-08-30,JKT02,ACTIVE
7435,1131,Savings,36750987,2026-09-22,YGY01,ACTIVE
7436,662,Savings,7713346,2027-11-30,MDN01,ACTIVE
7437,1590,Savings,22054122,2026-12-14,SBY01,ACTIVE
7438,77,Time Deposit,383921130,2026-07-06,YGY01,ACTIVE
7439,6189,Savings,7646195,2026-07-19,JKT01,ACTIVE
7440,7987,Savings,20917792,2027-06-27,YGY01,ACTIVE
7441,5459,Time Deposit,922652648,2026-09-17,SMG01,ACTIVE
7442,2957,Savings,23549267,2027-08-11,YGY01,ACTIVE
7443,3568,Time Deposit,280677311,2026-08-05,SBY01,ACTIVE
7444,9480,Savings,58055292,2026-12-30,JKT02,ACTIVE
7445,1368,Savings,18954873,2027-04-22,JKT01,ACTIVE
7446,4371,Time Deposit,182972712,2026-05-02,YGY01,ACTIVE
7447,6210,Savings,81303321,2026-10-28,SMG01,ACTIVE
7448,9228,Savings,171854285,2026-06-12,JKT02,ACTIVE
7449,1382,Time Deposit,287665386,2026-08-08,SBY01,ACTIVE
7450,2507,Savings,14854475,2026-09-04,YGY01,ACTIVE
7451,1364,Savings,59351401,2028-01-20,JKT01,ACTIVE
7452,4741,Savings,137566829,2027-02-09,MDN01,ACTIVE
7453,5227,Savings,78606360,2027-08-26,SMG01,ACTIVE
7454,8379,Time Deposit,1141206503,2026-08-24,BDG01,ACTIVE
7455,1916,Savings,9543495,2027-11-21,MDN01,ACTIVE
7456,1251,Time Deposit,926678847,2026-04-29,YGY01,ACTIVE
7457,2697,Savings,25276209,2026-05-13,MDN01,ACTIVE
7458,5814,Savings,11028968,2027-06-22,SMG01,ACTIVE
7459,7363,Savings,48027344,2026-07-01,BDG01,ACTIVE
7460,6965,Savings,35193857,2027-08-05,YGY01,ACTIVE
7461,2834,Time Deposit,150136296,2026-09-09,BDG01,ACTIVE
7462,6891,Savings,7304703,2028-03-01,JKT02,ACTIVE
7463,1270,Savings,16210027,2027-12-03,JKT02,ACTIVE
7464,2202,Savings,12882009,2027-02-24,YGY01,ACTIVE
7465,6877,Time Deposit,1492488786,2026-07-22,SMG01,ACTIVE
7466,5797,Savings,108873187,2028-02-13,BDG01,ACTIVE
7467,9572,Savings,9990858,2026-10-24,JKT02,ACTIVE
7468,8497,Savings,17858891,2028-02-05,BDG01,ACTIVE
7469,7772,Savings,16029522,2027-07-11,JKT01,ACTIVE
7470,3823,Savings,11437798,2027-04-02,JKT01,ACTIVE
7471,2872,Time Deposit,549463080,2026-10-24,JKT02,ACTIVE
7472,3917,Savings,76276666,2027-04-21,BDG01,ACTIVE
7473,3507,Time Deposit,1825032187,2027-01-26,JKT01,ACTIVE
7474,7362,Time Deposit,409485689,2026-05-01,JKT02,ACTIVE
7475,9310,Savings,25115005,2026-12-29,BDG01,ACTIVE
7476,7477,Savings,74221674,2027-11-04,BDG01,ACTIVE
7477,2107,Savings,28909652,2026-07-31,JKT01,ACTIVE
7478,7558,Time Deposit,250967829,2026-04-27,YGY01,ACTIVE
7479,5378,Savings,27274595,2026-07-07,JKT02,ACTIVE
7480,1044,Time Deposit,919954856,2027-02-25,SBY01,ACTIVE
7481,4216,Savings,7351749,2027-11-24,SBY01,ACTIVE
7482,2057,Savings,23413420,2026-09-13,YGY01,ACTIVE
7483,6399,Time Deposit,1139326478,2026-08-05,JKT02,ACTIVE
7484,9835,Savings,13649882,2026-09-06,MDN01,ACTIVE
7485,5046,Savings,42566517,2027-07-14,BDG01,ACTIVE
7486,8027,Time Deposit,645078631,2027-01-05,MDN01,ACTIVE
7487,6558,Savings,35979816,2027-04-14,BDG01,ACTIVE
7488,5276,Savings,73974825,2027-11-05,JKT01,ACTIVE
7489,573,Time Deposit,338290278,2026-09-16,SMG01,ACTIVE
7490,9541,Savings,81493367,2028-01-12,JKT02,ACTIVE
7491,9509,Savings,9024166,2026-12-18,YGY01,ACTIVE
7492,2399,Time Deposit,690856863,2026-08-19,YGY01,ACTIVE
7493,4314,Savings,121111540,2027-02-27,SBY01,ACTIVE
7494,9264,Savings,36140006,2026-09-08,JKT01,ACTIVE
7495,3643,Savings,19457014,2026-06-06,SBY01,ACTIVE
7496,9017,Savings,106437038,2026-07-13,SBY01,ACTIVE
7497,1840,Savings,25032177,2027-08-20,SBY01,ACTIVE
7498,1654,Time Deposit,861108404,2026-07-16,JKT02,ACTIVE
7499,401,Savings,15844431,2026-09-11,SBY01,ACTIVE
7500,9841,Time Deposit,836893241,2026-04-17,SBY01,ACTIVE
7501,116,Savings,36743968,2027-10-30,BDG01,ACTIVE
7502,457,Savings,190449002,2027-09-21,JKT02,ACTIVE
7503,1303,Savings,24927914,2027-09-21,BDG01,ACTIVE
7504,5949,Savings,6284071,2027-09-23,BDG01,ACTIVE
7505,5093,Time Deposit,1170070903,2026-12-03,JKT02,ACTIVE
7506,2736,Time Deposit,246041444,2026-10-19,SBY01,ACTIVE
7507,9903,Savings,105417321,2026-04-27,MDN01,ACTIVE
7508,1879,Time Deposit,1131681349,2026-07-06,SBY01,ACTIVE
7509,5683,Savings,108086705,2026-09-06,SMG01,ACTIVE
7510,8319,Savings,16969413,2026-08-18,MDN01,ACTIVE
7511,9379,Time Deposit,1071664627,2027-03-16,SBY01,ACTIVE
7512,7440,Time Deposit,169356919,2026-07-07,BDG01,ACTIVE
7513,4869,Savings,67858957,2028-01-30,SMG01,ACTIVE
7514,2722,Time Deposit,560695964,2026-04-18,SMG01,ACTIVE
7515,2188,Savings,63977101,2026-09-06,SMG01,ACTIVE
7516,3699,Savings,87451324,2026-06-28,BDG01,ACTIVE
7517,5435,Savings,49395097,2028-01-23,BDG01,ACTIVE
7518,3399,Savings,12319204,2027-09-10,SMG01,ACTIVE
7519,2260,Savings,67904488,2027-10-21,SMG01,ACTIVE
7520,8237,Time Deposit,406114481,2026-05-01,SMG01,ACTIVE
7521,7627,Savings,103207545,2027-05-19,BDG01,ACTIVE
7522,2931,Time Deposit,1481097430,2026-11-29,YGY01,ACTIVE
7523,3565,Time Deposit,829196090,2026-09-18,YGY01,ACTIVE
7524,7119,Time Deposit,453350032,2026-07-02,YGY01,ACTIVE
7525,9630,Savings,61584148,2027-03-09,JKT01,ACTIVE
7526,9011,Time Deposit,226443294,2027-01-03,SMG01,ACTIVE
7527,6909,Savings,10412113,2027-08-15,YGY01,ACTIVE
7528,4114,Savings,17781372,2027-09-27,SBY01,ACTIVE
7529,563,Savings,177714698,2026-08-29,YGY01,ACTIVE
7530,1141,Time Deposit,1495440299,2026-12-12,YGY01,ACTIVE
7531,2087,Savings,16705852,2028-01-13,JKT02,ACTIVE
7532,5155,Savings,27194587,2027-06-28,SBY01,ACTIVE
7533,9772,Savings,23041288,2026-05-08,BDG01,ACTIVE
7534,5080,Time Deposit,578737632,2026-08-01,SBY01,ACTIVE
7535,1376,Savings,61411567,2027-07-08,MDN01,ACTIVE
7536,9112,Savings,95104162,2026-05-25,MDN01,ACTIVE
7537,5923,Time Deposit,956311668,2026-05-03,SMG01,ACTIVE
7538,8046,Savings,63594558,2027-05-19,MDN01,ACTIVE
7539,6263,Savings,6634572,2026-12-09,JKT01,ACTIVE
7540,5871,Time Deposit,267300133,2027-01-14,SBY01,ACTIVE
7541,4509,Savings,3623893,2026-12-29,SBY01,ACTIVE
7542,8013,Savings,15395828,2026-11-10,SMG01,ACTIVE
7543,9738,Savings,32172888,2026-06-16,MDN01,ACTIVE
7544,4590,Time Deposit,520395530,2026-11-17,SBY01,ACTIVE
7545,8511,Savings,8347267,2027-06-23,BDG01,ACTIVE
7546,8527,Savings,113160831,2027-12-31,SMG01,ACTIVE
7547,5134,Savings,21981809,2027-06-08,MDN01,ACTIVE
7548,1451,Savings,59447954,2027-01-31,MDN01,ACTIVE
7549,1198,Time Deposit,618379372,2026-10-30,YGY01,ACTIVE
7550,1278,Savings,72937167,2028-03-05,JKT02,ACTIVE
7551,1100,Savings,21337970,2026-05-20,JKT02,ACTIVE
7552,4554,Time Deposit,701510443,2027-02-22,SBY01,ACTIVE
7553,8693,Savings,21466167,2026-12-31,JKT01,ACTIVE
7554,7275,Time Deposit,859897913,2026-07-09,JKT01,ACTIVE
7555,4927,Savings,9055778,2027-12-19,JKT01,ACTIVE
7556,6369,Savings,58577373,2026-10-05,MDN01,ACTIVE
7557,204,Savings,18019245,2026-05-19,YGY01,ACTIVE
7558,5574,Savings,8613754,2028-02-18,JKT02,ACTIVE
7559,4174,Time Deposit,106009901,2026-07-14,JKT01,ACTIVE
7560,5006,Time Deposit,719898085,2026-12-10,JKT01,ACTIVE
7561,8416,Savings,80673092,2027-12-27,BDG01,ACTIVE
7562,7810,Savings,63036975,2027-04-11,MDN01,ACTIVE
7563,8064,Savings,19824544,2028-02-20,JKT01,ACTIVE
7564,8455,Savings,30594945,2026-08-13,MDN01,ACTIVE
7565,4238,Savings,31213636,2027-10-19,MDN01,ACTIVE
7566,6140,Savings,28053558,2027-04-30,SBY01,ACTIVE
7567,2394,Savings,44582304,2027-02-07,JKT01,ACTIVE
7568,8596,Time Deposit,846583293,2026-04-25,SMG01,ACTIVE
7569,8071,Time Deposit,144510456,2026-11-21,YGY01,ACTIVE
7570,4144,Savings,49312180,2026-07-27,JKT02,ACTIVE
7571,8280,Time Deposit,1085884760,2026-08-03,JKT02,ACTIVE
7572,2177,Time Deposit,257788198,2027-03-04,JKT02,ACTIVE
7573,7602,Savings,24191064,2027-08-16,MDN01,ACTIVE
7574,5035,Savings,15374316,2026-08-07,MDN01,ACTIVE
7575,2746,Savings,44389945,2028-02-11,SBY01,ACTIVE
7576,3397,Time Deposit,549348222,2026-06-16,JKT01,ACTIVE
7577,6911,Time Deposit,903015270,2026-09-07,JKT01,ACTIVE
7578,6803,Savings,69961099,2026-05-08,SBY01,ACTIVE
7579,6532,Savings,35152624,2026-06-24,JKT01,ACTIVE
7580,7501,Savings,83728439,2027-03-26,SMG01,ACTIVE
7581,1856,Savings,121904486,2026-06-19,MDN01,ACTIVE
7582,1271,Savings,93152072,2027-05-04,JKT01,ACTIVE
7583,9873,Savings,15923628,2026-12-24,YGY01,ACTIVE
7584,4686,Time Deposit,699718392,2026-12-17,MDN01,ACTIVE
7585,4747,Time Deposit,840962117,2026-07-02,MDN01,ACTIVE
7586,2217,Time Deposit,655412003,2026-10-11,SBY01,ACTIVE
7587,4420,Savings,20343142,2027-04-29,JKT02,ACTIVE
7588,8681,Time Deposit,850915554,2026-05-03,SBY01,ACTIVE
7589,598,Savings,26073606,2027-09-09,SMG01,ACTIVE
7590,8549,Time Deposit,559323451,2026-10-08,YGY01,ACTIVE
7591,9251,Time Deposit,261551164,2027-01-20,SMG01,ACTIVE
7592,2493,Savings,70718275,2027-08-11,JKT01,ACTIVE
7593,2030,Time Deposit,335582200,2027-01-09,SMG01,ACTIVE
7594,9564,Savings,96381382,2026-06-24,JKT01,ACTIVE
7595,7051,Savings,178135323,2028-02-20,JKT02,ACTIVE
7596,3870,Savings,137509263,2028-01-29,JKT01,ACTIVE
7597,4274,Savings,26047289,2026-09-02,MDN01,ACTIVE
7598,5736,Time Deposit,963059094,2026-10-31,YGY01,ACTIVE
7599,7068,Time Deposit,1002699910,2026-07-08,BDG01,ACTIVE
7600,5734,Savings,45734062,2026-12-09,MDN01,ACTIVE
7601,5963,Savings,171405444,2027-10-23,JKT02,ACTIVE
7602,3677,Savings,122431163,2027-10-21,BDG01,ACTIVE
7603,4424,Time Deposit,383815697,2026-12-07,SBY01,ACTIVE
7604,1070,Savings,36797146,2027-11-25,MDN01,ACTIVE
7605,3780,Savings,9162005,2027-01-08,YGY01,ACTIVE
7606,3939,Savings,55289464,2027-10-13,MDN01,ACTIVE
7607,1004,Time Deposit,1092500559,2026-11-01,JKT01,ACTIVE
7608,5882,Savings,42841369,2028-01-21,JKT02,ACTIVE
7609,3898,Savings,41605092,2026-09-15,SBY01,ACTIVE
7610,1572,Time Deposit,1003881053,2026-08-06,JKT01,ACTIVE
7611,1117,Time Deposit,203186254,2026-11-16,YGY01,ACTIVE
7612,2062,Savings,6453889,2027-10-01,YGY01,ACTIVE
7613,6164,Savings,27509331,2028-01-15,JKT02,ACTIVE
7614,2853,Savings,14095546,2026-09-28,BDG01,ACTIVE
7615,5606,Time Deposit,1477136998,2027-02-09,SMG01,ACTIVE
7616,7028,Savings,48402552,2026-12-10,SMG01,ACTIVE
7617,603,Savings,42636336,2027-07-15,YGY01,ACTIVE
7618,1758,Time Deposit,1665752491,2026-12-17,BDG01,ACTIVE
7619,6463,Savings,5053131,2026-12-18,YGY01,ACTIVE
7620,8587,Savings,21024900,2028-03-12,SMG01,ACTIVE
7621,3557,Savings,10704668,2027-05-23,SMG01,ACTIVE
7622,9677,Time Deposit,698231673,2026-11-08,MDN01,ACTIVE
7623,4651,Savings,31002484,2027-08-13,JKT01,ACTIVE
7624,936,Savings,65215764,2027-02-02,JKT02,ACTIVE
7625,8903,Savings,24240262,2027-09-01,JKT01,ACTIVE
7626,6224,Time Deposit,673553363,2026-10-08,SBY01,ACTIVE
7627,4583,Savings,30785277,2026-05-20,YGY01,ACTIVE
7628,8810,Time Deposit,1211941933,2026-10-29,YGY01,ACTIVE
7629,5529,Time Deposit,1327323813,2026-04-26,SMG01,ACTIVE
7630,5781,Savings,13317722,2026-12-22,YGY01,ACTIVE
7631,5490,Savings,19954676,2027-08-28,SBY01,ACTIVE
7632,4549,Savings,34328518,2027-11-21,BDG01,ACTIVE
7633,9236,Time Deposit,745791806,2026-05-05,BDG01,ACTIVE
7634,2193,Savings,22552702,2026-09-15,MDN01,ACTIVE
7635,4976,Savings,103961659,2027-05-14,SBY01,ACTIVE
7636,1778,Time Deposit,903724370,2026-06-16,SBY01,ACTIVE
7637,1252,Time Deposit,268831449,2026-04-06,YGY01,ACTIVE
7638,5693,Time Deposit,1685092123,2026-11-26,BDG01,ACTIVE
7639,3660,Savings,16626943,2026-12-09,SMG01,ACTIVE
7640,1547,Time Deposit,196606454,2027-03-12,BDG01,ACTIVE
7641,6763,Savings,141187912,2027-07-13,BDG01,ACTIVE
7642,9322,Savings,136511835,2026-08-18,JKT01,ACTIVE
7643,1627,Time Deposit,85385397,2026-09-30,SBY01,ACTIVE
7644,8408,Time Deposit,465896858,2026-08-02,JKT01,ACTIVE
7645,7522,Savings,18141823,2027-01-24,JKT02,ACTIVE
7646,6286,Time Deposit,1022857490,2026-06-19,MDN01,ACTIVE
7647,4522,Savings,23937802,2027-04-20,SMG01,ACTIVE
7648,7195,Savings,129077792,2026-10-12,BDG01,ACTIVE
7649,1668,Time Deposit,739716013,2026-06-05,JKT02,ACTIVE
7650,6902,Time Deposit,282144203,2026-11-27,JKT01,ACTIVE
7651,370,Savings,114958055,2026-07-01,MDN01,ACTIVE
7652,8059,Savings,102206546,2027-12-07,YGY01,ACTIVE
7653,2417,Savings,25161473,2027-04-01,YGY01,ACTIVE
7654,2595,Savings,13848536,2027-09-08,MDN01,ACTIVE
7655,6922,Savings,20589437,2026-06-10,YGY01,ACTIVE
7656,2167,Time Deposit,1292735430,2026-10-05,SMG01,ACTIVE
7657,8790,Savings,9741468,2028-01-03,MDN01,ACTIVE
7658,9605,Savings,10365257,2026-08-09,SMG01,ACTIVE
7659,6542,Savings,33361033,2026-10-28,BDG01,ACTIVE
7660,1015,Time Deposit,141518506,2026-10-29,JKT02,ACTIVE
7661,1883,Savings,82445824,2028-03-06,BDG01,ACTIVE
7662,9661,Savings,20851930,2028-02-28,JKT02,ACTIVE
7663,9438,Savings,22547832,2026-12-11,JKT02,ACTIVE
7664,9656,Savings,139066716,2027-08-26,JKT02,ACTIVE
7665,6705,Savings,151118950,2026-06-14,BDG01,ACTIVE
7666,8340,Time Deposit,1112026098,2027-01-24,SMG01,ACTIVE
7667,6044,Savings,27767722,2026-06-23,BDG01,ACTIVE
7668,9534,Time Deposit,819934220,2027-02-08,BDG01,ACTIVE
7669,671,Savings,18326315,2027-06-02,BDG01,ACTIVE
7670,1334,Time Deposit,653810125,2026-07-10,JKT01,ACTIVE
7671,374,Savings,85008663,2026-05-24,BDG01,ACTIVE
7672,8058,Time Deposit,788395140,2026-06-10,SMG01,ACTIVE
7673,9128,Savings,12202734,2028-02-28,SMG01,ACTIVE
7674,8978,Savings,22132707,2028-01-10,BDG01,ACTIVE
7675,9036,Savings,44833948,2026-11-01,MDN01,ACTIVE
7676,6607,Savings,22085053,2026-12-16,SMG01,ACTIVE
7677,190,Savings,17119392,2026-05-26,JKT01,ACTIVE
7678,2427,Savings,230529854,2027-06-29,YGY01,ACTIVE
7679,113,Savings,24344506,2026-07-24,MDN01,ACTIVE
7680,4973,Time Deposit,322094635,2026-09-16,SBY01,ACTIVE
7681,5814,Time Deposit,360330666,2026-05-21,JKT01,ACTIVE
7682,5082,Time Deposit,556247357,2026-05-05,JKT02,ACTIVE
7683,9506,Savings,83723040,2027-03-06,BDG01,ACTIVE
7684,4901,Savings,48895564,2026-04-24,JKT02,ACTIVE
7685,1487,Savings,25080641,2027-09-16,SMG01,ACTIVE
7686,4288,Time Deposit,1280925572,2027-01-09,SBY01,ACTIVE
7687,4357,Savings,48176501,2028-01-05,YGY01,ACTIVE
7688,3095,Time Deposit,1077346282,2026-12-09,JKT02,ACTIVE
7689,7704,Savings,16023724,2027-03-29,MDN01,ACTIVE
7690,5120,Savings,11810261,2026-11-14,MDN01,ACTIVE
7691,3918,Time Deposit,1786676915,2026-05-07,MDN01,ACTIVE
7692,390,Time Deposit,229887960,2026-09-05,JKT01,ACTIVE
7693,3651,Savings,172029332,2027-11-19,JKT02,ACTIVE
7694,8974,Time Deposit,1374385686,2026-07-17,JKT01,ACTIVE
7695,6892,Savings,5704975,2028-01-12,SMG01,ACTIVE
7696,9019,Time Deposit,264663325,2026-10-24,BDG01,ACTIVE
7697,718,Savings,24425575,2027-08-08,MDN01,ACTIVE
7698,1683,Savings,37308923,2028-02-23,YGY01,ACTIVE
7699,3232,Savings,75745225,2027-05-04,JKT02,ACTIVE
7700,3184,Savings,20802097,2027-07-10,YGY01,ACTIVE
7701,5541,Savings,67147704,2026-10-18,SBY01,ACTIVE
7702,984,Savings,26902008,2026-12-11,SBY01,ACTIVE
7703,8564,Time Deposit,1259428498,2026-10-28,JKT02,ACTIVE
7704,9017,Time Deposit,1684340071,2026-05-27,SBY01,ACTIVE
7705,1105,Time Deposit,667281768,2027-01-05,YGY01,ACTIVE
7706,1887,Time Deposit,1340822096,2026-12-15,JKT01,ACTIVE
7707,292,Savings,85652296,2027-03-09,JKT01,ACTIVE
7708,1875,Savings,23559328,2026-11-17,BDG01,ACTIVE
7709,3117,Savings,8167032,2026-11-05,MDN01,ACTIVE
7710,7810,Savings,128931084,2027-05-24,JKT01,ACTIVE
7711,3109,Savings,31068042,2027-03-17,SBY01,ACTIVE
7712,5860,Savings,20255894,2026-11-26,JKT01,ACTIVE
7713,8828,Savings,49066987,2028-01-11,JKT01,ACTIVE
7714,1105,Time Deposit,800528705,2026-09-26,BDG01,ACTIVE
7715,9375,Savings,71899606,2026-12-13,JKT01,ACTIVE
7716,1784,Time Deposit,246915319,2026-11-02,SMG01,ACTIVE
7717,7516,Time Deposit,491925131,2026-07-05,JKT02,ACTIVE
7718,509,Savings,13743922,2027-02-04,JKT02,ACTIVE
7719,1483,Savings,188252551,2026-04-24,BDG01,ACTIVE
7720,1562,Time Deposit,933241346,2026-12-12,BDG01,ACTIVE
7721,491,Savings,43638786,2026-09-03,BDG01,ACTIVE
7722,3370,Time Deposit,723498829,2026-04-27,YGY01,ACTIVE
7723,224,Savings,69733655,2027-10-30,MDN01,ACTIVE
7724,8249,Savings,27352805,2027-11-19,JKT02,ACTIVE
7725,1600,Savings,12348941,2027-05-04,BDG01,ACTIVE
7726,2183,Savings,21600550,2026-08-30,JKT01,ACTIVE
7727,5668,Savings,39772692,2027-09-29,JKT02,ACTIVE
7728,6320,Time Deposit,1148761118,2026-11-26,SMG01,ACTIVE
7729,7654,Savings,114362669,2027-12-15,JKT02,ACTIVE
7730,4604,Savings,58736373,2026-12-27,SMG01,ACTIVE
7731,2121,Time Deposit,1011300145,2026-12-08,BDG01,ACTIVE
7732,1409,Time Deposit,260586499,2026-11-15,BDG01,ACTIVE
7733,608,Time Deposit,845028175,2026-11-17,YGY01,ACTIVE
7734,3489,Savings,21210203,2027-06-17,MDN01,ACTIVE
7735,8060,Time Deposit,400591460,2026-09-30,SBY01,ACTIVE
7736,1904,Savings,68290317,2028-02-29,SMG01,ACTIVE
7737,7402,Savings,8144395,2026-05-11,JKT01,ACTIVE
7738,2094,Savings,177582523,2028-02-10,JKT01,ACTIVE
7739,7046,Time Deposit,432608149,2026-09-04,SBY01,ACTIVE
7740,4079,Time Deposit,457737007,2026-08-25,JKT01,ACTIVE
7741,5620,Time Deposit,832062398,2026-04-05,JKT02,ACTIVE
7742,8040,Savings,193466187,2027-11-23,JKT02,ACTIVE
7743,271,Time Deposit,1048704396,2026-04-08,SMG01,ACTIVE
7744,6555,Savings,21519675,2027-06-06,JKT01,ACTIVE
7745,7150,Savings,28255966,2027-10-30,SBY01,ACTIVE
7746,2304,Time Deposit,703186980,2026-06-24,JKT01,ACTIVE
7747,3676,Savings,160033155,2027-02-12,JKT02,ACTIVE
7748,9819,Time Deposit,382963271,2026-12-13,JKT02,ACTIVE
7749,6299,Savings,78441333,2026-07-21,BDG01,ACTIVE
7750,7686,Savings,91181176,2026-10-07,YGY01,ACTIVE
7751,6466,Time Deposit,1707745505,2026-11-15,BDG01,ACTIVE
7752,3138,Time Deposit,409371685,2026-10-02,JKT01,ACTIVE
7753,4379,Savings,198133448,2026-06-27,JKT02,ACTIVE
7754,7937,Time Deposit,952315592,2026-11-27,MDN01,ACTIVE
7755,8385,Time Deposit,737029106,2027-01-17,SBY01,ACTIVE
7756,5713,Time Deposit,210459182,2026-06-09,JKT02,ACTIVE
7757,1239,Savings,138849139,2027-07-22,MDN01,ACTIVE
7758,87,Savings,131555780,2028-02-10,MDN01,ACTIVE
7759,1382,Savings,52487916,2027-08-13,YGY01,ACTIVE
7760,592,Savings,63643593,2027-07-03,JKT01,ACTIVE
7761,579,Savings,44259183,2026-08-10,JKT01,ACTIVE
7762,7567,Time Deposit,539327867,2026-04-12,YGY01,ACTIVE
7763,8047,Time Deposit,958818995,2026-12-09,SBY01,ACTIVE
7764,6889,Savings,10109282,2026-09-04,JKT02,ACTIVE
7765,5533,Savings,23431361,2027-08-09,JKT02,ACTIVE
7766,9237,Time Deposit,599142336,2026-11-12,SMG01,ACTIVE
7767,3354,Time Deposit,880313372,2026-11-27,JKT02,ACTIVE
7768,8592,Time Deposit,1174107368,2026-04-09,YGY01,ACTIVE
7769,7249,Savings,10986715,2027-12-22,JKT01,ACTIVE
7770,4416,Time Deposit,1044560916,2026-07-04,MDN01,ACTIVE
7771,2110,Time Deposit,1298811740,2027-02-26,SMG01,ACTIVE
7772,4382,Time Deposit,442994642,2026-05-12,SMG01,ACTIVE
7773,539,Time Deposit,179575023,2026-11-28,BDG01,ACTIVE
7774,3201,Savings,26318370,2027-03-08,MDN01,ACTIVE
7775,1980,Time Deposit,1524945637,2026-08-06,JKT01,ACTIVE
7776,9166,Savings,31300624,2027-05-15,YGY01,ACTIVE
7777,1601,Savings,38995027,2026-06-24,SBY01,ACTIVE
7778,8821,Savings,17814892,2026-06-04,JKT02,ACTIVE
7779,9456,Savings,63881321,2026-06-26,MDN01,ACTIVE
7780,2226,Time Deposit,1566744069,2026-11-04,MDN01,ACTIVE
7781,2573,Savings,78430509,2027-03-16,SBY01,ACTIVE
7782,757,Savings,21903579,2026-09-13,SMG01,ACTIVE
7783,6527,Savings,4639780,2026-05-24,JKT01,ACTIVE
7784,5466,Time Deposit,265301067,2026-10-08,YGY01,ACTIVE
7785,4887,Savings,19200512,2026-05-08,JKT02,ACTIVE
7786,8960,Savings,187078547,2026-07-23,SBY01,ACTIVE
7787,8175,Savings,22035984,2026-05-07,YGY01,ACTIVE
7788,8370,Savings,30097893,2026-09-07,SMG01,ACTIVE
7789,3712,Savings,18182871,2027-05-26,JKT02,ACTIVE
7790,1979,Savings,28296368,2027-05-30,JKT02,ACTIVE
7791,9263,Time Deposit,140013760,2026-11-22,JKT02,ACTIVE
7792,3877,Savings,36737489,2026-12-19,JKT01,ACTIVE
7793,8815,Savings,30181696,2027-03-28,JKT02,ACTIVE
7794,9505,Time Deposit,1012870571,2026-11-08,JKT02,ACTIVE
7795,3707,Time Deposit,1617462503,2026-07-18,SMG01,ACTIVE
7796,2635,Time Deposit,983249330,2026-07-04,JKT02,ACTIVE
7797,2536,Time Deposit,1081581827,2027-01-27,YGY01,ACTIVE
7798,9491,Savings,79828719,2027-05-15,YGY01,ACTIVE
7799,7693,Time Deposit,903566497,2026-09-04,BDG01,ACTIVE
7800,3001,Savings,34435586,2026-05-03,YGY01,ACTIVE
7801,3718,Savings,24021678,2027-10-09,SMG01,ACTIVE
7802,3917,Savings,75792366,2027-07-23,SBY01,ACTIVE
7803,7865,Savings,15407604,2027-09-08,BDG01,ACTIVE
7804,6439,Savings,69540286,2026-05-09,YGY01,ACTIVE
7805,4956,Savings,25619124,2027-07-29,YGY01,ACTIVE
7806,1246,Savings,17407310,2026-05-07,SBY01,ACTIVE
7807,9960,Savings,36824008,2027-06-26,BDG01,ACTIVE
7808,4801,Savings,48396855,2027-06-11,MDN01,ACTIVE
7809,2940,Savings,9178806,2027-07-15,SBY01,ACTIVE
7810,3596,Savings,16592937,2027-05-24,YGY01,ACTIVE
7811,4582,Savings,65020583,2027-02-15,JKT02,ACTIVE
7812,7680,Savings,17573847,2027-07-11,YGY01,ACTIVE
7813,7430,Savings,11199214,2027-11-18,SBY01,ACTIVE
7814,4097,Savings,118489695,2027-06-26,JKT01,ACTIVE
7815,1809,Time Deposit,861445678,2026-09-27,SMG01,ACTIVE
7816,4976,Time Deposit,973214827,2027-02-22,YGY01,ACTIVE
7817,2521,Savings,91845024,2026-05-16,SBY01,ACTIVE
7818,7899,Time Deposit,1095838445,2026-09-25,YGY01,ACTIVE
7819,858,Time Deposit,785348814,2026-06-02,JKT01,ACTIVE
7820,3479,Savings,91209441,2026-10-13,SMG01,ACTIVE
7821,8608,Time Deposit,1048532481,2027-02-16,JKT02,ACTIVE
7822,4072,Savings,20265179,2027-01-12,SBY01,ACTIVE
7823,4853,Time Deposit,700941753,2026-07-10,SMG01,ACTIVE
7824,2351,Savings,27002594,2026-09-16,MDN01,ACTIVE
7825,9487,Savings,41251976,2026-09-22,MDN01,ACTIVE
7826,9061,Savings,24802430,2026-08-03,BDG01,ACTIVE
7827,9135,Savings,150738074,2026-05-19,JKT02,ACTIVE
7828,6912,Savings,19451936,2027-03-01,JKT01,ACTIVE
7829,3004,Savings,3639967,2026-06-22,JKT01,ACTIVE
7830,7678,Savings,18497932,2027-08-26,JKT02,ACTIVE
7831,8761,Savings,29564472,2026-12-12,SBY01,ACTIVE
7832,9317,Time Deposit,805912135,2026-11-23,SBY01,ACTIVE
7833,1228,Savings,115864073,2027-01-29,SMG01,ACTIVE
7834,9556,Time Deposit,585586958,2026-12-15,YGY01,ACTIVE
7835,3042,Savings,8001275,2026-06-17,BDG01,ACTIVE
7836,8489,Savings,35210313,2028-02-26,SBY01,ACTIVE
7837,4253,Savings,114638750,2026-07-27,SMG01,ACTIVE
7838,5366,Time Deposit,877348734,2026-09-27,JKT02,ACTIVE
7839,2425,Savings,76024573,2026-08-18,JKT01,ACTIVE
7840,8060,Time Deposit,642113299,2026-11-10,SBY01,ACTIVE
7841,253,Savings,37712702,2027-07-13,SBY01,ACTIVE
7842,1898,Savings,11298757,2027-06-08,BDG01,ACTIVE
7843,798,Time Deposit,170895291,2026-12-02,YGY01,ACTIVE
7844,7646,Time Deposit,1416011452,2026-12-30,SMG01,ACTIVE
7845,142,Savings,8848471,2028-01-03,SMG01,ACTIVE
7846,8479,Savings,9502890,2027-04-23,JKT01,ACTIVE
7847,1540,Time Deposit,410176308,2026-09-30,BDG01,ACTIVE
7848,3131,Time Deposit,989868617,2026-04-28,JKT01,ACTIVE
7849,2867,Savings,20224146,2026-05-29,YGY01,ACTIVE
7850,9675,Time Deposit,1342376968,2026-12-21,JKT01,ACTIVE
7851,9842,Savings,30711464,2026-07-26,JKT01,ACTIVE
7852,3937,Savings,6708852,2026-07-17,JKT01,ACTIVE
7853,5348,Savings,14901571,2027-04-01,YGY01,ACTIVE
7854,9318,Savings,33733408,2027-07-18,SMG01,ACTIVE
7855,223,Time Deposit,293729324,2026-04-19,SMG01,ACTIVE
7856,5376,Savings,54255474,2028-02-19,YGY01,ACTIVE
7857,2889,Time Deposit,880483510,2027-01-03,BDG01,ACTIVE
7858,8126,Time Deposit,260283761,2026-11-10,BDG01,ACTIVE
7859,3908,Savings,14574447,2027-11-29,JKT02,ACTIVE
7860,2482,Savings,6272811,2027-10-22,JKT02,ACTIVE
7861,5734,Savings,66236127,2027-04-02,JKT02,ACTIVE
7862,5336,Savings,13686605,2026-08-22,MDN01,ACTIVE
7863,2672,Savings,7040109,2027-11-04,SBY01,ACTIVE
7864,2332,Savings,56111678,2026-10-15,SBY01,ACTIVE
7865,5230,Time Deposit,1053002722,2026-10-04,SBY01,ACTIVE
7866,5171,Time Deposit,1063297922,2026-11-18,MDN01,ACTIVE
7867,2013,Time Deposit,1256548305,2027-02-07,BDG01,ACTIVE
7868,3850,Savings,4790864,2027-09-27,BDG01,ACTIVE
7869,7412,Savings,110024507,2027-07-05,BDG01,ACTIVE
7870,1434,Time Deposit,671297123,2026-07-20,MDN01,ACTIVE
7871,6420,Savings,108147872,2027-05-07,MDN01,ACTIVE
7872,2692,Time Deposit,1494761039,2026-04-12,JKT01,ACTIVE
7873,519,Time Deposit,1155840796,2026-12-14,BDG01,ACTIVE
7874,8011,Savings,70065741,2027-05-04,BDG01,ACTIVE
7875,1241,Savings,63021209,2026-06-05,BDG01,ACTIVE
7876,5392,Savings,32215718,2027-03-11,MDN01,ACTIVE
7877,4802,Savings,13600963,2027-10-12,JKT02,ACTIVE
7878,3473,Savings,67642646,2027-07-17,JKT02,ACTIVE
7879,9529,Time Deposit,1031308766,2026-11-12,SBY01,ACTIVE
7880,9702,Savings,66768293,2027-07-25,JKT01,ACTIVE
7881,4002,Savings,2401798,2028-01-08,JKT01,ACTIVE
7882,8760,Time Deposit,1160777164,2026-06-24,YGY01,ACTIVE
7883,4054,Savings,128925461,2027-10-18,MDN01,ACTIVE
7884,9451,Time Deposit,822460792,2026-11-09,MDN01,ACTIVE
7885,599,Savings,55393347,2026-12-14,MDN01,ACTIVE
7886,1797,Savings,10255196,2027-08-30,MDN01,ACTIVE
7887,9219,Savings,14036334,2027-01-01,MDN01,ACTIVE
7888,9514,Savings,70684723,2027-08-16,JKT02,ACTIVE
7889,1203,Savings,67155473,2026-09-07,YGY01,ACTIVE
7890,4682,Savings,15546210,2026-06-22,SBY01,ACTIVE
7891,2961,Savings,7491220,2027-12-14,YGY01,ACTIVE
7892,2212,Savings,8519437,2027-07-20,JKT02,ACTIVE
7893,2225,Savings,31325583,2027-12-26,MDN01,ACTIVE
7894,3363,Savings,38483801,2027-07-06,SMG01,ACTIVE
7895,1845,Time Deposit,879311645,2026-11-05,JKT02,ACTIVE
7896,2570,Time Deposit,1089901326,2026-11-03,SBY01,ACTIVE
7897,8206,Savings,84144230,2027-07-18,BDG01,ACTIVE
7898,1318,Savings,31507716,2027-09-10,MDN01,ACTIVE
7899,6256,Savings,52056376,2026-05-12,JKT01,ACTIVE
7900,1845,Savings,107665540,2028-01-22,YGY01,ACTIVE
7901,8286,Time Deposit,895528470,2026-04-10,SMG01,ACTIVE
7902,8061,Time Deposit,1330809552,2026-07-09,JKT01,ACTIVE
7903,2862,Time Deposit,733364647,2026-08-05,SBY01,ACTIVE
7904,1130,Savings,10839050,2027-10-27,JKT01,ACTIVE
7905,5522,Savings,240329392,2027-01-26,MDN01,ACTIVE
7906,6560,Savings,16920856,2026-07-07,MDN01,ACTIVE
7907,7837,Time Deposit,617869519,2026-12-27,MDN01,ACTIVE
7908,3424,Time Deposit,607682118,2026-04-10,YGY01,ACTIVE
7909,7747,Savings,26219104,2026-12-01,JKT02,ACTIVE
7910,1332,Time Deposit,702682911,2026-04-08,SMG01,ACTIVE
7911,166,Savings,77857061,2027-05-20,BDG01,ACTIVE
7912,2923,Savings,10869542,2026-07-09,BDG01,ACTIVE
7913,6781,Savings,122715813,2027-03-24,SMG01,ACTIVE
7914,2228,Time Deposit,662166927,2026-06-07,YGY01,ACTIVE
7915,6662,Savings,31405570,2026-04-28,JKT01,ACTIVE
7916,1743,Savings,18861193,2028-02-11,YGY01,ACTIVE
7917,5381,Time Deposit,326304832,2026-03-22,SMG01,ACTIVE
7918,8702,Savings,180339885,2028-03-06,JKT01,ACTIVE
7919,7669,Savings,93631408,2027-11-25,SMG01,ACTIVE
7920,681,Time Deposit,231466669,2026-10-26,SMG01,ACTIVE
7921,7397,Savings,30162797,2027-05-13,BDG01,ACTIVE
7922,3976,Savings,24670416,2027-09-01,YGY01,ACTIVE
7923,3120,Savings,44225258,2026-10-16,JKT02,ACTIVE
7924,3045,Savings,16695550,2027-10-26,MDN01,ACTIVE
7925,4423,Savings,28993356,2027-03-27,MDN01,ACTIVE
7926,1975,Savings,20281371,2027-08-25,MDN01,ACTIVE
7927,555,Savings,31488725,2027-02-15,MDN01,ACTIVE
7928,9965,Savings,188756624,2026-05-01,MDN01,ACTIVE
7929,7592,Savings,34843730,2026-08-04,SBY01,ACTIVE
7930,9207,Time Deposit,582451183,2026-07-11,MDN01,ACTIVE
7931,5025,Time Deposit,450413750,2026-10-07,JKT02,ACTIVE
7932,9679,Savings,64060438,2026-05-14,BDG01,ACTIVE
7933,4125,Savings,100795461,2026-11-30,BDG01,ACTIVE
7934,8135,Savings,104732951,2027-05-17,BDG01,ACTIVE
7935,8822,Savings,39285835,2028-03-09,MDN01,ACTIVE
7936,5439,Savings,11476919,2026-05-24,YGY01,ACTIVE
7937,1935,Savings,165320828,2027-01-15,MDN01,ACTIVE
7938,4373,Time Deposit,317536243,2026-09-17,JKT01,ACTIVE
7939,25,Savings,35919529,2028-01-12,BDG01,ACTIVE
7940,36,Savings,30031751,2027-08-08,JKT02,ACTIVE
7941,3972,Time Deposit,326353033,2026-05-22,SBY01,ACTIVE
7942,9031,Savings,59942469,2026-04-24,BDG01,ACTIVE
7943,5754,Time Deposit,1211297025,2026-09-17,YGY01,ACTIVE
7944,2625,Savings,49903616,2026-09-23,JKT02,ACTIVE
7945,5809,Savings,79527847,2027-08-02,BDG01,ACTIVE
7946,1490,Savings,124252254,2028-01-14,YGY01,ACTIVE
7947,5830,Savings,185168815,2027-08-31,YGY01,ACTIVE
7948,3104,Time Deposit,273712831,2026-12-28,BDG01,ACTIVE
7949,4254,Time Deposit,874843367,2026-05-26,YGY01,ACTIVE
7950,3982,Time Deposit,360306669,2027-01-12,MDN01,ACTIVE
7951,5576,Savings,34838258,2027-10-14,SMG01,ACTIVE
7952,4872,Time Deposit,463577212,2026-05-23,MDN01,ACTIVE
7953,8742,Savings,16591573,2026-12-02,MDN01,ACTIVE
7954,7080,Savings,20327627,2027-09-11,JKT01,ACTIVE
7955,6810,Time Deposit,1467001164,2026-05-19,BDG01,ACTIVE
7956,1917,Time Deposit,1238853437,2027-03-05,JKT02,ACTIVE
7957,3504,Savings,23928358,2027-11-24,YGY01,ACTIVE
7958,6934,Savings,4656217,2026-09-27,MDN01,ACTIVE
7959,4162,Time Deposit,216407884,2026-11-30,SMG01,ACTIVE
7960,1732,Savings,11953741,2027-09-04,MDN01,ACTIVE
7961,6,Savings,16975429,2028-02-20,SMG01,ACTIVE
7962,7511,Savings,28056854,2026-06-26,SBY01,ACTIVE
7963,675,Savings,63909589,2026-08-17,SBY01,ACTIVE
7964,9254,Savings,67916031,2027-10-14,MDN01,ACTIVE
7965,5249,Savings,7172246,2028-02-05,JKT02,ACTIVE
7966,3940,Time Deposit,1110722219,2026-11-29,BDG01,ACTIVE
7967,7581,Savings,85680870,2026-12-04,SMG01,ACTIVE
7968,9241,Time Deposit,441310197,2026-09-06,SBY01,ACTIVE
7969,686,Time Deposit,1258436236,2026-09-09,BDG01,ACTIVE
7970,5962,Savings,27629757,2026-06-22,MDN01,ACTIVE
7971,9609,Savings,158041678,2027-02-10,SMG01,ACTIVE
7972,9470,Savings,13209859,2028-01-24,JKT01,ACTIVE
7973,3650,Savings,241009042,2027-01-03,BDG01,ACTIVE
7974,8560,Time Deposit,669623961,2027-01-02,YGY01,ACTIVE
7975,2170,Time Deposit,244267111,2026-05-18,YGY01,ACTIVE
7976,6870,Savings,95327309,2027-08-12,YGY01,ACTIVE
7977,400,Time Deposit,179560684,2026-10-01,SBY01,ACTIVE
7978,8364,Savings,43471669,2027-08-26,JKT02,ACTIVE
7979,4340,Time Deposit,876819805,2027-03-15,BDG01,ACTIVE
7980,712,Time Deposit,785554268,2026-04-29,MDN01,ACTIVE
7981,8400,Savings,241255302,2026-06-06,BDG01,ACTIVE
7982,5551,Time Deposit,852974003,2026-08-25,BDG01,ACTIVE
7983,3480,Time Deposit,318270883,2026-06-26,SBY01,ACTIVE
7984,7829,Savings,80867127,2026-09-25,SMG01,ACTIVE
7985,6229,Savings,172768027,2027-07-01,YGY01,ACTIVE
7986,7651,Time Deposit,1094749107,2026-06-22,MDN01,ACTIVE
7987,2700,Savings,29968440,2027-03-04,YGY01,ACTIVE
7988,6032,Savings,25719139,2027-04-24,SMG01,ACTIVE
7989,1084,Time Deposit,239223015,2026-12-11,BDG01,ACTIVE
7990,5829,Time Deposit,241501602,2026-10-04,YGY01,ACTIVE
7991,5560,Time Deposit,686137955,2026-12-28,JKT01,ACTIVE
7992,5062,Savings,21688171,2027-05-12,MDN01,ACTIVE
7993,4417,Savings,20696734,2028-01-02,MDN01,ACTIVE
7994,7542,Time Deposit,658887814,2026-07-02,BDG01,ACTIVE
7995,6486,Savings,19300478,2027-08-11,JKT02,ACTIVE
7996,3305,Time Deposit,934874731,2027-02-17,JKT01,ACTIVE
7997,1888,Savings,83132437,2026-10-24,SBY01,ACTIVE
7998,5027,Savings,9164735,2026-11-23,MDN01,ACTIVE
7999,4362,Savings,27561884,2027-01-31,YGY01,ACTIVE
8000,7099,Savings,12085296,2028-01-17,JKT02,ACTIVE
8001,7895,Savings,40569571,2028-02-26,SBY01,ACTIVE
8002,3917,Time Deposit,1026459857,2026-12-11,BDG01,ACTIVE
8003,675,Time Deposit,1020463713,2026-08-05,MDN01,ACTIVE
8004,2013,Savings,152458438,2026-11-15,SMG01,ACTIVE
8005,5686,Time Deposit,954711835,2026-05-04,BDG01,ACTIVE
8006,9418,Savings,14706249,2027-11-27,SMG01,ACTIVE
8007,6886,Savings,31584917,2027-11-25,BDG01,ACTIVE
8008,9267,Savings,129637220,2028-01-06,SBY01,ACTIVE
8009,792,Savings,22471654,2027-07-24,SBY01,ACTIVE
8010,8191,Savings,112585190,2026-07-29,YGY01,ACTIVE
8011,8964,Time Deposit,255526993,2026-04-14,BDG01,ACTIVE
8012,8508,Savings,41029896,2027-12-18,JKT02,ACTIVE
8013,8438,Savings,106341432,2027-12-07,MDN01,ACTIVE
8014,4895,Savings,6100623,2027-07-24,JKT02,ACTIVE
8015,1202,Savings,39514792,2028-03-10,JKT02,ACTIVE
8016,1292,Savings,78870346,2028-01-07,JKT01,ACTIVE
8017,4725,Time Deposit,616248644,2026-07-22,MDN01,ACTIVE
8018,7111,Savings,23533931,2026-10-02,SBY01,ACTIVE
8019,7119,Time Deposit,522619192,2026-04-05,BDG01,ACTIVE
8020,3151,Savings,49489516,2026-06-10,MDN01,ACTIVE
8021,8614,Time Deposit,864756828,2027-01-11,SMG01,ACTIVE
8022,4884,Savings,146048022,2028-01-15,JKT02,ACTIVE
8023,8122,Savings,26114576,2027-04-03,MDN01,ACTIVE
8024,4102,Savings,37463735,2027-01-05,JKT01,ACTIVE
8025,7733,Time Deposit,601046936,2027-01-03,YGY01,ACTIVE
8026,1611,Savings,24194811,2027-11-07,SMG01,ACTIVE
8027,1758,Time Deposit,1327560622,2026-08-03,JKT01,ACTIVE
8028,199,Savings,28028377,2027-07-25,JKT02,ACTIVE
8029,3753,Time Deposit,136682492,2026-12-08,YGY01,ACTIVE
8030,7366,Savings,81537330,2027-10-09,MDN01,ACTIVE
8031,7565,Savings,181970326,2027-06-14,YGY01,ACTIVE
8032,5122,Time Deposit,269012035,2026-06-22,YGY01,ACTIVE
8033,5234,Savings,106227623,2026-11-24,JKT01,ACTIVE
8034,7583,Time Deposit,277754143,2026-06-25,MDN01,ACTIVE
8035,4853,Time Deposit,1145448132,2026-08-13,JKT02,ACTIVE
8036,4820,Savings,17782334,2027-01-16,JKT02,ACTIVE
8037,4650,Savings,6971958,2026-05-10,MDN01,ACTIVE
8038,3842,Time Deposit,740732679,2027-01-04,JKT01,ACTIVE
8039,8291,Time Deposit,1142028255,2026-07-18,JKT01,ACTIVE
8040,4299,Savings,40186290,2027-12-31,MDN01,ACTIVE
8041,2632,Time Deposit,1468899687,2026-11-24,BDG01,ACTIVE
8042,1901,Savings,48906982,2028-01-21,MDN01,ACTIVE
8043,9387,Savings,131722470,2027-04-03,SBY01,ACTIVE
8044,8261,Time Deposit,1068864831,2026-06-12,JKT02,ACTIVE
8045,8436,Time Deposit,1141035818,2026-12-01,JKT01,ACTIVE
8046,8384,Time Deposit,1041599016,2026-06-12,YGY01,ACTIVE
8047,8355,Savings,81721814,2026-11-20,JKT02,ACTIVE
8048,2560,Savings,17390786,2028-01-28,MDN01,ACTIVE
8049,6179,Time Deposit,235399130,2026-11-12,YGY01,ACTIVE
8050,5469,Savings,118681554,2027-01-28,BDG01,ACTIVE
8051,2744,Savings,53239631,2027-08-27,MDN01,ACTIVE
8052,8646,Savings,18804296,2026-09-06,YGY01,ACTIVE
8053,2308,Savings,33869655,2026-07-25,SMG01,ACTIVE
8054,4092,Time Deposit,1326137761,2026-10-20,MDN01,ACTIVE
8055,2814,Savings,114378589,2026-12-26,JKT02,ACTIVE
8056,3572,Savings,114018205,2028-03-02,YGY01,ACTIVE
8057,1660,Savings,9933419,2026-04-24,SBY01,ACTIVE
8058,9319,Time Deposit,442436069,2026-11-27,SBY01,ACTIVE
8059,4593,Savings,19728965,2027-02-28,JKT02,ACTIVE
8060,5808,Savings,36563606,2027-07-20,YGY01,ACTIVE
8061,4402,Time Deposit,380819822,2027-01-01,JKT01,ACTIVE
8062,6739,Time Deposit,749743688,2026-11-02,YGY01,ACTIVE
8063,2301,Time Deposit,593033760,2026-04-09,JKT01,ACTIVE
8064,8871,Savings,85792922,2026-06-26,JKT02,ACTIVE
8065,729,Time Deposit,1441200656,2026-05-16,MDN01,ACTIVE
8066,1754,Savings,47880568,2028-01-25,SBY01,ACTIVE
8067,6789,Savings,24322541,2027-01-06,MDN01,ACTIVE
8068,1215,Savings,21203599,2027-01-02,YGY01,ACTIVE
8069,5760,Savings,16147483,2028-03-04,BDG01,ACTIVE
8070,6812,Savings,89735761,2027-09-13,JKT01,ACTIVE
8071,8415,Savings,23786175,2026-07-18,BDG01,ACTIVE
8072,6325,Time Deposit,525290728,2027-02-23,SMG01,ACTIVE
8073,135,Time Deposit,156203605,2026-09-05,SMG01,ACTIVE
8074,1539,Time Deposit,1042368926,2026-08-30,MDN01,ACTIVE
8075,2301,Time Deposit,1091840965,2026-07-23,JKT01,ACTIVE
8076,7738,Time Deposit,904105420,2026-11-27,JKT02,ACTIVE
8077,4864,Savings,40278057,2027-06-15,MDN01,ACTIVE
8078,3395,Savings,93408506,2026-10-30,JKT02,ACTIVE
8079,6850,Time Deposit,431341617,2026-04-03,MDN01,ACTIVE
8080,3609,Savings,98180589,2027-06-21,SMG01,ACTIVE
8081,1001,Savings,130124546,2027-12-21,SMG01,ACTIVE
8082,9698,Savings,65017135,2027-07-20,MDN01,ACTIVE
8083,4762,Savings,20837191,2026-08-26,JKT02,ACTIVE
8084,5800,Savings,63799514,2027-06-11,SBY01,ACTIVE
8085,1069,Savings,16194132,2028-02-17,SBY01,ACTIVE
8086,1888,Time Deposit,730888265,2027-03-03,SBY01,ACTIVE
8087,3963,Savings,24228233,2027-05-13,SBY01,ACTIVE
8088,8494,Savings,9276225,2026-04-28,JKT01,ACTIVE
8089,6368,Time Deposit,1237376700,2026-11-23,YGY01,ACTIVE
8090,6706,Time Deposit,1573675740,2027-01-24,SMG01,ACTIVE
8091,8238,Savings,39947263,2027-05-04,JKT01,ACTIVE
8092,4462,Savings,35739798,2026-06-08,SMG01,ACTIVE
8093,9916,Savings,15213864,2026-09-20,JKT01,ACTIVE
8094,7690,Savings,67821741,2027-02-13,YGY01,ACTIVE
8095,4571,Savings,10093952,2028-01-27,YGY01,ACTIVE
8096,5202,Time Deposit,620960679,2026-08-26,MDN01,ACTIVE
8097,8423,Savings,19406977,2027-02-02,MDN01,ACTIVE
8098,8863,Savings,10083385,2026-06-15,SMG01,ACTIVE
8099,4043,Savings,39737566,2027-07-24,BDG01,ACTIVE
8100,551,Savings,21238279,2027-03-25,YGY01,ACTIVE
8101,8712,Savings,165290924,2027-07-25,SMG01,ACTIVE
8102,93,Savings,16985231,2027-02-20,YGY01,ACTIVE
8103,5048,Time Deposit,1796185380,2026-04-05,MDN01,ACTIVE
8104,6278,Savings,140839696,2027-06-30,SMG01,ACTIVE
8105,9539,Savings,34041916,2027-06-23,JKT02,ACTIVE
8106,9268,Savings,118126000,2027-12-06,JKT01,ACTIVE
8107,9737,Savings,35756946,2027-07-04,BDG01,ACTIVE
8108,4607,Savings,20301325,2027-11-01,JKT01,ACTIVE
8109,6593,Time Deposit,1554866276,2027-03-11,JKT01,ACTIVE
8110,7256,Time Deposit,876157519,2027-03-11,JKT02,ACTIVE
8111,5139,Savings,77302564,2027-08-28,JKT01,ACTIVE
8112,7848,Savings,43876818,2027-11-06,SBY01,ACTIVE
8113,4662,Time Deposit,1503115783,2026-10-25,YGY01,ACTIVE
8114,2789,Time Deposit,753826906,2026-11-01,JKT01,ACTIVE
8115,2548,Time Deposit,1071154677,2026-05-14,JKT02,ACTIVE
8116,5878,Time Deposit,349651567,2026-07-11,YGY01,ACTIVE
8117,1453,Savings,35879318,2028-02-21,JKT02,ACTIVE
8118,6089,Savings,19029550,2026-06-28,JKT02,ACTIVE
8119,7647,Savings,27754545,2026-05-28,SMG01,ACTIVE
8120,4364,Time Deposit,415041043,2026-11-02,SBY01,ACTIVE
8121,4866,Savings,16607608,2026-11-15,SBY01,ACTIVE
8122,8185,Time Deposit,926479626,2026-08-02,YGY01,ACTIVE
8123,6255,Time Deposit,640058844,2026-09-01,SMG01,ACTIVE
8124,9544,Savings,11194957,2027-10-24,JKT02,ACTIVE
8125,6190,Savings,13472349,2026-04-15,BDG01,ACTIVE
8126,8906,Savings,37807765,2026-10-28,JKT02,ACTIVE
8127,8274,Time Deposit,1493651165,2026-04-18,JKT01,ACTIVE
8128,2938,Time Deposit,1418450067,2026-05-27,BDG01,ACTIVE
8129,760,Time Deposit,1032320957,2027-01-12,SMG01,ACTIVE
8130,5600,Time Deposit,1500562913,2026-04-26,JKT02,ACTIVE
8131,1592,Time Deposit,278076912,2026-12-14,SMG01,ACTIVE
8132,643,Savings,86613641,2026-10-31,SBY01,ACTIVE
8133,2676,Savings,23616829,2027-07-05,YGY01,ACTIVE
8134,9982,Savings,20958988,2027-02-19,JKT01,ACTIVE
8135,5406,Time Deposit,575152052,2026-09-16,SMG01,ACTIVE
8136,7879,Savings,114375744,2026-09-22,SBY01,ACTIVE
8137,4433,Time Deposit,1557422021,2026-11-17,SMG01,ACTIVE
8138,1854,Savings,24576974,2026-06-07,JKT01,ACTIVE
8139,9633,Savings,23924024,2027-08-02,BDG01,ACTIVE
8140,6142,Time Deposit,1115963163,2026-10-13,JKT02,ACTIVE
8141,2453,Savings,197765709,2026-06-27,SMG01,ACTIVE
8142,1997,Savings,17581343,2027-11-01,SBY01,ACTIVE
8143,9095,Savings,5828331,2026-08-05,SBY01,ACTIVE
8144,500,Time Deposit,951255690,2026-10-19,JKT01,ACTIVE
8145,2155,Savings,9205332,2026-07-29,SBY01,ACTIVE
8146,5822,Savings,77927566,2027-10-23,BDG01,ACTIVE
8147,3158,Savings,23272197,2028-02-04,SBY01,ACTIVE
8148,1337,Savings,33781407,2027-04-04,YGY01,ACTIVE
8149,2016,Time Deposit,1129808804,2026-11-15,MDN01,ACTIVE
8150,6496,Time Deposit,579460960,2026-04-17,JKT01,ACTIVE
8151,2827,Time Deposit,204686408,2027-02-07,JKT02,ACTIVE
8152,1980,Time Deposit,1867945553,2026-07-01,BDG01,ACTIVE
8153,6793,Time Deposit,1186117558,2026-10-12,SMG01,ACTIVE
8154,4123,Savings,2915767,2027-06-16,JKT01,ACTIVE
8155,1215,Time Deposit,334341602,2026-09-19,SMG01,ACTIVE
8156,9345,Savings,7460425,2027-04-04,JKT01,ACTIVE
8157,2364,Savings,20383999,2027-10-23,MDN01,ACTIVE
8158,560,Time Deposit,508184967,2026-04-26,SBY01,ACTIVE
8159,4022,Savings,101199926,2028-03-15,YGY01,ACTIVE
8160,4873,Time Deposit,361117773,2026-05-23,JKT02,ACTIVE
8161,9626,Savings,116741795,2027-01-19,MDN01,ACTIVE
8162,7222,Savings,35702160,2026-05-09,MDN01,ACTIVE
8163,4273,Savings,22313436,2026-12-10,SBY01,ACTIVE
8164,5344,Time Deposit,1455170861,2026-11-02,SMG01,ACTIVE
8165,7043,Savings,22115891,2028-01-10,MDN01,ACTIVE
8166,8921,Time Deposit,944853901,2026-05-03,SMG01,ACTIVE
8167,994,Savings,24561129,2028-02-20,YGY01,ACTIVE
8168,6155,Savings,89655926,2027-06-18,SMG01,ACTIVE
8169,421,Savings,48805876,2026-07-28,BDG01,ACTIVE
8170,1981,Time Deposit,1175500512,2026-04-10,SMG01,ACTIVE
8171,2067,Savings,34434591,2027-08-24,JKT01,ACTIVE
8172,8998,Savings,135783205,2027-04-09,BDG01,ACTIVE
8173,9410,Savings,23907532,2026-08-04,MDN01,ACTIVE
8174,5477,Time Deposit,1074312099,2026-04-29,MDN01,ACTIVE
8175,3254,Savings,126954325,2027-01-09,JKT02,ACTIVE
8176,2233,Savings,24331931,2026-11-07,MDN01,ACTIVE
8177,1958,Time Deposit,1201002477,2026-07-16,JKT02,ACTIVE
8178,6468,Savings,67643667,2027-02-18,JKT02,ACTIVE
8179,7964,Savings,51171308,2028-01-26,JKT02,ACTIVE
8180,2454,Savings,15704195,2026-06-28,JKT02,ACTIVE
8181,1353,Time Deposit,933884330,2027-01-21,JKT01,ACTIVE
8182,8918,Time Deposit,508307593,2026-12-03,MDN01,ACTIVE
8183,2633,Savings,23976083,2026-12-06,JKT01,ACTIVE
8184,6072,Time Deposit,286922207,2026-04-15,YGY01,ACTIVE
8185,7448,Time Deposit,545447083,2026-04-06,YGY01,ACTIVE
8186,7301,Savings,44652446,2027-05-09,SBY01,ACTIVE
8187,5324,Savings,108803706,2026-11-03,BDG01,ACTIVE
8188,6399,Savings,78221900,2028-03-09,YGY01,ACTIVE
8189,4636,Savings,17334211,2026-06-25,MDN01,ACTIVE
8190,737,Time Deposit,1197317158,2026-07-10,JKT02,ACTIVE
8191,7442,Savings,7068530,2027-05-21,JKT02,ACTIVE
8192,4847,Time Deposit,177934006,2026-04-11,BDG01,ACTIVE
8193,600,Savings,26638693,2027-05-03,JKT01,ACTIVE
8194,8985,Time Deposit,184884456,2026-07-29,YGY01,ACTIVE
8195,9896,Savings,18031598,2027-02-03,YGY01,ACTIVE
8196,3550,Time Deposit,656426011,2026-07-29,SBY01,ACTIVE
8197,8141,Savings,86873366,2026-12-17,JKT01,ACTIVE
8198,2443,Savings,8444179,2027-07-02,YGY01,ACTIVE
8199,8679,Savings,79915138,2026-10-23,JKT02,ACTIVE
8200,4038,Savings,8589098,2027-07-20,JKT02,ACTIVE
8201,6388,Savings,8573286,2027-12-24,BDG01,ACTIVE
8202,7477,Savings,67299305,2027-03-19,JKT01,ACTIVE
8203,8481,Savings,29184190,2027-11-18,JKT02,ACTIVE
8204,6075,Time Deposit,261751584,2026-04-05,SMG01,ACTIVE
8205,7800,Savings,14361060,2027-08-07,YGY01,ACTIVE
8206,8402,Savings,14535277,2027-05-08,BDG01,ACTIVE
8207,8976,Savings,42646680,2027-10-03,MDN01,ACTIVE
8208,924,Time Deposit,151708610,2026-04-19,JKT02,ACTIVE
8209,1610,Savings,29458889,2027-02-07,BDG01,ACTIVE
8210,1735,Savings,10700577,2027-02-08,MDN01,ACTIVE
8211,2028,Savings,156145898,2026-12-06,YGY01,ACTIVE
8212,374,Savings,41080646,2026-10-01,SMG01,ACTIVE
8213,3317,Savings,4569237,2026-08-25,SMG01,ACTIVE
8214,1978,Savings,39565586,2027-09-12,SBY01,ACTIVE
8215,6442,Savings,4247529,2027-07-22,BDG01,ACTIVE
8216,1529,Savings,141764162,2027-03-14,BDG01,ACTIVE
8217,3947,Savings,50893896,2027-07-01,JKT01,ACTIVE
8218,4374,Savings,165948281,2026-08-12,BDG01,ACTIVE
8219,2408,Savings,37379438,2027-09-02,YGY01,ACTIVE
8220,2448,Savings,43006143,2028-01-05,SBY01,ACTIVE
8221,1322,Savings,11309304,2026-05-20,MDN01,ACTIVE
8222,5885,Time Deposit,487790216,2026-07-26,YGY01,ACTIVE
8223,6367,Savings,17403755,2026-12-21,SMG01,ACTIVE
8224,4425,Savings,43002201,2027-01-04,SMG01,ACTIVE
8225,5524,Savings,55784038,2027-01-20,JKT02,ACTIVE
8226,8739,Savings,50014783,2027-05-22,SMG01,ACTIVE
8227,9450,Savings,13206894,2026-06-25,YGY01,ACTIVE
8228,2979,Savings,56639468,2027-11-10,SBY01,ACTIVE
8229,7013,Savings,41985544,2027-04-26,JKT02,ACTIVE
8230,7127,Savings,194557166,2026-07-29,SMG01,ACTIVE
8231,9270,Savings,41267628,2026-10-23,SMG01,ACTIVE
8232,8870,Savings,116641729,2028-01-17,SMG01,ACTIVE
8233,7654,Time Deposit,997818869,2026-10-27,MDN01,ACTIVE
8234,2204,Savings,24137086,2027-03-24,JKT02,ACTIVE
8235,693,Time Deposit,138822321,2026-08-24,MDN01,ACTIVE
8236,917,Savings,20440957,2027-04-18,MDN01,ACTIVE
8237,935,Time Deposit,307033854,2026-10-24,BDG01,ACTIVE
8238,5450,Savings,4731021,2026-08-31,JKT01,ACTIVE
8239,5222,Savings,22478485,2026-05-26,MDN01,ACTIVE
8240,6687,Time Deposit,422990968,2026-12-20,BDG01,ACTIVE
8241,1646,Savings,174530371,2028-01-07,BDG01,ACTIVE
8242,91,Savings,6520326,2027-11-25,SMG01,ACTIVE
8243,6967,Time Deposit,423702271,2026-07-25,BDG01,ACTIVE
8244,6293,Savings,26235964,2027-05-13,YGY01,ACTIVE
8245,1463,Savings,36524544,2026-10-20,SBY01,ACTIVE
8246,3343,Savings,93837695,2027-08-30,MDN01,ACTIVE
8247,4535,Time Deposit,718201104,2026-09-20,MDN01,ACTIVE
8248,3456,Savings,18068113,2027-07-31,BDG01,ACTIVE
8249,9504,Savings,17327614,2027-12-15,MDN01,ACTIVE
8250,1849,Savings,14397494,2027-12-19,BDG01,ACTIVE
8251,9237,Time Deposit,874085375,2026-11-16,JKT02,ACTIVE
8252,3166,Savings,16253899,2027-09-09,BDG01,ACTIVE
8253,9442,Time Deposit,1194188689,2026-11-02,MDN01,ACTIVE
8254,6988,Savings,22306184,2026-06-18,MDN01,ACTIVE
8255,1565,Savings,23280988,2027-07-25,MDN01,ACTIVE
8256,547,Savings,36888795,2026-06-20,JKT01,ACTIVE
8257,260,Time Deposit,1000077188,2026-06-13,YGY01,ACTIVE
8258,1933,Time Deposit,507922220,2026-12-16,SBY01,ACTIVE
8259,5661,Time Deposit,1555796229,2026-04-08,JKT01,ACTIVE
8260,7750,Savings,32503337,2026-07-25,BDG01,ACTIVE
8261,5299,Savings,57790972,2027-05-16,MDN01,ACTIVE
8262,9387,Savings,47617749,2026-06-23,JKT02,ACTIVE
8263,2777,Time Deposit,1065824289,2027-01-31,SBY01,ACTIVE
8264,9912,Savings,72165028,2026-07-08,JKT02,ACTIVE
8265,7881,Savings,27033875,2027-08-13,MDN01,ACTIVE
8266,1584,Time Deposit,286439985,2026-06-12,MDN01,ACTIVE
8267,781,Savings,103801057,2026-09-08,JKT02,ACTIVE
8268,7994,Time Deposit,901074672,2026-09-12,SBY01,ACTIVE
8269,7212,Savings,94568815,2027-02-06,MDN01,ACTIVE
8270,8898,Savings,104658477,2027-08-11,YGY01,ACTIVE
8271,6435,Savings,13872899,2027-07-14,JKT01,ACTIVE
8272,8931,Time Deposit,1315914472,2027-02-11,SBY01,ACTIVE
8273,6979,Savings,51408946,2026-08-09,SMG01,ACTIVE
8274,7342,Savings,16677264,2026-11-23,SBY01,ACTIVE
8275,6312,Time Deposit,752603022,2026-11-13,JKT02,ACTIVE
8276,7112,Time Deposit,357460807,2026-07-17,JKT02,ACTIVE
8277,8356,Time Deposit,539702323,2026-10-30,JKT01,ACTIVE
8278,3376,Savings,22547340,2027-05-28,BDG01,ACTIVE
8279,476,Savings,8669819,2028-01-20,YGY01,ACTIVE
8280,1757,Time Deposit,613207865,2026-04-14,SBY01,ACTIVE
8281,3083,Time Deposit,905419203,2026-09-11,MDN01,ACTIVE
8282,6191,Savings,172709154,2026-07-15,MDN01,ACTIVE
8283,2453,Time Deposit,772963291,2027-02-01,MDN01,ACTIVE
8284,1084,Savings,24855872,2026-06-28,BDG01,ACTIVE
8285,6622,Savings,67027087,2027-04-09,SMG01,ACTIVE
8286,1483,Time Deposit,745090126,2026-09-22,MDN01,ACTIVE
8287,7806,Time Deposit,740176815,2026-09-03,JKT02,ACTIVE
8288,5463,Savings,6183277,2027-10-06,MDN01,ACTIVE
8289,3841,Savings,35992594,2027-12-08,JKT02,ACTIVE
8290,9773,Savings,6141978,2026-12-28,MDN01,ACTIVE
8291,7776,Savings,86322919,2028-01-10,YGY01,ACTIVE
8292,7899,Time Deposit,1242505290,2027-01-03,JKT02,ACTIVE
8293,2831,Savings,51298976,2027-04-11,YGY01,ACTIVE
8294,8624,Time Deposit,197905682,2026-05-01,SBY01,ACTIVE
8295,112,Time Deposit,1255147740,2026-05-08,BDG01,ACTIVE
8296,6023,Time Deposit,785923976,2026-07-27,SBY01,ACTIVE
8297,9977,Savings,183263364,2028-02-02,JKT01,ACTIVE
8298,2330,Time Deposit,286241414,2026-07-02,JKT02,ACTIVE
8299,2830,Time Deposit,810800456,2026-11-20,SMG01,ACTIVE
8300,9655,Time Deposit,333740562,2026-05-10,MDN01,ACTIVE
8301,1050,Savings,41223122,2027-02-03,BDG01,ACTIVE
8302,8604,Savings,129399962,2026-07-20,JKT02,ACTIVE
8303,7549,Time Deposit,551796686,2026-04-19,SMG01,ACTIVE
8304,6739,Savings,27619125,2027-07-14,YGY01,ACTIVE
8305,350,Time Deposit,420597797,2026-05-16,BDG01,ACTIVE
8306,1700,Savings,75100533,2028-01-07,YGY01,ACTIVE
8307,4942,Savings,19421325,2027-06-15,MDN01,ACTIVE
8308,1822,Time Deposit,856101006,2026-05-16,BDG01,ACTIVE
8309,4094,Savings,53155615,2027-05-28,BDG01,ACTIVE
8310,9877,Savings,24355261,2028-02-06,JKT01,ACTIVE
8311,2850,Savings,21133735,2026-04-20,YGY01,ACTIVE
8312,7501,Time Deposit,621188648,2026-09-26,JKT02,ACTIVE
8313,3881,Time Deposit,477608380,2026-12-05,YGY01,ACTIVE
8314,3105,Savings,130693684,2026-06-22,SMG01,ACTIVE
8315,9978,Time Deposit,837794356,2026-05-07,YGY01,ACTIVE
8316,6978,Time Deposit,339271964,2026-09-26,YGY01,ACTIVE
8317,2892,Time Deposit,245835239,2026-05-30,JKT01,ACTIVE
8318,6974,Savings,18354224,2026-06-07,SBY01,ACTIVE
8319,7225,Savings,13213582,2027-10-08,YGY01,ACTIVE
8320,9268,Time Deposit,1065832786,2027-03-01,SMG01,ACTIVE
8321,8396,Savings,21261349,2027-12-27,MDN01,ACTIVE
8322,905,Savings,27055287,2026-12-02,YGY01,ACTIVE
8323,4786,Time Deposit,899279376,2026-12-18,BDG01,ACTIVE
8324,7177,Savings,47536926,2027-07-08,JKT01,ACTIVE
8325,7822,Savings,81318794,2027-12-17,JKT02,ACTIVE
8326,7618,Savings,13500138,2027-07-09,SBY01,ACTIVE
8327,8446,Savings,12721868,2026-04-27,SBY01,ACTIVE
8328,5876,Savings,30631113,2027-04-02,BDG01,ACTIVE
8329,1543,Savings,40145537,2027-08-28,BDG01,ACTIVE
8330,384,Savings,33512258,2027-03-26,JKT01,ACTIVE
8331,4457,Savings,36696903,2026-06-30,JKT02,ACTIVE
8332,9845,Savings,53373517,2026-08-25,BDG01,ACTIVE
8333,5456,Savings,11541972,2028-02-20,BDG01,ACTIVE
8334,3445,Savings,17461562,2026-12-22,SMG01,ACTIVE
8335,7679,Time Deposit,879297775,2026-05-21,SBY01,ACTIVE
8336,4825,Savings,20763239,2027-01-29,YGY01,ACTIVE
8337,7628,Time Deposit,496321909,2026-04-27,JKT01,ACTIVE
8338,3989,Savings,13361122,2027-12-16,MDN01,ACTIVE
8339,7398,Time Deposit,346893108,2026-10-23,JKT01,ACTIVE
8340,2544,Savings,19156975,2027-09-15,SBY01,ACTIVE
8341,1133,Time Deposit,1093432268,2026-12-02,YGY01,ACTIVE
8342,2405,Time Deposit,426647414,2026-05-24,JKT01,ACTIVE
8343,6021,Savings,22751457,2026-08-12,BDG01,ACTIVE
8344,6049,Time Deposit,587400251,2026-10-12,SMG01,ACTIVE
8345,3501,Savings,42140504,2027-09-20,YGY01,ACTIVE
8346,6041,Time Deposit,667386606,2026-12-22,YGY01,ACTIVE
8347,6430,Savings,37242069,2027-01-03,SBY01,ACTIVE
8348,6041,Time Deposit,914987593,2026-05-27,JKT01,ACTIVE
8349,6151,Savings,186816337,2027-09-29,MDN01,ACTIVE
8350,1548,Time Deposit,204412067,2026-07-16,SMG01,ACTIVE
8351,6326,Savings,11396880,2026-11-17,SBY01,ACTIVE
8352,3182,Savings,44007272,2027-08-04,MDN01,ACTIVE
8353,373,Time Deposit,1293114862,2026-09-09,JKT01,ACTIVE
8354,6529,Time Deposit,670416825,2027-02-16,YGY01,ACTIVE
8355,5399,Savings,15971080,2027-05-31,BDG01,ACTIVE
8356,8665,Time Deposit,356566983,2026-10-24,SBY01,ACTIVE
8357,9427,Time Deposit,956772426,2026-12-14,SBY01,ACTIVE
8358,1235,Time Deposit,1003857205,2026-08-08,YGY01,ACTIVE
8359,9519,Savings,18583748,2026-04-16,JKT01,ACTIVE
8360,3936,Savings,26182763,2027-03-23,SBY01,ACTIVE
8361,5127,Savings,15026527,2027-07-08,BDG01,ACTIVE
8362,5054,Time Deposit,579679993,2026-08-02,SBY01,ACTIVE
8363,4692,Time Deposit,309241512,2026-05-03,SMG01,ACTIVE
8364,7032,Time Deposit,1591404798,2026-04-04,JKT01,ACTIVE
8365,2162,Savings,67690016,2027-02-14,MDN01,ACTIVE
8366,561,Savings,20578041,2026-04-17,JKT01,ACTIVE
8367,3545,Savings,14393917,2026-04-21,JKT01,ACTIVE
8368,7542,Time Deposit,379185894,2027-03-09,JKT02,ACTIVE
8369,3031,Savings,23908078,2027-11-04,BDG01,ACTIVE
8370,7877,Savings,97912967,2027-01-22,JKT01,ACTIVE
8371,9976,Savings,19348753,2026-11-24,YGY01,ACTIVE
8372,8001,Savings,53386960,2027-10-01,MDN01,ACTIVE
8373,9747,Savings,40840679,2028-03-10,SMG01,ACTIVE
8374,5161,Savings,25768375,2027-12-16,BDG01,ACTIVE
8375,6989,Time Deposit,1149677244,2026-10-04,JKT02,ACTIVE
8376,2602,Time Deposit,775491093,2027-01-28,JKT02,ACTIVE
8377,7589,Savings,11922674,2026-10-20,BDG01,ACTIVE
8378,5746,Savings,11867925,2028-03-12,MDN01,ACTIVE
8379,7129,Savings,38338937,2027-11-23,YGY01,ACTIVE
8380,3136,Time Deposit,438491857,2026-05-10,MDN01,ACTIVE
8381,7485,Time Deposit,722044701,2026-07-04,BDG01,ACTIVE
8382,8171,Savings,159938291,2027-09-05,MDN01,ACTIVE
8383,3116,Savings,23777409,2027-03-03,SMG01,ACTIVE
8384,3559,Savings,39223797,2027-11-06,SBY01,ACTIVE
8385,7608,Savings,123651598,2026-11-28,YGY01,ACTIVE
8386,7406,Time Deposit,476379808,2026-06-21,JKT01,ACTIVE
8387,9731,Savings,19927356,2027-11-01,YGY01,ACTIVE
8388,3473,Savings,38709148,2027-07-27,JKT02,ACTIVE
8389,3370,Savings,72319702,2028-01-29,BDG01,ACTIVE
8390,8501,Savings,23667899,2027-02-20,BDG01,ACTIVE
8391,7994,Savings,80588585,2026-09-08,JKT02,ACTIVE
8392,2795,Savings,44037833,2026-10-19,BDG01,ACTIVE
8393,6164,Savings,20566743,2027-03-14,SBY01,ACTIVE
8394,2081,Time Deposit,459371272,2026-08-14,JKT02,ACTIVE
8395,6418,Savings,20089833,2027-04-13,JKT01,ACTIVE
8396,1356,Time Deposit,617389249,2026-10-08,YGY01,ACTIVE
8397,8500,Savings,12066668,2028-03-07,YGY01,ACTIVE
8398,8320,Time Deposit,288534482,2027-01-17,YGY01,ACTIVE
8399,3623,Savings,38385674,2027-12-22,YGY01,ACTIVE
8400,1224,Time Deposit,804101834,2026-11-27,JKT01,ACTIVE
8401,2467,Savings,22647757,2027-09-12,SMG01,ACTIVE
8402,7836,Time Deposit,884538657,2026-04-24,JKT01,ACTIVE
8403,3462,Time Deposit,963162612,2026-12-03,JKT02,ACTIVE
8404,4719,Time Deposit,808331738,2026-05-17,JKT01,ACTIVE
8405,5363,Savings,18522976,2027-11-29,YGY01,ACTIVE
8406,172,Savings,23648075,2027-01-30,BDG01,ACTIVE
8407,506,Savings,174127758,2026-10-03,BDG01,ACTIVE
8408,8058,Time Deposit,948727208,2026-06-17,BDG01,ACTIVE
8409,8682,Savings,55827954,2026-11-17,JKT01,ACTIVE
8410,1783,Time Deposit,358020398,2026-07-27,SBY01,ACTIVE
8411,7618,Savings,23059524,2027-02-17,JKT01,ACTIVE
8412,8582,Savings,76854263,2028-03-12,BDG01,ACTIVE
8413,7794,Savings,217564478,2027-06-16,BDG01,ACTIVE
8414,9714,Time Deposit,516831718,2027-01-03,MDN01,ACTIVE
8415,3627,Savings,144540338,2026-05-17,SMG01,ACTIVE
8416,8944,Savings,18679091,2028-01-10,SMG01,ACTIVE
8417,3825,Savings,13479831,2026-05-06,JKT02,ACTIVE
8418,7123,Time Deposit,1689976018,2026-05-05,YGY01,ACTIVE
8419,7352,Savings,80676972,2026-07-31,SMG01,ACTIVE
8420,8098,Savings,9744733,2026-10-02,YGY01,ACTIVE
8421,9152,Time Deposit,493647695,2026-05-04,BDG01,ACTIVE
8422,1705,Savings,15128384,2027-12-20,YGY01,ACTIVE
8423,796,Time Deposit,1608285686,2026-11-12,SMG01,ACTIVE
8424,3147,Time Deposit,794100090,2027-02-21,MDN01,ACTIVE
8425,316,Time Deposit,333431321,2026-06-10,BDG01,ACTIVE
8426,8160,Time Deposit,160772030,2026-11-17,YGY01,ACTIVE
8427,4975,Time Deposit,540754381,2026-08-22,YGY01,ACTIVE
8428,5508,Time Deposit,1788135847,2026-06-30,JKT02,ACTIVE
8429,8484,Time Deposit,240262888,2026-04-08,MDN01,ACTIVE
8430,3091,Savings,3811682,2028-01-20,JKT01,ACTIVE
8431,4215,Savings,93087738,2028-01-06,SBY01,ACTIVE
8432,8960,Savings,72843056,2027-11-06,JKT02,ACTIVE
8433,9672,Savings,9390054,2027-03-14,SMG01,ACTIVE
8434,5077,Savings,193043621,2026-07-11,SMG01,ACTIVE
8435,7090,Time Deposit,1347226708,2026-05-26,SBY01,ACTIVE
8436,9525,Time Deposit,705401718,2026-08-15,BDG01,ACTIVE
8437,709,Time Deposit,905542234,2026-07-19,SBY01,ACTIVE
8438,149,Savings,168118767,2028-02-29,BDG01,ACTIVE
8439,6078,Savings,11019155,2027-03-06,MDN01,ACTIVE
8440,444,Time Deposit,863434077,2027-02-14,SBY01,ACTIVE
8441,6383,Savings,34003747,2027-12-26,MDN01,ACTIVE
8442,8789,Time Deposit,286193379,2026-10-11,BDG01,ACTIVE
8443,2779,Savings,37315595,2026-05-09,SBY01,ACTIVE
8444,1346,Time Deposit,812381196,2026-06-06,MDN01,ACTIVE
8445,7561,Time Deposit,564750998,2027-02-18,YGY01,ACTIVE
8446,3969,Savings,40523166,2027-12-15,JKT02,ACTIVE
8447,1893,Time Deposit,729925954,2026-04-11,JKT02,ACTIVE
8448,506,Savings,118097366,2026-09-07,JKT01,ACTIVE
8449,3220,Time Deposit,1782304900,2026-08-22,BDG01,ACTIVE
8450,7911,Time Deposit,685383514,2027-01-18,SBY01,ACTIVE
8451,5190,Time Deposit,939121116,2026-09-10,YGY01,ACTIVE
8452,1497,Time Deposit,241422199,2026-10-10,SBY01,ACTIVE
8453,866,Savings,20300376,2026-08-08,JKT01,ACTIVE
8454,5292,Savings,28508933,2026-05-29,MDN01,ACTIVE
8455,1281,Time Deposit,815373575,2026-08-02,JKT01,ACTIVE
8456,8809,Time Deposit,626740062,2026-10-17,YGY01,ACTIVE
8457,1723,Savings,29371505,2028-02-25,SBY01,ACTIVE
8458,2912,Time Deposit,1306475589,2026-04-08,SBY01,ACTIVE
8459,207,Savings,95435587,2026-06-27,BDG01,ACTIVE
8460,3608,Savings,187034347,2026-09-18,YGY01,ACTIVE
8461,1103,Savings,7740385,2027-04-15,YGY01,ACTIVE
8462,4888,Time Deposit,601088409,2026-09-02,JKT01,ACTIVE
8463,6648,Time Deposit,407483759,2026-08-13,YGY01,ACTIVE
8464,5763,Savings,86031798,2027-09-05,SMG01,ACTIVE
8465,7456,Savings,9045628,2026-06-11,MDN01,ACTIVE
8466,6169,Savings,30164692,2027-06-01,JKT01,ACTIVE
8467,9275,Savings,33808948,2027-07-13,YGY01,ACTIVE
8468,577,Savings,35493034,2027-11-03,SMG01,ACTIVE
8469,8110,Savings,7347852,2026-05-25,JKT02,ACTIVE
8470,8743,Time Deposit,186203472,2026-10-06,SBY01,ACTIVE
8471,9003,Time Deposit,1361785106,2026-07-04,JKT01,ACTIVE
8472,9841,Savings,94147322,2026-09-23,MDN01,ACTIVE
8473,2557,Savings,42320475,2027-04-13,JKT01,ACTIVE
8474,4534,Time Deposit,802190653,2026-12-26,SMG01,ACTIVE
8475,5793,Time Deposit,608393160,2027-02-13,JKT02,ACTIVE
8476,6244,Time Deposit,982377140,2026-10-02,MDN01,ACTIVE
8477,8957,Savings,37719853,2027-03-07,MDN01,ACTIVE
8478,5042,Time Deposit,790610701,2026-06-20,JKT01,ACTIVE
8479,1614,Time Deposit,1853412280,2026-11-26,MDN01,ACTIVE
8480,2124,Savings,24575944,2027-02-18,BDG01,ACTIVE
8481,1860,Savings,11512802,2028-01-13,JKT01,ACTIVE
8482,7607,Savings,36373060,2027-01-10,YGY01,ACTIVE
8483,1003,Savings,26512517,2027-03-16,JKT02,ACTIVE
8484,5157,Savings,181377932,2026-06-26,MDN01,ACTIVE
8485,5152,Savings,11332453,2026-05-11,JKT02,ACTIVE
8486,7172,Savings,81912519,2026-06-06,MDN01,ACTIVE
8487,2073,Time Deposit,1799565566,2026-08-04,SMG01,ACTIVE
8488,1941,Savings,4963733,2027-04-14,MDN01,ACTIVE
8489,4770,Time Deposit,420497123,2026-11-16,JKT02,ACTIVE
8490,897,Savings,137829031,2027-06-11,SBY01,ACTIVE
8491,8628,Savings,29578852,2026-12-14,SMG01,ACTIVE
8492,8485,Savings,60460035,2026-12-10,JKT01,ACTIVE
8493,7895,Time Deposit,890557450,2026-12-13,JKT01,ACTIVE
8494,1883,Time Deposit,1182293833,2026-12-24,SBY01,ACTIVE
8495,8125,Time Deposit,266793140,2026-10-20,JKT02,ACTIVE
8496,6767,Savings,68820677,2027-02-10,YGY01,ACTIVE
8497,4972,Savings,89917532,2028-02-22,SBY01,ACTIVE
8498,6236,Savings,200906193,2026-10-23,SMG01,ACTIVE
8499,8234,Savings,76824305,2026-06-22,JKT02,ACTIVE
8500,5113,Time Deposit,1107492819,2026-05-04,YGY01,ACTIVE
8501,9195,Time Deposit,959859309,2026-04-14,JKT01,ACTIVE
8502,5772,Time Deposit,659265151,2026-12-05,SBY01,ACTIVE
8503,6483,Time Deposit,365417308,2026-09-19,SBY01,ACTIVE
8504,5004,Savings,131389655,2027-07-07,YGY01,ACTIVE
8505,3990,Savings,49240991,2027-07-20,SBY01,ACTIVE
8506,7160,Savings,46445435,2027-01-04,BDG01,ACTIVE
8507,1081,Time Deposit,856709018,2026-08-24,JKT02,ACTIVE
8508,9472,Time Deposit,1507855623,2026-09-18,YGY01,ACTIVE
8509,6020,Savings,201905643,2026-06-30,JKT02,ACTIVE
8510,1456,Time Deposit,1675107149,2026-12-14,JKT01,ACTIVE
8511,7852,Time Deposit,466529259,2026-10-04,BDG01,ACTIVE
8512,5061,Savings,13408371,2026-10-25,BDG01,ACTIVE
8513,1656,Savings,162862939,2026-08-03,MDN01,ACTIVE
8514,7215,Savings,130352292,2027-11-20,JKT01,ACTIVE
8515,1965,Savings,102232953,2027-04-30,JKT02,ACTIVE
8516,5024,Savings,26930398,2027-04-14,SBY01,ACTIVE
8517,2509,Savings,10676597,2028-01-23,JKT02,ACTIVE
8518,5769,Savings,165410962,2027-06-21,BDG01,ACTIVE
8519,991,Time Deposit,745129753,2026-07-03,SMG01,ACTIVE
8520,5840,Savings,32805240,2027-07-19,JKT01,ACTIVE
8521,9027,Time Deposit,196492649,2026-09-25,JKT01,ACTIVE
8522,699,Time Deposit,460105763,2026-05-12,MDN01,ACTIVE
8523,8090,Time Deposit,208780573,2026-11-07,JKT01,ACTIVE
8524,3522,Savings,63892789,2026-07-10,JKT01,ACTIVE
8525,9099,Time Deposit,1486006595,2026-08-29,JKT02,ACTIVE
8526,1571,Savings,13717438,2026-11-22,JKT01,ACTIVE
8527,9451,Time Deposit,637554180,2026-12-03,BDG01,ACTIVE
8528,4951,Savings,37545295,2026-05-14,SMG01,ACTIVE
8529,4451,Savings,208259683,2027-10-15,JKT01,ACTIVE
8530,2676,Savings,13186425,2027-05-31,JKT02,ACTIVE
8531,6406,Savings,61738558,2027-09-30,YGY01,ACTIVE
8532,9550,Savings,47656667,2026-08-11,SBY01,ACTIVE
8533,7266,Time Deposit,287186867,2027-01-28,SBY01,ACTIVE
8534,4343,Savings,37834515,2026-12-30,MDN01,ACTIVE
8535,8620,Savings,38302941,2027-12-10,JKT02,ACTIVE
8536,4048,Time Deposit,1619401220,2026-09-27,MDN01,ACTIVE
8537,5445,Time Deposit,853022570,2026-06-15,SBY01,ACTIVE
8538,7043,Savings,24091302,2026-06-05,YGY01,ACTIVE
8539,6457,Savings,32888229,2027-05-21,JKT01,ACTIVE
8540,416,Time Deposit,537622827,2026-05-24,JKT01,ACTIVE
8541,4943,Savings,36674530,2027-09-05,SMG01,ACTIVE
8542,6582,Time Deposit,543813573,2026-11-29,BDG01,ACTIVE
8543,5151,Savings,57601977,2027-08-02,MDN01,ACTIVE
8544,41,Savings,91507523,2027-11-14,YGY01,ACTIVE
8545,4868,Time Deposit,659015143,2026-10-30,MDN01,ACTIVE
8546,2260,Savings,26152325,2027-03-04,SMG01,ACTIVE
8547,9449,Time Deposit,645711653,2026-11-17,SBY01,ACTIVE
8548,1124,Savings,37239114,2027-07-03,SBY01,ACTIVE
8549,8702,Time Deposit,453300820,2026-10-23,SBY01,ACTIVE
8550,9910,Savings,81529681,2027-03-27,YGY01,ACTIVE
8551,5534,Time Deposit,762399956,2026-12-24,SMG01,ACTIVE
8552,6556,Time Deposit,616167278,2026-08-14,MDN01,ACTIVE
8553,1363,Savings,188475107,2028-01-06,MDN01,ACTIVE
8554,5114,Savings,32978137,2026-11-28,SMG01,ACTIVE
8555,4251,Time Deposit,762927974,2026-09-08,JKT01,ACTIVE
8556,1719,Savings,68379768,2027-06-14,SBY01,ACTIVE
8557,9476,Savings,42588251,2026-08-04,BDG01,ACTIVE
8558,3701,Savings,35519173,2027-08-05,YGY01,ACTIVE
8559,5438,Savings,9972544,2026-07-04,JKT02,ACTIVE
8560,3819,Time Deposit,539364769,2026-10-28,SMG01,ACTIVE
8561,3714,Time Deposit,328158915,2026-08-30,BDG01,ACTIVE
8562,9630,Time Deposit,837740920,2027-01-27,SBY01,ACTIVE
8563,9184,Savings,36629336,2028-02-12,SBY01,ACTIVE
8564,5091,Time Deposit,917846308,2026-07-02,SBY01,ACTIVE
8565,9169,Savings,29681882,2027-02-20,JKT02,ACTIVE
8566,2047,Savings,19665237,2027-09-29,MDN01,ACTIVE
8567,4784,Time Deposit,296394816,2026-09-25,JKT01,ACTIVE
8568,7975,Savings,108162893,2026-10-12,BDG01,ACTIVE
8569,5389,Time Deposit,187704108,2026-07-03,JKT01,ACTIVE
8570,652,Savings,144316504,2027-01-19,MDN01,ACTIVE
8571,5055,Savings,44242876,2027-04-05,MDN01,ACTIVE
8572,7848,Savings,75982872,2026-06-24,YGY01,ACTIVE
8573,7315,Time Deposit,963630043,2026-11-18,MDN01,ACTIVE
8574,1908,Time Deposit,222436804,2026-04-16,JKT01,ACTIVE
8575,4220,Savings,61101656,2028-01-02,YGY01,ACTIVE
8576,2218,Time Deposit,842270424,2026-06-18,SMG01,ACTIVE
8577,6971,Time Deposit,594386928,2027-01-01,JKT01,ACTIVE
8578,1686,Time Deposit,394040234,2026-09-30,JKT02,ACTIVE
8579,2386,Time Deposit,1132257634,2027-03-14,BDG01,ACTIVE
8580,5996,Savings,54307159,2028-02-25,MDN01,ACTIVE
8581,5206,Savings,104723793,2027-12-03,JKT01,ACTIVE
8582,3950,Time Deposit,579840323,2026-06-02,BDG01,ACTIVE
8583,3278,Savings,10241710,2027-12-29,SBY01,ACTIVE
8584,7548,Savings,24603839,2027-08-11,MDN01,ACTIVE
8585,3241,Time Deposit,1455162698,2026-04-03,BDG01,ACTIVE
8586,1839,Time Deposit,290375331,2027-01-09,BDG01,ACTIVE
8587,3952,Time Deposit,1089187387,2026-07-16,JKT02,ACTIVE
8588,2433,Time Deposit,377388573,2026-11-15,SBY01,ACTIVE
8589,5514,Savings,10210934,2027-01-17,SMG01,ACTIVE
8590,6176,Savings,114698515,2027-01-16,MDN01,ACTIVE
8591,4553,Time Deposit,960355149,2026-11-17,JKT02,ACTIVE
8592,5157,Time Deposit,588936180,2026-11-20,MDN01,ACTIVE
8593,9674,Savings,231417119,2028-03-15,BDG01,ACTIVE
8594,7953,Time Deposit,142113717,2026-12-10,SMG01,ACTIVE
8595,5463,Time Deposit,247560373,2026-05-26,SMG01,ACTIVE
8596,9763,Savings,17167691,2027-04-01,JKT02,ACTIVE
8597,2710,Savings,36847834,2027-05-19,BDG01,ACTIVE
8598,8994,Time Deposit,1209179481,2026-05-17,JKT01,ACTIVE
8599,7373,Savings,9629346,2028-02-14,SMG01,ACTIVE
8600,3267,Time Deposit,1649736588,2026-09-10,JKT02,ACTIVE
8601,846,Time Deposit,164887340,2026-06-09,JKT01,ACTIVE
8602,9615,Time Deposit,1071703529,2026-09-06,YGY01,ACTIVE
8603,4248,Savings,54570500,2027-08-12,SMG01,ACTIVE
8604,6721,Savings,103070960,2027-06-19,SMG01,ACTIVE
8605,9076,Savings,17683982,2027-05-04,SMG01,ACTIVE
8606,6453,Savings,13753280,2026-12-05,JKT02,ACTIVE
8607,4712,Savings,21979902,2026-12-12,SBY01,ACTIVE
8608,2258,Time Deposit,1109514156,2026-10-25,MDN01,ACTIVE
8609,3404,Savings,11907405,2026-11-22,SBY01,ACTIVE
8610,2503,Savings,15169314,2027-11-21,JKT01,ACTIVE
8611,3461,Time Deposit,649967814,2027-01-26,JKT01,ACTIVE
8612,7838,Savings,107905856,2026-10-23,BDG01,ACTIVE
8613,5416,Time Deposit,767449504,2026-08-29,YGY01,ACTIVE
8614,4984,Time Deposit,395784888,2027-03-02,JKT02,ACTIVE
8615,8122,Savings,34186825,2027-01-25,SBY01,ACTIVE
8616,482,Savings,21351348,2026-12-31,JKT01,ACTIVE
8617,6365,Time Deposit,804492329,2026-11-09,SMG01,ACTIVE
8618,3515,Savings,11871573,2027-12-14,MDN01,ACTIVE
8619,1518,Time Deposit,845975882,2026-07-27,JKT02,ACTIVE
8620,2528,Time Deposit,487235828,2026-09-10,BDG01,ACTIVE
8621,4085,Savings,8437602,2026-04-30,MDN01,ACTIVE
8622,6142,Savings,96967671,2026-11-07,JKT01,ACTIVE
8623,7107,Time Deposit,1174600806,2027-02-09,BDG01,ACTIVE
8624,5683,Savings,137602138,2027-08-12,BDG01,ACTIVE
8625,1277,Savings,12973678,2028-02-18,JKT01,ACTIVE
8626,8946,Savings,25398790,2027-02-03,YGY01,ACTIVE
8627,9203,Time Deposit,962076842,2026-08-01,SBY01,ACTIVE
8628,3417,Savings,58512599,2027-06-15,SMG01,ACTIVE
8629,3759,Savings,201885437,2026-06-20,SBY01,ACTIVE
8630,6447,Savings,22766266,2027-05-08,SMG01,ACTIVE
8631,7837,Savings,59486333,2027-05-20,SBY01,ACTIVE
8632,9347,Savings,41063372,2028-01-12,SMG01,ACTIVE
8633,2814,Savings,58088479,2026-09-17,YGY01,ACTIVE
8634,7813,Savings,67875455,2027-03-13,SBY01,ACTIVE
8635,3055,Savings,14288115,2026-11-14,JKT02,ACTIVE
8636,3085,Time Deposit,665816970,2026-07-25,SMG01,ACTIVE
8637,5184,Time Deposit,238343897,2026-09-16,BDG01,ACTIVE
8638,2721,Savings,42878616,2027-12-31,MDN01,ACTIVE
8639,6077,Savings,162277164,2027-05-24,JKT01,ACTIVE
8640,553,Savings,21060959,2027-01-04,SMG01,ACTIVE
8641,7694,Savings,28701114,2026-04-21,SBY01,ACTIVE
8642,980,Savings,9931078,2026-11-10,SMG01,ACTIVE
8643,1339,Time Deposit,466889114,2026-07-31,BDG01,ACTIVE
8644,5627,Savings,222694990,2027-12-11,SBY01,ACTIVE
8645,7091,Savings,3299527,2026-10-22,JKT01,ACTIVE
8646,1376,Savings,23487150,2026-11-28,MDN01,ACTIVE
8647,1602,Savings,22450790,2028-01-18,BDG01,ACTIVE
8648,7601,Savings,201643084,2026-09-08,BDG01,ACTIVE
8649,6363,Savings,10707084,2026-04-19,YGY01,ACTIVE
8650,6199,Savings,85986110,2027-07-18,SMG01,ACTIVE
8651,1006,Savings,57379929,2027-05-03,SMG01,ACTIVE
8652,4708,Time Deposit,241802353,2026-04-25,SBY01,ACTIVE
8653,7003,Time Deposit,416298232,2026-10-07,YGY01,ACTIVE
8654,9012,Savings,72271589,2026-06-01,BDG01,ACTIVE
8655,4667,Savings,94912482,2026-10-23,SBY01,ACTIVE
8656,9752,Savings,67208768,2026-11-26,YGY01,ACTIVE
8657,1238,Savings,16242792,2026-09-02,SMG01,ACTIVE
8658,8799,Savings,97312569,2027-10-30,JKT01,ACTIVE
8659,6611,Time Deposit,803447964,2026-05-17,BDG01,ACTIVE
8660,2955,Savings,67292777,2026-11-25,BDG01,ACTIVE
8661,8157,Time Deposit,1175653038,2026-09-08,SBY01,ACTIVE
8662,493,Savings,60170948,2026-10-04,BDG01,ACTIVE
8663,8836,Time Deposit,855965345,2026-12-09,BDG01,ACTIVE
8664,9193,Time Deposit,1018823768,2026-12-01,SMG01,ACTIVE
8665,1329,Savings,53739818,2027-04-12,MDN01,ACTIVE
8666,716,Savings,10616315,2027-04-09,MDN01,ACTIVE
8667,8086,Savings,35164826,2027-12-19,SBY01,ACTIVE
8668,8683,Savings,27105296,2026-05-01,SMG01,ACTIVE
8669,4983,Savings,12692191,2027-07-27,SMG01,ACTIVE
8670,9863,Time Deposit,962737321,2027-02-26,YGY01,ACTIVE
8671,2224,Time Deposit,237615106,2027-01-30,JKT02,ACTIVE
8672,5732,Savings,34816433,2027-12-06,MDN01,ACTIVE
8673,3302,Savings,4626699,2026-06-06,JKT02,ACTIVE
8674,8949,Savings,44446965,2027-10-20,JKT01,ACTIVE
8675,1193,Time Deposit,775347050,2026-12-26,MDN01,ACTIVE
8676,899,Time Deposit,664193048,2027-01-25,MDN01,ACTIVE
8677,9705,Savings,10691472,2027-06-29,JKT02,ACTIVE
8678,6873,Savings,12669220,2026-08-31,JKT02,ACTIVE
8679,7938,Savings,25428054,2026-08-30,MDN01,ACTIVE
8680,2791,Savings,151589152,2026-08-07,JKT01,ACTIVE
8681,9095,Savings,15648341,2027-11-05,BDG01,ACTIVE
8682,8389,Time Deposit,884349260,2026-04-03,JKT02,ACTIVE
8683,6520,Time Deposit,700688527,2026-05-06,SBY01,ACTIVE
8684,2748,Savings,81640820,2026-12-04,SMG01,ACTIVE
8685,7015,Time Deposit,682556068,2026-06-05,JKT01,ACTIVE
8686,1107,Time Deposit,107234698,2027-02-07,JKT01,ACTIVE
8687,2769,Time Deposit,393617373,2026-05-10,JKT01,ACTIVE
8688,3047,Time Deposit,461495049,2027-01-20,YGY01,ACTIVE
8689,1126,Savings,9041741,2026-12-30,BDG01,ACTIVE
8690,636,Savings,30021236,2028-02-28,SBY01,ACTIVE
8691,7816,Time Deposit,1783579636,2026-05-10,BDG01,ACTIVE
8692,8231,Savings,128016882,2027-09-03,MDN01,ACTIVE
8693,8183,Savings,19548038,2026-07-12,JKT01,ACTIVE
8694,6494,Savings,21291571,2026-11-29,YGY01,ACTIVE
8695,1833,Savings,7431400,2027-12-04,JKT02,ACTIVE
8696,6067,Time Deposit,1008898948,2026-06-18,YGY01,ACTIVE
8697,1560,Savings,58227406,2027-05-31,JKT02,ACTIVE
8698,2777,Time Deposit,845521889,2026-06-24,YGY01,ACTIVE
8699,8366,Savings,35533651,2027-07-14,JKT01,ACTIVE
8700,8956,Time Deposit,246328501,2026-05-18,SBY01,ACTIVE
8701,3191,Time Deposit,936138145,2026-11-12,YGY01,ACTIVE
8702,7491,Savings,20109662,2026-08-31,MDN01,ACTIVE
8703,2515,Savings,15593066,2027-10-04,YGY01,ACTIVE
8704,9025,Savings,140580166,2028-02-24,BDG01,ACTIVE
8705,8247,Time Deposit,263018267,2026-08-15,YGY01,ACTIVE
8706,7458,Savings,24599657,2028-02-29,SBY01,ACTIVE
8707,4246,Time Deposit,386453167,2026-12-03,MDN01,ACTIVE
8708,5033,Savings,28103560,2026-09-22,SMG01,ACTIVE
8709,1134,Savings,60362392,2027-03-13,MDN01,ACTIVE
8710,3329,Savings,55639549,2027-12-06,JKT02,ACTIVE
8711,50,Savings,31282313,2028-01-06,JKT01,ACTIVE
8712,2173,Time Deposit,743625694,2026-04-06,JKT02,ACTIVE
8713,474,Savings,100409495,2027-09-16,JKT02,ACTIVE
8714,7837,Savings,82243920,2027-02-16,BDG01,ACTIVE
8715,3857,Savings,21772736,2028-02-09,JKT01,ACTIVE
8716,3807,Savings,20281352,2027-02-02,YGY01,ACTIVE
8717,6138,Savings,97119446,2027-06-05,YGY01,ACTIVE
8718,9433,Savings,32890423,2026-06-22,BDG01,ACTIVE
8719,4669,Savings,21227653,2026-12-08,JKT01,ACTIVE
8720,129,Savings,18801444,2027-01-24,SMG01,ACTIVE
8721,9863,Savings,116568060,2027-02-12,BDG01,ACTIVE
8722,3288,Time Deposit,131665984,2026-09-05,YGY01,ACTIVE
8723,6468,Savings,128877531,2027-09-24,JKT02,ACTIVE
8724,8729,Savings,144809872,2027-11-30,MDN01,ACTIVE
8725,2742,Savings,18440824,2026-06-20,JKT01,ACTIVE
8726,8850,Savings,115721746,2027-11-26,SBY01,ACTIVE
8727,4779,Savings,39028708,2027-07-01,YGY01,ACTIVE
8728,2566,Time Deposit,320352740,2026-09-01,JKT02,ACTIVE
8729,9732,Savings,203437163,2027-06-01,SMG01,ACTIVE
8730,4086,Time Deposit,1105612898,2026-06-25,MDN01,ACTIVE
8731,5042,Time Deposit,1079321950,2026-11-18,YGY01,ACTIVE
8732,5826,Time Deposit,564446752,2026-09-10,SMG01,ACTIVE
8733,4346,Time Deposit,670219669,2026-11-28,JKT02,ACTIVE
8734,1285,Time Deposit,676242069,2026-05-13,BDG01,ACTIVE
8735,1267,Time Deposit,897467296,2026-10-01,MDN01,ACTIVE
8736,9934,Time Deposit,1039802792,2026-09-07,SBY01,ACTIVE
8737,3199,Savings,31325257,2026-07-03,MDN01,ACTIVE
8738,3702,Savings,93205146,2026-10-15,BDG01,ACTIVE
8739,9851,Savings,17975344,2027-11-19,MDN01,ACTIVE
8740,5456,Savings,5089822,2026-06-12,JKT02,ACTIVE
8741,8039,Time Deposit,241087634,2026-12-21,SBY01,ACTIVE
8742,8529,Time Deposit,934216539,2026-12-23,YGY01,ACTIVE
8743,5797,Savings,46096257,2027-10-06,MDN01,ACTIVE
8744,8754,Savings,9130984,2026-08-29,BDG01,ACTIVE
8745,6672,Savings,23963020,2027-04-27,MDN01,ACTIVE
8746,8238,Savings,28404340,2026-09-10,JKT02,ACTIVE
8747,2415,Savings,34938869,2026-07-16,SBY01,ACTIVE
8748,9018,Savings,15516787,2027-10-10,SMG01,ACTIVE
8749,7810,Savings,44042949,2028-01-03,SMG01,ACTIVE
8750,8269,Savings,82341208,2026-11-14,BDG01,ACTIVE
8751,5562,Time Deposit,1153923283,2026-04-19,MDN01,ACTIVE
8752,4202,Time Deposit,762856074,2026-09-16,SBY01,ACTIVE
8753,6980,Savings,45910384,2027-04-08,SBY01,ACTIVE
8754,1958,Savings,200653215,2026-11-16,MDN01,ACTIVE
8755,7474,Time Deposit,605123571,2026-12-01,MDN01,ACTIVE
8756,4444,Savings,17793593,2026-11-11,MDN01,ACTIVE
8757,5911,Savings,22808597,2026-08-18,JKT02,ACTIVE
8758,7502,Savings,19392628,2026-09-22,SBY01,ACTIVE
8759,2618,Time Deposit,818934491,2026-05-29,SBY01,ACTIVE
8760,5923,Time Deposit,1268502026,2026-08-15,JKT02,ACTIVE
8761,2593,Time Deposit,541294012,2026-10-01,YGY01,ACTIVE
8762,6343,Savings,31906569,2027-04-30,JKT01,ACTIVE
8763,3752,Savings,7532354,2027-05-30,BDG01,ACTIVE
8764,9237,Time Deposit,588906417,2027-01-19,BDG01,ACTIVE
8765,1177,Savings,15942486,2026-12-22,SMG01,ACTIVE
8766,4102,Savings,22359985,2027-10-28,BDG01,ACTIVE
8767,3017,Savings,161388974,2026-06-17,JKT02,ACTIVE
8768,1437,Savings,14862056,2027-03-18,SMG01,ACTIVE
8769,6058,Savings,21911485,2026-10-17,JKT01,ACTIVE
8770,7712,Time Deposit,570086532,2026-09-13,YGY01,ACTIVE
8771,4158,Savings,16215089,2027-02-09,YGY01,ACTIVE
8772,1402,Time Deposit,1451874176,2026-10-02,SMG01,ACTIVE
8773,4960,Savings,165850025,2027-08-02,YGY01,ACTIVE
8774,475,Time Deposit,675969697,2026-05-14,JKT01,ACTIVE
8775,3909,Time Deposit,1641266600,2026-05-13,MDN01,ACTIVE
8776,2312,Time Deposit,707440645,2026-06-22,JKT02,ACTIVE
8777,9906,Savings,40585076,2027-02-21,JKT02,ACTIVE
8778,1979,Savings,36878573,2027-03-07,JKT02,ACTIVE
8779,8195,Savings,13896598,2026-05-23,YGY01,ACTIVE
8780,1377,Savings,13274322,2026-07-26,YGY01,ACTIVE
8781,1720,Time Deposit,239988584,2026-12-16,JKT02,ACTIVE
8782,2505,Time Deposit,878743719,2026-07-04,JKT02,ACTIVE
8783,9530,Savings,129360003,2027-08-27,JKT02,ACTIVE
8784,2788,Time Deposit,631477478,2026-07-20,SMG01,ACTIVE
8785,4299,Time Deposit,1243830923,2027-01-30,SMG01,ACTIVE
8786,3819,Savings,105817107,2026-10-26,SMG01,ACTIVE
8787,8674,Savings,40280260,2027-04-11,MDN01,ACTIVE
8788,309,Savings,59667641,2026-06-15,SMG01,ACTIVE
8789,8290,Savings,168480595,2027-04-29,JKT02,ACTIVE
8790,6935,Savings,25981491,2027-10-12,BDG01,ACTIVE
8791,7332,Savings,14727287,2026-11-06,MDN01,ACTIVE
8792,8539,Savings,128734082,2027-11-07,JKT02,ACTIVE
8793,6565,Savings,63811627,2027-01-21,MDN01,ACTIVE
8794,6057,Savings,6942246,2026-10-06,MDN01,ACTIVE
8795,7305,Savings,3533829,2027-06-15,BDG01,ACTIVE
8796,8379,Time Deposit,561701568,2027-02-14,BDG01,ACTIVE
8797,4498,Time Deposit,1085569940,2026-07-17,YGY01,ACTIVE
8798,6783,Savings,26108131,2028-02-11,SBY01,ACTIVE
8799,6901,Time Deposit,349025004,2026-12-23,SMG01,ACTIVE
8800,4357,Time Deposit,650705343,2027-01-13,SMG01,ACTIVE
8801,4134,Savings,69558969,2027-06-20,SBY01,ACTIVE
8802,5725,Time Deposit,1414754942,2026-04-17,BDG01,ACTIVE
8803,3123,Savings,42133766,2026-10-04,MDN01,ACTIVE
8804,2885,Savings,62202875,2027-11-11,JKT02,ACTIVE
8805,8413,Savings,19152269,2026-10-28,JKT02,ACTIVE
8806,3384,Savings,9354313,2027-05-24,YGY01,ACTIVE
8807,9790,Time Deposit,152924820,2027-02-25,SMG01,ACTIVE
8808,1811,Savings,126942224,2026-10-21,JKT01,ACTIVE
8809,2378,Time Deposit,325523844,2026-10-18,SBY01,ACTIVE
8810,195,Time Deposit,446214545,2026-07-26,JKT01,ACTIVE
8811,4123,Time Deposit,187569743,2026-07-01,BDG01,ACTIVE
8812,8300,Savings,62749188,2028-03-09,JKT02,ACTIVE
8813,3131,Time Deposit,1521703537,2026-10-30,JKT01,ACTIVE
8814,6668,Time Deposit,547997795,2026-12-11,SBY01,ACTIVE
8815,4842,Savings,19319920,2027-02-13,JKT01,ACTIVE
8816,2613,Time Deposit,265385339,2026-06-16,JKT01,ACTIVE
8817,6622,Time Deposit,917132840,2026-10-23,MDN01,ACTIVE
8818,2978,Time Deposit,510722692,2026-10-03,MDN01,ACTIVE
8819,5958,Savings,11875722,2026-07-01,YGY01,ACTIVE
8820,1487,Savings,37335232,2027-03-13,JKT02,ACTIVE
8821,6600,Savings,71691980,2027-09-13,SBY01,ACTIVE
8822,8118,Savings,40838185,2027-04-05,YGY01,ACTIVE
8823,407,Time Deposit,624288762,2026-06-14,JKT01,ACTIVE
8824,7562,Time Deposit,1249687438,2027-02-11,YGY01,ACTIVE
8825,2207,Time Deposit,422937520,2026-12-22,YGY01,ACTIVE
8826,9495,Time Deposit,1525748172,2026-12-10,BDG01,ACTIVE
8827,5761,Savings,12044507,2026-07-05,SBY01,ACTIVE
8828,1402,Savings,153490646,2027-03-09,MDN01,ACTIVE
8829,7563,Savings,12337494,2026-05-11,JKT02,ACTIVE
8830,5718,Time Deposit,690738870,2026-06-16,SBY01,ACTIVE
8831,4252,Savings,10575562,2026-10-16,YGY01,ACTIVE
8832,1237,Savings,234100782,2027-06-09,YGY01,ACTIVE
8833,3277,Time Deposit,326845737,2026-07-18,MDN01,ACTIVE
8834,5165,Time Deposit,1273015998,2026-06-10,SMG01,ACTIVE
8835,5838,Savings,143107767,2026-08-08,SMG01,ACTIVE
8836,6846,Savings,43246599,2026-04-23,SMG01,ACTIVE
8837,4544,Savings,29499134,2027-02-12,SBY01,ACTIVE
8838,1990,Savings,111151042,2026-12-09,MDN01,ACTIVE
8839,1093,Time Deposit,461072967,2027-02-12,JKT02,ACTIVE
8840,8612,Savings,33771968,2027-04-09,SMG01,ACTIVE
8841,6711,Savings,5431146,2027-03-03,MDN01,ACTIVE
8842,9039,Savings,191071196,2026-10-29,JKT02,ACTIVE
8843,6468,Time Deposit,1271438022,2026-07-09,YGY01,ACTIVE
8844,7213,Time Deposit,494775974,2026-12-25,YGY01,ACTIVE
8845,2907,Savings,10852134,2027-09-26,SMG01,ACTIVE
8846,203,Savings,12064720,2026-07-15,MDN01,ACTIVE
8847,9127,Savings,53213241,2027-05-23,SBY01,ACTIVE
8848,2506,Savings,41211368,2028-02-01,SBY01,ACTIVE
8849,8119,Time Deposit,709899687,2026-10-09,SMG01,ACTIVE
8850,5996,Savings,97188776,2027-04-15,MDN01,ACTIVE
8851,3173,Savings,28612822,2026-06-08,MDN01,ACTIVE
8852,956,Time Deposit,681733825,2026-04-28,SBY01,ACTIVE
8853,9878,Time Deposit,815541195,2026-12-10,JKT01,ACTIVE
8854,7879,Time Deposit,1254510980,2026-09-19,BDG01,ACTIVE
8855,3584,Savings,7769846,2027-01-19,MDN01,ACTIVE
8856,902,Savings,92325916,2027-10-18,SBY01,ACTIVE
8857,763,Savings,30296323,2027-02-21,JKT01,ACTIVE
8858,2231,Time Deposit,348794322,2026-09-28,YGY01,ACTIVE
8859,5192,Savings,4855309,2028-01-26,JKT01,ACTIVE
8860,9739,Time Deposit,1072331814,2026-09-23,JKT01,ACTIVE
8861,6661,Time Deposit,749224786,2027-03-08,SMG01,ACTIVE
8862,1013,Savings,13418726,2026-05-20,MDN01,ACTIVE
8863,7502,Savings,23176410,2027-05-26,MDN01,ACTIVE
8864,2249,Savings,23671854,2027-08-30,YGY01,ACTIVE
8865,1435,Savings,144278140,2027-04-15,BDG01,ACTIVE
8866,4181,Time Deposit,339368922,2026-12-08,SBY01,ACTIVE
8867,5606,Time Deposit,1435443558,2026-12-29,YGY01,ACTIVE
8868,2527,Savings,8658394,2026-06-03,BDG01,ACTIVE
8869,433,Time Deposit,488721266,2026-04-11,JKT02,ACTIVE
8870,4301,Savings,123746224,2027-08-15,SBY01,ACTIVE
8871,8790,Savings,25461334,2026-10-13,JKT01,ACTIVE
8872,1329,Time Deposit,500109295,2026-11-11,SBY01,ACTIVE
8873,3425,Time Deposit,1172449904,2026-11-12,SMG01,ACTIVE
8874,8566,Time Deposit,529308413,2027-03-16,SMG01,ACTIVE
8875,1887,Savings,95960329,2026-07-18,JKT01,ACTIVE
8876,4027,Time Deposit,680495185,2026-06-30,JKT02,ACTIVE
8877,9823,Time Deposit,856594579,2027-01-11,SBY01,ACTIVE
8878,1664,Time Deposit,491001880,2026-12-30,SBY01,ACTIVE
8879,6396,Savings,24131982,2028-01-31,MDN01,ACTIVE
8880,8241,Savings,28843032,2028-01-15,SBY01,ACTIVE
8881,6368,Time Deposit,1732884030,2026-07-19,JKT01,ACTIVE
8882,7813,Time Deposit,1011811429,2026-10-11,JKT02,ACTIVE
8883,8634,Savings,43028381,2027-10-03,SMG01,ACTIVE
8884,9120,Savings,17645908,2028-02-29,SMG01,ACTIVE
8885,3370,Time Deposit,418096564,2027-01-24,BDG01,ACTIVE
8886,9089,Savings,73824639,2026-07-10,JKT01,ACTIVE
8887,1839,Savings,15936171,2027-06-05,MDN01,ACTIVE
8888,1801,Time Deposit,292359777,2026-10-09,SMG01,ACTIVE
8889,4013,Time Deposit,1245166975,2026-04-03,SBY01,ACTIVE
8890,9548,Time Deposit,367773404,2026-04-02,MDN01,ACTIVE
8891,3416,Time Deposit,707109458,2026-09-08,JKT01,ACTIVE
8892,1244,Time Deposit,903642091,2026-09-12,BDG01,ACTIVE
8893,4936,Savings,174435386,2027-09-17,YGY01,ACTIVE
8894,4484,Savings,36091813,2026-12-08,SBY01,ACTIVE
8895,7320,Savings,107190238,2026-12-13,BDG01,ACTIVE
8896,4933,Time Deposit,1010252747,2026-11-08,BDG01,ACTIVE
8897,1512,Savings,10700628,2028-01-08,YGY01,ACTIVE
8898,5815,Savings,59044333,2027-01-30,SBY01,ACTIVE
8899,821,Time Deposit,1364485622,2026-05-19,SBY01,ACTIVE
8900,5310,Time Deposit,1204262629,2026-12-25,SMG01,ACTIVE
8901,6214,Savings,38260764,2027-03-25,YGY01,ACTIVE
8902,1027,Savings,3502364,2027-11-05,JKT01,ACTIVE
8903,2539,Time Deposit,860396474,2026-12-30,JKT02,ACTIVE
8904,8638,Savings,28357383,2026-04-16,JKT01,ACTIVE
8905,4187,Time Deposit,123459982,2026-11-14,MDN01,ACTIVE
8906,4339,Savings,26502166,2027-01-11,YGY01,ACTIVE
8907,9535,Savings,34598324,2027-07-28,MDN01,ACTIVE
8908,1886,Savings,64552402,2027-01-22,YGY01,ACTIVE
8909,6659,Time Deposit,1147942352,2026-12-31,JKT01,ACTIVE
8910,2451,Time Deposit,461794700,2026-08-29,JKT02,ACTIVE
8911,7911,Time Deposit,557646348,2027-01-05,YGY01,ACTIVE
8912,550,Time Deposit,694828927,2026-09-27,YGY01,ACTIVE
8913,1883,Time Deposit,534990953,2026-06-28,MDN01,ACTIVE
8914,4198,Savings,9437361,2027-06-22,MDN01,ACTIVE
8915,8748,Savings,14101706,2027-09-22,SBY01,ACTIVE
8916,738,Savings,60289184,2027-01-03,JKT02,ACTIVE
8917,7585,Savings,83515172,2027-02-10,SMG01,ACTIVE
8918,5394,Time Deposit,1521496394,2026-04-15,YGY01,ACTIVE
8919,1609,Savings,14271085,2026-10-31,YGY01,ACTIVE
8920,7534,Savings,88132818,2026-09-20,JKT01,ACTIVE
8921,3146,Time Deposit,273185673,2026-12-24,JKT01,ACTIVE
8922,2322,Savings,14383589,2027-04-02,SBY01,ACTIVE
8923,7784,Savings,180973084,2026-06-18,SMG01,ACTIVE
8924,3402,Savings,17381309,2026-10-26,SMG01,ACTIVE
8925,153,Time Deposit,782956602,2026-09-02,JKT01,ACTIVE
8926,5509,Savings,16994880,2026-07-03,JKT02,ACTIVE
8927,5071,Savings,23950292,2027-04-03,JKT01,ACTIVE
8928,2593,Savings,84697129,2027-07-31,SBY01,ACTIVE
8929,3689,Savings,25526452,2027-11-03,YGY01,ACTIVE
8930,7719,Time Deposit,587771781,2026-11-20,SBY01,ACTIVE
8931,1774,Savings,54966949,2026-12-07,MDN01,ACTIVE
8932,6490,Savings,19020691,2027-05-19,SBY01,ACTIVE
8933,2110,Savings,139029801,2026-08-04,MDN01,ACTIVE
8934,5988,Savings,8296057,2027-01-05,JKT02,ACTIVE
8935,1387,Savings,67723055,2026-07-09,SBY01,ACTIVE
8936,1596,Savings,14584151,2026-08-15,BDG01,ACTIVE
8937,3506,Time Deposit,570156077,2026-04-11,JKT01,ACTIVE
8938,5469,Time Deposit,1064811074,2026-04-07,SMG01,ACTIVE
8939,934,Time Deposit,428895250,2026-10-10,JKT02,ACTIVE
8940,8706,Time Deposit,384066514,2027-03-07,YGY01,ACTIVE
8941,1018,Time Deposit,940330165,2026-07-28,SMG01,ACTIVE
8942,9491,Time Deposit,1050349855,2026-09-03,JKT01,ACTIVE
8943,8626,Time Deposit,513820959,2026-03-31,SBY01,ACTIVE
8944,6588,Time Deposit,871455170,2026-12-28,YGY01,ACTIVE
8945,4656,Time Deposit,452126039,2026-04-24,JKT02,ACTIVE
8946,2589,Savings,94768131,2028-01-19,SMG01,ACTIVE
8947,7398,Time Deposit,637718409,2026-08-07,SBY01,ACTIVE
8948,6721,Time Deposit,1129875246,2026-07-15,SMG01,ACTIVE
8949,6329,Time Deposit,373987872,2026-07-01,JKT02,ACTIVE
8950,3251,Time Deposit,1868684618,2026-12-17,JKT02,ACTIVE
8951,100,Time Deposit,576467037,2026-08-18,BDG01,ACTIVE
8952,2038,Savings,30349815,2026-12-16,JKT02,ACTIVE
8953,916,Time Deposit,374934949,2027-01-28,JKT02,ACTIVE
8954,5531,Savings,217971380,2027-09-23,YGY01,ACTIVE
8955,1625,Savings,101605220,2026-12-23,BDG01,ACTIVE
8956,4220,Savings,84848411,2026-10-28,SBY01,ACTIVE
8957,981,Time Deposit,824185745,2026-06-09,SMG01,ACTIVE
8958,4504,Savings,34202369,2027-03-28,JKT02,ACTIVE
8959,9618,Time Deposit,1635201337,2027-02-22,MDN01,ACTIVE
8960,6363,Savings,37748670,2027-05-19,SMG01,ACTIVE
8961,424,Savings,31322462,2027-05-21,JKT02,ACTIVE
8962,9480,Savings,77310728,2027-06-29,SMG01,ACTIVE
8963,6459,Savings,176265513,2027-08-11,SBY01,ACTIVE
8964,869,Time Deposit,1268607493,2027-01-29,SBY01,ACTIVE
8965,3680,Savings,14644235,2026-05-12,JKT01,ACTIVE
8966,1456,Savings,147033682,2026-07-09,BDG01,ACTIVE
8967,7651,Time Deposit,540627983,2026-08-07,YGY01,ACTIVE
8968,1436,Time Deposit,327095191,2026-09-04,JKT02,ACTIVE
8969,3318,Time Deposit,167741729,2026-11-12,JKT01,ACTIVE
8970,5113,Time Deposit,1529660636,2027-01-27,MDN01,ACTIVE
8971,4952,Savings,9114999,2026-09-19,SMG01,ACTIVE
8972,1016,Savings,20196464,2026-05-28,SBY01,ACTIVE
8973,4488,Time Deposit,714389459,2026-12-15,YGY01,ACTIVE
8974,9991,Time Deposit,1058379791,2027-01-31,JKT01,ACTIVE
8975,6804,Savings,56622189,2028-03-07,JKT02,ACTIVE
8976,1185,Time Deposit,520342995,2027-01-25,YGY01,ACTIVE
8977,4310,Savings,239224380,2027-10-11,YGY01,ACTIVE
8978,2342,Time Deposit,1414454893,2026-11-06,JKT02,ACTIVE
8979,4113,Savings,50136372,2027-05-25,JKT01,ACTIVE
8980,3329,Time Deposit,454213880,2026-10-27,JKT01,ACTIVE
8981,3387,Savings,43950188,2028-01-13,JKT01,ACTIVE
8982,9555,Time Deposit,1323944950,2026-05-05,YGY01,ACTIVE
8983,965,Time Deposit,257026965,2027-03-16,SBY01,ACTIVE
8984,4330,Savings,86047065,2028-02-16,SBY01,ACTIVE
8985,208,Savings,15577822,2026-10-27,SBY01,ACTIVE
8986,9432,Time Deposit,1347318394,2026-10-09,JKT02,ACTIVE
8987,1357,Time Deposit,394950932,2026-11-15,BDG01,ACTIVE
8988,4606,Savings,20750624,2027-11-23,MDN01,ACTIVE
8989,2421,Time Deposit,756672712,2026-09-10,SMG01,ACTIVE
8990,2279,Savings,50582621,2026-12-31,SMG01,ACTIVE
8991,4456,Savings,124522996,2026-08-24,BDG01,ACTIVE
8992,4871,Savings,17401868,2026-12-29,BDG01,ACTIVE
8993,8580,Savings,70773600,2026-10-14,SMG01,ACTIVE
8994,8161,Savings,131118922,2027-07-11,JKT02,ACTIVE
8995,9056,Savings,55202742,2026-06-02,JKT01,ACTIVE
8996,4690,Savings,195901166,2026-10-18,SBY01,ACTIVE
8997,6141,Time Deposit,1195530015,2026-05-08,BDG01,ACTIVE
8998,2774,Time Deposit,399425230,2027-03-02,BDG01,ACTIVE
8999,4031,Time Deposit,122040391,2027-01-27,JKT02,ACTIVE
9000,2989,Savings,43657407,2026-10-27,BDG01,ACTIVE
9001,6413,Savings,21108132,2026-08-06,MDN01,ACTIVE
9002,4796,Time Deposit,597659906,2026-11-07,BDG01,ACTIVE
9003,9724,Savings,7118517,2027-08-16,YGY01,ACTIVE
9004,9855,Savings,7296258,2026-11-04,SBY01,ACTIVE
9005,8351,Savings,43529167,2028-02-13,SMG01,ACTIVE
9006,3426,Time Deposit,687545790,2027-02-04,JKT02,ACTIVE
9007,9841,Savings,184596662,2028-01-07,SBY01,ACTIVE
9008,6716,Savings,114520737,2027-09-01,YGY01,ACTIVE
9009,7568,Time Deposit,223387448,2026-12-08,JKT01,ACTIVE
9010,2162,Savings,38919127,2027-09-24,YGY01,ACTIVE
9011,1683,Savings,36784588,2026-11-18,BDG01,ACTIVE
9012,6672,Savings,68947035,2026-09-25,JKT01,ACTIVE
9013,6948,Time Deposit,1260779791,2026-12-31,SMG01,ACTIVE
9014,7503,Savings,52596654,2027-04-08,BDG01,ACTIVE
9015,8814,Time Deposit,1150154761,2026-09-10,BDG01,ACTIVE
9016,9131,Savings,7417050,2027-03-09,SMG01,ACTIVE
9017,7048,Time Deposit,1521783852,2026-07-07,JKT02,ACTIVE
9018,9116,Savings,26085105,2027-12-30,JKT02,ACTIVE
9019,1737,Time Deposit,400166465,2027-02-27,MDN01,ACTIVE
9020,1099,Savings,26735293,2026-05-15,YGY01,ACTIVE
9021,5524,Savings,62536705,2027-01-16,MDN01,ACTIVE
9022,7382,Savings,25268144,2026-07-08,SBY01,ACTIVE
9023,6295,Savings,11508109,2026-11-20,SBY01,ACTIVE
9024,5865,Savings,27330889,2026-05-29,SBY01,ACTIVE
9025,2156,Savings,88056210,2026-11-24,BDG01,ACTIVE
9026,6299,Savings,108332447,2027-12-12,BDG01,ACTIVE
9027,717,Savings,137651618,2028-01-05,BDG01,ACTIVE
9028,4208,Savings,14784337,2027-06-08,JKT02,ACTIVE
9029,7952,Savings,5124329,2027-09-29,SBY01,ACTIVE
9030,9695,Time Deposit,502607415,2026-04-04,JKT01,ACTIVE
9031,3983,Savings,56852743,2026-07-22,JKT02,ACTIVE
9032,8798,Time Deposit,1027739830,2026-06-23,SBY01,ACTIVE
9033,8038,Time Deposit,1346331044,2026-10-15,JKT01,ACTIVE
9034,5474,Savings,103238288,2027-08-05,SBY01,ACTIVE
9035,4085,Savings,8623054,2027-08-06,SMG01,ACTIVE
9036,7163,Savings,105055003,2027-11-12,MDN01,ACTIVE
9037,293,Time Deposit,443153170,2026-10-08,BDG01,ACTIVE
9038,1562,Time Deposit,89190592,2026-08-02,YGY01,ACTIVE
9039,2074,Savings,23151428,2026-05-05,JKT01,ACTIVE
9040,1774,Savings,9415626,2026-06-05,YGY01,ACTIVE
9041,1032,Savings,65850789,2027-01-12,SMG01,ACTIVE
9042,2341,Savings,211297953,2027-09-15,JKT02,ACTIVE
9043,1393,Time Deposit,892615798,2026-10-06,JKT01,ACTIVE
9044,1032,Time Deposit,1526341513,2026-03-31,MDN01,ACTIVE
9045,6065,Savings,37947880,2027-05-17,SBY01,ACTIVE
9046,8030,Savings,25931502,2026-12-02,BDG01,ACTIVE
9047,3979,Savings,12182678,2026-06-13,JKT01,ACTIVE
9048,5526,Savings,138351771,2026-08-25,MDN01,ACTIVE
9049,8884,Time Deposit,494240888,2026-10-23,SMG01,ACTIVE
9050,5948,Time Deposit,381357075,2026-09-04,BDG01,ACTIVE
9051,4963,Savings,48765840,2027-12-20,MDN01,ACTIVE
9052,7289,Savings,85467577,2028-01-08,BDG01,ACTIVE
9053,6626,Time Deposit,621322698,2026-10-21,JKT02,ACTIVE
9054,5715,Savings,5570109,2027-05-24,SMG01,ACTIVE
9055,2892,Savings,13651224,2027-11-07,SBY01,ACTIVE
9056,266,Time Deposit,845155177,2027-02-11,BDG01,ACTIVE
9057,527,Time Deposit,403431832,2026-09-19,BDG01,ACTIVE
9058,1104,Time Deposit,792943868,2026-11-07,SBY01,ACTIVE
9059,5307,Savings,10964460,2027-01-23,BDG01,ACTIVE
9060,3148,Savings,86185616,2027-04-03,MDN01,ACTIVE
9061,5805,Time Deposit,927497413,2026-05-02,SMG01,ACTIVE
9062,9407,Time Deposit,731598277,2026-06-08,MDN01,ACTIVE
9063,3011,Time Deposit,1113602002,2026-09-10,JKT01,ACTIVE
9064,9588,Time Deposit,1111216971,2026-05-15,YGY01,ACTIVE
9065,1154,Time Deposit,259427530,2026-12-18,MDN01,ACTIVE
9066,7137,Savings,100818518,2028-01-14,SMG01,ACTIVE
9067,3693,Time Deposit,113142373,2026-11-04,MDN01,ACTIVE
9068,4154,Savings,21158984,2027-11-20,MDN01,ACTIVE
9069,7401,Savings,48625019,2026-06-19,SMG01,ACTIVE
9070,4658,Savings,41821133,2027-05-23,JKT02,ACTIVE
9071,9710,Savings,14916266,2027-12-19,JKT01,ACTIVE
9072,1571,Savings,23354035,2026-07-17,YGY01,ACTIVE
9073,7015,Savings,67194117,2027-10-17,JKT01,ACTIVE
9074,2198,Time Deposit,1474850009,2026-05-29,JKT01,ACTIVE
9075,1301,Savings,18676909,2027-02-27,JKT01,ACTIVE
9076,1749,Time Deposit,1077777813,2026-10-31,BDG01,ACTIVE
9077,6465,Savings,27274664,2026-12-26,JKT01,ACTIVE
9078,6122,Time Deposit,948577341,2027-01-09,JKT02,ACTIVE
9079,3182,Savings,8879957,2026-05-04,SMG01,ACTIVE
9080,9223,Savings,8457895,2026-06-08,SBY01,ACTIVE
9081,5024,Time Deposit,860285976,2026-04-24,JKT02,ACTIVE
9082,3545,Savings,11209163,2027-09-17,JKT01,ACTIVE
9083,910,Savings,23098427,2027-12-08,JKT01,ACTIVE
9084,6864,Savings,175276905,2026-12-19,JKT02,ACTIVE
9085,6584,Savings,80758408,2027-09-01,YGY01,ACTIVE
9086,4655,Time Deposit,758356408,2026-08-08,MDN01,ACTIVE
9087,8572,Savings,28849876,2026-10-16,SMG01,ACTIVE
9088,4189,Time Deposit,1019875820,2026-11-10,JKT02,ACTIVE
9089,4103,Time Deposit,128446840,2026-09-20,SBY01,ACTIVE
9090,4360,Savings,26000866,2027-12-21,YGY01,ACTIVE
9091,4386,Savings,29792162,2027-02-23,JKT01,ACTIVE
9092,8192,Time Deposit,1216765828,2027-02-13,SBY01,ACTIVE
9093,5054,Time Deposit,395279844,2026-04-22,BDG01,ACTIVE
9094,1683,Savings,50872473,2027-12-16,JKT02,ACTIVE
9095,3280,Savings,15576068,2027-07-09,MDN01,ACTIVE
9096,1540,Savings,36115388,2027-04-16,BDG01,ACTIVE
9097,9281,Savings,17851985,2027-08-14,SBY01,ACTIVE
9098,1703,Time Deposit,954407269,2026-06-28,YGY01,ACTIVE
9099,5391,Time Deposit,856384950,2026-11-05,YGY01,ACTIVE
9100,7673,Savings,90329620,2026-06-21,BDG01,ACTIVE
9101,4330,Savings,124170936,2026-12-05,JKT01,ACTIVE
9102,2687,Time Deposit,451978646,2027-01-29,BDG01,ACTIVE
9103,2272,Savings,122471509,2026-12-13,JKT01,ACTIVE
9104,8731,Time Deposit,968060299,2026-08-05,JKT01,ACTIVE
9105,3279,Time Deposit,1613516231,2026-10-05,BDG01,ACTIVE
9106,5481,Time Deposit,504483505,2027-01-12,JKT01,ACTIVE
9107,4276,Savings,7763240,2027-01-31,JKT02,ACTIVE
9108,3651,Savings,176229261,2027-06-25,SMG01,ACTIVE
9109,4700,Savings,99650573,2028-02-28,SBY01,ACTIVE
9110,1008,Time Deposit,362815495,2026-10-03,YGY01,ACTIVE
9111,7349,Savings,30998942,2026-05-31,SMG01,ACTIVE
9112,4602,Savings,15038065,2026-12-23,MDN01,ACTIVE
9113,9968,Time Deposit,431372257,2026-08-18,SBY01,ACTIVE
9114,2590,Time Deposit,476818276,2026-04-21,JKT01,ACTIVE
9115,2977,Time Deposit,1031990937,2026-09-30,MDN01,ACTIVE
9116,562,Savings,16548979,2026-10-30,JKT01,ACTIVE
9117,9641,Time Deposit,495198440,2027-01-29,SMG01,ACTIVE
9118,3081,Time Deposit,245916562,2026-08-19,SMG01,ACTIVE
9119,4018,Savings,16529254,2027-10-25,SMG01,ACTIVE
9120,9618,Time Deposit,1380301949,2026-08-27,YGY01,ACTIVE
9121,310,Time Deposit,1047382147,2027-02-03,MDN01,ACTIVE
9122,2475,Time Deposit,252430311,2026-11-29,JKT01,ACTIVE
9123,4451,Time Deposit,713604850,2027-03-03,JKT02,ACTIVE
9124,8217,Time Deposit,168827447,2026-05-03,JKT01,ACTIVE
9125,5107,Time Deposit,477477271,2026-11-06,MDN01,ACTIVE
9126,432,Savings,9585348,2026-07-06,SBY01,ACTIVE
9127,6210,Time Deposit,765840330,2027-02-23,SBY01,ACTIVE
9128,5040,Time Deposit,464104029,2026-12-10,YGY01,ACTIVE
9129,2990,Savings,39930245,2028-02-06,JKT01,ACTIVE
9130,5379,Time Deposit,1704677101,2026-05-02,SMG01,ACTIVE
9131,6563,Savings,2320895,2027-05-28,JKT02,ACTIVE
9132,621,Savings,22530536,2026-04-23,YGY01,ACTIVE
9133,3854,Savings,48708197,2026-04-19,MDN01,ACTIVE
9134,7337,Savings,42244403,2027-02-24,JKT02,ACTIVE
9135,2453,Time Deposit,1266741637,2026-10-28,JKT02,ACTIVE
9136,7062,Savings,13189988,2026-05-21,MDN01,ACTIVE
9137,6267,Time Deposit,1223126719,2027-01-28,MDN01,ACTIVE
9138,2943,Savings,92155837,2027-12-18,JKT02,ACTIVE
9139,1260,Savings,210228844,2028-01-14,MDN01,ACTIVE
9140,8384,Time Deposit,339802453,2026-10-28,BDG01,ACTIVE
9141,9511,Time Deposit,302605984,2026-07-19,JKT02,ACTIVE
9142,3666,Time Deposit,1605852792,2026-12-16,YGY01,ACTIVE
9143,8597,Savings,78762870,2026-05-25,JKT01,ACTIVE
9144,7857,Savings,77171777,2027-02-22,BDG01,ACTIVE
9145,860,Savings,183476759,2026-09-17,JKT01,ACTIVE
9146,2869,Savings,120568451,2027-02-22,MDN01,ACTIVE
9147,6573,Time Deposit,473807777,2026-08-15,SBY01,ACTIVE
9148,6478,Savings,152634215,2027-11-22,MDN01,ACTIVE
9149,2220,Time Deposit,175720750,2027-03-12,BDG01,ACTIVE
9150,3772,Time Deposit,506929088,2027-02-19,SBY01,ACTIVE
9151,5394,Time Deposit,1503391905,2026-08-10,MDN01,ACTIVE
9152,1178,Savings,24134207,2026-07-12,MDN01,ACTIVE
9153,2962,Time Deposit,288747728,2026-08-22,MDN01,ACTIVE
9154,167,Savings,43503584,2028-01-31,JKT02,ACTIVE
9155,4613,Savings,7321731,2028-01-27,JKT02,ACTIVE
9156,5320,Savings,48623870,2026-08-15,YGY01,ACTIVE
9157,8723,Savings,22379577,2027-03-18,SBY01,ACTIVE
9158,361,Savings,7549875,2026-07-12,MDN01,ACTIVE
9159,6117,Savings,26719473,2027-11-23,BDG01,ACTIVE
9160,9455,Savings,11649978,2026-09-02,YGY01,ACTIVE
9161,3627,Savings,128118266,2026-09-21,JKT01,ACTIVE
9162,8336,Savings,22840176,2027-12-05,SMG01,ACTIVE
9163,9007,Savings,12442297,2027-01-21,JKT01,ACTIVE
9164,5532,Savings,21496530,2027-03-05,SMG01,ACTIVE
9165,6085,Savings,19276910,2026-08-11,MDN01,ACTIVE
9166,3348,Savings,30730348,2028-02-03,MDN01,ACTIVE
9167,7274,Savings,3260279,2026-12-11,SMG01,ACTIVE
9168,6993,Savings,18018276,2028-02-16,YGY01,ACTIVE
9169,3400,Time Deposit,1574062234,2026-07-26,JKT02,ACTIVE
9170,5637,Time Deposit,832301036,2026-09-01,YGY01,ACTIVE
9171,5882,Savings,4866066,2027-05-17,JKT02,ACTIVE
9172,5995,Time Deposit,431113871,2026-07-21,BDG01,ACTIVE
9173,2954,Savings,61230811,2026-04-27,SBY01,ACTIVE
9174,3403,Savings,14621241,2027-10-13,SMG01,ACTIVE
9175,8627,Savings,23711524,2027-01-18,JKT01,ACTIVE
9176,5681,Savings,73078905,2027-11-15,BDG01,ACTIVE
9177,9032,Savings,82606166,2026-11-18,SMG01,ACTIVE
9178,1442,Savings,9130322,2026-09-24,SBY01,ACTIVE
9179,3536,Time Deposit,993234682,2026-10-09,SMG01,ACTIVE
9180,8796,Savings,20445536,2026-06-24,JKT01,ACTIVE
9181,8388,Savings,76602637,2027-02-23,SBY01,ACTIVE
9182,5841,Savings,79305896,2026-11-25,JKT02,ACTIVE
9183,9771,Savings,27541334,2026-11-22,BDG01,ACTIVE
9184,3593,Savings,11004528,2026-12-25,MDN01,ACTIVE
9185,3766,Savings,27829265,2027-09-11,BDG01,ACTIVE
9186,8945,Time Deposit,1037563382,2026-05-24,YGY01,ACTIVE
9187,6418,Time Deposit,383478016,2026-12-26,MDN01,ACTIVE
9188,4628,Time Deposit,1514457439,2027-01-04,SMG01,ACTIVE
9189,296,Savings,17420680,2027-03-01,JKT01,ACTIVE
9190,1237,Savings,106342795,2026-06-30,SMG01,ACTIVE
9191,7430,Savings,30683814,2026-05-04,MDN01,ACTIVE
9192,388,Time Deposit,63637915,2026-04-26,JKT02,ACTIVE
9193,3421,Savings,135572644,2027-03-13,JKT01,ACTIVE
9194,4677,Savings,15498200,2026-08-24,BDG01,ACTIVE
9195,6258,Time Deposit,600100727,2026-12-14,JKT02,ACTIVE
9196,4263,Time Deposit,127703615,2027-03-10,JKT01,ACTIVE
9197,8961,Time Deposit,798169234,2027-02-23,MDN01,ACTIVE
9198,3702,Savings,117726294,2027-09-13,JKT01,ACTIVE
9199,2965,Savings,7660447,2026-10-03,YGY01,ACTIVE
9200,8569,Savings,20487374,2026-08-12,JKT02,ACTIVE
9201,5186,Savings,116858312,2026-08-09,SBY01,ACTIVE
9202,6765,Time Deposit,733426504,2026-04-01,SBY01,ACTIVE
9203,6091,Savings,52861044,2027-09-14,YGY01,ACTIVE
9204,7688,Time Deposit,1038291466,2027-01-24,BDG01,ACTIVE
9205,6118,Savings,10240697,2026-08-30,JKT02,ACTIVE
9206,291,Time Deposit,268939918,2027-01-08,JKT01,ACTIVE
9207,4674,Savings,17360720,2026-11-23,BDG01,ACTIVE
9208,8386,Time Deposit,489416583,2026-07-17,YGY01,ACTIVE
9209,7964,Savings,102168818,2027-01-11,MDN01,ACTIVE
9210,2450,Time Deposit,274475366,2026-04-26,YGY01,ACTIVE
9211,3315,Savings,5941105,2027-12-03,YGY01,ACTIVE
9212,58,Savings,59912162,2027-01-31,BDG01,ACTIVE
9213,570,Time Deposit,943801806,2026-07-28,BDG01,ACTIVE
9214,126,Savings,34677105,2027-05-13,YGY01,ACTIVE
9215,5708,Savings,37137722,2028-02-05,JKT02,ACTIVE
9216,4283,Savings,7073206,2027-01-01,JKT01,ACTIVE
9217,5278,Savings,8742830,2026-10-14,MDN01,ACTIVE
9218,5116,Savings,27195069,2026-11-23,SBY01,ACTIVE
9219,7529,Savings,57684264,2027-11-17,YGY01,ACTIVE
9220,1702,Savings,10808181,2028-03-12,SMG01,ACTIVE
9221,7159,Time Deposit,773440301,2027-03-12,MDN01,ACTIVE
9222,2899,Savings,33384398,2026-09-26,JKT02,ACTIVE
9223,4709,Savings,24163608,2027-07-20,YGY01,ACTIVE
9224,5390,Savings,39649737,2027-06-02,BDG01,ACTIVE
9225,2890,Time Deposit,1303856557,2026-11-18,JKT01,ACTIVE
9226,4977,Savings,39000124,2027-04-29,MDN01,ACTIVE
9227,5745,Savings,11269825,2026-12-23,JKT01,ACTIVE
9228,1747,Time Deposit,991650173,2026-05-29,JKT01,ACTIVE
9229,5126,Savings,24861984,2026-04-17,BDG01,ACTIVE
9230,2691,Savings,6759383,2026-07-27,MDN01,ACTIVE
9231,1646,Time Deposit,850289903,2026-11-16,BDG01,ACTIVE
9232,9651,Time Deposit,1529433813,2026-08-21,SBY01,ACTIVE
9233,4040,Time Deposit,882165956,2026-09-13,BDG01,ACTIVE
9234,246,Savings,62084312,2027-11-18,BDG01,ACTIVE
9235,2307,Savings,82903255,2026-09-06,MDN01,ACTIVE
9236,3199,Savings,116477542,2026-06-18,JKT01,ACTIVE
9237,3619,Time Deposit,753466006,2026-11-16,MDN01,ACTIVE
9238,8317,Savings,27700644,2026-04-23,MDN01,ACTIVE
9239,2969,Time Deposit,673692528,2026-07-19,BDG01,ACTIVE
9240,8445,Savings,23969596,2026-09-16,YGY01,ACTIVE
9241,5051,Savings,11106258,2026-09-18,SBY01,ACTIVE
9242,31,Savings,61280121,2027-02-05,YGY01,ACTIVE
9243,5638,Time Deposit,947908519,2026-11-03,MDN01,ACTIVE
9244,8252,Savings,17156305,2026-11-03,JKT02,ACTIVE
9245,7607,Savings,7634245,2027-10-30,SMG01,ACTIVE
9246,4573,Time Deposit,167258963,2027-03-16,SMG01,ACTIVE
9247,4497,Savings,10409857,2026-05-24,JKT02,ACTIVE
9248,8247,Time Deposit,916106085,2027-02-23,MDN01,ACTIVE
9249,3451,Savings,66106829,2027-11-05,JKT01,ACTIVE
9250,5540,Time Deposit,1407076081,2026-09-28,YGY01,ACTIVE
9251,8481,Savings,35722400,2028-02-17,SBY01,ACTIVE
9252,1581,Savings,15713370,2027-10-15,JKT02,ACTIVE
9253,6382,Savings,74804442,2027-04-03,JKT01,ACTIVE
9254,6714,Savings,29092990,2027-12-04,JKT02,ACTIVE
9255,8943,Savings,16816994,2026-06-04,SMG01,ACTIVE
9256,8152,Time Deposit,259469240,2027-03-05,JKT01,ACTIVE
9257,5334,Savings,49010767,2026-08-24,YGY01,ACTIVE
9258,4969,Savings,26446849,2026-07-06,YGY01,ACTIVE
9259,1227,Savings,37691638,2027-06-14,JKT02,ACTIVE
9260,9404,Savings,149529702,2026-06-20,JKT01,ACTIVE
9261,7355,Time Deposit,263281762,2026-10-06,BDG01,ACTIVE
9262,4596,Savings,34740027,2027-12-23,MDN01,ACTIVE
9263,7879,Time Deposit,1417815627,2026-12-21,JKT01,ACTIVE
9264,8818,Savings,23944635,2027-02-01,SBY01,ACTIVE
9265,4079,Savings,43306874,2027-10-28,BDG01,ACTIVE
9266,4334,Time Deposit,465832970,2026-04-13,JKT01,ACTIVE
9267,3002,Savings,21105392,2027-07-12,MDN01,ACTIVE
9268,7981,Savings,10473045,2026-04-23,BDG01,ACTIVE
9269,1872,Time Deposit,1620886896,2026-05-05,JKT02,ACTIVE
9270,5084,Savings,13604258,2027-11-13,JKT02,ACTIVE
9271,729,Savings,99574060,2026-07-31,SBY01,ACTIVE
9272,2241,Time Deposit,688537796,2027-02-10,SMG01,ACTIVE
9273,4936,Time Deposit,968607291,2026-06-19,YGY01,ACTIVE
9274,1140,Savings,12668099,2026-07-04,YGY01,ACTIVE
9275,3906,Savings,54699996,2026-11-01,BDG01,ACTIVE
9276,3609,Time Deposit,1288631505,2026-06-10,SMG01,ACTIVE
9277,9026,Time Deposit,993182142,2027-01-30,YGY01,ACTIVE
9278,9329,Savings,13513714,2027-04-06,YGY01,ACTIVE
9279,4310,Savings,116371031,2027-11-11,JKT02,ACTIVE
9280,8521,Savings,3771536,2027-02-22,SMG01,ACTIVE
9281,9260,Time Deposit,217372596,2026-06-25,SBY01,ACTIVE
9282,276,Time Deposit,497215160,2026-08-19,MDN01,ACTIVE
9283,4073,Time Deposit,967611192,2026-05-04,MDN01,ACTIVE
9284,6312,Savings,220431523,2027-09-07,JKT02,ACTIVE
9285,1887,Time Deposit,1387541691,2026-09-05,JKT02,ACTIVE
9286,9028,Savings,18142231,2028-03-15,JKT01,ACTIVE
9287,1199,Savings,31094646,2026-04-26,SBY01,ACTIVE
9288,2975,Savings,67172864,2026-11-22,BDG01,ACTIVE
9289,5188,Savings,20984083,2027-11-01,YGY01,ACTIVE
9290,2656,Savings,109991622,2028-03-15,SBY01,ACTIVE
9291,8998,Time Deposit,1065755832,2026-05-11,BDG01,ACTIVE
9292,3019,Savings,33239282,2026-12-02,JKT02,ACTIVE
9293,7130,Savings,11993740,2027-09-19,MDN01,ACTIVE
9294,8911,Savings,8049573,2027-01-01,YGY01,ACTIVE
9295,1592,Savings,36007572,2027-03-17,SMG01,ACTIVE
9296,5671,Savings,57584869,2027-03-09,BDG01,ACTIVE
9297,3316,Savings,9150076,2027-08-21,JKT02,ACTIVE
9298,4625,Savings,11867815,2027-07-05,SMG01,ACTIVE
9299,8070,Savings,141762150,2026-10-03,BDG01,ACTIVE
9300,1201,Time Deposit,777332311,2026-08-26,SMG01,ACTIVE
9301,5887,Savings,15353244,2027-05-24,SBY01,ACTIVE
9302,134,Savings,18518262,2027-05-28,JKT02,ACTIVE
9303,2680,Savings,25968746,2026-11-21,YGY01,ACTIVE
9304,2144,Time Deposit,357137815,2027-01-20,JKT02,ACTIVE
9305,4726,Savings,88634747,2027-11-07,SMG01,ACTIVE
9306,8413,Time Deposit,387649659,2026-06-11,MDN01,ACTIVE
9307,9503,Savings,9342712,2027-10-21,JKT02,ACTIVE
9308,3535,Time Deposit,473335300,2026-10-01,SBY01,ACTIVE
9309,4954,Savings,40459690,2027-03-17,JKT02,ACTIVE
9310,7948,Savings,17011891,2027-05-11,MDN01,ACTIVE
9311,5967,Savings,25044281,2027-10-06,YGY01,ACTIVE
9312,2814,Time Deposit,903243294,2026-06-23,JKT02,ACTIVE
9313,8051,Time Deposit,661039632,2026-07-15,SBY01,ACTIVE
9314,5850,Time Deposit,933736838,2026-11-29,SMG01,ACTIVE
9315,9478,Savings,41358660,2026-10-30,JKT01,ACTIVE
9316,6307,Savings,11697468,2027-03-10,SMG01,ACTIVE
9317,5967,Savings,96001325,2027-08-24,YGY01,ACTIVE
9318,3070,Savings,31163877,2027-07-23,BDG01,ACTIVE
9319,9051,Savings,31840314,2028-03-15,MDN01,ACTIVE
9320,1910,Time Deposit,1939547268,2027-03-01,JKT02,ACTIVE
9321,6728,Savings,70524583,2026-07-12,BDG01,ACTIVE
9322,7090,Savings,131951748,2026-09-20,JKT01,ACTIVE
9323,5391,Savings,99539281,2026-07-26,YGY01,ACTIVE
9324,7215,Time Deposit,593936277,2026-11-26,SMG01,ACTIVE
9325,2893,Savings,7192788,2026-06-19,YGY01,ACTIVE
9326,158,Time Deposit,572712329,2026-08-28,SMG01,ACTIVE
9327,8316,Savings,44935542,2026-12-26,SBY01,ACTIVE
9328,9886,Savings,64644009,2027-04-28,SBY01,ACTIVE
9329,7878,Savings,14932315,2027-12-25,YGY01,ACTIVE
9330,4094,Savings,44424654,2026-09-25,MDN01,ACTIVE
9331,4350,Savings,66213439,2026-10-01,MDN01,ACTIVE
9332,8369,Time Deposit,344906477,2026-12-25,JKT01,ACTIVE
9333,7927,Savings,138368755,2026-11-15,SMG01,ACTIVE
9334,7478,Time Deposit,1298949466,2026-11-08,SBY01,ACTIVE
9335,1771,Savings,46174954,2027-07-26,BDG01,ACTIVE
9336,674,Savings,160989715,2027-12-06,MDN01,ACTIVE
9337,717,Savings,137070220,2027-05-07,SBY01,ACTIVE
9338,2124,Time Deposit,403203366,2026-12-29,JKT02,ACTIVE
9339,1303,Time Deposit,658189682,2026-08-18,SBY01,ACTIVE
9340,6600,Time Deposit,703210385,2026-05-18,SMG01,ACTIVE
9341,1307,Time Deposit,345966341,2026-11-14,BDG01,ACTIVE
9342,9599,Time Deposit,218897554,2026-05-20,YGY01,ACTIVE
9343,5517,Savings,167640780,2027-04-11,SBY01,ACTIVE
9344,4710,Savings,139029143,2028-03-13,JKT01,ACTIVE
9345,8061,Time Deposit,539558347,2026-12-03,JKT02,ACTIVE
9346,7351,Time Deposit,590300175,2026-06-27,JKT02,ACTIVE
9347,502,Time Deposit,865137443,2026-04-05,SMG01,ACTIVE
9348,260,Savings,161259757,2026-06-30,SBY01,ACTIVE
9349,8419,Time Deposit,1051699707,2027-01-28,SMG01,ACTIVE
9350,4115,Savings,236065281,2027-10-16,SBY01,ACTIVE
9351,4844,Savings,12295599,2028-01-16,SMG01,ACTIVE
9352,5985,Savings,14926039,2026-12-25,BDG01,ACTIVE
9353,5904,Time Deposit,221948000,2027-02-24,JKT01,ACTIVE
9354,8747,Time Deposit,436644554,2026-04-21,JKT01,ACTIVE
9355,9918,Savings,15721675,2026-08-01,BDG01,ACTIVE
9356,704,Savings,46081441,2026-09-25,JKT02,ACTIVE
9357,6727,Savings,139870453,2027-05-22,MDN01,ACTIVE
9358,4205,Savings,51913823,2028-02-17,BDG01,ACTIVE
9359,6344,Time Deposit,613853468,2026-04-03,JKT02,ACTIVE
9360,2391,Savings,42330615,2026-06-02,MDN01,ACTIVE
9361,9964,Savings,25406492,2027-07-17,YGY01,ACTIVE
9362,9609,Savings,129897655,2027-05-22,JKT01,ACTIVE
9363,2456,Time Deposit,1419749910,2026-12-12,BDG01,ACTIVE
9364,4102,Savings,47483948,2028-01-12,MDN01,ACTIVE
9365,4161,Savings,224694814,2026-10-09,SMG01,ACTIVE
9366,6262,Savings,34931485,2028-01-24,BDG01,ACTIVE
9367,6941,Time Deposit,247415483,2026-08-08,JKT02,ACTIVE
9368,8705,Time Deposit,1320913630,2026-05-05,JKT02,ACTIVE
9369,2439,Savings,16331638,2026-08-13,SMG01,ACTIVE
9370,2222,Time Deposit,540624009,2027-03-07,MDN01,ACTIVE
9371,4707,Time Deposit,496801994,2027-02-08,SMG01,ACTIVE
9372,8436,Time Deposit,1255568696,2027-02-22,JKT01,ACTIVE
9373,5529,Time Deposit,452872777,2026-10-13,MDN01,ACTIVE
9374,5871,Savings,10417044,2028-02-09,JKT01,ACTIVE
9375,548,Time Deposit,837496347,2026-12-05,YGY01,ACTIVE
9376,6790,Savings,216743153,2027-01-20,JKT02,ACTIVE
9377,352,Time Deposit,935187599,2026-12-18,BDG01,ACTIVE
9378,1775,Savings,71753953,2028-02-29,JKT01,ACTIVE
9379,1914,Time Deposit,915137037,2026-10-21,YGY01,ACTIVE
9380,3061,Time Deposit,844359345,2026-05-27,BDG01,ACTIVE
9381,8286,Savings,94257865,2027-11-24,JKT02,ACTIVE
9382,8447,Savings,106134757,2027-12-18,JKT01,ACTIVE
9383,8838,Savings,104035222,2026-04-28,JKT01,ACTIVE
9384,8661,Savings,37926888,2027-11-05,JKT02,ACTIVE
9385,5613,Time Deposit,330177178,2026-06-24,YGY01,ACTIVE
9386,3264,Savings,11969696,2026-06-24,YGY01,ACTIVE
9387,8706,Time Deposit,1710853584,2026-06-26,JKT02,ACTIVE
9388,336,Savings,8705422,2027-06-10,JKT01,ACTIVE
9389,6339,Savings,8846941,2027-10-07,YGY01,ACTIVE
9390,9524,Time Deposit,536612035,2027-01-30,MDN01,ACTIVE
9391,6259,Time Deposit,641491368,2026-10-31,JKT02,ACTIVE
9392,2399,Time Deposit,1583448689,2026-07-22,MDN01,ACTIVE
9393,9025,Time Deposit,279972206,2026-07-13,JKT02,ACTIVE
9394,5470,Savings,57985753,2027-01-14,JKT01,ACTIVE
9395,411,Time Deposit,195158382,2026-05-18,SBY01,ACTIVE
9396,9580,Time Deposit,502208488,2026-04-11,SBY01,ACTIVE
9397,2691,Time Deposit,516419093,2026-12-13,MDN01,ACTIVE
9398,1574,Savings,16702735,2026-05-10,MDN01,ACTIVE
9399,8647,Savings,12338354,2026-10-11,SBY01,ACTIVE
9400,4035,Savings,21356998,2027-01-14,BDG01,ACTIVE
9401,470,Time Deposit,223572549,2027-02-19,JKT02,ACTIVE
9402,7753,Time Deposit,545917879,2027-02-12,JKT02,ACTIVE
9403,4605,Savings,64097178,2027-08-30,JKT02,ACTIVE
9404,8660,Time Deposit,236763052,2026-12-25,JKT02,ACTIVE
9405,7006,Savings,13393676,2027-07-13,BDG01,ACTIVE
9406,528,Savings,15269877,2027-01-13,YGY01,ACTIVE
9407,6149,Time Deposit,674634985,2026-12-30,BDG01,ACTIVE
9408,4183,Savings,133779469,2027-06-10,YGY01,ACTIVE
9409,9368,Time Deposit,1066853934,2026-07-25,JKT01,ACTIVE
9410,1458,Savings,11375083,2027-10-11,JKT02,ACTIVE
9411,9705,Savings,15433467,2027-03-04,YGY01,ACTIVE
9412,8418,Savings,17204100,2027-01-09,MDN01,ACTIVE
9413,5619,Savings,57616459,2026-08-31,JKT02,ACTIVE
9414,4384,Time Deposit,157842153,2026-07-02,YGY01,ACTIVE
9415,3690,Savings,202414781,2028-03-04,SMG01,ACTIVE
9416,678,Time Deposit,699222099,2026-07-07,MDN01,ACTIVE
9417,6383,Time Deposit,458269627,2026-04-07,BDG01,ACTIVE
9418,3567,Savings,62871030,2026-06-14,BDG01,ACTIVE
9419,1660,Savings,10445346,2028-02-07,YGY01,ACTIVE
9420,5152,Time Deposit,672323303,2026-10-10,MDN01,ACTIVE
9421,1141,Savings,141439992,2027-08-14,MDN01,ACTIVE
9422,3858,Time Deposit,688037390,2027-02-06,BDG01,ACTIVE
9423,2909,Savings,30784270,2026-10-07,YGY01,ACTIVE
9424,1378,Savings,34519228,2027-07-03,YGY01,ACTIVE
9425,4590,Time Deposit,1354469254,2027-01-24,BDG01,ACTIVE
9426,1022,Savings,99310686,2026-04-16,YGY01,ACTIVE
9427,3148,Savings,28480004,2026-10-27,MDN01,ACTIVE
9428,209,Time Deposit,395039142,2026-07-02,JKT01,ACTIVE
9429,545,Time Deposit,699850962,2026-04-06,YGY01,ACTIVE
9430,902,Savings,17998152,2027-11-16,JKT02,ACTIVE
9431,8199,Time Deposit,297503085,2026-04-01,JKT02,ACTIVE
9432,8534,Savings,37610543,2027-08-20,SMG01,ACTIVE
9433,1049,Savings,36708533,2027-08-04,SMG01,ACTIVE
9434,5823,Savings,94091757,2026-06-10,YGY01,ACTIVE
9435,791,Time Deposit,495222409,2026-08-22,YGY01,ACTIVE
9436,1396,Savings,138441394,2027-04-25,BDG01,ACTIVE
9437,9162,Time Deposit,411775283,2026-11-30,SMG01,ACTIVE
9438,902,Time Deposit,339626634,2026-06-28,MDN01,ACTIVE
9439,7471,Savings,20270408,2026-11-05,JKT02,ACTIVE
9440,7114,Savings,6255717,2027-05-03,SMG01,ACTIVE
9441,9149,Savings,11774143,2027-12-30,SBY01,ACTIVE
9442,2133,Savings,9147955,2027-02-07,SBY01,ACTIVE
9443,4070,Savings,69011601,2027-01-02,SMG01,ACTIVE
9444,2667,Savings,4232252,2028-01-04,JKT01,ACTIVE
9445,149,Time Deposit,707264521,2026-05-20,JKT01,ACTIVE
9446,9621,Savings,6168888,2027-07-11,MDN01,ACTIVE
9447,260,Savings,133965525,2026-12-31,MDN01,ACTIVE
9448,2433,Savings,7942519,2028-01-05,JKT02,ACTIVE
9449,9252,Savings,143628201,2026-04-28,BDG01,ACTIVE
9450,2664,Savings,10914686,2027-04-08,SBY01,ACTIVE
9451,2840,Savings,209552322,2026-08-18,YGY01,ACTIVE
9452,2333,Time Deposit,1692596318,2027-03-16,SMG01,ACTIVE
9453,6411,Savings,50122177,2027-01-26,SBY01,ACTIVE
9454,7359,Savings,69136501,2027-11-25,JKT01,ACTIVE
9455,3264,Savings,36711447,2028-01-25,SMG01,ACTIVE
9456,5717,Time Deposit,1166473714,2026-09-18,YGY01,ACTIVE
9457,4986,Time Deposit,974264262,2027-01-06,BDG01,ACTIVE
9458,6504,Savings,28164198,2027-06-22,JKT02,ACTIVE
9459,7258,Savings,8124435,2026-11-04,YGY01,ACTIVE
9460,3957,Savings,23175124,2028-02-23,JKT01,ACTIVE
9461,5771,Time Deposit,1762333167,2027-02-14,JKT02,ACTIVE
9462,7048,Time Deposit,1059023664,2026-06-16,SMG01,ACTIVE
9463,3621,Savings,147286190,2026-05-13,BDG01,ACTIVE
9464,7304,Savings,60011608,2026-12-13,MDN01,ACTIVE
9465,1402,Time Deposit,935894120,2026-04-05,YGY01,ACTIVE
9466,7653,Time Deposit,1324468953,2026-06-10,SBY01,ACTIVE
9467,5575,Savings,171395074,2027-11-07,YGY01,ACTIVE
9468,7770,Savings,107601725,2026-05-23,MDN01,ACTIVE
9469,4926,Savings,50700538,2027-12-03,SMG01,ACTIVE
9470,5657,Time Deposit,338223503,2026-10-28,SBY01,ACTIVE
9471,9398,Savings,10352658,2028-01-08,MDN01,ACTIVE
9472,9369,Time Deposit,942616962,2026-12-22,YGY01,ACTIVE
9473,3439,Time Deposit,208385936,2027-01-09,SMG01,ACTIVE
9474,585,Time Deposit,893509161,2026-06-21,BDG01,ACTIVE
9475,1663,Time Deposit,818179868,2027-01-10,JKT01,ACTIVE
9476,8742,Savings,29450967,2026-11-27,SMG01,ACTIVE
9477,7491,Time Deposit,152267668,2026-07-08,JKT01,ACTIVE
9478,2112,Time Deposit,153779842,2026-12-15,BDG01,ACTIVE
9479,6638,Time Deposit,474611194,2026-08-14,JKT02,ACTIVE
9480,7718,Time Deposit,459979820,2026-07-03,MDN01,ACTIVE
9481,4124,Savings,124169044,2027-07-17,YGY01,ACTIVE
9482,6896,Savings,12920894,2027-07-21,JKT02,ACTIVE
9483,4299,Savings,69806262,2027-09-23,MDN01,ACTIVE
9484,4265,Savings,31191014,2027-11-19,MDN01,ACTIVE
9485,9221,Time Deposit,261227534,2026-10-22,MDN01,ACTIVE
9486,1024,Savings,19921223,2026-05-03,SBY01,ACTIVE
9487,2986,Savings,65347452,2027-02-20,MDN01,ACTIVE
9488,8420,Time Deposit,501689326,2027-02-24,YGY01,ACTIVE
9489,7623,Time Deposit,825489614,2026-04-21,SMG01,ACTIVE
9490,3627,Savings,40671423,2028-01-23,YGY01,ACTIVE
9491,7827,Time Deposit,1471152589,2026-07-08,JKT01,ACTIVE
9492,4036,Savings,12842869,2026-07-19,JKT01,ACTIVE
9493,9764,Savings,17625548,2026-06-16,JKT02,ACTIVE
9494,6282,Savings,70866035,2026-07-14,YGY01,ACTIVE
9495,5876,Time Deposit,1568713568,2026-11-19,JKT01,ACTIVE
9496,446,Savings,166626226,2027-06-30,JKT01,ACTIVE
9497,4365,Savings,143191417,2027-08-11,SMG01,ACTIVE
9498,5285,Savings,92175692,2027-01-19,MDN01,ACTIVE
9499,8944,Savings,42267738,2026-06-16,SBY01,ACTIVE
9500,5741,Time Deposit,1690659362,2027-02-26,MDN01,ACTIVE
9501,5941,Time Deposit,827039264,2026-08-14,JKT02,ACTIVE
9502,4778,Savings,6094624,2026-05-16,JKT01,ACTIVE
9503,3781,Savings,13943320,2028-01-15,MDN01,ACTIVE
9504,8841,Savings,36038104,2026-11-27,YGY01,ACTIVE
9505,662,Savings,3567589,2026-05-11,YGY01,ACTIVE
9506,2475,Savings,63575677,2028-02-08,JKT02,ACTIVE
9507,8681,Savings,152749797,2026-11-08,BDG01,ACTIVE
9508,37,Time Deposit,874915067,2026-12-29,MDN01,ACTIVE
9509,5169,Time Deposit,552743823,2026-07-26,JKT01,ACTIVE
9510,884,Time Deposit,674205025,2026-12-16,SBY01,ACTIVE
9511,4996,Savings,90581172,2027-01-11,BDG01,ACTIVE
9512,660,Time Deposit,205843061,2027-01-29,YGY01,ACTIVE
9513,670,Time Deposit,487870245,2026-06-12,MDN01,ACTIVE
9514,1112,Time Deposit,1080067575,2026-06-03,YGY01,ACTIVE
9515,4144,Savings,27830346,2026-04-22,YGY01,ACTIVE
9516,7224,Savings,20991584,2026-09-25,SMG01,ACTIVE
9517,8737,Savings,61181451,2027-12-29,BDG01,ACTIVE
9518,7026,Time Deposit,1323460398,2027-01-10,JKT01,ACTIVE
9519,1104,Savings,13908642,2027-09-01,YGY01,ACTIVE
9520,137,Time Deposit,223602257,2026-08-11,MDN01,ACTIVE
9521,2810,Savings,35365340,2027-05-26,JKT01,ACTIVE
9522,7016,Savings,18382018,2026-10-15,MDN01,ACTIVE
9523,1685,Savings,7753468,2026-12-26,MDN01,ACTIVE
9524,1861,Time Deposit,635310679,2026-09-12,YGY01,ACTIVE
9525,3312,Savings,22740944,2027-01-26,JKT02,ACTIVE
9526,9000,Savings,23454978,2027-10-20,SBY01,ACTIVE
9527,5747,Savings,42615658,2026-05-13,SBY01,ACTIVE
9528,7954,Savings,163055483,2027-11-27,JKT02,ACTIVE
9529,200,Savings,131426215,2026-05-24,JKT02,ACTIVE
9530,5128,Savings,60772576,2027-06-14,YGY01,ACTIVE
9531,8825,Savings,34987335,2026-12-10,BDG01,ACTIVE
9532,1811,Savings,70872945,2027-01-20,YGY01,ACTIVE
9533,9611,Savings,30069195,2026-12-28,SBY01,ACTIVE
9534,913,Savings,60564854,2026-04-26,BDG01,ACTIVE
9535,815,Time Deposit,639437406,2026-09-29,BDG01,ACTIVE
9536,7969,Savings,84729288,2027-06-24,JKT01,ACTIVE
9537,6459,Savings,63615081,2027-01-01,JKT02,ACTIVE
9538,3196,Time Deposit,905585703,2026-05-16,SMG01,ACTIVE
9539,3967,Savings,11440796,2026-08-30,MDN01,ACTIVE
9540,4048,Time Deposit,594672110,2026-05-15,YGY01,ACTIVE
9541,1918,Savings,48291761,2028-02-28,SMG01,ACTIVE
9542,49,Savings,22022896,2027-09-22,BDG01,ACTIVE
9543,6618,Savings,3570259,2027-01-12,BDG01,ACTIVE
9544,4115,Savings,43209341,2027-07-20,BDG01,ACTIVE
9545,9361,Time Deposit,993296501,2027-02-28,MDN01,ACTIVE
9546,1739,Time Deposit,1034649613,2027-02-24,SBY01,ACTIVE
9547,5065,Time Deposit,372533287,2026-12-12,SMG01,ACTIVE
9548,7131,Time Deposit,172441011,2026-05-04,MDN01,ACTIVE
9549,1784,Savings,129526442,2027-04-11,JKT01,ACTIVE
9550,9443,Time Deposit,1438354551,2026-10-31,JKT02,ACTIVE
9551,6085,Savings,8927773,2027-04-29,JKT02,ACTIVE
9552,8969,Time Deposit,203337212,2026-09-19,SBY01,ACTIVE
9553,8902,Savings,8996707,2027-09-07,BDG01,ACTIVE
9554,7203,Savings,136496403,2027-02-04,SMG01,ACTIVE
9555,202,Time Deposit,607022326,2026-04-09,JKT01,ACTIVE
9556,1953,Savings,5981031,2027-02-24,YGY01,ACTIVE
9557,5661,Time Deposit,1239110036,2026-06-05,JKT01,ACTIVE
9558,2768,Savings,149918471,2027-10-16,JKT02,ACTIVE
9559,4568,Savings,21567527,2026-05-16,BDG01,ACTIVE
9560,3205,Time Deposit,444555701,2026-06-25,SMG01,ACTIVE
9561,4285,Savings,120260403,2027-02-13,YGY01,ACTIVE
9562,4789,Savings,3862558,2026-09-21,JKT01,ACTIVE
9563,4738,Savings,21810154,2028-01-27,MDN01,ACTIVE
9564,9419,Savings,14682703,2026-06-11,BDG01,ACTIVE
9565,2243,Savings,30003147,2026-07-12,MDN01,ACTIVE
9566,8897,Time Deposit,1439077447,2026-10-18,JKT02,ACTIVE
9567,9398,Time Deposit,659647469,2026-10-01,SMG01,ACTIVE
9568,9794,Savings,7266555,2026-05-27,SMG01,ACTIVE
9569,4467,Savings,106998210,2026-12-21,JKT02,ACTIVE
9570,5711,Savings,38864852,2026-08-10,YGY01,ACTIVE
9571,250,Time Deposit,1553204987,2027-01-22,JKT02,ACTIVE
9572,6667,Time Deposit,1012474995,2026-12-18,YGY01,ACTIVE
9573,2391,Savings,64537608,2027-11-25,JKT01,ACTIVE
9574,8682,Time Deposit,1119376169,2026-10-18,SBY01,ACTIVE
9575,9605,Savings,11187668,2026-06-22,MDN01,ACTIVE
9576,5517,Savings,123388711,2027-09-09,MDN01,ACTIVE
9577,7,Savings,22997375,2026-07-20,SMG01,ACTIVE
9578,5934,Time Deposit,308743930,2026-08-17,MDN01,ACTIVE
9579,9121,Time Deposit,1207968705,2026-08-20,YGY01,ACTIVE
9580,5305,Savings,25090486,2026-07-14,SBY01,ACTIVE
9581,7574,Time Deposit,784636056,2026-04-09,SBY01,ACTIVE
9582,6393,Time Deposit,775455420,2026-10-19,SMG01,ACTIVE
9583,6602,Savings,36973066,2027-08-29,SBY01,ACTIVE
9584,9335,Time Deposit,437219565,2026-04-29,JKT01,ACTIVE
9585,8119,Time Deposit,606921711,2026-12-28,BDG01,ACTIVE
9586,5783,Savings,17491334,2026-06-27,SMG01,ACTIVE
9587,8867,Time Deposit,254491541,2026-07-04,JKT01,ACTIVE
9588,1184,Time Deposit,1274778943,2027-01-22,YGY01,ACTIVE
9589,2943,Savings,96944742,2027-01-04,MDN01,ACTIVE
9590,4780,Time Deposit,692389468,2026-07-10,SMG01,ACTIVE
9591,5827,Savings,12088162,2026-07-18,JKT02,ACTIVE
9592,6688,Savings,40551174,2027-12-09,MDN01,ACTIVE
9593,3563,Time Deposit,268910982,2026-04-29,MDN01,ACTIVE
9594,6634,Savings,12707399,2026-12-08,JKT01,ACTIVE
9595,3102,Time Deposit,272210283,2026-08-01,YGY01,ACTIVE
9596,861,Time Deposit,763120870,2026-09-25,JKT01,ACTIVE
9597,5618,Time Deposit,1082274149,2027-02-13,BDG01,ACTIVE
9598,249,Savings,183185981,2027-01-07,JKT01,ACTIVE
9599,1396,Time Deposit,503686963,2026-12-15,SBY01,ACTIVE
9600,9096,Time Deposit,667144274,2026-07-17,JKT02,ACTIVE
9601,3817,Savings,31090915,2028-03-01,YGY01,ACTIVE
9602,5444,Savings,12080513,2026-08-25,SMG01,ACTIVE
9603,1207,Savings,53940464,2028-02-24,JKT02,ACTIVE
9604,1048,Savings,10282489,2026-09-07,JKT02,ACTIVE
9605,9131,Savings,6956299,2028-01-23,SBY01,ACTIVE
9606,1415,Savings,38979623,2027-08-20,SBY01,ACTIVE
9607,897,Savings,228115385,2027-02-25,BDG01,ACTIVE
9608,763,Savings,140454816,2028-02-08,YGY01,ACTIVE
9609,597,Savings,48975844,2027-12-15,SMG01,ACTIVE
9610,6242,Savings,21021491,2028-01-03,BDG01,ACTIVE
9611,8594,Savings,30041631,2026-08-16,MDN01,ACTIVE
9612,5206,Time Deposit,1072799463,2026-06-28,SBY01,ACTIVE
9613,4262,Time Deposit,584777918,2027-01-19,JKT02,ACTIVE
9614,7575,Savings,23659864,2027-07-19,BDG01,ACTIVE
9615,563,Time Deposit,864339008,2026-04-19,JKT01,ACTIVE
9616,7956,Time Deposit,648202500,2026-09-22,YGY01,ACTIVE
9617,7061,Time Deposit,113389763,2026-08-30,SMG01,ACTIVE
9618,8948,Savings,151451887,2026-11-18,BDG01,ACTIVE
9619,1183,Savings,18087090,2027-10-01,SBY01,ACTIVE
9620,3952,Time Deposit,730607219,2026-10-31,MDN01,ACTIVE
9621,5561,Savings,38005650,2027-04-16,JKT02,ACTIVE
9622,442,Time Deposit,284030434,2026-08-03,BDG01,ACTIVE
9623,4961,Time Deposit,531528579,2026-08-31,YGY01,ACTIVE
9624,7962,Time Deposit,473247302,2026-07-20,BDG01,ACTIVE
9625,6818,Time Deposit,563068999,2026-04-18,JKT01,ACTIVE
9626,1763,Savings,29798885,2026-06-21,BDG01,ACTIVE
9627,1999,Savings,41064138,2026-09-11,YGY01,ACTIVE
9628,542,Savings,111574645,2026-06-23,BDG01,ACTIVE
9629,3611,Savings,5998083,2027-05-14,BDG01,ACTIVE
9630,1366,Savings,6889256,2026-09-03,MDN01,ACTIVE
9631,4215,Time Deposit,955656109,2026-04-18,MDN01,ACTIVE
9632,540,Time Deposit,949214991,2026-12-18,JKT02,ACTIVE
9633,8935,Time Deposit,1019459858,2026-12-25,JKT01,ACTIVE
9634,4308,Time Deposit,769646139,2026-07-10,SMG01,ACTIVE
9635,1285,Time Deposit,999857716,2027-02-09,MDN01,ACTIVE
9636,7285,Savings,25158975,2027-07-11,JKT02,ACTIVE
9637,1962,Time Deposit,834952373,2026-07-02,SMG01,ACTIVE
9638,7455,Savings,35486056,2026-07-22,JKT02,ACTIVE
9639,4350,Time Deposit,348292737,2026-12-11,JKT01,ACTIVE
9640,9739,Savings,68703544,2027-11-28,YGY01,ACTIVE
9641,4749,Time Deposit,299064713,2026-07-22,JKT01,ACTIVE
9642,2066,Savings,73025259,2027-04-29,JKT01,ACTIVE
9643,4094,Savings,99260703,2027-09-13,YGY01,ACTIVE
9644,2413,Time Deposit,1780383208,2026-11-12,MDN01,ACTIVE
9645,7873,Savings,41546781,2027-03-10,BDG01,ACTIVE
9646,6926,Savings,6851844,2026-07-01,YGY01,ACTIVE
9647,5393,Time Deposit,503790533,2026-11-09,YGY01,ACTIVE
9648,6868,Savings,29035289,2027-11-19,SMG01,ACTIVE
9649,9730,Time Deposit,1858596535,2026-05-25,MDN01,ACTIVE
9650,1184,Time Deposit,794713467,2026-12-03,JKT01,ACTIVE
9651,2660,Savings,12862735,2026-05-18,JKT01,ACTIVE
9652,7856,Savings,30995291,2027-01-30,JKT01,ACTIVE
9653,9077,Time Deposit,1313458516,2026-07-12,JKT02,ACTIVE
9654,9339,Savings,16422401,2027-12-03,JKT01,ACTIVE
9655,605,Time Deposit,129560875,2026-09-07,JKT02,ACTIVE
9656,171,Savings,60791321,2027-08-31,SBY01,ACTIVE
9657,9866,Savings,21480641,2027-06-09,SMG01,ACTIVE
9658,8799,Savings,46310594,2027-06-21,JKT02,ACTIVE
9659,4076,Savings,11754454,2028-01-12,JKT02,ACTIVE
9660,8915,Time Deposit,511547825,2026-10-06,JKT02,ACTIVE
9661,4737,Savings,23654664,2028-01-07,YGY01,ACTIVE
9662,4185,Savings,30574285,2026-06-13,MDN01,ACTIVE
9663,4048,Savings,167226381,2026-05-04,BDG01,ACTIVE
9664,1193,Savings,14957938,2027-10-16,MDN01,ACTIVE
9665,7304,Savings,33605790,2027-03-30,JKT01,ACTIVE
9666,273,Savings,15258721,2026-05-25,JKT01,ACTIVE
9667,1787,Time Deposit,809459429,2026-04-30,JKT02,ACTIVE
9668,5590,Time Deposit,511906126,2026-05-11,JKT01,ACTIVE
9669,9752,Time Deposit,1408606365,2027-02-11,SBY01,ACTIVE
9670,1924,Savings,17712575,2027-06-30,SBY01,ACTIVE
9671,8354,Time Deposit,205137418,2026-05-10,JKT01,ACTIVE
9672,9299,Savings,34139497,2027-02-05,BDG01,ACTIVE
9673,8366,Savings,40594990,2026-07-30,JKT02,ACTIVE
9674,305,Savings,32417297,2026-11-29,JKT01,ACTIVE
9675,8392,Savings,31283771,2027-02-04,SMG01,ACTIVE
9676,1146,Savings,90690051,2026-08-30,YGY01,ACTIVE
9677,4663,Savings,167004065,2027-03-19,MDN01,ACTIVE
9678,4409,Time Deposit,836840447,2026-06-27,SBY01,ACTIVE
9679,842,Time Deposit,1023612333,2026-09-05,YGY01,ACTIVE
9680,2414,Savings,25765107,2027-09-05,JKT02,ACTIVE
9681,9026,Time Deposit,1360645101,2027-03-02,JKT02,ACTIVE
9682,2905,Savings,34058288,2026-09-08,SMG01,ACTIVE
9683,9188,Savings,160153369,2027-03-20,SBY01,ACTIVE
9684,3827,Time Deposit,686064774,2026-07-17,SBY01,ACTIVE
9685,1707,Savings,15991560,2026-07-31,YGY01,ACTIVE
9686,2496,Savings,30170944,2026-09-08,BDG01,ACTIVE
9687,5381,Savings,39536534,2027-04-01,YGY01,ACTIVE
9688,8910,Time Deposit,218913932,2026-10-17,SMG01,ACTIVE
9689,9452,Time Deposit,614505148,2026-04-26,SMG01,ACTIVE
9690,5404,Savings,168783944,2027-04-08,YGY01,ACTIVE
9691,8398,Time Deposit,594144808,2027-01-21,SMG01,ACTIVE
9692,8228,Savings,9055017,2027-04-03,BDG01,ACTIVE
9693,940,Savings,33394539,2026-10-08,SMG01,ACTIVE
9694,1772,Savings,103163070,2027-05-29,BDG01,ACTIVE
9695,2304,Time Deposit,1121258583,2027-02-23,SMG01,ACTIVE
9696,9268,Savings,99550187,2027-01-11,JKT01,ACTIVE
9697,7628,Savings,178598834,2026-05-19,YGY01,ACTIVE
9698,1645,Savings,82582766,2026-06-18,JKT02,ACTIVE
9699,1449,Savings,8764957,2027-10-19,YGY01,ACTIVE
9700,3089,Time Deposit,584765188,2026-07-30,SMG01,ACTIVE
9701,4647,Savings,177552064,2027-02-01,SMG01,ACTIVE
9702,5731,Time Deposit,391463943,2027-02-25,SBY01,ACTIVE
9703,5726,Time Deposit,1222318700,2026-06-24,BDG01,ACTIVE
9704,9783,Savings,10820674,2028-02-20,MDN01,ACTIVE
9705,4708,Savings,29219566,2026-11-21,SBY01,ACTIVE
9706,6993,Savings,31496713,2027-02-20,YGY01,ACTIVE
9707,792,Time Deposit,110592921,2027-02-03,BDG01,ACTIVE
9708,1326,Savings,71194860,2027-06-02,YGY01,ACTIVE
9709,53,Time Deposit,1090265817,2026-06-22,SBY01,ACTIVE
9710,1203,Savings,85665148,2027-02-06,MDN01,ACTIVE
9711,9198,Time Deposit,506873466,2026-05-25,MDN01,ACTIVE
9712,8150,Savings,35274881,2027-02-11,JKT01,ACTIVE
9713,3483,Savings,30952046,2027-06-14,SMG01,ACTIVE
9714,1006,Time Deposit,1458870085,2027-03-04,BDG01,ACTIVE
9715,4575,Savings,11847656,2027-04-21,JKT02,ACTIVE
9716,2186,Savings,19092676,2027-08-06,JKT02,ACTIVE
9717,5844,Savings,2162891,2027-04-23,JKT02,ACTIVE
9718,2806,Savings,19311653,2028-02-02,YGY01,ACTIVE
9719,884,Savings,159665403,2028-01-01,SMG01,ACTIVE
9720,1694,Savings,25154464,2026-10-31,BDG01,ACTIVE
9721,4110,Savings,17186161,2027-04-25,MDN01,ACTIVE
9722,9478,Time Deposit,849805317,2026-10-06,MDN01,ACTIVE
9723,6070,Savings,69910007,2026-11-13,BDG01,ACTIVE
9724,5238,Savings,189533154,2027-03-24,MDN01,ACTIVE
9725,83,Savings,25114016,2026-05-16,SMG01,ACTIVE
9726,7279,Time Deposit,619032706,2026-10-10,MDN01,ACTIVE
9727,4603,Savings,9345078,2027-05-26,SBY01,ACTIVE
9728,800,Savings,34661855,2027-03-16,SMG01,ACTIVE
9729,251,Savings,59527926,2027-11-18,MDN01,ACTIVE
9730,3068,Time Deposit,1359318632,2026-05-28,JKT01,ACTIVE
9731,9138,Time Deposit,542981374,2026-04-08,JKT01,ACTIVE
9732,7849,Savings,69788526,2026-06-25,JKT02,ACTIVE
9733,1390,Time Deposit,253058930,2026-12-31,SMG01,ACTIVE
9734,4115,Savings,99224688,2027-06-15,SMG01,ACTIVE
9735,4065,Savings,233195790,2027-09-21,JKT01,ACTIVE
9736,8705,Time Deposit,1554135087,2026-05-14,JKT02,ACTIVE
9737,1681,Time Deposit,1097489153,2026-08-08,JKT02,ACTIVE
9738,7014,Time Deposit,734061563,2026-04-16,BDG01,ACTIVE
9739,4215,Savings,153775059,2027-06-11,YGY01,ACTIVE
9740,8935,Savings,148775546,2027-01-03,MDN01,ACTIVE
9741,7536,Time Deposit,876841803,2027-02-09,BDG01,ACTIVE
9742,3031,Savings,26390291,2026-04-29,SBY01,ACTIVE
9743,4456,Time Deposit,1140569384,2026-10-01,JKT02,ACTIVE
9744,6352,Savings,9685982,2028-01-16,JKT01,ACTIVE
9745,8664,Savings,40850970,2027-07-31,JKT01,ACTIVE
9746,333,Savings,31785119,2027-01-23,SBY01,ACTIVE
9747,2611,Time Deposit,729610485,2026-10-22,JKT02,ACTIVE
9748,5361,Savings,27864496,2027-09-26,BDG01,ACTIVE
9749,387,Savings,13167952,2027-01-02,MDN01,ACTIVE
9750,6314,Time Deposit,554406538,2026-04-23,MDN01,ACTIVE
9751,6488,Savings,23218476,2028-02-01,JKT02,ACTIVE
9752,3267,Savings,205948286,2027-01-15,JKT01,ACTIVE
9753,4334,Savings,22077187,2026-09-25,YGY01,ACTIVE
9754,4460,Savings,28494272,2027-06-12,MDN01,ACTIVE
9755,6765,Time Deposit,1707883268,2026-06-20,JKT01,ACTIVE
9756,3357,Savings,4306373,2026-04-30,BDG01,ACTIVE
9757,9189,Time Deposit,1732319440,2026-12-03,MDN01,ACTIVE
9758,7103,Savings,18809652,2028-01-17,YGY01,ACTIVE
9759,1241,Time Deposit,937837966,2026-12-31,MDN01,ACTIVE
9760,5703,Savings,59972396,2026-05-18,JKT02,ACTIVE
9761,8829,Savings,92944071,2028-01-31,MDN01,ACTIVE
9762,8299,Savings,29041464,2026-04-16,MDN01,ACTIVE
9763,997,Savings,47305536,2027-12-31,SMG01,ACTIVE
9764,7068,Savings,88768350,2027-08-01,JKT01,ACTIVE
9765,5438,Savings,8092442,2026-10-20,YGY01,ACTIVE
9766,5981,Savings,187690947,2027-11-16,JKT01,ACTIVE
9767,8299,Savings,37663833,2027-03-21,JKT02,ACTIVE
9768,4176,Savings,16118827,2026-05-13,SBY01,ACTIVE
9769,9790,Time Deposit,320900958,2026-04-03,JKT02,ACTIVE
9770,3250,Time Deposit,562888158,2026-06-05,SBY01,ACTIVE
9771,8071,Savings,11471821,2026-09-23,SBY01,ACTIVE
9772,5437,Savings,40318043,2028-02-02,SBY01,ACTIVE
9773,5391,Time Deposit,439449309,2026-09-23,MDN01,ACTIVE
9774,1286,Savings,6258296,2028-02-21,MDN01,ACTIVE
9775,5556,Savings,11245328,2027-09-09,BDG01,ACTIVE
9776,3727,Time Deposit,508517406,2026-10-10,MDN01,ACTIVE
9777,4884,Savings,135775111,2026-04-17,BDG01,ACTIVE
9778,9002,Savings,86902623,2026-07-06,SBY01,ACTIVE
9779,6679,Time Deposit,452970926,2026-05-17,JKT01,ACTIVE
9780,9112,Savings,13468315,2028-01-28,BDG01,ACTIVE
9781,1447,Savings,101338356,2027-12-22,YGY01,ACTIVE
9782,6238,Time Deposit,626075094,2026-11-06,SMG01,ACTIVE
9783,9454,Savings,19209934,2028-01-05,YGY01,ACTIVE
9784,5726,Savings,227137619,2027-11-07,JKT02,ACTIVE
9785,5075,Time Deposit,895228464,2026-04-06,BDG01,ACTIVE
9786,1146,Savings,124560249,2028-02-01,SBY01,ACTIVE
9787,2714,Savings,36994378,2027-08-20,JKT01,ACTIVE
9788,2099,Savings,23099021,2026-12-15,JKT01,ACTIVE
9789,8768,Savings,40681708,2028-01-27,YGY01,ACTIVE
9790,4850,Savings,10958811,2028-02-18,SBY01,ACTIVE
9791,5122,Savings,3984849,2026-10-17,YGY01,ACTIVE
9792,2501,Savings,26206727,2028-01-10,BDG01,ACTIVE
9793,9197,Time Deposit,112978253,2026-07-09,JKT01,ACTIVE
9794,1507,Time Deposit,1877199247,2026-07-09,SMG01,ACTIVE
9795,7707,Savings,91710149,2026-06-06,JKT02,ACTIVE
9796,3749,Savings,33177697,2027-11-09,BDG01,ACTIVE
9797,9636,Savings,9408548,2027-08-06,SMG01,ACTIVE
9798,737,Time Deposit,1093060962,2027-02-26,MDN01,ACTIVE
9799,8265,Time Deposit,851556814,2026-12-01,JKT02,ACTIVE
9800,8246,Time Deposit,291232359,2026-08-25,SMG01,ACTIVE
9801,3820,Time Deposit,926229596,2026-11-15,MDN01,ACTIVE
9802,9913,Savings,109361763,2026-09-12,BDG01,ACTIVE
9803,2085,Savings,15847287,2027-11-11,JKT02,ACTIVE
9804,2622,Savings,21748817,2027-03-30,JKT01,ACTIVE
9805,6880,Time Deposit,633835802,2026-04-21,JKT01,ACTIVE
9806,3147,Time Deposit,603109583,2027-02-22,SMG01,ACTIVE
9807,4749,Savings,41819176,2026-12-08,MDN01,ACTIVE
9808,9010,Savings,32117431,2027-12-27,SMG01,ACTIVE
9809,6334,Time Deposit,504365525,2026-04-20,SMG01,ACTIVE
9810,3375,Savings,119125335,2026-12-20,MDN01,ACTIVE
9811,7383,Savings,52472732,2028-01-14,MDN01,ACTIVE
9812,7026,Time Deposit,714537644,2026-08-12,BDG01,ACTIVE
9813,1167,Savings,25633617,2026-06-10,YGY01,ACTIVE
9814,3860,Savings,23960772,2026-11-22,SMG01,ACTIVE
9815,1498,Time Deposit,628249033,2026-06-17,SMG01,ACTIVE
9816,7727,Savings,90720483,2027-10-28,JKT02,ACTIVE
9817,8182,Time Deposit,1115218834,2027-02-08,SBY01,ACTIVE
9818,8473,Savings,107093836,2027-02-18,SMG01,ACTIVE
9819,5493,Time Deposit,203282196,2027-03-13,SBY01,ACTIVE
9820,6835,Savings,10223334,2027-09-14,SMG01,ACTIVE
9821,3757,Savings,15741237,2027-01-31,JKT01,ACTIVE
9822,6148,Time Deposit,687344278,2026-11-24,JKT01,ACTIVE
9823,5332,Time Deposit,452348548,2026-05-11,MDN01,ACTIVE
9824,4706,Savings,72295965,2027-05-21,SBY01,ACTIVE
9825,988,Savings,40752709,2027-09-28,MDN01,ACTIVE
9826,85,Time Deposit,660383225,2026-05-23,SMG01,ACTIVE
9827,4436,Savings,49305607,2026-11-21,SBY01,ACTIVE
9828,3147,Savings,22671308,2027-06-20,JKT02,ACTIVE
9829,3626,Savings,7808558,2027-06-03,BDG01,ACTIVE
9830,6474,Savings,25121763,2027-03-20,SMG01,ACTIVE
9831,5521,Savings,117628024,2026-10-13,YGY01,ACTIVE
9832,1006,Savings,113113959,2027-12-22,SMG01,ACTIVE
9833,3185,Time Deposit,1388101948,2026-05-22,BDG01,ACTIVE
9834,2440,Savings,37360900,2027-11-25,BDG01,ACTIVE
9835,1778,Time Deposit,952896891,2026-07-28,SBY01,ACTIVE
9836,1919,Savings,35882527,2026-08-02,BDG01,ACTIVE
9837,2369,Savings,144465350,2028-02-06,JKT02,ACTIVE
9838,234,Savings,13505263,2026-07-15,JKT01,ACTIVE
9839,7738,Savings,127580869,2027-02-11,SBY01,ACTIVE
9840,3731,Savings,18092788,2027-12-17,JKT01,ACTIVE
9841,4696,Time Deposit,303270344,2026-09-11,JKT01,ACTIVE
9842,6441,Savings,12427697,2027-06-11,YGY01,ACTIVE
9843,5822,Savings,63648273,2027-02-17,SBY01,ACTIVE
9844,8246,Savings,8015578,2027-12-21,JKT02,ACTIVE
9845,4935,Time Deposit,495290457,2027-01-01,MDN01,ACTIVE
9846,4908,Time Deposit,627394187,2026-07-28,JKT02,ACTIVE
9847,556,Savings,213399285,2028-01-10,YGY01,ACTIVE
9848,7992,Time Deposit,155912369,2026-09-29,BDG01,ACTIVE
9849,1310,Savings,25667117,2026-09-19,JKT02,ACTIVE
9850,9196,Savings,102601677,2028-02-18,SBY01,ACTIVE
9851,4604,Time Deposit,197252528,2026-06-27,SMG01,ACTIVE
9852,458,Savings,68218665,2027-03-31,MDN01,ACTIVE
9853,680,Savings,21676185,2027-10-26,SMG01,ACTIVE
9854,7136,Savings,10942001,2026-08-10,JKT01,ACTIVE
9855,5663,Savings,20324806,2027-04-21,BDG01,ACTIVE
9856,340,Savings,13602880,2027-05-26,YGY01,ACTIVE
9857,2535,Time Deposit,882106478,2027-02-17,BDG01,ACTIVE
9858,3985,Time Deposit,743596711,2027-02-04,JKT01,ACTIVE
9859,498,Time Deposit,833645031,2026-04-05,YGY01,ACTIVE
9860,5772,Savings,139829107,2027-09-07,BDG01,ACTIVE
9861,34,Time Deposit,530861470,2027-03-07,SBY01,ACTIVE
9862,1703,Time Deposit,1552375241,2026-06-21,BDG01,ACTIVE
9863,123,Savings,97091119,2026-10-27,JKT01,ACTIVE
9864,1290,Savings,81430204,2027-01-11,JKT02,ACTIVE
9865,9910,Time Deposit,509834188,2026-08-17,BDG01,ACTIVE
9866,2766,Savings,28156095,2026-05-30,BDG01,ACTIVE
9867,8580,Savings,90445354,2027-09-08,MDN01,ACTIVE
9868,8767,Savings,17105528,2026-07-13,YGY01,ACTIVE
9869,2413,Time Deposit,1112385384,2026-06-22,YGY01,ACTIVE
9870,7131,Savings,112783994,2027-09-19,YGY01,ACTIVE
9871,7756,Time Deposit,486699560,2026-06-20,MDN01,ACTIVE
9872,5933,Time Deposit,417886710,2026-11-20,BDG01,ACTIVE
9873,2133,Time Deposit,583572273,2027-02-24,SBY01,ACTIVE
9874,8355,Time Deposit,718242146,2026-06-08,JKT01,ACTIVE
9875,6609,Savings,218241467,2027-03-05,BDG01,ACTIVE
9876,4292,Time Deposit,947258130,2026-07-06,SBY01,ACTIVE
9877,3776,Savings,231927786,2027-07-08,SBY01,ACTIVE
9878,6611,Time Deposit,1238468172,2026-12-04,MDN01,ACTIVE
9879,4199,Savings,132719958,2027-12-26,SBY01,ACTIVE
9880,2334,Savings,4443362,2028-02-23,SBY01,ACTIVE
9881,7537,Time Deposit,846367707,2026-06-08,MDN01,ACTIVE
9882,916,Time Deposit,827665413,2026-10-06,SMG01,ACTIVE
9883,8287,Savings,28726273,2027-05-25,MDN01,ACTIVE
9884,5262,Savings,72619045,2027-07-28,YGY01,ACTIVE
9885,486,Savings,37369084,2027-04-11,MDN01,ACTIVE
9886,7263,Savings,171230432,2026-09-13,SBY01,ACTIVE
9887,8849,Time Deposit,927991766,2027-03-14,YGY01,ACTIVE
9888,2346,Savings,13058506,2026-10-14,YGY01,ACTIVE
9889,1318,Savings,30734525,2026-10-06,YGY01,ACTIVE
9890,745,Savings,10036853,2027-09-03,JKT02,ACTIVE
9891,1859,Time Deposit,796305593,2027-01-05,BDG01,ACTIVE
9892,99,Savings,82451860,2026-11-22,BDG01,ACTIVE
9893,2891,Savings,198176409,2026-10-05,SBY01,ACTIVE
9894,9615,Time Deposit,1102751695,2026-06-07,SMG01,ACTIVE
9895,716,Savings,9814598,2026-12-19,JKT02,ACTIVE
9896,2620,Savings,25075155,2027-01-11,YGY01,ACTIVE
9897,9196,Time Deposit,754564411,2026-07-31,YGY01,ACTIVE
9898,4933,Savings,163435292,2028-01-28,SMG01,ACTIVE
9899,8194,Savings,41374695,2027-12-24,BDG01,ACTIVE
9900,7989,Savings,28696784,2027-09-05,BDG01,ACTIVE
9901,5792,Savings,21838221,2027-09-01,SBY01,ACTIVE
9902,7749,Time Deposit,1283048055,2027-03-13,YGY01,ACTIVE
9903,5797,Time Deposit,1733939814,2026-04-12,JKT01,ACTIVE
9904,5108,Time Deposit,609500499,2026-11-10,JKT01,ACTIVE
9905,534,Savings,90293598,2027-12-28,MDN01,ACTIVE
9906,1096,Savings,28526439,2027-09-14,JKT02,ACTIVE
9907,6733,Savings,82042440,2027-01-23,YGY01,ACTIVE
9908,7649,Savings,12627780,2027-03-10,YGY01,ACTIVE
9909,8616,Time Deposit,879368390,2027-03-05,BDG01,ACTIVE
9910,4042,Savings,69443908,2026-05-13,SBY01,ACTIVE
9911,4288,Savings,162145369,2027-03-01,JKT01,ACTIVE
9912,9954,Savings,6127962,2027-06-06,JKT01,ACTIVE
9913,8534,Savings,27103162,2027-02-08,MDN01,ACTIVE
9914,5264,Savings,108796084,2027-12-19,YGY01,ACTIVE
9915,6589,Time Deposit,793520605,2027-01-10,BDG01,ACTIVE
9916,6903,Savings,13501334,2027-01-23,SMG01,ACTIVE
9917,6392,Savings,199815470,2027-04-26,SBY01,ACTIVE
9918,8787,Savings,58950335,2026-07-08,BDG01,ACTIVE
9919,5168,Savings,21872534,2027-03-30,MDN01,ACTIVE
9920,120,Savings,27021243,2027-03-18,JKT01,ACTIVE
9921,7425,Time Deposit,1170889399,2027-01-12,SMG01,ACTIVE
9922,4412,Savings,7134781,2027-05-09,MDN01,ACTIVE
9923,3167,Savings,187784571,2027-10-01,SMG01,ACTIVE
9924,1134,Savings,81175450,2027-07-10,SBY01,ACTIVE
9925,6072,Savings,41598600,2027-01-25,SMG01,ACTIVE
9926,7572,Savings,13017331,2027-09-13,MDN01,ACTIVE
9927,9753,Time Deposit,836953126,2026-04-22,SMG01,ACTIVE
9928,6659,Time Deposit,336451427,2026-12-10,MDN01,ACTIVE
9929,5189,Savings,55406103,2027-12-22,YGY01,ACTIVE
9930,9880,Savings,157546426,2027-09-08,BDG01,ACTIVE
9931,9036,Savings,50370339,2027-07-27,BDG01,ACTIVE
9932,1706,Time Deposit,447257499,2026-09-19,JKT01,ACTIVE
9933,3176,Savings,131986735,2028-01-03,SMG01,ACTIVE
9934,2326,Savings,21729411,2027-03-04,YGY01,ACTIVE
9935,9100,Time Deposit,520661889,2026-06-08,JKT01,ACTIVE
9936,2728,Savings,98825439,2027-02-04,JKT02,ACTIVE
9937,8338,Time Deposit,568344030,2026-12-09,BDG01,ACTIVE
9938,6255,Time Deposit,1267808397,2026-07-02,SMG01,ACTIVE
9939,9399,Savings,130460599,2027-04-21,SMG01,ACTIVE
9940,8090,Savings,16014948,2026-05-15,BDG01,ACTIVE
9941,176,Time Deposit,605327330,2026-11-26,BDG01,ACTIVE
9942,5981,Time Deposit,962949664,2026-07-09,MDN01,ACTIVE
9943,6218,Savings,20932540,2026-07-08,SMG01,ACTIVE
9944,5330,Time Deposit,1157584081,2026-05-24,SMG01,ACTIVE
9945,2534,Savings,50141623,2026-12-28,SBY01,ACTIVE
9946,7280,Time Deposit,622010640,2026-05-11,MDN01,ACTIVE
9947,8381,Savings,30948379,2027-10-01,JKT01,ACTIVE
9948,3666,Time Deposit,414585497,2026-10-14,YGY01,ACTIVE
9949,5490,Savings,1806138,2027-03-06,BDG01,ACTIVE
9950,8629,Savings,62104868,2027-01-25,BDG01,ACTIVE
9951,1262,Savings,109185568,2026-12-04,YGY01,ACTIVE
9952,8830,Savings,96353416,2027-07-20,BDG01,ACTIVE
9953,2489,Time Deposit,905335938,2026-09-04,SMG01,ACTIVE
9954,3650,Savings,45765919,2027-02-18,JKT02,ACTIVE
9955,7990,Savings,147371999,2026-05-09,BDG01,ACTIVE
9956,3072,Savings,4342437,2027-09-08,MDN01,ACTIVE
9957,7113,Time Deposit,639250098,2027-03-04,SBY01,ACTIVE
9958,1290,Time Deposit,1149604838,2026-06-17,JKT01,ACTIVE
9959,1138,Savings,41366272,2026-07-14,JKT02,ACTIVE
9960,9544,Savings,38235297,2027-06-09,MDN01,ACTIVE
9961,439,Savings,15496303,2026-09-01,MDN01,ACTIVE
9962,1614,Savings,66645236,2026-05-16,JKT01,ACTIVE
9963,1049,Savings,38781411,2026-09-29,SBY01,ACTIVE
9964,857,Savings,29094097,2026-09-01,SBY01,ACTIVE
9965,406,Savings,39438482,2026-08-25,BDG01,ACTIVE
9966,5668,Time Deposit,622068710,2026-10-24,JKT01,ACTIVE
9967,2508,Savings,7955796,2026-11-17,YGY01,ACTIVE
9968,143,Savings,5679104,2028-02-29,BDG01,ACTIVE
9969,9794,Time Deposit,329065028,2026-08-11,JKT01,ACTIVE
9970,8637,Savings,10681249,2028-02-28,JKT01,ACTIVE
9971,7727,Time Deposit,1001131782,2027-02-09,JKT02,ACTIVE
9972,2777,Savings,42422677,2027-01-30,SMG01,ACTIVE
9973,2996,Savings,56766488,2027-07-23,SMG01,ACTIVE
9974,1546,Time Deposit,1177057204,2027-01-21,MDN01,ACTIVE
9975,709,Savings,157532140,2026-07-05,SBY01,ACTIVE
9976,6967,Savings,15195465,2028-03-01,MDN01,ACTIVE
9977,2153,Savings,10980623,2026-07-06,SMG01,ACTIVE
9978,5472,Savings,16873320,2028-01-31,YGY01,ACTIVE
9979,7762,Savings,25671502,2026-09-15,BDG01,ACTIVE
9980,3716,Time Deposit,997675363,2026-09-10,JKT01,ACTIVE
9981,3957,Time Deposit,782866723,2026-11-04,JKT02,ACTIVE
9982,3445,Time Deposit,277933334,2026-12-17,YGY01,ACTIVE
9983,2941,Savings,34163273,2027-04-04,BDG01,ACTIVE
9984,7871,Savings,52616807,2026-11-05,JKT01,ACTIVE
9985,8776,Savings,137336715,2027-02-24,SBY01,ACTIVE
9986,1773,Savings,19250415,2026-10-26,JKT02,ACTIVE
9987,4534,Time Deposit,828794066,2026-08-20,JKT01,ACTIVE
9988,1688,Time Deposit,740120417,2026-05-17,YGY01,ACTIVE
9989,1733,Savings,234802243,2027-03-20,SMG01,ACTIVE
9990,5947,Savings,67576944,2027-08-15,SMG01,ACTIVE
9991,8409,Time Deposit,1154682309,2026-10-14,YGY01,ACTIVE
9992,8537,Savings,63942416,2026-12-21,SBY01,ACTIVE
9993,6514,Savings,30852469,2028-01-15,SMG01,ACTIVE
9994,3636,Time Deposit,292967303,2026-06-13,SMG01,ACTIVE
9995,9887,Time Deposit,131132120,2027-03-16,JKT01,ACTIVE
9996,9298,Savings,11077167,2026-10-04,MDN01,ACTIVE
9997,4864,Time Deposit,1004140484,2026-10-05,YGY01,ACTIVE
9998,5720,Savings,131023572,2026-07-03,MDN01,ACTIVE
9999,886,Time Deposit,905331828,2027-01-07,YGY01,ACTIVE
10000,172,Savings,24699759,2026-06-10,BDG01,ACTIVE
10001,9724,Time Deposit,235882204,2026-04-10,YGY01,ACTIVE
10002,2453,Savings,162725848,2026-08-18,SBY01,ACTIVE
10003,5036,Time Deposit,213245063,2026-05-12,BDG01,ACTIVE
10004,5682,Time Deposit,657387387,2027-02-11,JKT01,ACTIVE
10005,7975,Time Deposit,660885004,2026-03-31,JKT01,ACTIVE
10006,200,Time Deposit,579753226,2027-03-12,JKT01,ACTIVE
10007,1308,Time Deposit,1081038186,2026-09-20,SMG01,ACTIVE
10008,2158,Time Deposit,1203296550,2026-12-17,BDG01,ACTIVE
10009,1959,Savings,31720689,2026-07-16,JKT02,ACTIVE
10010,3755,Savings,21696010,2027-01-18,YGY01,ACTIVE
10011,913,Time Deposit,553933886,2026-12-03,JKT02,ACTIVE
10012,4714,Savings,206671809,2026-10-30,JKT02,ACTIVE
10013,7980,Time Deposit,925251505,2026-05-05,JKT02,ACTIVE
10014,4340,Savings,57120871,2027-04-21,SMG01,ACTIVE
10015,9162,Time Deposit,1362197658,2027-02-15,BDG01,ACTIVE
10016,9001,Time Deposit,515571233,2026-11-20,SMG01,ACTIVE
10017,601,Savings,14098962,2027-03-31,SBY01,ACTIVE
10018,3948,Savings,27829234,2027-07-02,JKT02,ACTIVE
10019,3743,Savings,16490939,2026-05-14,MDN01,ACTIVE
10020,1724,Savings,76799906,2026-11-23,JKT01,ACTIVE
10021,7215,Savings,194886176,2027-08-01,BDG01,ACTIVE
10022,971,Savings,95485239,2027-11-05,SBY01,ACTIVE
10023,209,Time Deposit,406231127,2026-12-01,SMG01,ACTIVE
10024,7580,Time Deposit,259030814,2026-09-10,YGY01,ACTIVE
10025,2176,Savings,131775829,2026-08-25,SBY01,ACTIVE
10026,4668,Savings,9726608,2028-01-19,YGY01,ACTIVE
10027,7292,Time Deposit,1176658151,2027-01-12,MDN01,ACTIVE
10028,9009,Savings,9245575,2027-07-23,SMG01,ACTIVE
10029,9513,Time Deposit,300808736,2026-04-24,YGY01,ACTIVE
10030,6275,Savings,9687007,2026-11-14,BDG01,ACTIVE
10031,8715,Savings,27740189,2026-12-07,SBY01,ACTIVE
10032,4234,Savings,128836441,2027-08-30,JKT01,ACTIVE
10033,5539,Savings,9053133,2026-11-21,SMG01,ACTIVE
10034,3291,Savings,46837476,2027-03-25,SMG01,ACTIVE
10035,3496,Savings,89240298,2027-12-12,YGY01,ACTIVE
10036,6287,Savings,7824282,2027-12-17,MDN01,ACTIVE
10037,9656,Time Deposit,1721425334,2026-09-29,MDN01,ACTIVE
10038,939,Time Deposit,831923195,2027-03-01,SBY01,ACTIVE
10039,9621,Savings,29560103,2026-09-29,SMG01,ACTIVE
10040,9431,Savings,20559529,2026-08-07,SMG01,ACTIVE
10041,6967,Savings,35212304,2027-12-20,SMG01,ACTIVE
10042,3342,Savings,5661051,2027-10-07,SMG01,ACTIVE
10043,8365,Savings,7686791,2026-11-27,JKT02,ACTIVE
10044,8934,Savings,30507249,2027-05-24,JKT01,ACTIVE
10045,1903,Time Deposit,1057358111,2026-10-22,YGY01,ACTIVE
10046,719,Savings,56059206,2026-04-16,SBY01,ACTIVE
10047,1325,Savings,6157438,2027-08-09,SMG01,ACTIVE
10048,2487,Savings,36817133,2027-06-28,SMG01,ACTIVE
10049,3795,Savings,122835214,2026-06-03,JKT02,ACTIVE
10050,2147,Savings,11435343,2027-12-01,MDN01,ACTIVE
10051,8320,Savings,24744359,2026-06-17,BDG01,ACTIVE
10052,2680,Savings,9328245,2027-11-24,JKT01,ACTIVE
10053,8814,Time Deposit,1082438107,2026-07-19,BDG01,ACTIVE
10054,6210,Time Deposit,620083303,2026-06-29,SBY01,ACTIVE
10055,8721,Time Deposit,807400873,2026-04-27,YGY01,ACTIVE
10056,3097,Time Deposit,768587489,2026-12-06,SMG01,ACTIVE
10057,8566,Savings,155786272,2026-08-02,BDG01,ACTIVE
10058,9231,Savings,2270244,2026-07-30,JKT01,ACTIVE
10059,6278,Savings,33099862,2027-04-03,JKT01,ACTIVE
10060,1375,Savings,17895998,2026-12-22,BDG01,ACTIVE
10061,1964,Time Deposit,828315028,2027-03-15,JKT02,ACTIVE
10062,7472,Savings,24545682,2027-08-18,BDG01,ACTIVE
10063,3738,Savings,7503129,2028-01-25,SMG01,ACTIVE
10064,1783,Time Deposit,805921168,2026-09-03,SMG01,ACTIVE
10065,821,Time Deposit,830904178,2027-02-11,SBY01,ACTIVE
10066,1147,Savings,31825364,2027-03-11,MDN01,ACTIVE
10067,7908,Savings,148635071,2026-11-29,YGY01,ACTIVE
10068,6204,Savings,20900021,2028-02-08,JKT01,ACTIVE
10069,845,Savings,42458249,2027-08-08,SMG01,ACTIVE
10070,1424,Savings,26139583,2027-09-24,YGY01,ACTIVE
10071,803,Time Deposit,855997251,2026-04-10,SBY01,ACTIVE
10072,1211,Time Deposit,1401201178,2026-07-14,JKT02,ACTIVE
10073,7759,Savings,109584032,2026-07-10,BDG01,ACTIVE
10074,3807,Savings,13400984,2026-05-18,JKT01,ACTIVE
10075,9458,Time Deposit,145676261,2026-09-28,SBY01,ACTIVE
10076,7392,Time Deposit,768037350,2027-03-03,YGY01,ACTIVE
10077,229,Time Deposit,649187799,2026-10-17,SBY01,ACTIVE
10078,6563,Savings,20992640,2028-03-02,SMG01,ACTIVE
10079,1269,Time Deposit,266796528,2026-08-21,JKT02,ACTIVE
10080,7222,Savings,79751153,2026-05-11,JKT01,ACTIVE
10081,6075,Savings,5140166,2027-09-17,YGY01,ACTIVE
10082,9073,Savings,44602095,2027-08-07,SMG01,ACTIVE
10083,6935,Savings,12859108,2027-06-09,JKT02,ACTIVE
10084,7240,Time Deposit,1083819367,2026-07-12,JKT02,ACTIVE
10085,3577,Time Deposit,167157600,2026-06-27,MDN01,ACTIVE
10086,4692,Savings,181251286,2027-02-27,JKT01,ACTIVE
10087,7120,Savings,102581122,2028-02-28,YGY01,ACTIVE
10088,1285,Time Deposit,958693602,2026-06-16,SMG01,ACTIVE
10089,690,Savings,28413811,2027-06-19,SMG01,ACTIVE
10090,2189,Time Deposit,439104432,2026-10-30,JKT01,ACTIVE
10091,4646,Savings,11715170,2027-07-21,MDN01,ACTIVE
10092,7157,Time Deposit,429548844,2027-03-03,SMG01,ACTIVE
10093,8571,Savings,32927400,2026-06-14,SBY01,ACTIVE
10094,3395,Savings,159132850,2027-05-13,BDG01,ACTIVE
10095,5373,Savings,183563631,2028-03-01,YGY01,ACTIVE
10096,4658,Time Deposit,379353775,2026-04-30,JKT02,ACTIVE
10097,4909,Savings,56413947,2027-01-24,YGY01,ACTIVE
10098,5097,Time Deposit,831506469,2026-11-20,BDG01,ACTIVE
10099,2242,Time Deposit,1189784705,2026-06-01,MDN01,ACTIVE
10100,5459,Time Deposit,846102096,2026-10-31,SBY01,ACTIVE
10101,2213,Savings,18628047,2026-10-27,MDN01,ACTIVE
10102,1044,Time Deposit,788636739,2026-05-11,YGY01,ACTIVE
10103,4274,Time Deposit,368186027,2026-09-20,MDN01,ACTIVE
10104,3779,Time Deposit,642144036,2026-05-25,BDG01,ACTIVE
10105,4721,Savings,12343475,2026-07-31,BDG01,ACTIVE
10106,4573,Savings,24278639,2026-09-17,SMG01,ACTIVE
10107,9361,Savings,61385331,2027-10-27,JKT02,ACTIVE
10108,596,Savings,111819414,2026-08-21,JKT02,ACTIVE
10109,2483,Savings,11153331,2027-01-23,MDN01,ACTIVE
10110,1786,Savings,36097084,2026-09-21,MDN01,ACTIVE
10111,5606,Time Deposit,984649511,2027-01-24,MDN01,ACTIVE
10112,9014,Savings,38941100,2027-11-10,MDN01,ACTIVE
10113,5903,Savings,127699372,2026-12-19,YGY01,ACTIVE
10114,7785,Savings,92840773,2027-05-02,SMG01,ACTIVE
10115,5112,Savings,13018707,2026-12-15,JKT02,ACTIVE
10116,7390,Savings,182987382,2026-07-25,SMG01,ACTIVE
10117,2552,Savings,12496284,2026-06-29,SBY01,ACTIVE
10118,4569,Savings,55653579,2026-06-30,BDG01,ACTIVE
10119,7614,Time Deposit,445609172,2027-01-14,YGY01,ACTIVE
10120,7337,Savings,79252836,2027-05-14,JKT02,ACTIVE
10121,9230,Savings,11901914,2027-06-15,SMG01,ACTIVE
10122,1623,Savings,17027073,2026-05-04,SBY01,ACTIVE
10123,5063,Savings,13633557,2027-07-06,BDG01,ACTIVE
10124,4154,Time Deposit,626911258,2026-05-04,BDG01,ACTIVE
10125,8673,Time Deposit,431553738,2027-02-07,BDG01,ACTIVE
10126,3830,Savings,211200698,2027-06-21,BDG01,ACTIVE
10127,2137,Time Deposit,739618789,2027-01-14,SMG01,ACTIVE
10128,4729,Savings,8750098,2027-07-10,JKT01,ACTIVE
10129,8732,Savings,99416984,2026-06-14,MDN01,ACTIVE
10130,8602,Time Deposit,1386614189,2026-10-02,MDN01,ACTIVE
10131,1638,Savings,16009211,2026-07-28,YGY01,ACTIVE
10132,9291,Savings,12964536,2026-08-07,JKT02,ACTIVE
10133,8810,Savings,65587353,2027-05-24,BDG01,ACTIVE
10134,7121,Time Deposit,874757475,2026-05-02,SMG01,ACTIVE
10135,6486,Savings,31508436,2026-04-29,SBY01,ACTIVE
10136,4345,Savings,37090905,2027-09-19,SMG01,ACTIVE
10137,1065,Time Deposit,1476097190,2026-05-14,YGY01,ACTIVE
10138,1230,Savings,34585596,2026-07-12,BDG01,ACTIVE
10139,3139,Savings,15736161,2026-10-30,SMG01,ACTIVE
10140,2146,Time Deposit,1081510239,2026-11-19,JKT01,ACTIVE
10141,8402,Savings,31334685,2026-10-31,BDG01,ACTIVE
10142,4095,Time Deposit,655739730,2026-11-26,JKT01,ACTIVE
10143,2130,Savings,76635118,2026-11-26,JKT02,ACTIVE
10144,5085,Time Deposit,486016418,2026-12-08,BDG01,ACTIVE
10145,8828,Savings,45169299,2027-10-24,YGY01,ACTIVE
10146,4750,Time Deposit,220897500,2026-08-14,JKT02,ACTIVE
10147,4400,Savings,18598411,2027-12-12,SBY01,ACTIVE
10148,7361,Savings,13065586,2026-07-26,SBY01,ACTIVE
10149,915,Time Deposit,855320351,2026-05-30,SBY01,ACTIVE
10150,5307,Savings,33763204,2027-03-21,SMG01,ACTIVE
10151,5603,Savings,151370005,2026-11-24,YGY01,ACTIVE
10152,3112,Time Deposit,1159587961,2026-09-07,YGY01,ACTIVE
10153,6158,Time Deposit,293180921,2026-07-17,YGY01,ACTIVE
10154,4686,Time Deposit,1147482753,2027-03-10,YGY01,ACTIVE
10155,6492,Time Deposit,426028902,2027-02-03,MDN01,ACTIVE
10156,3373,Savings,6398114,2027-01-01,JKT01,ACTIVE
10157,8951,Savings,118894126,2027-10-14,SBY01,ACTIVE
10158,8161,Savings,121659058,2026-05-02,BDG01,ACTIVE
10159,8917,Time Deposit,361382952,2026-07-11,SBY01,ACTIVE
10160,1916,Savings,15028749,2027-05-11,SBY01,ACTIVE
10161,9674,Savings,210046901,2027-12-31,SMG01,ACTIVE
10162,715,Savings,72210054,2026-04-19,JKT02,ACTIVE
10163,5814,Savings,10930700,2026-08-04,YGY01,ACTIVE
10164,9952,Time Deposit,473470025,2026-08-21,SMG01,ACTIVE
10165,9858,Savings,40332034,2027-02-10,SMG01,ACTIVE
10166,6291,Time Deposit,986465149,2026-04-30,JKT01,ACTIVE
10167,9480,Savings,49080493,2026-07-21,SBY01,ACTIVE
10168,7945,Time Deposit,249143397,2026-05-16,SMG01,ACTIVE
10169,9229,Savings,5468717,2027-01-16,SBY01,ACTIVE
10170,5364,Savings,13990679,2027-05-14,MDN01,ACTIVE
10171,4227,Savings,52987070,2026-10-02,YGY01,ACTIVE
10172,9750,Savings,51530793,2027-11-04,YGY01,ACTIVE
10173,6717,Savings,28076144,2027-07-11,MDN01,ACTIVE
10174,7636,Time Deposit,128131334,2026-09-06,SBY01,ACTIVE
10175,8117,Savings,115091502,2026-05-19,BDG01,ACTIVE
10176,9839,Savings,61128889,2028-02-24,JKT01,ACTIVE
10177,4858,Savings,3768802,2026-09-16,SBY01,ACTIVE
10178,6989,Savings,116066363,2027-12-07,BDG01,ACTIVE
10179,8897,Time Deposit,595269393,2026-04-05,BDG01,ACTIVE
10180,464,Time Deposit,595198044,2027-01-29,YGY01,ACTIVE
10181,6673,Savings,15408736,2027-12-17,SBY01,ACTIVE
10182,7470,Time Deposit,384655910,2026-08-20,YGY01,ACTIVE
10183,8206,Savings,67178352,2026-10-23,JKT02,ACTIVE
10184,2106,Time Deposit,136263369,2027-01-28,BDG01,ACTIVE
10185,1917,Savings,60701206,2028-03-07,SBY01,ACTIVE
10186,5812,Savings,9332554,2026-07-30,YGY01,ACTIVE
10187,3308,Savings,21259179,2027-11-23,YGY01,ACTIVE
10188,3986,Savings,17214213,2026-05-21,SMG01,ACTIVE
10189,5284,Time Deposit,418332902,2026-05-27,SMG01,ACTIVE
10190,5155,Savings,22130561,2028-02-20,MDN01,ACTIVE
10191,6324,Savings,24902728,2026-12-27,JKT01,ACTIVE
10192,7052,Savings,13151572,2026-09-04,BDG01,ACTIVE
10193,4276,Savings,28268894,2027-02-18,BDG01,ACTIVE
10194,5431,Time Deposit,852312538,2027-01-25,MDN01,ACTIVE
10195,7405,Savings,17016747,2027-11-20,BDG01,ACTIVE
10196,2461,Time Deposit,891723424,2026-11-01,MDN01,ACTIVE
10197,2970,Time Deposit,129322294,2026-09-05,MDN01,ACTIVE
10198,4766,Time Deposit,621454812,2026-10-21,JKT01,ACTIVE
10199,2233,Savings,24980066,2026-06-01,SBY01,ACTIVE
10200,5984,Time Deposit,415944790,2026-06-02,JKT02,ACTIVE
10201,190,Savings,34614650,2028-02-18,MDN01,ACTIVE
10202,5130,Savings,9389279,2026-08-29,MDN01,ACTIVE
10203,2667,Time Deposit,655588007,2027-01-13,BDG01,ACTIVE
10204,1909,Savings,66813282,2027-09-07,JKT01,ACTIVE
10205,4690,Time Deposit,1047359937,2026-06-04,JKT02,ACTIVE
10206,781,Savings,215642776,2027-07-13,JKT02,ACTIVE
10207,2301,Time Deposit,682276574,2027-02-25,YGY01,ACTIVE
10208,7570,Time Deposit,128191786,2026-04-23,YGY01,ACTIVE
10209,1046,Savings,85642098,2027-02-15,JKT01,ACTIVE
10210,5266,Savings,17884132,2028-01-10,BDG01,ACTIVE
10211,305,Savings,16072659,2026-05-14,BDG01,ACTIVE
10212,4624,Savings,15509122,2027-01-13,JKT01,ACTIVE
10213,9646,Savings,29582532,2027-05-17,SMG01,ACTIVE
10214,3493,Time Deposit,353204092,2026-04-02,SMG01,ACTIVE
10215,2720,Savings,12552700,2028-01-31,SBY01,ACTIVE
10216,806,Time Deposit,232257509,2026-12-25,SMG01,ACTIVE
10217,1488,Savings,111686480,2027-02-08,JKT02,ACTIVE
10218,4791,Time Deposit,1056198194,2026-05-07,SMG01,ACTIVE
10219,2033,Time Deposit,156367915,2026-09-22,JKT01,ACTIVE
10220,7051,Savings,78007989,2028-01-11,MDN01,ACTIVE
10221,4826,Time Deposit,517091359,2026-08-10,SMG01,ACTIVE
10222,7099,Savings,32180228,2027-10-18,JKT01,ACTIVE
10223,5521,Savings,83471323,2026-06-26,JKT02,ACTIVE
10224,9669,Savings,31586721,2027-03-19,JKT01,ACTIVE
10225,9636,Time Deposit,446497807,2027-02-24,YGY01,ACTIVE
10226,2360,Savings,34624163,2027-01-01,MDN01,ACTIVE
10227,6466,Savings,227377883,2028-01-18,SBY01,ACTIVE
10228,8543,Time Deposit,1051975419,2026-11-02,JKT02,ACTIVE
10229,832,Savings,54028768,2027-08-27,YGY01,ACTIVE
10230,68,Savings,42030705,2026-07-23,BDG01,ACTIVE
10231,1218,Savings,21437889,2027-03-02,JKT02,ACTIVE
10232,6119,Time Deposit,413193564,2026-05-25,MDN01,ACTIVE
10233,1354,Savings,15509160,2028-02-16,SMG01,ACTIVE
10234,9514,Savings,46683213,2027-10-18,YGY01,ACTIVE
10235,5418,Time Deposit,990746026,2026-11-23,SBY01,ACTIVE
10236,2332,Savings,94923557,2028-01-08,JKT02,ACTIVE
10237,9278,Savings,19535071,2026-08-16,MDN01,ACTIVE
10238,9561,Savings,57499399,2027-04-08,JKT02,ACTIVE
10239,1948,Savings,19520810,2026-08-18,SBY01,ACTIVE
10240,7124,Time Deposit,433055364,2026-06-03,YGY01,ACTIVE
10241,1629,Savings,51684539,2027-07-22,SMG01,ACTIVE
10242,934,Savings,98184827,2026-08-04,SMG01,ACTIVE
10243,9937,Time Deposit,390003720,2026-04-12,JKT02,ACTIVE
10244,3971,Time Deposit,730413985,2026-05-29,YGY01,ACTIVE
10245,2912,Time Deposit,1014620363,2026-04-19,YGY01,ACTIVE
10246,2024,Time Deposit,1647781929,2026-08-13,YGY01,ACTIVE
10247,2784,Time Deposit,1245738672,2026-10-25,MDN01,ACTIVE
10248,4700,Time Deposit,1189403251,2026-05-30,MDN01,ACTIVE
10249,2828,Savings,24738132,2027-12-30,JKT02,ACTIVE
10250,6191,Time Deposit,658364016,2026-07-25,SMG01,ACTIVE
10251,3004,Savings,24410274,2026-05-21,YGY01,ACTIVE
10252,7897,Savings,4650157,2027-06-27,SBY01,ACTIVE
10253,1153,Time Deposit,683295921,2026-07-16,SBY01,ACTIVE
10254,5374,Savings,51314137,2028-02-24,JKT01,ACTIVE
10255,7946,Savings,130947978,2027-12-26,YGY01,ACTIVE
10256,9246,Savings,10531165,2027-10-14,MDN01,ACTIVE
10257,1848,Savings,35940294,2026-04-25,BDG01,ACTIVE
10258,4964,Savings,43986849,2027-05-25,JKT02,ACTIVE
10259,587,Savings,25148734,2027-12-13,SBY01,ACTIVE
10260,1480,Time Deposit,681846895,2026-04-12,SMG01,ACTIVE
10261,7806,Time Deposit,806710360,2027-03-05,MDN01,ACTIVE
10262,5410,Savings,13937476,2027-10-21,JKT02,ACTIVE
10263,939,Time Deposit,921735768,2026-08-25,SMG01,ACTIVE
10264,3898,Time Deposit,1831387374,2026-04-20,SMG01,ACTIVE
10265,1083,Savings,35132952,2027-09-03,SBY01,ACTIVE
10266,1711,Savings,61416670,2026-09-12,SMG01,ACTIVE
10267,4601,Savings,12847341,2026-12-09,YGY01,ACTIVE
10268,7669,Time Deposit,706487252,2026-12-27,JKT02,ACTIVE
10269,8272,Savings,117392179,2028-03-07,MDN01,ACTIVE
10270,5164,Savings,26433627,2027-07-29,SBY01,ACTIVE
10271,6251,Savings,14991974,2027-12-05,JKT02,ACTIVE
10272,6047,Savings,40057426,2026-05-14,SMG01,ACTIVE
10273,6001,Savings,7156742,2026-10-05,SMG01,ACTIVE
10274,6995,Time Deposit,1199489264,2026-05-16,SMG01,ACTIVE
10275,9498,Savings,89265621,2027-12-18,YGY01,ACTIVE
10276,8521,Savings,12351152,2026-10-04,JKT02,ACTIVE
10277,8275,Time Deposit,862226739,2026-05-26,BDG01,ACTIVE
10278,4125,Savings,91668330,2026-07-05,JKT01,ACTIVE
10279,9714,Savings,21816646,2027-08-01,MDN01,ACTIVE
10280,5709,Savings,10026439,2026-12-23,YGY01,ACTIVE
10281,2764,Savings,13121025,2027-06-12,MDN01,ACTIVE
10282,9102,Savings,27162408,2027-12-23,MDN01,ACTIVE
10283,2115,Savings,22538392,2027-06-11,BDG01,ACTIVE
10284,7186,Savings,28093722,2026-04-22,JKT02,ACTIVE
10285,3504,Savings,22756006,2026-10-29,SMG01,ACTIVE
10286,7316,Savings,41355103,2026-06-19,SBY01,ACTIVE
10287,9372,Time Deposit,495815134,2027-03-06,BDG01,ACTIVE
10288,4711,Savings,17140246,2027-12-14,BDG01,ACTIVE
10289,5837,Savings,5688237,2026-08-26,BDG01,ACTIVE
10290,8894,Savings,15037287,2027-08-23,JKT01,ACTIVE
10291,1761,Savings,20812924,2027-09-27,SBY01,ACTIVE
10292,276,Savings,89518723,2027-07-04,SBY01,ACTIVE
10293,7021,Savings,39208708,2026-11-23,SMG01,ACTIVE
10294,1362,Savings,22151156,2026-07-22,JKT02,ACTIVE
10295,8732,Savings,195017143,2026-09-25,MDN01,ACTIVE
10296,9743,Savings,14404661,2026-11-22,YGY01,ACTIVE
10297,9496,Savings,102289817,2026-05-25,JKT01,ACTIVE
10298,5474,Time Deposit,664188262,2026-11-01,JKT02,ACTIVE
10299,5020,Time Deposit,552050946,2026-08-30,JKT02,ACTIVE
10300,477,Time Deposit,220532541,2026-06-30,JKT01,ACTIVE
10301,6246,Time Deposit,1196223161,2026-05-09,SBY01,ACTIVE
10302,6456,Time Deposit,1108240412,2026-11-19,SMG01,ACTIVE
10303,9400,Time Deposit,414631077,2026-08-09,SMG01,ACTIVE
10304,6022,Savings,23177669,2027-07-17,MDN01,ACTIVE
10305,2595,Savings,12998062,2027-09-13,SBY01,ACTIVE
10306,7227,Savings,27227217,2026-04-28,YGY01,ACTIVE
10307,2077,Time Deposit,370146896,2026-09-05,MDN01,ACTIVE
10308,5218,Time Deposit,334850877,2026-10-11,JKT01,ACTIVE
10309,9934,Time Deposit,799863549,2026-08-03,SMG01,ACTIVE
10310,2376,Savings,16414604,2027-01-31,SBY01,ACTIVE
10311,1132,Time Deposit,736437968,2026-08-21,SMG01,ACTIVE
10312,6138,Savings,181202075,2027-08-02,JKT02,ACTIVE
10313,3556,Savings,31061806,2027-06-23,BDG01,ACTIVE
10314,6858,Time Deposit,1199179186,2026-09-07,SBY01,ACTIVE
10315,60,Savings,124066238,2026-10-13,JKT02,ACTIVE
10316,2006,Time Deposit,557892364,2026-09-10,JKT01,ACTIVE
10317,4215,Time Deposit,562367163,2026-07-25,MDN01,ACTIVE
10318,6312,Time Deposit,910051545,2026-07-24,JKT01,ACTIVE
10319,7197,Time Deposit,632479603,2026-12-24,BDG01,ACTIVE
10320,350,Savings,22196021,2027-03-17,SMG01,ACTIVE
10321,370,Time Deposit,1468314551,2026-11-24,JKT01,ACTIVE
10322,3574,Savings,33476831,2027-10-29,MDN01,ACTIVE
10323,3866,Savings,49331144,2026-05-24,JKT01,ACTIVE
10324,5098,Time Deposit,569277234,2026-07-08,MDN01,ACTIVE
10325,1746,Time Deposit,481935228,2026-05-26,YGY01,ACTIVE
10326,1133,Time Deposit,1210573933,2027-02-22,YGY01,ACTIVE
10327,4645,Savings,37510448,2027-04-26,MDN01,ACTIVE
10328,9604,Savings,77056854,2027-04-25,SMG01,ACTIVE
10329,6120,Time Deposit,880366332,2027-02-12,SMG01,ACTIVE
10330,5856,Savings,27135279,2027-12-03,JKT02,ACTIVE
10331,6738,Time Deposit,1016011276,2026-07-01,BDG01,ACTIVE
10332,7634,Savings,89885409,2026-04-29,JKT02,ACTIVE
10333,6278,Savings,77422826,2026-05-30,SBY01,ACTIVE
10334,9470,Time Deposit,233692163,2027-01-29,MDN01,ACTIVE
10335,5890,Savings,37606252,2027-04-04,JKT01,ACTIVE
10336,1325,Time Deposit,556967149,2026-09-25,YGY01,ACTIVE
10337,2015,Savings,123971170,2027-09-25,BDG01,ACTIVE
10338,5270,Time Deposit,422473425,2027-03-10,BDG01,ACTIVE
10339,8596,Time Deposit,1213744987,2026-06-06,JKT01,ACTIVE
10340,6611,Savings,133462863,2026-07-13,MDN01,ACTIVE
10341,6280,Savings,75267220,2026-07-25,SMG01,ACTIVE
10342,7428,Savings,17850648,2028-01-16,SBY01,ACTIVE
10343,9610,Time Deposit,431087579,2026-07-13,MDN01,ACTIVE
10344,1726,Time Deposit,616732025,2026-07-05,JKT01,ACTIVE
10345,6674,Savings,13203583,2026-10-27,JKT02,ACTIVE
10346,5533,Savings,28920099,2026-05-25,BDG01,ACTIVE
10347,5759,Time Deposit,417004683,2026-10-31,SMG01,ACTIVE
10348,2991,Savings,41175268,2027-07-31,JKT02,ACTIVE
10349,780,Savings,16640985,2026-08-13,MDN01,ACTIVE
10350,3729,Savings,120360903,2026-10-17,BDG01,ACTIVE
10351,5907,Savings,9449679,2027-05-06,SMG01,ACTIVE
10352,4436,Savings,126927205,2027-07-23,BDG01,ACTIVE
10353,3687,Time Deposit,170367072,2026-03-20,JKT01,ACTIVE
10354,5191,Savings,20254012,2028-02-08,JKT02,ACTIVE
10355,309,Savings,92982064,2027-03-21,SMG01,ACTIVE
10356,6308,Savings,27441334,2026-08-03,YGY01,ACTIVE
10357,7991,Time Deposit,805392360,2026-08-31,YGY01,ACTIVE
10358,7942,Savings,8781201,2027-11-25,MDN01,ACTIVE
10359,2719,Time Deposit,558188653,2026-06-02,JKT02,ACTIVE
10360,8944,Time Deposit,639449253,2026-10-09,JKT02,ACTIVE
10361,5655,Savings,77398452,2027-07-30,BDG01,ACTIVE
10362,4379,Time Deposit,559718124,2027-01-13,JKT01,ACTIVE
10363,8409,Time Deposit,1842941630,2026-08-28,MDN01,ACTIVE
10364,6329,Savings,12859155,2026-05-28,JKT01,ACTIVE
10365,1440,Savings,178021748,2026-08-07,SMG01,ACTIVE
10366,9589,Time Deposit,656704133,2026-09-27,JKT01,ACTIVE
10367,1514,Savings,24713583,2026-11-03,JKT02,ACTIVE
10368,5575,Savings,91953785,2028-01-06,SMG01,ACTIVE
10369,9929,Savings,9923762,2027-08-07,BDG01,ACTIVE
10370,4432,Time Deposit,502557650,2027-01-08,YGY01,ACTIVE
10371,9814,Savings,60543415,2027-10-06,MDN01,ACTIVE
10372,3883,Time Deposit,232512047,2026-11-13,JKT02,ACTIVE
10373,3818,Time Deposit,515988899,2026-07-11,SBY01,ACTIVE
10374,1697,Savings,12667827,2026-06-20,YGY01,ACTIVE
10375,3956,Savings,167484697,2028-01-01,JKT01,ACTIVE
10376,3288,Savings,24914934,2026-09-11,SBY01,ACTIVE
10377,2304,Time Deposit,1633077568,2026-09-20,JKT01,ACTIVE
10378,1869,Savings,7632226,2026-08-30,JKT01,ACTIVE
10379,6187,Savings,21944162,2027-10-01,JKT02,ACTIVE
10380,2184,Time Deposit,320581466,2026-08-09,JKT02,ACTIVE
10381,5154,Savings,12777890,2026-09-07,SMG01,ACTIVE
10382,6825,Time Deposit,189631988,2026-06-13,MDN01,ACTIVE
10383,2371,Savings,13986916,2028-02-29,JKT01,ACTIVE
10384,9340,Time Deposit,960774746,2026-06-17,JKT02,ACTIVE
10385,8058,Savings,118064866,2027-01-20,BDG01,ACTIVE
10386,8838,Savings,90278049,2026-07-27,JKT02,ACTIVE
10387,6642,Savings,12470775,2027-10-24,SMG01,ACTIVE
10388,4508,Savings,11786407,2027-10-08,JKT01,ACTIVE
10389,453,Time Deposit,649441488,2026-09-15,YGY01,ACTIVE
10390,1530,Time Deposit,1444576701,2026-09-03,SMG01,ACTIVE
10391,2282,Time Deposit,1221327041,2026-12-21,MDN01,ACTIVE
10392,1617,Savings,32059215,2026-09-05,JKT01,ACTIVE
10393,3505,Time Deposit,632117189,2026-07-02,YGY01,ACTIVE
10394,7854,Savings,73826717,2026-07-10,SMG01,ACTIVE
10395,4173,Savings,204815501,2027-05-04,JKT02,ACTIVE
10396,3979,Savings,46659876,2026-06-09,SMG01,ACTIVE
10397,5190,Time Deposit,933604525,2027-02-27,JKT01,ACTIVE
10398,9470,Savings,29878273,2027-11-03,BDG01,ACTIVE
10399,4903,Time Deposit,283463910,2026-07-02,YGY01,ACTIVE
10400,7997,Savings,87173699,2026-11-02,JKT01,ACTIVE
10401,6858,Time Deposit,1420474442,2026-07-26,SMG01,ACTIVE
10402,6665,Time Deposit,467105865,2026-10-05,BDG01,ACTIVE
10403,2249,Time Deposit,262294149,2026-11-22,MDN01,ACTIVE
10404,9050,Time Deposit,395121274,2026-07-22,SMG01,ACTIVE
10405,7157,Savings,103556672,2028-02-15,SBY01,ACTIVE
10406,43,Savings,10122658,2027-05-05,YGY01,ACTIVE
10407,7815,Savings,14164504,2027-11-13,MDN01,ACTIVE
10408,5949,Savings,15221039,2028-01-29,YGY01,ACTIVE
10409,147,Savings,54106359,2027-07-27,YGY01,ACTIVE
10410,3315,Time Deposit,176433083,2026-09-11,JKT02,ACTIVE
10411,3313,Time Deposit,520774811,2026-06-29,JKT02,ACTIVE
10412,9489,Savings,60339950,2026-09-23,JKT01,ACTIVE
10413,7946,Time Deposit,1019715737,2026-10-31,BDG01,ACTIVE
10414,7369,Time Deposit,667981199,2026-07-25,BDG01,ACTIVE
10415,855,Savings,57445327,2027-05-05,YGY01,ACTIVE
10416,5461,Savings,41236065,2027-05-07,JKT02,ACTIVE
10417,3258,Savings,16198220,2026-06-27,YGY01,ACTIVE
10418,2051,Savings,94898025,2027-09-28,BDG01,ACTIVE
10419,5185,Time Deposit,1409069850,2026-12-11,YGY01,ACTIVE
10420,4740,Savings,4650071,2027-12-01,YGY01,ACTIVE
10421,448,Savings,98176759,2028-02-12,MDN01,ACTIVE
10422,7583,Savings,37913926,2028-01-17,SBY01,ACTIVE
10423,9936,Savings,18119583,2026-07-12,SBY01,ACTIVE
10424,6060,Savings,34545262,2027-11-03,BDG01,ACTIVE
10425,5656,Time Deposit,1552682773,2027-02-07,JKT01,ACTIVE
10426,3599,Savings,29664815,2028-01-10,JKT01,ACTIVE
10427,171,Savings,162692556,2027-06-27,SBY01,ACTIVE
10428,4714,Savings,116584942,2028-01-24,SMG01,ACTIVE
10429,1799,Time Deposit,702214866,2026-11-19,SMG01,ACTIVE
10430,6125,Time Deposit,793534711,2027-02-21,SMG01,ACTIVE
10431,7734,Savings,66166232,2027-09-30,YGY01,ACTIVE
10432,6182,Savings,38735172,2027-01-31,MDN01,ACTIVE
10433,5216,Savings,51577958,2027-10-20,SBY01,ACTIVE
10434,7026,Time Deposit,861978658,2026-08-29,BDG01,ACTIVE
10435,2284,Savings,47878742,2026-09-20,JKT02,ACTIVE
10436,2514,Savings,79743140,2027-12-13,JKT02,ACTIVE
10437,9800,Savings,63192088,2026-08-04,JKT01,ACTIVE
10438,5742,Savings,158154732,2027-09-10,MDN01,ACTIVE
10439,4202,Time Deposit,515844555,2026-07-30,SBY01,ACTIVE
10440,3655,Savings,111513563,2027-07-21,MDN01,ACTIVE
10441,1747,Savings,127120690,2027-08-04,MDN01,ACTIVE
10442,1674,Savings,9197734,2026-07-07,SMG01,ACTIVE
10443,1731,Time Deposit,448488528,2026-10-03,MDN01,ACTIVE
10444,2892,Time Deposit,148982378,2026-04-14,JKT02,ACTIVE
10445,9077,Time Deposit,522608076,2026-05-18,YGY01,ACTIVE
10446,5661,Time Deposit,1134794361,2026-08-26,SBY01,ACTIVE
10447,7510,Savings,9650619,2027-07-15,JKT02,ACTIVE
10448,8319,Time Deposit,301122734,2027-01-19,MDN01,ACTIVE
10449,7047,Time Deposit,764246382,2026-04-23,JKT02,ACTIVE
10450,2259,Savings,29094088,2026-12-09,JKT02,ACTIVE
10451,5320,Time Deposit,1480585624,2026-04-21,SBY01,ACTIVE
10452,7011,Time Deposit,410890962,2026-04-20,JKT01,ACTIVE
10453,7526,Savings,42469601,2027-11-20,JKT02,ACTIVE
10454,3674,Time Deposit,870136715,2026-07-28,SMG01,ACTIVE
10455,6050,Time Deposit,199688476,2026-04-21,MDN01,ACTIVE
10456,9821,Savings,155903120,2028-02-13,JKT01,ACTIVE
10457,2035,Time Deposit,605447558,2027-01-02,SMG01,ACTIVE
10458,5769,Time Deposit,512320199,2027-03-04,MDN01,ACTIVE
10459,1632,Savings,8451906,2027-05-13,BDG01,ACTIVE
10460,154,Savings,25856535,2027-02-10,SBY01,ACTIVE
10461,7023,Savings,181615823,2027-04-18,BDG01,ACTIVE
10462,4235,Time Deposit,247843422,2026-07-08,SBY01,ACTIVE
10463,8526,Savings,78604476,2028-01-27,BDG01,ACTIVE
10464,4818,Savings,107133984,2027-08-19,BDG01,ACTIVE
10465,4209,Savings,9261344,2026-11-09,JKT02,ACTIVE
10466,1538,Savings,21918558,2027-05-08,JKT01,ACTIVE
10467,2783,Savings,6157972,2027-06-22,JKT01,ACTIVE
10468,7957,Savings,41313501,2027-07-24,MDN01,ACTIVE
10469,95,Time Deposit,375582961,2026-11-01,YGY01,ACTIVE
10470,3510,Time Deposit,427973891,2026-07-11,JKT02,ACTIVE
10471,7736,Time Deposit,254744443,2026-05-24,MDN01,ACTIVE
10472,8073,Savings,5394007,2027-07-10,SMG01,ACTIVE
10473,1627,Savings,20103122,2027-08-20,MDN01,ACTIVE
10474,9714,Savings,12620697,2026-06-09,MDN01,ACTIVE
10475,7247,Time Deposit,255848454,2026-07-24,SBY01,ACTIVE
10476,3167,Savings,106041403,2027-08-14,SBY01,ACTIVE
10477,5139,Savings,108202742,2027-04-24,JKT01,ACTIVE
10478,441,Savings,16656298,2028-02-10,SMG01,ACTIVE
10479,5510,Savings,6814440,2027-11-20,SBY01,ACTIVE
10480,8786,Time Deposit,259437005,2026-12-07,YGY01,ACTIVE
10481,9784,Savings,10817013,2026-07-04,SBY01,ACTIVE
10482,1478,Time Deposit,958874872,2026-12-01,JKT01,ACTIVE
10483,4330,Savings,121481328,2027-12-16,MDN01,ACTIVE
10484,3708,Savings,74173128,2026-06-15,JKT02,ACTIVE
10485,7930,Savings,59031604,2027-07-04,JKT02,ACTIVE
10486,2917,Savings,29836556,2027-06-09,YGY01,ACTIVE
10487,4079,Time Deposit,134008153,2027-01-10,SMG01,ACTIVE
10488,3074,Savings,36569013,2027-04-25,BDG01,ACTIVE
10489,2731,Time Deposit,890671745,2026-12-05,YGY01,ACTIVE
10490,3444,Time Deposit,315641418,2026-07-19,SMG01,ACTIVE
10491,6679,Savings,7416684,2027-04-07,SBY01,ACTIVE
10492,163,Time Deposit,482549211,2026-09-03,SBY01,ACTIVE
10493,9003,Time Deposit,851710340,2026-10-23,SBY01,ACTIVE
10494,1835,Time Deposit,998016639,2026-09-11,BDG01,ACTIVE
10495,6484,Savings,27171961,2027-02-15,BDG01,ACTIVE
10496,5849,Time Deposit,1825251355,2026-12-03,SMG01,ACTIVE
10497,125,Savings,35428085,2027-06-28,SMG01,ACTIVE
10498,5521,Savings,153535208,2028-03-02,MDN01,ACTIVE
10499,9957,Time Deposit,175966011,2027-01-22,SBY01,ACTIVE
10500,1216,Savings,25838892,2027-05-26,MDN01,ACTIVE
10501,7030,Savings,120175380,2027-12-10,BDG01,ACTIVE
10502,5602,Savings,34350388,2026-11-22,BDG01,ACTIVE
10503,7291,Time Deposit,169576376,2026-12-24,SBY01,ACTIVE
10504,1413,Savings,11882833,2027-08-29,YGY01,ACTIVE
10505,5630,Savings,21117719,2026-11-11,MDN01,ACTIVE
10506,8331,Savings,105405889,2027-06-16,JKT01,ACTIVE
10507,4605,Savings,59794942,2026-05-09,JKT02,ACTIVE
10508,2255,Time Deposit,297083906,2026-07-29,SMG01,ACTIVE
10509,452,Savings,206729616,2027-01-25,BDG01,ACTIVE
10510,313,Time Deposit,925532846,2026-08-22,BDG01,ACTIVE
10511,8491,Savings,226955062,2026-05-12,SMG01,ACTIVE
10512,316,Savings,34492978,2027-02-19,SBY01,ACTIVE
10513,1612,Savings,86334557,2026-06-08,BDG01,ACTIVE
10514,4024,Savings,39579854,2028-02-18,YGY01,ACTIVE
10515,200,Time Deposit,442818426,2026-06-11,YGY01,ACTIVE
10516,2008,Savings,43318801,2027-11-17,SMG01,ACTIVE
10517,1725,Savings,15500842,2027-11-29,BDG01,ACTIVE
10518,9290,Savings,34557124,2026-10-08,JKT02,ACTIVE
10519,3927,Time Deposit,1178988456,2026-05-28,YGY01,ACTIVE
10520,4502,Savings,22038303,2026-04-18,JKT01,ACTIVE
10521,8244,Time Deposit,1033273711,2026-04-02,SMG01,ACTIVE
10522,423,Time Deposit,773533185,2026-11-20,SMG01,ACTIVE
10523,7345,Savings,72260621,2026-05-29,BDG01,ACTIVE
10524,881,Savings,36238246,2027-10-02,SMG01,ACTIVE
10525,1299,Savings,32580178,2026-06-24,JKT02,ACTIVE
10526,7695,Savings,23843710,2028-02-14,JKT02,ACTIVE
10527,9514,Savings,76531794,2027-09-16,JKT01,ACTIVE
10528,6459,Savings,102028256,2027-11-15,BDG01,ACTIVE
10529,373,Time Deposit,846841476,2026-11-12,JKT02,ACTIVE
10530,8716,Savings,52788028,2026-07-14,BDG01,ACTIVE
10531,3762,Savings,12042382,2026-08-27,SMG01,ACTIVE
10532,3930,Savings,8174072,2027-12-23,YGY01,ACTIVE
10533,448,Savings,30480292,2027-05-07,SMG01,ACTIVE
10534,1489,Time Deposit,938593060,2026-05-01,SMG01,ACTIVE
10535,7093,Time Deposit,1062469346,2026-04-12,SBY01,ACTIVE
10536,6390,Savings,64945613,2026-06-09,BDG01,ACTIVE
10537,9029,Savings,7275939,2027-09-03,SBY01,ACTIVE
10538,3531,Savings,15310045,2028-01-09,JKT02,ACTIVE
10539,5014,Time Deposit,1086818122,2027-02-20,SMG01,ACTIVE
10540,2515,Savings,8397790,2026-10-01,BDG01,ACTIVE
10541,6342,Time Deposit,1241602450,2027-01-02,MDN01,ACTIVE
10542,8584,Time Deposit,694026523,2027-02-28,BDG01,ACTIVE
10543,2447,Savings,57214831,2027-03-12,SBY01,ACTIVE
10544,197,Savings,19212890,2026-12-03,BDG01,ACTIVE
10545,4259,Savings,20793222,2027-05-23,YGY01,ACTIVE
10546,9917,Savings,72737677,2028-01-06,YGY01,ACTIVE
10547,4383,Time Deposit,497759207,2026-05-10,YGY01,ACTIVE
10548,100,Time Deposit,1423966648,2026-09-10,MDN01,ACTIVE
10549,5688,Savings,17030514,2027-06-15,JKT02,ACTIVE
10550,9999,Time Deposit,213979005,2026-04-18,BDG01,ACTIVE
10551,4838,Time Deposit,507463948,2027-01-24,JKT02,ACTIVE
10552,8705,Time Deposit,1206410809,2027-03-08,MDN01,ACTIVE
10553,2694,Savings,29656362,2026-07-13,SBY01,ACTIVE
10554,526,Savings,33728479,2028-01-15,BDG01,ACTIVE
10555,463,Time Deposit,692695217,2026-09-14,JKT01,ACTIVE
10556,5889,Savings,32664022,2026-04-15,SMG01,ACTIVE
10557,4774,Savings,231639601,2026-08-28,BDG01,ACTIVE
10558,5249,Savings,10206664,2028-02-16,JKT01,ACTIVE
10559,817,Savings,27861701,2027-05-30,BDG01,ACTIVE
10560,3164,Savings,66258264,2027-12-14,MDN01,ACTIVE
10561,9111,Savings,233551951,2027-01-22,JKT01,ACTIVE
10562,1024,Savings,42085254,2027-03-28,SMG01,ACTIVE
10563,8335,Savings,45562939,2027-01-09,SBY01,ACTIVE
10564,5325,Time Deposit,404176841,2026-04-06,MDN01,ACTIVE
10565,5121,Savings,36543428,2026-09-02,YGY01,ACTIVE
10566,1538,Time Deposit,280453322,2026-12-02,BDG01,ACTIVE
10567,6382,Time Deposit,325320171,2026-10-28,YGY01,ACTIVE
10568,1651,Time Deposit,998494659,2026-06-23,BDG01,ACTIVE
10569,5983,Savings,13734328,2026-07-22,YGY01,ACTIVE
10570,2764,Time Deposit,121897021,2026-12-23,MDN01,ACTIVE
10571,9433,Time Deposit,571463824,2026-04-26,JKT01,ACTIVE
10572,7620,Savings,17888860,2027-01-31,SBY01,ACTIVE
10573,6999,Time Deposit,437487224,2026-05-06,JKT02,ACTIVE
10574,356,Savings,7898834,2026-08-03,YGY01,ACTIVE
10575,4377,Time Deposit,700503305,2026-12-23,JKT02,ACTIVE
10576,8717,Savings,91794073,2027-05-20,BDG01,ACTIVE
10577,1163,Savings,21437956,2026-04-20,MDN01,ACTIVE
10578,7046,Savings,244279193,2028-03-07,MDN01,ACTIVE
10579,4587,Savings,40277237,2027-08-18,MDN01,ACTIVE
10580,8482,Time Deposit,1049840627,2027-02-07,JKT02,ACTIVE
10581,1734,Savings,179728075,2027-03-17,SBY01,ACTIVE
10582,666,Savings,125550304,2028-01-25,SMG01,ACTIVE
10583,5799,Savings,37117760,2027-04-21,YGY01,ACTIVE
10584,2502,Savings,16884874,2027-10-20,JKT02,ACTIVE
10585,3655,Time Deposit,1089023842,2026-08-26,BDG01,ACTIVE
10586,4575,Savings,7589275,2026-08-27,MDN01,ACTIVE
10587,9554,Time Deposit,317911870,2026-10-25,MDN01,ACTIVE
10588,7883,Savings,13504146,2027-12-02,SMG01,ACTIVE
10589,141,Savings,128651136,2026-11-17,JKT01,ACTIVE
10590,3685,Time Deposit,440434604,2026-05-13,SBY01,ACTIVE
10591,2125,Savings,8280954,2026-08-02,YGY01,ACTIVE
10592,2285,Savings,53129300,2026-09-20,MDN01,ACTIVE
10593,9982,Time Deposit,231189251,2026-04-13,JKT01,ACTIVE
10594,9575,Savings,80923854,2026-10-17,SBY01,ACTIVE
10595,60,Time Deposit,982147890,2026-04-23,JKT02,ACTIVE
10596,9171,Time Deposit,739755739,2026-06-06,MDN01,ACTIVE
10597,4048,Time Deposit,1208899876,2026-11-02,SMG01,ACTIVE
10598,9778,Savings,38071876,2027-05-03,BDG01,ACTIVE
10599,1585,Savings,4813827,2027-05-31,JKT02,ACTIVE
10600,7953,Time Deposit,346583998,2026-11-06,SBY01,ACTIVE
10601,8959,Savings,8913897,2026-12-06,SMG01,ACTIVE
10602,4612,Time Deposit,658492184,2026-04-03,SMG01,ACTIVE
10603,1923,Savings,156905325,2026-06-02,JKT01,ACTIVE
10604,8498,Savings,17114992,2027-02-02,JKT01,ACTIVE
10605,123,Time Deposit,1054325279,2026-10-09,JKT01,ACTIVE
10606,3775,Savings,44035089,2026-10-23,BDG01,ACTIVE
10607,2600,Savings,17154877,2027-02-24,YGY01,ACTIVE
10608,5719,Time Deposit,344260994,2026-12-19,YGY01,ACTIVE
10609,5721,Time Deposit,213288110,2026-07-24,BDG01,ACTIVE
10610,4864,Savings,176002484,2027-01-28,SBY01,ACTIVE
10611,1815,Savings,22063298,2027-08-31,SMG01,ACTIVE
10612,5219,Savings,159603761,2026-08-27,YGY01,ACTIVE
10613,591,Time Deposit,297547792,2026-10-10,SBY01,ACTIVE
10614,1402,Savings,96776528,2027-10-02,JKT02,ACTIVE
10615,9965,Time Deposit,663677064,2026-07-17,SMG01,ACTIVE
10616,824,Time Deposit,633828984,2026-12-20,SBY01,ACTIVE
10617,1386,Time Deposit,515617721,2026-12-01,MDN01,ACTIVE
10618,4837,Savings,4685044,2027-11-05,SBY01,ACTIVE
10619,2538,Time Deposit,1041436887,2027-01-24,YGY01,ACTIVE
10620,7010,Savings,10064927,2026-07-30,YGY01,ACTIVE
10621,1901,Time Deposit,818829892,2026-11-20,SMG01,ACTIVE
10622,6131,Time Deposit,586954281,2026-05-01,SBY01,ACTIVE
10623,6317,Time Deposit,889125041,2026-07-10,BDG01,ACTIVE
10624,1050,Time Deposit,438209067,2026-10-10,MDN01,ACTIVE
10625,2958,Savings,13203999,2027-06-29,SBY01,ACTIVE
10626,1044,Time Deposit,947164711,2026-05-23,BDG01,ACTIVE
10627,9323,Savings,24220329,2027-12-30,BDG01,ACTIVE
10628,921,Time Deposit,911035771,2027-02-26,SBY01,ACTIVE
10629,1683,Time Deposit,448139471,2027-01-20,BDG01,ACTIVE
10630,4605,Savings,30835818,2026-06-18,JKT02,ACTIVE
10631,2254,Time Deposit,373071632,2026-05-20,BDG01,ACTIVE
10632,9510,Savings,13429143,2027-02-17,SMG01,ACTIVE
10633,7393,Savings,6811633,2026-07-19,BDG01,ACTIVE
10634,1871,Savings,18079284,2026-12-01,MDN01,ACTIVE
10635,147,Savings,80209785,2026-06-20,SBY01,ACTIVE
10636,116,Time Deposit,882336472,2027-01-23,JKT01,ACTIVE
10637,6323,Savings,14059073,2026-05-23,JKT01,ACTIVE
10638,7657,Savings,87903303,2028-02-01,MDN01,ACTIVE
10639,8310,Savings,41312682,2026-06-09,YGY01,ACTIVE
10640,8391,Savings,4571819,2026-12-25,SBY01,ACTIVE
10641,2480,Time Deposit,455780035,2027-01-01,MDN01,ACTIVE
10642,6593,Savings,206413131,2027-03-18,SBY01,ACTIVE
10643,873,Savings,71290329,2027-11-17,SMG01,ACTIVE
10644,804,Savings,20272159,2027-03-30,JKT01,ACTIVE
10645,2607,Savings,15727591,2027-08-17,JKT01,ACTIVE
10646,2144,Time Deposit,546022302,2026-08-19,YGY01,ACTIVE
10647,9634,Savings,7129283,2027-03-08,SBY01,ACTIVE
10648,2396,Savings,16263836,2026-06-05,SBY01,ACTIVE
10649,6763,Time Deposit,927598042,2026-05-13,JKT02,ACTIVE
10650,964,Savings,26071553,2027-11-30,SMG01,ACTIVE
10651,7929,Savings,11777828,2028-01-27,SBY01,ACTIVE
10652,8492,Savings,7713677,2027-05-08,JKT01,ACTIVE
10653,1338,Time Deposit,364524693,2026-11-04,MDN01,ACTIVE
10654,1163,Savings,15501140,2026-11-11,SMG01,ACTIVE
10655,7612,Savings,5132686,2027-07-02,MDN01,ACTIVE
10656,3484,Savings,8899025,2027-11-10,JKT02,ACTIVE
10657,8592,Savings,122484311,2027-01-15,SBY01,ACTIVE
10658,2211,Time Deposit,486543651,2026-10-30,SMG01,ACTIVE
10659,3602,Time Deposit,1172238105,2026-05-14,SBY01,ACTIVE
10660,6803,Time Deposit,1199459303,2027-02-18,JKT01,ACTIVE
10661,2659,Time Deposit,392008140,2027-01-06,SMG01,ACTIVE
10662,6002,Time Deposit,589956989,2026-05-02,JKT02,ACTIVE
10663,8431,Savings,22979175,2027-11-03,MDN01,ACTIVE
10664,1743,Savings,26920304,2027-06-28,YGY01,ACTIVE
10665,9656,Time Deposit,877824375,2026-10-28,SBY01,ACTIVE
10666,6386,Savings,15224971,2027-01-03,JKT02,ACTIVE
10667,315,Time Deposit,823683339,2026-06-17,JKT02,ACTIVE
10668,4526,Time Deposit,84802722,2027-02-23,BDG01,ACTIVE
10669,2879,Time Deposit,812020796,2026-10-12,SBY01,ACTIVE
10670,339,Time Deposit,1321747883,2027-03-09,SMG01,ACTIVE
10671,8463,Time Deposit,472752560,2027-01-07,SMG01,ACTIVE
10672,7116,Time Deposit,472427730,2027-01-03,BDG01,ACTIVE
10673,6177,Savings,15862407,2027-04-16,SMG01,ACTIVE
10674,8514,Time Deposit,449786029,2026-08-21,BDG01,ACTIVE
10675,1137,Savings,36252153,2026-05-03,BDG01,ACTIVE
10676,1804,Time Deposit,239885787,2027-03-10,BDG01,ACTIVE
10677,6070,Time Deposit,1677609663,2026-09-20,JKT01,ACTIVE
10678,2143,Time Deposit,995275212,2026-06-11,BDG01,ACTIVE
10679,2695,Time Deposit,1270722418,2026-04-30,JKT01,ACTIVE
10680,6009,Savings,13436020,2027-01-02,JKT02,ACTIVE
10681,1630,Time Deposit,1368887601,2026-07-10,MDN01,ACTIVE
10682,9868,Time Deposit,235289436,2026-04-02,SBY01,ACTIVE
10683,2756,Time Deposit,369274025,2026-09-26,JKT02,ACTIVE
10684,2668,Time Deposit,665974100,2026-06-02,JKT01,ACTIVE
10685,8310,Time Deposit,675865445,2027-01-16,MDN01,ACTIVE
10686,8357,Savings,23555713,2027-09-01,JKT02,ACTIVE
10687,6983,Savings,17389451,2026-09-28,SMG01,ACTIVE
10688,8105,Savings,15545423,2027-07-13,BDG01,ACTIVE
10689,4180,Savings,190327585,2026-08-30,BDG01,ACTIVE
10690,1087,Savings,124954679,2027-09-20,SBY01,ACTIVE
10691,2561,Savings,93278086,2026-06-29,MDN01,ACTIVE
10692,5168,Savings,9316749,2026-11-30,YGY01,ACTIVE
10693,6090,Time Deposit,1602988799,2027-03-16,BDG01,ACTIVE
10694,5217,Savings,19187107,2027-05-30,SBY01,ACTIVE
10695,4110,Savings,12058789,2027-11-11,BDG01,ACTIVE
10696,9776,Savings,83757908,2027-10-31,YGY01,ACTIVE
10697,4300,Time Deposit,685449747,2026-08-07,YGY01,ACTIVE
10698,8903,Time Deposit,85004587,2027-02-13,BDG01,ACTIVE
10699,2105,Savings,23668463,2027-08-09,JKT02,ACTIVE
10700,5025,Savings,9971750,2027-09-13,YGY01,ACTIVE
10701,8498,Savings,48771441,2026-09-02,YGY01,ACTIVE
10702,5195,Time Deposit,264214834,2026-05-26,BDG01,ACTIVE
10703,1270,Savings,11183086,2026-05-03,JKT02,ACTIVE
10704,9080,Time Deposit,457240968,2027-01-09,SMG01,ACTIVE
10705,5020,Savings,78914156,2027-09-03,SMG01,ACTIVE
10706,9860,Savings,94899690,2027-01-16,YGY01,ACTIVE
10707,8079,Savings,11453786,2027-01-16,JKT02,ACTIVE
10708,5055,Savings,33190357,2027-08-10,BDG01,ACTIVE
10709,7827,Savings,201649646,2027-06-25,SBY01,ACTIVE
10710,3423,Savings,13758266,2027-12-17,MDN01,ACTIVE
10711,3820,Savings,115659383,2027-09-18,JKT01,ACTIVE
10712,7669,Time Deposit,931772249,2026-10-22,SMG01,ACTIVE
10713,8043,Savings,35056929,2027-06-27,MDN01,ACTIVE
10714,5038,Time Deposit,817128630,2027-03-09,MDN01,ACTIVE
10715,1983,Savings,27790871,2027-04-23,SMG01,ACTIVE
10716,1384,Time Deposit,760388784,2026-11-20,SBY01,ACTIVE
10717,6501,Savings,32616988,2026-06-03,YGY01,ACTIVE
10718,342,Time Deposit,725656169,2026-04-09,JKT02,ACTIVE
10719,4514,Time Deposit,1508958806,2026-07-31,SBY01,ACTIVE
10720,1382,Savings,39182256,2026-06-26,JKT02,ACTIVE
10721,9679,Savings,39713474,2028-01-08,SMG01,ACTIVE
10722,1394,Savings,60044810,2027-01-10,MDN01,ACTIVE
10723,481,Time Deposit,268021782,2027-02-02,SMG01,ACTIVE
10724,9283,Savings,12596033,2027-06-26,SMG01,ACTIVE
10725,7914,Savings,150237107,2027-01-31,BDG01,ACTIVE
10726,8438,Time Deposit,957325541,2027-01-29,JKT02,ACTIVE
10727,6684,Time Deposit,928540161,2026-09-25,JKT01,ACTIVE
10728,2130,Savings,29533084,2026-12-12,SBY01,ACTIVE
10729,5806,Savings,38643893,2026-10-10,JKT01,ACTIVE
10730,6098,Savings,16557202,2027-08-18,MDN01,ACTIVE
10731,7420,Savings,29612067,2027-10-03,SBY01,ACTIVE
10732,3965,Savings,33689730,2027-07-17,SMG01,ACTIVE
10733,2468,Time Deposit,1272837399,2026-06-04,SMG01,ACTIVE
10734,1961,Savings,17577080,2027-10-23,JKT01,ACTIVE
10735,7145,Savings,30143986,2028-03-03,JKT02,ACTIVE
10736,4757,Savings,88586998,2027-11-25,JKT01,ACTIVE
10737,6399,Savings,31994937,2027-04-03,JKT01,ACTIVE
10738,1711,Time Deposit,934215237,2027-02-09,MDN01,ACTIVE
10739,5964,Time Deposit,558745864,2026-11-20,JKT01,ACTIVE
10740,3902,Savings,38823886,2026-05-24,JKT01,ACTIVE
10741,5077,Time Deposit,1443113871,2026-05-19,JKT01,ACTIVE
10742,7082,Savings,14346858,2026-10-05,YGY01,ACTIVE
10743,4973,Savings,144480045,2026-09-08,SBY01,ACTIVE
10744,7340,Savings,14868736,2028-02-18,MDN01,ACTIVE
10745,2173,Time Deposit,1027732740,2026-09-04,YGY01,ACTIVE
10746,6165,Savings,101657824,2027-08-03,SMG01,ACTIVE
10747,6528,Savings,12213157,2027-04-05,YGY01,ACTIVE
10748,3886,Time Deposit,1195430220,2027-03-16,SMG01,ACTIVE
10749,224,Savings,37127110,2027-06-06,JKT02,ACTIVE
10750,3409,Savings,21108362,2027-07-19,JKT02,ACTIVE
10751,7537,Savings,86648264,2027-05-15,YGY01,ACTIVE
10752,6524,Savings,19060029,2026-07-23,SBY01,ACTIVE
10753,4804,Savings,138960188,2026-09-22,JKT01,ACTIVE
10754,2049,Savings,34856946,2026-08-20,SMG01,ACTIVE
10755,6172,Savings,82017809,2026-07-03,SBY01,ACTIVE
10756,5664,Savings,19659177,2027-09-24,BDG01,ACTIVE
10757,5391,Time Deposit,906919853,2026-08-04,SMG01,ACTIVE
10758,1612,Savings,118056360,2026-07-16,MDN01,ACTIVE
10759,4128,Savings,92071700,2026-11-30,JKT01,ACTIVE
10760,1634,Savings,17740131,2026-07-05,BDG01,ACTIVE
10761,8356,Savings,179727997,2027-10-15,JKT01,ACTIVE
10762,3594,Time Deposit,268917568,2026-07-07,SBY01,ACTIVE
10763,6419,Savings,8865822,2026-07-31,MDN01,ACTIVE
10764,3266,Savings,15330364,2027-12-24,MDN01,ACTIVE
10765,2873,Savings,65653856,2027-10-25,BDG01,ACTIVE
10766,6995,Time Deposit,471009900,2026-04-02,SMG01,ACTIVE
10767,9439,Time Deposit,575998635,2026-05-12,MDN01,ACTIVE
10768,5015,Time Deposit,618275547,2026-05-31,YGY01,ACTIVE
10769,9157,Savings,24378597,2027-07-16,JKT02,ACTIVE
10770,8097,Time Deposit,1274728840,2026-08-26,JKT02,ACTIVE
10771,9535,Savings,145501939,2027-06-08,SBY01,ACTIVE
10772,8638,Savings,38832938,2026-08-11,JKT02,ACTIVE
10773,2340,Savings,22406736,2026-11-20,MDN01,ACTIVE
10774,9130,Time Deposit,1088536578,2027-02-07,SBY01,ACTIVE
10775,5359,Time Deposit,1117235741,2026-12-09,YGY01,ACTIVE
10776,1764,Savings,31550846,2026-08-21,BDG01,ACTIVE
10777,6958,Time Deposit,617725338,2026-11-08,MDN01,ACTIVE
10778,4705,Savings,31446107,2027-04-25,YGY01,ACTIVE
10779,8014,Savings,17673064,2026-05-01,MDN01,ACTIVE
10780,6365,Time Deposit,702939921,2026-11-12,JKT02,ACTIVE
10781,2018,Savings,16200630,2026-06-30,YGY01,ACTIVE
10782,1927,Time Deposit,138415738,2026-09-17,JKT02,ACTIVE
10783,2921,Savings,14976321,2026-12-05,BDG01,ACTIVE
10784,9674,Savings,151123260,2027-07-25,SBY01,ACTIVE
10785,7727,Time Deposit,556801241,2026-11-24,JKT01,ACTIVE
10786,3797,Savings,87547952,2028-02-05,YGY01,ACTIVE
10787,4909,Time Deposit,1004458836,2026-12-18,JKT02,ACTIVE
10788,5705,Time Deposit,570152196,2026-08-26,JKT01,ACTIVE
10789,2143,Savings,164594686,2026-08-26,JKT02,ACTIVE
10790,6828,Savings,23175149,2026-10-03,MDN01,ACTIVE
10791,5670,Time Deposit,649046531,2026-07-24,SBY01,ACTIVE
10792,7814,Time Deposit,315808532,2026-12-06,JKT01,ACTIVE
10793,9233,Time Deposit,653688015,2026-04-24,JKT02,ACTIVE
10794,5143,Time Deposit,382870489,2026-05-12,JKT01,ACTIVE
10795,1566,Time Deposit,733968992,2026-11-25,MDN01,ACTIVE
10796,2531,Savings,9731721,2028-01-26,SBY01,ACTIVE
10797,6690,Savings,15199626,2026-10-19,MDN01,ACTIVE
10798,9320,Savings,9811698,2027-08-28,SBY01,ACTIVE
10799,4044,Savings,117440659,2026-12-26,JKT01,ACTIVE
10800,2213,Time Deposit,349456243,2026-12-03,JKT01,ACTIVE
10801,1421,Savings,18325024,2027-06-08,SMG01,ACTIVE
10802,5671,Time Deposit,851761127,2026-07-11,SMG01,ACTIVE
10803,1908,Savings,27523703,2027-01-08,YGY01,ACTIVE
10804,6682,Savings,25814519,2027-10-23,JKT02,ACTIVE
10805,4463,Savings,14627273,2027-10-29,YGY01,ACTIVE
10806,6711,Savings,15638432,2027-01-24,SMG01,ACTIVE
10807,5233,Savings,25593564,2026-05-12,SMG01,ACTIVE
10808,7423,Time Deposit,702222902,2026-06-22,MDN01,ACTIVE
10809,6203,Time Deposit,1143429899,2027-02-11,JKT02,ACTIVE
10810,3123,Time Deposit,453678423,2027-01-25,BDG01,ACTIVE
10811,4733,Savings,14106086,2027-04-02,SBY01,ACTIVE
10812,2356,Time Deposit,1615382641,2026-09-19,JKT02,ACTIVE
10813,3752,Savings,25106413,2027-09-23,BDG01,ACTIVE
10814,6496,Time Deposit,1531853408,2026-06-11,MDN01,ACTIVE
10815,2890,Savings,73911736,2026-08-10,BDG01,ACTIVE
10816,225,Time Deposit,860009289,2026-08-06,SMG01,ACTIVE
10817,8579,Savings,19816721,2026-12-11,JKT01,ACTIVE
10818,2259,Savings,29307733,2028-03-01,BDG01,ACTIVE
10819,9967,Savings,43638291,2027-11-02,JKT01,ACTIVE
10820,5893,Savings,29495283,2027-09-11,SMG01,ACTIVE
10821,2352,Time Deposit,439500993,2026-08-27,BDG01,ACTIVE
10822,6287,Savings,35472393,2026-04-17,JKT01,ACTIVE
10823,9507,Time Deposit,953223718,2026-11-27,SMG01,ACTIVE
10824,8326,Savings,76406886,2027-10-08,MDN01,ACTIVE
10825,7295,Savings,74109307,2027-09-06,JKT02,ACTIVE
10826,9941,Savings,58131630,2027-12-21,JKT02,ACTIVE
10827,5390,Savings,2392882,2027-11-08,YGY01,ACTIVE
10828,814,Savings,9535832,2026-05-12,JKT01,ACTIVE
10829,1844,Savings,41781561,2026-05-13,SBY01,ACTIVE
10830,5704,Savings,11500752,2027-05-05,SBY01,ACTIVE
10831,6095,Time Deposit,75785636,2026-05-18,JKT01,ACTIVE
10832,9651,Time Deposit,1133697132,2026-07-03,MDN01,ACTIVE
10833,5332,Savings,9834174,2027-04-13,JKT02,ACTIVE
10834,5634,Savings,70083847,2026-05-11,YGY01,ACTIVE
10835,1294,Savings,18697819,2026-11-22,BDG01,ACTIVE
10836,9709,Time Deposit,738261546,2026-12-21,SMG01,ACTIVE
10837,1363,Time Deposit,815027333,2027-02-26,SBY01,ACTIVE
10838,5646,Savings,22595592,2026-11-06,MDN01,ACTIVE
10839,546,Time Deposit,1419736602,2026-09-28,SMG01,ACTIVE
10840,5239,Savings,40131721,2026-04-16,JKT01,ACTIVE
10841,548,Savings,136521284,2027-09-25,JKT02,ACTIVE
10842,3606,Savings,13059564,2026-07-21,MDN01,ACTIVE
10843,3405,Time Deposit,855873817,2026-07-17,MDN01,ACTIVE
10844,2005,Savings,26553131,2027-11-29,JKT01,ACTIVE
10845,4209,Savings,8776269,2027-09-30,MDN01,ACTIVE
10846,542,Time Deposit,844983081,2026-05-20,BDG01,ACTIVE
10847,1336,Time Deposit,122234445,2027-03-01,JKT02,ACTIVE
10848,6991,Savings,68420674,2026-09-10,SMG01,ACTIVE
10849,9262,Savings,28785960,2027-06-16,BDG01,ACTIVE
10850,1344,Savings,27349163,2027-02-16,SBY01,ACTIVE
10851,4146,Savings,9163501,2026-09-02,YGY01,ACTIVE
10852,3000,Time Deposit,1561404752,2026-06-23,JKT01,ACTIVE
10853,7337,Savings,61752611,2027-10-25,SMG01,ACTIVE
10854,7787,Time Deposit,501908483,2027-03-14,JKT02,ACTIVE
10855,5883,Savings,18009937,2027-06-28,MDN01,ACTIVE
10856,3761,Time Deposit,389799671,2026-10-13,SBY01,ACTIVE
10857,1050,Time Deposit,267097327,2026-06-09,JKT02,ACTIVE
10858,8415,Time Deposit,851985114,2026-06-17,SMG01,ACTIVE
10859,8247,Savings,140686374,2027-10-02,JKT01,ACTIVE
10860,1548,Time Deposit,471976203,2026-07-09,MDN01,ACTIVE
10861,7426,Savings,17601361,2027-07-24,BDG01,ACTIVE
10862,7608,Savings,59421107,2027-02-05,JKT01,ACTIVE
10863,2803,Time Deposit,659232498,2026-12-26,MDN01,ACTIVE
10864,8442,Savings,33756720,2027-04-07,MDN01,ACTIVE
10865,7258,Time Deposit,164394747,2027-01-02,MDN01,ACTIVE
10866,7782,Savings,2962641,2027-01-01,MDN01,ACTIVE
10867,8792,Savings,14639847,2027-10-01,BDG01,ACTIVE
10868,5664,Savings,12675657,2027-06-19,YGY01,ACTIVE
10869,2270,Time Deposit,637902672,2026-05-08,JKT01,ACTIVE
10870,6191,Savings,35186047,2026-06-26,SBY01,ACTIVE
10871,8705,Time Deposit,724489471,2027-01-16,SBY01,ACTIVE
10872,2212,Savings,7127682,2027-12-11,MDN01,ACTIVE
10873,170,Savings,7823714,2028-01-28,JKT01,ACTIVE
10874,4617,Savings,11266711,2027-09-14,BDG01,ACTIVE
10875,3468,Time Deposit,637121185,2027-02-27,YGY01,ACTIVE
10876,6364,Savings,18627174,2027-02-23,YGY01,ACTIVE
10877,9879,Time Deposit,611168907,2026-05-23,YGY01,ACTIVE
10878,1278,Savings,102823084,2026-12-11,JKT02,ACTIVE
10879,7425,Time Deposit,719437517,2026-10-07,SMG01,ACTIVE
10880,6244,Time Deposit,1614975274,2026-12-22,MDN01,ACTIVE
10881,3773,Savings,16046055,2026-08-20,JKT02,ACTIVE
10882,3905,Savings,90518250,2027-06-10,SMG01,ACTIVE
10883,6459,Time Deposit,1499725985,2026-12-24,JKT02,ACTIVE
10884,2327,Savings,17837365,2026-12-07,SBY01,ACTIVE
10885,7455,Time Deposit,484688109,2026-07-30,JKT02,ACTIVE
10886,3178,Time Deposit,495698320,2026-05-14,SBY01,ACTIVE
10887,6445,Savings,134836950,2027-03-31,SBY01,ACTIVE
10888,9292,Savings,18649448,2027-10-27,JKT01,ACTIVE
10889,3834,Time Deposit,874114465,2026-04-27,SMG01,ACTIVE
10890,8513,Time Deposit,1047846996,2026-09-28,YGY01,ACTIVE
10891,260,Savings,202858359,2027-06-18,JKT02,ACTIVE
10892,5400,Time Deposit,710150497,2026-12-29,SMG01,ACTIVE
10893,2694,Time Deposit,874886866,2027-03-05,JKT01,ACTIVE
10894,9966,Time Deposit,844797313,2026-04-02,MDN01,ACTIVE
10895,2740,Time Deposit,866251752,2027-03-07,SBY01,ACTIVE
10896,533,Savings,142928394,2026-10-29,MDN01,ACTIVE
10897,5546,Savings,157480316,2027-04-30,SBY01,ACTIVE
10898,9530,Savings,124771374,2027-06-02,JKT02,ACTIVE
10899,1502,Savings,8184220,2027-01-25,MDN01,ACTIVE
10900,4117,Savings,37130363,2028-02-11,JKT02,ACTIVE
10901,9774,Savings,40043375,2027-05-31,MDN01,ACTIVE
10902,9217,Savings,5231317,2026-12-27,JKT02,ACTIVE
10903,2784,Time Deposit,1403362763,2026-06-03,MDN01,ACTIVE
10904,9854,Savings,84091903,2027-06-25,YGY01,ACTIVE
10905,7154,Savings,21183672,2027-01-22,SMG01,ACTIVE
10906,7966,Time Deposit,1332968738,2027-01-06,JKT02,ACTIVE
10907,5673,Savings,81411542,2027-09-16,JKT02,ACTIVE
10908,8041,Savings,8032939,2026-09-02,YGY01,ACTIVE
10909,8231,Time Deposit,1038848874,2026-06-01,BDG01,ACTIVE
10910,5230,Savings,218859426,2026-07-31,YGY01,ACTIVE
10911,5644,Savings,16463343,2026-12-30,MDN01,ACTIVE
10912,8866,Time Deposit,329433813,2026-04-19,MDN01,ACTIVE
10913,8542,Time Deposit,1054511552,2026-09-05,SBY01,ACTIVE
10914,6685,Time Deposit,578112113,2026-06-11,JKT02,ACTIVE
10915,6153,Savings,30183235,2026-05-06,MDN01,ACTIVE
10916,7851,Savings,41837406,2026-07-09,SBY01,ACTIVE
10917,9409,Savings,69024085,2028-01-02,YGY01,ACTIVE
10918,9032,Savings,71309831,2028-03-07,SMG01,ACTIVE
10919,5450,Time Deposit,604629219,2026-05-01,MDN01,ACTIVE
10920,8896,Savings,27921891,2026-11-30,JKT02,ACTIVE
10921,4829,Time Deposit,546659517,2026-09-29,BDG01,ACTIVE
10922,6635,Savings,33681916,2026-11-16,SBY01,ACTIVE
10923,922,Savings,73073501,2028-01-19,SMG01,ACTIVE
10924,3838,Savings,25553992,2027-06-26,SBY01,ACTIVE
10925,6837,Time Deposit,133576549,2026-07-11,BDG01,ACTIVE
10926,7617,Savings,14460127,2027-07-08,BDG01,ACTIVE
10927,2914,Savings,24274528,2028-03-06,BDG01,ACTIVE
10928,5720,Savings,93346769,2026-12-28,BDG01,ACTIVE
10929,9315,Savings,32166237,2026-06-25,SBY01,ACTIVE
10930,5725,Savings,218429342,2026-04-28,JKT01,ACTIVE
10931,8301,Savings,11846328,2027-04-03,MDN01,ACTIVE
10932,4732,Savings,18640545,2026-09-10,SMG01,ACTIVE
10933,9762,Time Deposit,391171881,2026-06-10,JKT01,ACTIVE
10934,8420,Time Deposit,615995897,2026-09-30,BDG01,ACTIVE
10935,6837,Savings,70497659,2026-10-08,SBY01,ACTIVE
10936,886,Savings,37775698,2026-11-17,SMG01,ACTIVE
10937,2545,Savings,14675484,2027-09-03,JKT02,ACTIVE
10938,2146,Time Deposit,888988792,2027-03-15,JKT02,ACTIVE
10939,9910,Savings,124082263,2027-01-21,SBY01,ACTIVE
10940,3493,Time Deposit,277089046,2026-07-19,SBY01,ACTIVE
10941,1343,Savings,138211868,2027-09-16,JKT02,ACTIVE
10942,2013,Time Deposit,830351801,2026-09-21,SMG01,ACTIVE
10943,2521,Savings,179673222,2026-11-03,SBY01,ACTIVE
10944,7088,Savings,29621108,2027-10-07,SBY01,ACTIVE
10945,2739,Time Deposit,487799722,2027-02-21,BDG01,ACTIVE
10946,9136,Savings,18076035,2026-12-22,MDN01,ACTIVE
10947,3711,Time Deposit,1040483372,2026-12-28,JKT01,ACTIVE
10948,3507,Time Deposit,1929389773,2026-12-12,YGY01,ACTIVE
10949,2535,Time Deposit,1369835625,2027-01-27,YGY01,ACTIVE
10950,2757,Savings,42352956,2026-09-27,SBY01,ACTIVE
10951,2238,Time Deposit,753076226,2027-01-02,SBY01,ACTIVE
10952,1897,Time Deposit,628428283,2026-07-01,JKT01,ACTIVE
10953,8375,Savings,88524095,2026-12-03,JKT02,ACTIVE
10954,4975,Time Deposit,667142499,2026-07-05,SBY01,ACTIVE
10955,9088,Savings,9701802,2027-05-21,SMG01,ACTIVE
10956,7480,Savings,17744184,2027-06-21,SMG01,ACTIVE
10957,5446,Time Deposit,612501146,2026-04-27,SMG01,ACTIVE
10958,7424,Savings,171581287,2027-01-12,MDN01,ACTIVE
10959,7894,Time Deposit,1465738683,2027-01-23,BDG01,ACTIVE
10960,7450,Time Deposit,318744295,2026-08-09,MDN01,ACTIVE
10961,5548,Time Deposit,1106792751,2026-07-07,YGY01,ACTIVE
10962,8644,Savings,10038046,2027-02-25,SMG01,ACTIVE
10963,8349,Time Deposit,628564844,2027-01-18,YGY01,ACTIVE
10964,9607,Savings,85690739,2027-07-24,BDG01,ACTIVE
10965,7824,Time Deposit,854837158,2027-02-23,SMG01,ACTIVE
10966,9656,Savings,74346652,2027-11-22,JKT02,ACTIVE
10967,7424,Savings,55887917,2027-05-20,JKT01,ACTIVE
10968,5251,Savings,85106835,2026-05-16,JKT01,ACTIVE
10969,725,Savings,69573425,2026-08-05,SMG01,ACTIVE
10970,1370,Time Deposit,1118932228,2026-04-07,SMG01,ACTIVE
10971,7846,Savings,27785244,2027-04-02,JKT01,ACTIVE
10972,9616,Savings,112662378,2027-01-15,SBY01,ACTIVE
10973,8276,Time Deposit,997585931,2026-06-03,BDG01,ACTIVE
10974,4968,Savings,6866544,2027-09-03,JKT02,ACTIVE
10975,8046,Time Deposit,773719664,2026-11-04,MDN01,ACTIVE
10976,3071,Savings,111316526,2027-07-01,JKT01,ACTIVE
10977,9539,Time Deposit,582535007,2026-05-26,JKT01,ACTIVE
10978,4576,Savings,37372207,2027-11-20,SBY01,ACTIVE
10979,5854,Savings,8040310,2027-12-31,SMG01,ACTIVE
10980,7746,Time Deposit,1207946008,2027-01-03,JKT02,ACTIVE
10981,6927,Time Deposit,533461892,2026-07-06,SMG01,ACTIVE
10982,3382,Savings,27454997,2027-08-20,BDG01,ACTIVE
10983,960,Savings,82019703,2027-04-16,JKT01,ACTIVE
10984,9838,Savings,27476717,2026-09-02,YGY01,ACTIVE
10985,8728,Savings,51821012,2027-07-11,YGY01,ACTIVE
10986,8211,Time Deposit,1366995490,2026-04-07,SBY01,ACTIVE
10987,1233,Time Deposit,911538180,2026-09-09,YGY01,ACTIVE
10988,7973,Savings,59708076,2026-06-11,SBY01,ACTIVE
10989,1046,Savings,73925814,2027-01-05,SMG01,ACTIVE
10990,9771,Time Deposit,532998705,2026-08-21,SBY01,ACTIVE
10991,9344,Savings,81887737,2027-12-23,MDN01,ACTIVE
10992,6611,Savings,78137107,2027-04-17,SMG01,ACTIVE
10993,3360,Savings,105176204,2027-03-17,MDN01,ACTIVE
10994,2539,Time Deposit,946566272,2026-04-03,JKT02,ACTIVE
10995,4973,Time Deposit,654844393,2027-03-04,SMG01,ACTIVE
10996,1453,Savings,17338330,2026-08-25,JKT02,ACTIVE
10997,5224,Savings,20979240,2027-12-07,JKT02,ACTIVE
10998,6898,Savings,3622958,2026-07-25,MDN01,ACTIVE
10999,8034,Time Deposit,537388579,2026-12-18,BDG01,ACTIVE
11000,7954,Time Deposit,935931575,2027-01-17,JKT02,ACTIVE
11001,4199,Time Deposit,1063805160,2026-07-20,SMG01,ACTIVE
11002,6334,Time Deposit,940100980,2026-12-17,SMG01,ACTIVE
11003,8028,Savings,13499533,2027-10-23,MDN01,ACTIVE
11004,6967,Savings,8237491,2027-11-05,SMG01,ACTIVE
11005,3956,Time Deposit,1346587538,2026-11-10,JKT01,ACTIVE
11006,5206,Time Deposit,1379104886,2027-03-06,SMG01,ACTIVE
11007,7071,Savings,11640087,2027-04-05,YGY01,ACTIVE
11008,7575,Savings,32555284,2027-04-22,MDN01,ACTIVE
11009,4814,Savings,10550727,2028-02-05,SMG01,ACTIVE
11010,9454,Savings,37302221,2026-09-30,SMG01,ACTIVE
11011,5296,Savings,15360339,2027-01-14,MDN01,ACTIVE
11012,2081,Savings,35966747,2026-07-21,JKT01,ACTIVE
11013,7158,Savings,25144629,2026-10-31,MDN01,ACTIVE
11014,5325,Savings,5485155,2026-05-21,SBY01,ACTIVE
11015,6379,Time Deposit,335718444,2026-09-19,MDN01,ACTIVE
11016,3426,Savings,7563145,2027-01-05,MDN01,ACTIVE
11017,8101,Savings,155367176,2026-07-11,BDG01,ACTIVE
11018,6187,Savings,15834623,2027-06-12,JKT02,ACTIVE
11019,9661,Savings,8577144,2027-10-23,JKT01,ACTIVE
11020,8643,Savings,38430338,2026-09-15,JKT02,ACTIVE
11021,8625,Time Deposit,1077743480,2027-01-22,BDG01,ACTIVE
11022,3540,Savings,41089368,2027-01-01,MDN01,ACTIVE
11023,8331,Time Deposit,630776784,2026-06-17,JKT02,ACTIVE
11024,2524,Time Deposit,1346807092,2027-01-07,MDN01,ACTIVE
11025,3899,Time Deposit,1118212676,2026-09-06,JKT02,ACTIVE
11026,1416,Savings,112162771,2027-11-14,JKT02,ACTIVE
11027,7874,Savings,30134824,2026-08-15,JKT02,ACTIVE
11028,67,Time Deposit,728459592,2026-12-04,JKT02,ACTIVE
11029,1518,Time Deposit,374700631,2026-06-24,SMG01,ACTIVE
11030,8093,Time Deposit,437878312,2026-07-02,MDN01,ACTIVE
11031,1493,Time Deposit,121195195,2026-05-31,BDG01,ACTIVE
11032,8050,Savings,28977497,2027-03-10,BDG01,ACTIVE
11033,7760,Time Deposit,1156474282,2026-11-05,SBY01,ACTIVE
11034,9796,Time Deposit,813017069,2026-04-23,YGY01,ACTIVE
11035,8057,Time Deposit,729353348,2027-03-02,YGY01,ACTIVE
11036,4654,Time Deposit,297903429,2027-02-15,JKT01,ACTIVE
11037,1213,Time Deposit,245215400,2026-06-23,YGY01,ACTIVE
11038,4461,Time Deposit,214147469,2026-07-28,BDG01,ACTIVE
11039,9129,Time Deposit,212829749,2026-09-13,SBY01,ACTIVE
11040,5618,Savings,46110425,2027-05-08,SMG01,ACTIVE
11041,2873,Savings,219098167,2027-03-14,BDG01,ACTIVE
11042,1555,Time Deposit,227825690,2026-06-26,JKT01,ACTIVE
11043,3667,Time Deposit,1266913079,2026-11-25,JKT01,ACTIVE
11044,9260,Time Deposit,848678538,2026-04-20,JKT02,ACTIVE
11045,7507,Time Deposit,543631553,2026-12-02,YGY01,ACTIVE
11046,8672,Savings,8129171,2026-07-14,JKT01,ACTIVE
11047,982,Savings,42791075,2027-10-08,JKT02,ACTIVE
11048,8283,Time Deposit,1030004395,2026-05-27,MDN01,ACTIVE
11049,7868,Savings,8846102,2027-05-20,BDG01,ACTIVE
11050,6622,Time Deposit,1342702652,2026-10-03,JKT02,ACTIVE
11051,6120,Time Deposit,1409100034,2026-12-06,SBY01,ACTIVE
11052,4982,Savings,59873720,2026-09-29,JKT02,ACTIVE
11053,5702,Time Deposit,423272505,2027-01-01,YGY01,ACTIVE
11054,3408,Savings,42930502,2026-07-06,SBY01,ACTIVE
11055,289,Savings,51432329,2028-02-05,YGY01,ACTIVE
11056,1288,Time Deposit,352394063,2027-02-06,BDG01,ACTIVE
11057,7688,Savings,179519713,2027-07-14,YGY01,ACTIVE
11058,5275,Savings,10918570,2027-03-13,JKT02,ACTIVE
11059,3131,Time Deposit,1505776022,2026-09-24,JKT02,ACTIVE
11060,9696,Savings,9901186,2027-11-02,JKT02,ACTIVE
11061,9537,Time Deposit,306196325,2026-09-17,SBY01,ACTIVE
11062,4923,Savings,21307740,2026-08-29,JKT01,ACTIVE
11063,761,Savings,32582551,2027-02-22,JKT01,ACTIVE
11064,4450,Time Deposit,307184187,2026-09-01,YGY01,ACTIVE
11065,8063,Time Deposit,320724491,2026-12-29,SMG01,ACTIVE
11066,271,Time Deposit,663923687,2026-09-07,JKT02,ACTIVE
11067,2370,Savings,79256604,2026-11-01,MDN01,ACTIVE
11068,6475,Time Deposit,385083672,2026-06-10,SBY01,ACTIVE
11069,5916,Savings,48803380,2027-11-27,MDN01,ACTIVE
11070,8392,Savings,30831494,2026-04-29,BDG01,ACTIVE
11071,5280,Savings,81878330,2027-01-08,YGY01,ACTIVE
11072,9908,Time Deposit,1006819257,2026-08-12,SMG01,ACTIVE
11073,1782,Time Deposit,892303452,2026-08-24,JKT02,ACTIVE
11074,9407,Time Deposit,902208285,2026-07-14,SMG01,ACTIVE
11075,44,Savings,12932220,2027-08-04,JKT02,ACTIVE
11076,246,Savings,17185554,2026-07-04,JKT02,ACTIVE
11077,3659,Savings,23262753,2026-10-05,JKT01,ACTIVE
11078,455,Savings,26731532,2026-12-08,JKT02,ACTIVE
11079,9477,Time Deposit,362072134,2026-10-13,BDG01,ACTIVE
11080,1253,Savings,17797204,2027-04-01,MDN01,ACTIVE
11081,8359,Time Deposit,276995837,2026-09-07,JKT02,ACTIVE
11082,3641,Savings,61718856,2027-06-23,SBY01,ACTIVE
11083,821,Savings,82687984,2027-03-02,BDG01,ACTIVE
11084,4845,Time Deposit,552988191,2026-04-03,BDG01,ACTIVE
11085,8991,Time Deposit,620057874,2026-05-12,JKT01,ACTIVE
11086,446,Time Deposit,671738750,2027-01-14,JKT01,ACTIVE
11087,5352,Time Deposit,1196588303,2027-01-11,JKT01,ACTIVE
11088,2626,Savings,28302974,2027-06-08,BDG01,ACTIVE
11089,4303,Savings,219491529,2027-06-29,YGY01,ACTIVE
11090,7454,Time Deposit,832645190,2027-01-05,JKT01,ACTIVE
11091,7295,Time Deposit,690771476,2026-09-13,MDN01,ACTIVE
11092,2412,Time Deposit,199117172,2026-07-20,JKT02,ACTIVE
11093,8828,Time Deposit,915828199,2027-01-30,YGY01,ACTIVE
11094,3850,Time Deposit,118146917,2026-08-27,JKT01,ACTIVE
11095,6952,Savings,84060183,2027-04-06,MDN01,ACTIVE
11096,8245,Time Deposit,552243395,2026-05-13,SMG01,ACTIVE
11097,9414,Savings,97910250,2027-03-06,JKT02,ACTIVE
11098,5061,Savings,36732119,2027-03-18,JKT02,ACTIVE
11099,8852,Time Deposit,905418017,2026-05-23,MDN01,ACTIVE
11100,325,Savings,8432535,2027-07-09,MDN01,ACTIVE
11101,3238,Savings,54896172,2027-03-13,YGY01,ACTIVE
11102,5227,Savings,44411571,2027-02-25,MDN01,ACTIVE
11103,8506,Time Deposit,1142405330,2026-10-23,JKT02,ACTIVE
11104,1568,Time Deposit,621110949,2026-04-11,JKT02,ACTIVE
11105,1445,Time Deposit,818190589,2026-11-17,SBY01,ACTIVE
11106,5171,Time Deposit,991190911,2027-03-02,MDN01,ACTIVE
11107,7409,Savings,8446636,2027-05-27,BDG01,ACTIVE
11108,4803,Time Deposit,277605976,2026-12-19,SBY01,ACTIVE
11109,2072,Savings,81639796,2027-09-03,SBY01,ACTIVE
11110,4698,Savings,95721365,2027-11-30,SBY01,ACTIVE
11111,6038,Time Deposit,805349828,2026-10-11,YGY01,ACTIVE
11112,1757,Savings,185867333,2026-07-24,MDN01,ACTIVE
11113,9043,Savings,11823641,2026-12-24,JKT01,ACTIVE
11114,7462,Savings,20521627,2028-02-07,SBY01,ACTIVE
11115,1455,Time Deposit,585662952,2026-10-11,JKT01,ACTIVE
11116,7479,Time Deposit,1246383070,2026-10-21,YGY01,ACTIVE
11117,1956,Time Deposit,1478713122,2026-06-02,SBY01,ACTIVE
11118,5194,Savings,11603223,2027-08-30,JKT02,ACTIVE
11119,6340,Time Deposit,346893907,2026-07-22,SBY01,ACTIVE
11120,5809,Savings,58429129,2027-07-10,SMG01,ACTIVE
11121,4525,Savings,54206172,2027-07-27,MDN01,ACTIVE
11122,2662,Savings,145367160,2026-12-20,JKT02,ACTIVE
11123,1514,Savings,17882399,2027-02-25,JKT01,ACTIVE
11124,1537,Time Deposit,731870718,2026-10-23,BDG01,ACTIVE
11125,2474,Savings,40176709,2027-11-22,JKT01,ACTIVE
11126,785,Savings,6691228,2026-05-01,JKT02,ACTIVE
11127,9449,Savings,14291848,2026-10-18,BDG01,ACTIVE
11128,8919,Savings,28866676,2026-04-24,YGY01,ACTIVE
11129,3074,Savings,55168342,2027-12-22,BDG01,ACTIVE
11130,8372,Time Deposit,650531024,2026-10-20,MDN01,ACTIVE
11131,6611,Savings,183748824,2027-03-11,YGY01,ACTIVE
11132,1667,Savings,19644944,2026-04-24,SMG01,ACTIVE
11133,7155,Savings,122985843,2027-02-11,YGY01,ACTIVE
11134,2652,Savings,37160550,2027-08-23,JKT01,ACTIVE
11135,5172,Savings,13826215,2026-05-20,SBY01,ACTIVE
11136,6617,Time Deposit,1222461562,2026-04-24,SMG01,ACTIVE
11137,5861,Savings,37108115,2027-03-14,JKT02,ACTIVE
11138,8946,Time Deposit,377666214,2026-05-14,SMG01,ACTIVE
11139,7428,Time Deposit,534672307,2026-12-30,JKT01,ACTIVE
11140,1735,Time Deposit,208201378,2026-12-03,BDG01,ACTIVE
11141,2128,Savings,51909420,2027-01-11,JKT02,ACTIVE
11142,8917,Savings,13606114,2026-05-04,YGY01,ACTIVE
11143,2573,Savings,171630873,2027-02-07,SMG01,ACTIVE
11144,3512,Savings,43219667,2027-09-18,JKT02,ACTIVE
11145,827,Savings,9642432,2027-01-26,SMG01,ACTIVE
11146,6387,Savings,75389661,2027-08-26,JKT02,ACTIVE
11147,3204,Time Deposit,527080316,2026-04-09,SBY01,ACTIVE
11148,2312,Savings,131880454,2027-05-10,JKT01,ACTIVE
11149,6738,Time Deposit,1032295883,2026-10-15,JKT02,ACTIVE
11150,6338,Savings,14104226,2027-08-13,YGY01,ACTIVE
11151,6071,Savings,41942218,2027-04-01,MDN01,ACTIVE
11152,7678,Savings,8634344,2027-09-08,SMG01,ACTIVE
11153,1625,Savings,57945441,2026-07-17,SMG01,ACTIVE
11154,1377,Savings,39442887,2027-04-21,JKT02,ACTIVE
11155,7164,Time Deposit,358108315,2026-08-21,YGY01,ACTIVE
11156,1536,Time Deposit,643932379,2027-03-16,MDN01,ACTIVE
11157,6005,Time Deposit,1135052798,2027-03-03,SMG01,ACTIVE
11158,3461,Time Deposit,990959313,2026-04-19,SBY01,ACTIVE
11159,7292,Time Deposit,459285282,2026-12-24,JKT01,ACTIVE
11160,3418,Savings,26095500,2026-09-30,JKT02,ACTIVE
11161,9615,Time Deposit,684638861,2026-10-20,JKT02,ACTIVE
11162,9660,Savings,22945676,2027-03-20,BDG01,ACTIVE
11163,1907,Savings,35451673,2027-08-01,JKT01,ACTIVE
11164,6146,Time Deposit,713954109,2027-02-05,JKT02,ACTIVE
11165,6338,Savings,7362337,2026-09-16,YGY01,ACTIVE
11166,5162,Savings,55975922,2026-05-17,YGY01,ACTIVE
11167,873,Time Deposit,695873415,2027-02-22,MDN01,ACTIVE
11168,410,Savings,3623991,2026-10-30,BDG01,ACTIVE
11169,4994,Time Deposit,764695207,2026-08-28,BDG01,ACTIVE
11170,313,Time Deposit,1819048636,2027-01-13,JKT01,ACTIVE
11171,1775,Savings,79747659,2027-07-14,JKT02,ACTIVE
11172,596,Savings,85841649,2026-08-26,YGY01,ACTIVE
11173,6582,Time Deposit,546811726,2027-03-01,BDG01,ACTIVE
11174,2473,Savings,107662631,2026-10-02,SMG01,ACTIVE
11175,2302,Time Deposit,938114613,2026-05-31,SMG01,ACTIVE
11176,9477,Time Deposit,1220734521,2027-02-20,YGY01,ACTIVE
11177,9027,Time Deposit,1010290839,2026-12-17,YGY01,ACTIVE
11178,4533,Time Deposit,256904083,2026-09-14,SMG01,ACTIVE
11179,3481,Savings,54724813,2027-10-31,SBY01,ACTIVE
11180,1508,Time Deposit,1360401799,2026-05-23,SMG01,ACTIVE
11181,8511,Savings,21314040,2027-08-23,MDN01,ACTIVE
11182,9868,Savings,19602535,2027-07-15,MDN01,ACTIVE
11183,5003,Savings,40120038,2026-08-14,JKT01,ACTIVE
11184,5202,Savings,18658454,2026-10-03,SMG01,ACTIVE
11185,4452,Savings,32147976,2028-01-14,SBY01,ACTIVE
11186,7468,Savings,146410401,2027-08-22,YGY01,ACTIVE
11187,806,Time Deposit,355771085,2026-11-10,SBY01,ACTIVE
11188,9673,Time Deposit,252361904,2026-04-07,SMG01,ACTIVE
11189,8091,Savings,29205659,2028-01-19,YGY01,ACTIVE
11190,3602,Savings,23964437,2027-04-17,JKT02,ACTIVE
11191,1872,Savings,53818035,2027-01-02,MDN01,ACTIVE
11192,2091,Savings,31076415,2027-08-23,BDG01,ACTIVE
11193,4114,Savings,15004636,2027-03-07,YGY01,ACTIVE
11194,3008,Savings,57774044,2027-05-28,SBY01,ACTIVE
11195,3935,Savings,41045833,2026-06-15,SBY01,ACTIVE
11196,366,Savings,43644026,2026-06-18,BDG01,ACTIVE
11197,2681,Time Deposit,157542211,2026-06-20,MDN01,ACTIVE
11198,5,Savings,42727524,2028-01-20,JKT01,ACTIVE
11199,3984,Savings,176686143,2026-11-15,SBY01,ACTIVE
11200,7016,Savings,13629902,2027-10-01,BDG01,ACTIVE
11201,5172,Savings,3385251,2027-09-29,BDG01,ACTIVE
11202,5586,Savings,23874955,2027-09-29,MDN01,ACTIVE
11203,905,Savings,37631186,2026-09-05,YGY01,ACTIVE
11204,7690,Savings,140933227,2027-07-09,JKT01,ACTIVE
11205,1848,Time Deposit,838206458,2026-11-15,JKT01,ACTIVE
11206,1283,Time Deposit,231181008,2026-07-31,MDN01,ACTIVE
11207,4292,Time Deposit,1614214902,2027-01-22,SBY01,ACTIVE
11208,7759,Time Deposit,1443508217,2026-04-08,SMG01,ACTIVE
11209,6051,Savings,41816157,2026-08-28,YGY01,ACTIVE
11210,9845,Savings,43061401,2027-04-23,SMG01,ACTIVE
11211,7955,Savings,130657317,2026-06-18,SBY01,ACTIVE
11212,7061,Savings,12066861,2027-04-24,SMG01,ACTIVE
11213,7899,Savings,70595105,2027-02-14,SBY01,ACTIVE
11214,99,Time Deposit,1712612604,2027-03-04,JKT01,ACTIVE
11215,949,Savings,26865870,2027-06-10,JKT01,ACTIVE
11216,2363,Time Deposit,812390977,2026-08-30,JKT02,ACTIVE
11217,2566,Time Deposit,585108175,2026-06-14,BDG01,ACTIVE
11218,7946,Savings,95643445,2027-04-02,SMG01,ACTIVE
11219,9869,Savings,12116204,2026-11-03,JKT02,ACTIVE
11220,1147,Savings,14954396,2027-12-24,JKT02,ACTIVE
11221,5789,Savings,140118280,2028-01-19,YGY01,ACTIVE
11222,4995,Savings,30034800,2027-12-20,BDG01,ACTIVE
11223,8416,Savings,102273685,2027-03-11,JKT01,ACTIVE
11224,3768,Time Deposit,968859257,2026-05-16,MDN01,ACTIVE
11225,8197,Time Deposit,521054288,2027-01-10,JKT02,ACTIVE
11226,528,Savings,16750950,2027-06-22,BDG01,ACTIVE
11227,7047,Savings,52631235,2026-08-27,JKT01,ACTIVE
11228,9541,Savings,19103322,2027-05-17,SBY01,ACTIVE
11229,4989,Time Deposit,1064255687,2026-08-27,SMG01,ACTIVE
11230,9154,Savings,35460510,2026-10-13,BDG01,ACTIVE
11231,2179,Savings,167014879,2027-06-01,JKT01,ACTIVE
11232,7383,Time Deposit,972692790,2026-05-01,JKT02,ACTIVE
11233,3629,Time Deposit,750934365,2026-10-12,YGY01,ACTIVE
11234,5536,Time Deposit,1183820712,2026-04-28,SBY01,ACTIVE
11235,9430,Time Deposit,1270759369,2027-02-16,JKT02,ACTIVE
11236,8286,Time Deposit,1067884626,2026-05-03,JKT01,ACTIVE
11237,4936,Time Deposit,1425101066,2026-07-25,SMG01,ACTIVE
11238,9079,Savings,55116969,2027-12-14,SBY01,ACTIVE
11239,6322,Savings,31725660,2026-07-14,MDN01,ACTIVE
11240,1657,Savings,63598432,2027-05-09,JKT01,ACTIVE
11241,5557,Savings,58851968,2028-03-11,SBY01,ACTIVE
11242,3982,Savings,25587550,2028-01-15,JKT01,ACTIVE
11243,6200,Savings,27058003,2026-09-12,BDG01,ACTIVE
11244,173,Time Deposit,601077078,2026-07-05,SBY01,ACTIVE
11245,2137,Time Deposit,478609410,2026-09-13,JKT01,ACTIVE
11246,9552,Time Deposit,783055056,2026-11-07,SBY01,ACTIVE
11247,7246,Savings,31947349,2028-03-01,SMG01,ACTIVE
11248,7829,Time Deposit,1020870884,2026-08-08,SBY01,ACTIVE
11249,5990,Time Deposit,873533666,2026-05-10,BDG01,ACTIVE
11250,5701,Savings,15634582,2027-10-31,SMG01,ACTIVE
11251,8493,Savings,25314780,2028-02-03,SMG01,ACTIVE
11252,6821,Savings,28143870,2026-11-01,SMG01,ACTIVE
11253,645,Savings,12087467,2027-04-26,SBY01,ACTIVE
11254,8589,Time Deposit,124430598,2026-06-08,BDG01,ACTIVE
11255,5928,Time Deposit,721903885,2026-10-26,SMG01,ACTIVE
11256,9632,Savings,22028305,2027-05-10,YGY01,ACTIVE
11257,5394,Savings,86202624,2026-04-24,JKT01,ACTIVE
11258,4911,Savings,6033926,2027-12-13,MDN01,ACTIVE
11259,414,Time Deposit,331861334,2026-07-03,SMG01,ACTIVE
11260,4879,Time Deposit,1549264730,2026-07-09,JKT02,ACTIVE
11261,6480,Time Deposit,841523621,2027-02-26,MDN01,ACTIVE
11262,4415,Time Deposit,803186339,2026-12-01,MDN01,ACTIVE
11263,8476,Time Deposit,1307329455,2026-06-06,SMG01,ACTIVE
11264,4124,Time Deposit,492769018,2026-08-05,MDN01,ACTIVE
11265,1420,Savings,18539988,2027-03-31,YGY01,ACTIVE
11266,1655,Savings,65310368,2027-02-18,YGY01,ACTIVE
11267,2248,Time Deposit,670446506,2026-07-03,YGY01,ACTIVE
11268,8852,Time Deposit,1708296976,2026-12-02,JKT01,ACTIVE
11269,6716,Time Deposit,408607543,2026-09-17,SBY01,ACTIVE
11270,7329,Savings,18164058,2027-11-13,MDN01,ACTIVE
11271,8807,Savings,65209579,2027-05-06,BDG01,ACTIVE
11272,1278,Time Deposit,931365508,2026-11-17,JKT01,ACTIVE
11273,3686,Time Deposit,202161785,2026-12-19,YGY01,ACTIVE
11274,8666,Savings,21900009,2026-08-05,SBY01,ACTIVE
11275,5206,Time Deposit,1206892788,2027-01-03,JKT01,ACTIVE
11276,7086,Savings,15128328,2026-09-03,JKT02,ACTIVE
11277,1679,Savings,35088346,2027-07-23,MDN01,ACTIVE
11278,795,Time Deposit,1070617887,2026-06-05,SBY01,ACTIVE
11279,7899,Savings,72120409,2027-05-21,YGY01,ACTIVE
11280,4426,Savings,32483006,2027-03-11,BDG01,ACTIVE
11281,2559,Time Deposit,471353611,2026-11-02,SMG01,ACTIVE
11282,6733,Time Deposit,876461441,2026-08-10,JKT02,ACTIVE
11283,4723,Time Deposit,687469198,2026-06-02,SMG01,ACTIVE
11284,7639,Time Deposit,260214187,2026-12-28,MDN01,ACTIVE
11285,4705,Savings,12426161,2027-11-05,BDG01,ACTIVE
11286,5500,Savings,36897315,2028-01-15,SMG01,ACTIVE
11287,6952,Savings,98679827,2027-06-23,JKT01,ACTIVE
11288,742,Savings,34575169,2027-03-05,SMG01,ACTIVE
11289,4964,Savings,28661306,2026-10-16,BDG01,ACTIVE
11290,9351,Time Deposit,328383409,2026-05-28,MDN01,ACTIVE
11291,5350,Time Deposit,585977102,2026-06-01,BDG01,ACTIVE
11292,9037,Savings,31275323,2026-05-20,MDN01,ACTIVE
11293,1736,Time Deposit,571462086,2027-01-08,JKT02,ACTIVE
11294,4301,Savings,79316448,2028-01-13,MDN01,ACTIVE
11295,4641,Savings,34069213,2027-09-01,JKT02,ACTIVE
11296,5643,Savings,25403562,2026-12-27,MDN01,ACTIVE
11297,458,Time Deposit,193288493,2026-06-09,BDG01,ACTIVE
11298,9757,Savings,20735148,2027-04-01,JKT01,ACTIVE
11299,6909,Savings,7172434,2026-12-26,YGY01,ACTIVE
11300,5373,Time Deposit,1034892983,2026-05-06,MDN01,ACTIVE
11301,5592,Savings,107706650,2027-11-21,SBY01,ACTIVE
11302,6838,Savings,9124027,2027-01-27,YGY01,ACTIVE
11303,6286,Time Deposit,1546978826,2026-08-08,JKT02,ACTIVE
11304,9399,Time Deposit,908019408,2026-09-09,BDG01,ACTIVE
11305,5627,Savings,174290278,2026-08-02,JKT01,ACTIVE
11306,8831,Savings,61545776,2026-08-09,YGY01,ACTIVE
11307,2191,Savings,40688746,2027-07-20,SMG01,ACTIVE
11308,630,Time Deposit,922663565,2026-10-20,JKT02,ACTIVE
11309,1718,Savings,20858445,2027-01-10,SMG01,ACTIVE
11310,4776,Savings,33742535,2027-03-14,MDN01,ACTIVE
11311,3441,Savings,18559316,2027-07-17,MDN01,ACTIVE
11312,6956,Time Deposit,928458572,2026-06-20,JKT02,ACTIVE
11313,5264,Savings,176376215,2026-10-08,SMG01,ACTIVE
11314,9674,Time Deposit,751662051,2026-06-18,JKT02,ACTIVE
11315,2809,Savings,34820612,2027-07-13,BDG01,ACTIVE
11316,2059,Time Deposit,1041535762,2027-01-30,MDN01,ACTIVE
11317,7988,Savings,18155747,2027-04-20,JKT02,ACTIVE
11318,4144,Time Deposit,883441568,2026-04-03,JKT02,ACTIVE
11319,9903,Time Deposit,1282548881,2027-01-07,MDN01,ACTIVE
11320,630,Savings,141483623,2026-06-15,JKT02,ACTIVE
11321,2941,Time Deposit,903349041,2027-02-15,YGY01,ACTIVE
11322,60,Time Deposit,1494000934,2026-12-03,JKT01,ACTIVE
11323,1843,Savings,18131879,2027-01-05,YGY01,ACTIVE
11324,3623,Savings,15879290,2026-07-06,MDN01,ACTIVE
11325,2731,Savings,73686960,2026-11-11,YGY01,ACTIVE
11326,2755,Savings,127103889,2026-11-30,JKT01,ACTIVE
11327,5383,Time Deposit,1175448156,2026-11-11,BDG01,ACTIVE
11328,2829,Savings,5970251,2027-06-28,SBY01,ACTIVE
11329,7926,Savings,96530606,2027-06-24,JKT01,ACTIVE
11330,6824,Savings,19326025,2027-07-25,SMG01,ACTIVE
11331,6185,Time Deposit,192631611,2026-12-20,SBY01,ACTIVE
11332,2409,Savings,9687222,2026-11-27,MDN01,ACTIVE
11333,6225,Time Deposit,310782484,2026-08-14,JKT02,ACTIVE
11334,633,Time Deposit,491016324,2026-04-03,BDG01,ACTIVE
11335,506,Time Deposit,595372712,2026-06-23,BDG01,ACTIVE
11336,481,Time Deposit,811853599,2026-11-09,YGY01,ACTIVE
11337,9342,Savings,4004108,2027-06-03,BDG01,ACTIVE
11338,449,Savings,15227807,2027-08-05,SMG01,ACTIVE
11339,5582,Time Deposit,918462501,2026-07-12,SMG01,ACTIVE
11340,113,Savings,23931493,2027-08-10,BDG01,ACTIVE
11341,5360,Savings,5583276,2027-07-22,SBY01,ACTIVE
11342,4469,Savings,19969596,2026-08-05,JKT02,ACTIVE
11343,6752,Savings,8980355,2027-08-28,SMG01,ACTIVE
11344,3632,Savings,55746181,2027-01-10,SMG01,ACTIVE
11345,6691,Savings,21616980,2027-09-14,YGY01,ACTIVE
11346,6895,Savings,15939423,2026-08-20,YGY01,ACTIVE
11347,7095,Time Deposit,1085479710,2026-09-12,BDG01,ACTIVE
11348,2284,Savings,35395243,2028-02-18,MDN01,ACTIVE
11349,793,Time Deposit,497971489,2026-09-13,BDG01,ACTIVE
11350,7123,Savings,165387332,2026-06-27,YGY01,ACTIVE
11351,4995,Savings,15729439,2027-08-25,SBY01,ACTIVE
11352,9086,Savings,118160843,2027-07-26,YGY01,ACTIVE
11353,2232,Savings,7817299,2026-07-02,JKT01,ACTIVE
11354,6767,Savings,32034789,2027-11-11,JKT02,ACTIVE
11355,9457,Savings,22522050,2026-08-29,BDG01,ACTIVE
11356,5058,Savings,193242021,2027-11-16,SBY01,ACTIVE
11357,1925,Savings,29290463,2026-05-17,SMG01,ACTIVE
11358,5363,Savings,11484782,2026-07-03,SBY01,ACTIVE
11359,3918,Time Deposit,1120085953,2026-11-17,JKT02,ACTIVE
11360,8001,Savings,51874752,2026-11-15,SMG01,ACTIVE
11361,421,Savings,65032123,2027-03-24,SMG01,ACTIVE
11362,7633,Savings,2793840,2027-12-22,JKT02,ACTIVE
11363,8270,Time Deposit,902863691,2027-01-10,SMG01,ACTIVE
11364,1563,Savings,67459219,2026-10-09,BDG01,ACTIVE
11365,4655,Savings,238152783,2026-08-15,BDG01,ACTIVE
11366,939,Time Deposit,619563628,2026-12-18,YGY01,ACTIVE
11367,3620,Savings,55914033,2027-04-13,SMG01,ACTIVE
11368,5274,Time Deposit,501157547,2026-10-26,MDN01,ACTIVE
11369,9467,Time Deposit,120651056,2026-05-30,JKT02,ACTIVE
11370,5270,Savings,30438924,2026-06-25,MDN01,ACTIVE
11371,8845,Savings,92050056,2027-10-23,JKT02,ACTIVE
11372,5676,Savings,18686450,2027-03-09,JKT02,ACTIVE
11373,7428,Time Deposit,177128021,2027-01-22,MDN01,ACTIVE
11374,9604,Time Deposit,774030645,2026-08-24,JKT01,ACTIVE
11375,5274,Savings,83933453,2026-07-31,SMG01,ACTIVE
11376,5338,Savings,13253945,2026-12-10,JKT02,ACTIVE
11377,6408,Savings,22256356,2026-05-19,SMG01,ACTIVE
11378,321,Savings,21981850,2026-07-09,YGY01,ACTIVE
11379,7342,Savings,11898820,2026-04-28,MDN01,ACTIVE
11380,8936,Time Deposit,964300440,2026-10-16,JKT02,ACTIVE
11381,2154,Savings,30832357,2027-09-05,JKT02,ACTIVE
11382,198,Savings,7763645,2027-02-06,SBY01,ACTIVE
11383,749,Time Deposit,1840785706,2026-05-08,BDG01,ACTIVE
11384,5644,Savings,35368083,2027-09-28,SMG01,ACTIVE
11385,4205,Time Deposit,541267809,2026-10-17,JKT02,ACTIVE
11386,782,Time Deposit,1070356255,2026-09-22,YGY01,ACTIVE
11387,1552,Savings,10384940,2027-06-27,JKT02,ACTIVE
11388,9879,Time Deposit,664075272,2026-10-26,JKT01,ACTIVE
11389,7183,Time Deposit,263853769,2026-12-16,BDG01,ACTIVE
11390,2529,Time Deposit,313438100,2026-07-24,JKT02,ACTIVE
11391,6465,Savings,9954581,2027-08-17,MDN01,ACTIVE
11392,9692,Savings,45267278,2027-01-15,BDG01,ACTIVE
11393,9711,Savings,28741919,2027-07-02,JKT02,ACTIVE
11394,8946,Time Deposit,535556988,2027-03-14,JKT02,ACTIVE
11395,3336,Savings,79543565,2026-10-03,SBY01,ACTIVE
11396,7051,Savings,115166863,2026-05-23,SBY01,ACTIVE
11397,4280,Savings,72233203,2026-06-01,YGY01,ACTIVE
11398,8833,Time Deposit,925941946,2026-09-03,BDG01,ACTIVE
11399,7122,Savings,23014844,2026-10-01,MDN01,ACTIVE
11400,8790,Savings,36348453,2027-03-26,MDN01,ACTIVE
11401,8842,Time Deposit,923966096,2026-06-24,BDG01,ACTIVE
11402,7537,Savings,108736255,2027-11-02,BDG01,ACTIVE
11403,5361,Time Deposit,822671463,2026-10-31,JKT01,ACTIVE
11404,71,Savings,37289172,2028-01-12,BDG01,ACTIVE
11405,8381,Time Deposit,1033998691,2026-11-28,JKT01,ACTIVE
11406,7662,Savings,5132048,2027-11-02,SBY01,ACTIVE
11407,6551,Time Deposit,170364181,2027-02-08,SBY01,ACTIVE
11408,1557,Time Deposit,465388875,2026-04-27,JKT02,ACTIVE
11409,8230,Savings,9360335,2028-02-19,MDN01,ACTIVE
11410,4046,Savings,31076225,2026-08-25,SMG01,ACTIVE
11411,9003,Time Deposit,671818881,2026-12-20,BDG01,ACTIVE
11412,4884,Savings,147194975,2027-04-04,YGY01,ACTIVE
11413,7567,Savings,78484900,2026-11-21,YGY01,ACTIVE
11414,6120,Time Deposit,1593786565,2027-03-14,JKT01,ACTIVE
11415,6547,Savings,38006795,2027-06-16,SBY01,ACTIVE
11416,3348,Savings,12952432,2027-01-16,MDN01,ACTIVE
11417,6897,Time Deposit,560110405,2026-07-02,JKT01,ACTIVE
11418,9442,Time Deposit,406746946,2026-07-04,SMG01,ACTIVE
11419,9506,Time Deposit,753591927,2027-01-15,SMG01,ACTIVE
11420,458,Time Deposit,948939184,2026-12-29,MDN01,ACTIVE
11421,5157,Time Deposit,1073248726,2026-07-24,SBY01,ACTIVE
11422,4615,Savings,37150003,2028-01-14,JKT02,ACTIVE
11423,258,Time Deposit,1332729769,2026-09-20,YGY01,ACTIVE
11424,721,Savings,19842375,2026-11-23,SBY01,ACTIVE
11425,5544,Savings,39989939,2027-09-22,SBY01,ACTIVE
11426,410,Time Deposit,695218688,2026-08-31,JKT02,ACTIVE
11427,3612,Savings,16729686,2027-09-28,SMG01,ACTIVE
11428,511,Savings,14323540,2027-08-31,SBY01,ACTIVE
11429,5145,Savings,21317952,2027-04-28,MDN01,ACTIVE
11430,7646,Savings,149309360,2027-12-26,JKT01,ACTIVE
11431,5375,Savings,27062881,2027-10-08,MDN01,ACTIVE
11432,2130,Time Deposit,860775267,2026-06-25,SBY01,ACTIVE
11433,7708,Savings,19643748,2027-08-18,SMG01,ACTIVE
11434,9093,Savings,38520686,2028-01-02,SBY01,ACTIVE
11435,2208,Time Deposit,1582123259,2026-11-15,MDN01,ACTIVE
11436,4445,Time Deposit,295095129,2026-12-28,MDN01,ACTIVE
11437,5544,Savings,14900513,2027-03-29,BDG01,ACTIVE
11438,1002,Savings,53358507,2027-12-05,SMG01,ACTIVE
11439,9941,Time Deposit,476733225,2026-07-13,SMG01,ACTIVE
11440,1756,Time Deposit,557896615,2026-10-02,JKT01,ACTIVE
11441,2582,Savings,11687554,2026-09-12,SMG01,ACTIVE
11442,2755,Time Deposit,620349547,2027-02-11,JKT02,ACTIVE
11443,5281,Time Deposit,859859633,2026-11-03,BDG01,ACTIVE
11444,3316,Savings,13110434,2027-04-18,JKT02,ACTIVE
11445,9618,Savings,212007971,2028-01-01,MDN01,ACTIVE
11446,7627,Savings,106564129,2027-03-22,SBY01,ACTIVE
11447,1076,Savings,36780033,2026-10-16,SMG01,ACTIVE
11448,3721,Savings,8825575,2026-07-28,SMG01,ACTIVE
11449,3489,Savings,105159782,2027-03-18,BDG01,ACTIVE
11450,8095,Time Deposit,480243733,2026-11-11,SMG01,ACTIVE
11451,6590,Time Deposit,1016335424,2026-09-06,YGY01,ACTIVE
11452,8342,Savings,12000112,2028-01-09,JKT01,ACTIVE
11453,6792,Savings,81792827,2027-03-05,YGY01,ACTIVE
11454,7709,Savings,11598868,2026-06-19,JKT01,ACTIVE
11455,5418,Savings,132330611,2026-06-26,JKT01,ACTIVE
11456,1225,Savings,19293247,2026-10-23,YGY01,ACTIVE
11457,9026,Time Deposit,1193956843,2026-12-17,SBY01,ACTIVE
11458,6479,Time Deposit,436732463,2026-10-26,JKT02,ACTIVE
11459,3604,Time Deposit,849093374,2026-09-23,SBY01,ACTIVE
11460,5079,Savings,22321919,2027-04-05,YGY01,ACTIVE
11461,7961,Time Deposit,1814633428,2026-08-24,SBY01,ACTIVE
11462,2409,Savings,36876906,2027-10-08,MDN01,ACTIVE
11463,6435,Savings,18052779,2026-07-03,SBY01,ACTIVE
11464,8122,Time Deposit,390169744,2026-08-14,SBY01,ACTIVE
11465,4629,Savings,11277863,2026-07-08,YGY01,ACTIVE
11466,7590,Time Deposit,1511182178,2026-11-15,BDG01,ACTIVE
11467,2488,Time Deposit,539103029,2026-09-13,JKT02,ACTIVE
11468,4703,Savings,111172641,2028-03-02,SBY01,ACTIVE
11469,8746,Savings,11750876,2026-11-23,SMG01,ACTIVE
11470,4134,Savings,99519371,2027-11-17,MDN01,ACTIVE
11471,1278,Time Deposit,634717303,2027-03-14,MDN01,ACTIVE
11472,9180,Time Deposit,917128216,2026-07-27,JKT01,ACTIVE
11473,4444,Savings,11950677,2027-03-22,SBY01,ACTIVE
11474,7255,Time Deposit,482894951,2026-09-03,MDN01,ACTIVE
11475,8058,Savings,174588013,2027-09-04,BDG01,ACTIVE
11476,8945,Savings,138027158,2028-02-05,MDN01,ACTIVE
11477,7342,Savings,46187107,2027-12-20,BDG01,ACTIVE
11478,7630,Time Deposit,157742030,2027-01-06,BDG01,ACTIVE
11479,4865,Time Deposit,158533383,2026-11-13,BDG01,ACTIVE
11480,8174,Savings,79601648,2027-07-16,SMG01,ACTIVE
11481,3270,Time Deposit,437058631,2026-08-08,JKT02,ACTIVE
11482,6143,Time Deposit,321552736,2026-05-12,MDN01,ACTIVE
11483,7682,Time Deposit,400096263,2026-12-05,BDG01,ACTIVE
11484,5571,Time Deposit,932393663,2026-09-05,JKT02,ACTIVE
11485,441,Savings,32302431,2027-11-10,MDN01,ACTIVE
11486,1201,Time Deposit,437046796,2027-02-28,YGY01,ACTIVE
11487,7363,Savings,57935649,2027-01-27,SBY01,ACTIVE
11488,4474,Savings,65739427,2026-12-03,JKT01,ACTIVE
11489,5264,Time Deposit,1129409073,2026-06-28,SBY01,ACTIVE
11490,1782,Time Deposit,649683213,2026-05-14,BDG01,ACTIVE
11491,894,Time Deposit,506050158,2026-05-12,SBY01,ACTIVE
11492,2745,Time Deposit,953809667,2026-07-13,MDN01,ACTIVE
11493,7035,Savings,8520219,2027-01-15,JKT01,ACTIVE
11494,5241,Time Deposit,308332402,2026-05-27,MDN01,ACTIVE
11495,7159,Savings,108698015,2027-08-12,JKT02,ACTIVE
11496,8830,Time Deposit,1055169538,2026-10-11,BDG01,ACTIVE
11497,1017,Savings,39042414,2028-02-04,BDG01,ACTIVE
11498,9276,Time Deposit,959728808,2026-10-02,JKT02,ACTIVE
11499,6821,Time Deposit,517523162,2026-04-05,BDG01,ACTIVE
11500,7627,Savings,51722486,2027-07-27,JKT02,ACTIVE
11501,8655,Time Deposit,933552928,2026-11-20,MDN01,ACTIVE
11502,9165,Savings,30310791,2027-10-14,MDN01,ACTIVE
11503,4450,Savings,11201442,2027-05-20,JKT01,ACTIVE
11504,8192,Time Deposit,1537148803,2027-01-09,YGY01,ACTIVE
11505,823,Savings,21905206,2026-10-26,SMG01,ACTIVE
11506,1688,Savings,31040724,2027-03-01,YGY01,ACTIVE
11507,7048,Savings,158566510,2027-03-22,SMG01,ACTIVE
11508,4883,Savings,19401602,2027-09-05,JKT01,ACTIVE
11509,9015,Savings,6432325,2028-01-23,BDG01,ACTIVE
11510,7989,Time Deposit,872554887,2026-09-06,JKT01,ACTIVE
11511,7370,Time Deposit,496598921,2026-10-12,SMG01,ACTIVE
11512,6582,Savings,55052655,2027-09-15,JKT02,ACTIVE
11513,7598,Savings,12293809,2026-11-21,SMG01,ACTIVE
11514,5891,Savings,12830717,2027-04-12,BDG01,ACTIVE
11515,6980,Savings,104807866,2027-12-02,SBY01,ACTIVE
11516,2654,Savings,18199719,2026-09-19,SMG01,ACTIVE
11517,4271,Savings,187975620,2028-02-26,SBY01,ACTIVE
11518,1202,Time Deposit,647338419,2026-04-22,SMG01,ACTIVE
11519,1932,Time Deposit,569915531,2026-11-08,SBY01,ACTIVE
11520,7316,Savings,26713520,2026-08-25,MDN01,ACTIVE
11521,8244,Time Deposit,971767325,2026-08-20,JKT01,ACTIVE
11522,9697,Savings,43770148,2027-08-14,JKT02,ACTIVE
11523,9524,Time Deposit,704494974,2027-01-08,MDN01,ACTIVE
11524,122,Savings,10322005,2027-05-10,JKT02,ACTIVE
11525,1250,Time Deposit,826602403,2026-07-04,SBY01,ACTIVE
11526,6020,Savings,75477421,2027-11-08,JKT02,ACTIVE
11527,7337,Savings,63315822,2027-06-17,MDN01,ACTIVE
11528,4869,Savings,111233128,2027-09-06,MDN01,ACTIVE
11529,7802,Time Deposit,439234310,2026-12-31,SMG01,ACTIVE
11530,9893,Savings,2068371,2027-09-12,BDG01,ACTIVE
11531,7118,Savings,191166334,2027-11-10,BDG01,ACTIVE
11532,1184,Time Deposit,873860740,2027-01-07,JKT01,ACTIVE
11533,2093,Savings,63035319,2026-10-04,BDG01,ACTIVE
11534,5716,Savings,38163524,2026-10-01,SMG01,ACTIVE
11535,5699,Savings,13870233,2027-06-19,JKT01,ACTIVE
11536,3127,Savings,114676165,2026-04-23,BDG01,ACTIVE
11537,712,Savings,112078446,2027-03-19,YGY01,ACTIVE
11538,6705,Savings,108888430,2026-11-26,YGY01,ACTIVE
11539,2928,Time Deposit,670797569,2026-10-26,SBY01,ACTIVE
11540,3528,Savings,45643481,2028-02-15,MDN01,ACTIVE
11541,9534,Savings,67825583,2027-10-09,JKT02,ACTIVE
11542,2280,Savings,52680230,2027-10-28,SBY01,ACTIVE
11543,3932,Savings,14510029,2028-01-30,SBY01,ACTIVE
11544,981,Savings,99787421,2027-02-03,SBY01,ACTIVE
11545,9668,Savings,25480447,2026-05-24,JKT02,ACTIVE
11546,3373,Savings,6214792,2027-01-10,BDG01,ACTIVE
11547,8798,Time Deposit,595123978,2026-10-06,YGY01,ACTIVE
11548,3490,Savings,95100991,2027-08-15,SMG01,ACTIVE
11549,4148,Savings,8670946,2027-07-18,SMG01,ACTIVE
11550,9483,Time Deposit,503362707,2027-02-21,SBY01,ACTIVE
11551,6472,Savings,98940556,2028-01-02,YGY01,ACTIVE
11552,8887,Savings,29987458,2027-11-13,JKT02,ACTIVE
11553,5484,Savings,46652546,2026-08-02,SBY01,ACTIVE
11554,6342,Time Deposit,612043006,2026-05-29,BDG01,ACTIVE
11555,3979,Time Deposit,398408980,2026-10-10,SMG01,ACTIVE
11556,206,Savings,16411035,2027-01-26,SBY01,ACTIVE
11557,8739,Time Deposit,422521732,2026-05-28,MDN01,ACTIVE
11558,817,Savings,78209677,2028-03-06,SBY01,ACTIVE
11559,4472,Savings,31352739,2026-04-20,JKT01,ACTIVE
11560,9210,Savings,160803395,2027-11-10,BDG01,ACTIVE
11561,9585,Time Deposit,536838674,2026-12-31,SBY01,ACTIVE
11562,620,Savings,22703519,2027-06-08,YGY01,ACTIVE
11563,8894,Savings,2514343,2027-05-24,YGY01,ACTIVE
11564,5681,Time Deposit,546310461,2026-09-15,BDG01,ACTIVE
11565,3191,Savings,141843779,2027-07-05,SBY01,ACTIVE
11566,2538,Savings,180031335,2027-04-17,SBY01,ACTIVE
11567,152,Time Deposit,653226654,2027-02-10,JKT01,ACTIVE
11568,8362,Savings,22247583,2027-01-26,BDG01,ACTIVE
11569,6382,Savings,93644140,2026-11-15,SMG01,ACTIVE
11570,5563,Savings,19504147,2026-05-16,BDG01,ACTIVE
11571,7098,Time Deposit,631140186,2026-10-21,YGY01,ACTIVE
11572,2041,Time Deposit,1128724473,2026-08-30,YGY01,ACTIVE
11573,2612,Savings,9141018,2026-09-23,YGY01,ACTIVE
11574,874,Savings,62490552,2027-01-04,YGY01,ACTIVE
11575,899,Savings,39180768,2027-06-10,YGY01,ACTIVE
11576,8460,Time Deposit,384247821,2026-10-02,SMG01,ACTIVE
11577,4320,Savings,33131085,2028-02-20,JKT02,ACTIVE
11578,4109,Savings,25551888,2027-11-29,SBY01,ACTIVE
11579,7215,Time Deposit,1142261256,2026-12-08,SBY01,ACTIVE
11580,2625,Savings,101943801,2026-12-07,JKT02,ACTIVE
11581,4713,Savings,25606865,2027-05-03,YGY01,ACTIVE
11582,664,Savings,9041232,2026-12-31,BDG01,ACTIVE
11583,2873,Time Deposit,918998158,2026-12-26,SMG01,ACTIVE
11584,7367,Savings,14298838,2026-05-25,SMG01,ACTIVE
11585,3956,Savings,95734749,2027-11-24,YGY01,ACTIVE
11586,2695,Time Deposit,938059327,2026-04-05,MDN01,ACTIVE
11587,524,Time Deposit,603506925,2027-01-14,BDG01,ACTIVE
11588,4656,Time Deposit,303659905,2027-01-12,SBY01,ACTIVE
11589,1623,Savings,32283366,2026-05-09,SMG01,ACTIVE
11590,1089,Savings,11368776,2027-05-22,JKT01,ACTIVE
11591,1711,Time Deposit,903555904,2027-01-06,SBY01,ACTIVE
11592,5576,Time Deposit,223476993,2026-08-09,YGY01,ACTIVE
11593,2742,Time Deposit,885656679,2027-02-02,MDN01,ACTIVE
11594,6016,Savings,36716014,2027-09-05,BDG01,ACTIVE
11595,8385,Time Deposit,1407668837,2026-11-07,JKT01,ACTIVE
11596,9886,Savings,23255664,2027-09-19,SMG01,ACTIVE
11597,6282,Savings,17763307,2026-11-18,MDN01,ACTIVE
11598,4553,Time Deposit,503607619,2027-03-03,YGY01,ACTIVE
11599,3179,Savings,6347729,2026-05-04,SMG01,ACTIVE
11600,6977,Savings,15380411,2027-03-09,JKT02,ACTIVE
11601,7374,Savings,14539737,2027-06-22,SMG01,ACTIVE
11602,360,Time Deposit,636725839,2027-01-16,MDN01,ACTIVE
11603,2645,Savings,31535352,2026-06-02,MDN01,ACTIVE
11604,9641,Savings,18046535,2027-01-19,JKT01,ACTIVE
11605,3162,Time Deposit,364893642,2026-05-04,SBY01,ACTIVE
11606,6178,Savings,14068360,2027-03-31,MDN01,ACTIVE
11607,2030,Savings,11934483,2026-11-05,BDG01,ACTIVE
11608,1945,Savings,24077581,2027-10-28,MDN01,ACTIVE
11609,1859,Time Deposit,1000724301,2027-02-22,JKT02,ACTIVE
11610,9707,Savings,8873491,2026-07-13,YGY01,ACTIVE
11611,4212,Savings,41583427,2027-10-14,JKT01,ACTIVE
11612,8631,Savings,61598079,2026-10-22,MDN01,ACTIVE
11613,6724,Time Deposit,872273404,2026-10-21,YGY01,ACTIVE
11614,8442,Savings,9344352,2026-06-04,JKT01,ACTIVE
11615,1341,Savings,12038424,2028-01-08,JKT02,ACTIVE
11616,619,Savings,33380966,2026-06-22,JKT01,ACTIVE
11617,5135,Time Deposit,1456641074,2026-12-28,SMG01,ACTIVE
11618,8637,Savings,10589925,2027-09-02,SMG01,ACTIVE
11619,9557,Savings,13489505,2026-06-20,SMG01,ACTIVE
11620,8711,Time Deposit,609823826,2026-08-28,BDG01,ACTIVE
11621,3322,Time Deposit,323469581,2027-02-07,SBY01,ACTIVE
11622,8788,Savings,22305334,2027-12-09,YGY01,ACTIVE
11623,9739,Time Deposit,692960552,2026-07-21,MDN01,ACTIVE
11624,5308,Savings,21249176,2026-04-30,JKT01,ACTIVE
11625,100,Time Deposit,1215878700,2027-01-16,MDN01,ACTIVE
11626,6969,Savings,31732979,2027-04-11,BDG01,ACTIVE
11627,837,Savings,10648541,2026-05-27,SMG01,ACTIVE
11628,5610,Savings,34197500,2027-03-12,SMG01,ACTIVE
11629,3283,Savings,41889840,2026-10-08,SBY01,ACTIVE
11630,7148,Time Deposit,529967969,2026-11-17,YGY01,ACTIVE
11631,8512,Time Deposit,810861997,2026-11-19,MDN01,ACTIVE
11632,7571,Savings,33201480,2026-06-01,JKT02,ACTIVE
11633,8476,Time Deposit,1484583412,2026-06-07,MDN01,ACTIVE
11634,1242,Time Deposit,1622529824,2027-02-03,JKT02,ACTIVE
11635,6752,Savings,30287219,2027-01-15,BDG01,ACTIVE
11636,5627,Savings,146153558,2027-12-26,BDG01,ACTIVE
11637,4715,Savings,24148888,2026-12-16,YGY01,ACTIVE
11638,1409,Time Deposit,652858775,2026-04-25,BDG01,ACTIVE
11639,8965,Time Deposit,644242728,2027-02-13,JKT02,ACTIVE
11640,3527,Savings,133956561,2027-10-07,JKT01,ACTIVE
11641,2275,Savings,4922665,2027-11-10,SMG01,ACTIVE
11642,7827,Savings,91052898,2026-12-11,BDG01,ACTIVE
11643,1440,Time Deposit,1620346969,2026-08-23,SBY01,ACTIVE
11644,9316,Time Deposit,600931013,2026-09-01,SMG01,ACTIVE
11645,9688,Savings,49886043,2026-10-12,SBY01,ACTIVE
11646,5176,Savings,42151049,2027-04-23,YGY01,ACTIVE
11647,7395,Savings,40842156,2026-08-29,SMG01,ACTIVE
11648,2800,Time Deposit,279616379,2026-08-29,JKT02,ACTIVE
11649,6547,Savings,12311562,2027-01-11,YGY01,ACTIVE
11650,3613,Savings,11096101,2027-02-04,SMG01,ACTIVE
11651,421,Savings,103613643,2026-12-23,JKT01,ACTIVE
11652,6533,Time Deposit,319100568,2026-08-02,YGY01,ACTIVE
11653,4949,Time Deposit,1420015507,2026-11-03,MDN01,ACTIVE
11654,1711,Time Deposit,1058635615,2026-09-22,SMG01,ACTIVE
11655,8944,Savings,19920308,2028-01-16,MDN01,ACTIVE
11656,9428,Time Deposit,500992617,2027-02-03,BDG01,ACTIVE
11657,4600,Savings,22822406,2027-08-16,YGY01,ACTIVE
11658,3950,Savings,97424824,2027-01-30,BDG01,ACTIVE
11659,509,Time Deposit,292324449,2026-08-25,JKT02,ACTIVE
11660,1782,Savings,148830191,2027-01-17,SMG01,ACTIVE
11661,5184,Time Deposit,1534370216,2026-06-23,JKT01,ACTIVE
11662,4963,Savings,81154587,2027-11-08,BDG01,ACTIVE
11663,2978,Time Deposit,838453088,2026-04-24,BDG01,ACTIVE
11664,4040,Time Deposit,587861167,2026-10-17,MDN01,ACTIVE
11665,9424,Time Deposit,966845198,2026-12-29,BDG01,ACTIVE
11666,8088,Time Deposit,871926077,2026-10-04,BDG01,ACTIVE
11667,2859,Savings,20024119,2027-11-16,JKT02,ACTIVE
11668,3104,Time Deposit,1016899954,2027-02-20,MDN01,ACTIVE
11669,6886,Savings,7345240,2026-09-24,SBY01,ACTIVE
11670,8501,Savings,28483625,2027-05-03,SMG01,ACTIVE
11671,5659,Savings,13236256,2027-04-01,SMG01,ACTIVE
11672,3880,Time Deposit,803094290,2026-08-28,JKT01,ACTIVE
11673,8994,Savings,54824569,2026-10-17,JKT01,ACTIVE
11674,2468,Savings,197865126,2026-08-04,SBY01,ACTIVE
11675,4776,Savings,90506780,2027-12-24,SBY01,ACTIVE
11676,4331,Time Deposit,665662015,2027-02-26,JKT02,ACTIVE
11677,446,Savings,81834519,2027-02-21,JKT02,ACTIVE
11678,2413,Time Deposit,720126138,2027-02-22,BDG01,ACTIVE
11679,9855,Savings,19954646,2026-11-11,SBY01,ACTIVE
11680,2797,Savings,109746208,2027-10-24,YGY01,ACTIVE
11681,169,Time Deposit,1277315836,2026-04-10,SMG01,ACTIVE
11682,7954,Savings,90408933,2027-04-20,SMG01,ACTIVE
11683,6247,Savings,23718291,2027-04-17,JKT02,ACTIVE
11684,8625,Savings,80487778,2028-03-06,MDN01,ACTIVE
11685,9765,Savings,11700998,2027-02-15,SBY01,ACTIVE
11686,5741,Savings,52956061,2027-11-29,YGY01,ACTIVE
11687,5869,Savings,12234015,2026-07-16,JKT02,ACTIVE
11688,2558,Time Deposit,326902160,2026-12-31,SMG01,ACTIVE
11689,6877,Savings,185181003,2026-08-18,JKT01,ACTIVE
11690,7812,Savings,21687434,2027-01-12,YGY01,ACTIVE
11691,1454,Time Deposit,549757511,2026-05-06,YGY01,ACTIVE
11692,9852,Savings,8752789,2026-12-30,MDN01,ACTIVE
11693,4254,Savings,114342296,2027-11-17,JKT01,ACTIVE
11694,1231,Time Deposit,388145386,2026-12-23,SBY01,ACTIVE
11695,910,Savings,16166939,2026-11-14,YGY01,ACTIVE
11696,746,Savings,17143643,2026-09-18,JKT01,ACTIVE
11697,7717,Savings,10923545,2026-09-10,MDN01,ACTIVE
11698,5211,Time Deposit,1134746190,2026-12-02,YGY01,ACTIVE
11699,9883,Savings,15397640,2027-05-09,MDN01,ACTIVE
11700,4748,Savings,34251882,2028-01-13,MDN01,ACTIVE
11701,5290,Savings,39258826,2026-12-09,JKT02,ACTIVE
11702,317,Savings,25742986,2028-03-10,JKT02,ACTIVE
11703,7768,Time Deposit,907608769,2026-12-19,JKT02,ACTIVE
11704,8741,Savings,30853947,2027-07-05,JKT02,ACTIVE
11705,8840,Savings,31041655,2027-12-15,MDN01,ACTIVE
11706,1129,Time Deposit,794395191,2026-08-06,SMG01,ACTIVE
11707,9727,Savings,16096951,2026-05-08,SMG01,ACTIVE
11708,7051,Time Deposit,1400224146,2027-02-11,JKT01,ACTIVE
11709,2056,Time Deposit,423176293,2026-04-04,YGY01,ACTIVE
11710,6060,Savings,8038568,2027-05-19,SBY01,ACTIVE
11711,4358,Time Deposit,484464531,2027-01-10,BDG01,ACTIVE
11712,4065,Savings,89297644,2027-03-25,BDG01,ACTIVE
11713,1956,Time Deposit,1861118347,2027-03-15,JKT01,ACTIVE
11714,6178,Savings,20918608,2027-09-16,BDG01,ACTIVE
11715,3995,Time Deposit,512027234,2026-08-03,SBY01,ACTIVE
11716,9760,Time Deposit,553945874,2026-06-21,SBY01,ACTIVE
11717,3249,Savings,14439262,2026-07-06,BDG01,ACTIVE
11718,2282,Time Deposit,599829992,2026-08-24,BDG01,ACTIVE
11719,6106,Savings,35275689,2026-09-21,SBY01,ACTIVE
11720,2730,Time Deposit,501906589,2026-11-02,JKT02,ACTIVE
11721,6699,Savings,25563779,2027-10-13,BDG01,ACTIVE
11722,9933,Savings,104192209,2027-06-16,JKT01,ACTIVE
11723,3307,Savings,35775705,2026-08-11,SBY01,ACTIVE
11724,3899,Time Deposit,257672557,2027-02-03,SBY01,ACTIVE
11725,2756,Time Deposit,192906772,2026-12-16,BDG01,ACTIVE
11726,9882,Savings,29793301,2028-02-15,JKT01,ACTIVE
11727,4056,Time Deposit,1681332425,2026-09-18,SMG01,ACTIVE
11728,8248,Time Deposit,445301637,2026-07-27,JKT01,ACTIVE
11729,9526,Time Deposit,384842580,2026-05-28,MDN01,ACTIVE
11730,5357,Savings,100494724,2027-09-20,MDN01,ACTIVE
11731,1773,Time Deposit,185044377,2026-11-09,MDN01,ACTIVE
11732,200,Time Deposit,997361445,2026-05-01,BDG01,ACTIVE
11733,8714,Savings,224654039,2027-09-13,JKT01,ACTIVE
11734,2999,Savings,23732906,2026-07-30,JKT02,ACTIVE
11735,1833,Savings,17986954,2026-11-23,SMG01,ACTIVE
11736,416,Time Deposit,1906196126,2026-10-01,SMG01,ACTIVE
11737,6932,Savings,44478903,2026-08-28,SMG01,ACTIVE
11738,5920,Savings,6177936,2026-07-26,MDN01,ACTIVE
11739,7689,Time Deposit,670169413,2027-01-31,SBY01,ACTIVE
11740,6112,Time Deposit,900829851,2027-01-25,JKT02,ACTIVE
11741,6805,Time Deposit,816033792,2026-08-31,YGY01,ACTIVE
11742,9620,Time Deposit,306160957,2027-01-22,JKT02,ACTIVE
11743,8328,Time Deposit,375718011,2026-06-28,SBY01,ACTIVE
11744,339,Time Deposit,269620789,2026-06-29,SMG01,ACTIVE
11745,4443,Savings,10450504,2027-11-05,BDG01,ACTIVE
11746,4045,Time Deposit,986100548,2026-10-23,SBY01,ACTIVE
11747,3693,Savings,16405097,2026-09-03,JKT01,ACTIVE
11748,1291,Time Deposit,322059555,2026-10-11,YGY01,ACTIVE
11749,6084,Time Deposit,279285368,2027-02-22,YGY01,ACTIVE
11750,2521,Time Deposit,1408716029,2026-10-25,SMG01,ACTIVE
11751,8501,Savings,25760304,2026-06-18,SBY01,ACTIVE
11752,3481,Time Deposit,953800095,2026-05-12,SBY01,ACTIVE
11753,9276,Time Deposit,499536116,2027-02-12,MDN01,ACTIVE
11754,6225,Savings,106517958,2026-12-02,JKT01,ACTIVE
11755,8752,Savings,18906855,2027-09-18,SMG01,ACTIVE
11756,2406,Savings,16930783,2026-06-06,BDG01,ACTIVE
11757,8204,Savings,182716007,2028-02-13,JKT01,ACTIVE
11758,5706,Savings,21449680,2026-12-14,JKT01,ACTIVE
11759,4191,Time Deposit,477317060,2027-02-07,BDG01,ACTIVE
11760,7002,Time Deposit,441658254,2027-02-22,JKT01,ACTIVE
11761,3133,Time Deposit,409432504,2026-07-20,SBY01,ACTIVE
11762,3653,Time Deposit,1473411389,2026-12-18,BDG01,ACTIVE
11763,8013,Time Deposit,275573625,2027-01-23,JKT02,ACTIVE
11764,138,Time Deposit,685868981,2026-08-03,BDG01,ACTIVE
11765,8781,Savings,29421675,2027-06-20,JKT02,ACTIVE
11766,1965,Time Deposit,650808807,2026-04-29,JKT02,ACTIVE
11767,5562,Time Deposit,692864253,2026-07-27,MDN01,ACTIVE
11768,6029,Savings,16940430,2027-07-09,YGY01,ACTIVE
11769,739,Savings,40977090,2027-08-29,YGY01,ACTIVE
11770,3444,Savings,9834248,2027-11-05,BDG01,ACTIVE
11771,4783,Savings,10672284,2026-08-06,SBY01,ACTIVE
11772,2800,Savings,15690339,2026-06-23,JKT01,ACTIVE
11773,3352,Time Deposit,1485187071,2026-12-06,BDG01,ACTIVE
11774,7098,Time Deposit,619864520,2027-01-24,MDN01,ACTIVE
11775,5681,Savings,16373225,2026-04-20,SBY01,ACTIVE
11776,3463,Savings,11343546,2026-11-29,JKT01,ACTIVE
11777,3673,Savings,32967364,2028-01-13,SMG01,ACTIVE
11778,9120,Savings,29573049,2026-04-21,BDG01,ACTIVE
11779,4082,Time Deposit,454338768,2027-02-02,JKT02,ACTIVE
11780,9569,Time Deposit,874039990,2026-12-13,MDN01,ACTIVE
11781,7431,Savings,8107680,2026-08-03,MDN01,ACTIVE
11782,7340,Savings,2818842,2027-06-12,BDG01,ACTIVE
11783,842,Time Deposit,1001586842,2026-05-11,MDN01,ACTIVE
11784,7222,Savings,147031995,2027-08-28,MDN01,ACTIVE
11785,4303,Savings,47071916,2026-08-09,SMG01,ACTIVE
11786,7764,Time Deposit,348812503,2026-05-31,SMG01,ACTIVE
11787,2467,Time Deposit,525796411,2026-04-19,SMG01,ACTIVE
11788,5411,Savings,30650187,2027-04-03,JKT01,ACTIVE
11789,5276,Time Deposit,601741286,2026-11-04,JKT02,ACTIVE
11790,5236,Time Deposit,272547255,2026-11-19,SBY01,ACTIVE
11791,7117,Time Deposit,1191779299,2026-11-17,SMG01,ACTIVE
11792,3460,Savings,38506193,2027-04-03,SMG01,ACTIVE
11793,5636,Time Deposit,1148226026,2026-07-20,JKT02,ACTIVE
11794,1624,Savings,14237348,2027-08-19,MDN01,ACTIVE
11795,3127,Time Deposit,1177156774,2027-01-03,SBY01,ACTIVE
11796,8174,Time Deposit,1529087104,2026-09-03,JKT02,ACTIVE
11797,1780,Savings,13047724,2027-03-23,MDN01,ACTIVE
11798,5272,Savings,26409871,2027-08-30,YGY01,ACTIVE
11799,342,Time Deposit,808153323,2026-08-15,JKT01,ACTIVE
11800,1452,Savings,23733796,2026-08-08,YGY01,ACTIVE
11801,5126,Savings,18194240,2027-03-13,SMG01,ACTIVE
11802,9291,Savings,34563589,2027-05-19,SMG01,ACTIVE
11803,8889,Time Deposit,1198817853,2026-08-08,SMG01,ACTIVE
11804,788,Savings,15551114,2026-04-30,JKT01,ACTIVE
11805,3655,Time Deposit,1049986274,2026-09-14,JKT01,ACTIVE
11806,34,Savings,7708172,2027-01-17,MDN01,ACTIVE
11807,1489,Time Deposit,917363153,2026-04-09,BDG01,ACTIVE
11808,8447,Time Deposit,829422138,2027-01-13,JKT02,ACTIVE
11809,698,Savings,17908875,2027-11-28,BDG01,ACTIVE
11810,1485,Savings,192103206,2026-09-16,YGY01,ACTIVE
11811,519,Time Deposit,839990132,2027-02-17,YGY01,ACTIVE
11812,6066,Time Deposit,1681877398,2026-11-29,SBY01,ACTIVE
11813,8364,Savings,191986315,2026-05-23,JKT01,ACTIVE
11814,4467,Savings,210661849,2026-09-18,BDG01,ACTIVE
11815,7865,Time Deposit,671222321,2026-10-06,YGY01,ACTIVE
11816,8308,Time Deposit,207797336,2026-12-28,JKT02,ACTIVE
11817,5188,Savings,18254905,2026-09-06,JKT01,ACTIVE
11818,3385,Savings,14906453,2028-01-28,BDG01,ACTIVE
11819,5324,Savings,36725110,2028-01-06,SMG01,ACTIVE
11820,4573,Time Deposit,300869645,2027-02-05,YGY01,ACTIVE
11821,2912,Time Deposit,881250982,2027-01-21,JKT02,ACTIVE
11822,717,Time Deposit,881427551,2027-02-02,SBY01,ACTIVE
11823,4950,Time Deposit,825565171,2026-07-30,JKT01,ACTIVE
11824,8437,Savings,8278246,2027-07-25,SBY01,ACTIVE
11825,5408,Time Deposit,426786074,2026-08-08,BDG01,ACTIVE
11826,8774,Savings,33739604,2028-02-03,SBY01,ACTIVE
11827,7749,Savings,44265892,2027-05-19,MDN01,ACTIVE
11828,7195,Time Deposit,1789752003,2026-08-03,YGY01,ACTIVE
11829,5987,Savings,119277317,2026-12-29,JKT02,ACTIVE
11830,8627,Savings,11171790,2026-06-18,JKT02,ACTIVE
11831,2800,Savings,34637918,2026-10-16,JKT02,ACTIVE
11832,9675,Savings,123575622,2027-12-28,YGY01,ACTIVE
11833,2143,Savings,143277392,2027-02-06,JKT02,ACTIVE
11834,5913,Time Deposit,105493378,2026-04-12,BDG01,ACTIVE
11835,9251,Savings,3113161,2027-02-21,BDG01,ACTIVE
11836,5351,Savings,22404385,2027-07-30,SBY01,ACTIVE
11837,2308,Time Deposit,476274951,2026-10-17,JKT02,ACTIVE
11838,8909,Time Deposit,1805154596,2026-09-09,JKT01,ACTIVE
11839,6375,Savings,34726756,2027-02-14,JKT02,ACTIVE
11840,2717,Time Deposit,460310294,2026-09-28,JKT02,ACTIVE
11841,9615,Time Deposit,1515364526,2027-01-16,SMG01,ACTIVE
11842,6823,Time Deposit,1079468317,2026-08-08,JKT02,ACTIVE
11843,9652,Savings,44071006,2028-02-13,JKT01,ACTIVE
11844,4095,Time Deposit,1243328877,2026-10-30,MDN01,ACTIVE
11845,6559,Time Deposit,1824110321,2026-12-14,BDG01,ACTIVE
11846,4438,Savings,7203411,2027-05-23,BDG01,ACTIVE
11847,8025,Savings,79615416,2026-10-25,YGY01,ACTIVE
11848,3269,Savings,4320642,2027-06-03,YGY01,ACTIVE
11849,274,Savings,10713483,2027-04-15,SMG01,ACTIVE
11850,7657,Time Deposit,1088212129,2026-11-26,YGY01,ACTIVE
11851,2973,Time Deposit,894714281,2027-02-13,SBY01,ACTIVE
11852,688,Savings,16219973,2027-10-08,YGY01,ACTIVE
11853,2097,Savings,11522598,2027-07-07,SMG01,ACTIVE
11854,9574,Savings,80570080,2026-10-22,YGY01,ACTIVE
11855,6327,Savings,130750221,2027-02-08,BDG01,ACTIVE
11856,4807,Savings,17100336,2026-07-30,JKT01,ACTIVE
11857,9546,Savings,25749615,2026-09-10,MDN01,ACTIVE
11858,6005,Savings,137557358,2027-11-10,SBY01,ACTIVE
11859,2318,Time Deposit,368372968,2026-08-30,JKT01,ACTIVE
11860,7977,Time Deposit,1197912631,2026-04-04,BDG01,ACTIVE
11861,403,Savings,36124104,2027-04-23,SBY01,ACTIVE
11862,5508,Savings,166708482,2027-05-07,JKT02,ACTIVE
11863,7810,Savings,44974242,2027-01-28,JKT01,ACTIVE
11864,1081,Time Deposit,653623110,2026-09-23,JKT02,ACTIVE
11865,4481,Time Deposit,710153853,2027-01-14,YGY01,ACTIVE
11866,4521,Savings,79015153,2027-07-08,BDG01,ACTIVE
11867,1796,Savings,41621419,2028-02-15,BDG01,ACTIVE
11868,6264,Time Deposit,210314741,2026-10-11,SBY01,ACTIVE
11869,7107,Savings,127121852,2026-11-01,MDN01,ACTIVE
11870,7716,Savings,10784611,2027-06-29,BDG01,ACTIVE
11871,6924,Time Deposit,573861447,2026-07-21,JKT02,ACTIVE
11872,5010,Time Deposit,1349718468,2027-02-17,SMG01,ACTIVE
11873,3217,Time Deposit,847913456,2026-05-09,BDG01,ACTIVE
11874,6528,Time Deposit,380842146,2026-04-27,BDG01,ACTIVE
11875,7461,Savings,54019205,2026-07-29,YGY01,ACTIVE
11876,7417,Savings,19625799,2027-01-02,JKT02,ACTIVE
11877,9561,Time Deposit,1603641023,2026-10-11,JKT01,ACTIVE
11878,8645,Savings,14577980,2027-09-18,YGY01,ACTIVE
11879,7144,Time Deposit,418758318,2026-08-18,BDG01,ACTIVE
11880,4974,Savings,24654849,2026-05-10,JKT02,ACTIVE
11881,6314,Savings,40375576,2028-01-05,SMG01,ACTIVE
11882,5494,Time Deposit,84517195,2026-05-01,JKT01,ACTIVE
11883,1141,Time Deposit,1066288588,2026-04-14,BDG01,ACTIVE
11884,1709,Savings,119861381,2027-12-07,JKT02,ACTIVE
11885,7236,Savings,28214601,2026-04-26,SBY01,ACTIVE
11886,5778,Time Deposit,568557965,2026-11-30,SBY01,ACTIVE
11887,5894,Time Deposit,393749289,2026-12-11,BDG01,ACTIVE
11888,3375,Savings,107193689,2028-01-27,YGY01,ACTIVE
11889,2370,Savings,101221260,2026-12-16,JKT01,ACTIVE
11890,370,Savings,36882365,2026-11-21,JKT02,ACTIVE
11891,5612,Time Deposit,179760558,2026-04-26,JKT02,ACTIVE
11892,1537,Time Deposit,764467753,2026-06-17,MDN01,ACTIVE
11893,8032,Savings,35680283,2028-02-25,JKT02,ACTIVE
11894,6987,Savings,47425369,2026-06-12,YGY01,ACTIVE
11895,3569,Savings,62134682,2028-02-24,SMG01,ACTIVE
11896,7772,Savings,26021645,2026-07-16,JKT02,ACTIVE
11897,819,Time Deposit,596589891,2026-04-24,SMG01,ACTIVE
11898,2483,Savings,10256894,2027-02-01,SBY01,ACTIVE
11899,1441,Savings,79466833,2026-12-30,JKT01,ACTIVE
11900,8150,Time Deposit,290533110,2026-12-03,BDG01,ACTIVE
11901,8112,Savings,7631332,2027-01-08,SBY01,ACTIVE
11902,2375,Savings,10959655,2026-11-18,SBY01,ACTIVE
11903,4796,Savings,101571985,2027-09-26,JKT01,ACTIVE
11904,6841,Time Deposit,1091507307,2027-01-21,BDG01,ACTIVE
11905,7957,Savings,8765505,2027-02-25,MDN01,ACTIVE
11906,3132,Time Deposit,789880813,2026-11-12,YGY01,ACTIVE
11907,6998,Savings,27246492,2027-03-29,MDN01,ACTIVE
11908,4994,Time Deposit,1607594278,2027-01-01,SBY01,ACTIVE
11909,6778,Savings,46885936,2026-08-16,SBY01,ACTIVE
11910,2814,Savings,208971796,2027-02-21,YGY01,ACTIVE
11911,8503,Savings,112793329,2027-11-18,SBY01,ACTIVE
11912,8729,Savings,133164691,2028-02-13,SBY01,ACTIVE
11913,9105,Time Deposit,499040235,2026-04-25,SBY01,ACTIVE
11914,1644,Time Deposit,573527753,2026-09-28,YGY01,ACTIVE
11915,4580,Savings,160957618,2027-11-06,YGY01,ACTIVE
11916,1771,Time Deposit,535528365,2026-07-10,JKT01,ACTIVE
11917,7908,Savings,95614489,2026-06-15,SBY01,ACTIVE
11918,5713,Time Deposit,979198151,2026-10-23,MDN01,ACTIVE
11919,8775,Time Deposit,619799355,2026-06-23,JKT02,ACTIVE
11920,3281,Savings,188711065,2028-02-09,YGY01,ACTIVE
11921,2459,Savings,62079523,2028-03-01,SMG01,ACTIVE
11922,6986,Savings,54807529,2027-12-21,SBY01,ACTIVE
11923,3889,Savings,31070085,2026-11-01,JKT01,ACTIVE
11924,1811,Savings,52045803,2028-01-10,SMG01,ACTIVE
11925,2577,Savings,16650170,2027-12-07,BDG01,ACTIVE
11926,5391,Time Deposit,807239406,2026-05-24,MDN01,ACTIVE
11927,8494,Savings,70330760,2027-11-22,MDN01,ACTIVE
11928,2873,Time Deposit,1141949248,2026-09-03,MDN01,ACTIVE
11929,9791,Savings,220829617,2026-05-04,SMG01,ACTIVE
11930,7928,Savings,27957240,2027-10-30,JKT01,ACTIVE
11931,3268,Savings,15123449,2027-02-09,JKT01,ACTIVE
11932,8171,Savings,146597475,2027-04-13,MDN01,ACTIVE
11933,3856,Savings,208994298,2027-01-28,MDN01,ACTIVE
11934,6447,Savings,25861422,2027-11-19,BDG01,ACTIVE
11935,9526,Savings,12933750,2027-12-20,BDG01,ACTIVE
11936,4580,Time Deposit,1200155661,2027-01-12,JKT01,ACTIVE
11937,3804,Savings,109791220,2028-01-10,YGY01,ACTIVE
11938,4215,Savings,96227801,2026-07-05,SBY01,ACTIVE
11939,5935,Savings,27184865,2026-06-26,SMG01,ACTIVE
11940,5010,Time Deposit,1497002104,2026-07-21,JKT01,ACTIVE
11941,3051,Savings,81300520,2027-08-28,YGY01,ACTIVE
11942,5930,Time Deposit,515461696,2026-09-13,MDN01,ACTIVE
11943,8602,Time Deposit,1434486989,2026-10-19,BDG01,ACTIVE
11944,630,Time Deposit,589976876,2026-04-12,JKT02,ACTIVE
11945,2511,Savings,33082732,2028-01-12,YGY01,ACTIVE
11946,273,Savings,9150682,2026-11-08,SMG01,ACTIVE
11947,7892,Savings,13642232,2027-06-29,SMG01,ACTIVE
11948,434,Time Deposit,485138649,2026-09-23,SBY01,ACTIVE
11949,6844,Savings,114494181,2026-07-31,SMG01,ACTIVE
11950,8395,Time Deposit,538949878,2027-02-24,JKT01,ACTIVE
11951,4826,Time Deposit,375298386,2026-06-03,MDN01,ACTIVE
11952,1046,Savings,48514923,2027-01-19,JKT02,ACTIVE
11953,6646,Time Deposit,447746796,2026-11-08,JKT01,ACTIVE
11954,3983,Savings,35185364,2027-04-20,JKT01,ACTIVE
11955,4845,Savings,9773579,2027-07-15,MDN01,ACTIVE
11956,8328,Savings,69340836,2027-08-15,JKT01,ACTIVE
11957,2415,Savings,9756398,2027-09-23,SBY01,ACTIVE
11958,3546,Time Deposit,492060996,2027-01-22,JKT01,ACTIVE
11959,232,Savings,86257181,2027-09-28,JKT02,ACTIVE
11960,6491,Savings,10574033,2027-03-16,JKT01,ACTIVE
11961,2790,Savings,20832466,2027-08-10,JKT02,ACTIVE
11962,8712,Time Deposit,324418742,2026-10-18,MDN01,ACTIVE
11963,3245,Time Deposit,596861088,2027-01-20,SBY01,ACTIVE
11964,7850,Savings,28225427,2027-08-12,BDG01,ACTIVE
11965,9457,Savings,12040032,2026-11-11,JKT02,ACTIVE
11966,763,Time Deposit,1419291173,2026-11-01,SBY01,ACTIVE
11967,9034,Time Deposit,1061416130,2026-12-03,JKT02,ACTIVE
11968,517,Time Deposit,552871297,2027-02-10,YGY01,ACTIVE
11969,2384,Savings,4730235,2027-08-23,JKT02,ACTIVE
11970,2826,Savings,154633706,2027-06-17,SBY01,ACTIVE
11971,3328,Savings,94599101,2027-11-16,SMG01,ACTIVE
11972,39,Savings,63266767,2027-08-17,BDG01,ACTIVE
11973,5931,Savings,14182952,2027-11-14,JKT02,ACTIVE
11974,4961,Savings,112238107,2027-04-27,JKT02,ACTIVE
11975,7392,Savings,160797710,2027-04-06,JKT01,ACTIVE
11976,2915,Savings,12903358,2027-01-16,SMG01,ACTIVE
11977,2912,Savings,185861043,2026-08-06,MDN01,ACTIVE
11978,1072,Savings,17499367,2027-06-06,JKT02,ACTIVE
11979,2351,Savings,12461170,2026-09-20,SMG01,ACTIVE
11980,8462,Time Deposit,660768269,2026-05-17,JKT02,ACTIVE
11981,6910,Savings,8525181,2027-09-02,JKT02,ACTIVE
11982,9012,Time Deposit,854117363,2026-09-19,JKT02,ACTIVE
11983,1805,Time Deposit,446205635,2026-08-29,SMG01,ACTIVE
11984,2218,Savings,158925747,2026-10-09,MDN01,ACTIVE
11985,1398,Savings,34168955,2026-08-05,JKT01,ACTIVE
11986,4929,Savings,28767732,2026-07-22,YGY01,ACTIVE
11987,2999,Time Deposit,557500349,2027-01-05,BDG01,ACTIVE
11988,2638,Savings,8857898,2027-02-05,MDN01,ACTIVE
11989,5520,Savings,186475182,2026-06-13,JKT01,ACTIVE
11990,3406,Savings,57049053,2026-11-17,SBY01,ACTIVE
11991,4655,Time Deposit,802895619,2026-12-18,SMG01,ACTIVE
11992,1581,Savings,13035901,2027-02-11,SBY01,ACTIVE
11993,2018,Savings,8508328,2026-07-15,JKT01,ACTIVE
11994,1233,Time Deposit,1099541192,2027-01-25,YGY01,ACTIVE
11995,1679,Savings,5121006,2027-08-28,SBY01,ACTIVE
11996,9032,Time Deposit,1205604172,2026-11-26,BDG01,ACTIVE
11997,1906,Savings,23471419,2027-06-18,BDG01,ACTIVE
11998,4541,Time Deposit,447445077,2026-10-16,JKT01,ACTIVE
11999,1223,Savings,234103234,2027-10-14,MDN01,ACTIVE
12000,8091,Savings,40358217,2027-12-10,SBY01,ACTIVE
12001,7033,Time Deposit,479752747,2026-07-24,SMG01,ACTIVE
12002,6155,Time Deposit,649720582,2026-11-04,SMG01,ACTIVE
12003,8505,Savings,48271269,2026-10-18,YGY01,ACTIVE
12004,9127,Time Deposit,596662798,2026-08-01,JKT02,ACTIVE
12005,6581,Savings,19795382,2026-07-09,MDN01,ACTIVE
12006,3777,Savings,14507191,2027-07-17,SMG01,ACTIVE
12007,2272,Time Deposit,911838985,2026-09-23,BDG01,ACTIVE
12008,5631,Time Deposit,548963078,2026-07-14,YGY01,ACTIVE
12009,3288,Savings,15807020,2027-04-02,JKT02,ACTIVE
12010,1392,Savings,94910835,2026-11-30,MDN01,ACTIVE
12011,2471,Time Deposit,596511470,2027-01-12,SMG01,ACTIVE
12012,4264,Savings,42543874,2027-03-28,SBY01,ACTIVE
12013,6763,Time Deposit,1018039467,2027-02-11,SMG01,ACTIVE
12014,7410,Time Deposit,1285582367,2027-01-17,SMG01,ACTIVE
12015,8491,Time Deposit,776909569,2026-12-20,SMG01,ACTIVE
12016,5395,Savings,76018627,2028-01-23,JKT02,ACTIVE
12017,9756,Time Deposit,368941863,2026-08-16,JKT01,ACTIVE
12018,8695,Savings,87724174,2027-10-24,MDN01,ACTIVE
12019,1929,Savings,118500772,2026-04-17,JKT02,ACTIVE
12020,3983,Savings,57310679,2027-03-13,BDG01,ACTIVE
12021,2827,Time Deposit,380788950,2026-06-03,SMG01,ACTIVE
12022,7264,Savings,21222250,2027-06-02,SMG01,ACTIVE
12023,5694,Time Deposit,566023519,2027-03-04,JKT01,ACTIVE
12024,1001,Time Deposit,1053887511,2026-12-29,BDG01,ACTIVE
12025,2174,Savings,23233384,2026-09-29,YGY01,ACTIVE
12026,5962,Savings,20010036,2027-05-15,YGY01,ACTIVE
12027,7107,Time Deposit,1396486484,2027-02-01,BDG01,ACTIVE
12028,6621,Savings,35959204,2026-11-18,JKT01,ACTIVE
12029,8538,Savings,36556979,2026-05-22,JKT02,ACTIVE
12030,6927,Time Deposit,180714911,2026-11-17,BDG01,ACTIVE
12031,9038,Savings,23895903,2026-06-03,JKT01,ACTIVE
12032,8191,Savings,75499758,2026-09-04,SMG01,ACTIVE
12033,465,Savings,8918013,2027-12-30,MDN01,ACTIVE
12034,7647,Time Deposit,551886544,2026-11-17,BDG01,ACTIVE
12035,3840,Time Deposit,877248287,2026-10-24,YGY01,ACTIVE
12036,6229,Savings,111216104,2026-12-19,SMG01,ACTIVE
12037,3914,Savings,19033516,2026-12-03,BDG01,ACTIVE
12038,3360,Savings,155833500,2027-08-10,JKT01,ACTIVE
12039,4178,Savings,49687229,2026-06-09,BDG01,ACTIVE
12040,3118,Savings,202340092,2027-12-11,SMG01,ACTIVE
12041,6205,Time Deposit,978113008,2026-04-04,JKT01,ACTIVE
12042,814,Savings,8960731,2027-03-24,SMG01,ACTIVE
12043,5185,Savings,82806502,2028-03-03,JKT01,ACTIVE
12044,6617,Savings,79079167,2027-04-29,JKT02,ACTIVE
12045,2099,Savings,64113299,2027-03-12,JKT02,ACTIVE
12046,7614,Savings,20434713,2028-03-05,JKT01,ACTIVE
12047,1845,Time Deposit,1401345152,2026-09-06,SMG01,ACTIVE
12048,5972,Time Deposit,1351527965,2026-04-26,JKT01,ACTIVE
12049,7400,Time Deposit,175029907,2026-05-17,JKT02,ACTIVE
12050,5171,Time Deposit,1329540364,2026-12-09,JKT02,ACTIVE
12051,8574,Savings,25893351,2027-05-22,MDN01,ACTIVE
12052,5027,Savings,25724725,2027-11-23,MDN01,ACTIVE
12053,3666,Time Deposit,1042815681,2027-01-26,YGY01,ACTIVE
12054,9158,Time Deposit,1421229798,2026-10-23,YGY01,ACTIVE
12055,9313,Savings,162996944,2027-01-09,JKT02,ACTIVE
12056,2360,Savings,6930597,2027-06-15,SMG01,ACTIVE
12057,9170,Savings,25716308,2027-11-27,YGY01,ACTIVE
12058,6946,Savings,20251307,2026-06-22,SBY01,ACTIVE
12059,9943,Savings,28242330,2027-05-03,SMG01,ACTIVE
12060,1145,Savings,47711360,2026-04-23,YGY01,ACTIVE
12061,4534,Time Deposit,707586869,2027-02-16,MDN01,ACTIVE
12062,9713,Time Deposit,1129695768,2026-12-15,YGY01,ACTIVE
12063,1426,Time Deposit,1617047611,2027-03-11,MDN01,ACTIVE
12064,2148,Time Deposit,186447355,2026-10-02,BDG01,ACTIVE
12065,100,Savings,144215141,2028-01-31,MDN01,ACTIVE
12066,6707,Savings,8680481,2027-01-14,SBY01,ACTIVE
12067,3051,Time Deposit,1014733203,2026-09-22,SMG01,ACTIVE
12068,8263,Savings,90797138,2028-03-09,SMG01,ACTIVE
12069,1859,Time Deposit,1774028555,2026-04-26,YGY01,ACTIVE
12070,6420,Time Deposit,783936824,2027-03-05,MDN01,ACTIVE
12071,3490,Time Deposit,850750635,2026-07-28,JKT02,ACTIVE
12072,6392,Time Deposit,660269367,2026-11-30,YGY01,ACTIVE
12073,5583,Savings,8705742,2027-01-21,BDG01,ACTIVE
12074,1093,Time Deposit,775148282,2026-07-22,JKT02,ACTIVE
12075,1825,Savings,20430193,2027-01-29,BDG01,ACTIVE
12076,7975,Savings,89248017,2027-07-06,SMG01,ACTIVE
12077,6631,Savings,14981448,2027-03-04,JKT02,ACTIVE
12078,9473,Savings,9588402,2027-12-15,JKT02,ACTIVE
12079,7743,Savings,18822244,2027-06-16,BDG01,ACTIVE
12080,9798,Time Deposit,133536394,2026-10-19,SMG01,ACTIVE
12081,4278,Savings,4300355,2027-06-07,BDG01,ACTIVE
12082,2763,Savings,33453990,2027-07-22,JKT01,ACTIVE
12083,800,Time Deposit,274999313,2026-09-19,YGY01,ACTIVE
12084,9036,Savings,17321834,2027-04-06,YGY01,ACTIVE
12085,9492,Time Deposit,383797495,2026-09-15,SBY01,ACTIVE
12086,9393,Savings,15068268,2028-02-08,JKT02,ACTIVE
12087,2362,Savings,35628066,2028-03-15,SMG01,ACTIVE
12088,9534,Time Deposit,878664071,2026-10-18,SMG01,ACTIVE
12089,505,Savings,22014642,2028-01-03,SBY01,ACTIVE
12090,2393,Savings,15364800,2026-09-24,BDG01,ACTIVE
12091,1878,Time Deposit,693019580,2026-11-17,JKT01,ACTIVE
12092,1208,Time Deposit,1331627873,2026-06-02,MDN01,ACTIVE
12093,7564,Time Deposit,568293415,2027-01-08,SMG01,ACTIVE
12094,4487,Savings,11530928,2028-02-22,MDN01,ACTIVE
12095,7590,Savings,101284024,2027-11-21,BDG01,ACTIVE
12096,5387,Savings,29219100,2026-07-03,YGY01,ACTIVE
12097,9522,Savings,13542876,2026-04-30,JKT02,ACTIVE
12098,8830,Savings,160759139,2027-02-06,YGY01,ACTIVE
12099,4199,Savings,129112653,2027-04-05,SMG01,ACTIVE
12100,4773,Savings,6272612,2026-07-13,MDN01,ACTIVE
12101,801,Savings,21058309,2026-12-08,JKT01,ACTIVE
12102,9120,Time Deposit,235740226,2026-05-09,YGY01,ACTIVE
12103,623,Time Deposit,601660570,2026-10-14,YGY01,ACTIVE
12104,5389,Time Deposit,557121068,2026-11-05,YGY01,ACTIVE
12105,5855,Savings,8089043,2027-07-14,MDN01,ACTIVE
12106,9039,Savings,164464682,2026-09-13,SBY01,ACTIVE
12107,8409,Savings,69725308,2026-11-26,SMG01,ACTIVE
12108,1430,Savings,67414098,2026-10-23,SMG01,ACTIVE
12109,9300,Savings,217517107,2026-12-17,SMG01,ACTIVE
12110,2978,Savings,78631036,2027-02-28,JKT01,ACTIVE
12111,6032,Savings,46136815,2027-05-24,JKT01,ACTIVE
12112,6916,Savings,14826430,2027-01-15,MDN01,ACTIVE
12113,9050,Savings,53687933,2028-01-29,MDN01,ACTIVE
12114,7729,Time Deposit,1602383553,2026-11-11,SBY01,ACTIVE
12115,2952,Time Deposit,474048101,2026-05-12,SMG01,ACTIVE
12116,7632,Savings,9417783,2027-04-16,JKT02,ACTIVE
12117,1738,Savings,10420036,2026-04-23,MDN01,ACTIVE
12118,64,Time Deposit,245521327,2026-09-09,JKT01,ACTIVE
12119,9132,Time Deposit,594161176,2026-11-26,SBY01,ACTIVE
12120,1950,Savings,17563625,2026-11-06,MDN01,ACTIVE
12121,6362,Savings,13395753,2027-07-02,SBY01,ACTIVE
12122,7439,Savings,22674885,2027-11-01,SMG01,ACTIVE
12123,2414,Time Deposit,547597374,2026-05-16,SMG01,ACTIVE
12124,6026,Savings,37984128,2027-08-05,YGY01,ACTIVE
12125,4330,Savings,66412649,2027-12-17,JKT02,ACTIVE
12126,7823,Time Deposit,780088906,2026-11-16,YGY01,ACTIVE
12127,2818,Time Deposit,649255005,2026-09-26,JKT02,ACTIVE
12128,6158,Time Deposit,731541065,2026-12-25,YGY01,ACTIVE
12129,4115,Time Deposit,1001975542,2027-01-19,BDG01,ACTIVE
12130,58,Savings,41314748,2027-02-09,YGY01,ACTIVE
12131,5807,Time Deposit,951463388,2026-10-18,SMG01,ACTIVE
12132,8318,Time Deposit,641743220,2026-09-09,SBY01,ACTIVE
12133,876,Savings,43285412,2026-06-19,MDN01,ACTIVE
12134,8388,Savings,147907018,2026-07-18,MDN01,ACTIVE
12135,3840,Savings,13593530,2026-05-16,MDN01,ACTIVE
12136,2073,Time Deposit,1782286186,2026-03-31,SMG01,ACTIVE
12137,1984,Time Deposit,399890731,2027-02-10,BDG01,ACTIVE
12138,3800,Savings,38736669,2026-12-04,MDN01,ACTIVE
12139,7541,Time Deposit,382389562,2027-01-16,MDN01,ACTIVE
12140,5241,Time Deposit,317673883,2026-05-19,SMG01,ACTIVE
12141,9361,Time Deposit,639044387,2026-05-18,BDG01,ACTIVE
12142,1297,Time Deposit,284287857,2027-03-05,YGY01,ACTIVE
12143,8934,Time Deposit,729110762,2026-08-16,JKT01,ACTIVE
12144,2742,Savings,60034934,2026-04-15,YGY01,ACTIVE
12145,4614,Savings,7257024,2026-06-28,YGY01,ACTIVE
12146,8203,Savings,9797588,2027-12-06,SBY01,ACTIVE
12147,8931,Savings,198220940,2027-07-22,YGY01,ACTIVE
12148,5759,Savings,16017505,2026-08-19,JKT02,ACTIVE
12149,6125,Time Deposit,400150551,2026-05-06,SMG01,ACTIVE
12150,2152,Savings,39747887,2026-11-20,SMG01,ACTIVE
12151,3343,Time Deposit,1288694564,2026-11-29,SBY01,ACTIVE
12152,5079,Time Deposit,796823494,2026-12-08,MDN01,ACTIVE
12153,8752,Savings,16801456,2027-06-18,BDG01,ACTIVE
12154,1133,Time Deposit,1208976046,2026-06-20,BDG01,ACTIVE
12155,7315,Time Deposit,537209352,2026-04-30,YGY01,ACTIVE
12156,5772,Time Deposit,314586047,2026-08-17,JKT01,ACTIVE
12157,5165,Savings,131104321,2027-06-11,SBY01,ACTIVE
12158,8715,Savings,15302522,2027-06-25,JKT01,ACTIVE
12159,76,Savings,37503837,2026-07-18,MDN01,ACTIVE
12160,4538,Savings,138060249,2027-09-14,MDN01,ACTIVE
12161,5360,Time Deposit,445700175,2026-08-13,SBY01,ACTIVE
12162,4621,Savings,24109300,2026-05-16,SBY01,ACTIVE
12163,518,Savings,27845915,2027-10-10,BDG01,ACTIVE
12164,5860,Savings,5397829,2026-08-10,JKT02,ACTIVE
12165,8398,Savings,92328280,2027-11-29,BDG01,ACTIVE
12166,9135,Savings,159420837,2026-08-23,JKT02,ACTIVE
12167,6477,Savings,45372426,2027-03-22,JKT01,ACTIVE
12168,6041,Time Deposit,560043220,2027-02-18,YGY01,ACTIVE
12169,7215,Savings,130184936,2027-04-13,SBY01,ACTIVE
12170,5714,Time Deposit,1096422470,2026-04-18,BDG01,ACTIVE
12171,3265,Time Deposit,588936803,2026-08-18,SBY01,ACTIVE
12172,1193,Savings,14405001,2026-10-11,JKT01,ACTIVE
12173,468,Time Deposit,302942448,2026-06-02,BDG01,ACTIVE
12174,5131,Savings,13204274,2027-05-21,BDG01,ACTIVE
12175,4364,Savings,14858822,2027-10-28,YGY01,ACTIVE
12176,9988,Savings,31256346,2027-01-02,BDG01,ACTIVE
12177,7772,Savings,17203076,2028-01-05,JKT01,ACTIVE
12178,787,Time Deposit,443437038,2026-11-09,JKT01,ACTIVE
12179,6279,Savings,9518839,2027-05-02,BDG01,ACTIVE
12180,375,Time Deposit,1324694877,2026-09-26,MDN01,ACTIVE
12181,7250,Savings,38826142,2027-10-18,JKT02,ACTIVE
12182,8891,Savings,45971900,2026-10-05,JKT01,ACTIVE
12183,2845,Savings,39735987,2027-08-14,SMG01,ACTIVE
12184,8473,Savings,54472599,2027-01-31,JKT02,ACTIVE
12185,9537,Savings,22562066,2027-04-27,YGY01,ACTIVE
12186,6492,Time Deposit,1470705258,2026-08-10,SBY01,ACTIVE
12187,4113,Savings,90834475,2027-09-08,SBY01,ACTIVE
12188,4998,Time Deposit,492266377,2026-07-18,JKT01,ACTIVE
12189,2453,Time Deposit,1334038674,2026-12-01,SMG01,ACTIVE
12190,1262,Savings,195406553,2027-09-03,MDN01,ACTIVE
12191,6471,Savings,41751345,2026-09-13,MDN01,ACTIVE
12192,2016,Time Deposit,790981572,2026-09-07,MDN01,ACTIVE
12193,915,Time Deposit,252808199,2026-11-10,BDG01,ACTIVE
12194,4851,Savings,11223013,2026-09-11,SMG01,ACTIVE
12195,1920,Savings,114338341,2027-02-24,JKT02,ACTIVE
12196,164,Time Deposit,195453639,2026-12-03,MDN01,ACTIVE
12197,9507,Time Deposit,1247679204,2026-07-12,SBY01,ACTIVE
12198,1787,Time Deposit,885446349,2027-01-21,BDG01,ACTIVE
12199,1508,Time Deposit,1279255909,2026-06-03,SMG01,ACTIVE
12200,2204,Savings,11865392,2027-03-19,YGY01,ACTIVE
12201,1526,Time Deposit,1011149282,2026-11-02,MDN01,ACTIVE
12202,8111,Savings,57015388,2027-09-23,MDN01,ACTIVE
12203,1057,Time Deposit,238812109,2026-05-20,SBY01,ACTIVE
12204,258,Savings,171822425,2027-02-03,MDN01,ACTIVE
12205,147,Savings,42326344,2027-06-18,JKT01,ACTIVE
12206,5446,Time Deposit,542655145,2026-11-13,MDN01,ACTIVE
12207,3595,Savings,21439573,2027-08-14,BDG01,ACTIVE
12208,7195,Time Deposit,1379178864,2026-06-20,SMG01,ACTIVE
12209,8425,Time Deposit,496111100,2027-01-23,JKT02,ACTIVE
12210,1082,Savings,11041148,2027-11-26,SBY01,ACTIVE
12211,2249,Savings,33198643,2026-12-04,JKT02,ACTIVE
12212,8681,Savings,146463468,2026-10-12,SBY01,ACTIVE
12213,5114,Savings,11250336,2027-10-17,BDG01,ACTIVE
12214,6330,Savings,12460397,2027-01-15,YGY01,ACTIVE
12215,8903,Savings,23924411,2026-08-01,JKT01,ACTIVE
12216,790,Savings,9073947,2026-06-13,JKT01,ACTIVE
12217,483,Savings,9523626,2028-01-04,SMG01,ACTIVE
12218,6567,Savings,36858382,2026-11-24,SMG01,ACTIVE
12219,3891,Time Deposit,557834028,2026-07-06,JKT01,ACTIVE
12220,1821,Savings,27257762,2026-06-27,BDG01,ACTIVE
12221,8855,Savings,59334725,2027-01-10,YGY01,ACTIVE
12222,362,Savings,56878039,2027-09-27,YGY01,ACTIVE
12223,5497,Savings,43877843,2027-02-08,MDN01,ACTIVE
12224,1261,Time Deposit,641994325,2026-05-28,MDN01,ACTIVE
12225,1196,Savings,10334133,2026-10-19,SMG01,ACTIVE
12226,6536,Time Deposit,274314390,2026-10-04,MDN01,ACTIVE
12227,9312,Time Deposit,367249492,2026-10-09,BDG01,ACTIVE
12228,7255,Savings,20964630,2026-10-17,BDG01,ACTIVE
12229,2480,Savings,43165326,2027-01-12,JKT02,ACTIVE
12230,3186,Time Deposit,1211985383,2026-11-13,BDG01,ACTIVE
12231,5731,Savings,29438396,2027-11-28,JKT02,ACTIVE
12232,5966,Time Deposit,1124147500,2027-03-03,JKT01,ACTIVE
12233,5263,Savings,9577370,2027-11-10,MDN01,ACTIVE
12234,8813,Savings,8375075,2026-05-25,JKT02,ACTIVE
12235,9099,Savings,87701679,2027-04-16,JKT02,ACTIVE
12236,1493,Savings,24546180,2026-07-06,SBY01,ACTIVE
12237,8746,Savings,20268873,2027-11-03,SMG01,ACTIVE
12238,8994,Savings,135260675,2027-06-28,JKT01,ACTIVE
12239,6673,Savings,9682092,2026-10-19,SBY01,ACTIVE
12240,8008,Time Deposit,643718959,2027-01-31,BDG01,ACTIVE
12241,129,Savings,35536978,2028-01-14,YGY01,ACTIVE
12242,2565,Savings,15448298,2027-04-26,BDG01,ACTIVE
12243,3819,Savings,104460719,2027-03-26,BDG01,ACTIVE
12244,5899,Time Deposit,425555112,2026-05-29,SMG01,ACTIVE
12245,6965,Savings,91597058,2027-09-20,BDG01,ACTIVE
12246,7391,Savings,22936923,2027-03-28,BDG01,ACTIVE
12247,6317,Time Deposit,1050054913,2027-01-09,SMG01,ACTIVE
12248,2886,Savings,61949610,2027-04-07,YGY01,ACTIVE
12249,6685,Time Deposit,955821430,2026-07-20,SBY01,ACTIVE
12250,9733,Savings,29313279,2027-06-29,SBY01,ACTIVE
12251,9427,Savings,141092722,2026-07-28,MDN01,ACTIVE
12252,4823,Time Deposit,560277320,2026-09-15,MDN01,ACTIVE
12253,8972,Savings,27842258,2027-04-24,MDN01,ACTIVE
12254,6996,Time Deposit,1228800634,2026-12-14,SBY01,ACTIVE
12255,573,Time Deposit,897201962,2026-11-14,JKT02,ACTIVE
12256,9067,Savings,5334791,2026-08-17,JKT01,ACTIVE
12257,9945,Time Deposit,1223396192,2026-08-18,YGY01,ACTIVE
12258,6309,Savings,35789098,2027-04-16,SBY01,ACTIVE
12259,442,Time Deposit,676835397,2027-03-08,JKT01,ACTIVE
12260,5282,Savings,35522234,2027-03-22,MDN01,ACTIVE
12261,3999,Time Deposit,656322614,2027-02-21,YGY01,ACTIVE
12262,7252,Savings,73127859,2028-01-18,JKT02,ACTIVE
12263,5174,Savings,10953886,2027-06-18,BDG01,ACTIVE
12264,282,Time Deposit,679665808,2026-08-27,MDN01,ACTIVE
12265,243,Time Deposit,233261363,2026-11-29,JKT01,ACTIVE
12266,7048,Savings,111515174,2028-03-15,BDG01,ACTIVE
12267,6450,Time Deposit,657076134,2027-02-19,BDG01,ACTIVE
12268,7634,Time Deposit,696196696,2026-11-27,MDN01,ACTIVE
12269,7755,Time Deposit,247872262,2027-01-26,BDG01,ACTIVE
12270,6342,Savings,127883709,2027-08-30,MDN01,ACTIVE
12271,7173,Savings,28539812,2027-03-29,BDG01,ACTIVE
12272,9331,Savings,44284122,2026-06-14,JKT01,ACTIVE
12273,6670,Time Deposit,1053184472,2026-07-05,SMG01,ACTIVE
12274,8716,Time Deposit,228442631,2026-05-13,SBY01,ACTIVE
12275,7682,Savings,11612337,2027-09-27,SBY01,ACTIVE
12276,3535,Savings,29639561,2026-06-09,JKT02,ACTIVE
12277,3163,Savings,22764982,2027-04-19,YGY01,ACTIVE
12278,7102,Savings,12518269,2026-12-17,MDN01,ACTIVE
12279,7213,Savings,59006714,2026-06-23,MDN01,ACTIVE
12280,5724,Savings,26260524,2027-01-03,JKT01,ACTIVE
12281,1159,Savings,36871967,2028-01-03,BDG01,ACTIVE
12282,202,Time Deposit,421960236,2027-02-06,MDN01,ACTIVE
12283,1255,Time Deposit,241472392,2026-04-27,BDG01,ACTIVE
12284,7879,Time Deposit,1467420485,2026-05-17,JKT02,ACTIVE
12285,3255,Savings,9907650,2028-02-16,SBY01,ACTIVE
12286,7881,Savings,4366415,2027-12-17,MDN01,ACTIVE
12287,2012,Savings,17041078,2027-03-10,SMG01,ACTIVE
12288,9886,Savings,73428968,2027-10-22,YGY01,ACTIVE
12289,607,Time Deposit,514551817,2026-08-19,JKT02,ACTIVE
12290,300,Savings,19215102,2027-03-02,JKT01,ACTIVE
12291,1487,Time Deposit,596858145,2027-02-22,YGY01,ACTIVE
12292,1920,Savings,154608091,2026-07-21,SMG01,ACTIVE
12293,2965,Savings,17412646,2027-01-03,BDG01,ACTIVE
12294,3189,Savings,36152914,2027-12-08,JKT01,ACTIVE
12295,828,Savings,18187088,2028-02-09,BDG01,ACTIVE
12296,7033,Savings,9864345,2026-06-29,SMG01,ACTIVE
12297,6041,Savings,53399885,2026-04-16,MDN01,ACTIVE
12298,5729,Savings,211275572,2026-08-03,MDN01,ACTIVE
12299,7472,Savings,5172822,2026-09-21,MDN01,ACTIVE
12300,7814,Savings,29813852,2026-05-26,SMG01,ACTIVE
12301,9649,Savings,118376831,2026-12-04,YGY01,ACTIVE
12302,180,Time Deposit,1012473071,2026-06-27,SMG01,ACTIVE
12303,5834,Savings,32764034,2028-01-04,MDN01,ACTIVE
12304,6119,Time Deposit,210447313,2026-08-09,YGY01,ACTIVE
12305,427,Savings,106405482,2026-09-04,SBY01,ACTIVE
12306,8568,Time Deposit,687231488,2026-05-08,MDN01,ACTIVE
12307,2152,Time Deposit,860370503,2026-05-23,SMG01,ACTIVE
12308,7950,Savings,5776896,2026-10-13,JKT02,ACTIVE
12309,8551,Time Deposit,517353836,2026-07-23,JKT02,ACTIVE
12310,8505,Time Deposit,460074207,2026-08-30,JKT02,ACTIVE
12311,6425,Savings,94361970,2027-12-20,YGY01,ACTIVE
12312,1084,Savings,11248321,2026-05-29,JKT02,ACTIVE
12313,541,Savings,9108175,2027-07-22,JKT01,ACTIVE
12314,2014,Savings,20531744,2028-01-28,BDG01,ACTIVE
12315,3070,Savings,12972460,2027-09-19,MDN01,ACTIVE
12316,79,Time Deposit,1516353326,2026-09-30,BDG01,ACTIVE
12317,9592,Time Deposit,296744508,2026-03-27,YGY01,ACTIVE
12318,7603,Time Deposit,1179137834,2026-09-09,SMG01,ACTIVE
12319,3769,Savings,13394509,2027-05-30,BDG01,ACTIVE
12320,3932,Savings,9519545,2026-11-12,JKT01,ACTIVE
12321,8138,Savings,12241181,2028-01-02,JKT01,ACTIVE
12322,6574,Savings,20706387,2027-02-14,BDG01,ACTIVE
12323,5425,Savings,98029722,2027-03-25,JKT02,ACTIVE
12324,6994,Time Deposit,424731314,2026-04-02,SMG01,ACTIVE
12325,981,Time Deposit,1345161457,2026-06-05,JKT02,ACTIVE
12326,9386,Savings,8906805,2027-06-07,JKT01,ACTIVE
12327,5956,Savings,13382972,2026-08-27,JKT01,ACTIVE
12328,4482,Savings,32731529,2027-07-15,JKT02,ACTIVE
12329,8506,Time Deposit,1236331474,2026-04-18,JKT01,ACTIVE
12330,7398,Time Deposit,1196784267,2026-11-29,BDG01,ACTIVE
12331,3058,Savings,17658629,2027-08-05,JKT02,ACTIVE
12332,7216,Time Deposit,932395917,2027-01-02,YGY01,ACTIVE
12333,9966,Savings,98920843,2026-09-22,SMG01,ACTIVE
12334,5181,Savings,21788913,2027-09-20,SMG01,ACTIVE
12335,1883,Time Deposit,1314616205,2026-07-07,BDG01,ACTIVE
12336,6359,Time Deposit,925881098,2026-09-22,JKT01,ACTIVE
12337,2447,Savings,57466686,2027-12-23,JKT02,ACTIVE
12338,216,Time Deposit,335957868,2026-05-03,SMG01,ACTIVE
12339,5349,Savings,21492318,2027-09-24,YGY01,ACTIVE
12340,9995,Time Deposit,1339415939,2026-10-25,BDG01,ACTIVE
12341,7975,Savings,168809060,2027-11-09,JKT02,ACTIVE
12342,4288,Savings,83316289,2026-06-13,BDG01,ACTIVE
12343,428,Time Deposit,311877707,2027-03-11,JKT02,ACTIVE
12344,5666,Savings,192433114,2026-04-29,JKT02,ACTIVE
12345,3700,Savings,38164717,2026-07-29,BDG01,ACTIVE
12346,2838,Savings,26329370,2027-11-24,BDG01,ACTIVE
12347,8184,Savings,20064316,2026-04-21,JKT01,ACTIVE
12348,1635,Savings,31661772,2027-11-26,JKT02,ACTIVE
12349,980,Savings,36274476,2027-01-13,SBY01,ACTIVE
12350,158,Savings,98054764,2027-04-23,BDG01,ACTIVE
12351,1211,Savings,131649707,2027-09-24,BDG01,ACTIVE
12352,1325,Savings,10690695,2027-06-17,YGY01,ACTIVE
12353,2121,Savings,136226597,2028-02-07,MDN01,ACTIVE
12354,9798,Savings,10836549,2026-08-07,BDG01,ACTIVE
12355,6428,Savings,191123404,2028-01-10,BDG01,ACTIVE
12356,6737,Savings,21057772,2026-04-22,MDN01,ACTIVE
12357,3309,Savings,36198685,2027-10-28,BDG01,ACTIVE
12358,5085,Savings,32497429,2027-12-26,JKT01,ACTIVE
12359,5021,Savings,116690738,2026-06-07,BDG01,ACTIVE
12360,1853,Savings,7376404,2026-11-15,JKT02,ACTIVE
12361,2740,Savings,102198960,2026-12-25,JKT02,ACTIVE
12362,8868,Savings,10618347,2027-08-14,JKT02,ACTIVE
12363,4043,Savings,21177192,2027-02-08,BDG01,ACTIVE
12364,6418,Savings,38194993,2026-11-08,BDG01,ACTIVE
12365,5467,Time Deposit,1156194470,2026-12-25,BDG01,ACTIVE
12366,2001,Time Deposit,263537899,2026-05-02,SBY01,ACTIVE
12367,8633,Savings,28014578,2026-08-02,YGY01,ACTIVE
12368,8775,Savings,189433185,2027-11-10,YGY01,ACTIVE
12369,8981,Savings,32307579,2027-08-02,MDN01,ACTIVE
12370,244,Savings,73133240,2026-05-03,YGY01,ACTIVE
12371,541,Time Deposit,267368590,2027-01-26,JKT01,ACTIVE
12372,1985,Savings,55030594,2027-01-14,SBY01,ACTIVE
12373,9251,Time Deposit,888017669,2026-06-10,JKT01,ACTIVE
12374,8681,Time Deposit,456203755,2026-11-25,SBY01,ACTIVE
12375,7787,Savings,47487295,2026-11-28,BDG01,ACTIVE
12376,3281,Savings,75669524,2027-01-03,YGY01,ACTIVE
12377,6008,Time Deposit,1033315879,2026-10-13,YGY01,ACTIVE
12378,6234,Savings,41626669,2026-09-05,SMG01,ACTIVE
12379,7367,Savings,16867176,2026-09-28,BDG01,ACTIVE
12380,6363,Savings,49418532,2026-05-17,JKT01,ACTIVE
12381,3105,Savings,121966859,2026-06-05,YGY01,ACTIVE
12382,8810,Time Deposit,1116929128,2026-12-11,YGY01,ACTIVE
12383,3121,Savings,9064410,2028-01-07,YGY01,ACTIVE
12384,235,Savings,20904593,2027-01-18,SBY01,ACTIVE
12385,2386,Time Deposit,777572622,2026-05-01,BDG01,ACTIVE
12386,2734,Savings,17691055,2027-12-28,SBY01,ACTIVE
12387,9326,Time Deposit,1619281115,2026-11-19,MDN01,ACTIVE
12388,8206,Savings,83719636,2027-07-10,SBY01,ACTIVE
12389,454,Savings,24182012,2026-05-03,YGY01,ACTIVE
12390,7400,Savings,41953019,2027-10-29,JKT01,ACTIVE
12391,222,Savings,6520343,2027-11-05,YGY01,ACTIVE
12392,843,Savings,22448923,2026-09-26,MDN01,ACTIVE
12393,6438,Time Deposit,1821446113,2026-07-18,BDG01,ACTIVE
12394,2183,Savings,34038950,2028-01-02,MDN01,ACTIVE
12395,2869,Savings,120343251,2028-02-02,SBY01,ACTIVE
12396,1834,Savings,89793463,2027-11-17,MDN01,ACTIVE
12397,3344,Savings,22867269,2027-08-17,JKT01,ACTIVE
12398,2790,Savings,44835629,2027-07-04,SMG01,ACTIVE
12399,7543,Time Deposit,941318101,2027-01-20,BDG01,ACTIVE
12400,3380,Savings,42306202,2028-01-29,JKT02,ACTIVE
12401,3203,Time Deposit,929051591,2026-07-22,YGY01,ACTIVE
12402,2024,Time Deposit,1248016886,2026-11-24,SMG01,ACTIVE
12403,419,Savings,9268460,2027-08-04,JKT02,ACTIVE
12404,3645,Savings,21376654,2027-07-16,JKT02,ACTIVE
12405,9371,Savings,58808620,2027-07-13,JKT02,ACTIVE
12406,3398,Savings,89840390,2026-10-25,YGY01,ACTIVE
12407,6715,Savings,16100061,2028-02-20,SBY01,ACTIVE
12408,2446,Time Deposit,534644382,2026-08-19,MDN01,ACTIVE
12409,365,Savings,18270737,2027-09-12,BDG01,ACTIVE
12410,5313,Savings,62949329,2026-11-20,BDG01,ACTIVE
12411,8096,Savings,106830791,2027-05-27,JKT01,ACTIVE
12412,4774,Savings,109604812,2026-07-05,BDG01,ACTIVE
12413,9234,Savings,11460355,2027-10-08,JKT01,ACTIVE
12414,7792,Time Deposit,264561592,2026-04-22,JKT01,ACTIVE
12415,7574,Savings,113110862,2028-01-18,JKT01,ACTIVE
12416,4971,Savings,33055403,2026-06-07,BDG01,ACTIVE
12417,489,Savings,13059047,2026-07-14,SBY01,ACTIVE
12418,9520,Savings,15923597,2026-09-29,SMG01,ACTIVE
12419,6258,Time Deposit,367497308,2027-03-07,BDG01,ACTIVE
12420,4966,Savings,36779823,2027-02-09,BDG01,ACTIVE
12421,8329,Savings,23889661,2027-07-23,BDG01,ACTIVE
12422,1712,Time Deposit,943644910,2026-04-15,BDG01,ACTIVE
12423,9302,Savings,36108893,2027-03-18,JKT02,ACTIVE
12424,164,Savings,14854168,2027-11-27,BDG01,ACTIVE
12425,3923,Time Deposit,1015564897,2026-11-23,MDN01,ACTIVE
12426,1136,Savings,14313704,2026-05-14,JKT02,ACTIVE
12427,6802,Savings,47521399,2027-01-14,JKT02,ACTIVE
12428,1948,Savings,37667300,2027-09-26,MDN01,ACTIVE
12429,7268,Savings,11560999,2026-04-16,SMG01,ACTIVE
12430,3915,Savings,23709504,2026-07-25,SBY01,ACTIVE
12431,1702,Savings,40391407,2027-03-29,SBY01,ACTIVE
12432,5417,Savings,12923030,2027-03-17,SMG01,ACTIVE
12433,3544,Savings,5640843,2028-02-15,SBY01,ACTIVE
12434,637,Savings,106899637,2027-06-14,MDN01,ACTIVE
12435,6993,Time Deposit,727535747,2026-12-13,MDN01,ACTIVE
12436,8760,Savings,144156600,2027-03-13,SMG01,ACTIVE
12437,3977,Savings,21126111,2026-05-06,BDG01,ACTIVE
12438,828,Savings,16182500,2028-02-07,SMG01,ACTIVE
12439,5441,Time Deposit,1577580957,2026-11-10,JKT02,ACTIVE
12440,5265,Time Deposit,806097850,2026-06-09,JKT02,ACTIVE
12441,3884,Savings,137374977,2027-11-14,SMG01,ACTIVE
12442,9844,Savings,28501391,2026-11-16,JKT02,ACTIVE
12443,8250,Time Deposit,464267759,2027-02-13,YGY01,ACTIVE
12444,2454,Time Deposit,558937837,2026-06-30,JKT02,ACTIVE
12445,9238,Time Deposit,683804781,2026-09-19,JKT01,ACTIVE
12446,4269,Savings,14418414,2026-11-14,BDG01,ACTIVE
12447,8092,Savings,12312838,2027-03-28,MDN01,ACTIVE
12448,9399,Savings,129437610,2027-09-26,JKT01,ACTIVE
12449,4215,Savings,112567284,2027-05-24,JKT02,ACTIVE
12450,2692,Time Deposit,1221487106,2026-05-30,BDG01,ACTIVE
12451,8814,Savings,26462464,2026-12-29,JKT01,ACTIVE
12452,703,Savings,9953147,2027-11-23,YGY01,ACTIVE
12453,8716,Savings,36030562,2026-09-14,YGY01,ACTIVE
12454,5051,Savings,22097008,2028-01-01,JKT02,ACTIVE
12455,82,Savings,13480537,2027-01-22,JKT01,ACTIVE
12456,6520,Savings,16054228,2027-02-01,SMG01,ACTIVE
12457,162,Savings,7239140,2027-03-07,SBY01,ACTIVE
12458,9875,Time Deposit,387635787,2026-09-15,MDN01,ACTIVE
12459,646,Savings,12168193,2027-06-27,JKT01,ACTIVE
12460,4177,Time Deposit,710370179,2026-04-13,YGY01,ACTIVE
12461,5462,Savings,80191115,2028-02-14,BDG01,ACTIVE
12462,1966,Savings,146564490,2026-09-19,MDN01,ACTIVE
12463,8257,Savings,20992853,2027-04-21,BDG01,ACTIVE
12464,9965,Savings,104146139,2026-10-07,MDN01,ACTIVE
12465,2316,Savings,118617494,2027-07-12,MDN01,ACTIVE
12466,3383,Time Deposit,314665870,2026-10-29,SMG01,ACTIVE
12467,2597,Savings,20435607,2026-08-25,YGY01,ACTIVE
12468,5315,Savings,13913611,2027-12-12,MDN01,ACTIVE
12469,6141,Savings,54019718,2027-03-02,YGY01,ACTIVE
12470,7955,Savings,170222706,2026-08-23,JKT01,ACTIVE
12471,9534,Time Deposit,1141677756,2026-07-08,BDG01,ACTIVE
12472,1338,Savings,41964062,2028-02-26,SBY01,ACTIVE
12473,7778,Savings,16649730,2026-11-22,MDN01,ACTIVE
12474,1007,Savings,20081021,2027-01-15,JKT01,ACTIVE
12475,4699,Time Deposit,612906868,2027-02-08,YGY01,ACTIVE
12476,3832,Time Deposit,484933227,2027-01-30,JKT01,ACTIVE
12477,4697,Savings,8271425,2026-09-07,JKT01,ACTIVE
12478,8576,Savings,34988122,2027-09-16,JKT02,ACTIVE
12479,7578,Time Deposit,349563675,2026-11-28,SMG01,ACTIVE
12480,2723,Savings,16174091,2026-07-11,JKT01,ACTIVE
12481,8122,Savings,85268234,2027-10-10,MDN01,ACTIVE
12482,6371,Savings,34591760,2028-02-16,SBY01,ACTIVE
12483,6884,Savings,15144610,2027-11-08,YGY01,ACTIVE
12484,1501,Time Deposit,1105831637,2026-06-16,BDG01,ACTIVE
12485,3186,Savings,68793262,2027-10-11,SBY01,ACTIVE
12486,2710,Savings,25021439,2027-10-20,JKT01,ACTIVE
12487,8539,Time Deposit,1595161123,2026-05-20,MDN01,ACTIVE
12488,8514,Savings,11553580,2026-06-06,JKT02,ACTIVE
12489,800,Savings,6239528,2026-10-05,JKT01,ACTIVE
12490,4167,Savings,35391204,2026-11-09,JKT02,ACTIVE
12491,2215,Time Deposit,398827557,2026-07-08,BDG01,ACTIVE
12492,9368,Savings,93280961,2026-09-28,JKT01,ACTIVE
12493,2089,Savings,18073199,2027-02-28,JKT01,ACTIVE
12494,6442,Time Deposit,256395958,2026-12-19,BDG01,ACTIVE
12495,7478,Savings,106707445,2026-12-21,SMG01,ACTIVE
12496,2497,Time Deposit,404323184,2026-10-01,SMG01,ACTIVE
12497,3803,Savings,33646928,2027-01-25,YGY01,ACTIVE
12498,5074,Time Deposit,239425722,2027-01-07,SMG01,ACTIVE
12499,8918,Time Deposit,551200927,2026-04-21,MDN01,ACTIVE
12500,7157,Time Deposit,779255602,2027-01-04,JKT01,ACTIVE
12501,8233,Savings,22439527,2027-03-07,YGY01,ACTIVE
12502,5211,Time Deposit,593614106,2027-02-20,SMG01,ACTIVE
12503,6805,Time Deposit,887293865,2026-07-21,SMG01,ACTIVE
12504,4658,Savings,14568655,2027-06-16,MDN01,ACTIVE
12505,4,Time Deposit,364064891,2027-01-18,SMG01,ACTIVE
12506,9439,Savings,28701412,2028-03-13,YGY01,ACTIVE
12507,9574,Savings,54386248,2028-02-28,YGY01,ACTIVE
12508,3332,Savings,7748182,2028-02-27,YGY01,ACTIVE
12509,4721,Savings,19680246,2028-03-01,SBY01,ACTIVE
12510,8632,Savings,38066240,2026-12-16,SMG01,ACTIVE
12511,190,Savings,14593534,2028-02-26,JKT01,ACTIVE
12512,5250,Savings,82815514,2026-08-15,YGY01,ACTIVE
12513,1478,Time Deposit,973201768,2026-05-14,BDG01,ACTIVE
12514,2935,Savings,8601600,2027-09-24,SMG01,ACTIVE
12515,4706,Savings,87548273,2026-06-07,JKT02,ACTIVE
12516,6738,Time Deposit,758228695,2026-10-04,JKT02,ACTIVE
12517,563,Time Deposit,564693139,2026-12-20,JKT01,ACTIVE
12518,5562,Time Deposit,790534774,2026-04-25,MDN01,ACTIVE
12519,3670,Savings,89103446,2028-01-08,SMG01,ACTIVE
12520,3371,Time Deposit,392632261,2026-04-07,BDG01,ACTIVE
12521,1387,Time Deposit,403194481,2026-08-08,JKT01,ACTIVE
12522,228,Time Deposit,241503303,2026-06-15,JKT01,ACTIVE
12523,5330,Time Deposit,652254578,2026-11-14,BDG01,ACTIVE
12524,3912,Savings,31192203,2028-01-29,BDG01,ACTIVE
12525,5295,Savings,33975888,2027-01-09,YGY01,ACTIVE
12526,2965,Savings,5208809,2026-12-14,BDG01,ACTIVE
12527,253,Savings,99619684,2028-02-06,SBY01,ACTIVE
12528,9632,Time Deposit,579417053,2026-11-05,JKT01,ACTIVE
12529,1081,Time Deposit,1026478422,2026-04-04,YGY01,ACTIVE
12530,2333,Time Deposit,552066085,2026-09-08,SMG01,ACTIVE
12531,131,Savings,18506568,2027-07-30,MDN01,ACTIVE
12532,5309,Savings,169030326,2026-07-07,BDG01,ACTIVE
12533,5726,Savings,47397993,2027-05-27,YGY01,ACTIVE
12534,7092,Savings,16091389,2028-01-15,YGY01,ACTIVE
12535,5942,Savings,20155383,2028-03-02,YGY01,ACTIVE
12536,4726,Time Deposit,1097323157,2026-09-02,SMG01,ACTIVE
12537,3817,Savings,129016973,2026-06-10,YGY01,ACTIVE
12538,214,Time Deposit,998126727,2026-12-06,JKT02,ACTIVE
12539,3691,Time Deposit,456601940,2026-07-20,BDG01,ACTIVE
12540,5328,Savings,73809859,2028-02-20,SMG01,ACTIVE
12541,660,Savings,21387906,2027-10-04,JKT02,ACTIVE
12542,8265,Savings,8239608,2026-05-13,SBY01,ACTIVE
12543,1145,Savings,57554725,2026-10-13,MDN01,ACTIVE
12544,7315,Savings,138922868,2026-11-30,YGY01,ACTIVE
12545,2423,Savings,19362944,2027-12-29,JKT01,ACTIVE
12546,881,Savings,24391370,2027-02-14,SMG01,ACTIVE
12547,5577,Savings,79769103,2026-11-09,YGY01,ACTIVE
12548,8766,Time Deposit,347053131,2026-12-10,JKT01,ACTIVE
12549,6262,Savings,75650913,2027-03-28,BDG01,ACTIVE
12550,4089,Savings,147749227,2026-04-15,SBY01,ACTIVE
12551,6114,Time Deposit,793753638,2026-04-13,JKT02,ACTIVE
12552,5484,Time Deposit,377838496,2026-10-02,YGY01,ACTIVE
12553,5726,Savings,71262293,2027-03-04,BDG01,ACTIVE
12554,3892,Time Deposit,808480500,2026-09-29,YGY01,ACTIVE
12555,2175,Savings,16898622,2027-12-14,JKT02,ACTIVE
12556,7393,Savings,12632025,2027-03-16,SBY01,ACTIVE
12557,5842,Time Deposit,325255562,2026-04-02,YGY01,ACTIVE
12558,1477,Time Deposit,864173906,2026-06-11,SMG01,ACTIVE
12559,7646,Time Deposit,1002593358,2026-04-20,JKT02,ACTIVE
12560,8895,Time Deposit,823656716,2026-05-03,BDG01,ACTIVE
12561,760,Savings,90761639,2027-11-08,JKT01,ACTIVE
12562,2539,Time Deposit,1540810522,2027-01-15,BDG01,ACTIVE
12563,7411,Savings,41027440,2027-12-02,SBY01,ACTIVE
12564,8074,Time Deposit,1362539983,2026-12-21,SBY01,ACTIVE
12565,5396,Savings,19628644,2027-04-20,SBY01,ACTIVE
12566,4662,Time Deposit,1023032084,2026-10-24,MDN01,ACTIVE
12567,2139,Time Deposit,491077399,2026-07-18,SMG01,ACTIVE
12568,1363,Savings,176680809,2026-10-21,YGY01,ACTIVE
12569,8772,Savings,33622169,2027-01-03,MDN01,ACTIVE
12570,1888,Savings,104026228,2027-01-28,BDG01,ACTIVE
12571,1799,Savings,89912814,2026-05-30,BDG01,ACTIVE
12572,6747,Savings,31264917,2027-08-05,MDN01,ACTIVE
12573,8177,Savings,23798537,2027-04-03,YGY01,ACTIVE
12574,540,Time Deposit,1117918286,2026-09-15,SMG01,ACTIVE
12575,3248,Savings,42110067,2027-05-15,JKT02,ACTIVE
12576,3505,Savings,174221231,2027-11-05,SBY01,ACTIVE
12577,7189,Savings,140687351,2027-01-04,BDG01,ACTIVE
12578,1653,Time Deposit,1095627166,2026-12-03,SMG01,ACTIVE
12579,9860,Time Deposit,828090923,2026-12-20,BDG01,ACTIVE
12580,3858,Savings,88414423,2027-10-09,BDG01,ACTIVE
12581,3139,Savings,41254767,2026-04-20,MDN01,ACTIVE
12582,1333,Savings,29236576,2026-05-13,JKT02,ACTIVE
12583,247,Savings,25647666,2028-02-27,SBY01,ACTIVE
12584,1343,Time Deposit,861452590,2026-06-19,BDG01,ACTIVE
12585,8122,Time Deposit,562972553,2026-10-04,MDN01,ACTIVE
12586,1419,Savings,18041604,2027-01-04,YGY01,ACTIVE
12587,1368,Time Deposit,137410192,2027-03-05,YGY01,ACTIVE
12588,4283,Savings,16552636,2027-07-08,YGY01,ACTIVE
12589,3979,Time Deposit,372519961,2026-04-08,SBY01,ACTIVE
12590,7046,Savings,44501495,2026-08-29,JKT02,ACTIVE
12591,7412,Time Deposit,676917051,2026-09-23,YGY01,ACTIVE
12592,5428,Savings,8425741,2026-12-07,SMG01,ACTIVE
12593,2755,Savings,84161950,2027-07-18,SMG01,ACTIVE
12594,5557,Savings,60220771,2026-05-14,JKT01,ACTIVE
12595,5613,Savings,19347859,2026-08-10,JKT02,ACTIVE
12596,197,Savings,41136633,2026-04-19,JKT02,ACTIVE
12597,3273,Savings,11996728,2028-01-16,MDN01,ACTIVE
12598,6383,Time Deposit,745132251,2027-02-02,JKT02,ACTIVE
12599,1891,Savings,8310462,2028-02-11,SBY01,ACTIVE
12600,4635,Time Deposit,360501198,2026-11-25,JKT02,ACTIVE
12601,707,Time Deposit,418489364,2026-05-18,JKT01,ACTIVE
12602,4855,Time Deposit,600732030,2026-11-25,JKT02,ACTIVE
12603,5682,Time Deposit,457994774,2026-09-26,SMG01,ACTIVE
12604,4766,Savings,64719363,2027-05-26,SMG01,ACTIVE
12605,8469,Savings,61821674,2027-03-01,YGY01,ACTIVE
12606,572,Time Deposit,418635816,2026-07-08,SMG01,ACTIVE
12607,5908,Savings,31704628,2028-03-01,JKT01,ACTIVE
12608,6790,Savings,126936680,2027-12-04,MDN01,ACTIVE
12609,1866,Time Deposit,690698963,2026-11-24,YGY01,ACTIVE
12610,3560,Savings,67949264,2026-10-29,YGY01,ACTIVE
12611,8612,Savings,89364693,2027-04-05,JKT01,ACTIVE
12612,7358,Time Deposit,190902340,2026-06-11,SBY01,ACTIVE
12613,6453,Time Deposit,270052077,2026-04-01,SBY01,ACTIVE
12614,4884,Time Deposit,1009403333,2026-03-29,SMG01,ACTIVE
12615,7650,Savings,9090547,2027-03-16,MDN01,ACTIVE
12616,5371,Savings,21432088,2026-06-27,JKT01,ACTIVE
12617,1125,Savings,189311733,2026-04-16,JKT02,ACTIVE
12618,7734,Savings,38976883,2027-04-12,BDG01,ACTIVE
12619,1706,Savings,130371793,2027-02-16,BDG01,ACTIVE
12620,1346,Time Deposit,328267566,2026-12-08,JKT01,ACTIVE
12621,7212,Time Deposit,1463357245,2027-01-14,JKT01,ACTIVE
12622,5125,Savings,56177070,2027-07-25,SMG01,ACTIVE
12623,3663,Savings,172850026,2026-06-09,SBY01,ACTIVE
12624,3953,Savings,12354721,2026-09-16,YGY01,ACTIVE
12625,9342,Savings,46583609,2027-11-25,JKT02,ACTIVE
12626,2170,Savings,28544063,2026-05-22,YGY01,ACTIVE
12627,8783,Savings,14378253,2027-10-15,JKT01,ACTIVE
12628,1503,Time Deposit,1124182866,2026-11-05,MDN01,ACTIVE
12629,7632,Time Deposit,724573695,2026-09-18,JKT02,ACTIVE
12630,4788,Time Deposit,1120619307,2026-04-09,SMG01,ACTIVE
12631,5304,Time Deposit,915381352,2026-05-29,SMG01,ACTIVE
12632,5393,Savings,141510039,2027-06-26,YGY01,ACTIVE
12633,2793,Savings,87471876,2026-11-05,BDG01,ACTIVE
12634,1606,Savings,14702231,2026-07-26,YGY01,ACTIVE
12635,1629,Time Deposit,1910903884,2027-03-07,SBY01,ACTIVE
12636,8817,Savings,53866368,2026-09-03,MDN01,ACTIVE
12637,6403,Time Deposit,358725028,2026-12-04,MDN01,ACTIVE
12638,7167,Time Deposit,453490847,2026-07-04,BDG01,ACTIVE
12639,7655,Savings,31794680,2027-12-29,JKT02,ACTIVE
12640,1573,Savings,7463818,2027-11-24,SBY01,ACTIVE
12641,8958,Savings,83888221,2026-04-28,JKT02,ACTIVE
12642,1208,Savings,72242112,2027-09-03,JKT01,ACTIVE
12643,7712,Savings,21717990,2026-09-12,JKT01,ACTIVE
12644,8756,Time Deposit,1828864633,2027-03-02,JKT02,ACTIVE
12645,9404,Time Deposit,1524314187,2026-09-18,JKT02,ACTIVE
12646,771,Time Deposit,1413379918,2027-01-29,BDG01,ACTIVE
12647,2448,Savings,27826548,2026-09-07,JKT01,ACTIVE
12648,4066,Savings,11757844,2027-02-01,YGY01,ACTIVE
12649,3395,Savings,106826465,2027-01-03,JKT02,ACTIVE
12650,8714,Time Deposit,989951615,2026-07-25,JKT01,ACTIVE
12651,501,Time Deposit,308972996,2026-09-18,SBY01,ACTIVE
12652,3690,Time Deposit,665312749,2026-08-23,SMG01,ACTIVE
12653,6821,Savings,26383347,2027-05-26,YGY01,ACTIVE
12654,4048,Time Deposit,1051460694,2026-04-04,YGY01,ACTIVE
12655,4352,Savings,3768975,2027-08-20,YGY01,ACTIVE
12656,9620,Time Deposit,516516493,2026-06-26,YGY01,ACTIVE
12657,3966,Savings,146887813,2027-03-24,YGY01,ACTIVE
12658,7661,Savings,8132606,2027-09-26,JKT01,ACTIVE
12659,281,Time Deposit,430547381,2026-08-24,JKT02,ACTIVE
12660,6195,Savings,163697250,2026-10-10,JKT01,ACTIVE
12661,8260,Savings,21258564,2027-03-16,BDG01,ACTIVE
12662,5754,Savings,58374491,2027-04-30,SMG01,ACTIVE
12663,9925,Savings,28798460,2028-02-25,YGY01,ACTIVE
12664,7445,Savings,124564212,2027-08-20,SMG01,ACTIVE
12665,3982,Savings,46469812,2026-06-14,SMG01,ACTIVE
12666,5915,Time Deposit,863320532,2026-06-21,SBY01,ACTIVE
12667,9051,Time Deposit,638334623,2026-05-12,SBY01,ACTIVE
12668,9206,Savings,4976095,2027-07-16,JKT02,ACTIVE
12669,7900,Savings,4918481,2028-01-11,MDN01,ACTIVE
12670,8539,Savings,123108122,2026-08-02,SBY01,ACTIVE
12671,9601,Savings,8036430,2027-11-30,JKT01,ACTIVE
12672,3300,Time Deposit,532408788,2026-07-05,JKT01,ACTIVE
12673,3567,Savings,96473631,2027-04-21,JKT01,ACTIVE
12674,3629,Savings,13822915,2027-09-26,YGY01,ACTIVE
12675,8233,Time Deposit,533614014,2026-04-21,BDG01,ACTIVE
12676,6714,Savings,20624018,2027-11-19,YGY01,ACTIVE
12677,5599,Savings,8915868,2026-12-19,JKT02,ACTIVE
12678,8255,Savings,23126632,2026-04-30,JKT01,ACTIVE
12679,4065,Savings,85976873,2027-01-20,BDG01,ACTIVE
12680,7711,Time Deposit,459036037,2026-11-17,JKT02,ACTIVE
12681,8711,Time Deposit,526166779,2026-06-13,BDG01,ACTIVE
12682,1663,Time Deposit,1150853615,2026-06-28,SBY01,ACTIVE
12683,1008,Savings,11507289,2027-06-09,JKT01,ACTIVE
12684,3684,Savings,80188144,2027-01-27,BDG01,ACTIVE
12685,3183,Time Deposit,277024906,2027-02-28,JKT01,ACTIVE
12686,6414,Time Deposit,544212501,2026-05-04,JKT02,ACTIVE
12687,1612,Savings,92820147,2027-04-26,YGY01,ACTIVE
12688,4680,Savings,22262691,2027-02-14,MDN01,ACTIVE
12689,9660,Time Deposit,477456627,2026-06-03,SMG01,ACTIVE
12690,6266,Savings,25583230,2026-07-29,YGY01,ACTIVE
12691,3194,Savings,164931642,2026-12-17,SBY01,ACTIVE
12692,8932,Savings,121822178,2026-11-01,SBY01,ACTIVE
12693,3806,Savings,1768970,2027-03-07,YGY01,ACTIVE
12694,2732,Savings,51133921,2027-04-17,MDN01,ACTIVE
12695,3061,Savings,66406949,2026-11-11,YGY01,ACTIVE
12696,1348,Savings,13889048,2026-05-16,JKT01,ACTIVE
12697,1014,Savings,25052871,2027-02-22,SBY01,ACTIVE
12698,5616,Savings,42227380,2026-11-28,SBY01,ACTIVE
12699,2593,Time Deposit,592267443,2026-10-23,JKT02,ACTIVE
12700,2150,Time Deposit,1165108615,2026-10-26,MDN01,ACTIVE
12701,9491,Time Deposit,994655366,2026-05-04,SMG01,ACTIVE
12702,8378,Time Deposit,329965002,2026-09-27,YGY01,ACTIVE
12703,6017,Time Deposit,201715340,2026-08-12,SBY01,ACTIVE
12704,64,Savings,7554062,2026-09-10,BDG01,ACTIVE
12705,8061,Savings,132079726,2027-02-01,JKT01,ACTIVE
12706,6222,Savings,12490595,2027-12-07,MDN01,ACTIVE
12707,7899,Savings,52075247,2027-07-07,JKT01,ACTIVE
12708,236,Savings,7343315,2027-03-07,BDG01,ACTIVE
12709,545,Time Deposit,1319755200,2027-01-03,MDN01,ACTIVE
12710,608,Savings,24409885,2027-11-05,SMG01,ACTIVE
12711,7222,Savings,137064963,2026-05-05,MDN01,ACTIVE
12712,621,Savings,19102705,2027-12-06,SBY01,ACTIVE
12713,8739,Savings,30611415,2027-01-15,SMG01,ACTIVE
12714,3337,Time Deposit,547623796,2026-05-29,JKT02,ACTIVE
12715,8923,Time Deposit,497334937,2026-05-13,YGY01,ACTIVE
12716,7774,Time Deposit,934505276,2026-10-23,BDG01,ACTIVE
12717,4465,Savings,150501369,2027-05-25,JKT01,ACTIVE
12718,1931,Time Deposit,157919178,2026-04-27,SBY01,ACTIVE
12719,9623,Time Deposit,477802718,2026-08-12,SBY01,ACTIVE
12720,2248,Savings,77889610,2026-07-27,YGY01,ACTIVE
12721,9887,Savings,16015921,2026-07-20,BDG01,ACTIVE
12722,7342,Time Deposit,525648820,2027-02-23,MDN01,ACTIVE
12723,3182,Time Deposit,352772872,2026-04-16,YGY01,ACTIVE
12724,510,Savings,40146817,2026-06-24,SMG01,ACTIVE
12725,2895,Time Deposit,248824531,2026-06-05,YGY01,ACTIVE
12726,8782,Time Deposit,958518808,2026-12-05,MDN01,ACTIVE
12727,1783,Time Deposit,504970766,2026-11-06,YGY01,ACTIVE
12728,5506,Time Deposit,700413245,2026-05-26,MDN01,ACTIVE
12729,2843,Savings,19460857,2027-01-26,YGY01,ACTIVE
12730,4058,Time Deposit,418079283,2026-07-26,BDG01,ACTIVE
12731,5508,Time Deposit,1162821231,2026-07-15,MDN01,ACTIVE
12732,280,Time Deposit,1045488432,2026-09-06,BDG01,ACTIVE
12733,8460,Time Deposit,513692298,2026-03-31,MDN01,ACTIVE
12734,1612,Time Deposit,1055931998,2026-07-22,JKT01,ACTIVE
12735,1517,Time Deposit,317426984,2026-07-26,JKT01,ACTIVE
12736,2254,Time Deposit,204446881,2026-07-31,BDG01,ACTIVE
12737,1782,Time Deposit,1478207591,2026-11-16,JKT02,ACTIVE
12738,6400,Savings,3869643,2027-05-04,SBY01,ACTIVE
12739,1839,Time Deposit,209810185,2026-09-13,JKT02,ACTIVE
12740,8415,Time Deposit,714524826,2026-07-02,JKT02,ACTIVE
12741,2384,Time Deposit,171199889,2026-05-14,JKT02,ACTIVE
12742,1867,Time Deposit,234916692,2026-06-10,JKT01,ACTIVE
12743,9500,Savings,37701598,2027-07-25,YGY01,ACTIVE
12744,5674,Time Deposit,1479170911,2027-02-02,SMG01,ACTIVE
12745,6719,Time Deposit,861388536,2026-06-10,JKT01,ACTIVE
12746,3291,Time Deposit,1312838141,2026-12-26,MDN01,ACTIVE
12747,5367,Savings,27300121,2027-04-25,BDG01,ACTIVE
12748,3046,Time Deposit,1249889771,2026-04-01,BDG01,ACTIVE
12749,5218,Savings,76861529,2028-01-19,YGY01,ACTIVE
12750,8054,Savings,21136826,2027-09-30,YGY01,ACTIVE
12751,2269,Time Deposit,302746386,2027-01-18,BDG01,ACTIVE
12752,4621,Savings,75832848,2028-02-25,SMG01,ACTIVE
12753,4840,Time Deposit,599086635,2026-11-23,SBY01,ACTIVE
12754,9532,Savings,7329450,2026-08-31,MDN01,ACTIVE
12755,4546,Time Deposit,680780553,2026-12-12,SMG01,ACTIVE
12756,1445,Time Deposit,661348274,2026-11-05,JKT02,ACTIVE
12757,3479,Time Deposit,842067700,2027-02-04,JKT02,ACTIVE
12758,1449,Savings,20512061,2027-04-09,SBY01,ACTIVE
12759,3233,Savings,53374170,2026-08-11,SBY01,ACTIVE
12760,5375,Time Deposit,454176220,2026-06-26,SBY01,ACTIVE
12761,5110,Time Deposit,418475648,2027-02-09,SMG01,ACTIVE
12762,3696,Savings,23124243,2027-12-07,SBY01,ACTIVE
12763,3330,Savings,153759608,2026-07-02,SBY01,ACTIVE
12764,6478,Savings,106955792,2026-09-16,YGY01,ACTIVE
12765,7652,Savings,25764137,2027-01-11,JKT01,ACTIVE
12766,3312,Savings,34829634,2026-07-26,JKT02,ACTIVE
12767,4736,Savings,36672886,2027-09-23,YGY01,ACTIVE
12768,5835,Savings,5997212,2026-05-02,YGY01,ACTIVE
12769,3409,Savings,22423202,2027-04-03,SBY01,ACTIVE
12770,2925,Time Deposit,1551745545,2026-12-26,JKT01,ACTIVE
12771,2857,Savings,124801195,2027-04-01,MDN01,ACTIVE
12772,6394,Time Deposit,1272031576,2026-08-31,JKT01,ACTIVE
12773,7896,Time Deposit,143799246,2026-08-08,SBY01,ACTIVE
12774,3527,Savings,53286798,2027-07-16,YGY01,ACTIVE
12775,9065,Time Deposit,1287526649,2026-08-11,JKT02,ACTIVE
12776,8254,Savings,22684199,2028-02-25,YGY01,ACTIVE
12777,474,Savings,39967060,2026-06-25,SBY01,ACTIVE
12778,8495,Savings,16351840,2027-09-01,YGY01,ACTIVE
12779,4986,Time Deposit,1224908402,2026-04-14,JKT02,ACTIVE
12780,1094,Time Deposit,119953905,2027-02-03,MDN01,ACTIVE
12781,3351,Time Deposit,355522810,2026-10-02,MDN01,ACTIVE
12782,126,Savings,19388522,2027-01-09,MDN01,ACTIVE
12783,1402,Time Deposit,592403936,2027-01-25,SBY01,ACTIVE
12784,3898,Savings,85724307,2027-12-12,YGY01,ACTIVE
12785,2759,Time Deposit,948746316,2026-10-09,SMG01,ACTIVE
12786,1834,Time Deposit,910191211,2026-06-04,BDG01,ACTIVE
12787,4145,Savings,37061449,2026-06-14,JKT02,ACTIVE
12788,7526,Savings,27006987,2026-10-06,JKT01,ACTIVE
12789,2891,Time Deposit,802161050,2026-08-01,SBY01,ACTIVE
12790,1123,Savings,11175517,2027-03-08,JKT02,ACTIVE
12791,6145,Savings,80427597,2027-01-06,JKT01,ACTIVE
12792,7357,Savings,10399426,2027-07-18,SBY01,ACTIVE
12793,2197,Savings,44422576,2027-12-17,JKT01,ACTIVE
12794,9984,Time Deposit,165147132,2026-06-21,SMG01,ACTIVE
12795,2110,Time Deposit,732520049,2026-11-18,JKT01,ACTIVE
12796,5616,Savings,20359886,2026-12-13,JKT01,ACTIVE
12797,5157,Savings,78058366,2026-06-16,JKT01,ACTIVE
12798,1530,Savings,147549415,2027-08-26,JKT01,ACTIVE
12799,4433,Savings,82868965,2026-08-24,SMG01,ACTIVE
12800,1787,Time Deposit,728609246,2026-09-04,BDG01,ACTIVE
12801,6834,Savings,48845920,2028-03-13,MDN01,ACTIVE
12802,9745,Time Deposit,418518261,2026-04-09,JKT01,ACTIVE
12803,8803,Savings,24135586,2028-01-02,BDG01,ACTIVE
12804,9384,Time Deposit,1189256495,2026-04-07,MDN01,ACTIVE
12805,4150,Savings,11004547,2026-12-29,YGY01,ACTIVE
12806,4727,Time Deposit,521492712,2026-10-14,YGY01,ACTIVE
12807,3276,Time Deposit,461946172,2026-04-26,JKT01,ACTIVE
12808,2144,Savings,51568454,2027-08-25,MDN01,ACTIVE
12809,129,Time Deposit,845432109,2026-08-22,SBY01,ACTIVE
12810,1339,Time Deposit,551687261,2026-06-14,MDN01,ACTIVE
12811,1280,Time Deposit,500441359,2026-07-26,YGY01,ACTIVE
12812,7787,Time Deposit,583593505,2026-05-13,SMG01,ACTIVE
12813,2945,Savings,38395576,2026-12-02,BDG01,ACTIVE
12814,56,Savings,100039688,2027-04-25,JKT01,ACTIVE
12815,1018,Savings,127717750,2027-07-07,YGY01,ACTIVE
12816,2155,Savings,16177044,2027-09-24,SBY01,ACTIVE
12817,6878,Savings,40277592,2027-12-21,SBY01,ACTIVE
12818,636,Time Deposit,652083617,2026-11-28,YGY01,ACTIVE
12819,4714,Time Deposit,1276335348,2026-05-09,JKT01,ACTIVE
12820,205,Time Deposit,792115283,2026-08-09,YGY01,ACTIVE
12821,5306,Savings,27906000,2027-06-14,SBY01,ACTIVE
12822,7554,Savings,11355982,2027-09-02,SBY01,ACTIVE
12823,3332,Savings,19678882,2027-06-30,MDN01,ACTIVE
12824,6257,Savings,37724400,2027-01-20,SBY01,ACTIVE
12825,4835,Time Deposit,984209333,2027-02-24,MDN01,ACTIVE
12826,6739,Savings,67720272,2027-11-29,SBY01,ACTIVE
12827,4260,Time Deposit,766291700,2027-01-10,YGY01,ACTIVE
12828,538,Savings,71253167,2026-06-16,SBY01,ACTIVE
12829,2805,Time Deposit,423177731,2026-06-18,BDG01,ACTIVE
12830,3990,Time Deposit,863240395,2026-10-12,SBY01,ACTIVE
12831,5106,Savings,6646545,2028-01-20,SMG01,ACTIVE
12832,3043,Savings,24153930,2027-12-13,MDN01,ACTIVE
12833,2894,Savings,30467417,2027-05-14,JKT01,ACTIVE
12834,9139,Savings,38695836,2027-03-30,JKT02,ACTIVE
12835,728,Savings,26113971,2026-04-18,JKT01,ACTIVE
12836,1794,Time Deposit,846223599,2026-11-05,SBY01,ACTIVE
12837,2122,Savings,7122979,2026-06-23,JKT02,ACTIVE
12838,8543,Savings,90464093,2026-10-14,JKT02,ACTIVE
12839,4270,Time Deposit,457651087,2027-01-26,SMG01,ACTIVE
12840,3617,Savings,15783893,2026-09-30,MDN01,ACTIVE
12841,8946,Savings,13399086,2027-06-14,SMG01,ACTIVE
12842,1851,Time Deposit,154365720,2026-07-25,YGY01,ACTIVE
12843,1132,Savings,27362438,2027-01-14,YGY01,ACTIVE
12844,1746,Savings,36716994,2027-04-18,JKT01,ACTIVE
12845,7343,Savings,74476632,2026-11-09,JKT02,ACTIVE
12846,6215,Time Deposit,747320793,2027-03-10,SMG01,ACTIVE
12847,4163,Time Deposit,154894633,2026-09-15,MDN01,ACTIVE
12848,176,Savings,13157934,2027-08-18,BDG01,ACTIVE
12849,8580,Time Deposit,1755020957,2026-04-15,MDN01,ACTIVE
12850,9950,Savings,6099635,2027-12-25,JKT01,ACTIVE
12851,2581,Time Deposit,910863235,2026-10-23,SBY01,ACTIVE
12852,2770,Savings,83752140,2026-06-27,SMG01,ACTIVE
12853,1697,Time Deposit,291779048,2026-08-29,MDN01,ACTIVE
12854,9329,Time Deposit,838377756,2026-05-26,BDG01,ACTIVE
12855,6315,Savings,18680282,2026-08-01,YGY01,ACTIVE
12856,3667,Savings,124973830,2027-05-28,MDN01,ACTIVE
12857,2645,Savings,10832166,2027-07-03,SBY01,ACTIVE
12858,837,Savings,15757214,2027-01-18,SBY01,ACTIVE
12859,153,Savings,104137359,2028-03-12,MDN01,ACTIVE
12860,2587,Time Deposit,150224242,2027-01-26,SMG01,ACTIVE
12861,6656,Savings,7583906,2027-07-17,JKT02,ACTIVE
12862,2668,Savings,67269722,2027-10-31,SMG01,ACTIVE
12863,1221,Time Deposit,847326364,2026-08-18,SBY01,ACTIVE
12864,820,Savings,23472103,2026-12-27,YGY01,ACTIVE
12865,350,Savings,68055786,2026-06-04,JKT02,ACTIVE
12866,5804,Savings,14320978,2027-02-24,YGY01,ACTIVE
12867,5301,Time Deposit,611942255,2026-06-28,SBY01,ACTIVE
12868,4804,Time Deposit,1205087673,2026-05-06,MDN01,ACTIVE
12869,1436,Time Deposit,777598844,2026-08-07,SBY01,ACTIVE
12870,1649,Savings,11723535,2028-01-23,MDN01,ACTIVE
12871,9365,Time Deposit,202976802,2026-10-29,YGY01,ACTIVE
12872,4760,Savings,15996712,2026-09-15,JKT01,ACTIVE
12873,7238,Time Deposit,1130263469,2026-05-02,SBY01,ACTIVE
12874,6767,Time Deposit,487061255,2027-01-07,SMG01,ACTIVE
12875,8639,Savings,32734700,2026-12-29,JKT02,ACTIVE
12876,6017,Savings,36302732,2028-01-31,MDN01,ACTIVE
12877,391,Time Deposit,820935443,2026-12-19,SBY01,ACTIVE
12878,4538,Savings,29525834,2026-06-21,YGY01,ACTIVE
12879,9128,Savings,10186784,2028-01-03,JKT01,ACTIVE
12880,1773,Savings,41059489,2026-06-14,MDN01,ACTIVE
12881,5625,Time Deposit,1081089609,2027-03-01,JKT02,ACTIVE
12882,9763,Savings,37446904,2026-06-06,JKT01,ACTIVE
12883,6722,Savings,13930698,2027-05-27,JKT02,ACTIVE
12884,4109,Savings,21678291,2026-07-27,SMG01,ACTIVE
12885,4933,Savings,195582856,2027-11-16,BDG01,ACTIVE
12886,9714,Time Deposit,343449041,2027-02-22,JKT01,ACTIVE
12887,5794,Savings,19301933,2026-11-29,JKT01,ACTIVE
12888,5791,Time Deposit,411429742,2026-09-21,SBY01,ACTIVE
12889,7726,Savings,15898703,2028-02-22,JKT02,ACTIVE
12890,2670,Time Deposit,248706171,2027-01-19,MDN01,ACTIVE
12891,1333,Time Deposit,259422364,2026-07-04,YGY01,ACTIVE
12892,9800,Savings,25985443,2027-08-31,SBY01,ACTIVE
12893,3223,Time Deposit,1665279040,2026-08-31,JKT01,ACTIVE
12894,1608,Time Deposit,613433870,2026-12-11,MDN01,ACTIVE
12895,7593,Savings,130990018,2027-05-11,MDN01,ACTIVE
12896,3657,Savings,49317838,2027-07-28,SBY01,ACTIVE
12897,9780,Savings,29811695,2027-08-02,YGY01,ACTIVE
12898,726,Savings,11570907,2026-06-20,JKT01,ACTIVE
12899,7118,Time Deposit,996394849,2026-08-06,SBY01,ACTIVE
12900,6304,Savings,7147649,2027-05-13,JKT01,ACTIVE
12901,7473,Time Deposit,756290576,2027-02-18,SMG01,ACTIVE
12902,5191,Savings,34794684,2026-07-27,YGY01,ACTIVE
12903,3277,Time Deposit,268905769,2026-10-21,BDG01,ACTIVE
12904,8443,Savings,16476293,2027-01-17,BDG01,ACTIVE
12905,6014,Savings,63112639,2027-05-09,JKT01,ACTIVE
12906,2442,Time Deposit,543253378,2027-02-11,SBY01,ACTIVE
12907,6972,Time Deposit,436628446,2026-09-17,JKT01,ACTIVE
12908,2641,Savings,38461522,2026-08-11,YGY01,ACTIVE
12909,7301,Time Deposit,384751681,2026-05-28,YGY01,ACTIVE
12910,5581,Time Deposit,452132767,2026-07-07,JKT02,ACTIVE
12911,8532,Savings,41505282,2026-08-29,MDN01,ACTIVE
12912,4134,Savings,26230664,2027-02-11,MDN01,ACTIVE
12913,7393,Savings,25403678,2026-10-26,SBY01,ACTIVE
12914,4251,Savings,34677794,2027-06-28,SMG01,ACTIVE
12915,123,Savings,101886470,2027-06-18,YGY01,ACTIVE
12916,7375,Savings,5528589,2027-11-24,SMG01,ACTIVE
12917,4616,Savings,21083456,2026-12-26,JKT01,ACTIVE
12918,6032,Savings,23931683,2026-08-21,JKT02,ACTIVE
12919,8172,Savings,148148474,2027-10-04,SMG01,ACTIVE
12920,7185,Savings,7492448,2028-03-07,MDN01,ACTIVE
12921,8323,Savings,86369114,2027-11-17,JKT01,ACTIVE
12922,5349,Savings,19069136,2026-09-20,JKT01,ACTIVE
12923,9168,Time Deposit,205351743,2026-07-26,SMG01,ACTIVE
12924,532,Savings,14403680,2028-03-01,SBY01,ACTIVE
12925,6480,Savings,92335714,2028-02-26,MDN01,ACTIVE
12926,9928,Time Deposit,706309117,2027-02-06,JKT01,ACTIVE
12927,3219,Time Deposit,258950762,2026-07-04,SMG01,ACTIVE
12928,9105,Savings,36324401,2027-09-04,JKT02,ACTIVE
12929,5894,Time Deposit,934779082,2026-10-24,JKT01,ACTIVE
12930,4933,Time Deposit,1393169494,2026-04-10,YGY01,ACTIVE
12931,5982,Savings,91244656,2027-11-01,BDG01,ACTIVE
12932,648,Time Deposit,824819352,2027-02-06,JKT01,ACTIVE
12933,5659,Savings,28919634,2027-08-03,JKT01,ACTIVE
12934,2371,Savings,10695675,2027-10-24,BDG01,ACTIVE
12935,6063,Savings,19210623,2028-03-14,YGY01,ACTIVE
12936,9879,Savings,88533177,2027-11-08,BDG01,ACTIVE
12937,6078,Savings,9796512,2027-08-23,SBY01,ACTIVE
12938,5795,Savings,92788514,2026-06-05,SMG01,ACTIVE
12939,2827,Savings,8964405,2026-07-02,SBY01,ACTIVE
12940,4818,Savings,99334209,2027-08-18,YGY01,ACTIVE
12941,7565,Time Deposit,1948549954,2026-10-20,SMG01,ACTIVE
12942,3760,Savings,166645996,2027-09-19,MDN01,ACTIVE
12943,3975,Savings,12070641,2027-04-11,SMG01,ACTIVE
12944,1439,Time Deposit,1599384032,2027-02-06,MDN01,ACTIVE
12945,8001,Time Deposit,959638994,2026-09-01,MDN01,ACTIVE
12946,4248,Savings,29976419,2027-08-01,JKT02,ACTIVE
12947,6826,Savings,27953064,2027-09-04,JKT01,ACTIVE
12948,3079,Savings,13956074,2026-12-16,MDN01,ACTIVE
12949,9761,Savings,7953603,2027-11-24,SMG01,ACTIVE
12950,5609,Savings,16156831,2027-01-05,SBY01,ACTIVE
12951,5735,Time Deposit,500237350,2026-11-18,MDN01,ACTIVE
12952,1909,Savings,72249407,2028-03-15,BDG01,ACTIVE
12953,8286,Savings,46205583,2026-05-25,JKT01,ACTIVE
12954,7521,Time Deposit,1549168776,2026-04-26,YGY01,ACTIVE
12955,6027,Savings,13988126,2026-05-19,BDG01,ACTIVE
12956,1761,Savings,15237440,2027-09-22,BDG01,ACTIVE
12957,838,Time Deposit,228642829,2026-12-07,SBY01,ACTIVE
12958,1551,Savings,47538732,2028-01-09,JKT01,ACTIVE
12959,6497,Savings,11474390,2026-07-05,SBY01,ACTIVE
12960,3039,Savings,21951819,2026-11-30,SMG01,ACTIVE
12961,5511,Savings,6605149,2026-07-10,JKT01,ACTIVE
12962,9189,Time Deposit,1518725856,2027-01-20,BDG01,ACTIVE
12963,5241,Time Deposit,1728241314,2026-06-21,BDG01,ACTIVE
12964,1352,Savings,23816623,2027-10-12,MDN01,ACTIVE
12965,672,Time Deposit,124245748,2026-08-04,JKT01,ACTIVE
12966,552,Savings,31923165,2026-12-17,SBY01,ACTIVE
12967,8639,Time Deposit,632403051,2026-06-24,JKT02,ACTIVE
12968,4759,Savings,17587313,2026-12-19,SBY01,ACTIVE
12969,1668,Time Deposit,766780010,2026-07-22,JKT02,ACTIVE
12970,8163,Savings,30959741,2027-10-23,YGY01,ACTIVE
12971,9495,Savings,109250432,2028-03-07,YGY01,ACTIVE
12972,5886,Time Deposit,1902369712,2026-06-12,SBY01,ACTIVE
12973,9387,Time Deposit,684713556,2027-03-12,JKT02,ACTIVE
12974,2008,Savings,33779409,2027-06-22,BDG01,ACTIVE
12975,374,Time Deposit,1496498915,2026-09-23,JKT01,ACTIVE
12976,5010,Time Deposit,1102948428,2026-06-07,MDN01,ACTIVE
12977,363,Time Deposit,655686304,2026-05-06,MDN01,ACTIVE
12978,4889,Savings,7146303,2027-10-31,SMG01,ACTIVE
12979,9118,Time Deposit,1091625303,2026-08-10,MDN01,ACTIVE
12980,1763,Savings,51215379,2026-08-17,JKT01,ACTIVE
12981,2799,Savings,25016253,2026-12-19,JKT01,ACTIVE
12982,8190,Savings,140713492,2027-12-09,MDN01,ACTIVE
12983,9072,Savings,28000410,2027-06-14,MDN01,ACTIVE
12984,5310,Savings,166627493,2027-08-19,JKT01,ACTIVE
12985,2675,Savings,37591092,2027-12-10,SMG01,ACTIVE
12986,9696,Time Deposit,235910041,2026-08-29,SMG01,ACTIVE
12987,9021,Savings,11686360,2026-08-27,JKT02,ACTIVE
12988,2071,Savings,4547096,2027-09-30,BDG01,ACTIVE
12989,9378,Savings,35446088,2027-11-03,SBY01,ACTIVE
12990,368,Time Deposit,382483640,2026-12-19,JKT01,ACTIVE
12991,1561,Savings,80337865,2028-03-05,JKT02,ACTIVE
12992,8039,Savings,7249088,2026-09-28,SBY01,ACTIVE
12993,8830,Savings,181999696,2026-04-25,SMG01,ACTIVE
12994,5649,Time Deposit,538233851,2026-05-01,JKT02,ACTIVE
12995,3082,Savings,131196566,2026-05-25,MDN01,ACTIVE
12996,4682,Savings,28327396,2026-12-02,YGY01,ACTIVE
12997,2905,Savings,13615491,2026-11-28,BDG01,ACTIVE
12998,5941,Time Deposit,813444362,2026-10-20,MDN01,ACTIVE
12999,5057,Savings,80240021,2026-04-29,BDG01,ACTIVE
13000,438,Savings,43317496,2027-09-17,SBY01,ACTIVE
13001,4119,Savings,14790737,2027-01-15,JKT01,ACTIVE
13002,4015,Savings,40352058,2027-11-16,JKT02,ACTIVE
13003,278,Time Deposit,1511227038,2026-04-22,MDN01,ACTIVE
13004,9650,Time Deposit,768257105,2026-11-08,MDN01,ACTIVE
13005,9656,Time Deposit,759981757,2026-08-18,YGY01,ACTIVE
13006,5543,Savings,11246365,2026-07-26,JKT02,ACTIVE
13007,6451,Savings,17881821,2027-08-06,BDG01,ACTIVE
13008,1664,Time Deposit,263364171,2026-12-26,YGY01,ACTIVE
13009,3250,Savings,110697099,2027-04-21,SBY01,ACTIVE
13010,3296,Time Deposit,414794421,2026-08-07,SBY01,ACTIVE
13011,5894,Savings,49858423,2027-03-18,BDG01,ACTIVE
13012,8212,Time Deposit,352412046,2026-10-10,SMG01,ACTIVE
13013,7295,Savings,34733434,2027-07-20,YGY01,ACTIVE
13014,6106,Savings,16828547,2027-05-04,MDN01,ACTIVE
13015,2885,Savings,155368803,2027-09-05,SBY01,ACTIVE
13016,858,Savings,11558562,2026-10-17,MDN01,ACTIVE
13017,6605,Savings,29557882,2027-03-20,JKT01,ACTIVE
13018,9348,Savings,17727173,2026-09-04,JKT01,ACTIVE
13019,9864,Time Deposit,1231404410,2026-06-05,SBY01,ACTIVE
13020,4170,Savings,13321893,2027-03-08,YGY01,ACTIVE
13021,8626,Savings,39141095,2026-07-31,MDN01,ACTIVE
13022,7526,Savings,60148077,2027-06-07,SBY01,ACTIVE
13023,6271,Savings,20222319,2026-12-01,JKT02,ACTIVE
13024,1398,Savings,24934462,2027-09-19,JKT02,ACTIVE
13025,3578,Savings,27424039,2026-11-17,SBY01,ACTIVE
13026,942,Savings,31598510,2028-03-11,JKT02,ACTIVE
13027,8609,Time Deposit,1752855771,2026-10-22,JKT01,ACTIVE
13028,2974,Savings,4619290,2027-07-02,YGY01,ACTIVE
13029,6302,Savings,39994628,2028-02-11,MDN01,ACTIVE
13030,8317,Savings,6900265,2027-01-30,SMG01,ACTIVE
13031,9181,Savings,68913514,2026-07-10,JKT02,ACTIVE
13032,5406,Time Deposit,1783615991,2027-01-08,YGY01,ACTIVE
13033,9111,Time Deposit,999834523,2026-05-06,MDN01,ACTIVE
13034,5768,Savings,7644733,2027-05-29,JKT02,ACTIVE
13035,6102,Savings,25869251,2027-03-20,YGY01,ACTIVE
13036,9387,Time Deposit,1361546554,2026-06-24,MDN01,ACTIVE
13037,5712,Time Deposit,452775336,2026-09-16,JKT01,ACTIVE
13038,844,Savings,49119470,2026-11-18,SMG01,ACTIVE
13039,7105,Savings,66572425,2028-02-08,SBY01,ACTIVE
13040,8584,Time Deposit,1092880429,2026-08-02,JKT01,ACTIVE
13041,5291,Savings,33018384,2027-04-09,MDN01,ACTIVE
13042,5576,Time Deposit,972959056,2026-06-17,YGY01,ACTIVE
13043,4526,Time Deposit,427513976,2026-05-10,SBY01,ACTIVE
13044,8629,Savings,76013639,2027-05-28,SBY01,ACTIVE
13045,1095,Savings,33069991,2026-06-10,JKT01,ACTIVE
13046,9611,Time Deposit,1858956280,2026-10-01,SMG01,ACTIVE
13047,5037,Savings,34539232,2026-07-21,BDG01,ACTIVE
13048,7129,Savings,17106661,2027-02-15,JKT01,ACTIVE
13049,505,Savings,58759207,2027-03-01,SBY01,ACTIVE
13050,5081,Time Deposit,792285227,2026-04-12,SBY01,ACTIVE
13051,3777,Time Deposit,221262865,2027-02-08,BDG01,ACTIVE
13052,2672,Savings,29967788,2027-01-10,JKT02,ACTIVE
13053,274,Time Deposit,432442571,2027-02-16,MDN01,ACTIVE
13054,4280,Savings,55290797,2027-09-13,BDG01,ACTIVE
13055,7011,Savings,19478995,2026-11-01,SMG01,ACTIVE
13056,1842,Savings,24192160,2027-09-24,JKT01,ACTIVE
13057,879,Savings,22981051,2026-09-24,SMG01,ACTIVE
13058,8952,Savings,78086973,2026-09-17,SMG01,ACTIVE
13059,5356,Savings,117131478,2027-09-05,JKT02,ACTIVE
13060,1242,Savings,182063258,2026-12-07,BDG01,ACTIVE
13061,9695,Savings,78434345,2027-11-28,MDN01,ACTIVE
13062,3434,Time Deposit,909166379,2027-02-26,JKT02,ACTIVE
13063,8747,Savings,32372441,2027-06-04,JKT02,ACTIVE
13064,22,Savings,14710996,2027-02-06,JKT01,ACTIVE
13065,5966,Time Deposit,1016071511,2026-10-19,SBY01,ACTIVE
13066,2374,Time Deposit,584111632,2026-10-17,SBY01,ACTIVE
13067,2929,Savings,11467792,2028-03-12,JKT01,ACTIVE
13068,2457,Time Deposit,264935787,2026-11-22,YGY01,ACTIVE
13069,8005,Time Deposit,1364063094,2027-03-03,SBY01,ACTIVE
13070,3797,Savings,100166292,2026-05-20,BDG01,ACTIVE
13071,5625,Savings,73128896,2026-10-25,YGY01,ACTIVE
13072,7490,Savings,186162017,2026-05-16,YGY01,ACTIVE
13073,2470,Savings,14441064,2027-01-13,MDN01,ACTIVE
13074,774,Savings,10039117,2028-01-11,JKT01,ACTIVE
13075,4362,Savings,29211006,2026-07-29,SMG01,ACTIVE
13076,6155,Savings,135963131,2027-07-05,JKT02,ACTIVE
13077,636,Savings,185673628,2026-12-26,YGY01,ACTIVE
13078,5137,Savings,64299614,2026-09-26,SMG01,ACTIVE
13079,6433,Time Deposit,664560554,2026-06-26,SMG01,ACTIVE
13080,1487,Savings,24008032,2026-09-30,JKT02,ACTIVE
13081,4040,Savings,94932803,2026-11-28,SMG01,ACTIVE
13082,1940,Savings,27547860,2027-03-10,SBY01,ACTIVE
13083,5988,Savings,22625715,2027-09-02,MDN01,ACTIVE
13084,8757,Time Deposit,438025411,2026-10-20,SMG01,ACTIVE
13085,7112,Time Deposit,599045920,2026-07-31,SMG01,ACTIVE
13086,978,Time Deposit,463291734,2026-06-09,JKT01,ACTIVE
13087,9953,Time Deposit,410343407,2026-11-18,SMG01,ACTIVE
13088,7880,Savings,10338483,2027-06-19,SMG01,ACTIVE
13089,2111,Savings,24792437,2026-12-21,YGY01,ACTIVE
13090,5595,Savings,11943103,2026-09-20,SMG01,ACTIVE
13091,5764,Savings,24382113,2026-12-28,YGY01,ACTIVE
13092,1385,Savings,82056126,2027-04-01,YGY01,ACTIVE
13093,9809,Savings,8277281,2027-08-24,SMG01,ACTIVE
13094,266,Time Deposit,1508500630,2027-01-11,MDN01,ACTIVE
13095,986,Time Deposit,1145462734,2026-04-05,JKT02,ACTIVE
13096,5919,Savings,27970869,2026-07-06,SMG01,ACTIVE
13097,847,Time Deposit,744067901,2026-11-20,MDN01,ACTIVE
13098,9547,Savings,81802918,2027-10-13,JKT02,ACTIVE
13099,663,Savings,4984907,2027-08-28,MDN01,ACTIVE
13100,254,Time Deposit,311440029,2026-12-06,JKT02,ACTIVE
13101,4995,Savings,10434865,2028-02-14,SMG01,ACTIVE
13102,8291,Savings,178326586,2027-12-13,MDN01,ACTIVE
13103,3966,Time Deposit,781242471,2026-07-01,JKT02,ACTIVE
13104,8578,Savings,36590764,2027-02-13,BDG01,ACTIVE
13105,385,Time Deposit,254455561,2026-06-23,MDN01,ACTIVE
13106,4890,Savings,69597946,2026-07-25,YGY01,ACTIVE
13107,961,Savings,171073788,2026-12-25,SBY01,ACTIVE
13108,8070,Savings,158653062,2026-12-13,JKT01,ACTIVE
13109,4351,Savings,6973893,2026-11-14,JKT02,ACTIVE
13110,5610,Time Deposit,726193115,2026-10-19,JKT02,ACTIVE
13111,6638,Time Deposit,779690648,2026-10-16,JKT01,ACTIVE
13112,9224,Savings,15427069,2026-09-12,SMG01,ACTIVE
13113,6731,Savings,39610298,2027-03-18,MDN01,ACTIVE
13114,9660,Savings,35534763,2028-02-18,YGY01,ACTIVE
13115,4955,Time Deposit,446430068,2026-06-26,YGY01,ACTIVE
13116,563,Time Deposit,1035680198,2026-09-02,JKT01,ACTIVE
13117,5244,Savings,21025123,2027-06-12,SMG01,ACTIVE
13118,3245,Time Deposit,418679754,2026-06-01,JKT02,ACTIVE
13119,9178,Savings,113839906,2027-01-03,YGY01,ACTIVE
13120,6399,Savings,56739527,2027-09-25,JKT01,ACTIVE
13121,7426,Savings,24604122,2026-04-17,BDG01,ACTIVE
13122,1640,Time Deposit,483258706,2026-10-28,JKT02,ACTIVE
13123,5022,Savings,31768114,2026-08-21,JKT02,ACTIVE
13124,8140,Savings,25062779,2028-01-26,SMG01,ACTIVE
13125,1646,Savings,108524202,2028-02-08,SMG01,ACTIVE
13126,4162,Time Deposit,1058031422,2026-04-06,JKT01,ACTIVE
13127,7969,Savings,46708247,2027-08-25,JKT02,ACTIVE
13128,303,Savings,63023683,2027-09-01,SBY01,ACTIVE
13129,6291,Savings,130578911,2028-02-04,MDN01,ACTIVE
13130,4352,Savings,37643478,2026-06-22,BDG01,ACTIVE
13131,6105,Savings,8577021,2027-01-28,SBY01,ACTIVE
13132,3073,Savings,8538398,2027-01-09,JKT01,ACTIVE
13133,2113,Savings,22225185,2027-02-20,SBY01,ACTIVE
13134,9480,Time Deposit,801328203,2026-09-02,MDN01,ACTIVE
13135,4358,Savings,6093497,2027-04-14,MDN01,ACTIVE
13136,4656,Savings,17277073,2026-10-08,YGY01,ACTIVE
13137,3108,Savings,16153139,2026-08-02,MDN01,ACTIVE
13138,9084,Savings,10451974,2028-01-28,SMG01,ACTIVE
13139,939,Savings,133928917,2027-06-29,JKT01,ACTIVE
13140,4799,Savings,14017965,2027-06-25,BDG01,ACTIVE
13141,8573,Time Deposit,768911035,2026-04-14,JKT02,ACTIVE
13142,8920,Time Deposit,153032777,2026-10-24,YGY01,ACTIVE
13143,5918,Savings,40669319,2027-08-01,JKT02,ACTIVE
13144,2446,Savings,7911555,2027-07-20,JKT02,ACTIVE
13145,7562,Time Deposit,1405251268,2026-06-16,SBY01,ACTIVE
13146,1859,Savings,37090108,2028-03-11,SMG01,ACTIVE
13147,8155,Savings,49284534,2026-07-10,SBY01,ACTIVE
13148,9281,Savings,12356405,2026-12-28,SBY01,ACTIVE
13149,5977,Time Deposit,696024147,2026-12-23,JKT01,ACTIVE
13150,3267,Time Deposit,1515350380,2026-05-14,SMG01,ACTIVE
13151,5028,Time Deposit,652079491,2026-11-20,JKT01,ACTIVE
13152,6068,Savings,10065794,2026-09-14,JKT02,ACTIVE
13153,4476,Savings,101125548,2027-04-07,JKT01,ACTIVE
13154,8803,Time Deposit,559588505,2026-09-11,YGY01,ACTIVE
13155,7794,Savings,141291927,2026-10-19,BDG01,ACTIVE
13156,114,Savings,11498497,2027-09-25,JKT02,ACTIVE
13157,991,Time Deposit,614783029,2027-03-12,SBY01,ACTIVE
13158,5524,Time Deposit,756328379,2026-06-28,SBY01,ACTIVE
13159,7736,Time Deposit,399496696,2027-03-06,YGY01,ACTIVE
13160,6513,Time Deposit,1258658980,2026-05-04,MDN01,ACTIVE
13161,7240,Savings,50206839,2027-05-17,JKT01,ACTIVE
13162,5644,Savings,23245058,2027-08-14,BDG01,ACTIVE
13163,6388,Savings,18218371,2027-01-31,SMG01,ACTIVE
13164,8673,Savings,53690827,2026-08-14,SBY01,ACTIVE
13165,7464,Savings,53788440,2028-02-11,BDG01,ACTIVE
13166,5049,Savings,9630525,2027-06-15,JKT02,ACTIVE
13167,7367,Savings,12762831,2026-08-20,SMG01,ACTIVE
13168,9695,Time Deposit,1470632152,2026-10-22,BDG01,ACTIVE
13169,4815,Savings,4182543,2026-09-28,SMG01,ACTIVE
13170,8186,Savings,101864509,2026-06-05,SMG01,ACTIVE
13171,8,Time Deposit,303371476,2026-08-06,BDG01,ACTIVE
13172,9909,Savings,72738496,2026-10-30,BDG01,ACTIVE
13173,1527,Time Deposit,914423208,2026-09-09,SMG01,ACTIVE
13174,5522,Savings,113377733,2026-07-22,MDN01,ACTIVE
13175,529,Savings,85546091,2027-06-25,JKT02,ACTIVE
13176,3420,Savings,53524041,2026-10-30,MDN01,ACTIVE
13177,3884,Savings,99376470,2026-08-20,MDN01,ACTIVE
13178,9056,Savings,133115755,2027-08-18,JKT02,ACTIVE
13179,6658,Savings,30615884,2026-10-18,YGY01,ACTIVE
13180,6096,Time Deposit,209275640,2026-08-08,SBY01,ACTIVE
13181,4219,Savings,22535444,2027-01-01,BDG01,ACTIVE
13182,6041,Savings,102467943,2026-05-11,SMG01,ACTIVE
13183,7573,Savings,37126134,2026-12-05,JKT01,ACTIVE
13184,9344,Savings,55418995,2027-03-15,JKT02,ACTIVE
13185,2143,Savings,70305307,2026-08-11,BDG01,ACTIVE
13186,3364,Time Deposit,975429215,2026-05-13,BDG01,ACTIVE
13187,1795,Savings,14970890,2027-03-11,JKT01,ACTIVE
13188,8476,Time Deposit,988373544,2026-12-06,SBY01,ACTIVE
13189,4315,Savings,26731101,2027-09-09,JKT01,ACTIVE
13190,7769,Savings,35578439,2026-08-11,YGY01,ACTIVE
13191,111,Time Deposit,259255592,2026-11-05,YGY01,ACTIVE
13192,1256,Time Deposit,1041712531,2026-07-16,YGY01,ACTIVE
13193,3701,Savings,43143334,2027-10-24,SBY01,ACTIVE
13194,5563,Savings,23573365,2027-09-30,YGY01,ACTIVE
13195,8911,Savings,12415703,2027-03-28,JKT02,ACTIVE
13196,4127,Time Deposit,872723809,2026-10-04,SBY01,ACTIVE
13197,578,Time Deposit,1517485410,2026-06-16,MDN01,ACTIVE
13198,7934,Time Deposit,496921012,2027-02-02,JKT01,ACTIVE
13199,8946,Time Deposit,397240426,2026-04-05,BDG01,ACTIVE
13200,436,Savings,9188499,2026-11-28,JKT02,ACTIVE
13201,2874,Savings,26311605,2027-04-21,SBY01,ACTIVE
13202,7037,Savings,37420783,2028-02-06,SMG01,ACTIVE
13203,2962,Time Deposit,1387752648,2026-06-27,JKT02,ACTIVE
13204,3933,Savings,19102306,2028-01-07,SBY01,ACTIVE
13205,6555,Savings,11165826,2027-08-11,SMG01,ACTIVE
13206,6602,Savings,57512036,2028-01-01,BDG01,ACTIVE
13207,2453,Savings,158361607,2028-02-17,JKT01,ACTIVE
13208,7962,Savings,17641888,2027-03-10,SMG01,ACTIVE
13209,3061,Savings,42571947,2027-07-21,SBY01,ACTIVE
13210,7856,Savings,11082290,2026-06-22,MDN01,ACTIVE
13211,3653,Time Deposit,991092304,2026-07-22,JKT01,ACTIVE
13212,6541,Savings,36606641,2026-09-03,YGY01,ACTIVE
13213,8349,Time Deposit,594695516,2027-02-18,SBY01,ACTIVE
13214,886,Time Deposit,453720058,2026-10-21,SMG01,ACTIVE
13215,7941,Time Deposit,977266194,2026-05-04,JKT02,ACTIVE
13216,4354,Savings,13871096,2027-08-09,MDN01,ACTIVE
13217,2068,Savings,24834591,2026-05-13,SBY01,ACTIVE
13218,2561,Time Deposit,1081009846,2026-04-03,SBY01,ACTIVE
13219,5093,Time Deposit,928874935,2026-04-22,JKT02,ACTIVE
13220,6649,Savings,9598953,2026-05-08,SMG01,ACTIVE
13221,127,Savings,7986130,2026-05-01,SMG01,ACTIVE
13222,5493,Savings,6210838,2027-03-18,SBY01,ACTIVE
13223,6727,Savings,141841555,2027-04-24,JKT02,ACTIVE
13224,9081,Savings,14741180,2026-11-04,JKT01,ACTIVE
13225,6470,Savings,11903853,2027-10-18,SBY01,ACTIVE
13226,7902,Time Deposit,1924163497,2026-11-06,BDG01,ACTIVE
13227,8345,Savings,26764071,2027-05-13,SBY01,ACTIVE
13228,3220,Time Deposit,1599584876,2027-01-31,MDN01,ACTIVE
13229,960,Time Deposit,1057357723,2026-11-17,BDG01,ACTIVE
13230,9557,Savings,23944667,2028-02-27,YGY01,ACTIVE
13231,6257,Time Deposit,276101605,2026-10-13,YGY01,ACTIVE
13232,6371,Savings,5385084,2027-04-17,MDN01,ACTIVE
13233,4373,Savings,89957814,2026-10-14,SBY01,ACTIVE
13234,1942,Time Deposit,770945965,2026-08-18,JKT02,ACTIVE
13235,9994,Savings,17025584,2027-05-23,SBY01,ACTIVE
13236,732,Savings,3749932,2027-06-05,MDN01,ACTIVE
13237,65,Savings,15286838,2027-08-31,JKT02,ACTIVE
13238,928,Time Deposit,771938350,2026-06-12,BDG01,ACTIVE
13239,4977,Savings,6233543,2027-11-12,MDN01,ACTIVE
13240,1447,Time Deposit,329667117,2026-09-22,MDN01,ACTIVE
13241,3761,Time Deposit,576181137,2026-06-19,SMG01,ACTIVE
13242,7327,Savings,10038477,2027-01-16,JKT02,ACTIVE
13243,8608,Savings,26241209,2027-02-26,JKT01,ACTIVE
13244,7118,Savings,150652473,2026-05-18,JKT02,ACTIVE
13245,3339,Time Deposit,651082371,2027-02-21,MDN01,ACTIVE
13246,9077,Time Deposit,855578329,2027-03-16,YGY01,ACTIVE
13247,6261,Savings,29901287,2026-06-26,JKT02,ACTIVE
13248,1259,Savings,49069218,2027-12-05,SMG01,ACTIVE
13249,2556,Savings,186062752,2028-02-14,BDG01,ACTIVE
13250,5337,Savings,16015513,2027-04-18,JKT02,ACTIVE
13251,8923,Savings,141686016,2027-11-01,MDN01,ACTIVE
13252,3701,Time Deposit,530622338,2027-02-02,YGY01,ACTIVE
13253,1980,Savings,91380510,2027-09-12,MDN01,ACTIVE
13254,6662,Savings,8142580,2026-06-10,JKT02,ACTIVE
13255,7461,Time Deposit,1199525582,2027-03-01,SMG01,ACTIVE
13256,9092,Savings,22976393,2027-10-06,MDN01,ACTIVE
13257,4686,Time Deposit,932011994,2026-10-12,JKT02,ACTIVE
13258,7902,Time Deposit,450121231,2026-04-13,SBY01,ACTIVE
13259,3449,Time Deposit,365000747,2026-07-20,MDN01,ACTIVE
13260,5344,Savings,135808820,2026-12-15,BDG01,ACTIVE
13261,9051,Time Deposit,742411236,2026-11-16,JKT02,ACTIVE
13262,9836,Savings,14196788,2026-07-07,JKT01,ACTIVE
13263,3430,Savings,9077862,2026-07-14,BDG01,ACTIVE
13264,7317,Savings,9625741,2027-03-17,SMG01,ACTIVE
13265,6299,Savings,197570482,2026-05-10,SMG01,ACTIVE
13266,8242,Time Deposit,627844352,2026-06-22,SBY01,ACTIVE
13267,9403,Savings,40179779,2027-09-27,JKT02,ACTIVE
13268,7518,Time Deposit,722032929,2027-03-02,YGY01,ACTIVE
13269,5076,Time Deposit,418833414,2027-01-30,JKT02,ACTIVE
13270,1836,Savings,14220014,2027-07-20,SMG01,ACTIVE
13271,1143,Time Deposit,826510592,2026-07-13,SBY01,ACTIVE
13272,7320,Time Deposit,1300657215,2027-02-25,JKT01,ACTIVE
13273,9647,Time Deposit,610422090,2027-01-17,BDG01,ACTIVE
13274,6374,Savings,13895165,2027-06-30,BDG01,ACTIVE
13275,4147,Savings,14567087,2026-08-09,BDG01,ACTIVE
13276,897,Time Deposit,1828971491,2026-04-23,YGY01,ACTIVE
13277,2667,Savings,18827966,2027-09-15,SMG01,ACTIVE
13278,4019,Savings,25139318,2027-06-18,SMG01,ACTIVE
13279,2755,Time Deposit,651877952,2027-01-28,SBY01,ACTIVE
13280,2218,Time Deposit,572336765,2027-03-15,MDN01,ACTIVE
13281,824,Savings,23191599,2026-12-19,MDN01,ACTIVE
13282,6088,Savings,75774014,2028-01-18,SBY01,ACTIVE
13283,2106,Time Deposit,523550958,2026-12-01,JKT02,ACTIVE
13284,119,Time Deposit,787031900,2026-12-22,BDG01,ACTIVE
13285,283,Savings,19123894,2026-07-08,SBY01,ACTIVE
13286,4063,Savings,65805140,2028-02-16,MDN01,ACTIVE
13287,9040,Savings,202947087,2026-08-23,SBY01,ACTIVE
13288,6400,Savings,35652332,2027-09-17,YGY01,ACTIVE
13289,3417,Savings,56754189,2026-07-16,SMG01,ACTIVE
13290,1992,Time Deposit,167229378,2026-04-22,SBY01,ACTIVE
13291,5535,Savings,19081343,2027-06-11,SBY01,ACTIVE
13292,6069,Time Deposit,543786191,2026-06-10,MDN01,ACTIVE
13293,92,Time Deposit,386116999,2026-10-02,SMG01,ACTIVE
13294,4956,Savings,10238022,2026-07-31,BDG01,ACTIVE
13295,1134,Time Deposit,697233488,2026-08-29,JKT02,ACTIVE
13296,7837,Time Deposit,1205334977,2026-04-26,JKT01,ACTIVE
13297,4978,Savings,40742030,2026-12-21,SMG01,ACTIVE
13298,8662,Time Deposit,885633122,2026-07-04,JKT02,ACTIVE
13299,2784,Time Deposit,506129478,2026-09-10,BDG01,ACTIVE
13300,2156,Savings,166331765,2026-08-25,YGY01,ACTIVE
13301,8903,Time Deposit,434842944,2026-07-16,SBY01,ACTIVE
13302,3507,Time Deposit,1320972756,2026-12-25,SMG01,ACTIVE
13303,1034,Savings,90517142,2027-01-02,SMG01,ACTIVE
13304,9575,Savings,79981561,2026-12-28,JKT02,ACTIVE
13305,1089,Savings,26935672,2026-05-22,JKT01,ACTIVE
13306,2538,Time Deposit,1411519366,2026-05-20,JKT02,ACTIVE
13307,4422,Time Deposit,1267957778,2027-01-29,JKT01,ACTIVE
13308,3327,Savings,45410656,2027-07-07,SBY01,ACTIVE
13309,7843,Savings,39221751,2026-11-11,SMG01,ACTIVE
13310,6586,Time Deposit,612520156,2027-02-17,SMG01,ACTIVE
13311,3527,Savings,175190827,2027-12-18,SBY01,ACTIVE
13312,1507,Savings,86035621,2027-03-12,SMG01,ACTIVE
13313,6644,Savings,149108119,2026-12-17,SBY01,ACTIVE
13314,9177,Time Deposit,494480230,2026-05-12,SMG01,ACTIVE
13315,6456,Savings,71169125,2026-06-05,MDN01,ACTIVE
13316,4826,Savings,21545610,2026-06-28,YGY01,ACTIVE
13317,8535,Time Deposit,1412290629,2026-07-10,SMG01,ACTIVE
13318,287,Savings,55703647,2027-07-08,JKT02,ACTIVE
13319,4024,Savings,11102872,2027-03-15,MDN01,ACTIVE
13320,9513,Savings,5539478,2026-08-09,MDN01,ACTIVE
13321,8098,Savings,38670632,2027-05-03,JKT01,ACTIVE
13322,6419,Time Deposit,630518647,2026-11-01,YGY01,ACTIVE
13323,3918,Savings,127278551,2027-07-01,BDG01,ACTIVE
13324,380,Savings,30473144,2026-11-01,SMG01,ACTIVE
13325,6799,Time Deposit,1340448143,2026-04-03,BDG01,ACTIVE
13326,7942,Savings,39080447,2027-03-08,JKT01,ACTIVE
13327,9574,Savings,212949187,2027-05-15,YGY01,ACTIVE
13328,1460,Time Deposit,570923828,2026-07-21,JKT02,ACTIVE
13329,3785,Savings,11485050,2027-11-16,BDG01,ACTIVE
13330,6450,Savings,104292592,2027-01-28,JKT02,ACTIVE
13331,8522,Savings,34043759,2027-11-16,YGY01,ACTIVE
13332,2428,Savings,29143417,2027-01-27,JKT01,ACTIVE
13333,3251,Savings,118767957,2026-05-25,YGY01,ACTIVE
13334,8670,Savings,8958195,2027-03-22,SBY01,ACTIVE
13335,80,Time Deposit,1038031889,2027-02-10,YGY01,ACTIVE
13336,3243,Time Deposit,554974945,2027-01-05,JKT01,ACTIVE
13337,9205,Time Deposit,163104552,2026-04-04,YGY01,ACTIVE
13338,7812,Savings,31155693,2026-07-05,SMG01,ACTIVE
13339,9582,Time Deposit,166967749,2026-08-23,BDG01,ACTIVE
13340,150,Savings,130685261,2027-09-14,MDN01,ACTIVE
13341,1276,Savings,13308282,2027-04-17,SBY01,ACTIVE
13342,7093,Time Deposit,632499622,2027-01-10,MDN01,ACTIVE
13343,393,Savings,31528170,2027-12-29,YGY01,ACTIVE
13344,6421,Savings,91259517,2026-08-28,SMG01,ACTIVE
13345,8416,Time Deposit,1225315295,2027-03-14,SBY01,ACTIVE
13346,1474,Savings,19261899,2026-12-19,MDN01,ACTIVE
13347,4186,Savings,37682358,2027-10-12,SMG01,ACTIVE
13348,335,Time Deposit,1336420526,2026-11-20,JKT02,ACTIVE
13349,2755,Savings,161065817,2027-12-24,BDG01,ACTIVE
13350,8965,Savings,36864548,2026-08-31,JKT01,ACTIVE
13351,8597,Savings,64238215,2026-08-02,MDN01,ACTIVE
13352,2779,Savings,4530104,2027-03-12,MDN01,ACTIVE
13353,4387,Time Deposit,753443667,2026-12-04,SBY01,ACTIVE
13354,3259,Savings,15161433,2026-08-12,BDG01,ACTIVE
13355,1746,Savings,225124190,2026-09-10,SBY01,ACTIVE
13356,1060,Savings,125008548,2027-08-21,SBY01,ACTIVE
13357,8040,Savings,166654443,2028-01-17,SMG01,ACTIVE
13358,2472,Savings,5980816,2026-07-31,JKT02,ACTIVE
13359,1915,Time Deposit,1100250087,2026-07-04,JKT02,ACTIVE
13360,3916,Savings,7340447,2026-08-12,SMG01,ACTIVE
13361,9447,Savings,51733584,2026-07-12,SBY01,ACTIVE
13362,7434,Time Deposit,759565852,2027-01-08,MDN01,ACTIVE
13363,6664,Savings,36310475,2027-06-02,SBY01,ACTIVE
13364,9908,Time Deposit,709693128,2026-07-12,JKT01,ACTIVE
13365,7302,Time Deposit,488417291,2027-02-16,JKT02,ACTIVE
13366,866,Time Deposit,96702624,2026-10-21,BDG01,ACTIVE
13367,4744,Savings,4285615,2028-01-21,SMG01,ACTIVE
13368,3756,Savings,3305505,2026-06-24,MDN01,ACTIVE
13369,6378,Savings,40742727,2026-07-16,JKT02,ACTIVE
13370,6904,Savings,14004180,2028-02-24,JKT01,ACTIVE
13371,9766,Time Deposit,311458930,2027-02-01,BDG01,ACTIVE
13372,6122,Savings,186994726,2027-04-26,JKT01,ACTIVE
13373,2072,Savings,45585884,2026-11-20,SMG01,ACTIVE
13374,6133,Savings,45632750,2026-09-18,MDN01,ACTIVE
13375,1914,Savings,31113471,2026-08-25,BDG01,ACTIVE
13376,4504,Savings,35624795,2027-03-02,JKT02,ACTIVE
13377,2489,Time Deposit,1579432068,2026-04-04,YGY01,ACTIVE
13378,6644,Savings,127099701,2027-07-04,SBY01,ACTIVE
13379,3328,Time Deposit,1016163737,2026-12-03,JKT02,ACTIVE
13380,9513,Savings,7605039,2026-11-02,SMG01,ACTIVE
13381,5481,Savings,18352084,2028-03-02,JKT02,ACTIVE
13382,150,Time Deposit,271070826,2026-07-05,YGY01,ACTIVE
13383,9947,Savings,32566491,2026-07-08,JKT01,ACTIVE
13384,9498,Time Deposit,1110440674,2026-11-22,BDG01,ACTIVE
13385,4784,Time Deposit,617392898,2027-01-31,BDG01,ACTIVE
13386,4376,Time Deposit,779430861,2027-03-01,SMG01,ACTIVE
13387,9567,Savings,25777123,2026-06-29,JKT02,ACTIVE
13388,7005,Time Deposit,612731376,2026-06-12,JKT01,ACTIVE
13389,4231,Savings,18841512,2026-12-18,BDG01,ACTIVE
13390,5743,Savings,29859555,2028-01-15,MDN01,ACTIVE
13391,1075,Savings,42065624,2027-11-02,JKT02,ACTIVE
13392,1154,Savings,15627753,2026-06-30,JKT02,ACTIVE
13393,9460,Savings,35479244,2027-10-06,YGY01,ACTIVE
13394,1133,Time Deposit,492623966,2026-05-01,YGY01,ACTIVE
13395,1307,Savings,38089434,2027-06-25,YGY01,ACTIVE
13396,9280,Savings,8873525,2026-05-21,MDN01,ACTIVE
13397,4205,Savings,68828385,2026-12-27,BDG01,ACTIVE
13398,5544,Savings,12864332,2027-09-20,JKT02,ACTIVE
13399,2249,Savings,65540435,2027-02-17,JKT02,ACTIVE
13400,5631,Time Deposit,1514762680,2026-07-26,JKT02,ACTIVE
13401,218,Savings,31484674,2027-04-28,JKT02,ACTIVE
13402,3109,Savings,83014270,2027-05-08,BDG01,ACTIVE
13403,118,Savings,3567072,2027-04-13,MDN01,ACTIVE
13404,3081,Savings,8105234,2027-02-24,JKT02,ACTIVE
13405,5249,Savings,28236695,2027-12-17,MDN01,ACTIVE
13406,2536,Time Deposit,437277833,2026-10-28,JKT01,ACTIVE
13407,9008,Time Deposit,555924281,2026-08-21,JKT01,ACTIVE
13408,2409,Savings,16489164,2026-08-07,JKT02,ACTIVE
13409,2206,Savings,17083879,2026-07-31,YGY01,ACTIVE
13410,285,Savings,10307419,2027-05-26,SBY01,ACTIVE
13411,7133,Savings,144403450,2027-12-30,JKT01,ACTIVE
13412,3969,Savings,104209796,2026-04-23,SMG01,ACTIVE
13413,9513,Savings,17155423,2028-03-12,SMG01,ACTIVE
13414,3331,Savings,26256767,2026-06-18,SBY01,ACTIVE
13415,9950,Time Deposit,318620542,2026-12-13,BDG01,ACTIVE
13416,3181,Time Deposit,674900994,2026-12-08,YGY01,ACTIVE
13417,6858,Savings,191363403,2027-01-21,SMG01,ACTIVE
13418,1226,Time Deposit,484605644,2026-04-21,MDN01,ACTIVE
13419,4402,Time Deposit,344933111,2026-05-10,BDG01,ACTIVE
13420,4097,Savings,199209423,2026-10-15,SBY01,ACTIVE
13421,5971,Savings,24031231,2026-11-05,JKT01,ACTIVE
13422,2938,Time Deposit,1273035110,2026-08-24,SMG01,ACTIVE
13423,9971,Savings,11174128,2027-08-11,MDN01,ACTIVE
13424,1,Savings,24406883,2027-11-21,SBY01,ACTIVE
13425,8290,Time Deposit,765332472,2026-05-21,SBY01,ACTIVE
13426,4800,Savings,22464089,2026-05-21,JKT01,ACTIVE
13427,8179,Savings,44075829,2026-05-26,SBY01,ACTIVE
13428,3186,Time Deposit,522846801,2026-04-14,YGY01,ACTIVE
13429,567,Savings,6382453,2026-09-09,MDN01,ACTIVE
13430,9056,Time Deposit,1699674137,2026-07-18,MDN01,ACTIVE
13431,4423,Savings,26882923,2026-10-11,JKT01,ACTIVE
13432,1429,Savings,30916009,2027-04-22,SBY01,ACTIVE
13433,1285,Time Deposit,793240602,2026-12-14,SMG01,ACTIVE
13434,6424,Savings,90079436,2026-06-24,JKT02,ACTIVE
13435,9430,Savings,115121298,2027-08-03,YGY01,ACTIVE
13436,1195,Savings,5861660,2026-08-26,JKT02,ACTIVE
13437,6651,Time Deposit,381032376,2026-07-25,JKT02,ACTIVE
13438,232,Savings,201079731,2027-05-12,SBY01,ACTIVE
13439,6896,Time Deposit,199739829,2026-10-22,YGY01,ACTIVE
13440,2418,Time Deposit,771471446,2026-10-18,SMG01,ACTIVE
13441,9302,Savings,67411942,2027-08-10,MDN01,ACTIVE
13442,712,Savings,100466988,2027-11-07,JKT02,ACTIVE
13443,9065,Time Deposit,479905621,2026-09-28,MDN01,ACTIVE
13444,3870,Time Deposit,1240803594,2026-09-14,JKT01,ACTIVE
13445,1686,Savings,96913455,2027-04-16,SMG01,ACTIVE
13446,4190,Savings,15069235,2026-12-15,BDG01,ACTIVE
13447,8777,Savings,15756110,2026-07-19,MDN01,ACTIVE
13448,1937,Time Deposit,1070429881,2027-01-02,YGY01,ACTIVE
13449,7206,Time Deposit,540650656,2026-08-28,BDG01,ACTIVE
13450,9800,Savings,40727396,2027-12-19,SBY01,ACTIVE
13451,2162,Savings,62287241,2027-06-04,BDG01,ACTIVE
13452,6925,Savings,58528596,2027-12-24,SMG01,ACTIVE
13453,3919,Time Deposit,459491458,2027-01-30,JKT02,ACTIVE
13454,6439,Savings,53004197,2027-09-17,JKT02,ACTIVE
13455,2745,Time Deposit,1168168916,2026-10-07,SMG01,ACTIVE
13456,3880,Savings,19691558,2027-09-25,YGY01,ACTIVE
13457,3823,Savings,11330546,2026-08-23,JKT01,ACTIVE
13458,148,Time Deposit,365099227,2026-11-28,SBY01,ACTIVE
13459,7888,Savings,60845215,2027-02-25,YGY01,ACTIVE
13460,2438,Savings,87927735,2027-02-15,SMG01,ACTIVE
13461,26,Savings,11778328,2027-05-23,JKT02,ACTIVE
13462,4403,Savings,31718931,2027-08-04,SMG01,ACTIVE
13463,8096,Time Deposit,444190610,2027-01-06,SMG01,ACTIVE
13464,4515,Savings,12560533,2027-05-04,JKT02,ACTIVE
13465,1637,Savings,12416591,2026-08-21,SMG01,ACTIVE
13466,4580,Time Deposit,636621454,2026-07-22,JKT01,ACTIVE
13467,9232,Time Deposit,362940572,2026-04-03,YGY01,ACTIVE
13468,2760,Time Deposit,126245858,2026-09-18,JKT01,ACTIVE
13469,1628,Time Deposit,1707607804,2026-10-29,SMG01,ACTIVE
13470,1886,Time Deposit,792689109,2026-09-30,JKT02,ACTIVE
13471,4379,Savings,77161145,2027-04-10,JKT02,ACTIVE
13472,4416,Savings,60073714,2026-04-21,JKT02,ACTIVE
13473,4218,Time Deposit,1722694546,2026-05-09,JKT02,ACTIVE
13474,3831,Savings,10949347,2027-10-21,JKT02,ACTIVE
13475,7696,Savings,37416360,2026-10-22,BDG01,ACTIVE
13476,5487,Savings,15983410,2027-12-25,BDG01,ACTIVE
13477,2703,Savings,41653673,2026-09-06,SBY01,ACTIVE
13478,1261,Savings,21192634,2027-09-20,JKT01,ACTIVE
13479,178,Savings,82157187,2026-05-20,JKT01,ACTIVE
13480,7349,Time Deposit,455308212,2027-02-01,SBY01,ACTIVE
13481,3926,Savings,12872867,2026-06-06,YGY01,ACTIVE
13482,3654,Savings,21556980,2026-07-08,YGY01,ACTIVE
13483,824,Savings,24001741,2027-10-15,SBY01,ACTIVE
13484,9315,Time Deposit,334786032,2026-07-28,SMG01,ACTIVE
13485,3333,Savings,82053186,2027-06-10,MDN01,ACTIVE
13486,5102,Savings,42136134,2027-03-01,YGY01,ACTIVE
13487,9741,Savings,34425206,2026-11-04,BDG01,ACTIVE
13488,2522,Savings,35631925,2027-02-03,BDG01,ACTIVE
13489,1776,Savings,18030780,2027-06-20,BDG01,ACTIVE
13490,2984,Savings,88689351,2026-08-17,SMG01,ACTIVE
13491,1657,Time Deposit,796938828,2026-09-06,YGY01,ACTIVE
13492,687,Savings,9076784,2026-12-13,MDN01,ACTIVE
13493,5453,Time Deposit,925531931,2026-07-15,MDN01,ACTIVE
13494,5393,Savings,123686508,2026-06-21,SMG01,ACTIVE
13495,3082,Savings,52765208,2026-09-03,JKT02,ACTIVE
13496,5803,Time Deposit,197843799,2026-10-03,MDN01,ACTIVE
13497,7291,Savings,37006403,2026-05-19,MDN01,ACTIVE
13498,8201,Savings,167518102,2027-04-27,JKT02,ACTIVE
13499,2966,Savings,174317458,2027-05-22,SBY01,ACTIVE
13500,5002,Savings,7823681,2027-07-22,SMG01,ACTIVE
13501,8204,Savings,86761980,2027-09-03,YGY01,ACTIVE
13502,2637,Savings,70104609,2027-07-15,MDN01,ACTIVE
13503,3653,Savings,123095744,2026-09-21,SMG01,ACTIVE
13504,90,Savings,27484751,2027-11-08,SBY01,ACTIVE
13505,232,Savings,67466104,2026-12-31,BDG01,ACTIVE
13506,2326,Savings,14483423,2027-10-08,SBY01,ACTIVE
13507,427,Time Deposit,1171131911,2027-03-10,BDG01,ACTIVE
13508,5560,Savings,137999460,2026-10-25,SMG01,ACTIVE
13509,5227,Savings,51061844,2026-06-30,MDN01,ACTIVE
13510,71,Time Deposit,330146340,2026-09-02,BDG01,ACTIVE
13511,6317,Savings,93093992,2027-12-09,JKT02,ACTIVE
13512,9978,Savings,33112717,2027-10-17,JKT01,ACTIVE
13513,5279,Savings,41972846,2027-11-16,SBY01,ACTIVE
13514,9875,Time Deposit,380457458,2026-11-19,JKT01,ACTIVE
13515,7320,Time Deposit,961258146,2026-08-12,YGY01,ACTIVE
13516,9655,Savings,37169553,2027-01-19,JKT01,ACTIVE
13517,1244,Time Deposit,646833981,2027-02-20,MDN01,ACTIVE
13518,8998,Time Deposit,527194701,2026-08-21,SMG01,ACTIVE
13519,4018,Savings,4477590,2026-09-08,JKT02,ACTIVE
13520,9899,Savings,18751331,2026-06-14,MDN01,ACTIVE
13521,7546,Time Deposit,325640322,2026-09-01,SMG01,ACTIVE
13522,4404,Savings,13176442,2026-12-01,MDN01,ACTIVE
13523,6174,Savings,25343463,2027-11-07,SBY01,ACTIVE
13524,8490,Savings,11370138,2026-08-17,SMG01,ACTIVE
13525,6420,Savings,145995138,2026-05-25,MDN01,ACTIVE
13526,4818,Time Deposit,1825566498,2026-04-25,SMG01,ACTIVE
13527,5588,Savings,95016114,2027-09-28,BDG01,ACTIVE
13528,9472,Savings,110461145,2026-11-12,JKT02,ACTIVE
13529,9748,Savings,9346781,2026-08-20,JKT02,ACTIVE
13530,5088,Time Deposit,187682129,2026-09-10,MDN01,ACTIVE
13531,3184,Savings,17479524,2028-02-05,MDN01,ACTIVE
13532,6246,Savings,66922677,2026-09-17,MDN01,ACTIVE
13533,318,Savings,16367051,2026-07-28,SMG01,ACTIVE
13534,8944,Savings,27416637,2027-01-09,SMG01,ACTIVE
13535,9884,Savings,72671942,2027-10-03,YGY01,ACTIVE
13536,2636,Time Deposit,1142573104,2026-03-31,SMG01,ACTIVE
13537,3442,Time Deposit,254079279,2026-06-05,BDG01,ACTIVE
13538,7157,Time Deposit,1048766016,2026-08-25,JKT02,ACTIVE
13539,543,Time Deposit,609182022,2027-03-06,YGY01,ACTIVE
13540,3381,Savings,23432311,2026-10-28,BDG01,ACTIVE
13541,1914,Savings,34709445,2026-12-28,SMG01,ACTIVE
13542,1503,Time Deposit,1573872313,2027-03-04,SBY01,ACTIVE
13543,9155,Time Deposit,1040565380,2027-02-20,JKT01,ACTIVE
13544,1336,Time Deposit,85441749,2026-07-18,BDG01,ACTIVE
13545,1381,Savings,23953166,2027-04-27,SBY01,ACTIVE
13546,1299,Savings,39201711,2027-09-03,SBY01,ACTIVE
13547,3232,Savings,145876553,2027-06-06,JKT02,ACTIVE
13548,19,Time Deposit,388605587,2026-06-15,JKT01,ACTIVE
13549,8184,Savings,25255520,2027-01-25,JKT02,ACTIVE
13550,670,Time Deposit,616039345,2026-05-04,MDN01,ACTIVE
13551,8796,Savings,2059064,2026-04-22,MDN01,ACTIVE
13552,2996,Time Deposit,740945054,2026-07-05,YGY01,ACTIVE
13553,9301,Savings,16665081,2027-05-24,MDN01,ACTIVE
13554,4086,Savings,60578830,2026-05-17,SMG01,ACTIVE
13555,9210,Time Deposit,1210352786,2027-01-06,SMG01,ACTIVE
13556,8464,Savings,44036738,2026-08-14,YGY01,ACTIVE
13557,457,Savings,89430203,2027-01-18,BDG01,ACTIVE
13558,2073,Time Deposit,1131729672,2026-12-01,JKT02,ACTIVE
13559,2862,Time Deposit,267808072,2026-12-10,JKT01,ACTIVE
13560,9280,Time Deposit,199419395,2026-05-27,JKT02,ACTIVE
13561,6981,Savings,31030816,2027-04-04,YGY01,ACTIVE
13562,9730,Time Deposit,984073699,2026-04-14,YGY01,ACTIVE
13563,2524,Savings,176698020,2027-10-21,JKT01,ACTIVE
13564,7112,Time Deposit,606610368,2026-11-01,SMG01,ACTIVE
13565,8602,Time Deposit,443819992,2027-01-21,YGY01,ACTIVE
13566,8877,Time Deposit,812357792,2026-11-07,BDG01,ACTIVE
13567,4336,Time Deposit,228480534,2026-08-16,MDN01,ACTIVE
13568,9072,Savings,24980078,2026-05-28,MDN01,ACTIVE
13569,7026,Savings,142925969,2027-03-16,MDN01,ACTIVE
13570,1715,Savings,34221570,2027-12-17,JKT02,ACTIVE
13571,8185,Savings,3678958,2026-04-22,JKT01,ACTIVE
13572,8166,Time Deposit,360518208,2026-09-21,SBY01,ACTIVE
13573,8022,Savings,42874897,2026-09-26,BDG01,ACTIVE
13574,7897,Savings,16714092,2026-10-24,BDG01,ACTIVE
13575,4626,Savings,87674742,2026-04-21,JKT01,ACTIVE
13576,1076,Savings,29199048,2026-04-17,JKT01,ACTIVE
13577,2911,Savings,116303846,2026-10-09,BDG01,ACTIVE
13578,3593,Time Deposit,402710213,2026-10-23,SBY01,ACTIVE
13579,8310,Time Deposit,338859682,2026-07-12,JKT02,ACTIVE
13580,5766,Savings,13377987,2027-02-21,MDN01,ACTIVE
13581,1582,Savings,13237536,2026-07-12,JKT02,ACTIVE
13582,9208,Time Deposit,242269723,2027-01-06,JKT02,ACTIVE
13583,2187,Time Deposit,531359162,2027-02-08,YGY01,ACTIVE
13584,593,Savings,64960620,2027-01-24,MDN01,ACTIVE
13585,1653,Time Deposit,1060266622,2026-07-18,JKT01,ACTIVE
13586,3966,Savings,140968804,2026-09-07,BDG01,ACTIVE
13587,857,Savings,39481907,2026-07-14,YGY01,ACTIVE
13588,8955,Time Deposit,791690367,2027-03-11,MDN01,ACTIVE
13589,5636,Time Deposit,805308724,2026-05-02,BDG01,ACTIVE
13590,1380,Savings,118299910,2027-09-10,JKT01,ACTIVE
13591,7172,Time Deposit,1368705604,2026-07-10,JKT01,ACTIVE
13592,1297,Savings,88763907,2027-10-08,SBY01,ACTIVE
13593,7883,Savings,15618850,2026-11-11,JKT01,ACTIVE
13594,2857,Savings,116563143,2027-12-29,YGY01,ACTIVE
13595,7223,Savings,9041275,2026-10-26,JKT02,ACTIVE
13596,4866,Time Deposit,443717450,2026-08-31,BDG01,ACTIVE
13597,6800,Savings,14201442,2028-02-10,YGY01,ACTIVE
13598,4319,Time Deposit,449751615,2026-06-06,YGY01,ACTIVE
13599,7433,Savings,30217737,2027-06-10,JKT02,ACTIVE
13600,2324,Time Deposit,501822680,2026-05-07,JKT02,ACTIVE
13601,9611,Savings,200365629,2027-01-11,MDN01,ACTIVE
13602,6729,Savings,19317920,2026-08-27,SBY01,ACTIVE
13603,8914,Savings,14972032,2026-06-27,JKT01,ACTIVE
13604,1184,Time Deposit,697231844,2026-12-01,SMG01,ACTIVE
13605,7813,Savings,170687625,2027-05-29,SBY01,ACTIVE
13606,9943,Time Deposit,1279570586,2026-10-06,YGY01,ACTIVE
13607,6743,Savings,34641727,2028-01-03,SBY01,ACTIVE
13608,487,Savings,6929130,2026-05-14,MDN01,ACTIVE
13609,5459,Time Deposit,1278515906,2026-04-17,SBY01,ACTIVE
13610,1620,Time Deposit,215878494,2027-01-18,SBY01,ACTIVE
13611,3011,Savings,72569661,2027-10-04,JKT02,ACTIVE
13612,8889,Savings,84200316,2026-10-17,JKT02,ACTIVE
13613,1656,Time Deposit,371364461,2027-02-19,SBY01,ACTIVE
13614,9135,Savings,51844821,2026-10-18,SBY01,ACTIVE
13615,5531,Time Deposit,1307297695,2026-07-29,JKT02,ACTIVE
13616,2674,Time Deposit,944051719,2026-07-23,YGY01,ACTIVE
13617,8056,Time Deposit,603612629,2026-06-08,JKT02,ACTIVE
13618,9044,Time Deposit,658944035,2026-04-28,JKT01,ACTIVE
13619,3876,Savings,35851847,2027-11-21,SBY01,ACTIVE
13620,6354,Time Deposit,198093249,2026-11-10,SMG01,ACTIVE
13621,1886,Savings,101501937,2028-02-18,SMG01,ACTIVE
13622,396,Savings,36787991,2026-10-03,SBY01,ACTIVE
13623,4839,Time Deposit,396551763,2026-12-27,SBY01,ACTIVE
13624,1223,Savings,97933571,2026-12-26,MDN01,ACTIVE
13625,5814,Savings,22066442,2026-06-08,JKT02,ACTIVE
13626,1253,Savings,27100627,2027-01-14,YGY01,ACTIVE
13627,2897,Time Deposit,351742603,2027-01-16,MDN01,ACTIVE
13628,3131,Time Deposit,1724113514,2026-10-16,MDN01,ACTIVE
13629,9906,Savings,89731524,2026-06-17,SMG01,ACTIVE
13630,6246,Savings,93115073,2026-08-02,MDN01,ACTIVE
13631,1519,Savings,4084643,2027-03-23,SBY01,ACTIVE
13632,8089,Savings,20503117,2026-09-20,SBY01,ACTIVE
13633,4283,Savings,6233452,2028-01-27,JKT02,ACTIVE
13634,7824,Savings,91700628,2026-05-15,JKT01,ACTIVE
13635,9451,Time Deposit,924842090,2026-06-19,JKT02,ACTIVE
13636,9971,Time Deposit,576531219,2027-01-10,JKT01,ACTIVE
13637,4653,Savings,14442260,2028-02-29,SMG01,ACTIVE
13638,2716,Savings,111314203,2028-02-03,SBY01,ACTIVE
13639,5584,Savings,33192426,2027-10-28,BDG01,ACTIVE
13640,956,Savings,71649627,2026-08-06,SMG01,ACTIVE
13641,2635,Time Deposit,779577505,2026-07-08,BDG01,ACTIVE
13642,3718,Time Deposit,654296972,2026-04-25,SMG01,ACTIVE
13643,9774,Time Deposit,375238672,2027-03-14,MDN01,ACTIVE
13644,2166,Savings,17872383,2027-08-14,YGY01,ACTIVE
13645,6239,Time Deposit,1251584796,2026-08-20,YGY01,ACTIVE
13646,8498,Savings,28959697,2026-05-12,SMG01,ACTIVE
13647,3709,Savings,16188483,2026-12-17,SMG01,ACTIVE
13648,24,Savings,14954730,2026-12-14,BDG01,ACTIVE
13649,4556,Time Deposit,1343281348,2026-07-30,SMG01,ACTIVE
13650,8654,Savings,26806551,2026-09-02,BDG01,ACTIVE
13651,5715,Savings,14746460,2027-04-10,YGY01,ACTIVE
13652,3476,Savings,13224755,2026-08-04,YGY01,ACTIVE
13653,3159,Time Deposit,672952870,2026-04-14,YGY01,ACTIVE
13654,2802,Time Deposit,728409482,2026-04-20,YGY01,ACTIVE
13655,4025,Time Deposit,805541845,2026-06-30,BDG01,ACTIVE
13656,7112,Savings,25453275,2027-12-30,JKT02,ACTIVE
13657,1923,Time Deposit,250034075,2027-02-01,JKT01,ACTIVE
13658,3004,Savings,34630264,2027-02-12,YGY01,ACTIVE
13659,444,Time Deposit,840226472,2027-01-20,BDG01,ACTIVE
13660,7947,Time Deposit,916842893,2026-07-10,YGY01,ACTIVE
13661,2643,Time Deposit,734210335,2026-12-06,SMG01,ACTIVE
13662,7718,Savings,18211381,2026-09-16,SBY01,ACTIVE
13663,5148,Savings,37028921,2027-09-28,JKT02,ACTIVE
13664,725,Savings,122636962,2028-01-29,SBY01,ACTIVE
13665,1104,Savings,16879547,2026-12-12,YGY01,ACTIVE
13666,9008,Savings,93214728,2028-01-17,SMG01,ACTIVE
13667,7320,Time Deposit,730364366,2026-07-12,JKT02,ACTIVE
13668,4101,Savings,102058125,2027-08-05,BDG01,ACTIVE
13669,543,Savings,27143505,2027-08-18,MDN01,ACTIVE
13670,6926,Savings,34529714,2028-02-06,BDG01,ACTIVE
13671,3697,Savings,5516499,2026-08-05,MDN01,ACTIVE
13672,8027,Savings,40903872,2027-05-28,JKT02,ACTIVE
13673,1986,Savings,129239564,2027-09-02,SBY01,ACTIVE
13674,3081,Savings,32994489,2026-07-31,YGY01,ACTIVE
13675,9589,Savings,34541691,2026-06-27,SBY01,ACTIVE
13676,6574,Savings,16778520,2027-03-11,JKT02,ACTIVE
13677,9732,Time Deposit,689822999,2026-06-11,MDN01,ACTIVE
13678,9121,Time Deposit,1405380260,2026-05-04,JKT02,ACTIVE
13679,2059,Time Deposit,391241540,2026-10-14,SMG01,ACTIVE
13680,2986,Savings,91327213,2027-02-01,BDG01,ACTIVE
13681,3655,Savings,33921303,2027-07-17,SBY01,ACTIVE
13682,8237,Time Deposit,694426644,2026-10-08,JKT02,ACTIVE
13683,8818,Savings,37718868,2027-12-23,MDN01,ACTIVE
13684,2644,Savings,6385845,2026-08-07,BDG01,ACTIVE
13685,1278,Time Deposit,897630719,2026-09-04,JKT01,ACTIVE
13686,5603,Savings,28686182,2027-10-19,SBY01,ACTIVE
13687,8187,Savings,33687731,2026-11-24,JKT01,ACTIVE
13688,3339,Time Deposit,741280228,2026-10-01,SMG01,ACTIVE
13689,6645,Time Deposit,933965178,2026-08-28,MDN01,ACTIVE
13690,8193,Time Deposit,924675911,2026-09-07,JKT01,ACTIVE
13691,5674,Time Deposit,601961964,2027-01-06,YGY01,ACTIVE
13692,9067,Savings,17419285,2026-07-03,YGY01,ACTIVE
13693,1119,Savings,20577750,2028-02-02,SMG01,ACTIVE
13694,7593,Time Deposit,1000551443,2026-08-18,JKT01,ACTIVE
13695,4087,Savings,17376956,2027-06-12,MDN01,ACTIVE
13696,6166,Savings,16619796,2026-09-30,SMG01,ACTIVE
13697,3572,Time Deposit,826288672,2026-08-14,SMG01,ACTIVE
13698,2174,Time Deposit,386429945,2026-08-22,JKT02,ACTIVE
13699,3856,Time Deposit,1499444871,2026-05-20,YGY01,ACTIVE
13700,2562,Time Deposit,305926776,2027-02-14,SBY01,ACTIVE
13701,1737,Time Deposit,913378705,2026-08-01,JKT01,ACTIVE
13702,3021,Time Deposit,679114085,2026-12-27,JKT02,ACTIVE
13703,8807,Time Deposit,688349638,2027-02-15,SMG01,ACTIVE
13704,8840,Savings,27923678,2027-02-14,SMG01,ACTIVE
13705,9170,Savings,11373874,2027-02-11,MDN01,ACTIVE
13706,99,Time Deposit,617923073,2026-10-11,BDG01,ACTIVE
13707,7112,Time Deposit,837508407,2026-11-16,JKT01,ACTIVE
13708,6135,Savings,24092940,2026-09-15,SMG01,ACTIVE
13709,9443,Savings,86125606,2026-08-28,SMG01,ACTIVE
13710,6746,Savings,169912786,2027-01-02,JKT02,ACTIVE
13711,1320,Time Deposit,953106753,2026-05-25,JKT01,ACTIVE
13712,3197,Savings,87771304,2027-04-05,MDN01,ACTIVE
13713,4947,Savings,98547021,2027-11-01,JKT01,ACTIVE
13714,8491,Savings,160824916,2027-04-26,MDN01,ACTIVE
13715,8958,Time Deposit,459655641,2026-06-05,SBY01,ACTIVE
13716,6757,Savings,12452757,2027-01-07,JKT01,ACTIVE
13717,7351,Time Deposit,1210861372,2026-04-29,BDG01,ACTIVE
13718,4062,Savings,3670602,2026-05-16,JKT01,ACTIVE
13719,3060,Savings,31778583,2026-09-14,SBY01,ACTIVE
13720,3141,Savings,5968369,2027-08-29,SMG01,ACTIVE
13721,1775,Savings,50670541,2026-12-08,JKT02,ACTIVE
13722,2965,Savings,37852410,2027-11-22,SBY01,ACTIVE
13723,7198,Savings,1209057,2027-03-04,MDN01,ACTIVE
13724,4030,Savings,38547374,2028-02-15,JKT02,ACTIVE
13725,4452,Time Deposit,333785935,2026-09-02,MDN01,ACTIVE
13726,9611,Time Deposit,1658005290,2026-07-25,JKT02,ACTIVE
13727,6148,Savings,12970160,2026-09-28,SMG01,ACTIVE
13728,4045,Savings,18791882,2027-03-20,YGY01,ACTIVE
13729,49,Time Deposit,555524893,2026-07-18,BDG01,ACTIVE
13730,5048,Time Deposit,880531655,2026-07-08,JKT01,ACTIVE
13731,8866,Savings,127421098,2027-07-06,BDG01,ACTIVE
13732,6489,Savings,217463160,2027-08-29,SBY01,ACTIVE
13733,4446,Savings,34641753,2027-03-08,JKT01,ACTIVE
13734,105,Savings,29701559,2028-02-12,MDN01,ACTIVE
13735,3359,Time Deposit,335450605,2026-05-01,BDG01,ACTIVE
13736,4518,Savings,12193117,2026-08-20,MDN01,ACTIVE
13737,9432,Savings,167615838,2027-02-09,SMG01,ACTIVE
13738,9099,Time Deposit,498268360,2026-09-20,YGY01,ACTIVE
13739,4928,Savings,13628926,2026-05-31,BDG01,ACTIVE
13740,4227,Savings,33870917,2027-07-08,JKT01,ACTIVE
13741,7642,Savings,36219767,2028-02-05,BDG01,ACTIVE
13742,8789,Time Deposit,872009172,2026-06-01,JKT02,ACTIVE
13743,3759,Savings,61386369,2027-05-30,MDN01,ACTIVE
13744,1137,Savings,25039201,2026-08-01,SBY01,ACTIVE
13745,9186,Savings,152627577,2026-07-30,BDG01,ACTIVE
13746,6539,Savings,34421477,2027-02-04,YGY01,ACTIVE
13747,230,Savings,9651447,2026-06-13,MDN01,ACTIVE
13748,1294,Time Deposit,392115391,2026-08-11,SMG01,ACTIVE
13749,4227,Time Deposit,705507744,2026-10-07,BDG01,ACTIVE
13750,8938,Time Deposit,895751794,2027-02-25,SBY01,ACTIVE
13751,7481,Savings,47532291,2027-07-23,YGY01,ACTIVE
13752,8711,Time Deposit,1230060519,2026-08-26,JKT01,ACTIVE
13753,7166,Savings,196941161,2027-03-12,MDN01,ACTIVE
13754,1752,Time Deposit,1692132162,2026-05-30,YGY01,ACTIVE
13755,7426,Time Deposit,791236546,2027-01-23,YGY01,ACTIVE
13756,4426,Time Deposit,887238183,2026-10-19,SBY01,ACTIVE
13757,3716,Savings,151411900,2028-02-01,SMG01,ACTIVE
13758,336,Time Deposit,268791958,2026-12-18,SBY01,ACTIVE
13759,7679,Savings,175038648,2027-02-01,JKT01,ACTIVE
13760,5548,Time Deposit,1736941677,2026-04-14,BDG01,ACTIVE
13761,2003,Savings,83900546,2028-01-12,JKT01,ACTIVE
13762,9396,Time Deposit,1056306584,2026-08-19,SMG01,ACTIVE
13763,7685,Savings,25007429,2028-02-03,SMG01,ACTIVE
13764,8586,Savings,88016411,2027-06-12,BDG01,ACTIVE
13765,9616,Savings,33736357,2026-05-31,MDN01,ACTIVE
13766,9574,Savings,198337467,2027-01-01,JKT02,ACTIVE
13767,4723,Savings,15461674,2027-06-18,SMG01,ACTIVE
13768,5052,Savings,8421997,2028-03-08,MDN01,ACTIVE
13769,7794,Savings,97906598,2027-05-25,JKT01,ACTIVE
13770,7010,Savings,36960887,2028-03-02,JKT01,ACTIVE
13771,314,Savings,39832487,2027-09-13,JKT01,ACTIVE
13772,744,Time Deposit,780682017,2026-09-02,SBY01,ACTIVE
13773,6041,Savings,101377612,2027-10-16,SMG01,ACTIVE
13774,6382,Savings,95452895,2026-04-20,JKT01,ACTIVE
13775,1841,Time Deposit,642089146,2027-02-09,MDN01,ACTIVE
13776,7916,Savings,179548953,2027-05-17,JKT02,ACTIVE
13777,4000,Savings,14107175,2027-04-16,JKT02,ACTIVE
13778,6988,Time Deposit,338583124,2027-01-18,SBY01,ACTIVE
13779,6504,Time Deposit,593344589,2026-12-03,SBY01,ACTIVE
13780,3488,Time Deposit,582349097,2027-03-02,JKT01,ACTIVE
13781,7074,Savings,32745968,2026-10-04,BDG01,ACTIVE
13782,8900,Savings,7037642,2026-11-24,JKT02,ACTIVE
13783,6207,Savings,17965838,2027-09-04,JKT01,ACTIVE
13784,9908,Time Deposit,1415886438,2026-05-04,SBY01,ACTIVE
13785,9618,Time Deposit,804051673,2026-10-20,MDN01,ACTIVE
13786,709,Savings,139597420,2027-06-23,JKT02,ACTIVE
13787,3603,Savings,34145704,2028-03-11,JKT01,ACTIVE
13788,4330,Time Deposit,1033225604,2026-10-14,JKT01,ACTIVE
13789,344,Time Deposit,184677258,2026-11-05,SMG01,ACTIVE
13790,7746,Time Deposit,703532908,2026-08-10,JKT01,ACTIVE
13791,9793,Time Deposit,247546014,2026-11-24,BDG01,ACTIVE
13792,7558,Savings,45260557,2028-02-03,MDN01,ACTIVE
13793,1548,Savings,6147666,2026-05-27,SBY01,ACTIVE
13794,5840,Savings,79922157,2026-05-10,MDN01,ACTIVE
13795,4267,Time Deposit,279894635,2027-03-05,JKT01,ACTIVE
13796,4124,Time Deposit,1110263340,2026-10-30,BDG01,ACTIVE
13797,8941,Savings,17103763,2026-10-10,JKT01,ACTIVE
13798,987,Savings,31151807,2027-09-27,SBY01,ACTIVE
13799,8861,Time Deposit,848916491,2026-11-16,JKT01,ACTIVE
13800,5269,Savings,99183677,2026-08-06,MDN01,ACTIVE
13801,6393,Time Deposit,582514707,2026-09-01,SMG01,ACTIVE
13802,9934,Time Deposit,1658108561,2026-09-04,YGY01,ACTIVE
13803,6334,Time Deposit,1324167057,2027-01-15,SBY01,ACTIVE
13804,9103,Time Deposit,661326222,2026-03-20,MDN01,ACTIVE
13805,2884,Time Deposit,843495081,2026-06-17,YGY01,ACTIVE
13806,8960,Time Deposit,1362938771,2026-11-08,MDN01,ACTIVE
13807,8401,Savings,86128997,2026-05-26,YGY01,ACTIVE
13808,7403,Savings,22319033,2027-02-01,JKT02,ACTIVE
13809,8732,Savings,83250065,2026-07-10,SMG01,ACTIVE
13810,9580,Time Deposit,463265586,2026-08-07,JKT01,ACTIVE
13811,7768,Time Deposit,377662173,2026-06-29,JKT01,ACTIVE
13812,6499,Savings,12982865,2027-12-11,SMG01,ACTIVE
13813,4821,Time Deposit,1006402079,2026-10-25,JKT01,ACTIVE
13814,6094,Savings,2565318,2027-03-25,JKT02,ACTIVE
13815,9614,Time Deposit,1531521355,2026-05-19,BDG01,ACTIVE
13816,5527,Savings,43774580,2027-06-10,SMG01,ACTIVE
13817,3413,Time Deposit,361445040,2026-05-09,BDG01,ACTIVE
13818,3967,Time Deposit,444525911,2026-07-03,MDN01,ACTIVE
13819,3953,Time Deposit,608286340,2026-07-30,JKT01,ACTIVE
13820,4405,Time Deposit,561667148,2026-05-14,JKT02,ACTIVE
13821,282,Savings,65494358,2026-10-12,SBY01,ACTIVE
13822,5099,Time Deposit,211030990,2026-05-26,SMG01,ACTIVE
13823,7653,Savings,139036796,2026-06-01,BDG01,ACTIVE
13824,9190,Savings,28009041,2027-02-17,MDN01,ACTIVE
13825,5870,Time Deposit,803011595,2026-09-29,JKT02,ACTIVE
13826,981,Savings,64478584,2027-12-05,JKT01,ACTIVE
13827,2053,Savings,88451739,2026-04-21,YGY01,ACTIVE
13828,8291,Savings,128771881,2028-02-22,MDN01,ACTIVE
13829,5637,Time Deposit,1386231479,2026-11-17,YGY01,ACTIVE
13830,2439,Time Deposit,552245245,2027-01-03,SBY01,ACTIVE
13831,5421,Savings,7808576,2026-11-22,JKT02,ACTIVE
13832,8231,Time Deposit,1431591553,2027-03-02,BDG01,ACTIVE
13833,6294,Time Deposit,471672206,2026-11-03,JKT02,ACTIVE
13834,4095,Time Deposit,571543856,2026-06-14,BDG01,ACTIVE
13835,206,Savings,32181450,2028-03-12,SBY01,ACTIVE
13836,9916,Savings,31518394,2028-03-05,SBY01,ACTIVE
13837,6738,Savings,200079645,2028-02-02,SMG01,ACTIVE
13838,7963,Time Deposit,390121863,2026-06-10,BDG01,ACTIVE
13839,5911,Time Deposit,144705331,2027-02-05,YGY01,ACTIVE
13840,3629,Savings,5573687,2026-11-22,JKT02,ACTIVE
13841,647,Savings,8206958,2027-11-15,YGY01,ACTIVE
13842,1997,Savings,33560986,2027-07-29,SMG01,ACTIVE
13843,4985,Savings,13541289,2027-12-04,JKT01,ACTIVE
13844,7633,Time Deposit,389113421,2026-05-27,BDG01,ACTIVE
13845,7155,Savings,82438925,2027-02-19,YGY01,ACTIVE
13846,3346,Savings,15564037,2028-02-22,JKT01,ACTIVE
13847,8942,Time Deposit,1583987900,2026-07-31,JKT02,ACTIVE
13848,66,Savings,45781612,2027-06-19,YGY01,ACTIVE
13849,1811,Savings,52890091,2027-08-05,JKT01,ACTIVE
13850,3974,Savings,9291444,2027-01-14,SMG01,ACTIVE
13851,4572,Savings,10350121,2027-07-31,JKT01,ACTIVE
13852,414,Time Deposit,1340903549,2026-05-05,JKT01,ACTIVE
13853,8776,Savings,122714923,2026-07-09,SBY01,ACTIVE
13854,8982,Savings,20659951,2027-09-18,SBY01,ACTIVE
13855,7778,Savings,23517070,2027-01-26,SMG01,ACTIVE
13856,4401,Savings,12528376,2027-06-25,YGY01,ACTIVE
13857,61,Savings,16992193,2027-08-27,YGY01,ACTIVE
13858,3659,Savings,13291641,2026-12-12,JKT01,ACTIVE
13859,6622,Savings,169794607,2026-06-19,JKT01,ACTIVE
13860,404,Savings,30458244,2027-04-09,JKT02,ACTIVE
13861,4515,Savings,8940716,2026-10-20,SMG01,ACTIVE
13862,5699,Time Deposit,300753357,2027-02-14,BDG01,ACTIVE
13863,8082,Savings,60707519,2026-09-29,MDN01,ACTIVE
13864,2662,Time Deposit,1637000225,2026-12-14,SBY01,ACTIVE
13865,584,Time Deposit,449152949,2026-08-21,SBY01,ACTIVE
13866,9813,Savings,148781094,2027-09-16,BDG01,ACTIVE
13867,6996,Savings,21390235,2026-11-04,MDN01,ACTIVE
13868,7822,Time Deposit,490750640,2026-10-22,JKT02,ACTIVE
13869,620,Time Deposit,1208111293,2026-08-14,JKT02,ACTIVE
13870,4548,Savings,16989118,2026-08-13,MDN01,ACTIVE
13871,639,Time Deposit,711712748,2026-05-05,SBY01,ACTIVE
13872,1176,Time Deposit,325181466,2026-12-31,MDN01,ACTIVE
13873,5614,Time Deposit,237230921,2027-01-13,JKT01,ACTIVE
13874,8009,Savings,19056949,2027-03-13,SBY01,ACTIVE
13875,3856,Time Deposit,375092921,2026-11-16,MDN01,ACTIVE
13876,881,Time Deposit,800870079,2026-04-23,SMG01,ACTIVE
13877,9354,Savings,25221847,2027-01-30,JKT01,ACTIVE
13878,8183,Savings,20834011,2026-04-19,JKT01,ACTIVE
13879,7254,Savings,37762673,2027-04-24,YGY01,ACTIVE
13880,6773,Savings,23560102,2026-06-12,SMG01,ACTIVE
13881,5409,Time Deposit,840885659,2026-11-28,BDG01,ACTIVE
13882,5697,Savings,33827411,2027-01-06,YGY01,ACTIVE
13883,9230,Time Deposit,327627939,2026-04-21,MDN01,ACTIVE
13884,5745,Time Deposit,148606419,2026-04-19,SMG01,ACTIVE
13885,1061,Savings,148162882,2026-11-03,YGY01,ACTIVE
13886,8828,Savings,39010916,2027-06-18,JKT02,ACTIVE
13887,5617,Time Deposit,496062547,2026-10-14,MDN01,ACTIVE
13888,2042,Savings,158870382,2027-09-12,JKT02,ACTIVE
13889,5769,Savings,103992381,2027-04-26,MDN01,ACTIVE
13890,8214,Savings,37138639,2027-10-18,BDG01,ACTIVE
13891,8864,Savings,24199346,2027-02-14,SMG01,ACTIVE
13892,7064,Savings,20478430,2028-03-08,JKT01,ACTIVE
13893,4367,Savings,35873760,2027-12-21,YGY01,ACTIVE
13894,2348,Time Deposit,389946680,2027-03-08,YGY01,ACTIVE
13895,9724,Savings,38908353,2026-04-19,BDG01,ACTIVE
13896,6475,Savings,7884664,2027-04-08,YGY01,ACTIVE
13897,9394,Savings,30364709,2027-06-24,SBY01,ACTIVE
13898,7194,Savings,194460661,2027-04-26,MDN01,ACTIVE
13899,3728,Savings,11932716,2028-02-24,SBY01,ACTIVE
13900,4446,Savings,39655972,2027-04-03,YGY01,ACTIVE
13901,4395,Savings,17545626,2026-11-23,SBY01,ACTIVE
13902,6412,Time Deposit,801335773,2026-08-02,JKT01,ACTIVE
13903,6147,Savings,18091549,2027-06-21,SBY01,ACTIVE
13904,813,Savings,35432766,2027-07-06,JKT02,ACTIVE
13905,1986,Savings,132671623,2027-09-21,JKT02,ACTIVE
13906,6581,Savings,12175148,2027-10-26,SMG01,ACTIVE
13907,3112,Savings,57662261,2027-03-07,MDN01,ACTIVE
13908,8690,Savings,46252831,2026-08-07,YGY01,ACTIVE
13909,761,Savings,14234596,2027-07-18,SBY01,ACTIVE
13910,4860,Time Deposit,204874747,2026-09-29,BDG01,ACTIVE
13911,782,Savings,68344943,2027-04-10,SMG01,ACTIVE
13912,1394,Savings,136680452,2027-12-12,BDG01,ACTIVE
13913,440,Savings,58311754,2027-08-13,YGY01,ACTIVE
13914,5609,Time Deposit,397702544,2026-05-02,MDN01,ACTIVE
13915,3002,Savings,24604261,2027-11-06,BDG01,ACTIVE
13916,1782,Savings,95718253,2027-05-08,BDG01,ACTIVE
13917,6447,Savings,21480811,2027-06-12,JKT02,ACTIVE
13918,4237,Time Deposit,538450399,2026-08-08,JKT02,ACTIVE
13919,1879,Savings,120986762,2027-05-10,BDG01,ACTIVE
13920,1486,Savings,37372338,2027-11-30,YGY01,ACTIVE
13921,416,Time Deposit,954871501,2026-06-09,YGY01,ACTIVE
13922,9699,Time Deposit,1454539776,2027-01-21,MDN01,ACTIVE
13923,4947,Savings,24505664,2027-06-05,JKT02,ACTIVE
13924,2125,Savings,12827203,2027-03-26,SBY01,ACTIVE
13925,6021,Savings,17660595,2027-08-23,YGY01,ACTIVE
13926,5086,Savings,7036185,2027-05-15,SBY01,ACTIVE
13927,1338,Savings,45115361,2026-11-17,JKT02,ACTIVE
13928,4044,Savings,188607979,2026-05-22,JKT02,ACTIVE
13929,9125,Savings,38701107,2027-04-03,BDG01,ACTIVE
13930,8075,Savings,27042247,2028-01-29,YGY01,ACTIVE
13931,7273,Savings,20658347,2027-03-08,YGY01,ACTIVE
13932,9986,Savings,34906864,2028-01-22,SMG01,ACTIVE
13933,6596,Time Deposit,928020456,2026-09-07,SBY01,ACTIVE
13934,9164,Time Deposit,940268016,2026-07-16,JKT01,ACTIVE
13935,4620,Savings,14095756,2028-02-26,SMG01,ACTIVE
13936,5060,Savings,41177168,2027-04-09,JKT01,ACTIVE
13937,8764,Savings,9929327,2027-05-30,JKT02,ACTIVE
13938,9183,Savings,17232517,2027-10-16,JKT01,ACTIVE
13939,3479,Time Deposit,479234321,2026-05-30,SBY01,ACTIVE
13940,5990,Time Deposit,1361682891,2026-09-17,JKT02,ACTIVE
13941,8765,Savings,42283252,2027-05-03,MDN01,ACTIVE
13942,4479,Savings,37326301,2027-01-11,JKT01,ACTIVE
13943,9179,Time Deposit,255805414,2027-01-01,JKT01,ACTIVE
13944,5048,Savings,49960097,2027-02-02,SMG01,ACTIVE
13945,9049,Savings,22078822,2027-04-23,SMG01,ACTIVE
13946,8466,Savings,15929269,2026-06-13,JKT02,ACTIVE
13947,5369,Savings,17182757,2027-05-19,BDG01,ACTIVE
13948,2990,Time Deposit,699368609,2026-04-14,YGY01,ACTIVE
13949,1410,Time Deposit,386681738,2026-09-15,JKT02,ACTIVE
13950,2437,Time Deposit,271235791,2026-04-26,YGY01,ACTIVE
13951,7953,Time Deposit,718525183,2026-10-14,BDG01,ACTIVE
13952,5185,Savings,120598938,2027-05-21,BDG01,ACTIVE
13953,6880,Savings,67150559,2027-08-17,BDG01,ACTIVE
13954,5764,Savings,10888664,2027-09-25,JKT02,ACTIVE
13955,4667,Savings,91339814,2028-03-14,JKT01,ACTIVE
13956,9699,Time Deposit,972022343,2026-11-10,SMG01,ACTIVE
13957,4480,Savings,6033824,2027-02-12,YGY01,ACTIVE
13958,1451,Savings,28140642,2027-05-11,SMG01,ACTIVE
13959,3752,Savings,28814050,2026-12-08,MDN01,ACTIVE
13960,8186,Time Deposit,563789628,2026-11-25,YGY01,ACTIVE
13961,2823,Savings,71115950,2028-01-29,JKT02,ACTIVE
13962,9998,Savings,26867567,2026-05-16,YGY01,ACTIVE
13963,8964,Savings,7964063,2027-11-04,SBY01,ACTIVE
13964,7097,Savings,62438827,2027-04-27,SMG01,ACTIVE
13965,9912,Savings,98003720,2028-03-01,YGY01,ACTIVE
13966,6958,Savings,25337315,2026-09-25,BDG01,ACTIVE
13967,8087,Savings,47149035,2027-02-02,YGY01,ACTIVE
13968,5200,Time Deposit,1117216038,2026-12-21,YGY01,ACTIVE
13969,4427,Savings,29039021,2027-01-28,JKT02,ACTIVE
13970,7673,Time Deposit,603423099,2026-07-18,SBY01,ACTIVE
13971,930,Savings,19007306,2027-11-05,MDN01,ACTIVE
13972,4089,Savings,139407400,2027-11-01,YGY01,ACTIVE
13973,5949,Savings,2397540,2027-03-12,YGY01,ACTIVE
13974,2499,Time Deposit,189850722,2026-08-31,JKT01,ACTIVE
13975,1024,Savings,26919246,2027-03-16,MDN01,ACTIVE
13976,588,Savings,171058231,2026-06-05,MDN01,ACTIVE
13977,4006,Time Deposit,1477725389,2026-08-07,MDN01,ACTIVE
13978,995,Time Deposit,608499936,2027-03-09,JKT02,ACTIVE
13979,3436,Savings,22398739,2027-02-02,MDN01,ACTIVE
13980,6925,Time Deposit,1509747969,2026-11-27,MDN01,ACTIVE
13981,1640,Time Deposit,876438325,2026-05-12,JKT01,ACTIVE
13982,6925,Time Deposit,783791649,2026-08-07,BDG01,ACTIVE
13983,7017,Time Deposit,800708721,2026-04-30,SBY01,ACTIVE
13984,2621,Savings,10414205,2026-07-10,JKT01,ACTIVE
13985,2865,Savings,7492560,2026-06-06,SMG01,ACTIVE
13986,8334,Time Deposit,1576284880,2026-07-18,SMG01,ACTIVE
13987,9001,Savings,23625643,2027-11-29,BDG01,ACTIVE
13988,3742,Savings,24949817,2028-02-11,SMG01,ACTIVE
13989,6982,Savings,13986235,2026-11-27,JKT02,ACTIVE
13990,2432,Savings,76307415,2027-07-27,SMG01,ACTIVE
13991,1217,Savings,9958807,2026-05-30,MDN01,ACTIVE
13992,8650,Time Deposit,1059925004,2026-11-05,SBY01,ACTIVE
13993,3661,Savings,32567268,2026-10-06,YGY01,ACTIVE
13994,4046,Time Deposit,527517008,2027-03-03,JKT01,ACTIVE
13995,1539,Savings,74656682,2028-01-20,BDG01,ACTIVE
13996,5796,Time Deposit,998125534,2026-11-07,MDN01,ACTIVE
13997,2980,Savings,26164988,2026-10-24,JKT02,ACTIVE
13998,8180,Savings,6017716,2027-08-22,JKT01,ACTIVE
13999,395,Time Deposit,204515092,2026-10-11,BDG01,ACTIVE
14000,5631,Time Deposit,1775464369,2026-08-22,YGY01,ACTIVE
14001,5070,Time Deposit,550704992,2026-09-27,SMG01,ACTIVE
14002,611,Savings,44751891,2026-08-26,SMG01,ACTIVE
14003,7239,Time Deposit,255657192,2026-08-10,JKT02,ACTIVE
14004,3995,Time Deposit,1208269569,2026-10-31,BDG01,ACTIVE
14005,668,Time Deposit,163599915,2026-08-16,JKT01,ACTIVE
14006,8327,Time Deposit,1018487727,2027-02-25,SBY01,ACTIVE
14007,5437,Time Deposit,335742327,2026-05-20,SMG01,ACTIVE
14008,5132,Savings,79472205,2027-02-04,MDN01,ACTIVE
14009,6787,Time Deposit,278424876,2026-07-25,YGY01,ACTIVE
14010,4032,Savings,18331848,2026-06-10,SMG01,ACTIVE
14011,2047,Savings,37350631,2027-08-09,YGY01,ACTIVE
14012,90,Time Deposit,519518353,2027-01-03,BDG01,ACTIVE
14013,1941,Savings,17956498,2027-08-01,BDG01,ACTIVE
14014,702,Time Deposit,1199693420,2027-02-08,BDG01,ACTIVE
14015,2771,Savings,15809247,2027-10-12,JKT02,ACTIVE
14016,1952,Savings,12730644,2027-04-25,SBY01,ACTIVE
14017,4377,Time Deposit,142853719,2026-07-04,BDG01,ACTIVE
14018,854,Savings,36057417,2027-02-13,YGY01,ACTIVE
14019,9195,Savings,151088469,2026-10-03,SBY01,ACTIVE
14020,6057,Savings,18190358,2028-02-17,MDN01,ACTIVE
14021,6243,Time Deposit,216869249,2026-12-31,YGY01,ACTIVE
14022,3699,Savings,220067090,2027-08-26,YGY01,ACTIVE
14023,672,Savings,32765987,2026-05-22,JKT01,ACTIVE
14024,3815,Savings,35048680,2026-11-26,YGY01,ACTIVE
14025,3945,Time Deposit,178357112,2026-06-03,MDN01,ACTIVE
14026,1256,Savings,72824425,2027-12-24,SMG01,ACTIVE
14027,4865,Savings,8811411,2027-04-07,JKT02,ACTIVE
14028,6842,Time Deposit,704340685,2027-01-02,JKT01,ACTIVE
14029,5461,Savings,98605530,2027-03-23,YGY01,ACTIVE
14030,3106,Savings,7598496,2027-09-07,BDG01,ACTIVE
14031,1697,Savings,12225862,2026-09-22,JKT02,ACTIVE
14032,407,Time Deposit,1450369235,2026-12-07,YGY01,ACTIVE
14033,2207,Savings,27888964,2026-05-23,SBY01,ACTIVE
14034,194,Savings,29878391,2026-04-20,YGY01,ACTIVE
14035,6968,Time Deposit,812770169,2026-08-22,MDN01,ACTIVE
14036,6181,Savings,5300573,2026-05-08,YGY01,ACTIVE
14037,6873,Time Deposit,294912228,2027-01-26,BDG01,ACTIVE
14038,6410,Savings,71770127,2026-12-01,JKT01,ACTIVE
14039,3157,Savings,10147827,2027-05-06,JKT01,ACTIVE
14040,3553,Time Deposit,1062470044,2026-04-20,SMG01,ACTIVE
14041,2011,Time Deposit,623334896,2026-07-15,SBY01,ACTIVE
14042,9700,Time Deposit,1102227297,2026-09-03,BDG01,ACTIVE
14043,7886,Savings,139232038,2026-07-18,JKT02,ACTIVE
14044,67,Time Deposit,1150440140,2026-06-03,JKT02,ACTIVE
14045,6740,Time Deposit,699108849,2026-12-04,YGY01,ACTIVE
14046,472,Savings,19163864,2027-08-22,JKT01,ACTIVE
14047,9456,Time Deposit,396402218,2027-02-11,SBY01,ACTIVE
14048,7983,Savings,15228764,2026-06-30,BDG01,ACTIVE
14049,6804,Savings,37642713,2028-02-14,JKT02,ACTIVE
14050,5286,Savings,19307856,2027-12-05,JKT01,ACTIVE
14051,2653,Time Deposit,730974725,2027-03-14,YGY01,ACTIVE
14052,4881,Savings,28352489,2027-12-18,JKT01,ACTIVE
14053,4408,Savings,10095170,2026-10-24,JKT02,ACTIVE
14054,2059,Time Deposit,307326674,2027-02-13,JKT02,ACTIVE
14055,5140,Savings,20524029,2026-07-15,YGY01,ACTIVE
14056,1799,Time Deposit,859601401,2026-09-08,MDN01,ACTIVE
14057,3923,Savings,109732289,2027-11-29,JKT02,ACTIVE
14058,6863,Time Deposit,1584486046,2026-07-06,SBY01,ACTIVE
14059,8866,Time Deposit,653689994,2026-12-03,MDN01,ACTIVE
14060,9796,Time Deposit,1079984540,2026-12-20,SMG01,ACTIVE
14061,4007,Time Deposit,466834475,2026-08-22,MDN01,ACTIVE
14062,5990,Time Deposit,773480873,2026-10-17,SMG01,ACTIVE
14063,7467,Time Deposit,640156313,2026-10-20,YGY01,ACTIVE
14064,9396,Savings,111090671,2027-02-22,JKT02,ACTIVE
14065,2628,Time Deposit,588950843,2026-12-09,SMG01,ACTIVE
14066,8931,Savings,116375628,2026-04-16,SBY01,ACTIVE
14067,6877,Savings,155600891,2026-11-15,JKT01,ACTIVE
14068,7322,Time Deposit,992833844,2026-10-13,SMG01,ACTIVE
14069,2119,Savings,62006158,2026-04-20,MDN01,ACTIVE
14070,2534,Time Deposit,804797195,2026-06-20,BDG01,ACTIVE
14071,4238,Savings,30703970,2026-06-19,JKT02,ACTIVE
14072,1206,Time Deposit,969601486,2027-01-24,JKT01,ACTIVE
14073,5887,Savings,10316401,2028-02-27,YGY01,ACTIVE
14074,3919,Time Deposit,1631189716,2027-02-25,JKT01,ACTIVE
14075,8857,Savings,20126017,2026-09-19,SMG01,ACTIVE
14076,4633,Savings,84396125,2027-08-20,SBY01,ACTIVE
14077,1731,Savings,37570501,2027-06-06,JKT02,ACTIVE
14078,9013,Savings,9920870,2026-07-05,YGY01,ACTIVE
14079,6952,Savings,45158061,2027-02-04,MDN01,ACTIVE
14080,5161,Savings,13986798,2027-05-11,MDN01,ACTIVE
14081,6805,Savings,72769854,2026-11-08,JKT02,ACTIVE
14082,9903,Time Deposit,1198789402,2026-07-12,JKT02,ACTIVE
14083,7959,Savings,37182184,2027-02-15,SBY01,ACTIVE
14084,3871,Time Deposit,1701207447,2026-07-07,SBY01,ACTIVE
14085,9051,Time Deposit,318303804,2027-01-07,JKT02,ACTIVE
14086,9709,Savings,188830893,2026-08-10,BDG01,ACTIVE
14087,9784,Savings,16779862,2027-04-12,MDN01,ACTIVE
14088,9712,Savings,8259632,2027-10-06,SBY01,ACTIVE
14089,391,Savings,8081064,2027-02-24,MDN01,ACTIVE
14090,4038,Savings,22222156,2027-10-10,MDN01,ACTIVE
14091,8665,Savings,25335640,2027-03-30,JKT02,ACTIVE
14092,1674,Savings,13053940,2027-10-04,MDN01,ACTIVE
14093,9720,Time Deposit,169803028,2026-05-03,BDG01,ACTIVE
14094,9218,Savings,100844777,2027-02-06,BDG01,ACTIVE
14095,8394,Savings,63240034,2026-09-15,JKT01,ACTIVE
14096,38,Time Deposit,656229149,2026-04-09,MDN01,ACTIVE
14097,5199,Savings,116500275,2027-04-17,BDG01,ACTIVE
14098,1527,Savings,73980481,2027-03-14,SMG01,ACTIVE
14099,5929,Savings,63506923,2026-09-09,BDG01,ACTIVE
14100,8671,Savings,21778114,2026-11-16,SMG01,ACTIVE
14101,3920,Savings,16131882,2026-05-16,JKT01,ACTIVE
14102,8578,Savings,13241125,2027-04-02,JKT01,ACTIVE
14103,6172,Time Deposit,850176629,2027-02-13,SMG01,ACTIVE
14104,898,Time Deposit,465904970,2026-09-30,SBY01,ACTIVE
14105,7982,Savings,20936403,2027-03-12,SBY01,ACTIVE
14106,1840,Time Deposit,701717300,2026-12-02,YGY01,ACTIVE
14107,5238,Time Deposit,758264431,2026-04-02,YGY01,ACTIVE
14108,1554,Savings,98188985,2027-08-29,MDN01,ACTIVE
14109,4064,Savings,51785105,2027-03-16,JKT02,ACTIVE
14110,8549,Savings,72112418,2026-11-08,BDG01,ACTIVE
14111,2123,Savings,133650804,2027-09-13,SMG01,ACTIVE
14112,1862,Savings,19780637,2027-04-09,JKT01,ACTIVE
14113,7776,Time Deposit,1931961068,2026-04-25,YGY01,ACTIVE
14114,472,Time Deposit,469575847,2027-02-10,JKT01,ACTIVE
14115,8911,Savings,14417871,2027-10-20,JKT02,ACTIVE
14116,9118,Savings,105983373,2026-09-11,SBY01,ACTIVE
14117,2405,Savings,16932894,2026-09-06,SMG01,ACTIVE
14118,9327,Time Deposit,836346155,2026-12-23,SMG01,ACTIVE
14119,4372,Savings,4760648,2026-10-29,JKT01,ACTIVE
14120,5707,Savings,11295614,2026-07-08,MDN01,ACTIVE
14121,8511,Savings,18472569,2026-05-24,JKT01,ACTIVE
14122,202,Savings,30503880,2027-06-28,YGY01,ACTIVE
14123,2220,Savings,21777203,2026-11-28,BDG01,ACTIVE
14124,6896,Time Deposit,582105323,2026-08-23,BDG01,ACTIVE
14125,6810,Savings,106374751,2027-03-25,SMG01,ACTIVE
14126,5101,Savings,29019831,2026-08-04,SMG01,ACTIVE
14127,1401,Time Deposit,433079441,2027-01-04,MDN01,ACTIVE
14128,9015,Savings,33034010,2026-10-11,SBY01,ACTIVE
14129,9225,Savings,21847628,2027-01-08,JKT01,ACTIVE
14130,4144,Time Deposit,494218450,2026-12-23,JKT02,ACTIVE
14131,4671,Time Deposit,243149351,2026-07-10,YGY01,ACTIVE
14132,6097,Savings,18478056,2027-06-14,SBY01,ACTIVE
14133,9703,Savings,30850513,2026-12-02,SMG01,ACTIVE
14134,1391,Savings,73377094,2026-06-10,SBY01,ACTIVE
14135,9206,Savings,26840467,2027-04-21,YGY01,ACTIVE
14136,7239,Savings,87556112,2027-06-25,JKT01,ACTIVE
14137,4757,Time Deposit,202797207,2026-06-27,SMG01,ACTIVE
14138,5276,Savings,87167458,2026-09-26,MDN01,ACTIVE
14139,8749,Savings,4331274,2027-02-23,YGY01,ACTIVE
14140,7163,Savings,160783401,2028-02-08,YGY01,ACTIVE
14141,5877,Savings,28576493,2027-03-25,JKT01,ACTIVE
14142,366,Time Deposit,431137605,2026-05-03,BDG01,ACTIVE
14143,3819,Time Deposit,1467369362,2026-07-14,BDG01,ACTIVE
14144,9303,Savings,24326274,2026-11-13,BDG01,ACTIVE
14145,6552,Savings,92403235,2027-12-27,JKT02,ACTIVE
14146,8304,Time Deposit,603604984,2026-10-13,SMG01,ACTIVE
14147,975,Savings,64514442,2027-09-28,SMG01,ACTIVE
14148,8817,Time Deposit,1226696612,2026-11-13,YGY01,ACTIVE
14149,934,Time Deposit,507474873,2026-08-15,JKT01,ACTIVE
14150,4065,Savings,154276428,2027-09-04,JKT01,ACTIVE
14151,1108,Savings,7536295,2026-12-05,BDG01,ACTIVE
14152,5752,Savings,9254697,2027-02-03,YGY01,ACTIVE
14153,6050,Savings,30036207,2027-05-17,MDN01,ACTIVE
14154,8925,Time Deposit,1247721096,2026-05-09,JKT01,ACTIVE
14155,5466,Savings,16611036,2027-02-27,SMG01,ACTIVE
14156,5865,Savings,14208855,2028-02-20,MDN01,ACTIVE
14157,6233,Savings,17802360,2027-04-28,SMG01,ACTIVE
14158,1395,Savings,39233112,2027-10-14,SBY01,ACTIVE
14159,2699,Time Deposit,632838546,2026-11-05,JKT01,ACTIVE
14160,852,Savings,17376538,2026-12-28,SBY01,ACTIVE
14161,7994,Savings,123411918,2027-02-03,YGY01,ACTIVE
14162,6975,Time Deposit,148717874,2026-08-25,YGY01,ACTIVE
14163,6502,Savings,13949304,2027-01-20,YGY01,ACTIVE
14164,862,Savings,13302044,2028-02-16,SMG01,ACTIVE
14165,4325,Time Deposit,956069928,2026-10-08,JKT02,ACTIVE
14166,9906,Savings,80836170,2027-11-14,JKT01,ACTIVE
14167,6727,Savings,127666222,2027-10-05,BDG01,ACTIVE
14168,781,Time Deposit,1321314249,2026-07-24,SMG01,ACTIVE
14169,162,Savings,23059835,2027-12-08,YGY01,ACTIVE
14170,6543,Time Deposit,1175848061,2027-02-26,SMG01,ACTIVE
14171,9907,Savings,5278360,2026-09-22,BDG01,ACTIVE
14172,6901,Savings,71575268,2027-10-12,YGY01,ACTIVE
14173,2717,Savings,182296107,2026-11-27,MDN01,ACTIVE
14174,3611,Time Deposit,262648045,2026-08-23,BDG01,ACTIVE
14175,4413,Savings,93197097,2026-12-24,JKT02,ACTIVE
14176,3218,Savings,37192891,2027-08-18,JKT02,ACTIVE
14177,5263,Savings,37500709,2026-10-28,YGY01,ACTIVE
14178,4681,Savings,84159194,2027-10-24,MDN01,ACTIVE
14179,9028,Savings,22110160,2027-07-26,JKT01,ACTIVE
14180,7239,Savings,58009680,2026-09-10,JKT02,ACTIVE
14181,7740,Time Deposit,1668197944,2026-10-27,SBY01,ACTIVE
14182,8358,Time Deposit,640867685,2026-12-01,MDN01,ACTIVE
14183,4042,Time Deposit,706076352,2026-07-18,YGY01,ACTIVE
14184,1671,Savings,23252369,2026-04-21,SBY01,ACTIVE
14185,3384,Savings,19620500,2027-11-04,YGY01,ACTIVE
14186,5654,Savings,14429954,2027-08-10,SBY01,ACTIVE
14187,2825,Savings,42473769,2027-12-24,SBY01,ACTIVE
14188,1004,Time Deposit,528457566,2027-02-05,JKT02,ACTIVE
14189,8653,Savings,133400923,2026-12-17,MDN01,ACTIVE
14190,9405,Savings,35271437,2027-02-05,YGY01,ACTIVE
14191,9390,Savings,2361873,2028-01-12,SBY01,ACTIVE
14192,5369,Time Deposit,485554806,2026-04-26,SMG01,ACTIVE
14193,5755,Savings,7615914,2026-08-21,JKT02,ACTIVE
14194,1645,Time Deposit,228765989,2026-06-29,SBY01,ACTIVE
14195,931,Savings,92131061,2027-02-13,JKT02,ACTIVE
14196,1794,Savings,67416061,2028-02-17,BDG01,ACTIVE
14197,3940,Savings,51786799,2027-04-28,YGY01,ACTIVE
14198,3555,Savings,21621271,2026-10-15,SMG01,ACTIVE
14199,9134,Savings,34307924,2027-05-16,BDG01,ACTIVE
14200,5183,Savings,44182443,2027-09-24,JKT02,ACTIVE
14201,9274,Savings,37517277,2026-07-19,YGY01,ACTIVE
14202,4169,Savings,17862373,2027-05-19,BDG01,ACTIVE
14203,3938,Time Deposit,414618702,2026-09-26,SBY01,ACTIVE
14204,3694,Time Deposit,170128124,2026-08-23,BDG01,ACTIVE
14205,1706,Savings,165896994,2028-02-26,SMG01,ACTIVE
14206,1161,Savings,36623693,2026-05-07,MDN01,ACTIVE
14207,3242,Savings,31655230,2027-01-30,JKT01,ACTIVE
14208,565,Savings,12701214,2026-07-31,YGY01,ACTIVE
14209,5579,Time Deposit,953522446,2027-01-13,JKT02,ACTIVE
14210,3446,Savings,10859554,2027-08-09,MDN01,ACTIVE
14211,315,Time Deposit,809654732,2026-11-02,MDN01,ACTIVE
14212,5128,Time Deposit,626450803,2026-07-16,MDN01,ACTIVE
14213,8243,Time Deposit,708946921,2026-12-04,SMG01,ACTIVE
14214,1421,Savings,19903217,2027-08-16,YGY01,ACTIVE
14215,3956,Savings,197559266,2026-09-21,SMG01,ACTIVE
14216,315,Savings,82043282,2028-03-05,MDN01,ACTIVE
14217,7774,Time Deposit,929794875,2026-09-06,JKT02,ACTIVE
14218,5238,Savings,162657751,2026-12-08,SMG01,ACTIVE
14219,1249,Time Deposit,705393023,2027-01-01,SMG01,ACTIVE
14220,8532,Savings,51085750,2026-05-04,BDG01,ACTIVE
14221,1326,Savings,31211803,2028-01-16,JKT02,ACTIVE
14222,8890,Savings,19241572,2028-02-07,YGY01,ACTIVE
14223,3911,Time Deposit,436373548,2026-08-23,YGY01,ACTIVE
14224,1334,Time Deposit,825716812,2026-06-11,BDG01,ACTIVE
14225,6580,Savings,24835328,2027-12-05,JKT02,ACTIVE
14226,7932,Time Deposit,578665774,2026-09-22,MDN01,ACTIVE
14227,2355,Time Deposit,427727575,2026-12-10,SBY01,ACTIVE
14228,3234,Time Deposit,318567419,2026-06-11,BDG01,ACTIVE
14229,282,Savings,53180690,2027-09-20,MDN01,ACTIVE
14230,3435,Savings,30652412,2027-05-31,JKT01,ACTIVE
14231,3325,Savings,131338098,2027-07-10,MDN01,ACTIVE
14232,5165,Time Deposit,1802105432,2026-05-22,BDG01,ACTIVE
14233,5721,Savings,17627753,2026-07-27,SBY01,ACTIVE
14234,1256,Time Deposit,1426955906,2026-08-26,SBY01,ACTIVE
14235,2702,Savings,14912026,2027-10-04,SMG01,ACTIVE
14236,3583,Savings,23792127,2027-01-10,JKT02,ACTIVE
14237,9629,Time Deposit,826367041,2026-06-30,BDG01,ACTIVE
14238,6164,Time Deposit,211471209,2027-01-24,SBY01,ACTIVE
14239,901,Savings,31654545,2026-10-30,YGY01,ACTIVE
14240,7698,Savings,5489816,2028-03-05,MDN01,ACTIVE
14241,2489,Savings,87429196,2027-04-06,SMG01,ACTIVE
14242,7669,Time Deposit,716859964,2026-07-15,MDN01,ACTIVE
14243,9593,Savings,15600919,2026-10-28,BDG01,ACTIVE
14244,1221,Time Deposit,1259145070,2027-03-01,BDG01,ACTIVE
14245,8092,Time Deposit,227982774,2026-10-02,SBY01,ACTIVE
14246,2356,Time Deposit,1677879223,2027-01-01,BDG01,ACTIVE
14247,2391,Savings,69685142,2026-12-13,YGY01,ACTIVE
14248,3480,Savings,45081378,2027-02-18,MDN01,ACTIVE
14249,8132,Time Deposit,546019925,2027-03-02,SBY01,ACTIVE
14250,5386,Savings,193513344,2027-11-03,JKT01,ACTIVE
14251,8979,Savings,6899307,2026-12-19,BDG01,ACTIVE
14252,1312,Savings,75568254,2028-01-06,YGY01,ACTIVE
14253,9030,Savings,27064982,2027-07-24,YGY01,ACTIVE
14254,7911,Savings,80722398,2028-03-01,MDN01,ACTIVE
14255,8224,Savings,14544136,2026-04-29,SBY01,ACTIVE
14256,6746,Savings,173286166,2026-09-13,MDN01,ACTIVE
14257,1844,Time Deposit,691391454,2027-01-22,SMG01,ACTIVE
14258,6168,Time Deposit,607636330,2026-05-28,MDN01,ACTIVE
14259,8296,Time Deposit,560078729,2026-09-04,BDG01,ACTIVE
14260,3826,Savings,13543983,2027-10-10,JKT02,ACTIVE
14261,6353,Time Deposit,178578763,2026-10-12,BDG01,ACTIVE
14262,7488,Savings,35783307,2027-03-20,JKT02,ACTIVE
14263,6501,Savings,37147293,2027-10-18,BDG01,ACTIVE
14264,6766,Savings,38262697,2027-07-15,MDN01,ACTIVE
14265,9752,Time Deposit,1824900322,2026-09-29,JKT01,ACTIVE
14266,3617,Savings,45229815,2027-05-13,JKT02,ACTIVE
14267,5519,Savings,27964364,2026-11-25,YGY01,ACTIVE
14268,463,Time Deposit,902194784,2026-07-08,SMG01,ACTIVE
14269,8659,Savings,17152192,2027-07-22,YGY01,ACTIVE
14270,7403,Time Deposit,490134710,2027-02-05,JKT01,ACTIVE
14271,856,Savings,29885707,2027-01-28,MDN01,ACTIVE
14272,2805,Savings,158965503,2026-06-10,JKT01,ACTIVE
14273,513,Savings,22507117,2026-10-23,JKT02,ACTIVE
14274,7916,Savings,125892896,2027-06-04,JKT01,ACTIVE
14275,8478,Savings,38241052,2027-08-12,YGY01,ACTIVE
14276,1396,Savings,131228287,2028-02-13,JKT02,ACTIVE
14277,7437,Savings,16019982,2027-11-29,SMG01,ACTIVE
14278,2433,Savings,20895847,2026-07-25,SBY01,ACTIVE
14279,4199,Savings,96241425,2028-02-07,SMG01,ACTIVE
14280,8110,Savings,27746269,2026-10-19,MDN01,ACTIVE
14281,3079,Savings,10216514,2026-09-17,SMG01,ACTIVE
14282,7478,Time Deposit,620739208,2026-09-11,SBY01,ACTIVE
14283,6540,Savings,13155087,2028-01-19,SBY01,ACTIVE
14284,5821,Savings,32949272,2026-12-27,JKT01,ACTIVE
14285,604,Savings,148965572,2027-08-01,SMG01,ACTIVE
14286,5531,Time Deposit,1588079552,2026-11-02,YGY01,ACTIVE
14287,9525,Savings,25726019,2026-04-17,JKT01,ACTIVE
14288,8097,Savings,84532440,2026-06-03,BDG01,ACTIVE
14289,9343,Time Deposit,910712482,2027-02-11,JKT01,ACTIVE
14290,4286,Time Deposit,891768167,2026-05-05,MDN01,ACTIVE
14291,9922,Savings,90917005,2027-10-10,SMG01,ACTIVE
14292,542,Savings,76356757,2028-01-12,JKT02,ACTIVE
14293,8379,Savings,183759000,2028-03-15,MDN01,ACTIVE
14294,1010,Savings,29330000,2026-08-04,SBY01,ACTIVE
14295,7660,Time Deposit,1104124389,2026-07-24,SMG01,ACTIVE
14296,8871,Time Deposit,1336569631,2026-09-14,YGY01,ACTIVE
14297,7561,Savings,71325275,2027-02-15,MDN01,ACTIVE
14298,5512,Savings,111405440,2027-03-20,SMG01,ACTIVE
14299,3927,Savings,152170534,2027-10-03,SBY01,ACTIVE
14300,3314,Time Deposit,172293370,2026-11-06,YGY01,ACTIVE
14301,3178,Savings,27823269,2026-09-19,BDG01,ACTIVE
14302,3365,Savings,17323673,2026-08-19,YGY01,ACTIVE
14303,2342,Time Deposit,1591969839,2026-11-26,SBY01,ACTIVE
14304,1087,Time Deposit,1283417793,2026-05-28,BDG01,ACTIVE
14305,6658,Savings,10633601,2027-02-09,JKT01,ACTIVE
14306,1696,Time Deposit,714070986,2026-09-30,JKT01,ACTIVE
14307,6786,Savings,17885047,2028-01-31,SBY01,ACTIVE
14308,4874,Time Deposit,1355640370,2026-11-26,YGY01,ACTIVE
14309,2979,Time Deposit,521317723,2026-07-30,MDN01,ACTIVE
14310,5229,Savings,4014652,2026-06-03,JKT02,ACTIVE
14311,7796,Savings,97703361,2026-12-06,JKT01,ACTIVE
14312,8099,Savings,30563803,2027-08-14,YGY01,ACTIVE
14313,6863,Time Deposit,1202059185,2026-06-17,YGY01,ACTIVE
14314,7836,Savings,144512264,2026-08-21,BDG01,ACTIVE
14315,8442,Savings,44810779,2026-05-29,YGY01,ACTIVE
14316,9375,Savings,57206419,2028-01-10,YGY01,ACTIVE
14317,5192,Savings,14025560,2027-02-01,BDG01,ACTIVE
14318,4930,Savings,31482114,2026-12-02,BDG01,ACTIVE
14319,8258,Savings,8931097,2027-08-16,YGY01,ACTIVE
14320,5318,Savings,34856636,2027-10-04,BDG01,ACTIVE
14321,6405,Savings,10825288,2027-06-01,JKT02,ACTIVE
14322,9433,Time Deposit,396440272,2027-01-18,JKT01,ACTIVE
14323,7956,Savings,53520551,2027-12-15,JKT01,ACTIVE
14324,5786,Savings,17903849,2028-02-09,SBY01,ACTIVE
14325,6771,Savings,22998132,2027-02-26,SBY01,ACTIVE
14326,1903,Savings,236487489,2026-08-21,JKT01,ACTIVE
14327,6712,Time Deposit,676739660,2026-07-23,SMG01,ACTIVE
14328,6121,Savings,12455847,2026-04-22,JKT02,ACTIVE
14329,7939,Time Deposit,566500097,2026-09-29,BDG01,ACTIVE
14330,9547,Time Deposit,842054610,2026-05-24,BDG01,ACTIVE
14331,9287,Savings,24840987,2027-08-25,MDN01,ACTIVE
14332,7531,Savings,44046857,2026-06-06,JKT01,ACTIVE
14333,1742,Time Deposit,1088817411,2026-04-27,MDN01,ACTIVE
14334,4433,Savings,135655556,2027-07-02,BDG01,ACTIVE
14335,3745,Savings,36582941,2027-02-22,MDN01,ACTIVE
14336,8549,Time Deposit,1307094987,2026-06-27,YGY01,ACTIVE
14337,125,Savings,15702804,2027-12-21,SMG01,ACTIVE
14338,3357,Savings,11541854,2027-09-25,JKT01,ACTIVE
14339,9259,Savings,123665482,2027-12-13,JKT01,ACTIVE
14340,7226,Time Deposit,223281127,2026-04-11,JKT02,ACTIVE
14341,5265,Savings,20680146,2026-10-08,MDN01,ACTIVE
14342,4062,Savings,6942071,2026-08-02,SBY01,ACTIVE
14343,9322,Savings,128882914,2026-09-16,SBY01,ACTIVE
14344,5743,Savings,26144133,2027-10-19,JKT01,ACTIVE
14345,7977,Time Deposit,1652862754,2026-09-28,JKT01,ACTIVE
14346,4722,Time Deposit,514778244,2026-08-05,MDN01,ACTIVE
14347,489,Savings,25990599,2027-04-19,JKT01,ACTIVE
14348,6738,Savings,182575198,2027-06-25,MDN01,ACTIVE
14349,5772,Time Deposit,1212057029,2027-01-23,SMG01,ACTIVE
14350,8130,Savings,9342430,2027-07-29,SMG01,ACTIVE
14351,9211,Time Deposit,555343355,2027-02-24,SMG01,ACTIVE
14352,8068,Time Deposit,301597487,2027-01-14,BDG01,ACTIVE
14353,4124,Savings,115601891,2027-11-23,SBY01,ACTIVE
14354,3052,Savings,10014114,2027-02-04,YGY01,ACTIVE
14355,1876,Savings,77611370,2028-01-10,SMG01,ACTIVE
14356,6080,Savings,13922475,2027-02-08,SMG01,ACTIVE
14357,3558,Time Deposit,1477310791,2027-01-12,YGY01,ACTIVE
14358,6188,Savings,102024830,2027-08-29,JKT02,ACTIVE
14359,1301,Savings,11556356,2026-05-16,JKT02,ACTIVE
14360,7966,Time Deposit,1085580470,2026-10-01,SBY01,ACTIVE
14361,1895,Time Deposit,612952319,2026-11-19,BDG01,ACTIVE
14362,6070,Savings,60648561,2027-05-11,SBY01,ACTIVE
14363,5555,Time Deposit,387621207,2026-05-07,YGY01,ACTIVE
14364,2150,Savings,75962023,2027-11-15,MDN01,ACTIVE
14365,4102,Savings,23069645,2026-11-06,BDG01,ACTIVE
14366,4323,Time Deposit,573985734,2026-08-31,MDN01,ACTIVE
14367,1340,Time Deposit,200039868,2026-07-11,JKT01,ACTIVE
14368,2923,Savings,64039848,2026-12-07,JKT01,ACTIVE
14369,8794,Savings,62858566,2026-06-27,YGY01,ACTIVE
14370,8893,Savings,5404899,2026-08-12,SBY01,ACTIVE
14371,6338,Savings,9481993,2027-03-14,YGY01,ACTIVE
14372,7772,Savings,16110865,2027-01-17,JKT01,ACTIVE
14373,5314,Time Deposit,603780761,2026-08-13,JKT02,ACTIVE
14374,6055,Savings,29819552,2027-10-30,YGY01,ACTIVE
14375,8115,Time Deposit,321970312,2027-02-20,YGY01,ACTIVE
14376,7608,Time Deposit,403707834,2026-12-21,YGY01,ACTIVE
14377,3288,Savings,24279534,2027-05-12,YGY01,ACTIVE
14378,6952,Time Deposit,1298023445,2026-08-14,JKT02,ACTIVE
14379,9114,Time Deposit,1484661851,2026-10-02,SMG01,ACTIVE
14380,8556,Savings,19214163,2026-10-02,MDN01,ACTIVE
14381,8407,Savings,12904514,2026-06-24,JKT01,ACTIVE
14382,9237,Savings,130952287,2027-07-16,SBY01,ACTIVE
14383,1445,Time Deposit,419956069,2026-04-25,SBY01,ACTIVE
14384,6500,Time Deposit,420526585,2026-07-09,BDG01,ACTIVE
14385,9769,Savings,20180582,2026-04-30,SBY01,ACTIVE
14386,4337,Savings,9843805,2026-07-31,YGY01,ACTIVE
14387,3817,Savings,69426197,2026-05-12,SMG01,ACTIVE
14388,6991,Time Deposit,375156564,2027-02-18,YGY01,ACTIVE
14389,3209,Time Deposit,708415841,2026-11-19,YGY01,ACTIVE
14390,5765,Time Deposit,201768694,2026-09-15,SMG01,ACTIVE
14391,884,Savings,170673654,2027-11-17,SMG01,ACTIVE
14392,9396,Time Deposit,1175058851,2027-01-29,YGY01,ACTIVE
14393,273,Savings,7674724,2026-08-29,BDG01,ACTIVE
14394,7248,Savings,82595744,2026-08-07,SMG01,ACTIVE
14395,1818,Time Deposit,786002014,2027-01-21,JKT01,ACTIVE
14396,3147,Time Deposit,1126479392,2026-05-13,SMG01,ACTIVE
14397,882,Time Deposit,655576939,2026-12-25,SBY01,ACTIVE
14398,9024,Savings,8640738,2027-07-15,JKT02,ACTIVE
14399,3354,Savings,31573919,2027-05-17,JKT01,ACTIVE
14400,322,Savings,32916079,2026-11-06,JKT01,ACTIVE
14401,6930,Savings,12971651,2026-09-23,BDG01,ACTIVE
14402,7655,Savings,27393204,2026-08-05,MDN01,ACTIVE
14403,8689,Savings,22047432,2026-04-24,YGY01,ACTIVE
14404,33,Savings,59500105,2027-07-09,JKT01,ACTIVE
14405,8045,Savings,20790102,2028-02-28,SBY01,ACTIVE
14406,6774,Time Deposit,782331216,2026-06-04,MDN01,ACTIVE
14407,6047,Time Deposit,789397251,2026-12-20,JKT02,ACTIVE
14408,1381,Savings,44264974,2027-10-09,JKT02,ACTIVE
14409,7606,Savings,21358166,2026-10-05,JKT01,ACTIVE
14410,4652,Savings,6664605,2028-01-12,SBY01,ACTIVE
14411,644,Savings,47765123,2026-10-19,SMG01,ACTIVE
14412,2145,Time Deposit,874440435,2026-10-01,SBY01,ACTIVE
14413,4022,Time Deposit,890163791,2026-11-16,JKT02,ACTIVE
14414,7825,Time Deposit,667979028,2026-08-07,SBY01,ACTIVE
14415,1416,Time Deposit,355980236,2026-12-25,SMG01,ACTIVE
14416,667,Savings,22644911,2026-04-23,SMG01,ACTIVE
14417,6883,Savings,151837803,2028-01-25,SMG01,ACTIVE
14418,7770,Savings,56624509,2027-04-29,BDG01,ACTIVE
14419,7975,Savings,48107054,2026-12-13,BDG01,ACTIVE
14420,6782,Savings,34307776,2026-06-15,SBY01,ACTIVE
14421,3985,Savings,19336913,2027-10-01,SMG01,ACTIVE
14422,8918,Time Deposit,396199064,2026-06-07,YGY01,ACTIVE
14423,8818,Savings,91796166,2027-02-08,MDN01,ACTIVE
14424,6328,Time Deposit,479519832,2026-07-09,BDG01,ACTIVE
14425,2662,Savings,185192970,2026-08-29,SBY01,ACTIVE
14426,5488,Savings,21828971,2027-09-30,MDN01,ACTIVE
14427,4852,Savings,4646944,2026-08-15,JKT01,ACTIVE
14428,5811,Savings,29679304,2027-02-19,JKT02,ACTIVE
14429,5866,Savings,10695414,2026-09-19,JKT01,ACTIVE
14430,5075,Time Deposit,544756957,2026-06-16,JKT01,ACTIVE
14431,7434,Savings,28603736,2026-06-03,YGY01,ACTIVE
14432,116,Time Deposit,199179088,2027-01-26,SMG01,ACTIVE
14433,4486,Savings,15155967,2027-12-19,SBY01,ACTIVE
14434,1582,Time Deposit,644726377,2027-01-29,BDG01,ACTIVE
14435,4542,Savings,8074543,2026-05-06,JKT01,ACTIVE
14436,8751,Savings,14844273,2026-06-17,BDG01,ACTIVE
14437,5314,Savings,21746452,2026-10-26,SMG01,ACTIVE
14438,4858,Time Deposit,335729600,2026-12-04,SMG01,ACTIVE
14439,7950,Savings,22812805,2027-01-31,JKT02,ACTIVE
14440,7052,Savings,34468695,2026-05-21,JKT02,ACTIVE
14441,5715,Savings,22859389,2028-02-12,MDN01,ACTIVE
14442,625,Time Deposit,238337298,2026-06-21,MDN01,ACTIVE
14443,8161,Savings,121167892,2027-08-02,JKT02,ACTIVE
14444,9135,Time Deposit,389720115,2026-04-11,JKT01,ACTIVE
14445,8237,Time Deposit,331300177,2026-05-15,BDG01,ACTIVE
14446,5845,Time Deposit,763563709,2027-01-01,JKT01,ACTIVE
14447,3216,Savings,241157239,2027-12-07,JKT01,ACTIVE
14448,6550,Savings,15096037,2027-11-22,YGY01,ACTIVE
14449,8004,Savings,23285515,2027-09-11,MDN01,ACTIVE
14450,4124,Savings,35821621,2027-10-12,MDN01,ACTIVE
14451,4058,Time Deposit,211431516,2026-04-26,SBY01,ACTIVE
14452,3304,Time Deposit,415339978,2027-01-02,JKT02,ACTIVE
14453,1127,Time Deposit,307392572,2027-02-13,JKT01,ACTIVE
14454,6313,Savings,43742844,2027-04-04,SBY01,ACTIVE
14455,157,Savings,56191123,2027-02-05,MDN01,ACTIVE
14456,5525,Savings,21974004,2028-01-01,SMG01,ACTIVE
14457,2556,Time Deposit,839116422,2026-05-23,SBY01,ACTIVE
14458,9344,Savings,63540500,2026-12-18,JKT02,ACTIVE
14459,9690,Savings,7689748,2027-11-14,JKT01,ACTIVE
14460,9515,Savings,16790001,2027-06-22,MDN01,ACTIVE
14461,6502,Time Deposit,562011013,2026-12-01,JKT01,ACTIVE
14462,4137,Time Deposit,447455802,2026-06-17,SBY01,ACTIVE
14463,8752,Savings,18072760,2027-10-14,YGY01,ACTIVE
14464,1026,Savings,74031470,2027-05-03,YGY01,ACTIVE
14465,9338,Savings,18783873,2026-08-26,YGY01,ACTIVE
14466,2773,Savings,23228229,2026-07-27,JKT01,ACTIVE
14467,832,Savings,64041442,2026-10-27,MDN01,ACTIVE
14468,4693,Savings,44719334,2027-05-20,SMG01,ACTIVE
14469,6760,Time Deposit,906705866,2026-05-29,BDG01,ACTIVE
14470,4909,Savings,65157442,2028-02-23,MDN01,ACTIVE
14471,7219,Time Deposit,174646815,2026-07-15,SBY01,ACTIVE
14472,3457,Savings,32639399,2027-01-09,JKT02,ACTIVE
14473,5705,Time Deposit,232413454,2026-09-17,SBY01,ACTIVE
14474,9651,Time Deposit,742961733,2026-04-10,JKT01,ACTIVE
14475,4045,Time Deposit,1099067601,2026-09-23,MDN01,ACTIVE
14476,5437,Savings,31699452,2026-12-27,YGY01,ACTIVE
14477,2286,Savings,23902448,2026-08-13,BDG01,ACTIVE
14478,9194,Time Deposit,1441571704,2027-03-14,SMG01,ACTIVE
14479,7971,Savings,12808775,2027-07-05,YGY01,ACTIVE
14480,7405,Time Deposit,554028343,2027-03-10,SMG01,ACTIVE
14481,352,Time Deposit,906396462,2026-06-24,SBY01,ACTIVE
14482,4997,Time Deposit,534755689,2026-06-23,JKT01,ACTIVE
14483,6505,Savings,66206649,2026-07-15,JKT01,ACTIVE
14484,3428,Time Deposit,358871034,2026-05-30,YGY01,ACTIVE
14485,4456,Savings,81549590,2027-01-18,BDG01,ACTIVE
14486,1190,Savings,42369148,2027-03-25,JKT01,ACTIVE
14487,4508,Time Deposit,706629988,2026-12-20,MDN01,ACTIVE
14488,2784,Time Deposit,870945656,2027-03-02,JKT02,ACTIVE
14489,9766,Savings,43755073,2026-11-30,MDN01,ACTIVE
14490,1032,Savings,90967405,2026-12-25,BDG01,ACTIVE
14491,7346,Time Deposit,1232053109,2027-01-13,JKT02,ACTIVE
14492,6581,Savings,5971823,2026-12-01,JKT02,ACTIVE
14493,8491,Savings,33091059,2026-09-30,MDN01,ACTIVE
14494,9835,Savings,8653648,2027-09-27,SBY01,ACTIVE
14495,5534,Time Deposit,728893334,2026-09-11,BDG01,ACTIVE
14496,6473,Savings,9802635,2027-12-09,YGY01,ACTIVE
14497,3003,Savings,11734904,2027-06-23,JKT02,ACTIVE
14498,8762,Savings,4042771,2027-02-07,YGY01,ACTIVE
14499,2407,Savings,137910916,2027-11-06,JKT02,ACTIVE
14500,280,Savings,94278786,2027-07-20,BDG01,ACTIVE
14501,2482,Savings,15468288,2026-07-25,YGY01,ACTIVE
14502,1937,Time Deposit,1572446052,2027-02-04,JKT02,ACTIVE
14503,7074,Savings,10905569,2027-07-23,MDN01,ACTIVE
14504,2586,Savings,9465776,2027-02-05,BDG01,ACTIVE
14505,2350,Savings,20884815,2027-02-13,SMG01,ACTIVE
14506,4746,Time Deposit,1351738932,2027-02-20,SBY01,ACTIVE
14507,9539,Savings,7813169,2026-10-21,YGY01,ACTIVE
14508,4030,Savings,39494613,2027-12-20,JKT02,ACTIVE
14509,3143,Time Deposit,216569747,2026-07-27,BDG01,ACTIVE
14510,8957,Savings,54634098,2028-02-11,SMG01,ACTIVE
14511,9859,Time Deposit,1143121761,2026-04-23,SMG01,ACTIVE
14512,3410,Savings,42030952,2028-02-03,JKT02,ACTIVE
14513,4455,Savings,13559849,2027-03-03,JKT02,ACTIVE
14514,5783,Savings,14070792,2026-09-21,SMG01,ACTIVE
14515,5790,Time Deposit,1193875288,2027-03-06,YGY01,ACTIVE
14516,3398,Savings,7611451,2027-10-07,MDN01,ACTIVE
14517,4485,Time Deposit,363090565,2026-09-14,JKT02,ACTIVE
14518,5302,Savings,25120021,2027-01-05,JKT02,ACTIVE
14519,1582,Savings,76649944,2027-06-21,JKT01,ACTIVE
14520,9186,Savings,81100091,2027-09-20,JKT02,ACTIVE
14521,2365,Savings,19472191,2027-08-19,MDN01,ACTIVE
14522,6583,Savings,11731673,2027-11-09,MDN01,ACTIVE
14523,7703,Savings,12336004,2026-04-22,SMG01,ACTIVE
14524,6732,Savings,87823548,2028-01-02,YGY01,ACTIVE
14525,5474,Savings,109825169,2028-01-10,SBY01,ACTIVE
14526,7074,Savings,6328300,2028-01-30,JKT01,ACTIVE
14527,5916,Savings,29426029,2028-02-07,SMG01,ACTIVE
14528,4089,Time Deposit,782984968,2026-10-18,BDG01,ACTIVE
14529,7328,Savings,19391611,2027-09-22,SMG01,ACTIVE
14530,7836,Savings,62147529,2028-03-04,BDG01,ACTIVE
14531,4989,Time Deposit,936380861,2026-08-06,JKT01,ACTIVE
14532,5775,Savings,69698102,2026-09-24,SBY01,ACTIVE
14533,2759,Savings,98003778,2028-02-12,JKT01,ACTIVE
14534,1285,Savings,161581894,2027-03-01,YGY01,ACTIVE
14535,3298,Time Deposit,469098983,2026-10-27,JKT01,ACTIVE
14536,1440,Time Deposit,1739569616,2026-08-22,JKT01,ACTIVE
14537,895,Savings,14844036,2027-11-16,SMG01,ACTIVE
14538,8270,Time Deposit,608362484,2026-08-08,JKT02,ACTIVE
14539,4837,Savings,33773236,2026-05-30,BDG01,ACTIVE
14540,1686,Time Deposit,477145804,2026-10-28,MDN01,ACTIVE
14541,2413,Savings,192260110,2026-12-06,YGY01,ACTIVE
14542,4434,Savings,111296121,2027-08-18,JKT01,ACTIVE
14543,2501,Time Deposit,951741553,2026-04-14,SMG01,ACTIVE
14544,3931,Savings,84822468,2026-06-04,JKT01,ACTIVE
14545,3572,Savings,69736817,2027-09-25,YGY01,ACTIVE
14546,4746,Savings,209662813,2027-11-27,MDN01,ACTIVE
14547,6793,Savings,141765479,2026-08-27,MDN01,ACTIVE
14548,2812,Savings,73953362,2026-11-11,SBY01,ACTIVE
14549,2445,Savings,20702764,2027-09-25,BDG01,ACTIVE
14550,4640,Time Deposit,1167939387,2026-10-12,SMG01,ACTIVE
14551,8007,Savings,7719008,2028-02-26,JKT02,ACTIVE
14552,1023,Savings,38309939,2026-11-09,SMG01,ACTIVE
14553,2791,Savings,75045806,2026-05-12,SBY01,ACTIVE
14554,7471,Savings,39644418,2027-03-19,JKT01,ACTIVE
14555,5223,Savings,28772903,2027-01-24,SMG01,ACTIVE
14556,9834,Time Deposit,1393421121,2026-07-19,SBY01,ACTIVE
14557,4844,Savings,18606413,2026-06-02,JKT01,ACTIVE
14558,6340,Savings,31290568,2026-05-13,MDN01,ACTIVE
14559,9974,Savings,4649961,2027-12-28,YGY01,ACTIVE
14560,5355,Time Deposit,636452188,2026-10-16,MDN01,ACTIVE
14561,1633,Savings,13314341,2027-11-04,JKT01,ACTIVE
14562,8642,Time Deposit,1037510060,2026-04-06,JKT02,ACTIVE
14563,5379,Time Deposit,1473601308,2026-07-24,SBY01,ACTIVE
14564,4755,Time Deposit,463501346,2026-10-16,BDG01,ACTIVE
14565,2099,Savings,33046380,2026-12-20,BDG01,ACTIVE
14566,1769,Savings,32502451,2028-01-26,JKT01,ACTIVE
14567,8457,Savings,4714180,2028-02-15,YGY01,ACTIVE
14568,2581,Time Deposit,534268038,2027-01-01,JKT02,ACTIVE
14569,249,Time Deposit,1229946867,2026-05-22,JKT01,ACTIVE
14570,1055,Time Deposit,647806918,2026-11-23,BDG01,ACTIVE
14571,4982,Time Deposit,432275887,2027-03-09,SMG01,ACTIVE
14572,8096,Savings,68374862,2027-07-27,JKT01,ACTIVE
14573,3819,Savings,94740993,2026-12-28,SBY01,ACTIVE
14574,8399,Time Deposit,675773484,2026-11-30,SMG01,ACTIVE
14575,7648,Savings,30067457,2026-08-01,SMG01,ACTIVE
14576,3185,Time Deposit,729303462,2026-11-09,SBY01,ACTIVE
14577,9384,Savings,67343336,2027-09-10,BDG01,ACTIVE
14578,7648,Savings,23478390,2026-07-08,SMG01,ACTIVE
14579,3424,Savings,45936096,2026-10-14,BDG01,ACTIVE
14580,2433,Savings,10419571,2026-07-30,BDG01,ACTIVE
14581,1064,Savings,64964140,2027-08-04,SMG01,ACTIVE
14582,1592,Savings,12110159,2028-03-07,JKT01,ACTIVE
14583,6939,Time Deposit,748209129,2027-02-11,SMG01,ACTIVE
14584,4726,Savings,77202908,2026-06-07,MDN01,ACTIVE
14585,9938,Time Deposit,626759110,2026-06-09,JKT01,ACTIVE
14586,3376,Savings,10153730,2028-01-28,SBY01,ACTIVE
14587,7040,Time Deposit,308408748,2026-10-26,SMG01,ACTIVE
14588,1470,Savings,36757653,2026-12-31,JKT01,ACTIVE
14589,8740,Savings,11856041,2026-09-20,MDN01,ACTIVE
14590,1686,Savings,74389397,2028-02-18,MDN01,ACTIVE
14591,3712,Time Deposit,128093445,2027-02-27,JKT02,ACTIVE
14592,5876,Time Deposit,1422630707,2026-05-19,JKT02,ACTIVE
14593,6341,Time Deposit,783618857,2027-01-21,BDG01,ACTIVE
14594,6667,Time Deposit,1287109848,2026-12-02,MDN01,ACTIVE
14595,7015,Time Deposit,689923426,2026-11-26,JKT01,ACTIVE
14596,7083,Savings,3832213,2026-10-19,JKT01,ACTIVE
14597,3574,Savings,45784377,2026-11-10,MDN01,ACTIVE
14598,5889,Savings,78022941,2027-08-11,SBY01,ACTIVE
14599,3394,Savings,14315794,2027-05-30,JKT02,ACTIVE
14600,678,Time Deposit,1160410660,2026-06-20,JKT01,ACTIVE
14601,4351,Savings,3405737,2027-06-17,SMG01,ACTIVE
14602,8207,Savings,118555840,2027-07-11,YGY01,ACTIVE
14603,2431,Time Deposit,492498869,2026-07-24,BDG01,ACTIVE
14604,7857,Time Deposit,715422685,2026-04-10,MDN01,ACTIVE
14605,1252,Time Deposit,285956216,2026-11-20,MDN01,ACTIVE
14606,503,Savings,8734366,2027-11-21,JKT01,ACTIVE
14607,7980,Savings,113984389,2027-10-22,YGY01,ACTIVE
14608,9442,Time Deposit,1060843384,2026-07-19,SBY01,ACTIVE
14609,1338,Time Deposit,595511834,2027-01-10,SBY01,ACTIVE
14610,3952,Savings,63484560,2028-02-12,JKT01,ACTIVE
14611,8572,Savings,69843067,2027-01-25,BDG01,ACTIVE
14612,448,Savings,32169106,2026-05-07,SBY01,ACTIVE
14613,9118,Time Deposit,1678789680,2026-08-17,SMG01,ACTIVE
14614,1733,Time Deposit,573774698,2026-05-11,BDG01,ACTIVE
14615,8275,Savings,77969028,2027-05-27,JKT02,ACTIVE
14616,4540,Savings,11781540,2026-09-22,BDG01,ACTIVE
14617,3026,Time Deposit,325742953,2026-08-02,JKT02,ACTIVE
14618,518,Savings,23970088,2026-06-21,JKT02,ACTIVE
14619,7441,Savings,20924058,2027-05-19,SBY01,ACTIVE
14620,954,Savings,42840498,2027-12-26,BDG01,ACTIVE
14621,3924,Savings,28833215,2028-03-10,SBY01,ACTIVE
14622,8107,Savings,23183432,2026-06-17,BDG01,ACTIVE
14623,2279,Time Deposit,348678306,2026-04-04,JKT02,ACTIVE
14624,2190,Time Deposit,100580882,2026-12-28,SMG01,ACTIVE
14625,7875,Savings,10542122,2027-06-03,YGY01,ACTIVE
14626,1139,Savings,13241653,2026-11-29,MDN01,ACTIVE
14627,2632,Time Deposit,512502933,2027-02-24,YGY01,ACTIVE
14628,7782,Savings,34439521,2028-03-14,JKT02,ACTIVE
14629,5869,Savings,23959984,2026-04-29,JKT01,ACTIVE
14630,512,Time Deposit,647778700,2026-12-30,SBY01,ACTIVE
14631,1158,Time Deposit,899441295,2026-08-24,SMG01,ACTIVE
14632,5204,Time Deposit,599431204,2027-02-04,SMG01,ACTIVE
14633,8376,Savings,18293314,2026-10-18,JKT01,ACTIVE
14634,8093,Savings,107931004,2026-12-07,SMG01,ACTIVE
14635,9438,Savings,27871023,2027-01-28,JKT01,ACTIVE
14636,1736,Savings,52441118,2027-03-18,MDN01,ACTIVE
14637,9542,Savings,49666546,2026-06-29,SBY01,ACTIVE
14638,5403,Savings,23168219,2026-12-06,YGY01,ACTIVE
14639,2872,Savings,19259004,2026-07-15,SMG01,ACTIVE
14640,9816,Time Deposit,624762527,2026-09-19,BDG01,ACTIVE
14641,9108,Savings,33101274,2026-07-24,MDN01,ACTIVE
14642,8061,Time Deposit,1648679939,2026-04-28,MDN01,ACTIVE
14643,9110,Time Deposit,1076117783,2026-10-26,MDN01,ACTIVE
14644,787,Savings,76791721,2026-05-07,MDN01,ACTIVE
14645,749,Savings,82472448,2027-02-05,SMG01,ACTIVE
14646,2376,Savings,18004412,2026-07-05,JKT02,ACTIVE
14647,7539,Savings,54775842,2027-03-30,MDN01,ACTIVE
14648,7783,Savings,32005684,2027-09-07,BDG01,ACTIVE
14649,2321,Savings,38952566,2027-02-21,BDG01,ACTIVE
14650,4818,Savings,101924966,2026-09-24,YGY01,ACTIVE
14651,7773,Time Deposit,482745897,2026-07-08,JKT02,ACTIVE
14652,7657,Time Deposit,1411186943,2027-02-13,SBY01,ACTIVE
14653,77,Savings,57166565,2027-03-25,MDN01,ACTIVE
14654,5289,Time Deposit,184541335,2027-02-01,YGY01,ACTIVE
14655,967,Time Deposit,340524433,2026-11-09,JKT02,ACTIVE
14656,1251,Savings,63624160,2026-12-25,MDN01,ACTIVE
14657,8421,Time Deposit,1164786058,2026-03-31,MDN01,ACTIVE
14658,6145,Time Deposit,673625510,2027-01-26,JKT02,ACTIVE
14659,5881,Time Deposit,591180644,2027-02-20,BDG01,ACTIVE
14660,6836,Time Deposit,631390191,2027-02-18,MDN01,ACTIVE
14661,681,Time Deposit,785837683,2026-04-21,JKT01,ACTIVE
14662,6685,Time Deposit,733002943,2026-06-05,BDG01,ACTIVE
14663,9681,Savings,7753975,2027-12-08,MDN01,ACTIVE
14664,493,Savings,87925373,2026-10-05,YGY01,ACTIVE
14665,4685,Savings,11364078,2028-02-13,JKT01,ACTIVE
14666,7878,Savings,6687319,2026-10-07,BDG01,ACTIVE
14667,6703,Savings,14661638,2026-05-16,JKT02,ACTIVE
14668,2571,Savings,13503176,2027-04-20,MDN01,ACTIVE
14669,240,Time Deposit,1402007677,2026-07-28,MDN01,ACTIVE
14670,4378,Savings,23721661,2026-05-19,JKT02,ACTIVE
14671,4448,Savings,5266750,2027-06-27,YGY01,ACTIVE
14672,7894,Time Deposit,1468489953,2026-08-29,MDN01,ACTIVE
14673,8473,Savings,96655411,2027-06-21,BDG01,ACTIVE
14674,5972,Time Deposit,1048595241,2026-08-17,BDG01,ACTIVE
14675,8932,Time Deposit,973860594,2026-10-13,YGY01,ACTIVE
14676,1166,Savings,9101653,2027-11-17,BDG01,ACTIVE
14677,2863,Savings,30601206,2027-12-07,MDN01,ACTIVE
14678,6411,Savings,114617787,2026-06-28,MDN01,ACTIVE
14679,7139,Time Deposit,792926409,2026-05-18,BDG01,ACTIVE
14680,4909,Time Deposit,1112152531,2026-06-10,SMG01,ACTIVE
14681,809,Savings,35422591,2026-08-05,SBY01,ACTIVE
14682,6326,Savings,5101419,2027-07-21,SMG01,ACTIVE
14683,5641,Savings,55631075,2028-02-01,JKT01,ACTIVE
14684,5417,Savings,11372135,2027-12-11,SBY01,ACTIVE
14685,5845,Time Deposit,1378102312,2026-11-14,SBY01,ACTIVE
14686,5803,Savings,8037391,2027-08-17,BDG01,ACTIVE
14687,1427,Time Deposit,230553068,2026-10-06,MDN01,ACTIVE
14688,1531,Savings,2884553,2027-01-20,SMG01,ACTIVE
14689,4329,Savings,36919415,2028-02-20,BDG01,ACTIVE
14690,9042,Savings,13265046,2027-06-17,JKT02,ACTIVE
14691,2324,Time Deposit,1516286531,2026-05-14,SBY01,ACTIVE
14692,5330,Time Deposit,782355277,2026-05-20,SMG01,ACTIVE
14693,4434,Savings,181163571,2027-11-07,YGY01,ACTIVE
14694,8226,Time Deposit,122811024,2026-07-22,SMG01,ACTIVE
14695,7282,Savings,33975379,2026-05-15,JKT02,ACTIVE
14696,2282,Savings,184852123,2027-06-06,BDG01,ACTIVE
14697,909,Time Deposit,309102527,2026-06-17,JKT02,ACTIVE
14698,56,Savings,46802766,2027-09-07,SMG01,ACTIVE
14699,8979,Time Deposit,492850042,2026-12-28,SMG01,ACTIVE
14700,818,Time Deposit,269827891,2026-11-23,JKT02,ACTIVE
14701,6053,Savings,73919520,2027-11-28,SMG01,ACTIVE
14702,5843,Savings,33619835,2027-05-08,JKT02,ACTIVE
14703,7280,Time Deposit,849525529,2026-12-06,SBY01,ACTIVE
14704,2226,Time Deposit,1340777454,2026-07-23,MDN01,ACTIVE
14705,9340,Time Deposit,1144250405,2026-05-30,JKT01,ACTIVE
14706,1671,Time Deposit,510065202,2026-08-01,YGY01,ACTIVE
14707,932,Savings,142611777,2026-12-05,JKT01,ACTIVE
14708,874,Savings,83074836,2027-11-18,SMG01,ACTIVE
14709,8604,Savings,39195643,2027-03-10,JKT01,ACTIVE
14710,7440,Savings,32106298,2027-03-29,YGY01,ACTIVE
14711,8347,Savings,158787639,2027-08-09,BDG01,ACTIVE
14712,8706,Savings,101199889,2027-12-30,JKT02,ACTIVE
14713,4519,Savings,200613034,2027-12-04,JKT02,ACTIVE
14714,9806,Savings,44510441,2027-06-09,JKT01,ACTIVE
14715,6349,Savings,7448873,2026-10-15,SMG01,ACTIVE
14716,5882,Savings,33534594,2027-04-13,SMG01,ACTIVE
14717,6155,Savings,139682393,2027-06-20,SBY01,ACTIVE
14718,5638,Time Deposit,932211851,2027-02-05,BDG01,ACTIVE
14719,9480,Time Deposit,328988139,2027-01-02,JKT01,ACTIVE
14720,7810,Time Deposit,1294939186,2026-12-09,SMG01,ACTIVE
14721,2657,Time Deposit,184163278,2026-10-20,YGY01,ACTIVE
14722,7445,Time Deposit,1213628805,2026-12-03,JKT02,ACTIVE
14723,6879,Savings,19899617,2027-05-09,JKT01,ACTIVE
14724,2192,Savings,99696219,2027-11-11,SBY01,ACTIVE
14725,1887,Time Deposit,1031496924,2026-10-17,YGY01,ACTIVE
14726,1314,Savings,41049468,2027-10-02,JKT02,ACTIVE
14727,7746,Savings,210708849,2026-07-26,SBY01,ACTIVE
14728,8420,Time Deposit,628581610,2026-04-05,MDN01,ACTIVE
14729,7027,Savings,15837999,2026-04-26,JKT02,ACTIVE
14730,3194,Savings,81864119,2027-11-01,BDG01,ACTIVE
14731,165,Savings,21640069,2026-08-15,BDG01,ACTIVE
14732,5023,Savings,39314658,2026-09-14,MDN01,ACTIVE
14733,3996,Savings,15076906,2027-10-21,YGY01,ACTIVE
14734,8939,Time Deposit,696518672,2027-02-04,SBY01,ACTIVE
14735,950,Time Deposit,387077176,2026-12-07,SMG01,ACTIVE
14736,1796,Time Deposit,269097597,2027-01-11,JKT02,ACTIVE
14737,1609,Savings,6724358,2027-06-10,SMG01,ACTIVE
14738,4249,Time Deposit,760086655,2027-02-07,SMG01,ACTIVE
14739,7284,Time Deposit,894986939,2027-01-14,BDG01,ACTIVE
14740,8626,Time Deposit,810091114,2026-05-09,SBY01,ACTIVE
14741,5145,Savings,33206427,2026-05-07,BDG01,ACTIVE
14742,394,Time Deposit,346956656,2026-06-20,SBY01,ACTIVE
14743,9568,Savings,97162865,2027-07-05,JKT02,ACTIVE
14744,8476,Time Deposit,849426208,2027-02-21,JKT02,ACTIVE
14745,9379,Savings,82608200,2026-05-31,JKT02,ACTIVE
14746,7917,Savings,12498556,2026-08-01,SBY01,ACTIVE
14747,3026,Savings,11914202,2026-10-31,JKT02,ACTIVE
14748,8376,Savings,31424996,2027-02-14,JKT02,ACTIVE
14749,3015,Time Deposit,234914087,2026-03-29,SMG01,ACTIVE
14750,9021,Time Deposit,286685151,2026-08-18,JKT02,ACTIVE
14751,4925,Savings,18167516,2028-02-17,JKT02,ACTIVE
14752,3285,Time Deposit,439279166,2027-01-04,JKT01,ACTIVE
14753,986,Time Deposit,961160332,2026-08-26,YGY01,ACTIVE
14754,5428,Savings,35720665,2026-08-02,SMG01,ACTIVE
14755,8949,Savings,100168167,2027-08-11,JKT01,ACTIVE
14756,1015,Savings,7615268,2027-04-16,MDN01,ACTIVE
14757,2636,Savings,116237730,2026-06-29,YGY01,ACTIVE
14758,1328,Savings,14229831,2027-07-25,SMG01,ACTIVE
14759,3293,Savings,28501238,2027-04-19,MDN01,ACTIVE
14760,6374,Savings,28974609,2026-06-25,YGY01,ACTIVE
14761,6907,Savings,11022420,2027-03-18,SMG01,ACTIVE
14762,2145,Savings,224175511,2027-11-21,SMG01,ACTIVE
14763,1435,Savings,139208289,2027-06-07,JKT01,ACTIVE
14764,5956,Savings,86894221,2026-10-06,BDG01,ACTIVE
14765,2548,Time Deposit,932914425,2026-12-15,JKT01,ACTIVE
14766,1917,Savings,63180206,2027-06-23,SBY01,ACTIVE
14767,5786,Savings,21135120,2028-03-01,BDG01,ACTIVE
14768,9385,Savings,10681191,2026-10-24,JKT01,ACTIVE
14769,4420,Savings,27704752,2026-09-19,JKT02,ACTIVE
14770,8133,Savings,15938752,2026-11-10,SBY01,ACTIVE
14771,5797,Savings,15010372,2026-11-25,JKT01,ACTIVE
14772,3109,Time Deposit,592592662,2026-08-27,SBY01,ACTIVE
14773,2989,Savings,89554065,2027-01-02,YGY01,ACTIVE
14774,4056,Time Deposit,882295966,2026-06-12,JKT01,ACTIVE
14775,7680,Savings,10616863,2027-09-11,JKT01,ACTIVE
14776,5221,Savings,10820274,2027-05-23,MDN01,ACTIVE
14777,6655,Savings,50217625,2026-11-16,JKT02,ACTIVE
14778,1595,Time Deposit,416575781,2026-11-26,MDN01,ACTIVE
14779,3727,Savings,37579998,2027-10-03,JKT02,ACTIVE
14780,9708,Time Deposit,567950422,2026-12-29,JKT01,ACTIVE
14781,6988,Time Deposit,356157934,2026-04-17,MDN01,ACTIVE
14782,672,Time Deposit,686408242,2026-12-08,JKT02,ACTIVE
14783,9653,Time Deposit,943988888,2026-04-06,JKT01,ACTIVE
14784,9109,Savings,26424781,2027-06-28,JKT02,ACTIVE
14785,9772,Time Deposit,714386650,2026-04-13,YGY01,ACTIVE
14786,771,Time Deposit,1251697145,2027-01-27,MDN01,ACTIVE
14787,9032,Savings,99926101,2026-05-28,SMG01,ACTIVE
14788,8592,Time Deposit,1206697758,2026-06-05,JKT01,ACTIVE
14789,397,Savings,31565108,2027-04-11,SBY01,ACTIVE
14790,6153,Savings,31034310,2028-03-08,BDG01,ACTIVE
14791,7633,Savings,12059282,2026-10-22,SBY01,ACTIVE
14792,726,Savings,7788750,2027-10-07,JKT02,ACTIVE
14793,5361,Time Deposit,608708957,2026-10-11,JKT02,ACTIVE
14794,956,Savings,28080167,2026-09-25,SBY01,ACTIVE
14795,702,Savings,213028159,2027-07-06,JKT02,ACTIVE
14796,7347,Savings,12332451,2026-11-26,SBY01,ACTIVE
14797,4344,Time Deposit,1284566784,2026-08-08,JKT01,ACTIVE
14798,58,Savings,85797149,2026-05-03,JKT02,ACTIVE
14799,2474,Savings,43793248,2027-07-25,YGY01,ACTIVE
14800,3837,Time Deposit,397045449,2027-01-11,SBY01,ACTIVE
14801,1713,Savings,36914505,2027-11-15,BDG01,ACTIVE
14802,1040,Time Deposit,1153857346,2026-04-09,MDN01,ACTIVE
14803,646,Time Deposit,231774665,2026-06-28,YGY01,ACTIVE
14804,6901,Savings,84806456,2027-09-10,JKT01,ACTIVE
14805,6042,Savings,15613462,2027-01-31,MDN01,ACTIVE
14806,1263,Time Deposit,922430930,2026-08-21,BDG01,ACTIVE
14807,6611,Time Deposit,664416199,2027-02-17,SMG01,ACTIVE
14808,7117,Savings,144812128,2027-03-03,SBY01,ACTIVE
14809,3301,Savings,32073215,2026-08-14,SMG01,ACTIVE
14810,38,Savings,11207107,2027-06-28,SBY01,ACTIVE
14811,6912,Savings,7192108,2026-10-19,BDG01,ACTIVE
14812,232,Time Deposit,1227158540,2026-07-29,YGY01,ACTIVE
14813,3576,Savings,13420989,2026-07-07,SBY01,ACTIVE
14814,823,Savings,31844609,2028-03-13,SMG01,ACTIVE
14815,6952,Time Deposit,1295122565,2026-11-14,JKT01,ACTIVE
14816,9359,Savings,9983742,2027-03-10,SBY01,ACTIVE
14817,1548,Savings,30290224,2027-07-20,YGY01,ACTIVE
14818,5251,Time Deposit,641251004,2026-07-12,BDG01,ACTIVE
14819,7815,Time Deposit,618513931,2026-10-28,MDN01,ACTIVE
14820,2424,Time Deposit,134169017,2026-06-16,BDG01,ACTIVE
14821,1189,Savings,19712513,2026-06-18,MDN01,ACTIVE
14822,9989,Savings,10085594,2027-06-24,MDN01,ACTIVE
14823,2016,Savings,92154853,2026-11-18,MDN01,ACTIVE
14824,5250,Savings,106216509,2026-12-11,JKT02,ACTIVE
14825,6572,Savings,31748649,2026-10-14,MDN01,ACTIVE
14826,3512,Time Deposit,331830539,2027-01-30,SBY01,ACTIVE
14827,4266,Savings,11867496,2027-03-26,JKT02,ACTIVE
14828,1553,Savings,32167955,2027-07-30,JKT02,ACTIVE
14829,5596,Savings,78269922,2027-12-10,MDN01,ACTIVE
14830,1906,Savings,10062460,2027-09-15,SMG01,ACTIVE
14831,8939,Savings,53069849,2027-04-21,MDN01,ACTIVE
14832,3271,Time Deposit,581759161,2026-06-21,MDN01,ACTIVE
14833,9942,Savings,37570947,2026-12-23,SBY01,ACTIVE
14834,599,Time Deposit,835167575,2027-02-10,YGY01,ACTIVE
14835,1160,Savings,20619835,2027-03-14,BDG01,ACTIVE
14836,8104,Savings,20468347,2026-11-06,MDN01,ACTIVE
14837,8951,Time Deposit,1236214873,2026-10-22,JKT02,ACTIVE
14838,7673,Savings,33721375,2027-10-15,SMG01,ACTIVE
14839,6686,Time Deposit,1510990060,2026-10-04,BDG01,ACTIVE
14840,6187,Savings,7201229,2026-10-07,JKT01,ACTIVE
14841,6159,Savings,76092939,2027-06-25,BDG01,ACTIVE
14842,3886,Savings,83728762,2027-04-27,SMG01,ACTIVE
14843,5982,Savings,163963670,2027-10-25,BDG01,ACTIVE
14844,7237,Savings,37695118,2027-04-24,SBY01,ACTIVE
14845,8012,Savings,30480218,2027-10-07,BDG01,ACTIVE
14846,4574,Time Deposit,868744337,2026-08-20,JKT01,ACTIVE
14847,3614,Savings,61442303,2027-01-01,YGY01,ACTIVE
14848,858,Savings,14323489,2026-05-24,BDG01,ACTIVE
14849,7212,Time Deposit,726071712,2026-09-08,SBY01,ACTIVE
14850,4226,Savings,17375269,2026-09-12,SBY01,ACTIVE
14851,7954,Savings,174859779,2027-06-11,JKT02,ACTIVE
14852,3995,Savings,89919445,2027-05-17,YGY01,ACTIVE
14853,1478,Time Deposit,888159009,2026-04-22,SMG01,ACTIVE
14854,914,Savings,16913408,2027-11-03,YGY01,ACTIVE
14855,5078,Savings,14352868,2027-12-08,SMG01,ACTIVE
14856,7407,Time Deposit,767659563,2027-01-31,SMG01,ACTIVE
14857,3969,Savings,63066175,2027-02-04,BDG01,ACTIVE
14858,2348,Time Deposit,544280775,2026-09-12,SMG01,ACTIVE
14859,1329,Time Deposit,430134655,2026-12-28,SMG01,ACTIVE
14860,9007,Savings,17713851,2027-01-15,SMG01,ACTIVE
14861,9008,Time Deposit,745888674,2026-12-31,BDG01,ACTIVE
14862,573,Time Deposit,505276106,2026-05-04,BDG01,ACTIVE
14863,2941,Savings,195374774,2028-03-09,SMG01,ACTIVE
14864,9317,Savings,92241585,2027-12-10,SMG01,ACTIVE
14865,1505,Time Deposit,842130918,2027-03-09,YGY01,ACTIVE
14866,6665,Time Deposit,353043080,2026-09-23,MDN01,ACTIVE
14867,2265,Savings,33296615,2027-06-02,SBY01,ACTIVE
14868,4787,Savings,29575413,2027-10-09,YGY01,ACTIVE
14869,8681,Time Deposit,406963049,2026-11-10,YGY01,ACTIVE
14870,5745,Savings,29929122,2027-10-01,BDG01,ACTIVE
14871,8230,Savings,8717440,2026-08-03,SBY01,ACTIVE
14872,5687,Savings,152103627,2026-10-21,YGY01,ACTIVE
14873,7961,Savings,96142065,2026-10-01,SMG01,ACTIVE
14874,3664,Time Deposit,377369690,2026-04-01,MDN01,ACTIVE
14875,3663,Savings,21422596,2026-07-11,YGY01,ACTIVE
14876,2328,Time Deposit,992238539,2026-07-03,BDG01,ACTIVE
14877,6790,Savings,98279669,2026-09-21,JKT02,ACTIVE
14878,2316,Time Deposit,884266354,2026-05-29,BDG01,ACTIVE
14879,5225,Time Deposit,435389448,2026-09-16,JKT01,ACTIVE
14880,4797,Savings,10415851,2027-03-28,SMG01,ACTIVE
14881,6863,Savings,179418471,2027-04-19,YGY01,ACTIVE
14882,4570,Savings,123211295,2026-07-07,BDG01,ACTIVE
14883,6044,Savings,17493628,2027-07-31,SBY01,ACTIVE
14884,3594,Savings,12452738,2028-01-07,JKT02,ACTIVE
14885,3899,Time Deposit,220017353,2026-09-02,JKT02,ACTIVE
14886,330,Savings,45856701,2026-05-17,JKT02,ACTIVE
14887,3197,Time Deposit,325278351,2026-10-11,BDG01,ACTIVE
14888,455,Savings,10574075,2027-06-10,JKT02,ACTIVE
14889,4260,Time Deposit,552611619,2026-11-28,YGY01,ACTIVE
14890,411,Time Deposit,340564487,2026-11-28,JKT01,ACTIVE
14891,2473,Savings,143117585,2026-08-15,JKT01,ACTIVE
14892,847,Time Deposit,981406706,2026-11-19,SBY01,ACTIVE
14893,7680,Savings,15875330,2027-07-24,JKT02,ACTIVE
14894,5839,Savings,119754889,2026-11-06,MDN01,ACTIVE
14895,9707,Savings,35755385,2027-03-31,BDG01,ACTIVE
14896,5429,Savings,31271388,2027-09-16,BDG01,ACTIVE
14897,5405,Savings,26409531,2026-05-18,BDG01,ACTIVE
14898,4344,Savings,172161188,2026-12-01,YGY01,ACTIVE
14899,53,Savings,114659830,2026-11-28,SMG01,ACTIVE
14900,2949,Savings,34392037,2027-07-08,JKT02,ACTIVE
14901,6642,Savings,12275872,2027-05-07,YGY01,ACTIVE
14902,2887,Savings,7408136,2027-08-28,YGY01,ACTIVE
14903,8862,Time Deposit,434193115,2027-01-03,SBY01,ACTIVE
14904,2138,Savings,156459984,2028-03-03,BDG01,ACTIVE
14905,5074,Savings,14315494,2026-09-09,SMG01,ACTIVE
14906,5264,Time Deposit,553996156,2026-06-11,SMG01,ACTIVE
14907,643,Time Deposit,1189707692,2026-06-23,MDN01,ACTIVE
14908,2114,Time Deposit,434420931,2027-03-02,JKT01,ACTIVE
14909,5776,Savings,15300282,2026-04-17,MDN01,ACTIVE
14910,54,Savings,61694397,2026-08-04,SMG01,ACTIVE
14911,7593,Time Deposit,824449779,2026-11-18,MDN01,ACTIVE
14912,4892,Savings,82139331,2026-08-04,SMG01,ACTIVE
14913,145,Savings,19337701,2026-08-12,JKT02,ACTIVE
14914,3968,Savings,67938457,2027-11-26,SBY01,ACTIVE
14915,4113,Time Deposit,1181249692,2027-01-22,JKT02,ACTIVE
14916,4115,Time Deposit,1259303466,2026-12-01,SMG01,ACTIVE
14917,4396,Time Deposit,1042365245,2026-12-15,MDN01,ACTIVE
14918,5281,Savings,23808199,2028-01-02,YGY01,ACTIVE
14919,556,Savings,92444682,2026-09-22,JKT02,ACTIVE
14920,5163,Savings,12807674,2026-09-26,MDN01,ACTIVE
14921,3733,Time Deposit,227558657,2026-08-07,SBY01,ACTIVE
14922,9328,Time Deposit,351889389,2026-05-04,SMG01,ACTIVE
14923,3004,Savings,23453948,2026-06-02,YGY01,ACTIVE
14924,9483,Time Deposit,691924677,2026-07-08,SBY01,ACTIVE
14925,677,Savings,18376552,2026-08-14,JKT02,ACTIVE
14926,3656,Time Deposit,529505331,2026-04-09,SMG01,ACTIVE
14927,8722,Savings,2909883,2026-11-19,JKT02,ACTIVE
14928,2833,Time Deposit,791021704,2027-01-22,SBY01,ACTIVE
14929,9056,Savings,69700069,2026-12-16,BDG01,ACTIVE
14930,9524,Time Deposit,461339085,2026-12-29,JKT01,ACTIVE
14931,58,Time Deposit,922749444,2027-02-06,JKT01,ACTIVE
14932,2701,Savings,18603460,2027-06-06,JKT01,ACTIVE
14933,5440,Savings,21321769,2027-05-19,JKT01,ACTIVE
14934,4827,Savings,31809067,2027-12-16,SBY01,ACTIVE
14935,371,Time Deposit,650371757,2026-09-20,JKT02,ACTIVE
14936,7265,Savings,87580320,2027-12-30,MDN01,ACTIVE
14937,5165,Savings,57044567,2028-01-24,YGY01,ACTIVE
14938,3092,Time Deposit,693370568,2026-04-23,YGY01,ACTIVE
14939,928,Time Deposit,1042779183,2026-05-15,JKT01,ACTIVE
14940,8059,Savings,131268177,2028-02-09,SBY01,ACTIVE
14941,4007,Time Deposit,1524520472,2026-05-29,SMG01,ACTIVE
14942,9947,Savings,64861866,2028-02-24,JKT01,ACTIVE
14943,154,Savings,21077685,2027-12-17,MDN01,ACTIVE
14944,5612,Savings,3468543,2028-03-15,JKT02,ACTIVE
14945,3216,Time Deposit,549257537,2026-07-18,JKT01,ACTIVE
14946,3293,Time Deposit,497244331,2026-11-14,JKT01,ACTIVE
14947,4913,Savings,2137814,2028-01-23,SMG01,ACTIVE
14948,1821,Time Deposit,477040781,2026-06-10,SMG01,ACTIVE
14949,709,Time Deposit,1257167460,2026-07-21,JKT01,ACTIVE
14950,3854,Time Deposit,662029857,2027-01-03,BDG01,ACTIVE
14951,7421,Savings,10536949,2027-12-15,MDN01,ACTIVE
14952,2445,Time Deposit,688348104,2027-01-12,YGY01,ACTIVE
14953,7568,Savings,21698575,2027-01-21,BDG01,ACTIVE
14954,8196,Savings,19912070,2027-10-15,SBY01,ACTIVE
14955,6706,Time Deposit,1025958533,2026-08-05,YGY01,ACTIVE
14956,1205,Savings,21481063,2026-07-04,SMG01,ACTIVE
14957,8561,Savings,16507349,2026-11-16,JKT01,ACTIVE
14958,1883,Time Deposit,1063210709,2026-08-10,MDN01,ACTIVE
14959,59,Time Deposit,182300042,2026-07-25,SBY01,ACTIVE
14960,975,Savings,36859353,2026-11-26,JKT02,ACTIVE
14961,9632,Savings,21248829,2026-04-29,YGY01,ACTIVE
14962,7017,Savings,115296823,2027-06-07,JKT01,ACTIVE
14963,8140,Time Deposit,343587471,2026-09-17,JKT02,ACTIVE
14964,6521,Savings,85356688,2027-03-19,SBY01,ACTIVE
14965,4812,Savings,27575568,2026-04-21,YGY01,ACTIVE
14966,1126,Savings,25285387,2028-02-01,MDN01,ACTIVE
14967,2685,Time Deposit,431821650,2027-01-16,JKT02,ACTIVE
14968,389,Time Deposit,1551611762,2026-12-08,MDN01,ACTIVE
14969,789,Savings,8218034,2027-07-08,BDG01,ACTIVE
14970,6323,Savings,21109823,2026-09-04,YGY01,ACTIVE
14971,2731,Savings,50033728,2028-03-14,YGY01,ACTIVE
14972,6712,Time Deposit,974725148,2026-06-14,SBY01,ACTIVE
14973,4773,Savings,7366030,2027-03-13,BDG01,ACTIVE
14974,6199,Time Deposit,1194650525,2026-07-11,YGY01,ACTIVE
14975,4955,Savings,11095228,2027-11-06,JKT01,ACTIVE
14976,8577,Savings,24379118,2026-08-23,MDN01,ACTIVE
14977,7019,Savings,18797830,2028-01-10,SBY01,ACTIVE
14978,2702,Savings,36522276,2026-07-23,SBY01,ACTIVE
14979,4684,Time Deposit,912249264,2026-05-31,JKT02,ACTIVE
14980,7625,Savings,13500209,2026-11-15,SMG01,ACTIVE
14981,2082,Savings,10726653,2027-05-23,SBY01,ACTIVE
14982,6023,Savings,105066181,2026-11-05,JKT01,ACTIVE
14983,3922,Time Deposit,482459683,2026-12-31,YGY01,ACTIVE
14984,9207,Time Deposit,889765804,2026-10-30,JKT01,ACTIVE
14985,8182,Savings,149737710,2026-08-31,YGY01,ACTIVE
14986,4201,Savings,25507904,2028-03-08,SMG01,ACTIVE
14987,1951,Savings,19948230,2028-01-10,MDN01,ACTIVE
14988,3370,Savings,128285099,2028-02-04,MDN01,ACTIVE
14989,8417,Time Deposit,504001739,2026-10-05,MDN01,ACTIVE
14990,1798,Savings,11765400,2027-05-10,JKT01,ACTIVE
14991,3889,Time Deposit,490748988,2026-08-02,SMG01,ACTIVE
14992,4912,Time Deposit,435104354,2026-05-13,SBY01,ACTIVE
14993,6913,Savings,6493426,2027-10-11,BDG01,ACTIVE
14994,5336,Savings,9040314,2028-03-04,SBY01,ACTIVE
14995,4669,Time Deposit,234457337,2026-08-24,YGY01,ACTIVE
14996,1251,Time Deposit,935692149,2027-02-21,SMG01,ACTIVE
14997,8098,Savings,12620472,2027-12-22,BDG01,ACTIVE
14998,10000,Savings,75215088,2027-08-25,JKT01,ACTIVE
14999,6848,Savings,10458479,2026-05-16,MDN01,ACTIVE
15000,2013,Savings,190031942,2026-08-07,JKT01,ACTIVE
15001,2448,Savings,26704968,2026-12-08,YGY01,ACTIVE
15002,3868,Savings,30082931,2027-02-25,MDN01,ACTIVE
15003,2311,Savings,22039987,2026-08-12,MDN01,ACTIVE
15004,4835,Savings,56372852,2027-10-14,SMG01,ACTIVE
15005,2369,Savings,42052838,2026-07-01,SMG01,ACTIVE
15006,7827,Time Deposit,612398420,2026-11-18,YGY01,ACTIVE
15007,4921,Savings,77205880,2026-09-01,BDG01,ACTIVE
15008,2008,Time Deposit,198418459,2026-11-24,MDN01,ACTIVE
15009,7123,Savings,53353233,2026-10-04,SBY01,ACTIVE
15010,7266,Savings,7850164,2028-01-16,BDG01,ACTIVE
15011,5973,Time Deposit,617259510,2026-04-22,BDG01,ACTIVE
15012,3808,Time Deposit,654717118,2026-06-28,JKT02,ACTIVE
15013,4124,Savings,203615472,2027-06-15,MDN01,ACTIVE
15014,6406,Time Deposit,711817480,2026-09-18,JKT01,ACTIVE
15015,6450,Time Deposit,509027453,2026-07-10,BDG01,ACTIVE
15016,6182,Savings,47238544,2026-09-10,SMG01,ACTIVE
15017,9101,Savings,24861390,2027-02-27,SBY01,ACTIVE
15018,6412,Time Deposit,1257646147,2026-10-25,JKT01,ACTIVE
15019,9091,Savings,37608265,2026-12-14,JKT02,ACTIVE
15020,7248,Time Deposit,494814926,2026-05-28,JKT02,ACTIVE
15021,2271,Savings,29926703,2026-11-07,JKT02,ACTIVE
15022,6140,Savings,20719803,2026-06-17,JKT02,ACTIVE
15023,9995,Time Deposit,588859446,2027-02-27,JKT02,ACTIVE
15024,2007,Time Deposit,268489034,2026-08-12,MDN01,ACTIVE
15025,4390,Savings,16379701,2026-11-16,JKT01,ACTIVE
15026,7870,Savings,96595848,2026-11-30,SMG01,ACTIVE
15027,4190,Savings,41915549,2027-11-28,YGY01,ACTIVE
15028,1691,Savings,12016854,2028-02-04,SMG01,ACTIVE
15029,6839,Savings,20317715,2027-09-09,BDG01,ACTIVE
15030,7722,Savings,5822243,2026-07-31,YGY01,ACTIVE
15031,6844,Time Deposit,759428768,2026-06-30,JKT01,ACTIVE
15032,3981,Savings,26929388,2027-05-13,BDG01,ACTIVE
15033,1280,Savings,31422682,2027-04-30,MDN01,ACTIVE
15034,3794,Savings,7836383,2027-07-28,JKT02,ACTIVE
15035,7622,Savings,20194593,2027-11-18,JKT01,ACTIVE
15036,2779,Savings,49095085,2028-01-10,SBY01,ACTIVE
15037,7690,Time Deposit,740944414,2026-05-18,SMG01,ACTIVE
15038,7041,Savings,32212016,2027-08-01,MDN01,ACTIVE
15039,1085,Savings,26899258,2026-10-27,YGY01,ACTIVE
15040,6863,Time Deposit,1361521076,2026-05-24,SBY01,ACTIVE
15041,2608,Time Deposit,257660600,2026-09-14,YGY01,ACTIVE
15042,2177,Savings,23521907,2027-12-12,JKT01,ACTIVE
15043,8559,Savings,172422539,2028-02-07,MDN01,ACTIVE
15044,2049,Time Deposit,153653538,2026-10-07,MDN01,ACTIVE
15045,1245,Savings,29147767,2027-03-06,JKT02,ACTIVE
15046,4745,Time Deposit,614653672,2026-05-11,JKT02,ACTIVE
15047,3101,Time Deposit,576106091,2026-12-19,BDG01,ACTIVE
15048,3200,Savings,14374462,2027-04-20,JKT01,ACTIVE
15049,2949,Savings,5419682,2028-03-01,SBY01,ACTIVE
15050,8195,Savings,11612622,2028-02-06,SBY01,ACTIVE
15051,6925,Time Deposit,1417798161,2027-03-02,JKT02,ACTIVE
15052,9609,Time Deposit,614396917,2027-01-20,SMG01,ACTIVE
15053,9011,Savings,11058018,2026-11-30,SMG01,ACTIVE
15054,6678,Time Deposit,611259639,2026-07-31,JKT02,ACTIVE
15055,7701,Savings,17938557,2026-11-05,JKT02,ACTIVE
15056,4928,Savings,10606483,2026-12-08,JKT02,ACTIVE
15057,9502,Savings,40862398,2028-01-20,YGY01,ACTIVE
15058,9164,Savings,225498912,2026-06-24,JKT01,ACTIVE
15059,220,Time Deposit,637131733,2026-08-25,MDN01,ACTIVE
15060,8525,Savings,197147665,2026-09-22,JKT02,ACTIVE
15061,10000,Time Deposit,598810332,2026-04-10,SBY01,ACTIVE
15062,2993,Time Deposit,714321154,2026-11-14,SBY01,ACTIVE
15063,1449,Savings,18360976,2026-07-01,BDG01,ACTIVE
15064,9158,Savings,110356498,2026-10-03,YGY01,ACTIVE
15065,8352,Savings,64041848,2028-02-23,MDN01,ACTIVE
15066,7959,Time Deposit,488292578,2026-06-07,SMG01,ACTIVE
15067,3786,Savings,4432443,2027-07-21,MDN01,ACTIVE
15068,7613,Time Deposit,866509671,2026-05-28,YGY01,ACTIVE
15069,7445,Time Deposit,996968515,2026-12-22,JKT01,ACTIVE
15070,5634,Time Deposit,711388574,2026-12-23,SMG01,ACTIVE
15071,1101,Time Deposit,705532436,2026-10-20,BDG01,ACTIVE
15072,9777,Savings,6960408,2027-09-25,JKT01,ACTIVE
15073,2855,Savings,45056762,2026-12-16,JKT02,ACTIVE
15074,7721,Savings,7221521,2028-01-16,JKT01,ACTIVE
15075,6282,Savings,46579948,2026-06-11,YGY01,ACTIVE
15076,3143,Savings,95010710,2026-08-03,MDN01,ACTIVE
15077,8772,Savings,20698736,2027-08-31,JKT01,ACTIVE
15078,2716,Savings,66663814,2026-10-29,SMG01,ACTIVE
15079,4596,Savings,33410187,2027-04-09,SMG01,ACTIVE
15080,9051,Time Deposit,326821718,2026-11-11,MDN01,ACTIVE
15081,6807,Savings,18456330,2027-01-04,JKT02,ACTIVE
15082,9535,Savings,110143840,2026-09-21,JKT02,ACTIVE
15083,1262,Time Deposit,1113269707,2027-03-05,SMG01,ACTIVE
15084,7938,Savings,24047490,2027-07-17,JKT02,ACTIVE
15085,9973,Savings,24766055,2027-02-25,SMG01,ACTIVE
15086,1051,Savings,124837450,2026-09-01,SMG01,ACTIVE
15087,600,Savings,7864393,2027-01-26,BDG01,ACTIVE
15088,8875,Savings,36226109,2027-03-13,MDN01,ACTIVE
15089,4632,Savings,169430375,2026-08-08,SBY01,ACTIVE
15090,5046,Savings,103046657,2027-07-28,BDG01,ACTIVE
15091,6276,Savings,11356561,2027-05-17,SMG01,ACTIVE
15092,1278,Savings,65014023,2026-07-13,JKT01,ACTIVE
15093,2647,Savings,32597782,2027-06-29,SMG01,ACTIVE
15094,2579,Savings,32079576,2027-11-06,SBY01,ACTIVE
15095,209,Time Deposit,100922294,2026-08-30,JKT02,ACTIVE
15096,4561,Savings,20507005,2026-07-16,JKT02,ACTIVE
15097,6394,Time Deposit,343673598,2027-01-12,MDN01,ACTIVE
15098,8117,Savings,130575441,2026-05-17,BDG01,ACTIVE
15099,7818,Savings,5566574,2028-03-03,SBY01,ACTIVE
15100,2271,Savings,29266121,2028-03-04,YGY01,ACTIVE
15101,3068,Time Deposit,1690796652,2026-04-07,JKT02,ACTIVE
15102,4379,Savings,81196620,2026-09-13,JKT01,ACTIVE
15103,686,Time Deposit,920474800,2026-09-15,SBY01,ACTIVE
15104,4241,Time Deposit,1218376640,2026-12-06,MDN01,ACTIVE
15105,4996,Time Deposit,603013868,2026-05-06,MDN01,ACTIVE
15106,2189,Savings,16059127,2026-10-19,SBY01,ACTIVE
15107,1224,Time Deposit,753724404,2026-12-01,YGY01,ACTIVE
15108,723,Savings,28615834,2027-10-14,MDN01,ACTIVE
15109,8268,Time Deposit,753470726,2026-08-06,BDG01,ACTIVE
15110,1993,Savings,19992452,2028-03-02,YGY01,ACTIVE
15111,8798,Time Deposit,574805570,2026-05-06,SBY01,ACTIVE
15112,2768,Savings,95441462,2027-11-03,YGY01,ACTIVE
15113,1220,Time Deposit,464951655,2027-02-12,SMG01,ACTIVE
15114,7862,Savings,35085244,2026-09-12,JKT02,ACTIVE
15115,3422,Savings,19591424,2027-12-15,BDG01,ACTIVE
15116,4094,Savings,75378720,2027-05-01,JKT01,ACTIVE
15117,4182,Time Deposit,227928456,2026-08-07,MDN01,ACTIVE
15118,1532,Savings,10285184,2028-03-10,BDG01,ACTIVE
15119,722,Time Deposit,703878695,2026-09-20,JKT02,ACTIVE
15120,9079,Savings,72693413,2026-07-07,YGY01,ACTIVE
15121,2703,Savings,28662061,2026-09-08,BDG01,ACTIVE
15122,6395,Time Deposit,500222292,2026-06-15,JKT01,ACTIVE
15123,5902,Savings,143178957,2028-02-16,SBY01,ACTIVE
15124,2151,Time Deposit,332078758,2027-03-04,JKT02,ACTIVE
15125,9779,Time Deposit,397030456,2027-01-14,JKT02,ACTIVE
15126,1486,Savings,62985622,2026-05-27,JKT02,ACTIVE
15127,9649,Time Deposit,1107815056,2026-04-04,YGY01,ACTIVE
15128,9747,Savings,61514066,2027-04-23,BDG01,ACTIVE
15129,1253,Savings,18558740,2027-06-27,JKT01,ACTIVE
15130,3848,Savings,18069549,2028-01-07,BDG01,ACTIVE
15131,9688,Time Deposit,605650730,2026-08-09,JKT02,ACTIVE
15132,3773,Time Deposit,272345738,2026-04-19,SMG01,ACTIVE
15133,5260,Savings,31868969,2026-07-07,SBY01,ACTIVE
15134,3011,Time Deposit,543637522,2026-06-30,YGY01,ACTIVE
15135,3272,Time Deposit,406111994,2026-10-19,JKT02,ACTIVE
15136,7106,Time Deposit,1095247764,2026-07-07,JKT01,ACTIVE
15137,189,Savings,51830519,2028-01-15,JKT01,ACTIVE
15138,9419,Savings,31606119,2027-06-13,SBY01,ACTIVE
15139,1638,Time Deposit,77165382,2026-07-27,MDN01,ACTIVE
15140,3007,Savings,9471866,2028-02-23,MDN01,ACTIVE
15141,7646,Savings,157919221,2026-09-22,SBY01,ACTIVE
15142,6686,Time Deposit,1334022987,2026-08-19,JKT02,ACTIVE
15143,7997,Savings,57097453,2026-11-04,SMG01,ACTIVE
15144,585,Savings,198229778,2026-08-25,SMG01,ACTIVE
15145,7208,Time Deposit,1588151727,2026-12-02,BDG01,ACTIVE
15146,9496,Savings,148808563,2026-12-06,BDG01,ACTIVE
15147,4884,Time Deposit,1420057211,2026-04-24,BDG01,ACTIVE
15148,7632,Time Deposit,413194071,2026-08-31,MDN01,ACTIVE
15149,2588,Savings,13161908,2026-11-13,BDG01,ACTIVE
15150,889,Time Deposit,1202184104,2026-08-02,MDN01,ACTIVE
15151,5434,Savings,29642346,2026-07-26,JKT02,ACTIVE
15152,6435,Savings,16125929,2026-06-01,JKT01,ACTIVE
15153,900,Time Deposit,459565706,2027-01-09,SMG01,ACTIVE
15154,1654,Time Deposit,927187175,2026-04-30,SMG01,ACTIVE
15155,3449,Time Deposit,216860194,2027-01-16,SMG01,ACTIVE
15156,2123,Savings,121594219,2028-01-07,MDN01,ACTIVE
15157,3661,Savings,34553067,2026-11-21,SBY01,ACTIVE
15158,1732,Savings,20000335,2027-03-09,MDN01,ACTIVE
15159,9603,Savings,23591708,2026-10-28,SBY01,ACTIVE
15160,4154,Savings,38494906,2027-08-22,SMG01,ACTIVE
15161,2323,Savings,34016254,2027-11-06,JKT02,ACTIVE
15162,5264,Savings,230419612,2027-10-05,JKT02,ACTIVE
15163,9,Savings,29204290,2027-11-08,YGY01,ACTIVE
15164,7451,Savings,32333616,2027-02-10,MDN01,ACTIVE
15165,2386,Savings,195531614,2026-11-23,SBY01,ACTIVE
15166,7717,Savings,10051761,2026-06-15,JKT02,ACTIVE
15167,6686,Time Deposit,1328139174,2026-06-06,SMG01,ACTIVE
15168,809,Time Deposit,740100105,2026-12-18,MDN01,ACTIVE
15169,5554,Savings,29540818,2026-12-13,YGY01,ACTIVE
15170,8291,Savings,144987240,2028-01-15,JKT01,ACTIVE
15171,7716,Savings,8883013,2026-12-21,MDN01,ACTIVE
15172,934,Time Deposit,458576311,2026-04-11,MDN01,ACTIVE
15173,9709,Time Deposit,658863839,2026-12-02,SMG01,ACTIVE
15174,6193,Savings,9071481,2027-10-20,BDG01,ACTIVE
15175,9677,Savings,8340874,2027-03-27,SMG01,ACTIVE
15176,5928,Savings,14329210,2026-12-28,JKT02,ACTIVE
15177,8862,Savings,47077805,2026-09-25,SBY01,ACTIVE
15178,7104,Savings,28275185,2026-11-16,MDN01,ACTIVE
15179,3208,Savings,179037384,2027-11-15,YGY01,ACTIVE
15180,8382,Savings,25288721,2026-12-05,JKT01,ACTIVE
15181,8502,Savings,18839772,2027-06-06,SBY01,ACTIVE
15182,7036,Savings,15139880,2026-07-28,SBY01,ACTIVE
15183,7135,Time Deposit,625406203,2026-06-25,SBY01,ACTIVE
15184,2084,Savings,8574185,2027-08-10,MDN01,ACTIVE
15185,5657,Time Deposit,822338388,2026-08-18,JKT01,ACTIVE
15186,2449,Savings,16839583,2026-07-02,MDN01,ACTIVE
15187,8419,Savings,49697398,2027-05-05,SBY01,ACTIVE
15188,3267,Savings,121879598,2026-05-22,BDG01,ACTIVE
15189,6769,Savings,12736452,2028-02-22,JKT02,ACTIVE
15190,1140,Savings,31595541,2027-01-23,JKT02,ACTIVE
15191,9624,Savings,6114527,2026-09-25,MDN01,ACTIVE
15192,885,Time Deposit,989107194,2026-12-29,SMG01,ACTIVE
15193,9598,Savings,30664255,2027-05-15,JKT01,ACTIVE
15194,4948,Savings,69679055,2027-02-05,YGY01,ACTIVE
15195,6530,Savings,6245768,2027-05-16,JKT02,ACTIVE
15196,5534,Time Deposit,691566064,2026-09-24,MDN01,ACTIVE
15197,4755,Savings,130497247,2027-10-13,YGY01,ACTIVE
15198,2975,Time Deposit,600524477,2026-08-16,MDN01,ACTIVE
15199,9801,Savings,85620013,2026-08-31,MDN01,ACTIVE
15200,2164,Savings,20032266,2026-12-16,SMG01,ACTIVE
15201,3644,Savings,83924597,2026-11-09,MDN01,ACTIVE
15202,3646,Savings,14159509,2027-03-31,SMG01,ACTIVE
15203,7806,Time Deposit,694008156,2027-03-12,JKT01,ACTIVE
15204,4420,Savings,30560252,2027-12-13,JKT01,ACTIVE
15205,752,Time Deposit,1278826754,2026-07-23,YGY01,ACTIVE
15206,3025,Savings,63868060,2026-04-26,JKT01,ACTIVE
15207,6815,Savings,98869608,2027-04-22,BDG01,ACTIVE
15208,2747,Savings,16536870,2026-09-23,SBY01,ACTIVE
15209,4953,Time Deposit,456355186,2026-05-14,SMG01,ACTIVE
15210,6628,Time Deposit,734536068,2027-03-06,JKT01,ACTIVE
15211,2732,Time Deposit,406944998,2026-08-19,SBY01,ACTIVE
15212,3285,Savings,33798259,2026-07-19,SBY01,ACTIVE
15213,8073,Savings,7379579,2027-10-28,MDN01,ACTIVE
15214,9268,Savings,47593168,2027-01-27,YGY01,ACTIVE
15215,5881,Savings,64611701,2027-10-31,SMG01,ACTIVE
15216,5208,Time Deposit,651156220,2026-08-11,BDG01,ACTIVE
15217,4971,Savings,55371544,2027-11-07,SMG01,ACTIVE
15218,2672,Time Deposit,249894156,2026-12-13,JKT01,ACTIVE
15219,6644,Savings,86461449,2027-01-17,JKT01,ACTIVE
15220,5456,Savings,7313163,2027-12-23,SBY01,ACTIVE
15221,7869,Savings,146048768,2027-04-07,BDG01,ACTIVE
15222,7994,Time Deposit,874712042,2026-12-02,YGY01,ACTIVE
15223,4786,Savings,34389309,2027-01-14,SMG01,ACTIVE
15224,9364,Savings,47223410,2028-01-08,BDG01,ACTIVE
15225,5765,Savings,11696890,2026-06-17,BDG01,ACTIVE
15226,4342,Savings,14244580,2026-06-25,SMG01,ACTIVE
15227,4973,Time Deposit,1409471955,2026-05-18,SMG01,ACTIVE
15228,8951,Savings,218095419,2026-08-19,JKT02,ACTIVE
15229,6717,Savings,19737450,2026-08-20,MDN01,ACTIVE
15230,8961,Time Deposit,978630727,2027-03-03,SMG01,ACTIVE
15231,8156,Savings,5548249,2026-08-21,SBY01,ACTIVE
15232,6451,Time Deposit,785439675,2027-02-27,BDG01,ACTIVE
15233,2784,Time Deposit,976137891,2026-06-05,JKT02,ACTIVE
15234,8716,Savings,58407585,2026-06-17,MDN01,ACTIVE
15235,1421,Savings,7829062,2026-06-29,SMG01,ACTIVE
15236,7787,Savings,98528324,2027-02-15,JKT01,ACTIVE
15237,6543,Time Deposit,916717505,2026-09-14,MDN01,ACTIVE
15238,2110,Time Deposit,1146376798,2026-10-31,BDG01,ACTIVE
15239,3140,Savings,22805599,2027-01-16,SMG01,ACTIVE
15240,7902,Time Deposit,965748486,2026-10-23,JKT01,ACTIVE
15241,5352,Savings,161558562,2027-08-12,YGY01,ACTIVE
15242,7534,Time Deposit,1168753423,2026-06-12,JKT02,ACTIVE
15243,6945,Savings,10877651,2026-08-20,MDN01,ACTIVE
15244,9876,Savings,170225308,2027-11-15,JKT01,ACTIVE
15245,1636,Time Deposit,58600248,2026-09-28,JKT01,ACTIVE
15246,8008,Time Deposit,297618222,2026-10-28,SMG01,ACTIVE
15247,2903,Savings,11706657,2027-10-11,MDN01,ACTIVE
15248,6180,Savings,23157106,2027-08-02,BDG01,ACTIVE
15249,2331,Time Deposit,465409789,2027-01-09,SMG01,ACTIVE
15250,7291,Savings,11476264,2026-09-30,YGY01,ACTIVE
15251,8287,Time Deposit,140857421,2026-05-05,SBY01,ACTIVE
15252,8247,Savings,74874052,2027-02-15,SBY01,ACTIVE
15253,429,Savings,42224425,2026-12-14,SMG01,ACTIVE
15254,8205,Time Deposit,346381172,2026-12-28,JKT02,ACTIVE
15255,8087,Savings,28866924,2027-01-24,SBY01,ACTIVE
15256,1570,Time Deposit,701323426,2027-02-11,YGY01,ACTIVE
15257,5857,Time Deposit,803159120,2026-08-12,BDG01,ACTIVE
15258,546,Time Deposit,1914778474,2026-08-12,MDN01,ACTIVE
15259,8174,Time Deposit,1362509821,2026-04-01,JKT02,ACTIVE
15260,7390,Time Deposit,859504619,2026-05-11,SBY01,ACTIVE
15261,9095,Savings,8497998,2026-07-23,BDG01,ACTIVE
15262,2111,Savings,9377751,2027-09-12,MDN01,ACTIVE
15263,8592,Time Deposit,880011539,2026-10-14,MDN01,ACTIVE
15264,5235,Time Deposit,1206732448,2026-07-29,SMG01,ACTIVE
15265,8829,Savings,106261952,2027-10-16,BDG01,ACTIVE
15266,2146,Time Deposit,1012276549,2026-06-27,YGY01,ACTIVE
15267,2727,Savings,29630428,2026-07-30,JKT02,ACTIVE
15268,4284,Savings,18902094,2027-07-20,SMG01,ACTIVE
15269,285,Savings,26497426,2027-06-25,BDG01,ACTIVE
15270,8171,Time Deposit,733413190,2026-05-15,SBY01,ACTIVE
15271,4938,Savings,22908954,2027-02-22,JKT02,ACTIVE
15272,5006,Time Deposit,1236099413,2026-05-12,BDG01,ACTIVE
15273,7922,Time Deposit,612162800,2026-08-27,YGY01,ACTIVE
15274,2951,Savings,111956735,2027-09-15,YGY01,ACTIVE
15275,4329,Savings,15460436,2026-08-05,JKT02,ACTIVE
15276,8639,Savings,47930332,2028-03-05,SBY01,ACTIVE
15277,8317,Savings,14355547,2026-07-29,BDG01,ACTIVE
15278,9141,Time Deposit,432235845,2026-07-09,SMG01,ACTIVE
15279,4789,Time Deposit,562906642,2026-04-14,SMG01,ACTIVE
15280,7060,Time Deposit,932962386,2026-04-03,MDN01,ACTIVE
15281,360,Time Deposit,1181173265,2026-08-17,YGY01,ACTIVE
15282,8896,Savings,14009611,2026-07-13,SBY01,ACTIVE
15283,5751,Time Deposit,613560881,2026-12-29,SBY01,ACTIVE
15284,4465,Savings,44891084,2027-10-03,BDG01,ACTIVE
15285,2581,Time Deposit,1566004084,2026-10-11,YGY01,ACTIVE
15286,1499,Savings,30987717,2027-05-19,BDG01,ACTIVE
15287,9550,Time Deposit,662855069,2027-01-21,JKT02,ACTIVE
15288,8278,Savings,37781084,2026-09-06,SBY01,ACTIVE
15289,8111,Time Deposit,803478131,2026-06-12,JKT02,ACTIVE
15290,2551,Savings,209620745,2028-03-14,MDN01,ACTIVE
15291,5137,Time Deposit,325277683,2026-09-21,JKT02,ACTIVE
15292,6386,Savings,30557004,2027-10-07,BDG01,ACTIVE
15293,315,Time Deposit,921655731,2026-08-23,SBY01,ACTIVE
15294,2990,Savings,39857149,2027-04-13,SMG01,ACTIVE
15295,7486,Savings,102790801,2027-12-24,SMG01,ACTIVE
15296,8375,Time Deposit,607128661,2027-01-11,MDN01,ACTIVE
15297,7884,Time Deposit,673563988,2026-07-18,SMG01,ACTIVE
15298,1153,Time Deposit,584985255,2026-08-20,SMG01,ACTIVE
15299,6939,Savings,11067892,2027-03-14,BDG01,ACTIVE
15300,9177,Savings,24498134,2027-04-29,JKT02,ACTIVE
15301,2510,Savings,15387473,2026-07-30,SBY01,ACTIVE
15302,4453,Savings,91140229,2026-12-01,MDN01,ACTIVE
15303,5737,Savings,19432843,2026-10-24,SBY01,ACTIVE
15304,3233,Savings,97942428,2027-04-02,MDN01,ACTIVE
15305,4246,Savings,32490223,2027-10-08,SBY01,ACTIVE
15306,502,Time Deposit,1333312252,2026-07-18,JKT02,ACTIVE
15307,4366,Savings,9469622,2027-01-12,MDN01,ACTIVE
15308,8842,Time Deposit,940635789,2026-06-16,SMG01,ACTIVE
15309,8785,Savings,14737503,2026-04-17,JKT01,ACTIVE
15310,6525,Savings,17139574,2027-04-28,JKT02,ACTIVE
15311,3719,Savings,29239592,2027-04-22,JKT02,ACTIVE
15312,4044,Time Deposit,1222762501,2026-06-24,SMG01,ACTIVE
15313,286,Savings,14719634,2026-07-08,BDG01,ACTIVE
15314,968,Savings,26823957,2028-01-24,MDN01,ACTIVE
15315,6612,Savings,12104700,2027-12-02,JKT01,ACTIVE
15316,7693,Time Deposit,724581536,2026-12-20,MDN01,ACTIVE
15317,6301,Savings,29977072,2027-03-05,MDN01,ACTIVE
15318,3844,Time Deposit,304652848,2026-07-12,SMG01,ACTIVE
15319,6191,Time Deposit,453646824,2026-04-27,MDN01,ACTIVE
15320,7000,Savings,140512482,2027-03-28,JKT01,ACTIVE
15321,4084,Time Deposit,777472548,2027-01-19,SMG01,ACTIVE
15322,8928,Time Deposit,730862416,2027-02-25,YGY01,ACTIVE
15323,6663,Savings,21365490,2027-05-01,JKT01,ACTIVE
15324,8254,Savings,12048960,2028-01-30,JKT02,ACTIVE
15325,9155,Savings,156955980,2028-02-08,JKT01,ACTIVE
15326,5809,Time Deposit,633033301,2026-10-28,BDG01,ACTIVE
15327,104,Savings,22295973,2027-09-23,JKT02,ACTIVE
15328,4113,Savings,233048152,2028-02-17,SMG01,ACTIVE
15329,2357,Time Deposit,401690169,2026-12-24,JKT02,ACTIVE
15330,4826,Savings,13271964,2028-01-18,SBY01,ACTIVE
15331,552,Savings,24165799,2027-07-15,JKT02,ACTIVE
15332,8281,Time Deposit,977119050,2027-02-28,BDG01,ACTIVE
15333,559,Savings,137609978,2026-06-24,SBY01,ACTIVE
15334,630,Time Deposit,307512350,2026-11-07,BDG01,ACTIVE
15335,3445,Savings,19474060,2027-01-25,JKT01,ACTIVE
15336,7472,Savings,32111218,2027-01-20,JKT02,ACTIVE
15337,7237,Savings,35181268,2026-12-01,BDG01,ACTIVE
15338,637,Savings,191396938,2027-08-29,JKT01,ACTIVE
15339,5356,Savings,74764425,2027-06-09,JKT02,ACTIVE
15340,9972,Time Deposit,857479655,2026-11-16,YGY01,ACTIVE
15341,7516,Savings,3756952,2028-02-08,BDG01,ACTIVE
15342,8614,Time Deposit,576628965,2026-06-07,SMG01,ACTIVE
15343,571,Time Deposit,607983641,2026-07-16,SMG01,ACTIVE
15344,8347,Time Deposit,1583535278,2027-03-04,BDG01,ACTIVE
15345,6921,Time Deposit,906294104,2027-02-01,MDN01,ACTIVE
15346,5787,Savings,10417543,2027-03-20,JKT02,ACTIVE
15347,3871,Savings,114271985,2027-06-12,JKT01,ACTIVE
15348,8192,Time Deposit,625080241,2026-07-01,BDG01,ACTIVE
15349,4115,Savings,193697063,2026-11-10,SBY01,ACTIVE
15350,5356,Savings,199214568,2027-06-27,BDG01,ACTIVE
15351,372,Time Deposit,568223015,2026-08-07,YGY01,ACTIVE
15352,3505,Savings,90677764,2026-07-25,SBY01,ACTIVE
15353,7339,Time Deposit,703111335,2026-09-15,SBY01,ACTIVE
15354,3339,Time Deposit,848732222,2026-09-16,SBY01,ACTIVE
15355,3731,Savings,19482888,2026-09-20,JKT02,ACTIVE
15356,9894,Savings,2887938,2026-11-25,JKT02,ACTIVE
15357,4303,Savings,76217265,2027-12-19,JKT01,ACTIVE
15358,1363,Time Deposit,639371102,2026-10-12,YGY01,ACTIVE
15359,1564,Savings,20108833,2026-07-30,JKT01,ACTIVE
15360,568,Time Deposit,483340137,2026-11-27,JKT01,ACTIVE
15361,6897,Savings,47287156,2027-08-21,SMG01,ACTIVE
15362,3726,Time Deposit,559744543,2026-07-26,MDN01,ACTIVE
15363,4310,Savings,223075699,2026-08-28,MDN01,ACTIVE
15364,5307,Savings,18265569,2027-08-23,SMG01,ACTIVE
15365,4859,Time Deposit,961652840,2026-04-25,MDN01,ACTIVE
15366,3329,Time Deposit,986222185,2026-07-28,MDN01,ACTIVE
15367,6093,Time Deposit,980960700,2026-09-20,JKT01,ACTIVE
15368,1924,Savings,14071704,2026-10-18,BDG01,ACTIVE
15369,2019,Savings,17404595,2026-07-21,YGY01,ACTIVE
15370,3866,Savings,61474187,2026-06-10,MDN01,ACTIVE
15371,8387,Time Deposit,438390965,2026-09-25,BDG01,ACTIVE
15372,8988,Savings,101558859,2028-01-24,BDG01,ACTIVE
15373,5726,Savings,164625917,2027-07-16,SMG01,ACTIVE
15374,9387,Time Deposit,622607993,2026-05-06,JKT02,ACTIVE
15375,4435,Savings,55273859,2026-08-14,BDG01,ACTIVE
15376,3846,Savings,15898204,2026-10-03,SMG01,ACTIVE
15377,8917,Savings,10337449,2026-05-05,SBY01,ACTIVE
15378,7396,Time Deposit,247283114,2026-05-03,SBY01,ACTIVE
15379,4590,Savings,187872165,2026-11-12,MDN01,ACTIVE
15380,8757,Savings,102748978,2026-07-03,SMG01,ACTIVE
15381,6420,Time Deposit,919311510,2026-11-01,SBY01,ACTIVE
15382,9532,Savings,18407560,2026-12-05,JKT02,ACTIVE
15383,8753,Savings,190842661,2027-05-30,JKT02,ACTIVE
15384,7967,Savings,19509939,2026-08-29,JKT02,ACTIVE
15385,6634,Savings,35426280,2027-05-22,JKT01,ACTIVE
15386,2177,Savings,25343777,2027-02-06,SMG01,ACTIVE
15387,1629,Time Deposit,1047163579,2027-01-20,JKT01,ACTIVE
15388,5256,Savings,34815039,2026-06-02,SMG01,ACTIVE
15389,6055,Time Deposit,488566457,2026-11-23,JKT01,ACTIVE
15390,9934,Time Deposit,1024872090,2027-03-02,BDG01,ACTIVE
15391,7490,Savings,30455078,2026-07-13,YGY01,ACTIVE
15392,8092,Savings,4652162,2027-06-04,SMG01,ACTIVE
15393,4706,Savings,34650891,2027-02-24,JKT02,ACTIVE
15394,2048,Savings,36592456,2027-01-03,YGY01,ACTIVE
15395,8716,Time Deposit,385760457,2027-01-15,SBY01,ACTIVE
15396,139,Time Deposit,1560998601,2027-01-20,BDG01,ACTIVE
15397,1559,Savings,35593193,2026-10-18,JKT01,ACTIVE
15398,3129,Savings,37330384,2027-09-17,BDG01,ACTIVE
15399,1229,Savings,127497357,2026-05-28,MDN01,ACTIVE
15400,4832,Savings,21860089,2027-09-07,JKT02,ACTIVE
15401,5149,Savings,18512688,2027-05-12,JKT02,ACTIVE
15402,8732,Time Deposit,836120207,2027-03-14,MDN01,ACTIVE
15403,8092,Savings,10216152,2026-05-27,JKT01,ACTIVE
15404,2912,Time Deposit,968882498,2027-02-16,SBY01,ACTIVE
15405,1001,Savings,117382807,2026-08-05,SBY01,ACTIVE
15406,9539,Time Deposit,534412900,2026-04-18,BDG01,ACTIVE
15407,9795,Savings,7577991,2026-11-17,JKT02,ACTIVE
15408,8134,Time Deposit,541675623,2026-11-04,SBY01,ACTIVE
15409,7887,Time Deposit,395758405,2026-11-24,SMG01,ACTIVE
15410,5734,Savings,59078829,2027-01-04,BDG01,ACTIVE
15411,6306,Time Deposit,613151631,2027-02-07,YGY01,ACTIVE
15412,1512,Savings,33118885,2026-07-16,BDG01,ACTIVE
15413,761,Time Deposit,848847293,2026-08-21,SBY01,ACTIVE
15414,5641,Savings,35284606,2027-04-18,SMG01,ACTIVE
15415,3905,Savings,130107465,2027-08-17,SMG01,ACTIVE
15416,708,Savings,25180103,2026-07-27,JKT01,ACTIVE
15417,3457,Savings,12265717,2027-05-08,JKT02,ACTIVE
15418,3258,Savings,23164559,2027-08-14,SMG01,ACTIVE
15419,9031,Savings,120324754,2027-09-28,MDN01,ACTIVE
15420,7954,Time Deposit,1121231434,2026-07-22,MDN01,ACTIVE
15421,3492,Savings,18323968,2028-02-09,BDG01,ACTIVE
15422,9366,Time Deposit,719771326,2027-02-03,JKT02,ACTIVE
15423,99,Savings,105417346,2026-05-10,SBY01,ACTIVE
15424,5449,Time Deposit,520049069,2027-01-06,YGY01,ACTIVE
15425,1763,Time Deposit,181087608,2026-07-07,SBY01,ACTIVE
15426,6858,Time Deposit,1044490299,2027-03-06,MDN01,ACTIVE
15427,2164,Savings,34084122,2026-07-29,SBY01,ACTIVE
15428,1391,Savings,35338893,2026-11-07,MDN01,ACTIVE
15429,897,Savings,27757671,2028-01-10,SBY01,ACTIVE
15430,9161,Savings,37583023,2027-04-11,JKT02,ACTIVE
15431,4462,Savings,62941035,2026-07-31,SMG01,ACTIVE
15432,8931,Savings,140740287,2026-12-22,SBY01,ACTIVE
15433,1984,Savings,25864228,2027-02-02,BDG01,ACTIVE
15434,7884,Savings,33645927,2027-06-20,JKT02,ACTIVE
15435,7494,Time Deposit,547445744,2026-08-03,SBY01,ACTIVE
15436,7018,Savings,94507153,2026-12-19,SMG01,ACTIVE
15437,151,Savings,30710093,2026-09-23,SMG01,ACTIVE
15438,7768,Time Deposit,697805793,2026-09-01,SBY01,ACTIVE
15439,1835,Savings,126169339,2027-05-15,YGY01,ACTIVE
15440,1603,Time Deposit,775841534,2027-01-15,BDG01,ACTIVE
15441,5281,Savings,15557324,2027-11-18,YGY01,ACTIVE
15442,157,Time Deposit,386915356,2026-07-14,MDN01,ACTIVE
15443,2881,Savings,34803279,2026-10-12,BDG01,ACTIVE
15444,8784,Time Deposit,836077731,2026-12-02,YGY01,ACTIVE
15445,2133,Savings,10743782,2028-02-20,SBY01,ACTIVE
15446,5714,Savings,33035207,2027-08-03,SMG01,ACTIVE
15447,3378,Time Deposit,213804520,2026-11-24,JKT01,ACTIVE
15448,6858,Time Deposit,634641775,2026-08-01,SMG01,ACTIVE
15449,123,Time Deposit,669831882,2027-01-09,BDG01,ACTIVE
15450,7228,Time Deposit,970287763,2026-10-01,SBY01,ACTIVE
15451,4077,Savings,27950346,2027-09-28,SMG01,ACTIVE
15452,9645,Time Deposit,983513110,2026-06-29,MDN01,ACTIVE
15453,6355,Savings,6648875,2026-04-18,MDN01,ACTIVE
15454,3573,Time Deposit,1304500890,2026-09-25,JKT01,ACTIVE
15455,5807,Time Deposit,702150615,2026-11-24,YGY01,ACTIVE
15456,8886,Time Deposit,291846679,2026-08-21,SBY01,ACTIVE
15457,8923,Time Deposit,1143471588,2026-12-20,YGY01,ACTIVE
15458,2922,Time Deposit,625267346,2027-02-21,JKT02,ACTIVE
15459,4979,Time Deposit,318793358,2026-07-04,JKT01,ACTIVE
15460,2563,Savings,35600522,2026-11-10,SMG01,ACTIVE
15461,4760,Savings,39530868,2028-01-24,JKT01,ACTIVE
15462,9385,Time Deposit,219296135,2026-09-03,SBY01,ACTIVE
15463,6401,Time Deposit,328865112,2027-02-12,JKT02,ACTIVE
15464,1314,Savings,21773839,2028-02-05,JKT01,ACTIVE
15465,3120,Savings,29706867,2026-09-06,BDG01,ACTIVE
15466,4851,Savings,45262771,2026-04-19,MDN01,ACTIVE
15467,2868,Savings,19350389,2027-02-06,JKT01,ACTIVE
15468,3339,Savings,194838825,2026-05-04,SBY01,ACTIVE
15469,6191,Savings,64957255,2027-09-22,BDG01,ACTIVE
15470,3472,Savings,13169037,2026-06-18,YGY01,ACTIVE
15471,92,Time Deposit,543323980,2026-12-09,JKT02,ACTIVE
15472,8347,Time Deposit,1337433705,2026-06-06,JKT01,ACTIVE
15473,9316,Savings,84566277,2027-08-06,SMG01,ACTIVE
15474,4077,Savings,15813077,2027-10-21,JKT01,ACTIVE
15475,6479,Time Deposit,470400900,2026-10-14,SBY01,ACTIVE
15476,8370,Savings,28280015,2026-05-06,YGY01,ACTIVE
15477,7344,Savings,65082980,2027-02-14,SBY01,ACTIVE
15478,372,Time Deposit,1212951278,2026-10-03,SMG01,ACTIVE
15479,6925,Time Deposit,719581015,2026-06-05,YGY01,ACTIVE
15480,3210,Savings,3126466,2027-06-19,MDN01,ACTIVE
15481,8100,Savings,55281309,2028-02-15,BDG01,ACTIVE
15482,5219,Time Deposit,495943997,2026-08-09,JKT02,ACTIVE
15483,432,Savings,15311842,2026-11-30,BDG01,ACTIVE
15484,941,Savings,152854000,2026-09-08,SBY01,ACTIVE
15485,5744,Time Deposit,633460122,2026-05-22,SMG01,ACTIVE
15486,5562,Time Deposit,1202178468,2026-07-02,SBY01,ACTIVE
15487,5591,Time Deposit,626567449,2026-09-15,YGY01,ACTIVE
15488,8524,Time Deposit,873367871,2026-05-05,BDG01,ACTIVE
15489,4991,Savings,77441615,2026-12-23,SBY01,ACTIVE
15490,2559,Savings,46632732,2026-06-27,JKT02,ACTIVE
15491,1078,Time Deposit,279497900,2026-04-06,YGY01,ACTIVE
15492,7466,Savings,107700824,2026-08-09,SBY01,ACTIVE
15493,2175,Time Deposit,158044596,2026-07-09,BDG01,ACTIVE
15494,9838,Time Deposit,366078976,2026-11-27,JKT01,ACTIVE
15495,731,Time Deposit,242170747,2027-03-04,JKT02,ACTIVE
15496,9113,Savings,20653626,2026-04-24,JKT02,ACTIVE
15497,5741,Time Deposit,1414628573,2026-08-04,JKT02,ACTIVE
15498,1519,Savings,3825858,2026-09-10,BDG01,ACTIVE
15499,3817,Savings,149340737,2027-05-27,BDG01,ACTIVE
15500,808,Time Deposit,676825664,2027-02-09,SBY01,ACTIVE
15501,1415,Savings,23937857,2027-04-10,SMG01,ACTIVE
15502,7510,Savings,20633762,2027-06-13,JKT01,ACTIVE
15503,6885,Time Deposit,412729028,2027-03-07,BDG01,ACTIVE
15504,7875,Savings,9420887,2027-02-06,JKT01,ACTIVE
15505,4159,Time Deposit,567009701,2026-12-25,JKT02,ACTIVE
15506,7790,Time Deposit,123389039,2026-08-15,JKT02,ACTIVE
15507,3727,Time Deposit,292045756,2027-02-04,SBY01,ACTIVE
15508,2652,Savings,35296989,2027-07-24,BDG01,ACTIVE
15509,2285,Savings,83704152,2027-03-20,JKT02,ACTIVE
15510,3738,Time Deposit,492240937,2026-09-21,SBY01,ACTIVE
15511,131,Savings,18338345,2028-02-18,JKT01,ACTIVE
15512,4901,Savings,17572360,2027-05-23,JKT02,ACTIVE
15513,7930,Savings,70266347,2026-07-27,SMG01,ACTIVE
15514,6587,Savings,6401695,2027-12-07,BDG01,ACTIVE
15515,4823,Time Deposit,1521156229,2026-07-01,SMG01,ACTIVE
15516,9127,Time Deposit,575602244,2026-09-17,YGY01,ACTIVE
15517,7650,Savings,4159387,2027-11-19,SMG01,ACTIVE
15518,2090,Savings,214345488,2027-05-23,YGY01,ACTIVE
15519,279,Savings,19084115,2027-02-14,BDG01,ACTIVE
15520,9394,Time Deposit,504221194,2027-01-18,JKT01,ACTIVE
15521,830,Time Deposit,622970391,2027-02-09,YGY01,ACTIVE
15522,2778,Savings,42352251,2026-10-11,JKT02,ACTIVE
15523,1582,Savings,99388802,2026-07-20,BDG01,ACTIVE
15524,6089,Savings,14424677,2027-08-22,JKT01,ACTIVE
15525,4885,Savings,24089258,2026-06-04,JKT01,ACTIVE
15526,5802,Savings,76318537,2026-07-31,JKT01,ACTIVE
15527,323,Savings,22024454,2028-02-25,BDG01,ACTIVE
15528,1995,Savings,89203959,2026-06-28,YGY01,ACTIVE
15529,6139,Time Deposit,360672186,2026-11-14,JKT02,ACTIVE
15530,5585,Savings,7555718,2027-02-03,SBY01,ACTIVE
15531,4851,Time Deposit,248052370,2026-07-22,SBY01,ACTIVE
15532,4453,Savings,24510232,2027-09-08,SMG01,ACTIVE
15533,6985,Savings,25986007,2027-07-11,SBY01,ACTIVE
15534,3780,Savings,43253443,2027-08-10,JKT01,ACTIVE
15535,9676,Time Deposit,367081618,2027-01-12,YGY01,ACTIVE
15536,1422,Savings,52464636,2027-09-22,JKT02,ACTIVE
15537,4893,Savings,13679126,2027-03-02,SMG01,ACTIVE
15538,9913,Savings,138463468,2026-06-02,JKT02,ACTIVE
15539,1686,Time Deposit,404208344,2026-11-03,SBY01,ACTIVE
15540,9596,Savings,25408399,2027-03-15,JKT01,ACTIVE
15541,5479,Savings,10095923,2027-05-12,JKT02,ACTIVE
15542,4233,Time Deposit,161993613,2026-12-07,SMG01,ACTIVE
15543,3954,Time Deposit,926134436,2026-05-19,SBY01,ACTIVE
15544,4824,Savings,38163863,2027-03-31,BDG01,ACTIVE
15545,7966,Savings,121542435,2027-01-02,SBY01,ACTIVE
15546,7090,Time Deposit,1615621695,2026-08-06,JKT01,ACTIVE
15547,7050,Savings,100471904,2027-07-23,JKT01,ACTIVE
15548,1690,Savings,10453445,2027-09-08,SBY01,ACTIVE
15549,684,Time Deposit,290957857,2026-07-05,MDN01,ACTIVE
15550,8988,Savings,11051578,2026-10-08,YGY01,ACTIVE
15551,5935,Savings,38297257,2026-12-26,YGY01,ACTIVE
15552,6664,Time Deposit,927323622,2027-01-15,BDG01,ACTIVE
15553,5522,Savings,71379210,2026-06-21,JKT01,ACTIVE
15554,799,Savings,22207562,2027-06-23,JKT02,ACTIVE
15555,1551,Time Deposit,695015995,2027-01-08,JKT01,ACTIVE
15556,7043,Savings,25891589,2027-12-09,MDN01,ACTIVE
15557,5576,Savings,95902626,2027-07-20,YGY01,ACTIVE
15558,3903,Time Deposit,874389884,2027-01-17,MDN01,ACTIVE
15559,3343,Savings,152003296,2027-11-09,BDG01,ACTIVE
15560,7976,Savings,8787852,2028-01-23,JKT02,ACTIVE
15561,1343,Time Deposit,914519552,2027-01-06,YGY01,ACTIVE
15562,2173,Savings,98959895,2027-10-31,YGY01,ACTIVE
15563,4042,Savings,122327422,2027-01-27,SBY01,ACTIVE
15564,1184,Savings,96832667,2027-03-30,JKT01,ACTIVE
15565,6496,Time Deposit,1519147192,2026-09-25,MDN01,ACTIVE
15566,4617,Savings,22368587,2027-07-31,SBY01,ACTIVE
15567,2871,Savings,24712412,2027-12-06,SMG01,ACTIVE
15568,4142,Savings,29424461,2028-02-12,JKT02,ACTIVE
15569,3481,Savings,70719465,2027-10-31,JKT02,ACTIVE
15570,4466,Time Deposit,472250974,2026-10-08,JKT02,ACTIVE
15571,2290,Savings,25935993,2027-07-22,MDN01,ACTIVE
15572,938,Time Deposit,480025795,2026-07-26,JKT02,ACTIVE
15573,8605,Savings,7027770,2027-07-28,JKT02,ACTIVE
15574,9901,Time Deposit,862904378,2026-05-19,SBY01,ACTIVE
15575,8642,Time Deposit,650592089,2026-05-01,BDG01,ACTIVE
15576,6305,Time Deposit,582840236,2026-09-28,SMG01,ACTIVE
15577,5888,Time Deposit,1288424212,2027-02-22,YGY01,ACTIVE
15578,2198,Savings,63060157,2026-11-27,MDN01,ACTIVE
15579,8440,Savings,23070336,2028-01-09,JKT02,ACTIVE
15580,9660,Time Deposit,278714909,2026-06-13,SBY01,ACTIVE
15581,8092,Savings,40627999,2026-08-04,SBY01,ACTIVE
15582,6044,Savings,25189166,2026-09-09,MDN01,ACTIVE
15583,7634,Time Deposit,1464766330,2026-07-01,JKT02,ACTIVE
15584,7702,Savings,42057967,2026-08-09,YGY01,ACTIVE
15585,6696,Time Deposit,760763454,2026-04-26,JKT01,ACTIVE
15586,8082,Time Deposit,602270980,2026-12-08,BDG01,ACTIVE
15587,8233,Savings,16711178,2027-10-15,MDN01,ACTIVE
15588,1251,Savings,115275358,2027-01-02,JKT02,ACTIVE
15589,8473,Savings,98148051,2027-07-14,MDN01,ACTIVE
15590,5836,Savings,70601786,2026-12-12,SMG01,ACTIVE
15591,5568,Time Deposit,471424996,2027-01-07,BDG01,ACTIVE
15592,8757,Time Deposit,795010118,2026-10-25,BDG01,ACTIVE
15593,3973,Savings,8068451,2028-01-13,JKT01,ACTIVE
15594,9913,Time Deposit,1210281381,2026-11-12,JKT02,ACTIVE
15595,9921,Time Deposit,1562892720,2026-12-21,SMG01,ACTIVE
15596,8295,Time Deposit,345834802,2027-01-19,JKT02,ACTIVE
15597,5915,Time Deposit,430766434,2026-12-21,JKT02,ACTIVE
15598,665,Savings,93692264,2027-03-17,JKT01,ACTIVE
15599,8680,Savings,20958226,2026-08-17,BDG01,ACTIVE
15600,5789,Savings,208293967,2027-02-06,SMG01,ACTIVE
15601,6409,Savings,19962638,2027-10-10,BDG01,ACTIVE
15602,248,Time Deposit,226411463,2027-02-28,JKT01,ACTIVE
15603,5352,Time Deposit,747956590,2026-05-05,BDG01,ACTIVE
15604,4982,Time Deposit,1010076519,2027-02-11,SBY01,ACTIVE
15605,8959,Savings,20549352,2026-07-25,MDN01,ACTIVE
15606,110,Savings,4270497,2027-04-03,JKT01,ACTIVE
15607,5265,Savings,74332090,2026-12-04,SBY01,ACTIVE
15608,6045,Savings,41285159,2027-01-07,SBY01,ACTIVE
15609,4642,Savings,28744729,2027-08-21,JKT02,ACTIVE
15610,812,Savings,57696053,2027-09-16,YGY01,ACTIVE
15611,1559,Savings,5420270,2027-08-01,BDG01,ACTIVE
15612,9318,Savings,24462335,2027-10-13,JKT01,ACTIVE
15613,3142,Time Deposit,240721583,2026-11-27,JKT02,ACTIVE
15614,2675,Savings,32683797,2026-12-09,YGY01,ACTIVE
15615,3586,Savings,16068692,2026-11-14,YGY01,ACTIVE
15616,9373,Time Deposit,649973912,2026-06-20,MDN01,ACTIVE
15617,475,Savings,27807073,2027-11-20,JKT01,ACTIVE
15618,3748,Savings,13884570,2026-04-27,BDG01,ACTIVE
15619,4569,Time Deposit,1491269801,2027-01-02,SMG01,ACTIVE
15620,2099,Savings,105514395,2027-07-12,BDG01,ACTIVE
15621,3171,Savings,59690176,2026-08-27,JKT01,ACTIVE
15622,7759,Time Deposit,896457438,2027-03-08,SMG01,ACTIVE
15623,5504,Savings,148015483,2026-10-05,BDG01,ACTIVE
15624,2918,Savings,10997403,2027-03-29,JKT01,ACTIVE
15625,4995,Time Deposit,168272789,2026-09-22,SBY01,ACTIVE
15626,846,Savings,36544024,2028-02-17,MDN01,ACTIVE
15627,1196,Savings,20110183,2027-09-12,MDN01,ACTIVE
15628,9535,Savings,112456534,2026-08-20,MDN01,ACTIVE
15629,2851,Time Deposit,310695390,2026-12-04,SMG01,ACTIVE
15630,798,Savings,36931354,2027-10-19,BDG01,ACTIVE
15631,6666,Savings,90645046,2027-10-21,JKT02,ACTIVE
15632,8948,Savings,176980425,2027-02-12,SBY01,ACTIVE
15633,3459,Time Deposit,1130792545,2026-07-02,JKT02,ACTIVE
15634,1759,Savings,34012695,2026-12-28,BDG01,ACTIVE
15635,8551,Savings,163978082,2027-12-27,JKT01,ACTIVE
15636,2069,Savings,12834037,2027-02-22,JKT02,ACTIVE
15637,1861,Savings,24748975,2026-12-19,JKT02,ACTIVE
15638,5310,Time Deposit,1060408938,2026-07-11,BDG01,ACTIVE
15639,5688,Savings,14950742,2026-06-15,YGY01,ACTIVE
15640,916,Time Deposit,563427457,2026-11-07,SBY01,ACTIVE
15641,1416,Savings,87711653,2027-08-09,SMG01,ACTIVE
15642,1888,Savings,144714087,2026-07-30,SMG01,ACTIVE
15643,7393,Time Deposit,382233774,2026-08-05,BDG01,ACTIVE
15644,6186,Savings,18910897,2027-12-16,JKT02,ACTIVE
15645,8706,Savings,102366524,2027-12-31,SBY01,ACTIVE
15646,387,Time Deposit,283047867,2026-04-02,SMG01,ACTIVE
15647,3826,Savings,9992701,2026-12-26,BDG01,ACTIVE
15648,9455,Savings,27236672,2027-07-20,SMG01,ACTIVE
15649,1137,Savings,26757393,2026-10-29,JKT01,ACTIVE
15650,6055,Savings,34956970,2027-07-17,MDN01,ACTIVE
15651,5538,Savings,32466218,2027-06-14,MDN01,ACTIVE
15652,42,Savings,22279883,2028-01-17,SBY01,ACTIVE
15653,1234,Savings,85826254,2027-06-26,JKT01,ACTIVE
15654,368,Savings,21764652,2027-02-20,BDG01,ACTIVE
15655,834,Savings,30803526,2026-11-07,MDN01,ACTIVE
15656,5279,Time Deposit,318194612,2027-03-14,MDN01,ACTIVE
15657,7816,Savings,148658923,2027-01-29,MDN01,ACTIVE
15658,563,Time Deposit,523899826,2026-09-06,SMG01,ACTIVE
15659,8261,Time Deposit,1383991674,2026-07-20,SBY01,ACTIVE
15660,903,Savings,44552541,2026-11-25,JKT02,ACTIVE
15661,4639,Savings,24694203,2026-06-14,SBY01,ACTIVE
15662,2167,Time Deposit,777126056,2026-10-29,MDN01,ACTIVE
15663,2176,Time Deposit,802560274,2026-09-24,JKT02,ACTIVE
15664,2640,Savings,49999545,2027-06-09,JKT01,ACTIVE
15665,3724,Savings,188440321,2027-05-01,JKT01,ACTIVE
15666,2037,Savings,36689438,2026-12-27,YGY01,ACTIVE
15667,6915,Time Deposit,225358942,2026-07-08,SMG01,ACTIVE
15668,7709,Savings,12404762,2027-12-02,BDG01,ACTIVE
15669,5831,Savings,16064855,2027-08-29,SMG01,ACTIVE
15670,572,Savings,41196302,2027-04-02,MDN01,ACTIVE
15671,9186,Time Deposit,1173733380,2027-03-03,SBY01,ACTIVE
15672,2298,Savings,29485541,2027-11-13,SMG01,ACTIVE
15673,7350,Savings,23567959,2027-07-07,SBY01,ACTIVE
15674,1468,Savings,54229659,2027-05-16,SBY01,ACTIVE
15675,9640,Savings,6733543,2026-07-21,SBY01,ACTIVE
15676,4127,Savings,60729780,2026-10-29,JKT01,ACTIVE
15677,6991,Savings,12352929,2026-06-04,BDG01,ACTIVE
15678,5289,Savings,2869844,2026-11-25,SBY01,ACTIVE
15679,8201,Time Deposit,1693915652,2027-01-31,JKT01,ACTIVE
15680,5369,Savings,17749062,2028-03-14,YGY01,ACTIVE
15681,4901,Time Deposit,450913437,2027-02-28,YGY01,ACTIVE
15682,8858,Savings,70913610,2026-09-11,JKT01,ACTIVE
15683,5695,Savings,90539609,2026-09-25,JKT01,ACTIVE
15684,3328,Time Deposit,484161397,2026-10-11,JKT01,ACTIVE
15685,8294,Savings,37702921,2026-12-12,SMG01,ACTIVE
15686,3134,Time Deposit,650119128,2026-06-22,JKT02,ACTIVE
15687,5074,Savings,26139570,2026-08-06,BDG01,ACTIVE
15688,9130,Time Deposit,1062557282,2026-08-13,SBY01,ACTIVE
15689,4322,Savings,64419200,2027-09-15,BDG01,ACTIVE
15690,1090,Savings,36722709,2027-05-13,MDN01,ACTIVE
15691,465,Time Deposit,225066657,2026-04-17,SMG01,ACTIVE
15692,1924,Savings,41758034,2026-11-14,BDG01,ACTIVE
15693,251,Savings,29515435,2026-04-23,YGY01,ACTIVE
15694,7625,Time Deposit,418006229,2026-04-05,JKT01,ACTIVE
15695,7691,Time Deposit,1100933466,2027-01-30,MDN01,ACTIVE
15696,3434,Savings,13857833,2027-10-05,SMG01,ACTIVE
15697,8828,Savings,37271569,2027-03-25,YGY01,ACTIVE
15698,9826,Savings,59113163,2027-04-28,BDG01,ACTIVE
15699,6150,Time Deposit,413811811,2026-12-12,SMG01,ACTIVE
15700,3574,Time Deposit,284423613,2026-08-27,SMG01,ACTIVE
15701,7577,Time Deposit,458992253,2026-04-13,SBY01,ACTIVE
15702,1268,Time Deposit,423102566,2027-01-17,BDG01,ACTIVE
15703,9890,Savings,21287519,2026-04-25,MDN01,ACTIVE
15704,9664,Savings,20890112,2027-02-13,BDG01,ACTIVE
15705,6572,Savings,48428636,2026-05-15,BDG01,ACTIVE
15706,1733,Savings,103503817,2026-08-25,BDG01,ACTIVE
15707,5909,Savings,11389581,2026-05-04,YGY01,ACTIVE
15708,109,Time Deposit,1704615427,2027-03-02,MDN01,ACTIVE
15709,4697,Savings,25752081,2027-12-22,BDG01,ACTIVE
15710,7693,Savings,114796059,2027-07-19,BDG01,ACTIVE
15711,2283,Time Deposit,787240365,2026-07-23,MDN01,ACTIVE
15712,6389,Savings,6337828,2027-08-02,MDN01,ACTIVE
15713,3207,Time Deposit,1268524454,2027-02-12,MDN01,ACTIVE
15714,9503,Savings,14540835,2027-02-02,JKT01,ACTIVE
15715,4254,Savings,122593000,2027-08-19,YGY01,ACTIVE
15716,5868,Time Deposit,335278501,2026-09-24,JKT01,ACTIVE
15717,434,Savings,16296478,2026-09-05,YGY01,ACTIVE
15718,5620,Time Deposit,1048264497,2027-02-08,JKT02,ACTIVE
15719,246,Savings,78342100,2026-11-19,SBY01,ACTIVE
15720,6709,Savings,15245913,2026-08-09,JKT01,ACTIVE
15721,2391,Time Deposit,860641608,2026-08-21,SBY01,ACTIVE
15722,9898,Savings,10897580,2027-03-07,SBY01,ACTIVE
15723,3251,Savings,220007749,2027-09-27,YGY01,ACTIVE
15724,8794,Time Deposit,654055787,2026-07-18,BDG01,ACTIVE
15725,8803,Savings,47639806,2027-12-10,YGY01,ACTIVE
15726,1627,Savings,16818341,2026-12-06,BDG01,ACTIVE
15727,5026,Time Deposit,1097584513,2026-05-16,SBY01,ACTIVE
15728,1250,Time Deposit,983582842,2026-07-10,MDN01,ACTIVE
15729,5029,Savings,10966585,2026-11-12,BDG01,ACTIVE
15730,1852,Savings,19768069,2027-06-13,SMG01,ACTIVE
15731,8320,Savings,11946204,2027-07-18,YGY01,ACTIVE
15732,8894,Savings,9798224,2027-07-09,SMG01,ACTIVE
15733,8191,Savings,79523209,2028-01-23,YGY01,ACTIVE
15734,6609,Savings,23510694,2027-12-22,JKT02,ACTIVE
15735,9234,Savings,24571099,2026-07-13,BDG01,ACTIVE
15736,5054,Time Deposit,167795322,2026-06-02,SBY01,ACTIVE
15737,4018,Savings,39378522,2028-02-25,JKT02,ACTIVE
15738,4990,Savings,3457191,2027-06-20,BDG01,ACTIVE
15739,401,Time Deposit,586658278,2026-05-24,JKT01,ACTIVE
15740,4371,Savings,39996417,2027-07-19,MDN01,ACTIVE
15741,7310,Savings,28983945,2026-08-25,JKT02,ACTIVE
15742,5894,Time Deposit,767850634,2026-11-02,JKT01,ACTIVE
15743,7837,Time Deposit,680921496,2026-05-12,BDG01,ACTIVE
15744,7104,Savings,22542515,2026-12-12,JKT01,ACTIVE
15745,9366,Time Deposit,969072327,2026-07-24,YGY01,ACTIVE
15746,1074,Savings,31616743,2027-07-22,MDN01,ACTIVE
15747,3299,Savings,146609901,2026-08-03,JKT02,ACTIVE
15748,7947,Savings,59662367,2026-07-22,JKT01,ACTIVE
15749,9039,Time Deposit,908425421,2026-05-20,SBY01,ACTIVE
15750,6696,Time Deposit,1664505691,2026-04-07,SBY01,ACTIVE
15751,8602,Time Deposit,848083487,2026-05-31,MDN01,ACTIVE
15752,6255,Savings,167262885,2026-11-15,SMG01,ACTIVE
15753,4108,Savings,25994220,2026-09-24,SBY01,ACTIVE
15754,946,Time Deposit,1479681402,2026-11-29,MDN01,ACTIVE
15755,9513,Savings,37382390,2026-10-17,MDN01,ACTIVE
15756,5506,Savings,68842887,2027-07-13,YGY01,ACTIVE
15757,8107,Savings,33035035,2027-02-02,BDG01,ACTIVE
15758,570,Savings,165870918,2027-02-08,YGY01,ACTIVE
15759,9289,Savings,11749837,2027-05-07,JKT02,ACTIVE
15760,1929,Savings,168009701,2027-12-17,MDN01,ACTIVE
15761,2994,Savings,10594941,2026-11-27,JKT01,ACTIVE
15762,8806,Savings,14759763,2026-12-05,SMG01,ACTIVE
15763,8385,Time Deposit,813165369,2026-12-10,YGY01,ACTIVE
15764,580,Time Deposit,133928589,2026-10-20,SBY01,ACTIVE
15765,4063,Savings,87777452,2028-01-11,MDN01,ACTIVE
15766,7294,Time Deposit,1181119867,2026-12-20,YGY01,ACTIVE
15767,7743,Savings,20907575,2027-04-05,JKT01,ACTIVE
15768,8686,Savings,6838301,2027-06-02,SMG01,ACTIVE
15769,8756,Time Deposit,566446702,2026-04-21,MDN01,ACTIVE
15770,3305,Time Deposit,734663184,2026-11-26,SMG01,ACTIVE
15771,7922,Time Deposit,538113161,2026-06-28,SMG01,ACTIVE
15772,5162,Savings,105474039,2027-01-21,BDG01,ACTIVE
15773,5407,Savings,172607214,2027-08-01,BDG01,ACTIVE
15774,6899,Savings,74135765,2027-02-26,MDN01,ACTIVE
15775,5066,Savings,41752913,2026-11-24,JKT01,ACTIVE
15776,2379,Savings,11896083,2028-01-25,YGY01,ACTIVE
15777,1813,Time Deposit,763940780,2026-09-14,SMG01,ACTIVE
15778,4929,Savings,34285190,2027-09-30,SBY01,ACTIVE
15779,1310,Savings,10758011,2027-09-15,SMG01,ACTIVE
15780,1236,Time Deposit,1119693394,2027-02-15,SBY01,ACTIVE
15781,8541,Savings,6750479,2028-01-03,JKT02,ACTIVE
15782,8186,Savings,74467088,2026-07-18,BDG01,ACTIVE
15783,7184,Time Deposit,484257893,2026-04-15,JKT02,ACTIVE
15784,9428,Savings,183734403,2026-05-02,JKT01,ACTIVE
15785,2682,Savings,13929709,2027-08-16,SMG01,ACTIVE
15786,8703,Time Deposit,307844247,2026-10-19,BDG01,ACTIVE
15787,117,Time Deposit,110637688,2026-08-03,SBY01,ACTIVE
15788,9633,Savings,16810105,2027-05-08,JKT02,ACTIVE
15789,5811,Time Deposit,880327198,2027-01-23,SMG01,ACTIVE
15790,3073,Savings,23547321,2027-06-14,SMG01,ACTIVE
15791,5795,Savings,37935543,2028-03-15,BDG01,ACTIVE
15792,8545,Time Deposit,589284619,2026-12-02,SBY01,ACTIVE
15793,2070,Savings,23188094,2028-01-12,JKT01,ACTIVE
15794,1747,Time Deposit,1354572499,2026-05-15,JKT01,ACTIVE
15795,5849,Savings,126602334,2027-06-04,MDN01,ACTIVE
15796,6480,Savings,50082626,2028-01-16,MDN01,ACTIVE
15797,4456,Time Deposit,1081415254,2026-06-15,JKT02,ACTIVE
15798,419,Time Deposit,419736323,2026-08-10,JKT01,ACTIVE
15799,3837,Time Deposit,919698395,2026-10-08,YGY01,ACTIVE
15800,4668,Savings,24007145,2027-06-20,SBY01,ACTIVE
15801,1614,Time Deposit,1288907485,2026-10-02,BDG01,ACTIVE
15802,5144,Savings,52277864,2026-10-12,YGY01,ACTIVE
15803,2942,Savings,11056275,2027-07-20,BDG01,ACTIVE
15804,7519,Savings,21901753,2027-11-10,BDG01,ACTIVE
15805,9966,Time Deposit,1214805421,2026-04-12,SMG01,ACTIVE
15806,5206,Time Deposit,873963989,2026-07-04,JKT01,ACTIVE
15807,4365,Time Deposit,362795574,2027-02-17,SMG01,ACTIVE
15808,2077,Savings,42736955,2026-12-05,JKT02,ACTIVE
15809,4782,Savings,89290722,2027-08-11,BDG01,ACTIVE
15810,3447,Savings,38655103,2026-12-02,BDG01,ACTIVE
15811,5582,Time Deposit,1621309420,2026-11-12,MDN01,ACTIVE
15812,9332,Time Deposit,618711029,2027-01-24,BDG01,ACTIVE
15813,9096,Time Deposit,549171182,2026-04-04,SBY01,ACTIVE
15814,8420,Savings,95574478,2027-12-13,YGY01,ACTIVE
15815,4539,Savings,18353195,2026-08-30,MDN01,ACTIVE
15816,5709,Savings,11458237,2027-05-28,SBY01,ACTIVE
15817,8630,Savings,87264745,2028-01-11,YGY01,ACTIVE
15818,3698,Time Deposit,596407016,2026-08-20,MDN01,ACTIVE
15819,769,Time Deposit,416781107,2026-07-04,YGY01,ACTIVE
15820,2176,Time Deposit,877204413,2027-01-17,YGY01,ACTIVE
15821,4299,Time Deposit,902913748,2026-09-23,SMG01,ACTIVE
15822,8609,Time Deposit,350410411,2026-09-05,JKT02,ACTIVE
15823,1938,Savings,8209140,2026-06-06,SMG01,ACTIVE
15824,1105,Time Deposit,1928647116,2026-11-03,YGY01,ACTIVE
15825,5423,Savings,16688900,2027-02-26,YGY01,ACTIVE
15826,6795,Savings,38045197,2026-12-18,YGY01,ACTIVE
15827,6191,Savings,63810989,2027-02-18,SMG01,ACTIVE
15828,7814,Time Deposit,999862565,2027-01-17,JKT01,ACTIVE
15829,5152,Time Deposit,408534362,2026-12-05,JKT01,ACTIVE
15830,9515,Savings,42659163,2026-10-19,SMG01,ACTIVE
15831,5446,Time Deposit,653109998,2026-08-04,YGY01,ACTIVE
15832,2586,Savings,12705489,2026-12-23,MDN01,ACTIVE
15833,7241,Savings,70290808,2027-09-09,MDN01,ACTIVE
15834,1408,Time Deposit,308631833,2026-07-02,JKT02,ACTIVE
15835,657,Time Deposit,247063116,2027-01-04,JKT01,ACTIVE
15836,5048,Time Deposit,883075592,2026-05-04,SMG01,ACTIVE
15837,1957,Savings,25471210,2026-10-29,MDN01,ACTIVE
15838,3827,Savings,91704430,2026-08-25,JKT02,ACTIVE
15839,604,Savings,109290866,2028-01-02,JKT01,ACTIVE
15840,443,Savings,16272595,2026-12-11,YGY01,ACTIVE
15841,8502,Savings,8476855,2027-09-02,YGY01,ACTIVE
15842,7013,Savings,40696388,2027-06-02,JKT02,ACTIVE
15843,3090,Time Deposit,992762694,2026-08-14,SMG01,ACTIVE
15844,3661,Savings,9378184,2027-07-12,BDG01,ACTIVE
15845,5852,Savings,33624027,2026-05-29,SBY01,ACTIVE
15846,4338,Savings,92674563,2026-10-09,JKT01,ACTIVE
15847,7679,Savings,166746484,2026-11-10,SMG01,ACTIVE
15848,5976,Savings,36065380,2026-08-20,JKT01,ACTIVE
15849,5849,Time Deposit,1002825009,2027-01-17,JKT01,ACTIVE
15850,9186,Savings,85191255,2028-02-17,YGY01,ACTIVE
15851,9322,Savings,73906761,2027-06-28,JKT01,ACTIVE
15852,26,Savings,27661166,2026-09-24,JKT02,ACTIVE
15853,7454,Savings,30629367,2028-02-28,JKT02,ACTIVE
15854,519,Savings,115408830,2026-12-04,BDG01,ACTIVE
15855,2910,Time Deposit,201309095,2027-02-09,SBY01,ACTIVE
15856,9766,Savings,3715106,2027-03-03,JKT01,ACTIVE
15857,4959,Savings,65472861,2027-04-17,SBY01,ACTIVE
15858,1494,Savings,33529051,2027-04-21,YGY01,ACTIVE
15859,2742,Savings,39799801,2026-11-22,JKT01,ACTIVE
15860,7461,Savings,132479947,2026-07-28,SBY01,ACTIVE
15861,2623,Time Deposit,691192256,2026-12-05,SBY01,ACTIVE
15862,4574,Savings,82821345,2028-02-12,SMG01,ACTIVE
15863,6191,Savings,156215670,2026-08-27,BDG01,ACTIVE
15864,7189,Savings,93481497,2026-11-23,MDN01,ACTIVE
15865,8166,Savings,21125727,2027-01-29,YGY01,ACTIVE
15866,6797,Savings,9392828,2026-09-15,JKT01,ACTIVE
15867,733,Savings,221990124,2026-08-29,SMG01,ACTIVE
15868,9552,Savings,25570357,2027-12-01,BDG01,ACTIVE
15869,3905,Savings,141937674,2027-01-12,BDG01,ACTIVE
15870,9313,Savings,158724068,2027-03-04,JKT01,ACTIVE
15871,7970,Savings,10522086,2027-02-24,YGY01,ACTIVE
15872,7475,Savings,45714335,2027-03-21,MDN01,ACTIVE
15873,6425,Savings,97567437,2027-05-03,JKT01,ACTIVE
15874,292,Savings,63270137,2027-08-13,BDG01,ACTIVE
15875,955,Time Deposit,98379079,2026-06-23,JKT02,ACTIVE
15876,1170,Savings,6201593,2027-09-19,JKT01,ACTIVE
15877,1192,Time Deposit,1203077584,2026-10-02,JKT02,ACTIVE
15878,321,Savings,36804640,2027-11-14,SBY01,ACTIVE
15879,3472,Savings,19043359,2027-01-08,YGY01,ACTIVE
15880,3810,Savings,13130401,2027-08-11,SMG01,ACTIVE
15881,9537,Savings,39482654,2026-08-17,JKT02,ACTIVE
15882,9848,Savings,16882211,2027-05-26,SBY01,ACTIVE
15883,1806,Savings,4713599,2027-06-24,SBY01,ACTIVE
15884,5195,Savings,10360663,2027-06-12,SMG01,ACTIVE
15885,1879,Savings,47837218,2027-10-05,SMG01,ACTIVE
15886,3120,Savings,28154856,2026-05-29,SBY01,ACTIVE
15887,6428,Time Deposit,1245199717,2026-11-27,SBY01,ACTIVE
15888,2590,Time Deposit,762769443,2026-04-13,SMG01,ACTIVE
15889,5796,Time Deposit,966168070,2026-07-22,MDN01,ACTIVE
15890,4174,Time Deposit,565489235,2026-11-17,SMG01,ACTIVE
15891,2767,Time Deposit,899744376,2027-01-28,JKT01,ACTIVE
15892,2414,Savings,23114289,2026-09-23,JKT02,ACTIVE
15893,3050,Savings,39359000,2026-09-02,JKT01,ACTIVE
15894,786,Time Deposit,900216724,2027-03-12,JKT01,ACTIVE
15895,583,Savings,17244572,2027-09-26,JKT02,ACTIVE
15896,7194,Time Deposit,1611985375,2026-10-07,JKT01,ACTIVE
15897,1527,Savings,165377837,2027-11-21,MDN01,ACTIVE
15898,3004,Savings,9261021,2027-02-25,SBY01,ACTIVE
15899,7532,Savings,23262265,2027-11-23,JKT01,ACTIVE
15900,5613,Savings,20435593,2027-04-09,JKT01,ACTIVE
15901,4350,Savings,92857298,2027-06-27,BDG01,ACTIVE
15902,9858,Time Deposit,593942494,2026-06-16,SBY01,ACTIVE
15903,5115,Savings,33459558,2027-12-10,BDG01,ACTIVE
15904,8537,Time Deposit,830959260,2026-11-13,YGY01,ACTIVE
15905,2578,Savings,10715645,2026-11-09,MDN01,ACTIVE
15906,2498,Savings,102450112,2027-01-29,JKT02,ACTIVE
15907,2154,Savings,6456596,2027-04-26,MDN01,ACTIVE
15908,4485,Savings,9797195,2027-06-08,BDG01,ACTIVE
15909,4647,Savings,176912758,2027-07-07,SBY01,ACTIVE
15910,1900,Savings,28533832,2027-12-30,BDG01,ACTIVE
15911,7824,Savings,148874364,2027-01-23,SBY01,ACTIVE
15912,9353,Time Deposit,465577704,2026-12-30,SMG01,ACTIVE
15913,1557,Time Deposit,517031042,2026-05-04,JKT01,ACTIVE
15914,1112,Savings,73882357,2027-04-25,BDG01,ACTIVE
15915,1837,Time Deposit,1126415666,2026-09-23,SMG01,ACTIVE
15916,1514,Savings,21575447,2027-02-17,SBY01,ACTIVE
15917,5951,Savings,11610065,2027-12-02,SBY01,ACTIVE
15918,7392,Savings,54367840,2027-06-16,SMG01,ACTIVE
15919,947,Savings,20329310,2027-06-30,SBY01,ACTIVE
15920,3479,Time Deposit,995413630,2026-11-19,JKT01,ACTIVE
15921,4962,Time Deposit,137198710,2026-12-20,BDG01,ACTIVE
15922,3163,Time Deposit,147979101,2027-03-09,YGY01,ACTIVE
15923,8513,Savings,177844851,2027-02-08,SMG01,ACTIVE
15924,4272,Savings,20571641,2028-01-07,SBY01,ACTIVE
15925,2488,Savings,27368570,2026-06-20,YGY01,ACTIVE
15926,9981,Savings,46421283,2027-05-08,JKT02,ACTIVE
15927,1557,Savings,94786318,2027-11-29,SMG01,ACTIVE
15928,707,Time Deposit,667094703,2026-10-20,YGY01,ACTIVE
15929,9440,Savings,112047421,2027-11-22,SMG01,ACTIVE
15930,2336,Savings,7371443,2028-01-28,BDG01,ACTIVE
15931,1070,Time Deposit,667873394,2026-07-10,JKT02,ACTIVE
15932,7791,Savings,32878903,2027-06-05,JKT02,ACTIVE
15933,1526,Time Deposit,1034620574,2026-11-30,JKT01,ACTIVE
15934,5685,Savings,141185828,2027-11-01,JKT01,ACTIVE
15935,9531,Savings,23810576,2027-06-28,JKT01,ACTIVE
15936,8466,Savings,9780234,2027-02-16,MDN01,ACTIVE
15937,6749,Time Deposit,604120062,2026-10-01,JKT01,ACTIVE
15938,6217,Savings,9668144,2027-04-18,YGY01,ACTIVE
15939,5352,Savings,137515070,2026-07-28,JKT01,ACTIVE
15940,7908,Time Deposit,1601729135,2026-06-24,JKT01,ACTIVE
15941,8889,Time Deposit,1246249639,2026-09-28,BDG01,ACTIVE
15942,4770,Time Deposit,672864270,2026-11-28,SMG01,ACTIVE
15943,8462,Savings,17810782,2027-07-22,JKT01,ACTIVE
15944,2808,Savings,60243160,2027-10-10,YGY01,ACTIVE
15945,1351,Savings,48031913,2026-11-13,SMG01,ACTIVE
15946,270,Savings,143852198,2027-10-20,JKT01,ACTIVE
15947,8954,Time Deposit,1388171004,2026-05-23,YGY01,ACTIVE
15948,6815,Savings,111430358,2027-12-28,BDG01,ACTIVE
15949,3214,Savings,20304200,2027-03-15,SMG01,ACTIVE
15950,4764,Time Deposit,382482043,2026-06-20,JKT01,ACTIVE
15951,6506,Time Deposit,421761709,2026-12-21,YGY01,ACTIVE
15952,1395,Time Deposit,684243589,2026-08-23,SBY01,ACTIVE
15953,139,Time Deposit,775060422,2026-05-29,SMG01,ACTIVE
15954,9243,Time Deposit,1507563832,2026-11-15,MDN01,ACTIVE
15955,3351,Savings,40965600,2026-06-11,YGY01,ACTIVE
15956,6545,Savings,223893505,2026-08-07,JKT02,ACTIVE
15957,3923,Time Deposit,1180954251,2026-05-03,SMG01,ACTIVE
15958,8275,Time Deposit,1105581202,2026-05-07,JKT02,ACTIVE
15959,9464,Time Deposit,704853580,2026-11-09,JKT02,ACTIVE
15960,2146,Time Deposit,1378417986,2026-12-13,JKT02,ACTIVE
15961,9795,Savings,47703826,2027-05-11,MDN01,ACTIVE
15962,2318,Savings,82318968,2027-01-11,MDN01,ACTIVE
15963,3776,Savings,229588336,2027-05-06,JKT02,ACTIVE
15964,5016,Savings,17461764,2026-05-26,JKT02,ACTIVE
15965,3254,Time Deposit,512352214,2026-09-25,JKT02,ACTIVE
15966,5361,Savings,45053592,2027-09-25,BDG01,ACTIVE
15967,4798,Time Deposit,873927669,2026-06-28,SBY01,ACTIVE
15968,3337,Savings,159649103,2026-11-07,YGY01,ACTIVE
15969,9373,Time Deposit,610090430,2027-02-05,JKT02,ACTIVE
15970,3894,Savings,10169260,2026-07-02,SBY01,ACTIVE
15971,4250,Savings,34692362,2026-10-12,SMG01,ACTIVE
15972,6354,Time Deposit,367046957,2026-11-19,JKT02,ACTIVE
15973,916,Savings,174401355,2027-08-08,SBY01,ACTIVE
15974,2743,Savings,9784025,2026-09-12,SBY01,ACTIVE
15975,4448,Savings,3939237,2026-12-30,YGY01,ACTIVE
15976,1112,Time Deposit,554015821,2026-06-08,MDN01,ACTIVE
15977,2810,Savings,12622910,2027-06-02,MDN01,ACTIVE
15978,6141,Time Deposit,517305181,2026-05-16,YGY01,ACTIVE
15979,8364,Savings,141557250,2027-06-26,SMG01,ACTIVE
15980,4167,Savings,68071875,2027-02-06,SBY01,ACTIVE
15981,1291,Savings,13965744,2026-08-17,BDG01,ACTIVE
15982,8974,Time Deposit,1690985513,2026-06-24,SMG01,ACTIVE
15983,7450,Time Deposit,1927199530,2026-10-11,BDG01,ACTIVE
15984,4451,Time Deposit,1121333559,2027-02-04,YGY01,ACTIVE
15985,3529,Time Deposit,1177574777,2026-04-24,JKT01,ACTIVE
15986,9758,Savings,14289597,2026-06-10,SBY01,ACTIVE
15987,4730,Savings,12321078,2028-02-24,YGY01,ACTIVE
15988,7678,Savings,46563753,2027-04-09,SMG01,ACTIVE
15989,709,Time Deposit,899858257,2027-01-07,SBY01,ACTIVE
15990,9042,Savings,41584776,2027-02-19,JKT02,ACTIVE
15991,4690,Time Deposit,703883641,2026-11-30,JKT01,ACTIVE
15992,3201,Savings,16285980,2028-03-10,SBY01,ACTIVE
15993,6049,Savings,91902704,2028-02-16,JKT02,ACTIVE
15994,3889,Savings,84228596,2027-03-03,JKT01,ACTIVE
15995,1929,Savings,54369932,2027-03-23,MDN01,ACTIVE
15996,3466,Savings,177516334,2027-02-27,JKT01,ACTIVE
15997,6318,Savings,8261582,2026-11-05,YGY01,ACTIVE
15998,2890,Time Deposit,1368881394,2026-11-01,BDG01,ACTIVE
15999,1633,Savings,8204515,2027-03-21,JKT01,ACTIVE
16000,8509,Savings,33245301,2026-04-20,SBY01,ACTIVE
16001,8205,Savings,40997060,2027-07-31,JKT02,ACTIVE
16002,2230,Savings,23958383,2027-03-27,BDG01,ACTIVE
16003,1654,Savings,151734121,2026-09-05,SMG01,ACTIVE
16004,7390,Time Deposit,1268413532,2027-03-16,YGY01,ACTIVE
16005,8269,Savings,141470999,2028-02-03,JKT01,ACTIVE
16006,5020,Time Deposit,262809727,2026-08-04,JKT01,ACTIVE
16007,9279,Savings,37498807,2027-05-12,BDG01,ACTIVE
16008,2193,Savings,11165970,2026-07-03,BDG01,ACTIVE
16009,9749,Savings,98905050,2026-06-08,MDN01,ACTIVE
16010,2386,Time Deposit,783051718,2026-12-06,MDN01,ACTIVE
16011,382,Time Deposit,286549978,2026-12-26,MDN01,ACTIVE
16012,6195,Time Deposit,1284080613,2026-05-08,SBY01,ACTIVE
16013,4659,Savings,12583160,2027-04-13,SBY01,ACTIVE
16014,8906,Savings,34651344,2027-01-24,SMG01,ACTIVE
16015,4641,Time Deposit,756655825,2026-06-08,MDN01,ACTIVE
16016,7972,Time Deposit,733592679,2026-08-04,SMG01,ACTIVE
16017,5222,Time Deposit,557536126,2026-06-23,YGY01,ACTIVE
16018,9339,Savings,27584673,2026-04-25,YGY01,ACTIVE
16019,109,Savings,99446744,2027-08-06,JKT01,ACTIVE
16020,6890,Savings,23894117,2027-09-04,SMG01,ACTIVE
16021,6308,Savings,9399598,2026-06-05,SBY01,ACTIVE
16022,4605,Savings,13367154,2026-07-02,SBY01,ACTIVE
16023,7146,Savings,25988038,2026-10-02,JKT02,ACTIVE
16024,7156,Time Deposit,224378109,2027-02-06,SMG01,ACTIVE
16025,2222,Savings,30280614,2026-04-23,JKT01,ACTIVE
16026,4728,Savings,25942517,2027-05-12,JKT02,ACTIVE
16027,1010,Savings,9974390,2026-10-01,YGY01,ACTIVE
16028,5338,Time Deposit,364988323,2026-11-15,BDG01,ACTIVE
16029,9731,Savings,25569428,2027-06-08,SMG01,ACTIVE
16030,8942,Savings,50047420,2026-10-22,JKT01,ACTIVE
16031,5257,Time Deposit,328359941,2026-03-31,BDG01,ACTIVE
16032,6574,Savings,36318247,2028-03-11,BDG01,ACTIVE
16033,8810,Time Deposit,953137935,2026-05-21,SMG01,ACTIVE
16034,3720,Savings,118187647,2027-11-22,JKT01,ACTIVE
16035,9140,Time Deposit,587246638,2026-08-16,SBY01,ACTIVE
16036,4134,Savings,193507491,2027-09-15,MDN01,ACTIVE
16037,6596,Time Deposit,329072353,2026-07-26,JKT01,ACTIVE
16038,2592,Savings,14813658,2027-07-31,SBY01,ACTIVE
16039,3585,Time Deposit,1596329451,2026-11-28,MDN01,ACTIVE
16040,9890,Savings,7066209,2026-09-23,SMG01,ACTIVE
16041,2199,Savings,116226479,2026-12-04,JKT01,ACTIVE
16042,9987,Savings,11543710,2027-10-31,MDN01,ACTIVE
16043,8960,Savings,154029214,2027-10-22,MDN01,ACTIVE
16044,680,Savings,22498310,2027-03-27,JKT01,ACTIVE
16045,4947,Savings,73166957,2027-09-16,BDG01,ACTIVE
16046,6067,Time Deposit,1756886885,2026-07-29,BDG01,ACTIVE
16047,8270,Savings,80178296,2028-02-27,JKT02,ACTIVE
16048,7070,Savings,23613197,2027-07-04,SBY01,ACTIVE
16049,7485,Time Deposit,1517603331,2026-05-04,JKT02,ACTIVE
16050,7291,Time Deposit,264110851,2026-09-18,JKT02,ACTIVE
16051,3534,Time Deposit,221241047,2026-09-12,SBY01,ACTIVE
16052,7993,Time Deposit,371744346,2026-11-13,BDG01,ACTIVE
16053,8036,Savings,26432888,2027-09-15,YGY01,ACTIVE
16054,6587,Savings,34837296,2026-05-21,MDN01,ACTIVE
16055,6838,Time Deposit,559294599,2026-05-19,YGY01,ACTIVE
16056,5837,Savings,21312756,2027-09-07,BDG01,ACTIVE
16057,9342,Savings,43957738,2026-08-06,JKT01,ACTIVE
16058,6560,Time Deposit,774594506,2026-10-04,JKT02,ACTIVE
16059,9133,Savings,149104009,2027-02-02,SBY01,ACTIVE
16060,6387,Time Deposit,238148171,2026-06-11,MDN01,ACTIVE
16061,660,Savings,32399325,2027-01-22,MDN01,ACTIVE
16062,2344,Time Deposit,374162085,2026-04-11,SMG01,ACTIVE
16063,9923,Time Deposit,317024102,2027-01-28,MDN01,ACTIVE
16064,3693,Time Deposit,472766966,2026-07-18,MDN01,ACTIVE
16065,788,Savings,29665504,2027-09-01,BDG01,ACTIVE
16066,9141,Time Deposit,577522041,2026-07-28,JKT01,ACTIVE
16067,3352,Time Deposit,491836250,2026-09-30,MDN01,ACTIVE
16068,9674,Savings,169166027,2027-02-28,BDG01,ACTIVE
16069,6110,Savings,160266408,2028-01-02,JKT01,ACTIVE
16070,420,Savings,31518045,2027-01-06,SBY01,ACTIVE
16071,4496,Time Deposit,860619542,2027-02-07,SBY01,ACTIVE
16072,9767,Time Deposit,282160061,2026-12-07,MDN01,ACTIVE
16073,4710,Time Deposit,501301975,2026-08-30,YGY01,ACTIVE
16074,4349,Time Deposit,1160142546,2026-06-18,JKT02,ACTIVE
16075,2473,Time Deposit,841805719,2026-05-10,SBY01,ACTIVE
16076,5656,Time Deposit,1136983598,2026-07-15,MDN01,ACTIVE
16077,1531,Savings,23411983,2027-08-22,YGY01,ACTIVE
16078,4538,Savings,113388155,2026-08-22,JKT01,ACTIVE
16079,6805,Savings,150394562,2026-09-22,SBY01,ACTIVE
16080,8699,Savings,24059083,2026-07-30,SBY01,ACTIVE
16081,3110,Savings,10587766,2027-07-10,SMG01,ACTIVE
16082,3398,Savings,109099380,2028-01-17,JKT01,ACTIVE
16083,3973,Time Deposit,648813976,2027-01-18,JKT02,ACTIVE
16084,7887,Savings,19967889,2027-12-28,SBY01,ACTIVE
16085,4124,Savings,64230840,2026-09-11,JKT02,ACTIVE
16086,5656,Savings,67659166,2026-10-24,BDG01,ACTIVE
16087,4082,Time Deposit,1121957620,2026-09-30,MDN01,ACTIVE
16088,9567,Savings,18250724,2026-05-16,SBY01,ACTIVE
16089,8049,Savings,5326719,2027-06-01,MDN01,ACTIVE
16090,752,Savings,174462271,2027-11-22,JKT01,ACTIVE
16091,1177,Time Deposit,400568676,2026-07-09,JKT02,ACTIVE
16092,9495,Savings,147452252,2027-09-29,MDN01,ACTIVE
16093,9575,Savings,45683465,2027-11-01,SMG01,ACTIVE
16094,7889,Savings,63129649,2027-09-14,JKT02,ACTIVE
16095,6692,Time Deposit,835634119,2026-12-25,JKT02,ACTIVE
16096,6872,Savings,80876463,2026-05-17,SMG01,ACTIVE
16097,8211,Time Deposit,1451984835,2026-09-03,SBY01,ACTIVE
16098,2884,Time Deposit,1030575940,2027-02-27,SBY01,ACTIVE
16099,5573,Time Deposit,1374939994,2026-06-26,SMG01,ACTIVE
16100,7837,Savings,184208259,2026-08-16,MDN01,ACTIVE
16101,1917,Time Deposit,751997607,2026-12-15,SMG01,ACTIVE
16102,1020,Savings,29220559,2027-10-01,MDN01,ACTIVE
16103,7769,Savings,35901660,2026-11-19,BDG01,ACTIVE
16104,6883,Time Deposit,1616175760,2026-07-19,SMG01,ACTIVE
16105,5918,Savings,48987568,2026-04-18,JKT02,ACTIVE
16106,4167,Savings,97833089,2026-10-05,SBY01,ACTIVE
16107,567,Savings,17761000,2027-03-18,JKT01,ACTIVE
16108,7908,Time Deposit,748519209,2026-11-18,MDN01,ACTIVE
16109,2494,Time Deposit,407087241,2026-11-01,YGY01,ACTIVE
16110,8648,Time Deposit,587904241,2026-12-11,YGY01,ACTIVE
16111,6855,Savings,100715082,2026-10-10,JKT01,ACTIVE
16112,251,Time Deposit,1534880149,2026-09-28,JKT02,ACTIVE
16113,7824,Time Deposit,1136725250,2026-05-21,YGY01,ACTIVE
16114,2784,Time Deposit,412970071,2026-05-10,BDG01,ACTIVE
16115,5131,Savings,28848380,2027-11-13,JKT02,ACTIVE
16116,6814,Time Deposit,215247673,2026-06-22,MDN01,ACTIVE
16117,7205,Savings,9627680,2027-01-01,JKT02,ACTIVE
16118,1356,Savings,148842544,2027-04-27,YGY01,ACTIVE
16119,8313,Savings,17099373,2026-06-21,SBY01,ACTIVE
16120,359,Savings,73895434,2026-06-12,MDN01,ACTIVE
16121,178,Savings,33416171,2026-06-11,JKT02,INACTIVE
16122,1881,Time Deposit,774289116,2027-03-03,JKT01,INACTIVE
16123,5887,Savings,2412102,2026-04-15,MDN01,INACTIVE
16124,7871,Savings,45716127,2028-02-16,YGY01,INACTIVE
16125,7578,Time Deposit,1053408103,2026-11-07,JKT02,INACTIVE
16126,8962,Time Deposit,395820536,2026-11-11,JKT02,INACTIVE
16127,2641,Time Deposit,237998815,2026-12-08,YGY01,INACTIVE
16128,371,Savings,48423222,2026-04-25,MDN01,INACTIVE
16129,4778,Savings,26134611,2027-07-29,BDG01,INACTIVE
16130,5750,Time Deposit,1017874611,2026-08-01,JKT02,ACTIVE
16131,950,Time Deposit,952054818,2026-08-05,SBY01,ACTIVE
16132,2426,Savings,33493868,2027-07-05,JKT02,ACTIVE
16133,3898,Time Deposit,1517585867,2026-10-09,YGY01,ACTIVE
16134,1887,Time Deposit,1142147098,2026-12-12,JKT01,INACTIVE
16135,6586,Time Deposit,407176431,2026-08-24,MDN01,INACTIVE
16136,7770,Time Deposit,847364481,2026-06-12,MDN01,INACTIVE
16137,6275,Savings,10236609,2028-01-17,SBY01,INACTIVE
16138,8916,Time Deposit,711269912,2027-01-11,SMG01,INACTIVE
16139,4997,Savings,97288203,2027-05-03,YGY01,INACTIVE
16140,9812,Savings,30615035,2026-12-28,BDG01,ACTIVE
16141,8604,Time Deposit,273896397,2026-05-30,YGY01,INACTIVE
16142,2267,Savings,109982822,2026-04-28,SMG01,INACTIVE
16143,7312,Savings,32444747,2026-05-31,SBY01,ACTIVE
16144,815,Savings,90245281,2027-07-26,SBY01,INACTIVE
16145,980,Time Deposit,257448928,2026-12-28,SBY01,ACTIVE
16146,3713,Time Deposit,661327038,2026-10-14,JKT01,ACTIVE
16147,1431,Savings,33422696,2026-11-12,JKT01,INACTIVE
16148,2699,Time Deposit,836425830,2026-07-13,BDG01,ACTIVE
16149,4783,Savings,12384978,2027-11-09,YGY01,INACTIVE
16150,2413,Savings,112687448,2027-08-11,BDG01,ACTIVE
16151,7271,Savings,31285701,2026-10-08,SBY01,INACTIVE
16152,7007,Savings,29865403,2026-06-03,SMG01,INACTIVE
16153,5790,Time Deposit,556179418,2026-10-01,SBY01,INACTIVE
16154,761,Time Deposit,283316411,2026-09-03,JKT01,INACTIVE
16155,690,Time Deposit,410583852,2026-12-30,JKT02,INACTIVE
16156,8628,Time Deposit,324469224,2027-01-12,JKT01,INACTIVE
16157,8266,Time Deposit,624482316,2027-03-04,SBY01,INACTIVE
16158,4919,Savings,25102102,2027-11-18,JKT02,INACTIVE
16159,5461,Savings,102417331,2026-04-30,MDN01,INACTIVE
16160,1106,Time Deposit,1723488867,2026-09-02,JKT01,ACTIVE
16161,6171,Time Deposit,851623969,2026-08-23,BDG01,ACTIVE
16162,6531,Savings,34163829,2027-04-25,BDG01,ACTIVE
16163,1805,Savings,19449693,2026-07-31,BDG01,ACTIVE
16164,7295,Savings,14487946,2027-11-22,YGY01,INACTIVE
16165,4813,Savings,18640732,2027-05-19,JKT02,ACTIVE
16166,23,Time Deposit,235469323,2026-11-09,JKT02,ACTIVE
16167,2519,Savings,9124220,2027-12-04,JKT01,INACTIVE
16168,9794,Time Deposit,301486812,2027-03-03,JKT01,INACTIVE
16169,1575,Savings,11737434,2027-08-04,JKT02,INACTIVE
16170,8750,Savings,13800338,2027-04-26,JKT02,ACTIVE
16171,2129,Savings,84211575,2026-07-12,SMG01,INACTIVE
16172,2526,Savings,70760681,2027-10-23,YGY01,INACTIVE
16173,845,Time Deposit,135274937,2026-12-24,JKT02,ACTIVE
16174,534,Time Deposit,1096505827,2027-01-14,JKT01,INACTIVE
16175,8861,Savings,47328011,2026-11-23,YGY01,INACTIVE
16176,6872,Savings,102029960,2026-09-07,JKT02,INACTIVE
16177,9979,Savings,31970839,2026-09-21,SMG01,INACTIVE
16178,2059,Time Deposit,656305016,2026-12-08,BDG01,INACTIVE
16179,8771,Savings,8539368,2026-05-31,SMG01,INACTIVE
16180,8565,Time Deposit,790464394,2026-11-02,YGY01,ACTIVE
16181,5326,Time Deposit,1487466483,2026-12-02,JKT02,INACTIVE
16182,4681,Time Deposit,355005505,2027-03-14,YGY01,INACTIVE
16183,4572,Savings,21391887,2027-07-25,BDG01,ACTIVE
16184,3795,Time Deposit,836264512,2026-11-28,YGY01,INACTIVE
16185,2423,Savings,33495205,2027-08-16,SBY01,INACTIVE
16186,2852,Savings,84677430,2026-06-28,MDN01,INACTIVE
16187,264,Time Deposit,1251924464,2026-12-13,MDN01,ACTIVE
16188,9425,Time Deposit,263594039,2026-07-23,JKT01,INACTIVE
16189,3159,Time Deposit,1037779845,2026-05-11,SMG01,INACTIVE
16190,3932,Savings,10416826,2027-04-10,SMG01,INACTIVE
16191,4841,Savings,96580948,2027-05-25,SMG01,INACTIVE
16192,1693,Savings,13242861,2026-05-11,SMG01,INACTIVE
16193,8494,Savings,22539000,2027-06-27,JKT01,INACTIVE
16194,3382,Savings,25125140,2027-08-18,JKT01,INACTIVE
16195,1316,Savings,13691082,2027-01-08,YGY01,ACTIVE
16196,9039,Time Deposit,595961513,2026-04-12,BDG01,INACTIVE
16197,4714,Savings,83087360,2027-07-24,JKT02,INACTIVE
16198,8148,Savings,216269636,2027-06-09,SBY01,INACTIVE
16199,5865,Savings,8549993,2027-11-19,SMG01,ACTIVE
16200,8545,Savings,8520795,2027-09-08,SBY01,INACTIVE
16201,3514,Time Deposit,313520441,2026-06-15,JKT02,INACTIVE
16202,7381,Savings,16410286,2027-01-08,MDN01,ACTIVE
16203,8722,Savings,4604363,2027-10-10,JKT02,ACTIVE
16204,9237,Time Deposit,899599230,2026-05-19,MDN01,ACTIVE
16205,5140,Savings,7587364,2027-11-17,BDG01,INACTIVE
16206,5022,Savings,53687829,2026-11-28,SBY01,INACTIVE
16207,9370,Savings,15652824,2028-02-01,SMG01,ACTIVE
16208,6136,Time Deposit,1319944461,2026-07-11,JKT02,INACTIVE
16209,7446,Savings,20007676,2026-11-17,SMG01,INACTIVE
16210,8152,Savings,32298058,2026-12-08,JKT02,INACTIVE
16211,8071,Savings,12566090,2026-05-03,SBY01,INACTIVE
16212,6695,Time Deposit,262121095,2027-02-22,SMG01,INACTIVE
16213,251,Time Deposit,1389228250,2026-12-20,SMG01,INACTIVE
16214,3131,Time Deposit,950678830,2026-09-05,YGY01,INACTIVE
16215,3386,Time Deposit,806818698,2026-06-28,JKT01,INACTIVE
16216,2336,Time Deposit,803973880,2026-11-29,YGY01,INACTIVE
16217,7115,Savings,167586347,2027-05-01,JKT02,INACTIVE
16218,5044,Time Deposit,490079558,2027-02-20,YGY01,INACTIVE
16219,6992,Time Deposit,498463260,2026-06-30,JKT02,INACTIVE
16220,738,Savings,91575581,2026-08-28,YGY01,ACTIVE
16221,8838,Savings,65407694,2026-08-19,JKT01,INACTIVE
16222,4254,Savings,178148928,2028-02-07,JKT02,INACTIVE
16223,6534,Time Deposit,305093383,2026-12-14,YGY01,ACTIVE
16224,9409,Savings,158664396,2026-12-04,MDN01,INACTIVE
16225,3297,Savings,15304486,2026-07-29,JKT01,INACTIVE
16226,4707,Time Deposit,767740801,2026-07-17,SMG01,INACTIVE
16227,7882,Time Deposit,1383165821,2026-06-01,YGY01,ACTIVE
16228,674,Savings,136170580,2027-10-31,SBY01,INACTIVE
16229,3230,Savings,25231365,2027-07-26,SMG01,INACTIVE
16230,8841,Savings,9868811,2026-07-31,SMG01,INACTIVE
16231,778,Savings,23727107,2026-05-25,SMG01,INACTIVE
16232,3007,Time Deposit,432966429,2027-01-21,SBY01,ACTIVE
16233,7845,Savings,36959019,2027-03-14,SBY01,INACTIVE
16234,4562,Savings,30316331,2027-12-06,JKT01,ACTIVE
16235,7139,Savings,197496861,2027-10-12,YGY01,INACTIVE
16236,9159,Time Deposit,640231150,2026-11-08,JKT01,INACTIVE
16237,6103,Time Deposit,382553951,2027-01-09,JKT01,INACTIVE
16238,8029,Savings,20169779,2028-03-15,JKT01,INACTIVE
16239,9099,Savings,90669637,2027-11-22,JKT01,INACTIVE
16240,4695,Savings,43691886,2026-07-11,JKT01,INACTIVE
16241,8955,Time Deposit,299612689,2026-06-06,YGY01,ACTIVE
16242,2734,Savings,12741426,2028-01-02,SMG01,INACTIVE
16243,8191,Time Deposit,1154670705,2026-05-02,SMG01,INACTIVE
16244,409,Savings,54991853,2026-09-06,BDG01,ACTIVE
16245,9289,Time Deposit,163457208,2026-10-18,MDN01,INACTIVE
16246,816,Savings,51753983,2027-08-16,SBY01,INACTIVE
16247,8536,Time Deposit,571903994,2026-12-09,MDN01,INACTIVE
16248,7421,Time Deposit,275011001,2027-01-01,JKT02,INACTIVE
16249,3563,Time Deposit,326795577,2027-02-15,JKT01,ACTIVE
16250,4526,Savings,39157986,2026-07-16,SMG01,INACTIVE
16251,1220,Time Deposit,1819131185,2027-01-06,JKT02,ACTIVE
16252,1872,Savings,228076620,2026-11-19,SBY01,INACTIVE
16253,4692,Savings,71045216,2026-08-14,SBY01,ACTIVE
16254,9012,Savings,174828665,2028-03-13,BDG01,INACTIVE
16255,4491,Time Deposit,194397986,2026-09-26,JKT02,ACTIVE
16256,5291,Time Deposit,142335561,2026-09-23,JKT01,ACTIVE
16257,6224,Savings,21751010,2027-12-30,MDN01,INACTIVE
16258,8515,Savings,54260510,2027-08-08,JKT01,ACTIVE
16259,6383,Time Deposit,973446884,2027-02-01,YGY01,INACTIVE
16260,913,Time Deposit,1047022733,2026-08-08,BDG01,INACTIVE
16261,1820,Time Deposit,370409317,2026-12-05,BDG01,INACTIVE
16262,8696,Savings,29883204,2027-12-09,JKT01,INACTIVE
16263,9039,Savings,118064377,2026-05-04,JKT02,INACTIVE
16264,255,Savings,18141176,2026-08-09,YGY01,INACTIVE
16265,6195,Time Deposit,533647142,2026-04-25,SMG01,INACTIVE
16266,1164,Savings,16802853,2027-03-28,JKT02,INACTIVE
16267,5838,Time Deposit,577234227,2026-06-25,SBY01,INACTIVE
16268,253,Time Deposit,997800229,2026-11-25,JKT01,INACTIVE
16269,7254,Time Deposit,507705840,2026-11-06,YGY01,INACTIVE
16270,5876,Time Deposit,1117516892,2026-06-01,SMG01,INACTIVE
16271,8207,Time Deposit,1141818067,2026-06-01,YGY01,INACTIVE
16272,6150,Savings,34781110,2027-09-06,SMG01,INACTIVE
16273,817,Time Deposit,1289996730,2027-01-10,SMG01,INACTIVE
16274,4605,Savings,17554883,2026-05-05,YGY01,INACTIVE
16275,44,Savings,8073901,2027-09-06,BDG01,ACTIVE
16276,6034,Savings,25970435,2027-06-11,BDG01,ACTIVE
16277,8932,Time Deposit,699348787,2026-08-04,JKT01,INACTIVE
16278,1801,Savings,30266689,2028-01-11,SBY01,INACTIVE
16279,7399,Time Deposit,646730788,2026-12-29,MDN01,INACTIVE
16280,9259,Time Deposit,1098164628,2026-12-15,BDG01,INACTIVE
16281,7806,Time Deposit,648194555,2026-10-20,BDG01,ACTIVE
16282,4849,Savings,77858377,2027-07-05,SMG01,INACTIVE
16283,5180,Savings,27716628,2026-07-15,SMG01,ACTIVE
16284,8163,Savings,33431972,2027-07-10,SBY01,INACTIVE
16285,9497,Time Deposit,1157390977,2026-05-09,SBY01,ACTIVE
16286,6812,Savings,175736450,2027-05-12,YGY01,INACTIVE
16287,6596,Savings,176622928,2027-05-08,SMG01,INACTIVE
16288,7256,Time Deposit,731955140,2027-01-18,JKT01,INACTIVE
16289,760,Savings,216519709,2027-03-10,JKT02,INACTIVE
16290,80,Savings,121455975,2026-09-25,SBY01,INACTIVE
16291,3306,Time Deposit,1537696435,2026-05-09,JKT02,INACTIVE
16292,118,Time Deposit,145807211,2026-12-19,SMG01,INACTIVE
16293,9542,Savings,57092566,2026-07-24,YGY01,INACTIVE
16294,81,Savings,67681095,2027-08-30,SBY01,INACTIVE
16295,4733,Savings,13643113,2027-09-28,MDN01,INACTIVE
16296,4389,Savings,9242368,2027-03-15,BDG01,INACTIVE
16297,9089,Savings,178530381,2027-05-29,SMG01,INACTIVE
16298,7187,Savings,18606046,2027-06-12,BDG01,INACTIVE
16299,602,Savings,25343591,2027-01-10,JKT01,INACTIVE
16300,7042,Time Deposit,557625548,2027-01-24,JKT02,ACTIVE
16301,749,Time Deposit,387888857,2027-02-27,SBY01,ACTIVE
16302,7985,Savings,8841131,2026-04-26,JKT02,ACTIVE
16303,2606,Savings,31693411,2027-10-02,MDN01,INACTIVE
16304,8506,Savings,146695438,2028-02-04,SBY01,INACTIVE
16305,9764,Time Deposit,120589071,2026-11-25,YGY01,INACTIVE
16306,9002,Time Deposit,564694739,2026-08-13,BDG01,INACTIVE
16307,2645,Savings,7445753,2027-03-13,SBY01,INACTIVE
16308,452,Time Deposit,1061996311,2026-12-25,SMG01,INACTIVE
16309,1703,Savings,118422700,2026-08-01,JKT02,ACTIVE
16310,3621,Time Deposit,1158831964,2026-05-18,JKT01,INACTIVE
16311,6876,Time Deposit,144744483,2027-01-19,SMG01,INACTIVE
16312,5343,Time Deposit,668082795,2026-08-29,JKT02,ACTIVE
16313,5089,Time Deposit,703269198,2026-08-13,BDG01,INACTIVE
16314,8615,Time Deposit,435744304,2026-12-03,YGY01,INACTIVE
16315,4069,Time Deposit,495279736,2026-08-29,JKT02,INACTIVE
16316,3327,Savings,114173518,2027-02-19,SBY01,INACTIVE
16317,532,Savings,8909717,2026-06-29,MDN01,ACTIVE
16318,8423,Time Deposit,354430740,2026-08-25,BDG01,INACTIVE
16319,405,Savings,40068694,2028-01-14,BDG01,ACTIVE
16320,1694,Time Deposit,301614302,2026-03-31,MDN01,INACTIVE
16321,6949,Time Deposit,476104346,2026-12-09,YGY01,INACTIVE
16322,3789,Savings,33663107,2027-08-22,JKT01,INACTIVE
16323,5876,Time Deposit,391026127,2026-07-09,YGY01,INACTIVE
16324,9803,Time Deposit,220716612,2026-04-27,SBY01,INACTIVE
16325,4226,Savings,10396119,2027-05-28,SMG01,INACTIVE
16326,7890,Savings,20986070,2027-09-16,SBY01,ACTIVE
16327,5274,Time Deposit,1822529920,2026-12-01,JKT01,INACTIVE
16328,2197,Savings,50187581,2026-06-19,JKT02,INACTIVE
16329,9513,Savings,37812875,2028-01-09,JKT01,INACTIVE
16330,9242,Savings,38323058,2027-04-14,BDG01,INACTIVE
16331,9804,Savings,10757477,2027-09-18,BDG01,INACTIVE
16332,6444,Time Deposit,1110624266,2026-11-28,JKT01,ACTIVE
16333,7164,Savings,8700848,2027-12-01,YGY01,ACTIVE
16334,2661,Time Deposit,1720328785,2026-09-17,SMG01,INACTIVE
16335,8074,Savings,132975604,2026-10-04,MDN01,INACTIVE
16336,9260,Savings,96728115,2026-05-20,SMG01,INACTIVE
16337,9666,Savings,15443431,2027-06-26,JKT02,INACTIVE
16338,7139,Savings,55522137,2026-05-26,SBY01,INACTIVE
16339,782,Savings,46752970,2027-05-27,MDN01,INACTIVE
16340,253,Time Deposit,1026619019,2026-07-26,BDG01,INACTIVE
16341,6674,Savings,20837034,2026-05-27,JKT01,INACTIVE
16342,3043,Savings,34054801,2027-02-12,SMG01,INACTIVE
16343,2779,Savings,30887713,2027-08-29,BDG01,INACTIVE
16344,7930,Time Deposit,398918733,2026-11-13,SMG01,INACTIVE
16345,2254,Savings,43750562,2027-12-01,YGY01,ACTIVE
16346,944,Time Deposit,376906123,2026-06-16,MDN01,INACTIVE
16347,4113,Savings,125351715,2026-07-22,JKT02,INACTIVE
16348,1380,Savings,85433546,2027-08-01,SMG01,INACTIVE
16349,9089,Time Deposit,590284679,2026-04-26,BDG01,INACTIVE
16350,4118,Time Deposit,825421960,2026-11-21,MDN01,INACTIVE
16351,9779,Savings,30687677,2028-03-11,SBY01,INACTIVE
16352,9950,Savings,42053483,2026-11-15,MDN01,INACTIVE
16353,3779,Savings,92641061,2027-06-14,JKT02,INACTIVE
16354,4556,Time Deposit,999910769,2026-07-01,SMG01,INACTIVE
16355,1947,Savings,52601660,2027-03-03,SBY01,ACTIVE
16356,1394,Savings,94804428,2027-06-30,YGY01,ACTIVE
16357,5988,Savings,15898214,2027-11-14,SBY01,ACTIVE
16358,7926,Time Deposit,458386563,2027-01-15,JKT01,INACTIVE
16359,7827,Time Deposit,1473973484,2027-02-02,BDG01,INACTIVE
16360,5420,Time Deposit,820597994,2026-11-15,JKT02,ACTIVE
16361,6488,Savings,12892259,2027-04-07,YGY01,INACTIVE
16362,4569,Savings,183622370,2028-01-23,SBY01,ACTIVE
16363,1518,Time Deposit,457451159,2026-06-12,MDN01,ACTIVE
16364,2637,Savings,42536295,2026-10-22,YGY01,INACTIVE
16365,8146,Savings,8568237,2027-12-30,JKT02,ACTIVE
16366,9090,Savings,156773322,2026-10-02,MDN01,INACTIVE
16367,6511,Time Deposit,133157644,2026-10-14,SBY01,INACTIVE
16368,6240,Time Deposit,420197124,2026-12-11,JKT02,ACTIVE
16369,3616,Savings,4911544,2026-11-28,SMG01,INACTIVE
16370,8484,Savings,28924284,2027-04-16,BDG01,INACTIVE
16371,1191,Savings,6664100,2026-12-14,SMG01,INACTIVE
16372,5743,Savings,21247814,2027-02-24,JKT01,INACTIVE
16373,2445,Savings,81513487,2026-11-09,SBY01,ACTIVE
16374,6952,Time Deposit,917644422,2026-07-04,MDN01,INACTIVE
16375,5610,Time Deposit,553112487,2026-09-12,JKT02,ACTIVE
16376,1645,Time Deposit,341655062,2026-05-02,JKT02,INACTIVE
16377,314,Savings,27104749,2027-07-14,SBY01,INACTIVE
16378,3001,Savings,99751485,2026-08-29,YGY01,INACTIVE
16379,6342,Savings,114375813,2027-05-26,SBY01,INACTIVE
16380,1910,Time Deposit,382788776,2026-05-16,JKT02,INACTIVE
16381,1467,Savings,11318961,2027-03-25,MDN01,INACTIVE
16382,7857,Time Deposit,477810693,2026-06-15,MDN01,INACTIVE
16383,9888,Time Deposit,602853091,2026-08-06,JKT01,ACTIVE
16384,9190,Savings,23164386,2027-01-08,YGY01,ACTIVE
16385,9975,Savings,44630261,2026-11-18,JKT02,INACTIVE
16386,9151,Savings,52469568,2026-11-03,SMG01,INACTIVE
16387,7442,Savings,41360545,2026-08-29,BDG01,INACTIVE
16388,6492,Time Deposit,1604263436,2026-06-29,JKT01,INACTIVE
16389,823,Savings,20314512,2027-03-12,BDG01,ACTIVE
16390,1529,Time Deposit,295728688,2026-05-07,YGY01,INACTIVE
16391,6249,Savings,101702683,2027-08-17,JKT02,INACTIVE
16392,4445,Savings,44633238,2027-11-06,YGY01,INACTIVE
16393,1221,Time Deposit,1136583119,2027-02-28,BDG01,ACTIVE
16394,2523,Savings,25643708,2027-02-21,JKT01,ACTIVE
16395,3733,Savings,11994751,2026-09-20,SBY01,INACTIVE
16396,2318,Time Deposit,767365996,2026-06-27,SBY01,ACTIVE
16397,2049,Savings,95014046,2027-10-27,YGY01,INACTIVE
16398,475,Savings,27988238,2026-12-12,JKT01,INACTIVE
16399,7662,Savings,19472881,2026-12-29,JKT02,INACTIVE
16400,5477,Savings,91509801,2026-04-23,MDN01,INACTIVE
16401,4451,Savings,27793602,2027-02-01,JKT02,INACTIVE
16402,6240,Savings,11761341,2026-07-27,MDN01,INACTIVE
16403,729,Time Deposit,683276980,2026-09-26,BDG01,INACTIVE
16404,6529,Time Deposit,827206872,2026-09-09,YGY01,ACTIVE
16405,6337,Time Deposit,279676501,2026-12-22,SBY01,ACTIVE
16406,916,Savings,134959985,2028-02-02,YGY01,INACTIVE
16407,9274,Savings,58503678,2027-03-24,JKT01,INACTIVE
16408,9243,Time Deposit,1048853660,2026-07-26,SBY01,INACTIVE
16409,701,Savings,26003049,2027-05-04,JKT02,INACTIVE
16410,1241,Time Deposit,456141072,2026-07-26,SMG01,INACTIVE
16411,2615,Savings,18582234,2027-04-08,YGY01,INACTIVE
16412,871,Savings,67451227,2028-03-05,YGY01,INACTIVE
16413,7925,Savings,129983930,2026-12-10,BDG01,INACTIVE
16414,8053,Savings,66031107,2027-06-14,MDN01,INACTIVE
16415,7672,Time Deposit,794943004,2026-11-26,BDG01,INACTIVE
16416,2852,Savings,17298393,2027-02-25,BDG01,INACTIVE
16417,51,Savings,13554209,2027-04-13,SMG01,INACTIVE
16418,2848,Savings,55088149,2027-06-13,SBY01,ACTIVE
16419,6876,Savings,10191894,2026-06-13,JKT02,INACTIVE
16420,1229,Savings,185775459,2028-02-02,BDG01,ACTIVE
16421,1540,Savings,11129886,2026-12-23,JKT01,ACTIVE
16422,2852,Time Deposit,736313419,2026-08-20,SMG01,INACTIVE
16423,1022,Savings,59983735,2026-12-17,MDN01,INACTIVE
16424,5979,Savings,26581737,2027-04-29,JKT02,INACTIVE
16425,3700,Time Deposit,798709716,2027-01-26,YGY01,ACTIVE
16426,1671,Savings,14599903,2027-01-20,JKT01,ACTIVE
16427,7427,Savings,8585895,2028-01-14,JKT01,INACTIVE
16428,7361,Time Deposit,594330674,2026-06-14,SBY01,INACTIVE
16429,1139,Savings,10904944,2026-09-30,MDN01,ACTIVE
16430,1932,Time Deposit,1036147351,2026-10-04,JKT01,INACTIVE
16431,6781,Savings,53669247,2027-02-19,MDN01,ACTIVE
16432,6229,Time Deposit,809245337,2026-10-17,YGY01,INACTIVE
16433,407,Savings,152858048,2027-05-30,SMG01,ACTIVE
16434,4800,Savings,16723772,2026-10-27,JKT02,ACTIVE
16435,7050,Savings,208447250,2028-02-25,BDG01,INACTIVE
16436,2674,Time Deposit,720882697,2026-09-02,JKT01,INACTIVE
16437,4640,Time Deposit,882142579,2026-04-07,JKT01,INACTIVE
16438,8422,Savings,26674462,2026-10-20,JKT01,INACTIVE
16439,225,Time Deposit,857985472,2026-05-09,YGY01,ACTIVE
16440,9119,Time Deposit,233355540,2026-12-29,SBY01,ACTIVE
16441,6600,Time Deposit,614081853,2026-04-29,JKT01,INACTIVE
16442,9171,Time Deposit,909521471,2027-02-05,BDG01,INACTIVE
16443,7500,Savings,75659290,2027-12-16,BDG01,INACTIVE
16444,9450,Savings,12986461,2026-08-07,YGY01,ACTIVE
16445,5165,Time Deposit,766080591,2026-05-22,BDG01,INACTIVE
16446,4751,Savings,20387008,2026-09-05,YGY01,ACTIVE
16447,833,Savings,82759192,2027-05-29,SMG01,ACTIVE
16448,5964,Time Deposit,251665625,2026-11-17,SBY01,INACTIVE
16449,6517,Savings,14660703,2027-05-16,YGY01,ACTIVE
16450,1411,Savings,33337298,2026-12-30,SBY01,INACTIVE
16451,9300,Savings,172543213,2027-08-26,JKT02,INACTIVE
16452,9978,Savings,36148362,2027-02-16,SMG01,ACTIVE
16453,1613,Savings,114677225,2027-05-23,SMG01,ACTIVE
16454,1926,Savings,16129899,2027-04-02,BDG01,INACTIVE
16455,3620,Savings,76783744,2027-03-11,YGY01,INACTIVE
16456,2109,Time Deposit,1528821322,2027-02-09,JKT02,ACTIVE
16457,3040,Savings,38370738,2027-08-31,MDN01,INACTIVE
16458,3807,Savings,32108015,2027-01-21,MDN01,INACTIVE
16459,1235,Savings,90139764,2027-10-13,SBY01,INACTIVE
16460,7032,Savings,160546130,2026-04-29,SMG01,INACTIVE
16461,8225,Savings,11700113,2027-12-21,MDN01,ACTIVE
16462,2595,Savings,10776131,2028-02-16,JKT02,INACTIVE
16463,9382,Time Deposit,607698129,2026-07-30,SBY01,ACTIVE
16464,1019,Savings,32552708,2026-11-06,JKT02,INACTIVE
16465,1841,Savings,12562774,2027-06-04,SBY01,INACTIVE
16466,8528,Time Deposit,780657600,2026-05-04,MDN01,ACTIVE
16467,3331,Savings,27941899,2026-08-03,JKT01,INACTIVE
16468,6274,Savings,22634592,2027-07-12,YGY01,INACTIVE
16469,9876,Time Deposit,1783984199,2027-02-07,SBY01,INACTIVE
16470,4823,Time Deposit,911109629,2026-08-28,JKT01,ACTIVE
16471,7147,Savings,112375661,2026-07-16,BDG01,INACTIVE
16472,4444,Savings,15547737,2028-02-16,JKT01,ACTIVE
16473,3328,Savings,27637635,2027-01-30,MDN01,ACTIVE
16474,1567,Time Deposit,878394541,2026-10-30,BDG01,ACTIVE
16475,44,Savings,37773847,2026-07-29,SBY01,INACTIVE
16476,4050,Savings,10228932,2026-04-18,JKT01,INACTIVE
16477,5888,Savings,134350076,2027-01-23,BDG01,ACTIVE
16478,8856,Savings,123477066,2028-01-03,YGY01,INACTIVE
16479,3990,Time Deposit,1285032799,2026-10-17,JKT02,INACTIVE
16480,6084,Savings,89730348,2027-01-31,YGY01,INACTIVE
16481,5702,Time Deposit,304733240,2027-03-08,SBY01,ACTIVE
16482,2182,Time Deposit,387308645,2026-09-30,JKT02,INACTIVE
16483,3523,Savings,10523618,2027-12-23,SMG01,ACTIVE
16484,7095,Time Deposit,1310748440,2026-10-14,MDN01,ACTIVE
16485,7593,Time Deposit,379266914,2027-02-18,SMG01,ACTIVE
16486,563,Time Deposit,1645679890,2026-09-12,SMG01,INACTIVE
16487,6805,Time Deposit,855018300,2026-09-27,YGY01,INACTIVE
16488,1878,Time Deposit,778627887,2026-11-16,JKT01,ACTIVE
16489,306,Time Deposit,569667986,2026-12-20,YGY01,INACTIVE
16490,7252,Time Deposit,174544985,2026-07-13,SBY01,INACTIVE
16491,8229,Time Deposit,761509585,2026-12-16,JKT02,INACTIVE
16492,771,Time Deposit,1157932866,2026-11-23,SBY01,INACTIVE
16493,8441,Time Deposit,299453864,2026-11-28,JKT01,ACTIVE
16494,570,Time Deposit,719481300,2026-10-01,MDN01,INACTIVE
16495,4751,Time Deposit,214814968,2026-08-02,YGY01,INACTIVE
16496,9368,Savings,29761391,2027-04-06,SBY01,INACTIVE
16497,1204,Savings,15240546,2027-08-21,SBY01,ACTIVE
16498,784,Savings,24324033,2027-04-01,SMG01,ACTIVE
16499,4821,Time Deposit,1292070723,2027-01-17,MDN01,INACTIVE
16500,1363,Savings,117268127,2027-07-15,BDG01,INACTIVE
16501,8494,Time Deposit,621559845,2026-04-30,BDG01,INACTIVE
16502,3986,Savings,28671978,2027-03-03,JKT01,ACTIVE
16503,3627,Savings,75396303,2027-08-14,BDG01,INACTIVE
16504,5199,Savings,173820559,2027-01-20,YGY01,ACTIVE
16505,3421,Time Deposit,876515615,2026-09-02,SBY01,ACTIVE
16506,3817,Time Deposit,283288216,2026-09-21,YGY01,ACTIVE
16507,6958,Savings,16342804,2027-09-27,SMG01,INACTIVE
16508,9238,Time Deposit,464848942,2026-12-17,SMG01,INACTIVE
16509,8986,Savings,29750623,2027-03-11,JKT02,INACTIVE
16510,6841,Savings,54224857,2026-07-26,MDN01,INACTIVE
16511,1756,Time Deposit,928595794,2026-10-26,SMG01,INACTIVE
16512,8447,Time Deposit,750345549,2027-03-10,JKT01,INACTIVE
16513,6409,Time Deposit,193921329,2026-11-27,YGY01,INACTIVE
16514,9845,Time Deposit,532749498,2026-07-11,SBY01,ACTIVE
16515,2581,Time Deposit,828075661,2026-07-23,MDN01,ACTIVE
16516,7349,Savings,30572472,2026-08-25,SMG01,INACTIVE
16517,6658,Savings,26087682,2027-10-25,SBY01,INACTIVE
16518,4062,Savings,33611058,2028-01-12,SMG01,ACTIVE
16519,1077,Savings,27539082,2027-01-25,JKT02,INACTIVE
16520,7440,Savings,32454432,2026-10-21,SMG01,INACTIVE
16521,5862,Savings,192575938,2027-04-29,SMG01,INACTIVE
16522,9471,Savings,30891648,2026-12-03,JKT02,ACTIVE
16523,7746,Savings,47849843,2027-08-18,JKT02,INACTIVE
16524,378,Savings,34142225,2027-07-31,SMG01,INACTIVE
16525,7106,Time Deposit,892349262,2027-01-02,YGY01,ACTIVE
16526,1798,Savings,14126451,2027-11-18,MDN01,INACTIVE
16527,1040,Time Deposit,514168895,2026-04-23,JKT02,INACTIVE
16528,5219,Time Deposit,1095568080,2026-10-26,BDG01,INACTIVE
16529,3475,Savings,16994800,2027-12-18,JKT01,INACTIVE
16530,404,Time Deposit,191185142,2026-10-29,BDG01,ACTIVE
16531,4019,Time Deposit,727344317,2027-01-19,MDN01,ACTIVE
16532,5505,Savings,64709628,2027-04-15,SBY01,INACTIVE
16533,7761,Time Deposit,670550528,2026-11-15,MDN01,INACTIVE
16534,6341,Savings,18754555,2027-09-30,SBY01,INACTIVE
16535,563,Time Deposit,936516171,2027-02-10,JKT01,INACTIVE
16536,4381,Time Deposit,727349834,2026-10-06,MDN01,INACTIVE
16537,7265,Time Deposit,142100426,2027-01-20,SBY01,INACTIVE
16538,9331,Time Deposit,839685253,2026-08-20,YGY01,INACTIVE
16539,3176,Savings,147666173,2026-06-12,MDN01,INACTIVE
16540,7129,Savings,31102062,2027-09-08,BDG01,INACTIVE
16541,6323,Savings,19752733,2026-10-31,BDG01,INACTIVE
16542,6841,Savings,88518553,2027-07-26,SMG01,INACTIVE
16543,3775,Savings,48809955,2027-09-05,MDN01,ACTIVE
16544,5462,Time Deposit,877248261,2027-01-26,JKT01,INACTIVE
16545,189,Savings,102876519,2027-02-10,SMG01,INACTIVE
16546,2282,Savings,57203657,2027-01-22,YGY01,INACTIVE
16547,7980,Savings,101320353,2027-11-15,MDN01,INACTIVE
16548,7078,Savings,17032994,2026-09-04,BDG01,INACTIVE
16549,1903,Time Deposit,1197200726,2027-01-31,SBY01,ACTIVE
16550,5608,Time Deposit,255162542,2026-05-28,BDG01,INACTIVE
16551,9488,Savings,49270280,2027-02-26,BDG01,INACTIVE
16552,7025,Time Deposit,314570056,2026-07-13,BDG01,INACTIVE
16553,7958,Savings,7475516,2026-08-17,JKT02,ACTIVE
16554,6743,Savings,20724088,2028-01-22,SBY01,INACTIVE
16555,5926,Savings,33043766,2027-02-02,YGY01,INACTIVE
16556,9065,Time Deposit,1198990104,2026-10-09,JKT01,INACTIVE
16557,4884,Time Deposit,1882947503,2026-05-24,JKT02,INACTIVE
16558,9111,Savings,145531491,2027-11-01,JKT01,INACTIVE
16559,1124,Savings,13874377,2027-12-08,MDN01,INACTIVE
16560,3336,Savings,56495277,2026-09-13,MDN01,INACTIVE
16561,9840,Savings,26552943,2027-12-05,MDN01,INACTIVE
16562,6815,Savings,31358290,2027-12-28,JKT02,INACTIVE
16563,6989,Savings,74796996,2027-08-08,BDG01,INACTIVE
16564,9050,Time Deposit,1250917279,2026-11-13,BDG01,INACTIVE
16565,8119,Time Deposit,359927733,2027-01-16,BDG01,ACTIVE
16566,1130,Savings,17756741,2028-01-04,YGY01,INACTIVE
16567,9397,Savings,21801121,2027-04-05,JKT01,INACTIVE
16568,1892,Savings,91001675,2027-04-08,MDN01,INACTIVE
16569,1122,Savings,28655681,2027-05-23,JKT01,INACTIVE
16570,1975,Savings,17865892,2028-02-12,YGY01,INACTIVE
16571,4527,Time Deposit,630819009,2026-08-12,SBY01,ACTIVE
16572,9097,Savings,6826458,2027-09-13,JKT01,ACTIVE
16573,9103,Savings,26962337,2027-11-21,JKT01,INACTIVE
16574,6066,Time Deposit,624143589,2026-11-16,YGY01,ACTIVE
16575,8065,Savings,13718615,2027-06-14,MDN01,INACTIVE
16576,8332,Time Deposit,529724168,2026-06-28,SMG01,ACTIVE
16577,4112,Savings,15018727,2027-11-14,MDN01,INACTIVE
16578,6492,Time Deposit,995474538,2026-04-10,BDG01,INACTIVE
16579,7594,Savings,11357690,2027-08-09,JKT02,INACTIVE
16580,9207,Time Deposit,1024479028,2026-10-21,BDG01,ACTIVE
16581,5815,Savings,92971160,2027-05-25,YGY01,INACTIVE
16582,9762,Savings,39235247,2027-10-17,MDN01,INACTIVE
16583,4417,Savings,13489181,2027-09-10,SMG01,INACTIVE
16584,8907,Time Deposit,307460938,2026-04-26,JKT02,INACTIVE
16585,4344,Time Deposit,1193214651,2026-12-14,SBY01,INACTIVE
16586,2634,Savings,14759324,2027-08-27,JKT02,INACTIVE
16587,2241,Savings,15924782,2026-12-29,JKT01,ACTIVE
16588,7439,Savings,12167649,2027-04-02,SBY01,ACTIVE
16589,6983,Time Deposit,418406712,2026-12-16,SBY01,INACTIVE
16590,1058,Savings,11916715,2026-07-21,JKT01,INACTIVE
16591,9630,Savings,26581519,2026-07-08,SBY01,INACTIVE
16592,8101,Time Deposit,828096759,2026-12-11,JKT02,INACTIVE
16593,9505,Savings,44695380,2028-02-01,SBY01,INACTIVE
16594,9206,Savings,12741175,2027-09-23,JKT02,INACTIVE
16595,1461,Savings,93965654,2027-01-13,MDN01,INACTIVE
16596,1012,Savings,88626631,2027-03-30,SMG01,INACTIVE
16597,3635,Savings,82023482,2027-06-03,BDG01,INACTIVE
16598,8592,Savings,208954499,2027-12-17,JKT02,INACTIVE
16599,813,Savings,24768852,2028-03-05,BDG01,ACTIVE
16600,5037,Time Deposit,243366516,2026-05-08,JKT01,INACTIVE
16601,2211,Savings,73851265,2028-02-11,SMG01,INACTIVE
16602,9726,Time Deposit,193669854,2026-09-15,YGY01,INACTIVE
16603,1051,Time Deposit,1116043425,2026-09-20,JKT02,INACTIVE
16604,6917,Savings,33636228,2026-11-14,MDN01,INACTIVE
16605,4911,Savings,43791298,2027-05-18,SMG01,INACTIVE
16606,6071,Savings,40874258,2026-05-20,YGY01,ACTIVE
16607,5648,Time Deposit,901146232,2027-02-10,SBY01,ACTIVE
16608,6093,Time Deposit,1740819823,2026-11-30,SMG01,INACTIVE
16609,2245,Savings,37991336,2026-12-19,SMG01,INACTIVE
16610,7319,Time Deposit,204068619,2026-10-31,MDN01,INACTIVE
16611,4685,Savings,36457683,2028-01-02,JKT01,ACTIVE
16612,3380,Savings,30307938,2027-06-09,MDN01,INACTIVE
16613,67,Savings,242345484,2026-09-22,SBY01,INACTIVE
16614,9428,Savings,102044606,2028-01-10,SBY01,ACTIVE
16615,7021,Time Deposit,603347302,2026-08-22,SMG01,INACTIVE
16616,8653,Time Deposit,1096701758,2026-04-29,MDN01,INACTIVE
16617,6690,Time Deposit,254648472,2026-12-01,BDG01,INACTIVE
16618,1799,Savings,68838852,2026-05-14,YGY01,INACTIVE
16619,1014,Savings,28748139,2027-11-19,SMG01,INACTIVE
16620,5341,Savings,43598305,2026-11-24,SMG01,INACTIVE
16621,6833,Savings,20576700,2026-11-26,SMG01,ACTIVE
16622,1138,Savings,82950585,2027-06-30,SMG01,INACTIVE
16623,944,Time Deposit,1142280671,2026-04-24,JKT01,INACTIVE
16624,7625,Savings,30892898,2026-05-06,BDG01,INACTIVE
16625,2102,Time Deposit,1490162080,2026-12-04,JKT02,INACTIVE
16626,2085,Savings,46578750,2027-07-24,YGY01,INACTIVE
16627,6767,Time Deposit,451778597,2026-06-19,MDN01,INACTIVE
16628,2961,Savings,43673960,2028-03-08,YGY01,INACTIVE
16629,5550,Savings,24110528,2027-12-11,SMG01,INACTIVE
16630,1774,Time Deposit,725449640,2026-05-27,SMG01,ACTIVE
16631,1663,Time Deposit,858859367,2027-03-15,YGY01,INACTIVE
16632,8316,Time Deposit,653810595,2027-02-19,BDG01,INACTIVE
16633,1233,Time Deposit,634365688,2026-05-21,JKT01,INACTIVE
16634,3936,Savings,63600711,2026-05-21,YGY01,INACTIVE
16635,1286,Savings,27143648,2026-10-13,BDG01,INACTIVE
16636,9888,Savings,69047477,2027-06-26,JKT02,INACTIVE
16637,8169,Savings,61260699,2027-04-03,SBY01,INACTIVE
16638,1219,Savings,47169327,2026-11-11,JKT01,ACTIVE
16639,1006,Savings,60075301,2027-04-28,SMG01,ACTIVE
16640,1021,Time Deposit,871563387,2026-07-28,SMG01,INACTIVE
16641,875,Savings,25952045,2026-07-28,YGY01,ACTIVE
16642,8309,Time Deposit,346129846,2026-11-03,JKT01,INACTIVE
16643,5326,Time Deposit,987205370,2026-06-16,MDN01,ACTIVE
16644,7012,Time Deposit,1041111610,2026-05-11,SMG01,INACTIVE
16645,7857,Time Deposit,269755951,2026-08-28,SMG01,INACTIVE
16646,3424,Time Deposit,357502374,2026-07-15,JKT01,INACTIVE
16647,512,Savings,78598196,2027-05-16,BDG01,INACTIVE
16648,8867,Savings,14789981,2027-05-04,JKT02,INACTIVE
16649,2977,Savings,28981553,2027-01-30,JKT01,INACTIVE
16650,9036,Savings,37349711,2027-10-13,SMG01,INACTIVE
16651,6545,Savings,49301333,2027-08-09,SMG01,INACTIVE
16652,5142,Savings,10633010,2027-11-13,BDG01,INACTIVE
16653,4347,Savings,6753332,2028-02-27,YGY01,ACTIVE
16654,7110,Savings,17975417,2026-11-25,MDN01,INACTIVE
16655,5922,Savings,22239412,2027-03-02,MDN01,ACTIVE
16656,6415,Savings,8974233,2027-08-18,BDG01,ACTIVE
16657,7356,Time Deposit,1065634097,2027-01-20,BDG01,INACTIVE
16658,6154,Savings,17363564,2026-06-19,BDG01,ACTIVE
16659,2310,Savings,26990087,2026-06-18,SMG01,INACTIVE
16660,1543,Time Deposit,298352341,2026-06-28,YGY01,INACTIVE
16661,6226,Savings,8744571,2028-01-02,JKT02,INACTIVE
16662,3272,Savings,44399559,2026-04-29,MDN01,ACTIVE
16663,6592,Savings,161285459,2027-12-24,MDN01,INACTIVE
16664,5165,Savings,38723722,2027-01-28,JKT02,INACTIVE
16665,43,Savings,10641186,2027-11-08,BDG01,INACTIVE
16666,9292,Savings,6372274,2026-08-04,BDG01,INACTIVE
16667,4574,Time Deposit,1649108955,2026-05-31,SBY01,ACTIVE
16668,7919,Savings,15545535,2026-05-31,MDN01,INACTIVE
16669,7083,Savings,17641254,2026-12-24,MDN01,INACTIVE
16670,231,Savings,94435129,2026-10-19,BDG01,ACTIVE
16671,6556,Time Deposit,235095806,2027-03-10,SBY01,INACTIVE
16672,2808,Time Deposit,519908662,2026-08-04,SBY01,INACTIVE
16673,9687,Time Deposit,633137431,2026-06-23,JKT01,INACTIVE
16674,2763,Savings,53694814,2026-05-03,MDN01,INACTIVE
16675,1511,Savings,62853006,2026-05-01,BDG01,ACTIVE
16676,7601,Time Deposit,933395732,2026-07-21,BDG01,INACTIVE
16677,4485,Time Deposit,116962318,2026-06-28,JKT02,INACTIVE
16678,2925,Time Deposit,785761023,2026-07-25,SBY01,INACTIVE
16679,9868,Savings,38887683,2027-01-23,BDG01,INACTIVE
16680,1382,Time Deposit,596735893,2026-08-16,BDG01,INACTIVE
16681,2691,Savings,7128165,2026-11-28,YGY01,INACTIVE
16682,5014,Time Deposit,1566286632,2026-05-12,MDN01,INACTIVE
16683,7711,Time Deposit,1471227370,2026-10-02,JKT02,ACTIVE
16684,8438,Time Deposit,1405757591,2026-12-26,YGY01,INACTIVE
16685,806,Time Deposit,969733262,2026-09-17,YGY01,INACTIVE
16686,9554,Time Deposit,976192162,2026-12-28,JKT01,INACTIVE
16687,309,Savings,38218564,2027-03-23,JKT01,ACTIVE
16688,1319,Savings,25518140,2026-12-06,SBY01,INACTIVE
16689,2714,Savings,20994217,2027-02-22,BDG01,INACTIVE
16690,4796,Time Deposit,1448911750,2027-02-25,SMG01,ACTIVE
16691,6544,Time Deposit,811453243,2027-02-20,MDN01,INACTIVE
16692,380,Savings,14150785,2027-07-30,BDG01,INACTIVE
16693,7405,Savings,34097651,2027-09-17,MDN01,INACTIVE
16694,9752,Time Deposit,1091929589,2026-09-20,JKT01,ACTIVE
16695,7927,Time Deposit,1319603329,2026-07-13,JKT01,INACTIVE
16696,5617,Savings,41161106,2027-03-20,BDG01,INACTIVE
16697,4491,Savings,8440724,2027-11-10,BDG01,INACTIVE
16698,2099,Savings,27317785,2026-12-05,YGY01,ACTIVE
16699,7786,Time Deposit,303992715,2026-08-07,JKT01,INACTIVE
16700,8005,Savings,133694798,2027-09-27,JKT01,INACTIVE
16701,6198,Savings,10956663,2028-01-25,BDG01,INACTIVE
16702,8513,Time Deposit,1152506847,2026-11-17,SMG01,INACTIVE
16703,8611,Time Deposit,369498493,2026-05-01,JKT02,INACTIVE
16704,2211,Savings,70340716,2026-08-30,JKT02,INACTIVE
16705,826,Savings,10023883,2027-09-16,BDG01,INACTIVE
16706,842,Time Deposit,1279748751,2026-10-26,JKT01,INACTIVE
16707,1205,Savings,21307140,2026-09-08,JKT01,INACTIVE
16708,1044,Savings,30371685,2026-12-02,JKT01,INACTIVE
16709,2598,Savings,17046191,2028-02-29,JKT02,INACTIVE
16710,2030,Savings,37673138,2027-05-17,MDN01,ACTIVE
16711,7448,Savings,47559133,2026-06-12,YGY01,INACTIVE
16712,5319,Savings,6195836,2027-05-03,BDG01,INACTIVE
16713,9967,Savings,20774606,2028-02-11,YGY01,INACTIVE
16714,4732,Savings,14982752,2028-02-01,MDN01,INACTIVE
16715,2308,Savings,11164109,2026-08-16,MDN01,ACTIVE
16716,6485,Time Deposit,499374376,2026-09-09,MDN01,INACTIVE
16717,5867,Time Deposit,324656870,2027-02-18,JKT01,ACTIVE
16718,3730,Savings,127253243,2026-11-07,YGY01,INACTIVE
16719,7410,Savings,22239306,2027-06-01,JKT02,INACTIVE
16720,2970,Savings,26039000,2026-09-24,JKT02,INACTIVE
16721,236,Time Deposit,695734403,2026-08-18,JKT02,INACTIVE
16722,1069,Savings,37884486,2027-01-22,BDG01,ACTIVE
16723,260,Time Deposit,1365235750,2026-05-17,JKT02,INACTIVE
16724,5817,Savings,19677376,2027-02-09,BDG01,INACTIVE
16725,802,Savings,45107941,2027-10-21,SMG01,INACTIVE
16726,9451,Time Deposit,1247295777,2027-02-01,MDN01,ACTIVE
16727,4839,Savings,9822600,2027-01-06,BDG01,INACTIVE
16728,2318,Savings,39102067,2027-04-22,SMG01,INACTIVE
16729,1718,Savings,13941160,2027-11-09,JKT02,INACTIVE
16730,7984,Savings,28271456,2026-07-16,SMG01,INACTIVE
16731,3483,Savings,18503732,2026-12-02,JKT01,INACTIVE
16732,3496,Savings,61754738,2027-02-01,JKT01,INACTIVE
16733,4012,Time Deposit,293365211,2026-05-23,MDN01,ACTIVE
16734,3010,Savings,5684204,2026-12-24,BDG01,ACTIVE
16735,8940,Time Deposit,61956106,2026-05-03,MDN01,INACTIVE
16736,2165,Time Deposit,383748821,2026-06-19,JKT02,INACTIVE
16737,2563,Time Deposit,568142447,2026-12-18,MDN01,INACTIVE
16738,8618,Time Deposit,870190094,2026-04-12,BDG01,ACTIVE
16739,2846,Savings,16851988,2027-12-01,BDG01,INACTIVE
16740,6291,Time Deposit,1468151581,2027-02-05,JKT02,INACTIVE
16741,5067,Time Deposit,241193970,2026-11-28,YGY01,INACTIVE
16742,9154,Savings,3395451,2028-02-27,YGY01,INACTIVE
16743,4564,Savings,21498996,2026-04-27,YGY01,INACTIVE
16744,5641,Time Deposit,291261998,2026-11-10,YGY01,ACTIVE
16745,4069,Savings,26645882,2027-09-17,SMG01,INACTIVE
16746,1829,Savings,3549272,2027-12-24,JKT01,ACTIVE
16747,9499,Savings,30694827,2027-06-12,YGY01,INACTIVE
16748,8393,Savings,126794611,2026-09-28,SBY01,ACTIVE
16749,1996,Savings,24799825,2027-01-06,SBY01,INACTIVE
16750,8009,Savings,21720106,2027-01-18,BDG01,ACTIVE
16751,8705,Time Deposit,1172173019,2026-12-24,JKT01,INACTIVE
16752,8161,Time Deposit,268999849,2026-04-25,BDG01,ACTIVE
16753,8355,Savings,100209544,2026-07-11,YGY01,INACTIVE
16754,6049,Time Deposit,1529172582,2026-10-07,BDG01,INACTIVE
16755,6445,Time Deposit,1137986231,2026-12-04,JKT01,INACTIVE
16756,502,Time Deposit,968886263,2026-04-30,JKT01,ACTIVE
16757,5151,Time Deposit,1200526956,2027-03-10,SBY01,ACTIVE
16758,3839,Savings,31326539,2027-10-26,SBY01,ACTIVE
16759,9807,Savings,43245006,2027-12-29,SBY01,ACTIVE
16760,4022,Time Deposit,1488639834,2027-03-06,JKT02,INACTIVE
16761,7978,Savings,41846726,2026-06-23,SMG01,INACTIVE
16762,9906,Time Deposit,1071693085,2026-09-03,SBY01,ACTIVE
16763,2204,Savings,5242560,2027-01-08,MDN01,INACTIVE
16764,4156,Time Deposit,548268131,2027-01-21,SMG01,INACTIVE
16765,8597,Time Deposit,584551569,2026-05-06,BDG01,INACTIVE
16766,9567,Savings,31413435,2026-10-04,JKT01,INACTIVE
16767,1044,Savings,44030510,2026-08-05,YGY01,ACTIVE
16768,6116,Savings,46211825,2027-05-05,SMG01,INACTIVE
16769,7157,Time Deposit,1105488741,2026-11-29,MDN01,ACTIVE
16770,9099,Savings,51915778,2027-09-24,MDN01,INACTIVE
16771,9034,Time Deposit,1337151974,2026-09-03,MDN01,ACTIVE
16772,9151,Savings,49266666,2027-02-18,YGY01,INACTIVE
16773,5912,Savings,14659619,2027-02-04,SBY01,INACTIVE
16774,5191,Time Deposit,453114111,2026-11-11,SBY01,INACTIVE
16775,6220,Time Deposit,307540308,2026-10-09,SBY01,INACTIVE
16776,6818,Savings,148228449,2027-07-01,YGY01,ACTIVE
16777,6872,Savings,131303119,2026-06-13,JKT02,ACTIVE
16778,7998,Time Deposit,237124061,2026-04-24,SBY01,INACTIVE
16779,9098,Savings,18869900,2027-07-27,SMG01,INACTIVE
16780,2577,Savings,5247762,2027-09-25,JKT02,INACTIVE
16781,305,Savings,20383633,2027-10-13,YGY01,INACTIVE
16782,8724,Time Deposit,882363800,2026-05-13,JKT02,INACTIVE
16783,1634,Savings,10496628,2027-06-25,JKT01,INACTIVE
16784,4098,Time Deposit,914484137,2027-02-15,MDN01,ACTIVE
16785,636,Savings,103783974,2027-03-28,YGY01,INACTIVE
16786,5145,Time Deposit,543935052,2026-12-30,SMG01,INACTIVE
16787,7690,Savings,121392009,2026-11-19,SMG01,INACTIVE
16788,120,Savings,29975471,2026-11-06,JKT01,INACTIVE
16789,9252,Time Deposit,982483600,2026-10-21,SMG01,INACTIVE
16790,9269,Savings,11064346,2028-01-23,JKT01,ACTIVE
16791,189,Time Deposit,1062182048,2026-09-08,MDN01,INACTIVE
16792,4668,Savings,16691583,2026-11-14,JKT01,INACTIVE
16793,9212,Savings,6639913,2027-10-02,SBY01,INACTIVE
16794,8123,Savings,30748281,2027-05-07,JKT01,ACTIVE
16795,1168,Time Deposit,212164337,2026-04-20,MDN01,INACTIVE
16796,8343,Savings,11761056,2027-03-11,JKT01,INACTIVE
16797,424,Savings,40067113,2028-02-22,BDG01,INACTIVE
16798,9034,Savings,119522577,2026-06-26,BDG01,INACTIVE
16799,5065,Savings,34260919,2026-12-29,JKT01,INACTIVE
16800,5109,Time Deposit,457695989,2027-03-09,BDG01,INACTIVE
16801,126,Savings,5951465,2027-10-27,JKT01,INACTIVE
16802,6702,Savings,136855852,2027-04-01,MDN01,INACTIVE
16803,872,Savings,11791143,2027-11-15,YGY01,INACTIVE
16804,8192,Time Deposit,1794583059,2026-07-22,SBY01,INACTIVE
16805,4833,Time Deposit,714521046,2026-09-10,YGY01,ACTIVE
16806,7755,Savings,17254500,2026-12-17,JKT01,INACTIVE
16807,9679,Time Deposit,942817854,2026-07-08,JKT01,ACTIVE
16808,857,Savings,35932409,2026-08-05,SBY01,INACTIVE
16809,6850,Savings,59562701,2026-08-22,MDN01,ACTIVE
16810,8750,Savings,42926668,2027-03-10,YGY01,INACTIVE
16811,806,Savings,71134851,2026-10-28,JKT02,INACTIVE
16812,7993,Savings,23799171,2026-04-24,SMG01,ACTIVE
16813,1962,Savings,116422841,2028-01-18,JKT02,INACTIVE
16814,5084,Time Deposit,116523071,2026-07-20,SMG01,INACTIVE
16815,2115,Time Deposit,308407644,2026-05-03,JKT01,INACTIVE
16816,4519,Time Deposit,1617961011,2026-12-24,YGY01,INACTIVE
16817,6792,Time Deposit,1759363039,2026-12-06,SBY01,INACTIVE
16818,8222,Time Deposit,438116349,2026-10-14,JKT02,INACTIVE
16819,6516,Savings,5461246,2026-07-06,JKT01,INACTIVE
16820,8626,Time Deposit,1094803360,2027-01-03,YGY01,INACTIVE
16821,3720,Time Deposit,822248643,2027-03-07,JKT02,INACTIVE
16822,1508,Savings,136342962,2026-05-28,JKT02,INACTIVE
16823,3071,Savings,115816569,2027-09-15,JKT01,INACTIVE
16824,8486,Savings,137538911,2027-01-03,YGY01,INACTIVE
16825,3708,Savings,49623540,2026-10-05,SMG01,INACTIVE
16826,77,Time Deposit,418633770,2027-01-31,JKT01,INACTIVE
16827,638,Time Deposit,537015430,2027-01-07,JKT01,INACTIVE
16828,4906,Savings,11965677,2028-01-19,BDG01,INACTIVE
16829,3169,Time Deposit,169095750,2026-10-23,YGY01,INACTIVE
16830,5532,Time Deposit,648110156,2026-12-17,JKT01,INACTIVE
16831,3109,Savings,84081186,2028-01-26,BDG01,ACTIVE
16832,5279,Savings,87143751,2027-12-17,SBY01,INACTIVE
16833,6310,Savings,18321831,2027-12-23,YGY01,INACTIVE
16834,9202,Savings,6453885,2027-12-19,SMG01,INACTIVE
16835,8848,Time Deposit,703079058,2026-04-02,BDG01,INACTIVE
16836,6808,Savings,25767313,2026-11-04,SBY01,ACTIVE
16837,8830,Time Deposit,1071114580,2026-06-18,YGY01,INACTIVE
16838,6805,Time Deposit,1556436216,2026-11-16,YGY01,INACTIVE
16839,8026,Savings,28299379,2026-11-16,SBY01,INACTIVE
16840,7405,Time Deposit,836738766,2027-03-04,SMG01,INACTIVE
16841,3120,Savings,42370506,2028-02-10,MDN01,ACTIVE
16842,4516,Time Deposit,873362273,2027-02-20,JKT01,INACTIVE
16843,2505,Time Deposit,926675598,2026-11-07,BDG01,INACTIVE
16844,3082,Time Deposit,948617743,2027-02-26,SBY01,INACTIVE
16845,3702,Savings,37521119,2026-11-28,YGY01,INACTIVE
16846,1845,Time Deposit,947607349,2027-02-22,JKT02,INACTIVE
16847,5010,Time Deposit,893980071,2026-05-10,BDG01,INACTIVE
16848,6069,Time Deposit,624483075,2026-05-15,SBY01,INACTIVE
16849,6074,Time Deposit,446215410,2027-03-12,SMG01,INACTIVE
16850,5157,Time Deposit,1863573223,2026-12-04,MDN01,INACTIVE
16851,8689,Savings,18531134,2027-06-11,JKT02,INACTIVE
16852,9082,Savings,24037367,2027-05-18,YGY01,INACTIVE
16853,8164,Savings,81723058,2027-03-08,MDN01,ACTIVE
16854,9072,Time Deposit,721917730,2026-08-19,YGY01,ACTIVE
16855,6076,Time Deposit,414334346,2027-03-12,JKT02,ACTIVE
16856,787,Savings,37369698,2028-02-20,JKT01,INACTIVE
16857,7873,Savings,35702675,2027-08-23,JKT01,INACTIVE
16858,6701,Time Deposit,740086396,2026-04-11,SMG01,INACTIVE
16859,7040,Time Deposit,257452092,2026-09-23,JKT01,INACTIVE
16860,2873,Savings,82466128,2027-03-09,JKT01,INACTIVE
16861,3061,Savings,23615183,2026-10-12,MDN01,ACTIVE
16862,5747,Time Deposit,1224361050,2026-11-01,JKT01,INACTIVE
16863,4087,Savings,18126692,2026-09-20,YGY01,INACTIVE
16864,1657,Time Deposit,750139451,2027-02-26,JKT01,INACTIVE
16865,585,Time Deposit,844241641,2026-09-19,MDN01,INACTIVE
16866,5065,Time Deposit,396948070,2026-06-02,SBY01,ACTIVE
16867,556,Savings,78774078,2026-12-14,JKT02,INACTIVE
16868,7049,Savings,204569204,2027-05-14,YGY01,INACTIVE
16869,8767,Savings,40401314,2026-11-15,BDG01,INACTIVE
16870,1391,Savings,104632890,2026-08-17,JKT01,INACTIVE
16871,9368,Time Deposit,472919369,2026-08-16,SMG01,INACTIVE
16872,5453,Time Deposit,971838437,2026-10-15,JKT01,INACTIVE
16873,1804,Savings,9871240,2027-06-02,YGY01,INACTIVE
16874,1920,Time Deposit,435161746,2027-02-02,JKT02,ACTIVE
16875,3888,Savings,46210282,2027-12-28,SMG01,INACTIVE
16876,3339,Time Deposit,606980649,2026-04-24,BDG01,ACTIVE
16877,4257,Savings,63616548,2027-02-18,JKT01,INACTIVE
16878,6322,Savings,60200793,2026-09-30,SMG01,INACTIVE
16879,6919,Savings,115454094,2026-09-18,BDG01,INACTIVE
16880,496,Time Deposit,457962570,2027-02-23,JKT01,INACTIVE
16881,6146,Time Deposit,726601980,2026-07-22,SMG01,ACTIVE
16882,5748,Savings,57946243,2027-09-18,BDG01,ACTIVE
16883,9730,Time Deposit,331314700,2026-06-18,YGY01,INACTIVE
16884,6501,Time Deposit,297098885,2026-05-06,SMG01,INACTIVE
16885,9531,Savings,21854940,2026-06-24,SBY01,ACTIVE
16886,5790,Time Deposit,1164191964,2026-06-26,SBY01,INACTIVE
16887,7391,Savings,17535831,2028-03-01,SMG01,INACTIVE
16888,363,Savings,25961863,2026-10-04,YGY01,INACTIVE
16889,8022,Time Deposit,197745589,2026-11-17,SBY01,INACTIVE
16890,7123,Savings,75595060,2026-12-19,YGY01,INACTIVE
16891,232,Time Deposit,1118144397,2026-10-01,SBY01,INACTIVE
16892,1792,Time Deposit,845161581,2026-08-21,MDN01,INACTIVE
16893,7766,Savings,4895878,2026-07-25,SBY01,INACTIVE
16894,1773,Savings,12339978,2027-09-21,JKT01,INACTIVE
16895,3141,Savings,19303085,2026-06-05,JKT02,ACTIVE
16896,1763,Time Deposit,472465591,2026-04-25,SMG01,ACTIVE
16897,9825,Savings,45688499,2026-04-18,BDG01,ACTIVE
16898,8871,Time Deposit,760188688,2026-09-18,BDG01,INACTIVE
16899,169,Savings,53409505,2027-12-17,JKT01,INACTIVE
16900,9772,Savings,38042293,2027-03-02,YGY01,INACTIVE
16901,9866,Savings,17432309,2027-08-23,MDN01,ACTIVE
16902,8823,Savings,13594263,2027-12-31,SBY01,INACTIVE
16903,317,Savings,30750855,2027-11-28,MDN01,INACTIVE
16904,7725,Savings,14459474,2027-11-06,SMG01,INACTIVE
16905,8723,Savings,36138387,2027-04-22,MDN01,ACTIVE
16906,4173,Time Deposit,785418215,2027-02-24,SMG01,INACTIVE
16907,5432,Savings,27709214,2027-01-04,JKT01,INACTIVE
16908,2412,Time Deposit,837184570,2026-08-29,YGY01,INACTIVE
16909,6006,Savings,155726914,2026-09-19,SMG01,INACTIVE
16910,1485,Savings,45491038,2028-01-22,MDN01,INACTIVE
16911,8296,Time Deposit,202461616,2026-11-17,JKT02,ACTIVE
16912,5222,Time Deposit,661223774,2026-08-09,JKT01,ACTIVE
16913,4704,Time Deposit,308550477,2026-09-23,YGY01,INACTIVE
16914,5508,Savings,215039769,2027-03-17,MDN01,INACTIVE
16915,5115,Time Deposit,87785553,2026-04-30,JKT01,ACTIVE
16916,68,Savings,27140281,2026-07-14,BDG01,INACTIVE
16917,2042,Savings,173957555,2027-04-11,MDN01,ACTIVE
16918,4452,Savings,27514181,2026-05-01,YGY01,INACTIVE
16919,2259,Savings,18189779,2026-04-28,SMG01,ACTIVE
16920,9210,Savings,143152718,2026-12-11,MDN01,ACTIVE
16921,4164,Time Deposit,974038610,2026-12-17,MDN01,INACTIVE
16922,8798,Time Deposit,714048695,2026-11-06,SMG01,INACTIVE
16923,3053,Time Deposit,340044180,2026-11-23,MDN01,INACTIVE
16924,4228,Savings,7065035,2027-08-26,JKT01,ACTIVE
16925,1080,Time Deposit,455154521,2026-12-11,JKT01,ACTIVE
16926,3830,Savings,93297458,2028-02-16,BDG01,INACTIVE
16927,5363,Time Deposit,273913025,2026-08-03,JKT02,ACTIVE
16928,1616,Time Deposit,918168886,2026-04-11,MDN01,INACTIVE
16929,9653,Time Deposit,943574400,2026-09-23,BDG01,INACTIVE
16930,4044,Time Deposit,1092799037,2026-07-20,YGY01,INACTIVE
16931,2948,Savings,39280598,2026-05-14,SMG01,INACTIVE
16932,2701,Savings,41845269,2026-05-21,SMG01,INACTIVE
16933,4946,Time Deposit,98392725,2026-04-18,SBY01,INACTIVE
16934,1929,Savings,218050415,2027-08-08,YGY01,INACTIVE
16935,83,Time Deposit,384955938,2027-01-27,YGY01,ACTIVE
16936,541,Time Deposit,186861676,2027-01-10,BDG01,ACTIVE
16937,8179,Time Deposit,482178023,2026-04-08,YGY01,ACTIVE
16938,3468,Time Deposit,954072918,2027-03-11,BDG01,ACTIVE
16939,9333,Savings,58317039,2027-04-13,BDG01,INACTIVE
16940,5037,Savings,11617913,2026-12-24,SBY01,INACTIVE
16941,8499,Savings,22850330,2027-09-26,YGY01,INACTIVE
16942,4823,Time Deposit,432347887,2026-06-09,SMG01,INACTIVE
16943,6639,Savings,27349265,2027-01-28,SBY01,ACTIVE
16944,8800,Savings,9147646,2026-12-05,JKT02,INACTIVE
16945,3096,Savings,22499035,2026-06-18,JKT01,INACTIVE
16946,6929,Time Deposit,554201876,2027-02-13,SBY01,INACTIVE
16947,9653,Savings,145620405,2026-05-08,YGY01,INACTIVE
16948,8443,Savings,11626204,2026-05-07,SMG01,INACTIVE
16949,2539,Time Deposit,263241330,2026-09-01,BDG01,INACTIVE
16950,1397,Savings,30780150,2026-08-10,MDN01,INACTIVE
16951,7132,Savings,20146416,2026-09-30,SMG01,INACTIVE
16952,2133,Savings,4056818,2026-06-30,BDG01,INACTIVE
16953,2962,Savings,87740839,2027-02-20,JKT02,INACTIVE
16954,2514,Time Deposit,1205484948,2026-06-23,SBY01,ACTIVE
16955,5637,Time Deposit,448366424,2026-12-18,BDG01,ACTIVE
16956,706,Time Deposit,722774241,2027-02-02,MDN01,ACTIVE
16957,9585,Savings,34945669,2026-11-05,MDN01,INACTIVE
16958,4835,Time Deposit,417296161,2026-09-09,JKT02,INACTIVE
16959,4860,Time Deposit,587894226,2026-08-29,SMG01,INACTIVE
16960,2006,Time Deposit,454515114,2027-02-18,SBY01,INACTIVE
16961,960,Savings,78509163,2027-07-07,MDN01,INACTIVE
16962,7263,Savings,191519577,2026-07-29,JKT01,INACTIVE
16963,1618,Time Deposit,641850765,2026-10-05,JKT01,INACTIVE
16964,8653,Time Deposit,1375965590,2026-09-10,MDN01,INACTIVE
16965,312,Time Deposit,631467703,2026-08-02,YGY01,INACTIVE
16966,2677,Savings,48099423,2027-10-31,SMG01,INACTIVE
16967,6431,Savings,14172434,2027-12-18,YGY01,ACTIVE
16968,3771,Savings,7393923,2027-08-10,SBY01,INACTIVE
16969,7597,Savings,8912133,2027-11-22,YGY01,INACTIVE
16970,8614,Savings,102681196,2027-08-23,BDG01,INACTIVE
16971,2099,Savings,67600323,2026-11-19,YGY01,ACTIVE
16972,6742,Time Deposit,386578813,2027-02-09,JKT01,INACTIVE
16973,6319,Time Deposit,335517338,2027-03-10,SBY01,INACTIVE
16974,2515,Savings,26281882,2026-05-01,BDG01,ACTIVE
16975,4103,Savings,42044668,2027-10-05,SBY01,INACTIVE
16976,110,Savings,17528907,2027-09-22,SMG01,INACTIVE
16977,4097,Savings,225302920,2026-09-20,JKT02,INACTIVE
16978,1265,Time Deposit,1136250552,2026-08-12,MDN01,INACTIVE
16979,9611,Savings,25425225,2027-05-28,JKT02,INACTIVE
16980,9424,Time Deposit,1261292407,2026-10-13,BDG01,INACTIVE
16981,8717,Time Deposit,356829176,2026-04-16,BDG01,ACTIVE
16982,5421,Savings,18197448,2026-12-15,YGY01,INACTIVE
16983,3090,Time Deposit,783027390,2026-10-21,SMG01,INACTIVE
16984,8325,Savings,128581437,2027-09-08,SMG01,ACTIVE
16985,3253,Time Deposit,700627081,2026-10-18,SMG01,ACTIVE
16986,4248,Savings,56950466,2028-02-05,JKT02,INACTIVE
16987,2140,Savings,30607680,2026-10-21,JKT02,INACTIVE
16988,4892,Time Deposit,913115522,2026-05-13,MDN01,INACTIVE
16989,7986,Time Deposit,573648404,2026-06-24,MDN01,INACTIVE
16990,2600,Savings,13992985,2027-11-04,BDG01,INACTIVE
16991,1828,Savings,19423427,2026-10-11,JKT02,INACTIVE
16992,4302,Time Deposit,505943315,2026-09-13,YGY01,INACTIVE
16993,9174,Savings,13373790,2026-11-02,SBY01,INACTIVE
16994,5324,Time Deposit,914727225,2026-07-03,MDN01,INACTIVE
16995,5871,Time Deposit,276100183,2026-07-23,JKT01,INACTIVE
16996,2049,Savings,48851294,2027-04-04,JKT02,INACTIVE
16997,6294,Savings,67911768,2027-12-19,YGY01,ACTIVE
16998,803,Time Deposit,530657350,2026-06-28,SMG01,ACTIVE
16999,671,Savings,13782259,2027-03-29,SMG01,INACTIVE
17000,3907,Savings,33962111,2027-05-22,SMG01,INACTIVE
17001,8922,Savings,22638590,2027-10-05,YGY01,INACTIVE
17002,1868,Savings,11122325,2028-03-05,SBY01,INACTIVE
17003,8345,Savings,19301357,2027-08-24,YGY01,INACTIVE
17004,3732,Time Deposit,870354915,2026-06-30,SBY01,ACTIVE
17005,2167,Savings,107155736,2026-12-22,YGY01,ACTIVE
17006,7525,Time Deposit,183289480,2026-11-11,BDG01,INACTIVE
17007,5751,Time Deposit,337254859,2026-08-26,JKT02,INACTIVE
17008,1414,Savings,13088811,2028-01-12,SMG01,INACTIVE
17009,3734,Savings,46408927,2028-01-31,SBY01,INACTIVE
17010,1116,Time Deposit,717909594,2026-10-06,JKT01,INACTIVE
17011,2098,Time Deposit,870375529,2026-06-25,MDN01,INACTIVE
17012,1022,Savings,98719545,2027-05-02,SBY01,ACTIVE
17013,4666,Savings,25128436,2026-07-27,BDG01,ACTIVE
17014,570,Time Deposit,1227355245,2026-11-22,SMG01,INACTIVE
17015,7874,Savings,32834536,2027-12-10,MDN01,ACTIVE
17016,8255,Savings,25437853,2027-01-23,BDG01,ACTIVE
17017,4908,Savings,3881770,2026-09-17,SMG01,INACTIVE
17018,9913,Time Deposit,1014334956,2026-05-11,JKT01,INACTIVE
17019,1385,Time Deposit,1246957916,2027-02-08,SMG01,INACTIVE
17020,1420,Savings,11436611,2028-03-09,SMG01,INACTIVE
17021,7690,Savings,69308574,2027-02-28,BDG01,INACTIVE
17022,2363,Time Deposit,575379746,2026-08-30,SBY01,ACTIVE
17023,6507,Savings,68140874,2026-12-05,SMG01,INACTIVE
17024,2282,Savings,107559351,2027-11-25,JKT02,INACTIVE
17025,4547,Time Deposit,619559781,2026-06-08,MDN01,INACTIVE
17026,3497,Time Deposit,266241328,2026-12-09,JKT01,ACTIVE
17027,4620,Time Deposit,661086907,2026-07-12,JKT02,INACTIVE
17028,7535,Savings,13985990,2026-06-01,JKT02,INACTIVE
17029,8784,Time Deposit,1347970296,2026-11-18,JKT02,INACTIVE
17030,8654,Savings,24120133,2026-04-29,JKT01,ACTIVE
17031,6070,Savings,222232433,2027-08-07,YGY01,INACTIVE
17032,5387,Savings,8088523,2027-04-30,YGY01,ACTIVE
17033,1549,Time Deposit,424544477,2026-04-02,BDG01,INACTIVE
17034,6490,Savings,18701719,2026-08-18,JKT02,INACTIVE
17035,4065,Time Deposit,1310454236,2026-10-08,MDN01,INACTIVE
17036,6680,Time Deposit,772534401,2026-04-30,SBY01,INACTIVE
17037,6244,Time Deposit,1583636949,2026-08-09,JKT01,INACTIVE
17038,5787,Time Deposit,932507850,2026-05-25,SMG01,INACTIVE
17039,8636,Time Deposit,580155954,2027-03-11,JKT02,INACTIVE
17040,4432,Savings,21050180,2026-12-06,MDN01,INACTIVE
17041,399,Savings,42231721,2026-04-23,YGY01,INACTIVE
17042,4717,Savings,33250366,2027-03-04,SMG01,INACTIVE
17043,3241,Time Deposit,992207128,2026-06-30,JKT01,INACTIVE
17044,2551,Savings,126369194,2027-04-14,MDN01,INACTIVE
17045,8113,Savings,34387604,2026-05-05,BDG01,INACTIVE
17046,9585,Time Deposit,893443478,2026-08-15,YGY01,INACTIVE
17047,8866,Savings,99667624,2027-08-28,YGY01,INACTIVE
17048,8999,Savings,35420734,2027-12-30,SBY01,INACTIVE
17049,4973,Savings,62132573,2026-07-19,JKT01,ACTIVE
17050,8427,Time Deposit,303447620,2026-11-26,SMG01,INACTIVE
17051,4979,Time Deposit,470878277,2026-04-07,JKT01,ACTIVE
17052,350,Savings,37152568,2027-04-30,SBY01,ACTIVE
17053,3829,Time Deposit,572117748,2026-10-02,YGY01,INACTIVE
17054,9031,Time Deposit,1075929714,2027-03-15,SBY01,ACTIVE
17055,7705,Time Deposit,283813938,2026-05-23,JKT01,INACTIVE
17056,5908,Savings,16712474,2026-04-28,YGY01,INACTIVE
17057,6020,Time Deposit,512931339,2026-06-18,MDN01,INACTIVE
17058,8274,Time Deposit,753050419,2026-10-19,BDG01,INACTIVE
17059,400,Savings,30995991,2027-05-17,SMG01,ACTIVE
17060,6074,Savings,28705819,2026-07-10,SBY01,INACTIVE
17061,4970,Savings,11515771,2027-06-07,JKT02,INACTIVE
17062,9284,Savings,33965872,2028-01-07,JKT02,INACTIVE
17063,7468,Savings,141590478,2027-04-10,MDN01,INACTIVE
17064,2048,Time Deposit,490851877,2026-05-05,JKT02,INACTIVE
17065,7430,Savings,25572762,2027-02-14,YGY01,ACTIVE
17066,2510,Time Deposit,641811553,2026-05-31,JKT02,INACTIVE
17067,2937,Savings,38470545,2026-04-25,SMG01,ACTIVE
17068,6718,Savings,22091920,2027-05-16,JKT01,INACTIVE
17069,818,Savings,101110179,2027-01-02,YGY01,INACTIVE
17070,4918,Savings,9612403,2027-08-23,SMG01,INACTIVE
17071,3218,Time Deposit,522041750,2027-01-16,SMG01,INACTIVE
17072,4603,Savings,33386360,2027-12-27,YGY01,INACTIVE
17073,8556,Savings,15661335,2026-09-16,JKT01,INACTIVE
17074,252,Savings,32872596,2027-12-22,YGY01,INACTIVE
17075,620,Time Deposit,925399430,2026-11-05,SBY01,INACTIVE
17076,235,Savings,29853744,2026-06-06,BDG01,INACTIVE
17077,4248,Savings,59627959,2026-05-26,JKT02,INACTIVE
17078,8166,Time Deposit,940323525,2027-03-16,YGY01,INACTIVE
17079,9099,Time Deposit,643521675,2026-10-30,BDG01,INACTIVE
17080,7140,Savings,14468333,2027-01-04,JKT02,ACTIVE
17081,1609,Savings,39555486,2026-05-09,SBY01,INACTIVE
17082,2212,Savings,15805626,2027-08-05,MDN01,ACTIVE
17083,1730,Savings,14056436,2027-04-20,MDN01,INACTIVE
17084,1362,Savings,24455522,2026-05-18,YGY01,INACTIVE
17085,9970,Savings,143990896,2028-03-04,JKT02,ACTIVE
17086,5167,Savings,17012178,2026-05-21,MDN01,INACTIVE
17087,5334,Time Deposit,699749101,2026-04-20,SBY01,INACTIVE
17088,1767,Savings,78288992,2026-09-05,JKT02,INACTIVE
17089,6311,Time Deposit,463145566,2026-03-24,BDG01,INACTIVE
17090,7478,Time Deposit,1086435450,2026-05-27,JKT01,INACTIVE
17091,3951,Savings,39148738,2027-02-07,SMG01,ACTIVE
17092,3902,Savings,7020076,2028-01-11,SBY01,INACTIVE
17093,5501,Savings,33697094,2026-09-10,JKT01,INACTIVE
17094,5567,Savings,14745286,2027-11-19,BDG01,INACTIVE
17095,5012,Savings,30692276,2027-09-27,YGY01,INACTIVE
17096,9320,Savings,34911542,2027-06-08,JKT02,INACTIVE
17097,5807,Time Deposit,1619973575,2026-06-26,JKT01,INACTIVE
17098,870,Time Deposit,632915348,2026-05-01,JKT02,INACTIVE
17099,2100,Time Deposit,170369757,2026-11-19,BDG01,ACTIVE
17100,7543,Savings,50281173,2026-12-04,BDG01,INACTIVE
17101,8212,Savings,39656074,2027-05-09,JKT01,ACTIVE
17102,4906,Savings,6528139,2026-07-05,BDG01,ACTIVE
17103,8996,Savings,46432704,2027-03-21,YGY01,ACTIVE
17104,4328,Savings,17239823,2026-09-06,MDN01,ACTIVE
17105,7512,Savings,29553435,2028-02-16,SBY01,INACTIVE
17106,4297,Savings,34630243,2026-07-09,BDG01,ACTIVE
17107,805,Savings,211311651,2027-08-31,SBY01,INACTIVE
17108,4447,Savings,80939359,2026-10-30,JKT02,ACTIVE
17109,5030,Savings,140555485,2026-05-10,JKT02,INACTIVE
17110,103,Savings,8663676,2027-08-01,YGY01,INACTIVE
17111,2535,Time Deposit,1222380770,2026-07-29,SBY01,INACTIVE
17112,3756,Savings,35648673,2027-12-09,YGY01,INACTIVE
17113,6176,Time Deposit,1535892122,2026-07-18,SBY01,INACTIVE
17114,2481,Savings,22708471,2027-11-12,YGY01,INACTIVE
17115,3488,Time Deposit,912979842,2026-08-29,SBY01,ACTIVE
17116,2636,Savings,82719213,2026-10-02,JKT01,ACTIVE
17117,1422,Savings,33840064,2027-03-21,YGY01,INACTIVE
17118,8871,Savings,174895556,2026-09-25,YGY01,INACTIVE
17119,6139,Savings,16821749,2027-06-18,BDG01,ACTIVE
17120,1414,Savings,7742898,2027-08-31,BDG01,INACTIVE
17121,7639,Savings,71597549,2028-03-11,JKT01,ACTIVE
17122,1046,Time Deposit,374761351,2027-01-29,JKT02,INACTIVE
17123,6562,Time Deposit,876468981,2026-08-23,JKT02,INACTIVE
17124,5857,Time Deposit,1128683396,2027-01-05,BDG01,INACTIVE
17125,1956,Savings,35478463,2027-04-18,SBY01,INACTIVE
17126,8384,Time Deposit,1301189974,2026-04-05,BDG01,ACTIVE
17127,6395,Time Deposit,338185387,2026-04-08,JKT02,INACTIVE
17128,7938,Savings,27121674,2026-04-17,SBY01,ACTIVE
17129,9568,Time Deposit,520700431,2026-07-08,SBY01,INACTIVE
17130,1094,Savings,16563012,2028-02-06,SBY01,INACTIVE
17131,5746,Savings,31495715,2026-06-29,YGY01,INACTIVE
17132,6115,Savings,158119780,2026-08-30,BDG01,INACTIVE
17133,4198,Savings,17826827,2027-08-17,BDG01,INACTIVE
17134,7562,Time Deposit,757730306,2026-06-15,YGY01,INACTIVE
17135,753,Savings,14739790,2028-03-10,SMG01,INACTIVE
17136,5854,Savings,13014331,2027-08-26,SBY01,INACTIVE
17137,3862,Savings,14893542,2026-06-11,JKT02,INACTIVE
17138,593,Time Deposit,432884081,2026-04-21,JKT01,ACTIVE
17139,127,Time Deposit,232812804,2026-09-29,SMG01,ACTIVE
17140,990,Savings,38125252,2026-12-02,JKT01,INACTIVE
17141,4734,Time Deposit,728794054,2026-04-30,MDN01,INACTIVE
17142,4633,Time Deposit,495642827,2026-07-09,MDN01,INACTIVE
17143,5077,Time Deposit,581677192,2026-09-30,BDG01,INACTIVE
17144,2861,Time Deposit,414683624,2026-06-30,MDN01,INACTIVE
17145,8150,Savings,106350110,2026-10-02,MDN01,ACTIVE
17146,1724,Savings,45605896,2027-07-28,SMG01,INACTIVE
17147,1765,Time Deposit,516052230,2026-12-07,JKT01,INACTIVE
17148,8466,Time Deposit,404862314,2026-09-01,SMG01,INACTIVE
17149,4240,Time Deposit,748416830,2026-12-07,YGY01,ACTIVE
17150,5791,Savings,202727900,2026-10-20,BDG01,INACTIVE
17151,8469,Time Deposit,933760560,2027-01-16,JKT02,INACTIVE
17152,9794,Time Deposit,831783743,2026-08-04,BDG01,INACTIVE
17153,8327,Savings,134585427,2026-05-28,MDN01,INACTIVE
17154,8043,Savings,43255674,2028-01-24,YGY01,INACTIVE
17155,9961,Time Deposit,1127290791,2026-08-27,BDG01,INACTIVE
17156,523,Time Deposit,1353597169,2026-05-09,BDG01,INACTIVE
17157,7384,Time Deposit,573685732,2026-12-07,JKT02,INACTIVE
17158,3705,Savings,28533673,2028-03-12,JKT02,INACTIVE
17159,1831,Savings,31186162,2026-10-04,BDG01,ACTIVE
17160,1446,Savings,29983923,2026-06-04,SBY01,ACTIVE
17161,5912,Savings,2478460,2026-06-11,SMG01,INACTIVE
17162,7784,Time Deposit,1124177506,2026-07-06,MDN01,ACTIVE
17163,156,Savings,23675873,2026-04-26,JKT02,INACTIVE
17164,6791,Savings,14502617,2026-12-27,JKT02,INACTIVE
17165,7603,Savings,104480950,2027-06-08,SMG01,INACTIVE
17166,9382,Savings,215269721,2026-09-22,SBY01,INACTIVE
17167,2715,Time Deposit,1402640276,2026-12-20,MDN01,ACTIVE
17168,5389,Savings,10940941,2027-08-13,MDN01,INACTIVE
17169,1118,Savings,25289123,2027-09-17,YGY01,ACTIVE
17170,5656,Savings,77907587,2026-04-17,BDG01,INACTIVE
17171,1758,Time Deposit,700409954,2026-12-24,BDG01,INACTIVE
17172,6441,Savings,37857016,2027-05-27,JKT02,INACTIVE
17173,7153,Savings,7998813,2027-01-14,YGY01,INACTIVE
17174,887,Savings,12536871,2026-05-31,YGY01,INACTIVE
17175,8284,Savings,22288775,2027-08-31,SBY01,INACTIVE
17176,4655,Time Deposit,1194276909,2026-09-03,YGY01,INACTIVE
17177,8527,Savings,83042991,2027-12-10,JKT01,INACTIVE
17178,789,Savings,30682960,2026-05-03,SMG01,INACTIVE
17179,1092,Time Deposit,309852338,2027-02-13,BDG01,INACTIVE
17180,4189,Time Deposit,834012303,2026-07-16,SMG01,INACTIVE
17181,9533,Savings,210131714,2027-11-16,MDN01,INACTIVE
17182,8384,Savings,174941635,2027-03-29,JKT01,INACTIVE
17183,2645,Savings,34539740,2026-07-02,SBY01,INACTIVE
17184,8732,Time Deposit,520774613,2026-07-31,JKT02,INACTIVE
17185,9333,Time Deposit,885052972,2026-04-24,SBY01,INACTIVE
17186,8359,Savings,24671120,2028-03-10,BDG01,ACTIVE
17187,3257,Savings,12856643,2027-11-02,MDN01,INACTIVE
17188,3238,Time Deposit,291041260,2026-09-26,SMG01,INACTIVE
17189,3837,Savings,76424838,2026-12-20,JKT02,INACTIVE
17190,8798,Time Deposit,1002667002,2026-10-21,BDG01,INACTIVE
17191,9384,Time Deposit,1247715520,2026-12-10,SBY01,INACTIVE
17192,5664,Savings,11675607,2027-05-17,BDG01,INACTIVE
17193,8747,Time Deposit,185342856,2026-06-15,JKT01,INACTIVE
17194,1625,Savings,52459731,2026-05-12,JKT02,ACTIVE
17195,8486,Time Deposit,755586094,2026-09-02,MDN01,INACTIVE
17196,9693,Savings,29995576,2027-06-12,SBY01,INACTIVE
17197,1486,Time Deposit,552529894,2027-01-07,JKT02,INACTIVE
17198,1108,Time Deposit,841075902,2027-02-17,JKT02,INACTIVE
17199,7306,Savings,19273722,2027-06-05,YGY01,INACTIVE
17200,7030,Savings,149992419,2027-07-25,SMG01,INACTIVE
17201,7922,Time Deposit,1137180503,2026-12-31,SMG01,INACTIVE
17202,2947,Time Deposit,167211014,2026-04-22,SMG01,ACTIVE
17203,6354,Time Deposit,294251694,2026-12-20,SMG01,INACTIVE
17204,8209,Savings,56232693,2026-09-11,JKT02,INACTIVE
17205,8313,Savings,3772878,2027-10-30,SBY01,INACTIVE
17206,8671,Savings,26400588,2026-04-15,SBY01,ACTIVE
17207,3666,Savings,108901642,2027-11-15,SBY01,INACTIVE
17208,6550,Savings,21564276,2026-09-04,JKT02,INACTIVE
17209,1578,Savings,8846901,2027-03-14,SBY01,ACTIVE
17210,4816,Savings,64193818,2027-08-16,SBY01,ACTIVE
17211,6327,Time Deposit,1726955924,2026-08-23,JKT01,ACTIVE
17212,7834,Time Deposit,254776998,2026-10-13,JKT02,ACTIVE
17213,5402,Time Deposit,1135188674,2026-09-19,JKT02,INACTIVE
17214,8226,Savings,38695698,2026-08-01,BDG01,INACTIVE
17215,997,Time Deposit,540714537,2027-03-14,MDN01,INACTIVE
17216,6738,Time Deposit,1241433530,2026-10-31,JKT01,INACTIVE
17217,8192,Savings,68590435,2026-04-28,JKT01,INACTIVE
17218,5402,Savings,60379463,2026-08-12,MDN01,ACTIVE
17219,7867,Time Deposit,488070332,2026-06-09,SBY01,ACTIVE
17220,3558,Time Deposit,679961825,2026-04-26,JKT02,ACTIVE
17221,9991,Savings,28336333,2026-11-02,BDG01,ACTIVE
17222,2983,Savings,6472884,2028-01-04,SBY01,INACTIVE
17223,379,Time Deposit,408610998,2026-12-22,BDG01,INACTIVE
17224,2164,Savings,17412143,2027-01-25,JKT01,INACTIVE
17225,7211,Time Deposit,194642146,2027-01-11,JKT02,ACTIVE
17226,2686,Savings,36628044,2026-11-07,YGY01,ACTIVE
17227,4294,Savings,13116086,2026-10-18,JKT01,INACTIVE
17228,1224,Time Deposit,313375047,2026-09-22,YGY01,INACTIVE
17229,8281,Savings,65419435,2026-09-20,MDN01,INACTIVE
17230,3719,Time Deposit,93722590,2026-07-08,MDN01,INACTIVE
17231,6390,Time Deposit,1163588877,2026-06-18,BDG01,ACTIVE
17232,2945,Savings,6727199,2026-08-29,MDN01,INACTIVE
17233,994,Savings,15696571,2026-12-10,JKT01,ACTIVE
17234,2737,Time Deposit,960491365,2026-07-07,MDN01,INACTIVE
17235,2973,Savings,180620506,2026-12-23,BDG01,INACTIVE
17236,1870,Savings,40139344,2027-07-26,YGY01,INACTIVE
17237,1332,Time Deposit,680212229,2026-11-01,SMG01,INACTIVE
17238,831,Time Deposit,462729608,2026-08-02,JKT01,INACTIVE
17239,442,Savings,19709389,2027-12-10,SBY01,INACTIVE
17240,251,Savings,58325238,2026-07-08,JKT02,INACTIVE
17241,2210,Savings,30329813,2027-01-19,BDG01,INACTIVE
17242,5998,Savings,38758347,2026-10-15,BDG01,INACTIVE
17243,6395,Savings,37373792,2026-11-25,YGY01,INACTIVE
17244,4333,Savings,16018097,2027-06-05,MDN01,INACTIVE
17245,781,Savings,175212824,2027-06-10,JKT02,INACTIVE
17246,6295,Savings,19967491,2027-06-09,BDG01,INACTIVE
17247,8526,Savings,150011523,2026-09-16,SMG01,INACTIVE
17248,6335,Time Deposit,435107250,2026-09-14,MDN01,INACTIVE
17249,1471,Savings,10996864,2027-05-11,JKT02,INACTIVE
17250,9489,Time Deposit,1352143566,2027-03-11,JKT02,INACTIVE
17251,9257,Savings,17240327,2027-10-25,SMG01,ACTIVE
17252,3663,Time Deposit,1445523473,2026-06-24,BDG01,ACTIVE
17253,2280,Savings,37904510,2027-02-12,SBY01,INACTIVE
17254,9893,Time Deposit,552790497,2026-05-09,JKT01,INACTIVE
17255,2494,Savings,80282622,2026-05-05,JKT02,ACTIVE
17256,9646,Savings,37384487,2028-02-28,YGY01,ACTIVE
17257,9860,Time Deposit,1106027122,2026-04-26,JKT02,INACTIVE
17258,8871,Time Deposit,902528180,2026-10-30,SBY01,ACTIVE
17259,8056,Time Deposit,1670369739,2027-03-01,BDG01,INACTIVE
17260,1765,Savings,61598824,2027-09-21,JKT02,INACTIVE
17261,5211,Savings,19960407,2026-07-17,SBY01,INACTIVE
17262,3359,Savings,11508484,2026-07-05,YGY01,ACTIVE
17263,1728,Savings,10790226,2027-09-21,YGY01,INACTIVE
17264,5349,Savings,28242066,2027-09-16,SMG01,ACTIVE
17265,5265,Time Deposit,888415584,2026-12-08,JKT01,INACTIVE
17266,3906,Savings,11912865,2027-10-31,YGY01,INACTIVE
17267,3974,Time Deposit,389797961,2027-03-11,MDN01,INACTIVE
17268,1356,Time Deposit,1086417928,2026-10-29,YGY01,INACTIVE
17269,2573,Savings,110020632,2028-02-06,SMG01,INACTIVE
17270,6380,Time Deposit,616601783,2026-09-02,JKT01,INACTIVE
17271,8665,Savings,5071346,2027-05-09,SBY01,INACTIVE
17272,5957,Savings,181760801,2027-12-10,JKT02,INACTIVE
17273,4048,Time Deposit,1146834588,2026-07-29,BDG01,INACTIVE
17274,8477,Time Deposit,90295289,2026-05-06,MDN01,ACTIVE
17275,7816,Time Deposit,328276601,2027-03-03,SMG01,INACTIVE
17276,1477,Savings,176401866,2027-05-14,MDN01,INACTIVE
17277,2385,Time Deposit,771908697,2026-08-01,SMG01,INACTIVE
17278,6763,Savings,72894547,2026-10-29,JKT01,INACTIVE
17279,9036,Savings,72206168,2027-12-09,JKT01,INACTIVE
17280,1072,Savings,15322154,2027-10-07,BDG01,INACTIVE
17281,5481,Savings,10482565,2026-05-31,SBY01,INACTIVE
17282,5464,Savings,92713484,2026-10-29,JKT02,INACTIVE
17283,3690,Time Deposit,785644716,2026-12-29,YGY01,ACTIVE
17284,2054,Time Deposit,630580326,2026-08-10,JKT01,INACTIVE
17285,9166,Savings,111567426,2026-04-30,SMG01,ACTIVE
17286,1088,Savings,10599660,2028-01-09,SMG01,INACTIVE
17287,4037,Savings,105043209,2026-12-10,MDN01,ACTIVE
17288,9570,Savings,15218276,2027-10-31,BDG01,INACTIVE
17289,9374,Savings,17922846,2026-05-14,SBY01,INACTIVE
17290,2010,Time Deposit,333570420,2026-11-27,BDG01,INACTIVE
17291,533,Savings,101362662,2027-05-09,YGY01,ACTIVE
17292,3016,Time Deposit,364093402,2026-12-25,JKT02,INACTIVE
17293,461,Time Deposit,324619920,2026-05-10,SBY01,INACTIVE
17294,770,Savings,11979841,2027-04-04,JKT02,INACTIVE
17295,5772,Time Deposit,1349327481,2026-07-17,SBY01,INACTIVE
17296,7120,Savings,43077528,2026-07-09,SBY01,INACTIVE
17297,8442,Time Deposit,584679352,2026-12-24,SBY01,INACTIVE
17298,8642,Time Deposit,931988041,2026-04-22,SBY01,ACTIVE
17299,1498,Savings,70193352,2028-02-22,BDG01,INACTIVE
17300,6509,Savings,5948159,2027-08-10,BDG01,INACTIVE
17301,3212,Savings,83476133,2026-10-13,JKT02,ACTIVE
17302,4798,Time Deposit,936659833,2026-11-29,SMG01,ACTIVE
17303,4472,Time Deposit,406871659,2026-11-26,JKT01,INACTIVE
17304,4356,Time Deposit,564346980,2026-07-27,JKT02,INACTIVE
17305,540,Time Deposit,1429484971,2026-07-21,SBY01,INACTIVE
17306,7125,Time Deposit,659945920,2026-11-15,SBY01,INACTIVE
17307,7627,Time Deposit,1818073555,2026-06-26,MDN01,ACTIVE
17308,7020,Savings,47022193,2027-09-09,JKT02,INACTIVE
17309,9469,Savings,40017858,2027-07-03,BDG01,ACTIVE
17310,8953,Time Deposit,1247125573,2027-02-12,SMG01,INACTIVE
17311,8915,Savings,24988198,2026-11-26,YGY01,INACTIVE
17312,4501,Savings,6903231,2027-10-05,JKT02,INACTIVE
17313,6283,Savings,24418513,2028-01-05,SBY01,INACTIVE
17314,9565,Savings,185009220,2027-09-17,MDN01,INACTIVE
17315,7556,Savings,34786253,2026-12-01,BDG01,INACTIVE
17316,7757,Time Deposit,350570810,2026-09-13,JKT01,ACTIVE
17317,534,Savings,67994825,2026-09-05,JKT01,INACTIVE
17318,9848,Savings,17351251,2027-02-01,MDN01,INACTIVE
17319,5094,Savings,11376967,2026-07-21,SBY01,INACTIVE
17320,1508,Time Deposit,467996248,2027-01-04,BDG01,INACTIVE
17321,3511,Time Deposit,638248211,2027-02-10,YGY01,INACTIVE
17322,7085,Savings,39643531,2027-08-16,JKT02,INACTIVE
17323,2568,Savings,51296518,2027-02-04,BDG01,INACTIVE
17324,7543,Savings,173138281,2026-08-29,YGY01,INACTIVE
17325,5518,Time Deposit,908178676,2026-11-30,JKT02,INACTIVE
17326,4353,Savings,12705071,2027-11-23,SMG01,ACTIVE
17327,6238,Time Deposit,435013699,2026-04-16,JKT02,ACTIVE
17328,9070,Time Deposit,463742317,2027-03-10,MDN01,ACTIVE
17329,5506,Time Deposit,968774238,2026-08-08,JKT02,INACTIVE
17330,4859,Savings,80938245,2028-01-01,SBY01,ACTIVE
17331,8834,Savings,22210287,2026-09-10,BDG01,ACTIVE
17332,5660,Savings,36607878,2027-05-17,BDG01,INACTIVE
17333,5636,Time Deposit,498507931,2026-07-05,SMG01,INACTIVE
17334,2238,Time Deposit,1169239673,2026-11-21,MDN01,INACTIVE
17335,1730,Savings,33347860,2027-09-03,JKT02,ACTIVE
17336,487,Savings,21995022,2027-12-25,SMG01,INACTIVE
17337,6070,Savings,138683834,2026-06-04,BDG01,ACTIVE
17338,5315,Savings,18251292,2027-12-02,SBY01,INACTIVE
17339,2668,Savings,34379608,2026-07-29,SMG01,INACTIVE
17340,6976,Time Deposit,444607739,2026-04-30,MDN01,INACTIVE
17341,84,Savings,19838223,2027-10-26,JKT02,INACTIVE
17342,4780,Savings,89751202,2026-05-14,JKT02,INACTIVE
17343,7322,Savings,204890357,2026-06-29,SBY01,INACTIVE
17344,4698,Savings,72958880,2027-11-28,SBY01,INACTIVE
17345,2088,Time Deposit,571151869,2026-08-14,SMG01,INACTIVE
17346,7824,Savings,75169688,2026-11-24,SBY01,INACTIVE
17347,1166,Time Deposit,215668453,2026-06-15,YGY01,ACTIVE
17348,9168,Savings,4215005,2027-10-11,YGY01,INACTIVE
17349,1629,Savings,126063316,2026-07-23,YGY01,INACTIVE
17350,3450,Savings,20456507,2027-02-10,SBY01,ACTIVE
17351,3127,Savings,120183653,2026-12-29,JKT01,INACTIVE
17352,4804,Time Deposit,518479208,2027-01-10,BDG01,INACTIVE
17353,1787,Time Deposit,1297909773,2026-08-02,SMG01,INACTIVE
17354,1736,Savings,38561550,2026-09-25,JKT01,INACTIVE
17355,6176,Time Deposit,541982784,2026-11-22,SMG01,ACTIVE
17356,908,Savings,37620125,2027-10-15,MDN01,INACTIVE
17357,7814,Time Deposit,364312197,2027-01-28,JKT01,INACTIVE
17358,1368,Savings,9356121,2028-03-12,JKT02,INACTIVE
17359,4702,Savings,13490249,2028-01-21,BDG01,INACTIVE
17360,9431,Savings,10514622,2026-10-28,JKT01,INACTIVE
17361,2056,Savings,31581657,2027-09-27,SMG01,ACTIVE
17362,2588,Time Deposit,566454878,2026-12-04,MDN01,INACTIVE
17363,4136,Time Deposit,251441667,2026-09-06,SBY01,INACTIVE
17364,2785,Savings,66988075,2028-02-21,SMG01,INACTIVE
17365,1374,Savings,16327272,2026-10-15,MDN01,INACTIVE
17366,4876,Time Deposit,312084842,2026-05-05,MDN01,INACTIVE
17367,747,Savings,30641277,2027-08-24,JKT01,INACTIVE
17368,244,Savings,46937587,2026-07-28,BDG01,INACTIVE
17369,3826,Savings,24257725,2026-06-27,YGY01,INACTIVE
17370,7987,Savings,20971056,2027-05-26,YGY01,INACTIVE
17371,7202,Savings,2398927,2028-03-14,BDG01,INACTIVE
17372,192,Savings,15963570,2027-02-11,YGY01,INACTIVE
17373,2045,Savings,45435125,2027-04-07,YGY01,INACTIVE
17374,502,Time Deposit,1286509408,2026-11-19,SMG01,INACTIVE
17375,7306,Savings,31250339,2027-02-13,BDG01,INACTIVE
17376,8747,Time Deposit,365301354,2026-11-12,MDN01,INACTIVE
17377,6456,Time Deposit,689277189,2026-09-05,YGY01,ACTIVE
17378,6571,Time Deposit,938473067,2026-10-24,BDG01,ACTIVE
17379,2607,Time Deposit,582279640,2026-07-21,JKT01,INACTIVE
17380,9012,Time Deposit,846594148,2026-07-03,MDN01,ACTIVE
17381,4862,Savings,34825772,2027-03-24,MDN01,INACTIVE
17382,3061,Savings,65167575,2027-04-22,BDG01,INACTIVE
17383,4324,Time Deposit,352503521,2026-09-29,SMG01,ACTIVE
17384,1549,Savings,9772399,2026-04-30,SMG01,INACTIVE
17385,7176,Savings,46331894,2027-07-17,YGY01,ACTIVE
17386,2239,Savings,8932985,2026-08-04,JKT01,INACTIVE
17387,3395,Savings,162884494,2026-11-09,BDG01,INACTIVE
17388,2608,Time Deposit,101882684,2026-08-01,YGY01,INACTIVE
17389,1982,Time Deposit,820666179,2026-06-20,JKT02,ACTIVE
17390,3238,Savings,20569227,2027-03-21,JKT01,INACTIVE
17391,6589,Savings,119250622,2026-10-16,SBY01,INACTIVE
17392,6544,Savings,102352904,2026-08-24,YGY01,INACTIVE
17393,511,Savings,37918243,2026-06-03,MDN01,INACTIVE
17394,553,Savings,29608920,2026-08-13,JKT01,ACTIVE
17395,6722,Time Deposit,643956707,2026-09-02,SMG01,ACTIVE
17396,2164,Savings,42267035,2027-11-26,BDG01,ACTIVE
17397,1588,Savings,33860925,2027-12-27,JKT02,INACTIVE
17398,7434,Savings,14832038,2026-10-16,SBY01,INACTIVE
17399,4156,Savings,17239361,2026-11-27,JKT01,INACTIVE
17400,2316,Time Deposit,1456492099,2026-06-10,MDN01,INACTIVE
17401,2137,Time Deposit,105023428,2026-12-16,BDG01,ACTIVE
17402,7493,Time Deposit,170516286,2026-08-12,YGY01,INACTIVE
17403,5797,Savings,84766460,2026-04-28,BDG01,INACTIVE
17404,6034,Savings,145665854,2027-06-01,SMG01,INACTIVE
17405,7426,Savings,16663174,2027-02-07,BDG01,INACTIVE
17406,3699,Time Deposit,1800963115,2026-11-12,YGY01,INACTIVE
17407,2580,Time Deposit,529683672,2026-12-21,SBY01,ACTIVE
17408,684,Time Deposit,562985646,2026-10-06,SMG01,INACTIVE
17409,323,Savings,15237238,2026-09-05,YGY01,INACTIVE
17410,6258,Savings,106831445,2027-08-11,JKT02,ACTIVE
17411,4636,Savings,16052389,2027-01-10,SMG01,INACTIVE
17412,9374,Time Deposit,381604247,2027-02-23,MDN01,INACTIVE
17413,5085,Savings,16917662,2028-02-07,JKT01,INACTIVE
17414,5809,Savings,185037376,2026-08-05,JKT02,INACTIVE
17415,7123,Time Deposit,1078038946,2026-06-20,MDN01,ACTIVE
17416,2549,Savings,69486846,2028-02-10,JKT01,INACTIVE
17417,77,Savings,83858543,2027-10-15,MDN01,INACTIVE
17418,3759,Savings,136743462,2026-10-27,JKT02,INACTIVE
17419,7142,Time Deposit,1106877621,2027-02-13,JKT01,INACTIVE
17420,6521,Time Deposit,1453989196,2026-05-17,BDG01,ACTIVE
17421,5245,Time Deposit,339853529,2026-08-11,JKT02,ACTIVE
17422,7655,Savings,33682452,2027-03-03,SMG01,ACTIVE
17423,7508,Savings,79528222,2027-03-13,SMG01,ACTIVE
17424,5313,Time Deposit,532344232,2026-12-24,BDG01,INACTIVE
17425,8856,Time Deposit,1752147557,2026-12-23,YGY01,INACTIVE
17426,6075,Savings,18121890,2026-09-04,YGY01,INACTIVE
17427,5968,Savings,27001593,2027-05-25,MDN01,ACTIVE
17428,8515,Savings,71202759,2028-02-11,JKT01,INACTIVE
17429,1730,Time Deposit,302673089,2027-02-04,SMG01,INACTIVE
17430,5491,Savings,9323800,2027-08-11,YGY01,INACTIVE
17431,6286,Time Deposit,1272817060,2026-12-24,SBY01,INACTIVE
17432,4531,Time Deposit,1637193995,2027-03-10,MDN01,INACTIVE
17433,8916,Time Deposit,1108324410,2026-12-22,YGY01,INACTIVE
17434,666,Savings,118350012,2026-10-13,SBY01,INACTIVE
17435,8280,Savings,191893620,2026-12-03,BDG01,ACTIVE
17436,5913,Savings,33661371,2027-10-03,JKT02,INACTIVE
17437,6724,Time Deposit,819590400,2026-11-13,SMG01,INACTIVE
17438,6211,Time Deposit,503140654,2027-03-10,SBY01,INACTIVE
17439,9831,Time Deposit,247699382,2027-03-05,MDN01,ACTIVE
17440,5941,Savings,121900042,2027-05-12,JKT01,ACTIVE
17441,7927,Time Deposit,1127635276,2027-03-05,SBY01,INACTIVE
17442,6507,Savings,152841007,2026-11-08,MDN01,ACTIVE
17443,5090,Savings,56102388,2026-12-07,JKT01,INACTIVE
17444,6517,Savings,12219534,2026-06-18,YGY01,INACTIVE
17445,9332,Savings,60200972,2027-03-07,MDN01,INACTIVE
17446,4588,Savings,20858098,2027-09-22,BDG01,ACTIVE
17447,6342,Time Deposit,1110390822,2026-06-29,JKT02,ACTIVE
17448,1271,Time Deposit,819631900,2026-04-22,JKT02,ACTIVE
17449,732,Savings,15926053,2027-10-02,SMG01,ACTIVE
17450,9530,Time Deposit,950299461,2027-01-22,MDN01,INACTIVE
17451,5445,Savings,74061172,2027-06-26,MDN01,INACTIVE
17452,4241,Savings,156779448,2027-01-02,BDG01,INACTIVE
17453,3555,Time Deposit,1520274278,2026-09-07,YGY01,INACTIVE
17454,271,Time Deposit,984657745,2026-08-26,MDN01,INACTIVE
17455,6062,Time Deposit,361056453,2027-02-18,JKT02,INACTIVE
17456,9843,Savings,45912009,2027-07-29,YGY01,INACTIVE
17457,5358,Savings,12146500,2027-02-10,YGY01,INACTIVE
17458,2465,Time Deposit,626911483,2026-05-10,MDN01,INACTIVE
17459,5452,Savings,33699037,2027-06-06,BDG01,INACTIVE
17460,8524,Time Deposit,367755959,2026-05-04,YGY01,INACTIVE
17461,5715,Time Deposit,244385455,2026-07-19,BDG01,INACTIVE
17462,6134,Savings,14993344,2028-02-29,JKT02,INACTIVE
17463,3583,Time Deposit,799643351,2026-11-30,YGY01,INACTIVE
17464,3267,Time Deposit,1011351657,2026-12-11,SMG01,INACTIVE
17465,4869,Time Deposit,1396132087,2026-08-12,JKT02,ACTIVE
17466,3574,Savings,30595480,2026-12-15,SBY01,INACTIVE
17467,6877,Time Deposit,817448756,2027-03-08,JKT01,INACTIVE
17468,1829,Savings,11160487,2026-12-29,MDN01,INACTIVE
17469,9133,Time Deposit,1647082564,2027-02-24,BDG01,INACTIVE
17470,5671,Time Deposit,833815026,2026-05-01,JKT01,ACTIVE
17471,1081,Savings,127169560,2026-05-09,SBY01,ACTIVE
17472,4228,Savings,35561270,2026-06-28,JKT01,INACTIVE
17473,4462,Savings,26154558,2026-10-14,SMG01,INACTIVE
17474,1331,Time Deposit,1183737985,2027-01-21,YGY01,INACTIVE
17475,4130,Savings,14616194,2026-12-06,MDN01,INACTIVE
17476,5090,Time Deposit,213914202,2026-12-18,JKT01,INACTIVE
17477,1322,Savings,31103848,2027-04-25,SBY01,ACTIVE
17478,595,Savings,88523692,2027-08-03,YGY01,INACTIVE
17479,5736,Savings,122812245,2027-08-15,YGY01,ACTIVE
17480,7319,Savings,39350435,2027-11-11,JKT01,ACTIVE
17481,375,Savings,48451628,2027-10-28,BDG01,INACTIVE
17482,6927,Savings,64061344,2026-12-02,YGY01,INACTIVE
17483,7699,Time Deposit,129660010,2026-07-11,SBY01,ACTIVE
17484,5332,Savings,12736775,2026-06-30,MDN01,ACTIVE
17485,948,Savings,12140397,2027-10-12,MDN01,INACTIVE
17486,5094,Savings,13788787,2026-05-03,SMG01,INACTIVE
17487,5159,Savings,35926976,2026-04-26,BDG01,INACTIVE
17488,478,Time Deposit,276259063,2027-02-24,JKT01,INACTIVE
17489,74,Savings,20973591,2026-08-27,JKT01,INACTIVE
17490,4109,Savings,35780799,2027-07-21,BDG01,INACTIVE
17491,1500,Savings,15334130,2026-05-12,JKT01,INACTIVE
17492,5687,Time Deposit,917454875,2027-03-02,JKT01,ACTIVE
17493,1838,Time Deposit,326439254,2026-08-26,SMG01,INACTIVE
17494,8543,Time Deposit,917848437,2026-11-23,BDG01,INACTIVE
17495,7686,Savings,71755459,2027-11-11,JKT02,INACTIVE
17496,8930,Savings,26976241,2026-12-11,SBY01,INACTIVE
17497,8025,Savings,177352113,2027-05-16,JKT02,INACTIVE
17498,6250,Savings,30769338,2028-02-13,MDN01,ACTIVE
17499,2931,Time Deposit,429977811,2026-11-24,MDN01,ACTIVE
17500,9196,Time Deposit,720237071,2026-08-24,JKT02,INACTIVE
17501,4301,Time Deposit,1012267807,2027-02-25,YGY01,INACTIVE
17502,4264,Time Deposit,861852705,2026-10-10,BDG01,INACTIVE
17503,4825,Time Deposit,198152627,2026-10-31,YGY01,ACTIVE
17504,9064,Savings,86881314,2026-06-19,JKT02,INACTIVE
17505,2585,Savings,39845331,2027-04-04,SMG01,INACTIVE
17506,5899,Savings,3484021,2026-09-16,BDG01,INACTIVE
17507,7097,Savings,198442424,2027-01-27,JKT02,INACTIVE
17508,8434,Savings,13262238,2026-04-20,SBY01,INACTIVE
17509,4009,Savings,63282793,2027-06-02,JKT02,INACTIVE
17510,9373,Savings,35104427,2027-04-23,YGY01,INACTIVE
17511,6883,Savings,112089165,2028-03-04,BDG01,INACTIVE
17512,9027,Savings,89852657,2027-10-10,MDN01,INACTIVE
17513,493,Savings,68555755,2026-07-14,BDG01,ACTIVE
17514,2014,Time Deposit,346929767,2026-09-09,BDG01,INACTIVE
17515,1662,Time Deposit,1540513450,2027-02-12,SBY01,INACTIVE
17516,6744,Time Deposit,1025891830,2026-06-14,YGY01,ACTIVE
17517,9396,Savings,34129440,2028-01-06,BDG01,INACTIVE
17518,3516,Time Deposit,177214554,2026-05-24,YGY01,ACTIVE
17519,5468,Savings,10206005,2027-10-13,MDN01,ACTIVE
17520,240,Time Deposit,834907413,2026-06-12,JKT02,INACTIVE
17521,4316,Savings,64166530,2027-03-16,SBY01,INACTIVE
17522,8566,Time Deposit,811956014,2026-04-21,JKT01,INACTIVE
17523,9209,Savings,26852950,2027-08-19,JKT02,INACTIVE
17524,4858,Savings,18532550,2027-09-21,YGY01,INACTIVE
17525,4605,Time Deposit,639497941,2026-04-29,SMG01,ACTIVE
17526,7196,Time Deposit,350828135,2026-04-09,SMG01,INACTIVE
17527,2137,Savings,14799853,2026-11-03,YGY01,INACTIVE
17528,2904,Savings,85266354,2027-07-16,SBY01,INACTIVE
17529,6232,Time Deposit,1038397364,2026-12-29,JKT02,INACTIVE
17530,2403,Time Deposit,755136783,2026-10-17,JKT01,INACTIVE
17531,8704,Savings,171217443,2027-08-10,SMG01,INACTIVE
17532,961,Time Deposit,1460491517,2026-11-16,JKT01,INACTIVE
17533,4589,Savings,14835882,2027-06-04,YGY01,INACTIVE
17534,1019,Savings,29249421,2026-06-11,SMG01,ACTIVE
17535,5903,Savings,168448610,2027-08-02,SMG01,ACTIVE
17536,6517,Savings,25474602,2026-06-26,MDN01,ACTIVE
17537,9946,Time Deposit,239157017,2027-03-03,JKT02,INACTIVE
17538,5801,Time Deposit,236767477,2026-10-21,YGY01,ACTIVE
17539,1004,Time Deposit,825854720,2027-02-15,JKT01,INACTIVE
17540,9721,Savings,16700330,2027-02-28,JKT02,INACTIVE
17541,4454,Savings,9438795,2027-04-06,MDN01,INACTIVE
17542,1294,Savings,17275239,2026-06-18,YGY01,INACTIVE
17543,4008,Savings,7475526,2027-10-12,MDN01,ACTIVE
17544,9317,Savings,111716724,2026-09-09,MDN01,INACTIVE
17545,2085,Time Deposit,238602389,2027-03-16,JKT01,INACTIVE
17546,7623,Savings,14216637,2027-09-19,JKT02,ACTIVE
17547,8034,Savings,17929930,2027-03-11,SBY01,ACTIVE
17548,2017,Savings,17269417,2027-09-30,JKT02,INACTIVE
17549,2814,Savings,87480366,2027-03-07,YGY01,INACTIVE
17550,8543,Savings,126509172,2027-10-28,SBY01,INACTIVE
17551,3303,Time Deposit,1659142885,2026-07-12,MDN01,INACTIVE
17552,9668,Savings,7467745,2027-03-31,SBY01,INACTIVE
17553,4563,Savings,123522614,2026-11-17,SBY01,INACTIVE
17554,7159,Time Deposit,756248479,2026-04-29,JKT02,INACTIVE
17555,7238,Time Deposit,1423017837,2026-04-24,SBY01,INACTIVE
17556,3374,Savings,20722122,2027-10-28,MDN01,INACTIVE
17557,3196,Time Deposit,1054898461,2026-08-13,MDN01,INACTIVE
17558,3221,Savings,20454867,2028-03-13,BDG01,INACTIVE
17559,1932,Time Deposit,1140344376,2026-09-29,YGY01,INACTIVE
17560,2570,Savings,80977474,2027-10-15,JKT01,INACTIVE
17561,8635,Savings,15364075,2026-11-26,SMG01,INACTIVE
17562,6858,Time Deposit,949701768,2026-12-21,BDG01,INACTIVE
17563,1480,Savings,154477699,2026-04-18,JKT01,ACTIVE
17564,926,Savings,83677348,2027-09-13,SBY01,ACTIVE
17565,1453,Savings,16743287,2027-10-06,SMG01,INACTIVE
17566,2328,Time Deposit,1122911343,2026-12-18,SBY01,INACTIVE
17567,3095,Savings,152283355,2027-11-15,SMG01,ACTIVE
17568,9949,Time Deposit,506519272,2027-02-02,MDN01,INACTIVE
17569,7177,Savings,31990301,2027-12-08,JKT01,INACTIVE
17570,2595,Savings,29946954,2027-09-14,BDG01,ACTIVE
17571,7641,Savings,15722122,2028-02-11,MDN01,INACTIVE
17572,6188,Time Deposit,1287515271,2026-05-16,YGY01,INACTIVE
17573,2124,Savings,60802913,2027-05-09,YGY01,ACTIVE
17574,2560,Time Deposit,477339692,2027-02-26,YGY01,INACTIVE
17575,7975,Savings,80806367,2027-07-26,SBY01,INACTIVE
17576,9016,Savings,11083394,2026-08-13,YGY01,INACTIVE
17577,1186,Time Deposit,216434256,2026-05-13,MDN01,ACTIVE
17578,5280,Time Deposit,606929512,2027-02-11,SBY01,INACTIVE
17579,7505,Time Deposit,510702555,2027-01-27,JKT01,INACTIVE
17580,5475,Savings,11275837,2026-10-25,SMG01,INACTIVE
17581,6509,Time Deposit,599754398,2026-11-28,SBY01,INACTIVE
17582,1196,Savings,29743699,2026-09-21,MDN01,INACTIVE
17583,910,Savings,21161238,2028-02-17,SMG01,ACTIVE
17584,2076,Savings,36258929,2028-03-09,SMG01,INACTIVE
17585,9481,Time Deposit,572559200,2026-11-27,JKT01,INACTIVE
17586,8208,Savings,13846985,2027-09-05,JKT01,INACTIVE
17587,6533,Savings,15256108,2027-11-11,SMG01,INACTIVE
17588,3890,Savings,60132490,2026-05-07,SBY01,ACTIVE
17589,2400,Time Deposit,419742170,2026-05-05,JKT02,INACTIVE
17590,2499,Time Deposit,502475198,2027-01-11,SMG01,INACTIVE
17591,8352,Savings,44750395,2027-10-14,SBY01,INACTIVE
17592,8680,Savings,28800601,2026-08-28,SMG01,INACTIVE
17593,2413,Time Deposit,1464877250,2026-05-04,JKT02,INACTIVE
17594,716,Savings,8575738,2026-10-18,BDG01,INACTIVE
17595,1527,Time Deposit,1720622768,2026-05-13,SMG01,INACTIVE
17596,6286,Savings,170766884,2027-09-22,MDN01,ACTIVE
17597,2897,Savings,3630209,2028-02-21,JKT02,INACTIVE
17598,9304,Savings,12103425,2027-05-08,YGY01,INACTIVE
17599,2412,Savings,29635807,2027-02-26,BDG01,INACTIVE
17600,1577,Savings,41851185,2027-04-04,BDG01,INACTIVE
17601,2235,Time Deposit,441603796,2026-06-22,BDG01,ACTIVE
17602,2329,Savings,81601659,2027-08-26,SMG01,INACTIVE
17603,5124,Time Deposit,549303545,2026-09-01,SMG01,ACTIVE
17604,28,Savings,122877682,2027-02-05,SBY01,INACTIVE
17605,6019,Time Deposit,1011452172,2027-01-10,SBY01,INACTIVE
17606,9418,Time Deposit,306672898,2026-12-12,MDN01,INACTIVE
17607,4743,Savings,32433956,2027-12-06,MDN01,INACTIVE
17608,5513,Savings,218865293,2026-07-23,JKT02,INACTIVE
17609,4790,Savings,20830554,2026-05-25,MDN01,INACTIVE
17610,4843,Savings,209908063,2027-09-04,JKT01,INACTIVE
17611,6708,Savings,27287537,2027-09-10,YGY01,ACTIVE
17612,1208,Time Deposit,748626394,2026-09-25,MDN01,ACTIVE
17613,6399,Time Deposit,1486115331,2026-08-29,YGY01,ACTIVE
17614,9206,Savings,12058080,2027-10-05,YGY01,INACTIVE
17615,9764,Savings,4880503,2028-02-27,JKT02,INACTIVE
17616,3385,Savings,33391556,2026-08-27,JKT02,INACTIVE
17617,3993,Savings,19324748,2027-01-08,SMG01,INACTIVE
17618,2759,Time Deposit,328713301,2026-12-22,SBY01,INACTIVE
17619,2608,Savings,19040981,2027-12-20,MDN01,INACTIVE
17620,7485,Savings,159487556,2027-03-04,SMG01,ACTIVE
17621,8766,Savings,12602012,2026-11-02,JKT01,INACTIVE
17622,2844,Time Deposit,292512533,2027-01-05,SMG01,ACTIVE
17623,4350,Time Deposit,700884186,2026-08-21,JKT01,INACTIVE
17624,2285,Time Deposit,910486105,2026-12-29,JKT02,INACTIVE
17625,9473,Savings,11057183,2026-08-26,YGY01,INACTIVE
17626,7640,Savings,78889511,2027-05-10,BDG01,INACTIVE
17627,9409,Time Deposit,899819698,2026-12-07,JKT02,INACTIVE
17628,4502,Time Deposit,218650738,2026-06-04,SMG01,ACTIVE
17629,6067,Savings,34693887,2027-09-19,SMG01,INACTIVE
17630,9406,Savings,19351006,2027-03-27,BDG01,INACTIVE
17631,3465,Savings,28732372,2026-11-06,JKT01,INACTIVE
17632,8137,Savings,4879189,2026-07-25,YGY01,INACTIVE
17633,7729,Savings,86327978,2027-11-28,MDN01,INACTIVE
17634,8842,Time Deposit,368245406,2026-09-01,JKT02,INACTIVE
17635,7424,Time Deposit,1144056117,2026-07-23,MDN01,INACTIVE
17636,4306,Time Deposit,638507617,2026-12-20,SBY01,INACTIVE
17637,1849,Savings,10971229,2027-12-24,MDN01,INACTIVE
17638,2993,Savings,87138684,2027-03-04,JKT02,INACTIVE
17639,5883,Savings,12519430,2027-08-02,BDG01,INACTIVE
17640,9937,Savings,72239206,2027-04-12,SBY01,INACTIVE
17641,9849,Savings,62505188,2027-02-23,MDN01,ACTIVE
17642,2507,Savings,36255056,2026-12-17,SMG01,INACTIVE
17643,6156,Savings,35545014,2026-11-21,BDG01,ACTIVE
17644,3809,Savings,17125977,2028-02-29,YGY01,INACTIVE
17645,8309,Savings,26089457,2027-09-06,SMG01,ACTIVE
17646,6948,Time Deposit,751289835,2026-10-20,JKT02,INACTIVE
17647,2217,Savings,29887465,2027-09-01,YGY01,INACTIVE
17648,431,Savings,3645172,2026-09-23,YGY01,INACTIVE
17649,6057,Time Deposit,663525754,2026-12-07,SBY01,INACTIVE
17650,4864,Time Deposit,1852438925,2026-08-19,MDN01,INACTIVE
17651,9213,Time Deposit,662177333,2027-01-27,SBY01,INACTIVE
17652,245,Savings,26948388,2027-06-11,JKT01,INACTIVE
17653,4124,Savings,80870295,2027-04-08,JKT02,ACTIVE
17654,4301,Time Deposit,337040617,2027-02-10,JKT01,INACTIVE
17655,4786,Time Deposit,616893883,2026-05-02,YGY01,INACTIVE
17656,5102,Time Deposit,936041791,2027-02-01,SBY01,INACTIVE
17657,4707,Time Deposit,322227100,2027-02-06,SBY01,INACTIVE
17658,784,Time Deposit,165760107,2027-01-15,YGY01,ACTIVE
17659,1202,Savings,41977681,2028-01-25,JKT02,INACTIVE
17660,2668,Savings,36762232,2027-12-13,YGY01,ACTIVE
17661,5416,Savings,87778204,2028-01-15,MDN01,ACTIVE
17662,8379,Savings,81658241,2027-03-02,MDN01,INACTIVE
17663,8367,Savings,92711899,2026-07-16,SBY01,ACTIVE
17664,3525,Savings,22807129,2027-08-31,SMG01,ACTIVE
17665,3305,Time Deposit,1010748136,2026-11-27,JKT01,ACTIVE
17666,2085,Time Deposit,929018729,2026-07-10,JKT02,INACTIVE
17667,5613,Time Deposit,192044759,2026-06-03,MDN01,INACTIVE
17668,932,Time Deposit,806229071,2026-07-29,JKT02,INACTIVE
17669,6472,Savings,129534302,2026-04-18,JKT01,INACTIVE
17670,3305,Time Deposit,1279095925,2026-05-14,JKT02,INACTIVE
17671,231,Time Deposit,365546182,2026-05-03,YGY01,ACTIVE
17672,4590,Savings,99634547,2027-04-01,SBY01,INACTIVE
17673,8899,Savings,37355834,2026-11-22,JKT02,INACTIVE
17674,1746,Time Deposit,517861981,2026-09-13,YGY01,INACTIVE
17675,3112,Savings,186363038,2028-01-24,JKT01,INACTIVE
17676,1401,Savings,14789869,2027-11-18,MDN01,ACTIVE
17677,9363,Savings,19171420,2026-08-10,SMG01,INACTIVE
17678,984,Savings,57993955,2027-04-03,JKT01,ACTIVE
17679,8482,Time Deposit,899151779,2026-12-06,JKT01,INACTIVE
17680,3633,Savings,104230623,2027-04-07,SMG01,INACTIVE
17681,1733,Savings,150506740,2026-07-30,JKT01,INACTIVE
17682,509,Savings,31944626,2027-02-03,SMG01,INACTIVE
17683,225,Savings,57979719,2027-06-11,SBY01,ACTIVE
17684,8763,Savings,102000201,2027-08-17,JKT01,ACTIVE
17685,6420,Savings,180461333,2026-08-09,SBY01,INACTIVE
17686,6275,Savings,7173491,2026-11-04,JKT02,INACTIVE
17687,4181,Savings,47326395,2028-03-02,SBY01,INACTIVE
17688,6932,Savings,173249763,2026-07-11,JKT02,INACTIVE
17689,6522,Savings,142875859,2026-09-20,BDG01,INACTIVE
17690,3109,Time Deposit,1147878919,2026-07-24,SMG01,INACTIVE
17691,957,Time Deposit,654343475,2026-11-13,MDN01,ACTIVE
17692,532,Savings,23779957,2026-07-20,JKT01,ACTIVE
17693,7424,Time Deposit,1052240802,2026-04-12,SMG01,INACTIVE
17694,5847,Time Deposit,981004979,2026-10-28,JKT01,INACTIVE
17695,9195,Time Deposit,1196110609,2026-12-25,SMG01,INACTIVE
17696,8049,Savings,30810374,2026-07-24,JKT01,ACTIVE
17697,3567,Time Deposit,1500144732,2026-06-12,SMG01,INACTIVE
17698,230,Time Deposit,443854093,2026-06-01,BDG01,ACTIVE
17699,5193,Savings,99890942,2027-11-20,SBY01,INACTIVE
17700,7935,Savings,27348425,2027-12-10,BDG01,ACTIVE
17701,8091,Savings,28858958,2027-05-16,SMG01,INACTIVE
17702,8812,Savings,3906041,2028-02-19,YGY01,ACTIVE
17703,3763,Savings,71811920,2027-08-12,JKT02,ACTIVE
17704,2750,Savings,8269061,2026-06-14,JKT02,INACTIVE
17705,1761,Time Deposit,199664737,2026-07-24,YGY01,INACTIVE
17706,2138,Savings,120771595,2027-06-30,SMG01,INACTIVE
17707,4855,Time Deposit,1206431300,2026-04-22,JKT02,INACTIVE
17708,3159,Savings,40877060,2027-03-21,BDG01,ACTIVE
17709,6518,Time Deposit,165194343,2026-04-29,BDG01,INACTIVE
17710,2951,Time Deposit,1029271821,2026-09-18,SMG01,INACTIVE
17711,6472,Savings,228702978,2027-05-02,BDG01,INACTIVE
17712,9389,Savings,25210489,2028-02-11,SBY01,ACTIVE
17713,3864,Time Deposit,1313589613,2026-06-21,BDG01,ACTIVE
17714,5627,Time Deposit,1495037349,2027-02-20,YGY01,ACTIVE
17715,8658,Savings,13499033,2027-03-27,YGY01,INACTIVE
17716,7344,Time Deposit,945476217,2027-01-22,SBY01,INACTIVE
17717,5132,Time Deposit,1065933673,2026-07-07,BDG01,INACTIVE
17718,5882,Savings,17389928,2027-09-23,JKT02,ACTIVE
17719,2624,Savings,10136875,2027-11-23,JKT02,INACTIVE
17720,3206,Savings,19926319,2027-11-27,SBY01,ACTIVE
17721,2598,Savings,15683202,2026-11-09,SBY01,INACTIVE
17722,9653,Savings,161975085,2027-10-24,SMG01,ACTIVE
17723,2485,Savings,81145161,2028-01-22,JKT01,INACTIVE
17724,8903,Time Deposit,217053880,2026-05-27,JKT02,INACTIVE
17725,6399,Savings,134838209,2027-12-10,BDG01,INACTIVE
17726,8868,Savings,15543314,2027-07-31,SMG01,ACTIVE
17727,8351,Savings,2499921,2027-09-07,BDG01,ACTIVE
17728,1528,Savings,60900837,2026-08-29,MDN01,INACTIVE
17729,5250,Savings,140280260,2026-05-07,BDG01,INACTIVE
17730,7965,Savings,194303415,2026-09-05,JKT01,INACTIVE
17731,2769,Time Deposit,273362143,2026-11-07,SMG01,INACTIVE
17732,5536,Time Deposit,842752751,2026-04-04,JKT01,INACTIVE
17733,6864,Time Deposit,1008884635,2026-07-01,YGY01,INACTIVE
17734,8358,Savings,52768171,2026-12-26,MDN01,INACTIVE
17735,3620,Savings,58523474,2026-08-31,JKT02,INACTIVE
17736,628,Savings,18688207,2026-10-14,SBY01,INACTIVE
17737,8918,Time Deposit,290645664,2026-07-05,JKT02,ACTIVE
17738,3136,Savings,18317411,2027-10-06,JKT01,INACTIVE
17739,7673,Time Deposit,913024928,2027-01-31,MDN01,INACTIVE
17740,7174,Savings,58742566,2026-09-11,YGY01,INACTIVE
17741,5359,Time Deposit,825302799,2026-06-07,YGY01,ACTIVE
17742,4021,Savings,43222499,2026-09-22,SMG01,INACTIVE
17743,6774,Time Deposit,581183334,2026-12-10,BDG01,INACTIVE
17744,7048,Time Deposit,765720751,2026-08-11,JKT01,ACTIVE
17745,4044,Time Deposit,1263016979,2026-08-17,MDN01,INACTIVE
17746,7227,Time Deposit,501906038,2026-06-26,BDG01,ACTIVE
17747,6051,Savings,10206930,2026-07-02,BDG01,INACTIVE
17748,8201,Time Deposit,705125706,2026-10-21,YGY01,INACTIVE
17749,3047,Savings,157763003,2026-04-28,BDG01,INACTIVE
17750,4961,Time Deposit,1057170109,2027-02-19,MDN01,INACTIVE
17751,1776,Savings,25554294,2028-02-13,JKT01,ACTIVE
17752,5934,Savings,11592713,2027-04-03,JKT01,INACTIVE
17753,840,Savings,6650978,2026-10-12,SMG01,INACTIVE
17754,8982,Time Deposit,173684333,2027-01-17,YGY01,INACTIVE
17755,4626,Time Deposit,908026436,2026-11-24,JKT02,INACTIVE
17756,462,Savings,8472976,2026-10-03,JKT02,INACTIVE
17757,931,Time Deposit,963765056,2026-06-03,JKT02,INACTIVE
17758,7839,Savings,19425932,2026-07-30,YGY01,ACTIVE
17759,5072,Savings,30410230,2027-11-16,YGY01,INACTIVE
17760,9597,Savings,29248493,2026-10-18,JKT02,INACTIVE
17761,6672,Savings,65265920,2026-06-30,YGY01,INACTIVE
17762,9463,Savings,37174408,2026-07-07,BDG01,INACTIVE
17763,1767,Savings,51015970,2026-07-31,YGY01,ACTIVE
17764,3642,Savings,12494963,2027-11-03,JKT01,INACTIVE
17765,5180,Savings,7894829,2026-05-16,JKT02,INACTIVE
17766,3587,Savings,9780290,2027-08-19,BDG01,INACTIVE
17767,9979,Savings,27084828,2027-10-12,YGY01,INACTIVE
17768,5700,Time Deposit,782683144,2026-06-16,JKT01,INACTIVE
17769,5960,Time Deposit,256592740,2026-12-04,BDG01,ACTIVE
17770,4742,Time Deposit,1951208434,2026-12-05,SBY01,INACTIVE
17771,7157,Time Deposit,1063523944,2027-03-03,JKT02,ACTIVE
17772,5446,Time Deposit,435386231,2027-01-03,BDG01,INACTIVE
17773,4933,Savings,84008111,2026-07-14,BDG01,ACTIVE
17774,9576,Savings,46098324,2027-03-21,SBY01,ACTIVE
17775,3708,Time Deposit,408722524,2026-05-12,MDN01,ACTIVE
17776,409,Savings,29493658,2027-02-19,JKT02,INACTIVE
17777,4616,Savings,20847586,2027-09-22,MDN01,INACTIVE
17778,3719,Savings,79009434,2026-12-03,MDN01,INACTIVE
17779,2579,Savings,17086620,2027-11-12,JKT02,INACTIVE
17780,4864,Time Deposit,857716561,2026-08-25,JKT02,INACTIVE
17781,355,Savings,22414586,2027-04-15,SBY01,INACTIVE
17782,7570,Savings,14514328,2026-04-15,MDN01,INACTIVE
17783,5797,Time Deposit,800708063,2026-06-23,BDG01,ACTIVE
17784,7959,Savings,40230199,2026-09-07,YGY01,INACTIVE
17785,22,Time Deposit,453787304,2026-12-11,MDN01,INACTIVE
17786,7420,Savings,11731664,2026-07-05,JKT02,INACTIVE
17787,6572,Time Deposit,478610611,2026-03-30,SMG01,INACTIVE
17788,8070,Savings,102816905,2026-06-22,SMG01,INACTIVE
17789,7553,Savings,24151127,2026-11-30,JKT02,INACTIVE
17790,5157,Time Deposit,850247164,2026-09-03,JKT02,INACTIVE
17791,6631,Time Deposit,193516599,2026-09-05,YGY01,ACTIVE
17792,3113,Savings,22101508,2027-07-26,JKT02,INACTIVE
17793,2895,Savings,81705284,2027-09-07,JKT02,ACTIVE
17794,6469,Time Deposit,742889700,2027-01-19,JKT02,INACTIVE
17795,6319,Savings,66864234,2026-07-25,SMG01,INACTIVE
17796,9341,Savings,12822611,2027-12-12,SBY01,INACTIVE
17797,6587,Savings,38824540,2026-06-27,SMG01,INACTIVE
17798,3368,Time Deposit,405314152,2026-11-10,JKT02,INACTIVE
17799,2179,Time Deposit,1180756543,2026-08-21,JKT02,INACTIVE
17800,7958,Time Deposit,116813917,2026-10-25,JKT02,INACTIVE
17801,1176,Savings,26065847,2026-05-24,JKT01,INACTIVE
17802,4129,Savings,22535737,2027-08-01,MDN01,INACTIVE
17803,8762,Time Deposit,469426809,2026-12-09,SBY01,INACTIVE
17804,4757,Time Deposit,279711647,2026-05-01,SBY01,INACTIVE
17805,7606,Savings,42603771,2027-01-15,SBY01,INACTIVE
17806,9491,Savings,45129173,2026-08-22,MDN01,INACTIVE
17807,3091,Time Deposit,512646503,2026-07-20,MDN01,INACTIVE
17808,6070,Savings,122491948,2027-08-15,SBY01,INACTIVE
17809,3300,Savings,123953155,2027-10-23,JKT02,INACTIVE
17810,2202,Savings,7522845,2026-11-27,JKT02,INACTIVE
17811,955,Time Deposit,456471279,2026-04-04,JKT02,INACTIVE
17812,1593,Savings,69487506,2027-01-06,JKT02,INACTIVE
17813,3008,Savings,45948385,2027-08-14,JKT01,INACTIVE
17814,9121,Time Deposit,924983964,2027-02-26,SMG01,INACTIVE
17815,8032,Savings,17506088,2027-03-31,JKT01,ACTIVE
17816,9404,Time Deposit,572985933,2026-06-02,BDG01,INACTIVE
17817,8960,Savings,129113298,2027-04-30,JKT02,ACTIVE
17818,7582,Time Deposit,414465550,2026-07-13,JKT01,INACTIVE
17819,6924,Savings,27657541,2027-12-24,JKT02,INACTIVE
17820,3814,Savings,13091998,2026-08-25,YGY01,INACTIVE
17821,2575,Savings,99770837,2026-07-24,YGY01,INACTIVE
17822,5508,Time Deposit,598724342,2026-06-10,MDN01,INACTIVE
17823,1675,Savings,23456807,2027-07-24,SBY01,ACTIVE
17824,5901,Savings,28290933,2028-01-15,BDG01,INACTIVE
17825,1265,Savings,106628997,2026-05-14,SMG01,INACTIVE
17826,7803,Time Deposit,1053572809,2026-07-10,MDN01,INACTIVE
17827,1445,Savings,10073983,2028-03-10,MDN01,INACTIVE
17828,7050,Time Deposit,1105089111,2026-07-09,JKT01,ACTIVE
17829,6225,Time Deposit,1237150362,2026-10-31,SMG01,INACTIVE
17830,3102,Time Deposit,392137642,2027-03-13,YGY01,INACTIVE
17831,4541,Time Deposit,363063456,2027-01-01,JKT01,INACTIVE
17832,3671,Savings,32512188,2026-05-10,JKT01,INACTIVE
17833,2661,Time Deposit,824008037,2027-02-04,BDG01,INACTIVE
17834,9488,Savings,100037781,2027-01-18,SMG01,INACTIVE
17835,4960,Savings,136098468,2027-02-22,JKT01,ACTIVE
17836,9928,Time Deposit,532910819,2026-04-17,JKT01,INACTIVE
17837,4756,Savings,29321012,2026-05-17,MDN01,INACTIVE
17838,1181,Savings,43478924,2026-05-26,JKT02,ACTIVE
17839,8321,Savings,17843480,2026-07-26,JKT02,INACTIVE
17840,2563,Savings,19311942,2026-06-12,MDN01,INACTIVE
17841,1166,Savings,36143223,2028-02-26,SBY01,INACTIVE
17842,4550,Time Deposit,750168847,2026-06-27,JKT01,INACTIVE
17843,3755,Time Deposit,402123866,2026-06-06,JKT01,ACTIVE
17844,4819,Savings,37297194,2026-07-26,JKT01,INACTIVE
17845,8701,Savings,11817575,2026-11-14,YGY01,INACTIVE
17846,139,Savings,132763528,2027-11-07,YGY01,INACTIVE
17847,2773,Time Deposit,180679182,2026-09-22,BDG01,ACTIVE
17848,5246,Savings,28162141,2028-01-27,SMG01,INACTIVE
17849,9536,Savings,17120095,2026-06-14,JKT01,INACTIVE
17850,1886,Savings,212664763,2027-02-15,SBY01,INACTIVE
17851,3732,Savings,12088502,2026-05-07,SMG01,INACTIVE
17852,2578,Savings,32662342,2026-09-13,BDG01,ACTIVE
17853,3974,Savings,16298843,2026-09-02,BDG01,INACTIVE
17854,1756,Time Deposit,1358712502,2026-09-06,YGY01,INACTIVE
17855,6358,Time Deposit,868153821,2026-12-12,YGY01,ACTIVE
17856,3955,Savings,37116151,2026-10-01,YGY01,INACTIVE
17857,5648,Savings,115174560,2027-11-29,YGY01,INACTIVE
17858,8361,Savings,7497802,2027-07-04,SMG01,ACTIVE
17859,6859,Time Deposit,260126338,2026-08-04,SBY01,ACTIVE
17860,2899,Savings,26188258,2026-09-24,SMG01,ACTIVE
17861,8037,Savings,18838128,2027-02-11,YGY01,INACTIVE
17862,796,Savings,85513125,2027-11-23,YGY01,ACTIVE
17863,8074,Time Deposit,1371691012,2026-04-21,MDN01,INACTIVE
17864,485,Savings,22839585,2026-11-21,JKT01,INACTIVE
17865,513,Time Deposit,403840801,2026-06-23,BDG01,INACTIVE
17866,3903,Time Deposit,230023250,2026-07-14,SMG01,ACTIVE
17867,1877,Time Deposit,229064899,2026-05-15,JKT02,INACTIVE
17868,469,Time Deposit,255956706,2026-05-19,JKT02,INACTIVE
17869,8092,Time Deposit,194738550,2026-08-14,JKT02,INACTIVE
17870,6841,Time Deposit,740170823,2026-04-27,YGY01,INACTIVE
17871,34,Time Deposit,323697917,2026-06-08,JKT01,ACTIVE
17872,9897,Savings,33881892,2027-08-09,BDG01,INACTIVE
17873,2376,Savings,12981019,2026-04-26,BDG01,ACTIVE
17874,5152,Savings,69275071,2027-04-07,YGY01,INACTIVE
17875,7255,Savings,27643775,2026-06-24,SBY01,INACTIVE
17876,7365,Time Deposit,512744297,2026-08-20,SBY01,INACTIVE
17877,1464,Savings,25564130,2027-06-08,SMG01,INACTIVE
17878,9801,Time Deposit,616865936,2026-05-10,BDG01,INACTIVE
17879,6729,Savings,10052084,2027-11-10,SBY01,INACTIVE
17880,6417,Time Deposit,208317434,2026-10-11,JKT02,INACTIVE
17881,3555,Savings,76538644,2026-10-05,JKT01,INACTIVE
17882,5461,Time Deposit,1596875029,2026-10-18,BDG01,INACTIVE
17883,1979,Savings,27445366,2026-07-10,JKT02,INACTIVE
17884,5064,Savings,81837000,2026-06-16,BDG01,INACTIVE
17885,3613,Time Deposit,525646991,2026-04-06,SMG01,INACTIVE
17886,5148,Savings,65203727,2027-07-15,MDN01,INACTIVE
17887,2975,Savings,75488846,2027-03-03,SMG01,INACTIVE
17888,5378,Savings,35045107,2027-06-06,YGY01,INACTIVE
17889,461,Savings,19671812,2027-05-15,MDN01,INACTIVE
17890,3776,Savings,183844480,2026-05-26,SBY01,INACTIVE
17891,3895,Savings,15773548,2026-04-26,SBY01,INACTIVE
17892,3676,Savings,75710930,2026-11-21,SBY01,INACTIVE
17893,7747,Savings,45612309,2027-10-26,JKT01,INACTIVE
17894,3856,Savings,130499595,2027-06-28,MDN01,INACTIVE
17895,6023,Savings,182706043,2026-05-09,JKT01,ACTIVE
17896,4725,Savings,41999038,2026-04-20,SBY01,ACTIVE
17897,1304,Time Deposit,590542622,2026-09-26,BDG01,INACTIVE
17898,6719,Savings,31106872,2027-01-01,JKT02,INACTIVE
17899,5966,Time Deposit,1229960388,2027-03-08,BDG01,INACTIVE
17900,9565,Time Deposit,826062314,2026-10-17,JKT02,INACTIVE
17901,1044,Savings,84366574,2026-09-13,YGY01,INACTIVE
17902,7229,Time Deposit,741930628,2026-08-11,JKT02,INACTIVE
17903,5629,Savings,61961138,2026-12-19,JKT01,INACTIVE
17904,7228,Time Deposit,1087689177,2027-02-28,JKT01,ACTIVE
17905,9195,Time Deposit,284613262,2026-10-21,JKT01,INACTIVE
17906,142,Savings,25565791,2028-01-07,BDG01,INACTIVE
17907,2036,Savings,32014179,2027-03-28,BDG01,ACTIVE
17908,4564,Time Deposit,308971444,2026-04-23,SMG01,INACTIVE
17909,8789,Savings,59119063,2027-02-23,MDN01,INACTIVE
17910,5323,Savings,29409350,2028-02-20,SBY01,INACTIVE
17911,3131,Time Deposit,1050224632,2026-07-25,JKT01,INACTIVE
17912,1933,Savings,26289567,2027-12-19,JKT02,INACTIVE
17913,3510,Time Deposit,290039897,2026-10-21,BDG01,ACTIVE
17914,6792,Time Deposit,901186687,2027-02-07,BDG01,ACTIVE
17915,8882,Savings,135994357,2027-01-28,YGY01,INACTIVE
17916,8919,Savings,102189203,2026-11-29,SBY01,INACTIVE
17917,7718,Time Deposit,271555617,2026-08-31,SMG01,INACTIVE
17918,2134,Time Deposit,1590664541,2026-09-06,SMG01,INACTIVE
17919,8058,Savings,146343231,2027-09-15,SBY01,INACTIVE
17920,7100,Time Deposit,258095628,2026-11-23,JKT02,ACTIVE
17921,5624,Time Deposit,1949606214,2026-04-01,SMG01,INACTIVE
17922,9465,Time Deposit,249879013,2026-05-31,SBY01,INACTIVE
17923,8232,Savings,13178161,2027-05-17,SMG01,INACTIVE
17924,6118,Savings,21499842,2027-02-18,SBY01,INACTIVE
17925,986,Time Deposit,1393827163,2027-02-10,SMG01,ACTIVE
17926,4444,Time Deposit,333646450,2027-03-05,MDN01,INACTIVE
17927,6896,Savings,32435762,2026-10-08,SBY01,ACTIVE
17928,6320,Time Deposit,1770725276,2027-02-24,BDG01,INACTIVE
17929,4225,Time Deposit,959143193,2026-04-08,YGY01,INACTIVE
17930,7886,Time Deposit,851900469,2027-02-26,SMG01,INACTIVE
17931,8749,Savings,41753519,2028-02-11,SBY01,INACTIVE
17932,9459,Savings,116370038,2027-11-27,JKT02,ACTIVE
17933,4704,Savings,19306675,2027-02-15,MDN01,ACTIVE
17934,5281,Time Deposit,308459602,2027-02-12,BDG01,INACTIVE
17935,3035,Savings,23930115,2028-02-10,BDG01,ACTIVE
17936,5865,Savings,12697917,2027-07-06,SBY01,INACTIVE
17937,5482,Savings,88976498,2027-07-15,JKT02,INACTIVE
17938,6544,Time Deposit,361770151,2026-07-26,MDN01,INACTIVE
17939,2848,Savings,130248479,2026-09-09,BDG01,INACTIVE
17940,3724,Time Deposit,1965693530,2026-08-03,YGY01,ACTIVE
17941,83,Savings,15677460,2026-05-22,JKT02,ACTIVE
17942,5304,Savings,55955857,2027-01-12,BDG01,INACTIVE
17943,2943,Time Deposit,1672600185,2027-03-16,YGY01,INACTIVE
17944,5081,Savings,178478142,2027-06-10,MDN01,INACTIVE
17945,904,Savings,8314138,2028-01-26,SMG01,INACTIVE
17946,8565,Savings,75699162,2028-01-29,YGY01,INACTIVE
17947,2576,Savings,12248454,2027-07-02,JKT01,INACTIVE
17948,2549,Time Deposit,600802137,2026-06-20,YGY01,INACTIVE
17949,1060,Time Deposit,500614331,2026-06-21,JKT01,INACTIVE
17950,5943,Savings,185235212,2027-06-03,YGY01,INACTIVE
17951,4464,Time Deposit,1138821230,2026-06-11,BDG01,INACTIVE
17952,6411,Time Deposit,1552797862,2026-11-10,JKT02,INACTIVE
17953,2889,Time Deposit,1232614606,2026-04-25,JKT01,ACTIVE
17954,2780,Savings,141155716,2028-02-17,JKT01,INACTIVE
17955,3965,Time Deposit,632014265,2026-12-02,SBY01,INACTIVE
17956,4568,Savings,17358066,2027-12-27,MDN01,INACTIVE
17957,6722,Time Deposit,783350307,2026-11-10,MDN01,INACTIVE
17958,6243,Savings,23005460,2026-10-27,SBY01,INACTIVE
17959,9489,Time Deposit,733449554,2026-07-26,JKT02,INACTIVE
17960,9263,Savings,10026297,2027-12-27,JKT01,INACTIVE
17961,2961,Savings,22088572,2027-05-02,SMG01,INACTIVE
17962,5304,Time Deposit,1304515693,2026-04-27,JKT01,ACTIVE
17963,232,Savings,53623605,2028-02-22,SMG01,INACTIVE
17964,9915,Savings,14859291,2028-01-22,SMG01,INACTIVE
17965,2555,Time Deposit,1120720697,2026-10-01,JKT02,INACTIVE
17966,5218,Savings,84179338,2026-08-17,MDN01,INACTIVE
17967,8503,Savings,185625686,2028-02-10,BDG01,ACTIVE
17968,7118,Time Deposit,483867018,2026-07-12,BDG01,ACTIVE
17969,9254,Savings,46466897,2026-07-21,JKT02,ACTIVE
17970,1023,Savings,45115714,2026-10-01,SBY01,INACTIVE
17971,9853,Time Deposit,169310199,2026-06-06,JKT01,INACTIVE
17972,1361,Time Deposit,185441107,2027-03-14,MDN01,INACTIVE
17973,27,Savings,148326871,2027-12-03,SBY01,INACTIVE
17974,9935,Time Deposit,1290693847,2026-04-02,SBY01,INACTIVE
17975,4569,Time Deposit,489701974,2027-03-11,SBY01,INACTIVE
17976,4176,Savings,11208767,2026-06-21,SBY01,INACTIVE
17977,6576,Savings,5819461,2027-04-10,SBY01,INACTIVE
17978,5198,Savings,9665886,2027-05-08,JKT02,INACTIVE
17979,5225,Time Deposit,698165967,2026-09-26,BDG01,INACTIVE
17980,3704,Savings,31194498,2027-06-02,YGY01,INACTIVE
17981,8564,Time Deposit,623360393,2026-08-05,JKT02,INACTIVE
17982,7941,Savings,137555283,2027-09-21,YGY01,ACTIVE
17983,1879,Time Deposit,930947914,2026-04-19,JKT01,INACTIVE
17984,1256,Savings,167467542,2027-06-30,SMG01,INACTIVE
17985,6859,Time Deposit,316617855,2027-01-17,YGY01,INACTIVE
17986,4237,Time Deposit,661140256,2026-12-31,SMG01,INACTIVE
17987,8797,Savings,16864548,2027-07-10,JKT02,ACTIVE
17988,1355,Savings,191206090,2028-01-27,MDN01,INACTIVE
17989,3015,Savings,102080285,2026-08-20,SBY01,INACTIVE
17990,2538,Time Deposit,517977879,2026-04-22,SBY01,INACTIVE
17991,1527,Time Deposit,1353400365,2026-12-01,BDG01,INACTIVE
17992,7697,Time Deposit,1231824573,2027-01-26,MDN01,ACTIVE
17993,4245,Savings,17520088,2026-11-23,JKT01,INACTIVE
17994,902,Savings,58604233,2026-07-31,SMG01,INACTIVE
17995,2747,Savings,12273136,2026-11-19,JKT01,INACTIVE
17996,6659,Savings,64485838,2027-10-09,YGY01,ACTIVE
17997,4040,Savings,167204213,2028-02-21,YGY01,INACTIVE
17998,9462,Savings,22045503,2027-04-18,YGY01,ACTIVE
17999,8967,Time Deposit,1195015199,2026-08-19,JKT02,INACTIVE
18000,2794,Time Deposit,556393910,2027-01-09,MDN01,INACTIVE
18001,5218,Savings,98840115,2026-10-10,SBY01,INACTIVE
18002,6203,Time Deposit,1260748703,2026-10-24,SBY01,ACTIVE
18003,1557,Time Deposit,414985433,2026-12-21,BDG01,ACTIVE
18004,8799,Time Deposit,324968126,2026-12-11,JKT01,ACTIVE
18005,8116,Time Deposit,398071105,2027-01-13,JKT01,INACTIVE
18006,1659,Savings,16069120,2027-03-23,BDG01,ACTIVE
18007,7590,Time Deposit,856370228,2026-05-04,MDN01,INACTIVE
18008,3427,Time Deposit,399431233,2027-01-24,BDG01,INACTIVE
18009,4399,Savings,10706202,2027-04-23,MDN01,ACTIVE
18010,6484,Savings,9676971,2027-08-21,JKT01,INACTIVE
18011,2015,Savings,171375525,2028-01-19,BDG01,INACTIVE
18012,2801,Savings,5447562,2026-12-18,YGY01,ACTIVE
18013,6996,Time Deposit,592996995,2026-07-05,JKT02,INACTIVE
18014,3862,Savings,40919661,2027-02-19,JKT02,INACTIVE
18015,1912,Savings,34457665,2027-12-25,YGY01,ACTIVE
18016,9212,Savings,20176479,2027-01-26,SMG01,INACTIVE
18017,9727,Time Deposit,599945006,2026-05-10,JKT02,INACTIVE
18018,4538,Time Deposit,864072767,2026-11-10,MDN01,INACTIVE
18019,7078,Savings,37190277,2027-08-22,YGY01,INACTIVE
18020,526,Savings,7660970,2028-01-12,SMG01,INACTIVE
18021,7208,Time Deposit,1247000232,2027-01-15,SMG01,INACTIVE
18022,2609,Savings,40998148,2027-11-25,MDN01,INACTIVE
18023,6334,Time Deposit,1110922805,2026-09-14,MDN01,INACTIVE
18024,4690,Savings,153205729,2027-02-11,SMG01,INACTIVE
18025,2909,Time Deposit,353599044,2026-12-28,JKT01,INACTIVE
18026,8317,Savings,17088197,2027-04-26,SBY01,INACTIVE
18027,5013,Savings,21405355,2026-11-16,SMG01,ACTIVE
18028,2016,Savings,84154863,2027-10-01,SMG01,INACTIVE
18029,2915,Savings,11196056,2028-01-28,YGY01,INACTIVE
18030,6970,Time Deposit,977403883,2026-12-21,JKT01,INACTIVE
18031,3200,Savings,13817757,2027-10-28,BDG01,INACTIVE
18032,4884,Time Deposit,758169844,2026-10-06,BDG01,INACTIVE
18033,2101,Savings,41930581,2027-06-09,JKT02,INACTIVE
18034,3051,Time Deposit,953132710,2026-05-04,YGY01,ACTIVE
18035,6328,Savings,28469455,2026-06-22,SMG01,ACTIVE
18036,9995,Time Deposit,1182991599,2026-12-10,SMG01,INACTIVE
18037,7654,Savings,59827013,2026-10-11,BDG01,ACTIVE
18038,222,Time Deposit,282299226,2026-12-29,SBY01,INACTIVE
18039,4088,Time Deposit,209920678,2027-01-02,SBY01,INACTIVE
18040,7824,Savings,186154930,2026-12-19,YGY01,INACTIVE
18041,7622,Savings,35689826,2027-07-13,SMG01,INACTIVE
18042,7845,Savings,35001108,2027-03-12,MDN01,INACTIVE
18043,7201,Time Deposit,128384511,2026-09-05,YGY01,ACTIVE
18044,6884,Savings,14983333,2026-06-10,JKT02,ACTIVE
18045,7241,Time Deposit,644459505,2026-06-25,SMG01,INACTIVE
18046,2398,Savings,44444000,2026-10-05,JKT01,ACTIVE
18047,2861,Savings,90989263,2026-07-24,JKT01,INACTIVE
18048,1380,Savings,130819605,2028-01-08,SBY01,INACTIVE
18049,3696,Time Deposit,344252080,2026-05-18,SBY01,INACTIVE
18050,6147,Savings,34504102,2026-05-11,SBY01,INACTIVE
18051,5961,Savings,11510231,2026-05-12,MDN01,ACTIVE
18052,5863,Savings,100272926,2027-06-13,YGY01,INACTIVE
18053,1358,Savings,8565265,2026-09-23,YGY01,INACTIVE
18054,626,Savings,160254663,2027-08-11,JKT02,ACTIVE
18055,2134,Time Deposit,767055813,2026-08-26,MDN01,INACTIVE
18056,1663,Time Deposit,1543760707,2026-06-19,MDN01,ACTIVE
18057,3197,Time Deposit,765849570,2026-05-23,YGY01,ACTIVE
18058,8027,Savings,65828556,2027-12-04,MDN01,INACTIVE
18059,237,Savings,81592425,2028-02-27,YGY01,INACTIVE
18060,5903,Savings,107911790,2027-09-27,JKT02,ACTIVE
18061,4611,Savings,7948508,2026-11-27,MDN01,INACTIVE
18062,2192,Savings,44181764,2026-11-21,BDG01,INACTIVE
18063,6119,Savings,3721601,2027-10-23,SBY01,INACTIVE
18064,3707,Savings,219042084,2027-07-01,JKT01,ACTIVE
18065,5192,Savings,30018100,2026-12-08,SMG01,INACTIVE
18066,610,Time Deposit,452553836,2027-02-03,JKT02,INACTIVE
18067,7322,Time Deposit,1188293781,2027-03-08,SMG01,ACTIVE
18068,2039,Time Deposit,636764680,2027-03-01,BDG01,INACTIVE
18069,7672,Time Deposit,261806808,2026-12-04,BDG01,INACTIVE
18070,886,Savings,49371914,2027-05-24,BDG01,INACTIVE
18071,1681,Savings,142539177,2027-05-04,BDG01,INACTIVE
18072,8485,Time Deposit,783461773,2026-10-30,SBY01,INACTIVE
18073,3075,Time Deposit,216848447,2026-12-10,YGY01,ACTIVE
18074,1724,Time Deposit,1352992857,2026-10-31,JKT01,ACTIVE
18075,986,Savings,105380677,2027-06-17,SMG01,INACTIVE
18076,5970,Savings,24465949,2026-12-30,SBY01,ACTIVE
18077,5826,Savings,38931743,2026-12-06,MDN01,ACTIVE
18078,2759,Time Deposit,1653890540,2027-02-09,YGY01,INACTIVE
18079,7468,Time Deposit,1247935311,2026-11-15,YGY01,ACTIVE
18080,2924,Time Deposit,313109801,2026-10-29,JKT02,INACTIVE
18081,4307,Time Deposit,691728248,2027-01-11,JKT02,INACTIVE
18082,8234,Savings,27540841,2027-04-15,YGY01,ACTIVE
18083,8872,Savings,15815938,2026-04-24,SBY01,INACTIVE
18084,9679,Savings,87241751,2027-10-11,SBY01,INACTIVE
18085,9938,Savings,86222984,2026-10-01,SMG01,INACTIVE
18086,963,Savings,76963326,2026-07-03,SMG01,INACTIVE
18087,5817,Savings,4614627,2027-06-25,SMG01,INACTIVE
18088,4035,Savings,18411759,2028-01-04,YGY01,INACTIVE
18089,960,Savings,127236537,2026-06-21,BDG01,ACTIVE
18090,6417,Time Deposit,949283642,2026-12-21,SBY01,INACTIVE
18091,1582,Savings,51234220,2026-10-08,MDN01,INACTIVE
18092,278,Savings,168453406,2027-04-30,YGY01,INACTIVE
18093,2208,Savings,72875123,2026-07-10,BDG01,INACTIVE
18094,9329,Savings,13166083,2026-11-19,YGY01,INACTIVE
18095,4738,Time Deposit,382738297,2026-10-13,MDN01,ACTIVE
18096,9783,Time Deposit,662612941,2026-10-26,YGY01,INACTIVE
18097,8079,Time Deposit,588086530,2026-04-01,JKT02,INACTIVE
18098,7870,Time Deposit,1235410035,2026-06-18,MDN01,ACTIVE
18099,7071,Savings,16152391,2027-04-09,YGY01,INACTIVE
18100,4815,Time Deposit,187399745,2026-04-11,MDN01,ACTIVE
18101,7643,Savings,42389845,2026-11-09,YGY01,ACTIVE
18102,8199,Savings,38738719,2028-02-22,SMG01,ACTIVE
18103,7990,Savings,70312645,2026-12-08,SBY01,ACTIVE
18104,8534,Time Deposit,550041381,2026-08-29,JKT01,INACTIVE
18105,5771,Savings,118161146,2026-04-30,JKT01,INACTIVE
18106,1223,Time Deposit,426985053,2026-04-20,SBY01,ACTIVE
18107,9040,Time Deposit,463490697,2027-02-25,YGY01,INACTIVE
18108,9243,Time Deposit,547372105,2026-06-16,BDG01,INACTIVE
18109,8682,Time Deposit,705456873,2026-04-25,SMG01,ACTIVE
18110,5696,Time Deposit,1381114631,2026-08-12,BDG01,ACTIVE
18111,6217,Savings,14655286,2028-01-17,BDG01,ACTIVE
18112,6392,Time Deposit,1376302179,2026-08-06,SBY01,ACTIVE
18113,9527,Savings,26561092,2027-01-07,JKT01,INACTIVE
18114,1305,Savings,9956446,2027-07-17,JKT02,INACTIVE
18115,9893,Savings,24696418,2028-01-13,YGY01,INACTIVE
18116,771,Savings,75866774,2026-07-29,SBY01,ACTIVE
18117,9024,Time Deposit,599709204,2026-09-13,JKT01,INACTIVE
18118,3724,Savings,122390152,2026-10-19,JKT01,INACTIVE
18119,1001,Savings,174094214,2026-05-25,MDN01,INACTIVE
18120,9655,Time Deposit,436302435,2026-12-19,JKT01,INACTIVE
18121,9468,Savings,149706100,2027-12-27,BDG01,ACTIVE
18122,4798,Savings,158758606,2027-09-15,BDG01,INACTIVE
18123,2797,Savings,149797415,2027-08-08,BDG01,INACTIVE
18124,5153,Time Deposit,537153262,2026-05-09,BDG01,INACTIVE
18125,5826,Savings,50285462,2027-01-20,YGY01,INACTIVE
18126,8650,Time Deposit,397871448,2027-03-05,SBY01,INACTIVE
18127,1733,Savings,191808889,2027-02-15,JKT01,INACTIVE
18128,9631,Savings,61518880,2027-08-21,SBY01,INACTIVE
18129,2120,Savings,34330626,2026-06-28,SBY01,INACTIVE
18130,7854,Time Deposit,270895945,2026-08-24,BDG01,INACTIVE
18131,2065,Time Deposit,250778274,2026-05-15,BDG01,INACTIVE
18132,5416,Time Deposit,1649250079,2026-07-15,JKT02,INACTIVE
18133,529,Time Deposit,647799753,2026-12-13,BDG01,INACTIVE
18134,1766,Savings,9330133,2026-07-19,YGY01,ACTIVE
18135,8026,Savings,97771515,2027-07-15,BDG01,INACTIVE
18136,597,Time Deposit,939252637,2027-01-19,JKT02,INACTIVE
18137,8010,Savings,26907093,2027-05-25,SMG01,INACTIVE
18138,7732,Time Deposit,231114578,2026-08-05,MDN01,INACTIVE
18139,562,Savings,36689163,2026-12-21,JKT01,INACTIVE
18140,9782,Savings,27506667,2027-08-19,JKT01,ACTIVE
18141,7751,Time Deposit,615179081,2026-08-04,BDG01,INACTIVE
18142,494,Savings,47870633,2027-06-28,SBY01,INACTIVE
18143,880,Savings,13263143,2028-01-20,BDG01,INACTIVE
18144,7969,Time Deposit,706883601,2026-10-21,JKT01,INACTIVE
18145,9020,Savings,31869722,2028-03-03,MDN01,INACTIVE
18146,4214,Savings,28704690,2027-09-12,MDN01,ACTIVE
18147,1647,Savings,4840855,2027-05-11,JKT02,INACTIVE
18148,4216,Savings,14704552,2026-06-08,JKT01,ACTIVE
18149,8379,Savings,102566967,2027-06-01,SBY01,INACTIVE
18150,5639,Time Deposit,205080806,2026-08-24,JKT02,INACTIVE
18151,2683,Savings,11777937,2027-05-21,SBY01,INACTIVE
18152,7814,Savings,21956141,2026-08-01,SMG01,INACTIVE
18153,4875,Savings,15684212,2027-07-29,YGY01,ACTIVE
18154,7981,Savings,35479022,2026-10-31,JKT02,INACTIVE
18155,2595,Time Deposit,236121427,2026-09-14,JKT02,INACTIVE
18156,8458,Time Deposit,627816742,2026-05-29,MDN01,ACTIVE
18157,5984,Time Deposit,1129959955,2026-08-04,SMG01,INACTIVE
18158,3409,Savings,6580262,2026-06-23,YGY01,INACTIVE
18159,4268,Savings,26318013,2026-12-31,SBY01,INACTIVE
18160,809,Savings,34145743,2027-09-10,BDG01,ACTIVE
18161,1112,Savings,179229606,2028-03-02,JKT02,INACTIVE
18162,27,Savings,167167288,2026-08-09,MDN01,INACTIVE
18163,1430,Savings,49961010,2027-10-24,JKT02,INACTIVE
18164,5309,Time Deposit,1544775014,2027-01-17,JKT01,ACTIVE
18165,5816,Savings,28133097,2027-02-20,JKT02,ACTIVE
18166,4805,Savings,17194283,2027-10-14,SMG01,ACTIVE
18167,4403,Savings,13751026,2028-02-25,JKT02,ACTIVE
18168,4945,Savings,10519492,2027-06-02,JKT02,INACTIVE
18169,1445,Savings,12534180,2028-01-19,YGY01,INACTIVE
18170,3865,Savings,79263237,2027-07-27,JKT01,INACTIVE
18171,702,Time Deposit,701295807,2026-04-16,SBY01,ACTIVE
18172,4548,Time Deposit,597380531,2026-05-02,SMG01,INACTIVE
18173,8341,Savings,25915168,2028-01-22,JKT01,INACTIVE
18174,9697,Savings,36690071,2026-10-21,JKT01,ACTIVE
18175,7484,Savings,54290475,2027-06-19,BDG01,ACTIVE
18176,1290,Time Deposit,872012096,2026-04-08,MDN01,INACTIVE
18177,2951,Savings,129937544,2027-03-02,SMG01,INACTIVE
18178,2334,Savings,15168713,2027-05-16,JKT01,INACTIVE
18179,8502,Time Deposit,640116201,2026-11-27,SMG01,INACTIVE
18180,8551,Savings,41619352,2026-11-18,BDG01,INACTIVE
18181,9789,Savings,7108758,2027-12-12,JKT02,INACTIVE
18182,5807,Time Deposit,932672065,2026-09-27,JKT02,INACTIVE
18183,6251,Savings,15632415,2028-01-29,SMG01,INACTIVE
18184,9700,Time Deposit,1220791929,2026-07-01,SMG01,INACTIVE
18185,7854,Savings,31469950,2027-09-07,JKT02,ACTIVE
18186,4238,Savings,68182419,2027-04-12,SMG01,ACTIVE
18187,2832,Savings,102577451,2026-12-19,JKT02,INACTIVE
18188,7866,Time Deposit,1056285786,2027-02-14,MDN01,ACTIVE
18189,2716,Savings,132911673,2028-02-26,SMG01,ACTIVE
18190,2778,Savings,10332587,2027-04-07,SBY01,ACTIVE
18191,6618,Savings,31813402,2027-08-06,BDG01,INACTIVE
18192,7829,Savings,75586990,2027-09-06,SBY01,ACTIVE
18193,4110,Time Deposit,84687117,2026-07-25,JKT02,INACTIVE
18194,3773,Savings,19732556,2027-01-21,BDG01,ACTIVE
18195,1861,Time Deposit,714897093,2027-03-09,JKT01,INACTIVE
18196,3400,Savings,90176611,2026-06-09,BDG01,INACTIVE
18197,1223,Time Deposit,475659803,2027-03-05,SBY01,INACTIVE
18198,7133,Savings,130075222,2027-12-09,MDN01,INACTIVE
18199,1725,Savings,25618150,2026-05-24,JKT02,ACTIVE
18200,85,Savings,74911060,2028-02-26,YGY01,ACTIVE
18201,1736,Time Deposit,658665974,2027-02-17,SMG01,ACTIVE
18202,7246,Savings,21046593,2027-09-30,YGY01,INACTIVE
18203,2327,Savings,42240722,2026-04-27,MDN01,ACTIVE
18204,9367,Savings,19789121,2026-09-02,SBY01,INACTIVE
18205,3834,Time Deposit,992439084,2026-04-05,JKT02,INACTIVE
18206,2873,Time Deposit,569515573,2026-10-08,SBY01,INACTIVE
18207,1912,Savings,17815356,2026-07-10,BDG01,INACTIVE
18208,270,Time Deposit,1404744235,2026-06-21,BDG01,ACTIVE
18209,2324,Time Deposit,853771641,2026-05-31,JKT01,INACTIVE
18210,7624,Savings,28109451,2027-10-01,BDG01,INACTIVE
18211,5174,Time Deposit,246938322,2027-01-13,BDG01,INACTIVE
18212,4749,Time Deposit,536898529,2027-01-10,BDG01,INACTIVE
18213,4569,Time Deposit,1073838146,2026-10-11,SMG01,INACTIVE
18214,7279,Time Deposit,945114382,2026-06-22,YGY01,INACTIVE
18215,9646,Time Deposit,240105980,2026-12-11,SBY01,INACTIVE
18216,2615,Savings,30220949,2026-09-20,YGY01,INACTIVE
18217,8219,Time Deposit,149143508,2026-12-01,JKT01,INACTIVE
18218,9971,Savings,51710972,2027-05-02,YGY01,INACTIVE
18219,8307,Time Deposit,753195454,2026-05-25,BDG01,INACTIVE
18220,6155,Savings,156282361,2027-06-29,SMG01,INACTIVE
18221,7147,Savings,132258237,2027-04-10,YGY01,ACTIVE
18222,7222,Time Deposit,553246437,2026-06-05,SMG01,ACTIVE
18223,1400,Time Deposit,1043142450,2027-01-31,BDG01,ACTIVE
18224,3432,Savings,33844904,2028-01-13,BDG01,INACTIVE
18225,8746,Time Deposit,304842133,2026-07-08,JKT01,INACTIVE
18226,3654,Savings,22367791,2026-05-17,JKT01,ACTIVE
18227,8411,Time Deposit,267132288,2026-05-23,MDN01,INACTIVE
18228,5871,Savings,14293957,2027-07-08,JKT01,INACTIVE
18229,7098,Time Deposit,517842272,2027-02-25,JKT02,INACTIVE
18230,9053,Time Deposit,596766245,2026-06-05,JKT01,INACTIVE
18231,7685,Savings,5368134,2028-01-05,YGY01,INACTIVE
18232,422,Savings,35118965,2027-01-13,YGY01,INACTIVE
18233,6426,Savings,12632870,2027-03-08,YGY01,INACTIVE
18234,7446,Savings,23891223,2027-06-11,JKT02,INACTIVE
18235,4834,Time Deposit,249469646,2026-07-09,BDG01,ACTIVE
18236,2926,Time Deposit,924577388,2026-12-08,SBY01,INACTIVE
18237,8468,Savings,29057281,2027-01-29,MDN01,INACTIVE
18238,1975,Savings,14669580,2027-02-24,BDG01,INACTIVE
18239,8756,Time Deposit,1261634186,2026-05-30,BDG01,INACTIVE
18240,7976,Time Deposit,715905281,2027-03-01,SMG01,INACTIVE
18241,3649,Savings,150691490,2026-10-03,JKT02,ACTIVE
18242,3716,Savings,81462267,2027-06-10,JKT01,INACTIVE
18243,8738,Savings,2911198,2027-06-14,MDN01,INACTIVE
18244,9241,Time Deposit,716590806,2027-03-07,SBY01,ACTIVE
18245,7154,Time Deposit,472573094,2027-01-01,BDG01,ACTIVE
18246,6618,Savings,7140682,2027-05-25,BDG01,INACTIVE
18247,1265,Time Deposit,734477223,2026-09-03,BDG01,INACTIVE
18248,7399,Savings,13671535,2026-09-04,SBY01,ACTIVE
18249,9614,Savings,92571558,2026-11-20,MDN01,ACTIVE
18250,6205,Savings,37033631,2027-08-15,JKT02,INACTIVE
18251,4861,Savings,20344440,2027-02-08,SMG01,INACTIVE
18252,3426,Savings,29064173,2027-03-12,JKT01,ACTIVE
18253,4382,Time Deposit,186926319,2026-07-29,BDG01,INACTIVE
18254,6093,Savings,110107617,2027-09-08,SBY01,ACTIVE
18255,3235,Savings,23005954,2026-06-23,SMG01,ACTIVE
18256,4862,Savings,22895886,2027-12-07,YGY01,INACTIVE
18257,9127,Savings,65349765,2027-08-05,YGY01,ACTIVE
18258,6818,Time Deposit,259492920,2027-02-27,MDN01,INACTIVE
18259,285,Savings,14940522,2027-10-28,BDG01,ACTIVE
18260,93,Savings,13023616,2027-11-21,MDN01,INACTIVE
18261,5737,Savings,7174402,2026-06-04,JKT02,INACTIVE
18262,3722,Savings,14754748,2027-03-11,JKT02,INACTIVE
18263,7615,Time Deposit,1381870728,2027-02-22,SMG01,INACTIVE
18264,3898,Savings,174081482,2027-08-30,JKT01,INACTIVE
18265,9503,Savings,13089568,2027-11-30,YGY01,ACTIVE
18266,2571,Savings,7449459,2026-08-25,JKT02,ACTIVE
18267,166,Time Deposit,538552921,2026-05-28,SBY01,INACTIVE
18268,9600,Time Deposit,316490647,2026-06-08,MDN01,ACTIVE
18269,8882,Savings,54595755,2026-09-16,JKT01,INACTIVE
18270,5807,Time Deposit,1084891857,2026-05-16,MDN01,ACTIVE
18271,7697,Time Deposit,1050055304,2027-02-08,YGY01,INACTIVE
18272,7431,Savings,16625539,2027-03-04,BDG01,INACTIVE
18273,3762,Savings,11302684,2027-05-18,JKT01,INACTIVE
18274,2209,Time Deposit,713629775,2026-05-03,BDG01,INACTIVE
18275,3706,Time Deposit,87505179,2026-09-19,YGY01,INACTIVE
18276,4683,Savings,101966042,2027-11-15,SMG01,INACTIVE
18277,5973,Savings,22991266,2027-05-08,SBY01,ACTIVE
18278,5836,Savings,57319910,2026-08-25,YGY01,INACTIVE
18279,5310,Time Deposit,594141524,2027-01-12,MDN01,ACTIVE
18280,1146,Savings,83730414,2028-01-29,SMG01,INACTIVE
18281,6031,Savings,11072057,2027-03-25,JKT02,ACTIVE
18282,6790,Savings,237999284,2027-03-21,YGY01,INACTIVE
18283,3452,Savings,21966087,2026-12-01,SMG01,INACTIVE
18284,4556,Time Deposit,1597625234,2026-08-07,BDG01,INACTIVE
18285,9925,Time Deposit,602901941,2026-07-06,SMG01,ACTIVE
18286,7425,Savings,236055488,2028-03-05,SBY01,INACTIVE
18287,6286,Savings,80901676,2026-06-23,SBY01,INACTIVE
18288,2211,Savings,100574285,2027-06-12,BDG01,INACTIVE
18289,352,Savings,137560107,2026-05-30,MDN01,INACTIVE
18290,4832,Time Deposit,205381229,2026-09-04,YGY01,INACTIVE
18291,8631,Savings,28412482,2027-03-08,JKT02,INACTIVE
18292,8594,Time Deposit,554994122,2026-07-08,YGY01,INACTIVE
18293,175,Savings,76384084,2027-11-27,YGY01,ACTIVE
18294,1288,Savings,22420695,2027-07-30,JKT02,INACTIVE
18295,7938,Time Deposit,185754969,2027-03-08,SBY01,INACTIVE
18296,7831,Time Deposit,674570720,2026-06-12,BDG01,INACTIVE
18297,6870,Time Deposit,893978730,2026-07-13,JKT02,INACTIVE
18298,8372,Savings,27865382,2028-01-29,SBY01,INACTIVE
18299,1487,Savings,24980251,2026-12-26,YGY01,INACTIVE
18300,1476,Time Deposit,642936125,2026-08-01,YGY01,INACTIVE
18301,2206,Savings,18798435,2027-08-01,MDN01,INACTIVE
18302,1117,Savings,18682869,2026-09-11,JKT02,INACTIVE
18303,1527,Time Deposit,1687485733,2026-12-03,SMG01,ACTIVE
18304,9903,Time Deposit,897523255,2027-01-22,MDN01,INACTIVE
18305,7660,Savings,24079719,2027-01-15,YGY01,ACTIVE
18306,3191,Time Deposit,1529150415,2026-10-07,YGY01,INACTIVE
18307,7229,Savings,195275950,2027-06-30,JKT02,INACTIVE
18308,6920,Savings,56959957,2027-12-01,YGY01,ACTIVE
18309,8819,Savings,6996657,2027-04-22,SMG01,ACTIVE
18310,7743,Time Deposit,161628722,2026-04-07,BDG01,INACTIVE
18311,6909,Time Deposit,600282505,2027-01-07,JKT02,INACTIVE
18312,262,Savings,11949260,2027-04-29,SMG01,INACTIVE
18313,2618,Time Deposit,876185177,2026-06-04,BDG01,INACTIVE
18314,1395,Time Deposit,311464148,2026-09-13,YGY01,INACTIVE
18315,9619,Savings,130610639,2027-03-16,JKT01,ACTIVE
18316,7890,Time Deposit,529008595,2026-04-18,YGY01,ACTIVE
18317,2597,Savings,40001622,2027-11-06,BDG01,ACTIVE
18318,6014,Time Deposit,575194293,2026-04-18,SBY01,ACTIVE
18319,3339,Time Deposit,1291643223,2026-08-12,BDG01,INACTIVE
18320,7807,Savings,9600634,2028-02-28,JKT02,INACTIVE
18321,8911,Savings,19603937,2027-11-21,JKT01,INACTIVE
18322,1004,Time Deposit,1519535894,2026-12-31,BDG01,ACTIVE
18323,6020,Savings,135781680,2027-11-20,SMG01,INACTIVE
18324,3059,Time Deposit,1625860057,2026-06-11,YGY01,INACTIVE
18325,217,Savings,35113264,2027-11-02,JKT01,INACTIVE
18326,8225,Savings,33786594,2027-10-21,SMG01,INACTIVE
18327,3326,Savings,62288343,2027-08-04,MDN01,INACTIVE
18328,9767,Savings,8144498,2027-10-30,JKT01,INACTIVE
18329,1431,Savings,21806899,2026-04-16,JKT02,INACTIVE
18330,4913,Savings,7771443,2026-11-18,MDN01,INACTIVE
18331,7957,Time Deposit,227233978,2027-01-25,YGY01,INACTIVE
18332,5936,Savings,172379614,2027-04-19,YGY01,INACTIVE
18333,1709,Time Deposit,936194241,2026-06-13,SBY01,ACTIVE
18334,2460,Time Deposit,488425948,2026-12-15,YGY01,INACTIVE
18335,7414,Time Deposit,312833869,2026-06-24,YGY01,ACTIVE
18336,9132,Savings,60658557,2027-09-02,BDG01,ACTIVE
18337,8017,Savings,24502486,2027-04-28,SMG01,INACTIVE
18338,4562,Time Deposit,287612245,2026-04-01,SMG01,INACTIVE
18339,3931,Savings,59047672,2028-01-07,MDN01,INACTIVE
18340,7916,Savings,125534168,2026-11-30,YGY01,INACTIVE
18341,8640,Time Deposit,704583374,2026-12-26,JKT01,INACTIVE
18342,1854,Savings,25948275,2027-11-25,YGY01,INACTIVE
18343,1982,Time Deposit,849618866,2027-03-13,BDG01,ACTIVE
18344,865,Savings,36307703,2027-10-15,SMG01,INACTIVE
18345,787,Time Deposit,725736047,2026-06-09,JKT01,ACTIVE
18346,4856,Time Deposit,1651192491,2026-12-15,JKT02,ACTIVE
18347,2686,Savings,32256652,2027-06-09,JKT02,INACTIVE
18348,3507,Time Deposit,1604476946,2027-03-16,JKT02,INACTIVE
18349,1275,Time Deposit,267875869,2026-07-02,MDN01,ACTIVE
18350,1860,Time Deposit,305236101,2026-06-14,SBY01,INACTIVE
18351,5486,Savings,15082700,2027-08-30,MDN01,ACTIVE
18352,3023,Savings,147582243,2027-01-25,YGY01,INACTIVE
18353,3453,Savings,20233644,2027-11-12,SBY01,INACTIVE
18354,7961,Savings,61406878,2027-07-07,BDG01,INACTIVE
18355,7108,Savings,11146227,2027-02-09,MDN01,ACTIVE
18356,6246,Savings,50249250,2027-04-03,JKT02,INACTIVE
18357,2391,Time Deposit,512666870,2026-05-22,SMG01,INACTIVE
18358,2131,Time Deposit,787064799,2026-09-10,YGY01,INACTIVE
18359,2694,Time Deposit,178469157,2026-07-07,BDG01,INACTIVE
18360,2420,Savings,28022912,2027-05-28,JKT01,INACTIVE
18361,6312,Savings,238819929,2026-06-23,JKT02,INACTIVE
18362,7784,Savings,210089588,2028-02-14,JKT01,ACTIVE
18363,2975,Savings,41885232,2027-05-01,BDG01,ACTIVE
18364,9988,Savings,15590071,2026-08-03,JKT02,INACTIVE
18365,7507,Time Deposit,766944425,2026-08-05,YGY01,INACTIVE
18366,4909,Savings,108292682,2026-06-19,SBY01,INACTIVE
18367,1307,Savings,115012022,2026-12-12,YGY01,INACTIVE
18368,9206,Savings,19168647,2027-01-05,MDN01,INACTIVE
18369,7198,Time Deposit,535968138,2026-07-28,BDG01,ACTIVE
18370,3859,Savings,92400693,2026-10-20,SMG01,ACTIVE
18371,4002,Savings,25317891,2026-11-02,YGY01,INACTIVE
18372,4711,Savings,29598785,2026-12-12,SMG01,ACTIVE
18373,8772,Savings,11492787,2026-06-29,YGY01,ACTIVE
18374,1268,Time Deposit,955725978,2026-12-12,BDG01,INACTIVE
18375,3015,Time Deposit,525140216,2026-09-30,YGY01,INACTIVE
18376,1219,Savings,16906556,2026-06-20,SMG01,ACTIVE
18377,1963,Time Deposit,421751163,2027-03-01,SBY01,INACTIVE
18378,7149,Savings,179737881,2026-09-14,MDN01,INACTIVE
18379,7114,Savings,47657942,2026-07-07,MDN01,INACTIVE
18380,1439,Time Deposit,1045994188,2026-04-19,SBY01,INACTIVE
18381,1058,Savings,22977707,2027-04-24,MDN01,INACTIVE
18382,3567,Time Deposit,1168199965,2026-04-26,YGY01,INACTIVE
18383,2946,Savings,32406684,2026-10-14,SMG01,ACTIVE
18384,2051,Savings,18955824,2026-11-03,YGY01,INACTIVE
18385,6603,Savings,9628703,2027-10-27,BDG01,INACTIVE
18386,5903,Savings,121437915,2027-12-15,SMG01,INACTIVE
18387,5858,Savings,27369630,2027-05-04,JKT02,INACTIVE
18388,5990,Time Deposit,458652742,2026-05-02,BDG01,ACTIVE
18389,3047,Time Deposit,1278650269,2026-10-22,JKT02,ACTIVE
18390,2751,Savings,38950370,2026-07-25,JKT01,ACTIVE
18391,8461,Savings,22033115,2027-05-12,JKT01,ACTIVE
18392,6507,Time Deposit,1024733513,2027-02-08,MDN01,INACTIVE
18393,5559,Time Deposit,1402095237,2026-10-18,BDG01,INACTIVE
18394,6912,Savings,10071783,2026-06-13,JKT01,INACTIVE
18395,7982,Savings,25001574,2026-05-25,SBY01,INACTIVE
18396,454,Savings,13848706,2026-10-10,JKT02,INACTIVE
18397,2253,Time Deposit,196674742,2026-04-27,JKT01,ACTIVE
18398,5776,Time Deposit,184709694,2026-08-22,YGY01,INACTIVE
18399,4058,Time Deposit,276314022,2026-05-14,MDN01,INACTIVE
18400,5916,Savings,22431629,2027-09-30,BDG01,INACTIVE
18401,7507,Time Deposit,524025535,2026-06-28,SMG01,INACTIVE
18402,9626,Savings,198998950,2026-08-01,JKT01,INACTIVE
18403,7713,Time Deposit,525567741,2026-09-15,BDG01,ACTIVE
18404,5520,Time Deposit,1039395020,2026-07-23,BDG01,INACTIVE
18405,8247,Savings,81754723,2027-05-04,BDG01,INACTIVE
18406,7060,Time Deposit,1270344450,2027-03-16,YGY01,ACTIVE
18407,6927,Savings,35394192,2026-12-22,JKT01,INACTIVE
18408,5820,Savings,5906969,2027-08-08,SMG01,INACTIVE
18409,5007,Time Deposit,405380972,2026-12-06,YGY01,ACTIVE
18410,5355,Time Deposit,675680120,2026-04-08,YGY01,INACTIVE
18411,5335,Time Deposit,807777870,2026-10-23,JKT02,INACTIVE
18412,4013,Savings,35308754,2027-08-03,JKT02,INACTIVE
18413,3019,Savings,26939182,2026-11-08,SBY01,ACTIVE
18414,2493,Time Deposit,418163916,2026-07-17,SMG01,INACTIVE
18415,3489,Savings,31023790,2028-01-14,JKT02,INACTIVE
18416,7732,Time Deposit,282613024,2027-01-10,JKT02,INACTIVE
18417,6913,Savings,16217016,2027-03-29,BDG01,INACTIVE
18418,8179,Savings,17530625,2026-04-20,SBY01,INACTIVE
18419,5044,Time Deposit,1514318738,2026-04-19,BDG01,INACTIVE
18420,6023,Savings,201697699,2027-09-13,JKT01,INACTIVE
18421,496,Savings,17198558,2027-03-15,MDN01,INACTIVE
18422,7002,Time Deposit,803305273,2026-04-15,YGY01,INACTIVE
18423,19,Savings,26276063,2028-01-13,YGY01,INACTIVE
18424,8561,Savings,12579503,2026-07-14,BDG01,INACTIVE
18425,768,Savings,23872213,2027-02-12,SBY01,INACTIVE
18426,1410,Time Deposit,1690806172,2027-02-15,MDN01,ACTIVE
18427,2736,Savings,1455580,2027-12-24,JKT01,INACTIVE
18428,1744,Time Deposit,178398229,2026-05-02,MDN01,INACTIVE
18429,885,Time Deposit,924607050,2026-04-14,YGY01,INACTIVE
18430,6691,Savings,28300253,2027-10-07,SMG01,INACTIVE
18431,651,Savings,10284877,2028-02-09,JKT01,INACTIVE
18432,8781,Time Deposit,520736214,2027-01-09,JKT02,ACTIVE
18433,8147,Savings,20001588,2028-03-11,MDN01,INACTIVE
18434,4042,Savings,111664355,2026-09-26,JKT01,ACTIVE
18435,8412,Time Deposit,427482082,2026-09-25,SBY01,INACTIVE
18436,5750,Time Deposit,1066103824,2027-01-13,MDN01,INACTIVE
18437,4241,Savings,69821565,2026-10-23,SMG01,INACTIVE
18438,9144,Time Deposit,1253662314,2026-12-10,SMG01,INACTIVE
18439,6138,Time Deposit,652798115,2026-12-18,JKT01,INACTIVE
18440,536,Time Deposit,462703870,2027-01-11,YGY01,INACTIVE
18441,9258,Savings,15693258,2026-08-02,BDG01,INACTIVE
18442,2635,Savings,198410454,2026-06-08,JKT01,INACTIVE
18443,7878,Savings,18592441,2027-12-09,YGY01,ACTIVE
18444,8738,Savings,10787747,2027-03-23,SMG01,INACTIVE
18445,1544,Savings,44489666,2026-09-15,JKT02,INACTIVE
18446,7424,Savings,162267559,2027-10-07,YGY01,INACTIVE
18447,2273,Savings,50347180,2028-02-18,MDN01,ACTIVE
18448,9498,Time Deposit,799026866,2026-10-24,MDN01,INACTIVE
18449,6137,Savings,7423071,2026-08-25,JKT01,INACTIVE
18450,913,Savings,73774552,2027-12-29,JKT02,INACTIVE
18451,3645,Savings,23206116,2027-03-19,SMG01,INACTIVE
18452,8229,Time Deposit,1228100313,2026-06-10,SBY01,INACTIVE
18453,6609,Savings,47466364,2027-08-08,BDG01,INACTIVE
18454,3721,Time Deposit,159967159,2027-02-17,JKT01,INACTIVE
18455,6017,Savings,30295304,2027-11-02,BDG01,INACTIVE
18456,6956,Savings,206185276,2026-09-30,JKT01,INACTIVE
18457,4611,Time Deposit,299422829,2026-12-17,BDG01,INACTIVE
18458,3657,Savings,76163058,2026-04-29,YGY01,INACTIVE
18459,512,Time Deposit,365066707,2026-09-06,MDN01,ACTIVE
18460,3233,Savings,107221667,2026-08-29,YGY01,INACTIVE
18461,6652,Savings,37933617,2027-03-25,MDN01,ACTIVE
18462,9186,Savings,76279680,2027-05-08,BDG01,ACTIVE
18463,4950,Savings,101684763,2027-07-08,SBY01,INACTIVE
18464,4036,Savings,43151241,2026-05-21,BDG01,ACTIVE
18465,6131,Savings,203569504,2026-12-03,JKT01,INACTIVE
18466,5417,Savings,16349679,2027-06-23,MDN01,ACTIVE
18467,7922,Time Deposit,481337703,2026-12-01,JKT02,INACTIVE
18468,3836,Savings,12534799,2026-07-03,MDN01,INACTIVE
18469,1840,Time Deposit,795742211,2027-02-17,JKT02,ACTIVE
18470,2783,Savings,6536060,2028-02-21,JKT01,INACTIVE
18471,8753,Savings,116049284,2026-06-02,SBY01,INACTIVE
18472,6411,Savings,231846817,2026-05-27,SMG01,ACTIVE
18473,5441,Savings,213194345,2028-03-02,SMG01,INACTIVE
18474,5822,Time Deposit,637993221,2026-11-15,JKT01,INACTIVE
18475,7449,Time Deposit,1218451209,2026-08-09,JKT02,INACTIVE
18476,7474,Savings,27703081,2026-08-26,JKT02,ACTIVE
18477,4382,Savings,41625731,2026-08-11,JKT01,INACTIVE
18478,3821,Time Deposit,163791755,2026-12-10,JKT02,INACTIVE
18479,1530,Time Deposit,1483048253,2026-11-04,SBY01,ACTIVE
18480,1235,Savings,93552161,2028-02-03,YGY01,INACTIVE
18481,1112,Time Deposit,1308636698,2026-06-20,BDG01,INACTIVE
18482,3200,Savings,27347653,2028-03-05,MDN01,INACTIVE
18483,2522,Time Deposit,408116880,2026-06-07,SMG01,INACTIVE
18484,8341,Savings,22760045,2027-09-14,YGY01,ACTIVE
18485,2018,Savings,10037624,2026-11-21,MDN01,INACTIVE
18486,3000,Savings,139947014,2026-06-13,YGY01,INACTIVE
18487,3215,Savings,45498637,2026-12-17,SMG01,INACTIVE
18488,1097,Savings,46002485,2028-01-14,MDN01,ACTIVE
18489,3566,Time Deposit,169998677,2026-04-17,MDN01,INACTIVE
18490,2773,Savings,16550183,2028-02-24,BDG01,INACTIVE
18491,9685,Savings,38293334,2027-08-04,JKT02,INACTIVE
18492,5783,Savings,19983101,2027-11-25,JKT01,ACTIVE
18493,4,Time Deposit,482948557,2026-11-08,JKT02,INACTIVE
18494,9017,Savings,118977084,2026-09-22,BDG01,INACTIVE
18495,166,Savings,137258295,2026-06-05,SMG01,INACTIVE
18496,7103,Time Deposit,556451694,2026-09-08,SBY01,INACTIVE
18497,956,Time Deposit,1476262325,2027-03-06,MDN01,INACTIVE
18498,704,Time Deposit,86209742,2026-08-28,MDN01,INACTIVE
18499,8692,Savings,38191457,2026-04-24,SBY01,INACTIVE
18500,9847,Time Deposit,591920289,2026-04-30,YGY01,ACTIVE
18501,593,Savings,169427858,2026-09-14,SMG01,ACTIVE
18502,3343,Time Deposit,441549295,2026-07-15,BDG01,INACTIVE
18503,200,Savings,110995699,2027-09-19,SMG01,INACTIVE
18504,9780,Savings,39555745,2027-01-07,SMG01,ACTIVE
18505,6060,Savings,10973447,2026-08-08,SMG01,INACTIVE
18506,1920,Savings,98697832,2027-06-10,MDN01,ACTIVE
18507,8238,Savings,36540023,2026-06-29,JKT02,INACTIVE
18508,265,Savings,15662435,2026-09-22,BDG01,INACTIVE
18509,4180,Savings,171236654,2028-01-07,MDN01,ACTIVE
18510,8465,Time Deposit,627663888,2026-06-11,JKT01,ACTIVE
18511,6345,Savings,13844259,2027-03-10,SMG01,INACTIVE
18512,4794,Time Deposit,113413211,2027-03-09,MDN01,INACTIVE
18513,1751,Time Deposit,808119738,2027-02-22,SBY01,INACTIVE
18514,8164,Savings,103664341,2026-06-07,SBY01,INACTIVE
18515,7195,Savings,92034813,2027-04-23,SMG01,INACTIVE
18516,3705,Time Deposit,550801825,2026-10-27,SMG01,INACTIVE
18517,3038,Savings,9504973,2028-01-21,SMG01,INACTIVE
18518,5796,Savings,51853618,2027-06-03,JKT02,ACTIVE
18519,8966,Savings,40059475,2026-07-17,BDG01,INACTIVE
18520,648,Savings,29047302,2026-11-25,YGY01,INACTIVE
18521,4940,Time Deposit,682162215,2026-07-15,YGY01,INACTIVE
18522,1980,Savings,86272296,2026-11-17,YGY01,ACTIVE
18523,5515,Savings,26635373,2027-05-30,SMG01,INACTIVE
18524,3653,Savings,145984670,2027-12-20,SBY01,INACTIVE
18525,8081,Savings,4093001,2027-07-02,SBY01,INACTIVE
18526,6996,Time Deposit,1667435164,2026-07-07,YGY01,ACTIVE
18527,7576,Time Deposit,1196017913,2026-05-10,MDN01,ACTIVE
18528,9645,Savings,146773159,2027-06-28,BDG01,ACTIVE
18529,1734,Time Deposit,700576597,2026-06-06,JKT01,ACTIVE
18530,3893,Time Deposit,760690835,2026-06-29,JKT01,INACTIVE
18531,6789,Savings,9622639,2027-11-27,JKT01,INACTIVE
18532,174,Savings,34050478,2026-11-15,YGY01,ACTIVE
18533,7942,Savings,15033823,2026-10-16,MDN01,INACTIVE
18534,8061,Time Deposit,752294665,2026-08-09,YGY01,INACTIVE
18535,4817,Time Deposit,422721300,2027-01-08,JKT01,INACTIVE
18536,8367,Savings,29006571,2026-08-29,SMG01,INACTIVE
18537,5684,Time Deposit,798040255,2026-08-07,MDN01,INACTIVE
18538,2030,Savings,9527552,2026-06-24,JKT02,INACTIVE
18539,6356,Savings,10855688,2027-08-01,JKT01,ACTIVE
18540,8911,Savings,13458877,2027-01-10,JKT02,INACTIVE
18541,8360,Savings,93875718,2026-08-30,YGY01,INACTIVE
18542,1582,Savings,79569496,2026-10-03,SMG01,INACTIVE
18543,1037,Savings,1189409,2026-09-13,JKT02,INACTIVE
18544,8307,Time Deposit,849528358,2027-01-03,MDN01,ACTIVE
18545,621,Time Deposit,809802290,2027-02-20,MDN01,INACTIVE
18546,6294,Time Deposit,838750331,2027-01-06,MDN01,INACTIVE
18547,1402,Time Deposit,733827006,2026-06-28,SBY01,INACTIVE
18548,6219,Savings,16577531,2026-10-04,MDN01,INACTIVE
18549,4097,Time Deposit,666345150,2026-08-01,SBY01,ACTIVE
18550,3240,Savings,53177743,2027-10-01,JKT02,INACTIVE
18551,7149,Time Deposit,950755026,2026-05-20,JKT01,ACTIVE
18552,8877,Savings,12070632,2027-04-23,YGY01,ACTIVE
18553,5467,Time Deposit,321477952,2026-12-10,JKT02,INACTIVE
18554,2934,Time Deposit,827773845,2026-10-14,MDN01,INACTIVE
18555,7629,Savings,28106794,2027-02-23,JKT01,INACTIVE
18556,2448,Savings,20314401,2026-06-13,YGY01,INACTIVE
18557,6259,Time Deposit,1271443881,2026-10-05,BDG01,INACTIVE
18558,5077,Time Deposit,1081701683,2026-11-27,BDG01,INACTIVE
18559,7670,Savings,24053206,2026-09-11,YGY01,INACTIVE
18560,7242,Savings,19221211,2027-07-22,YGY01,INACTIVE
18561,409,Savings,59894304,2026-07-25,SMG01,INACTIVE
18562,3555,Savings,195577966,2027-11-21,JKT01,INACTIVE
18563,5026,Time Deposit,381550749,2026-06-18,YGY01,ACTIVE
18564,5315,Savings,6496180,2026-09-06,SMG01,INACTIVE
18565,6336,Savings,154510971,2027-10-22,MDN01,ACTIVE
18566,1805,Savings,22146107,2026-09-01,JKT01,INACTIVE
18567,5995,Time Deposit,444975601,2026-06-15,MDN01,INACTIVE
18568,295,Savings,74991073,2027-03-12,SBY01,ACTIVE
18569,1307,Time Deposit,737615907,2026-12-18,YGY01,INACTIVE
18570,3618,Savings,28587266,2027-12-15,JKT01,INACTIVE
18571,7711,Savings,94812252,2026-07-09,SBY01,INACTIVE
18572,2681,Time Deposit,538262377,2026-08-15,MDN01,INACTIVE
18573,4531,Time Deposit,1372681228,2026-09-29,SBY01,INACTIVE
18574,4759,Time Deposit,354995698,2026-11-18,SBY01,INACTIVE
18575,8243,Savings,193578194,2026-05-08,JKT02,INACTIVE
18576,4570,Time Deposit,1733230874,2027-01-06,SMG01,INACTIVE
18577,3016,Savings,11939132,2028-01-02,JKT02,INACTIVE
18578,3806,Savings,22960688,2026-08-22,YGY01,ACTIVE
18579,8643,Time Deposit,595627887,2026-07-23,SMG01,INACTIVE
18580,7083,Savings,35475426,2027-10-17,JKT02,INACTIVE
18581,9317,Savings,90603509,2026-07-24,SBY01,INACTIVE
18582,3275,Savings,21060906,2026-09-16,SBY01,INACTIVE
18583,1766,Savings,29126430,2027-01-02,YGY01,INACTIVE
18584,2590,Savings,17468211,2027-04-06,SMG01,ACTIVE
18585,6237,Savings,46965381,2027-12-25,SMG01,INACTIVE
18586,868,Time Deposit,247335254,2026-08-19,SMG01,INACTIVE
18587,91,Savings,38311560,2028-02-24,MDN01,INACTIVE
18588,4272,Savings,7342585,2027-05-13,YGY01,ACTIVE
18589,1203,Savings,47744853,2027-05-06,MDN01,INACTIVE
18590,2227,Time Deposit,784211928,2026-06-12,JKT02,INACTIVE
18591,3484,Time Deposit,200647754,2026-04-15,YGY01,INACTIVE
18592,4611,Savings,42970671,2027-06-22,SBY01,ACTIVE
18593,5879,Savings,18713495,2027-06-12,JKT02,INACTIVE
18594,76,Savings,50073182,2027-09-19,SBY01,INACTIVE
18595,5144,Savings,44271564,2027-12-25,SBY01,INACTIVE
18596,5678,Savings,7306849,2026-09-12,MDN01,INACTIVE
18597,6906,Time Deposit,347593817,2026-07-28,BDG01,INACTIVE
18598,3466,Time Deposit,1258467442,2026-04-14,MDN01,INACTIVE
18599,752,Savings,39727091,2026-09-19,MDN01,ACTIVE
18600,1965,Savings,140021200,2027-02-27,YGY01,INACTIVE
18601,2340,Savings,26635018,2026-07-30,SMG01,INACTIVE
18602,8857,Savings,29129599,2028-01-26,YGY01,ACTIVE
18603,3745,Savings,49120318,2026-09-20,JKT02,INACTIVE
18604,8673,Savings,70622192,2027-02-18,JKT02,INACTIVE
18605,5373,Time Deposit,918353354,2026-05-25,YGY01,INACTIVE
18606,8104,Savings,24876425,2026-04-15,JKT02,INACTIVE
18607,8931,Time Deposit,1142697844,2026-05-19,SMG01,ACTIVE
18608,4897,Time Deposit,458007408,2026-12-23,YGY01,INACTIVE
18609,1850,Time Deposit,254258082,2026-04-20,MDN01,INACTIVE
18610,1150,Time Deposit,220252652,2027-02-09,SBY01,ACTIVE
18611,2585,Savings,14539666,2027-08-31,SMG01,ACTIVE
18612,2219,Time Deposit,1773622822,2027-01-31,JKT02,INACTIVE
18613,1202,Time Deposit,235601837,2026-09-02,JKT02,INACTIVE
18614,1454,Savings,46386391,2027-05-03,JKT01,INACTIVE
18615,1669,Savings,26078827,2027-06-13,MDN01,INACTIVE
18616,1307,Time Deposit,914836449,2027-01-21,SBY01,INACTIVE
18617,8682,Time Deposit,828202477,2026-08-12,BDG01,INACTIVE
18618,9907,Savings,13803291,2026-07-09,SBY01,ACTIVE
18619,1853,Savings,28782926,2026-07-08,BDG01,INACTIVE
18620,4151,Time Deposit,594294455,2026-04-08,MDN01,INACTIVE
18621,9766,Savings,24928380,2027-05-28,SMG01,ACTIVE
18622,9249,Savings,37300378,2026-06-27,SMG01,INACTIVE
18623,4270,Savings,19115220,2026-05-06,JKT01,INACTIVE
18624,1877,Time Deposit,494369273,2026-10-05,SMG01,INACTIVE
18625,4943,Savings,109688870,2027-01-31,SMG01,INACTIVE
18626,4086,Time Deposit,708035552,2026-06-05,SBY01,INACTIVE
18627,3859,Savings,48687093,2026-09-11,SBY01,INACTIVE
18628,1051,Time Deposit,1833252025,2026-04-04,JKT02,INACTIVE
18629,9659,Savings,30595647,2027-02-17,JKT02,INACTIVE
18630,6073,Savings,20915447,2026-05-23,SMG01,INACTIVE
18631,4943,Time Deposit,517186432,2027-03-09,JKT02,INACTIVE
18632,3017,Savings,74446441,2027-07-27,JKT01,INACTIVE
18633,8475,Savings,41344896,2026-07-26,JKT02,ACTIVE
18634,8829,Time Deposit,881600631,2027-02-23,SBY01,ACTIVE
18635,8263,Time Deposit,1132118022,2026-08-29,SMG01,ACTIVE
18636,6244,Time Deposit,1388925426,2026-07-12,JKT01,ACTIVE
18637,305,Time Deposit,746779791,2026-09-01,MDN01,ACTIVE
18638,9938,Savings,93479437,2028-01-23,JKT02,INACTIVE
18639,7681,Savings,31023378,2027-02-07,MDN01,ACTIVE
18640,9125,Time Deposit,122161241,2026-09-05,YGY01,ACTIVE
18641,1649,Savings,28569315,2027-02-16,SMG01,INACTIVE
18642,2995,Savings,46612479,2026-09-07,MDN01,INACTIVE
18643,5192,Savings,10804782,2027-03-20,YGY01,ACTIVE
18644,7218,Time Deposit,465413249,2026-09-02,JKT01,INACTIVE
18645,5326,Time Deposit,1191250209,2026-06-01,JKT02,INACTIVE
18646,5876,Time Deposit,1652605556,2026-11-21,YGY01,ACTIVE
18647,2855,Savings,131629381,2027-11-08,YGY01,INACTIVE
18648,9047,Time Deposit,99996434,2026-07-13,JKT02,INACTIVE
18649,1430,Time Deposit,309858092,2026-06-19,YGY01,INACTIVE
18650,9050,Savings,237994725,2027-01-13,SBY01,INACTIVE
18651,2162,Savings,37197886,2026-11-27,SBY01,INACTIVE
18652,5018,Savings,32591270,2026-06-13,JKT02,ACTIVE
18653,1051,Time Deposit,432158699,2026-04-26,SMG01,INACTIVE
18654,137,Savings,17955368,2026-09-26,SMG01,INACTIVE
18655,3394,Savings,18734728,2027-04-17,BDG01,ACTIVE
18656,5551,Savings,18930841,2026-07-04,SBY01,INACTIVE
18657,3109,Savings,54617034,2027-04-17,JKT02,ACTIVE
18658,2861,Savings,87472694,2027-02-04,JKT02,INACTIVE
18659,6070,Time Deposit,1585246263,2027-01-16,JKT01,ACTIVE
18660,8436,Savings,77906972,2027-01-21,BDG01,INACTIVE
18661,8058,Savings,90662796,2026-04-24,SMG01,INACTIVE
18662,3239,Savings,35417508,2028-01-02,MDN01,ACTIVE
18663,271,Savings,66273995,2027-01-04,BDG01,INACTIVE
18664,6977,Savings,32897361,2027-06-30,JKT01,ACTIVE
18665,3216,Savings,189871266,2027-12-19,SMG01,INACTIVE
18666,9856,Savings,41766444,2027-02-13,SBY01,INACTIVE
18667,5536,Savings,155681755,2026-05-16,MDN01,INACTIVE
18668,3551,Savings,18253171,2026-08-04,JKT02,INACTIVE
18669,1734,Time Deposit,226809648,2026-12-13,JKT02,INACTIVE
18670,944,Time Deposit,356690941,2026-05-06,JKT02,INACTIVE
18671,8008,Savings,43481855,2027-09-30,SMG01,INACTIVE
18672,3852,Time Deposit,353763024,2027-02-06,SMG01,INACTIVE
18673,1413,Savings,21211919,2027-11-20,MDN01,INACTIVE
18674,6407,Savings,15625575,2026-11-26,BDG01,ACTIVE
18675,9590,Savings,24722804,2027-05-07,JKT02,INACTIVE
18676,9556,Savings,26470100,2026-05-19,BDG01,INACTIVE
18677,1409,Savings,160731449,2027-09-07,JKT01,INACTIVE
18678,1195,Savings,8185479,2026-12-27,SBY01,INACTIVE
18679,7161,Savings,48677344,2027-03-10,SBY01,INACTIVE
18680,2424,Savings,19389870,2028-01-04,SBY01,INACTIVE
18681,2767,Savings,144140198,2028-02-02,MDN01,INACTIVE
18682,5014,Time Deposit,704522171,2027-02-03,JKT02,ACTIVE
18683,6525,Savings,15822517,2028-02-28,JKT02,INACTIVE
18684,4292,Time Deposit,838879842,2026-04-08,JKT01,INACTIVE
18685,6305,Time Deposit,112894053,2027-01-18,SBY01,INACTIVE
18686,5947,Savings,54058024,2027-04-03,JKT02,INACTIVE
18687,8486,Savings,129750402,2026-08-03,SMG01,ACTIVE
18688,9430,Time Deposit,1658965300,2027-01-25,YGY01,INACTIVE
18689,2923,Savings,55734016,2027-08-13,MDN01,INACTIVE
18690,3899,Time Deposit,586935772,2026-06-15,JKT01,INACTIVE
18691,8616,Time Deposit,1319244305,2026-11-30,YGY01,ACTIVE
18692,1579,Savings,21748688,2027-04-23,SBY01,ACTIVE
18693,8646,Savings,23228572,2026-09-08,YGY01,INACTIVE
18694,2728,Savings,183819319,2026-11-24,BDG01,ACTIVE
18695,2358,Time Deposit,199467646,2026-12-23,MDN01,INACTIVE
18696,3147,Savings,146277028,2027-01-26,MDN01,INACTIVE
18697,6552,Savings,69478275,2027-08-03,MDN01,INACTIVE
18698,2737,Time Deposit,1361222168,2026-05-25,SBY01,ACTIVE
18699,8799,Time Deposit,394717003,2026-11-06,SBY01,ACTIVE
18700,2594,Savings,24531613,2026-05-27,JKT02,INACTIVE
18701,7746,Time Deposit,1263498938,2026-08-28,JKT01,INACTIVE
18702,2869,Savings,117606137,2027-02-19,YGY01,ACTIVE
18703,4442,Savings,7873839,2027-05-25,YGY01,INACTIVE
18704,6149,Time Deposit,391851023,2026-12-09,JKT01,INACTIVE
18705,5506,Savings,39274493,2027-12-16,YGY01,ACTIVE
18706,1426,Time Deposit,1038699707,2026-08-30,SMG01,ACTIVE
18707,169,Time Deposit,1677236889,2026-04-04,SMG01,INACTIVE
18708,6355,Time Deposit,819969301,2026-10-16,MDN01,INACTIVE
18709,2306,Savings,25482458,2026-11-02,BDG01,INACTIVE
18710,4147,Savings,42246088,2027-11-19,JKT02,INACTIVE
18711,8874,Savings,9033288,2027-04-12,YGY01,INACTIVE
18712,3927,Savings,136112168,2027-07-24,MDN01,INACTIVE
18713,5341,Savings,11358392,2027-05-04,SMG01,INACTIVE
18714,4766,Time Deposit,700239197,2026-10-27,SMG01,INACTIVE
18715,4994,Savings,88954610,2026-09-16,SMG01,INACTIVE
18716,1282,Time Deposit,702972134,2026-08-24,JKT01,INACTIVE
18717,94,Savings,34435720,2027-02-19,SBY01,INACTIVE
18718,2245,Savings,90267869,2027-01-24,SMG01,ACTIVE
18719,4792,Savings,14173440,2027-05-05,SMG01,ACTIVE
18720,925,Savings,29965243,2028-03-08,YGY01,ACTIVE
18721,7593,Time Deposit,867367119,2026-10-10,YGY01,INACTIVE
18722,1876,Time Deposit,799332465,2026-10-21,BDG01,INACTIVE
18723,7410,Savings,132678866,2027-10-14,BDG01,INACTIVE
18724,7629,Savings,21355443,2026-08-03,SMG01,INACTIVE
18725,5826,Time Deposit,405615481,2026-06-14,JKT01,INACTIVE
18726,6208,Savings,44774807,2027-03-25,SBY01,INACTIVE
18727,9096,Time Deposit,441751492,2026-05-29,YGY01,INACTIVE
18728,4503,Savings,4547923,2026-05-25,JKT01,ACTIVE
18729,8979,Savings,42795903,2027-03-27,SMG01,ACTIVE
18730,4499,Savings,138394394,2027-04-03,BDG01,INACTIVE
18731,7461,Savings,36309482,2027-12-22,JKT02,INACTIVE
18732,4507,Time Deposit,996378120,2026-05-01,BDG01,INACTIVE
18733,1686,Time Deposit,489711068,2027-02-23,MDN01,ACTIVE
18734,6909,Savings,14824392,2028-02-26,YGY01,ACTIVE
18735,8155,Time Deposit,390234705,2027-03-05,JKT01,INACTIVE
18736,5559,Time Deposit,348477935,2026-09-12,YGY01,ACTIVE
18737,7608,Savings,130120980,2027-03-19,JKT01,INACTIVE
18738,2107,Time Deposit,280767095,2026-12-29,JKT01,ACTIVE
18739,5396,Time Deposit,712054758,2027-01-14,YGY01,ACTIVE
18740,4610,Time Deposit,106442643,2026-09-07,BDG01,INACTIVE
18741,8916,Savings,109557910,2028-01-03,JKT02,INACTIVE
18742,5962,Savings,5131317,2026-10-12,BDG01,INACTIVE
18743,2862,Time Deposit,1759800678,2026-05-30,SBY01,INACTIVE
18744,2417,Savings,3796833,2027-10-21,JKT02,INACTIVE
18745,5469,Time Deposit,583301054,2026-09-17,SMG01,ACTIVE
18746,2711,Savings,38871165,2026-05-18,MDN01,ACTIVE
18747,5400,Time Deposit,1058189510,2026-12-26,SBY01,INACTIVE
18748,7399,Savings,20846152,2026-09-16,MDN01,ACTIVE
18749,883,Time Deposit,666170005,2027-02-21,JKT02,ACTIVE
18750,788,Savings,14690662,2027-02-03,JKT01,INACTIVE
18751,379,Time Deposit,326280724,2026-08-20,SMG01,INACTIVE
18752,9435,Time Deposit,1042281330,2026-10-28,SMG01,INACTIVE
18753,1457,Savings,12807315,2028-01-11,SMG01,INACTIVE
18754,8032,Savings,16547477,2027-10-21,JKT01,INACTIVE
18755,9948,Savings,11916998,2028-03-01,BDG01,INACTIVE
18756,3966,Time Deposit,1351938112,2026-09-04,YGY01,INACTIVE
18757,4235,Savings,93324222,2026-10-22,JKT01,ACTIVE
18758,6788,Time Deposit,797995129,2026-08-15,YGY01,INACTIVE
18759,7073,Savings,41945763,2028-01-11,JKT01,ACTIVE
18760,8511,Savings,19570101,2027-03-08,MDN01,INACTIVE
18761,9145,Savings,30733135,2027-12-30,SMG01,INACTIVE
18762,5186,Savings,56308502,2026-09-06,JKT01,INACTIVE
18763,6755,Savings,3670501,2027-08-28,SMG01,INACTIVE
18764,9903,Time Deposit,1775760336,2027-01-31,SBY01,INACTIVE
18765,7791,Savings,65388231,2027-04-09,JKT02,INACTIVE
18766,3919,Time Deposit,1260938714,2026-10-04,SMG01,INACTIVE
18767,2989,Savings,72286266,2027-12-16,SBY01,INACTIVE
18768,2677,Savings,42001201,2026-10-29,JKT01,ACTIVE
18769,2803,Savings,192315712,2026-09-02,SBY01,INACTIVE
18770,2241,Savings,67481015,2028-01-24,YGY01,INACTIVE
18771,6448,Savings,8454291,2028-02-14,SBY01,INACTIVE
18772,9457,Savings,19246984,2027-12-29,YGY01,INACTIVE
18773,2593,Time Deposit,664711832,2026-10-29,SBY01,INACTIVE
18774,2224,Savings,3018488,2028-02-11,SMG01,INACTIVE
18775,3006,Time Deposit,440667971,2026-08-22,SMG01,INACTIVE
18776,6440,Time Deposit,881686045,2026-05-10,SBY01,INACTIVE
18777,6543,Time Deposit,496448303,2026-07-24,SBY01,INACTIVE
18778,3954,Time Deposit,1009600652,2026-04-12,JKT02,ACTIVE
18779,7187,Savings,4848851,2027-03-11,BDG01,INACTIVE
18780,1043,Savings,19238590,2026-09-03,SBY01,INACTIVE
18781,2355,Savings,19403941,2027-04-23,SMG01,ACTIVE
18782,3134,Savings,52848694,2027-08-28,YGY01,INACTIVE
18783,978,Time Deposit,656364012,2027-01-31,BDG01,INACTIVE
18784,9697,Savings,34096790,2026-09-03,SMG01,INACTIVE
18785,2638,Savings,15088234,2027-03-19,BDG01,INACTIVE
18786,6723,Savings,37312609,2027-08-19,JKT02,INACTIVE
18787,9741,Savings,15079671,2028-03-02,JKT01,INACTIVE
18788,5386,Savings,198259994,2027-05-18,YGY01,INACTIVE
18789,8061,Time Deposit,1460453051,2027-03-11,JKT02,INACTIVE
18790,9425,Savings,30410090,2026-08-02,BDG01,INACTIVE
18791,8028,Savings,44148701,2027-01-30,JKT01,INACTIVE
18792,5568,Time Deposit,878382451,2026-07-20,SMG01,INACTIVE
18793,2456,Time Deposit,1091860192,2027-01-11,MDN01,INACTIVE
18794,8421,Savings,63162405,2027-03-26,BDG01,INACTIVE
18795,87,Savings,70732026,2026-05-16,MDN01,INACTIVE
18796,9495,Time Deposit,1233734065,2026-08-12,SMG01,INACTIVE
18797,4307,Savings,17017221,2026-08-26,MDN01,INACTIVE
18798,9882,Savings,30592993,2026-08-13,MDN01,ACTIVE
18799,8732,Savings,138678638,2026-11-25,BDG01,INACTIVE
18800,2223,Savings,126986490,2027-04-16,SBY01,INACTIVE
18801,1192,Savings,112659651,2026-11-08,YGY01,INACTIVE
18802,2585,Savings,9964692,2028-01-26,YGY01,INACTIVE
18803,6670,Savings,51509247,2026-07-10,BDG01,INACTIVE
18804,6702,Time Deposit,1705320876,2026-11-08,YGY01,INACTIVE
18805,1490,Time Deposit,1302876745,2026-11-21,YGY01,INACTIVE
18806,8488,Time Deposit,597152659,2026-11-12,YGY01,INACTIVE
18807,3540,Savings,56947655,2027-07-02,SMG01,INACTIVE
18808,8261,Savings,73328071,2028-02-29,SBY01,INACTIVE
18809,9302,Savings,63860857,2026-11-09,SBY01,INACTIVE
18810,5576,Savings,102656450,2027-11-11,MDN01,ACTIVE
18811,604,Savings,143994518,2027-08-26,SBY01,INACTIVE
18812,5467,Savings,157996286,2027-05-28,YGY01,INACTIVE
18813,7933,Time Deposit,203535798,2026-10-05,MDN01,ACTIVE
18814,9773,Savings,41799485,2027-02-03,MDN01,INACTIVE
18815,6619,Savings,16238330,2027-01-30,BDG01,INACTIVE
18816,3641,Savings,220686227,2027-02-01,SMG01,INACTIVE
18817,8862,Savings,27324714,2028-03-14,YGY01,ACTIVE
18818,4095,Time Deposit,1211908199,2027-01-12,JKT02,INACTIVE
18819,3959,Savings,14385124,2028-03-13,BDG01,INACTIVE
18820,8948,Savings,127672900,2026-09-19,SMG01,INACTIVE
18821,3924,Savings,33869802,2027-02-15,JKT02,INACTIVE
18822,9714,Savings,14188723,2027-05-20,BDG01,INACTIVE
18823,6012,Time Deposit,555298622,2026-10-13,YGY01,INACTIVE
18824,2039,Time Deposit,972908838,2026-09-04,SMG01,ACTIVE
18825,3186,Time Deposit,835955638,2026-12-30,MDN01,ACTIVE
18826,923,Savings,35374875,2027-12-12,SMG01,ACTIVE
18827,8169,Time Deposit,1323993076,2026-12-07,SBY01,INACTIVE
18828,6488,Savings,13365275,2027-03-06,JKT02,INACTIVE
18829,1424,Savings,23425770,2027-04-10,SBY01,INACTIVE
18830,2499,Savings,31470388,2027-10-07,JKT01,ACTIVE
18831,9465,Savings,12130195,2027-10-02,YGY01,ACTIVE
18832,8524,Savings,31441441,2027-01-01,SBY01,ACTIVE
18833,8529,Savings,103938769,2026-07-11,JKT01,INACTIVE
18834,4675,Savings,21782614,2027-10-22,MDN01,INACTIVE
18835,4188,Time Deposit,167903613,2026-04-01,SMG01,INACTIVE
18836,3880,Savings,23084461,2026-05-31,BDG01,INACTIVE
18837,2525,Savings,12458693,2027-02-23,YGY01,INACTIVE
18838,632,Savings,13895798,2027-10-17,YGY01,INACTIVE
18839,8465,Savings,163734375,2026-10-13,SMG01,INACTIVE
18840,1606,Savings,7028811,2027-05-04,YGY01,INACTIVE
18841,2623,Time Deposit,572551001,2026-09-19,SMG01,INACTIVE
18842,4349,Time Deposit,413254998,2026-11-18,SBY01,INACTIVE
18843,4299,Time Deposit,641971896,2026-04-17,SBY01,ACTIVE
18844,4798,Time Deposit,699266442,2026-05-09,YGY01,INACTIVE
18845,3232,Time Deposit,1531342307,2026-07-31,BDG01,INACTIVE
18846,2754,Time Deposit,350358544,2026-04-21,JKT01,INACTIVE
18847,5600,Time Deposit,1471915748,2027-01-11,JKT01,ACTIVE
18848,8557,Time Deposit,373398679,2026-04-02,MDN01,ACTIVE
18849,2967,Savings,7245321,2026-07-25,YGY01,ACTIVE
18850,8402,Time Deposit,556012843,2026-11-23,JKT01,ACTIVE
18851,3635,Time Deposit,648779014,2026-11-06,SBY01,INACTIVE
18852,9300,Time Deposit,332684169,2026-04-28,JKT01,INACTIVE
18853,1820,Savings,14083219,2027-10-15,MDN01,INACTIVE
18854,123,Savings,40756525,2026-07-19,JKT02,INACTIVE
18855,8952,Savings,66433547,2026-10-19,BDG01,INACTIVE
18856,3859,Savings,65587768,2027-10-16,BDG01,INACTIVE
18857,5394,Time Deposit,930424428,2026-12-23,YGY01,INACTIVE
18858,1581,Time Deposit,142806166,2027-03-09,MDN01,INACTIVE
18859,1234,Savings,25761190,2026-09-01,MDN01,INACTIVE
18860,6973,Savings,23076619,2027-08-24,YGY01,ACTIVE
18861,2977,Savings,179211483,2027-09-20,MDN01,INACTIVE
18862,7601,Savings,50595132,2027-01-21,SBY01,INACTIVE
18863,2172,Savings,35509716,2026-06-23,SBY01,INACTIVE
18864,3910,Savings,30474582,2027-01-30,YGY01,INACTIVE
18865,8204,Time Deposit,921105300,2026-04-29,YGY01,ACTIVE
18866,3786,Savings,37911106,2026-10-07,SBY01,INACTIVE
18867,7877,Time Deposit,1530473990,2026-05-30,JKT01,INACTIVE
18868,2033,Time Deposit,439978664,2027-01-14,MDN01,INACTIVE
18869,8562,Savings,44143429,2026-06-16,JKT01,INACTIVE
18870,2781,Time Deposit,535372707,2026-07-15,SBY01,ACTIVE
18871,6468,Time Deposit,1313205123,2026-08-26,JKT02,ACTIVE
18872,5866,Savings,10367877,2026-04-27,BDG01,INACTIVE
18873,8791,Time Deposit,1052283542,2026-05-17,JKT02,INACTIVE
18874,1900,Savings,7901313,2027-06-19,BDG01,INACTIVE
18875,8939,Time Deposit,366939742,2026-07-05,BDG01,INACTIVE
18876,760,Savings,80328313,2027-01-20,SMG01,ACTIVE
18877,7056,Savings,22556091,2026-07-15,MDN01,INACTIVE
18878,2505,Time Deposit,1661434561,2026-06-15,MDN01,INACTIVE
18879,339,Time Deposit,1769202707,2026-06-16,SMG01,INACTIVE
18880,5189,Savings,68271463,2027-10-08,SMG01,INACTIVE
18881,6961,Savings,31375908,2027-10-30,BDG01,INACTIVE
18882,4449,Savings,17723379,2027-02-12,JKT01,INACTIVE
18883,7896,Savings,32371559,2027-10-28,SBY01,INACTIVE
18884,7943,Time Deposit,750538320,2026-08-29,SBY01,INACTIVE
18885,1176,Savings,20139423,2026-10-26,BDG01,INACTIVE
18886,8999,Savings,7118407,2027-12-07,BDG01,INACTIVE
18887,2092,Time Deposit,74861403,2026-05-09,SMG01,INACTIVE
18888,424,Savings,46620485,2027-09-20,BDG01,ACTIVE
18889,2861,Savings,141689164,2026-11-01,MDN01,ACTIVE
18890,3127,Time Deposit,843082632,2026-06-19,BDG01,ACTIVE
18891,8792,Savings,26025683,2027-05-29,JKT02,INACTIVE
18892,149,Savings,48541559,2026-05-10,YGY01,INACTIVE
18893,9235,Savings,9759250,2028-02-03,BDG01,INACTIVE
18894,4153,Time Deposit,463218951,2027-01-25,JKT01,INACTIVE
18895,3654,Savings,14298240,2026-09-08,SMG01,INACTIVE
18896,2235,Savings,105615778,2027-11-26,BDG01,ACTIVE
18897,986,Savings,87215435,2027-01-12,SMG01,INACTIVE
18898,4847,Time Deposit,400291951,2026-09-03,SBY01,ACTIVE
18899,9675,Time Deposit,1009802237,2027-02-17,JKT01,INACTIVE
18900,5441,Time Deposit,1180943001,2027-02-05,JKT01,INACTIVE
18901,9375,Savings,56688772,2027-08-18,YGY01,INACTIVE
18902,8782,Savings,35884974,2026-11-12,SBY01,INACTIVE
18903,3278,Time Deposit,88278084,2026-08-25,MDN01,ACTIVE
18904,5706,Time Deposit,458424455,2027-01-13,BDG01,INACTIVE
18905,1258,Savings,14093969,2027-09-29,MDN01,INACTIVE
18906,295,Time Deposit,746000558,2026-11-03,YGY01,INACTIVE
18907,6546,Savings,32682792,2026-05-16,BDG01,ACTIVE
18908,3367,Savings,23250745,2026-10-30,JKT02,INACTIVE
18909,889,Time Deposit,1087895358,2026-12-31,BDG01,ACTIVE
18910,7833,Savings,7725904,2026-07-14,JKT02,ACTIVE
18911,909,Savings,42006131,2026-07-29,SMG01,ACTIVE
18912,5386,Time Deposit,1393356533,2026-10-06,JKT01,INACTIVE
18913,1373,Time Deposit,528252319,2026-05-15,SBY01,ACTIVE
18914,4614,Savings,24239852,2027-04-27,BDG01,INACTIVE
18915,7446,Savings,4369396,2027-05-03,SMG01,INACTIVE
18916,4899,Savings,36090967,2026-09-23,JKT02,INACTIVE
18917,765,Time Deposit,654578857,2027-02-05,MDN01,INACTIVE
18918,7571,Savings,93796788,2026-05-16,BDG01,INACTIVE
18919,8127,Savings,6734507,2027-07-06,SBY01,INACTIVE
18920,3322,Savings,16504549,2028-01-28,JKT02,ACTIVE
18921,7486,Time Deposit,1241228000,2026-12-07,JKT01,ACTIVE
18922,9392,Savings,96317614,2028-02-22,SBY01,INACTIVE
18923,333,Savings,12454186,2027-08-13,SBY01,ACTIVE
18924,6525,Savings,13472773,2028-03-12,YGY01,INACTIVE
18925,5960,Savings,39123917,2026-04-30,SMG01,INACTIVE
18926,6549,Time Deposit,635757602,2026-11-13,JKT02,ACTIVE
18927,3158,Savings,40904384,2027-11-05,JKT01,ACTIVE
18928,9785,Time Deposit,408948432,2026-07-30,BDG01,INACTIVE
18929,9086,Time Deposit,1098223062,2026-07-18,JKT01,INACTIVE
18930,444,Savings,14371059,2026-04-23,JKT02,INACTIVE
18931,5067,Savings,47154033,2027-09-08,YGY01,INACTIVE
18932,8744,Savings,18431281,2026-04-27,MDN01,INACTIVE
18933,5656,Time Deposit,715245534,2027-01-14,YGY01,INACTIVE
18934,4616,Savings,17691617,2027-08-29,YGY01,INACTIVE
18935,1439,Time Deposit,1149055155,2026-10-14,YGY01,ACTIVE
18936,4587,Time Deposit,352108021,2026-12-24,SMG01,INACTIVE
18937,4151,Savings,179831953,2026-05-05,SBY01,INACTIVE
18938,9471,Time Deposit,248611394,2026-04-14,BDG01,INACTIVE
18939,8096,Time Deposit,903139857,2027-03-16,JKT02,INACTIVE
18940,873,Time Deposit,747592936,2026-12-22,BDG01,INACTIVE
18941,6167,Time Deposit,634895274,2027-01-29,BDG01,INACTIVE
18942,6198,Savings,24406054,2027-03-06,JKT01,INACTIVE
18943,1809,Savings,38444874,2026-09-28,BDG01,ACTIVE
18944,642,Time Deposit,278215295,2027-03-04,BDG01,INACTIVE
18945,7838,Time Deposit,671686153,2026-12-14,BDG01,ACTIVE
18946,6586,Savings,39320814,2027-02-19,JKT01,INACTIVE
18947,139,Savings,156608149,2027-03-17,MDN01,ACTIVE
18948,5534,Savings,60298166,2027-12-08,YGY01,INACTIVE
18949,8054,Savings,32397557,2028-01-11,SMG01,INACTIVE
18950,5316,Savings,151241691,2027-08-06,YGY01,INACTIVE
18951,4537,Savings,27350208,2026-08-13,YGY01,ACTIVE
18952,8986,Savings,10296754,2026-10-20,YGY01,INACTIVE
18953,2834,Savings,15541351,2027-12-31,BDG01,INACTIVE
18954,4942,Savings,13093413,2026-05-31,MDN01,ACTIVE
18955,539,Savings,33651529,2027-06-02,MDN01,INACTIVE
18956,8536,Savings,2515025,2026-06-02,MDN01,ACTIVE
18957,1223,Time Deposit,728084976,2026-09-30,JKT01,INACTIVE
18958,5504,Savings,93551718,2026-06-17,BDG01,INACTIVE
18959,1902,Savings,23288646,2027-06-27,SBY01,INACTIVE
18960,8856,Time Deposit,442068407,2026-04-20,YGY01,INACTIVE
18961,9877,Savings,15373113,2026-11-02,SMG01,INACTIVE
18962,2285,Savings,93409362,2028-02-08,MDN01,INACTIVE
18963,4162,Savings,54527092,2028-01-16,BDG01,ACTIVE
18964,7302,Savings,42611483,2028-02-04,SMG01,INACTIVE
18965,9108,Savings,21870588,2027-07-17,JKT01,INACTIVE
18966,3118,Time Deposit,1426242268,2027-03-09,BDG01,INACTIVE
18967,8333,Savings,67075802,2027-10-04,SBY01,INACTIVE
18968,6046,Time Deposit,575918847,2026-09-08,JKT02,INACTIVE
18969,9212,Savings,25112211,2027-04-16,SMG01,ACTIVE
18970,2773,Savings,24654419,2027-12-06,SBY01,ACTIVE
18971,4026,Savings,16267173,2028-03-03,JKT02,INACTIVE
18972,8142,Savings,55292556,2026-04-25,JKT01,ACTIVE
18973,7042,Savings,33510614,2027-07-04,MDN01,INACTIVE
18974,1380,Time Deposit,752282788,2027-01-08,SMG01,ACTIVE
18975,232,Savings,45960231,2027-03-25,YGY01,INACTIVE
18976,3746,Savings,40884098,2027-03-28,BDG01,INACTIVE
18977,6750,Savings,23030873,2027-04-07,SMG01,INACTIVE
18978,9197,Savings,15382908,2026-04-24,SMG01,INACTIVE
18979,8952,Time Deposit,206839611,2027-02-22,SBY01,INACTIVE
18980,9117,Savings,34404728,2026-08-18,BDG01,INACTIVE
18981,3382,Savings,25724641,2027-05-02,JKT01,INACTIVE
18982,886,Savings,71518781,2028-01-02,JKT02,INACTIVE
18983,5361,Savings,47869114,2026-09-29,JKT01,INACTIVE
18984,2164,Savings,17491194,2028-03-06,JKT01,ACTIVE
18985,2436,Savings,10590223,2027-07-08,JKT02,INACTIVE
18986,4894,Time Deposit,850676032,2026-10-28,SBY01,ACTIVE
18987,7528,Time Deposit,918919084,2026-10-24,SBY01,ACTIVE
18988,6155,Time Deposit,1040875000,2027-01-02,SMG01,INACTIVE
18989,3071,Savings,104105537,2027-01-12,JKT01,INACTIVE
18990,358,Time Deposit,1150011919,2027-01-12,YGY01,INACTIVE
18991,2115,Savings,24950488,2026-11-22,YGY01,INACTIVE
18992,2573,Time Deposit,550604162,2026-04-23,SMG01,INACTIVE
18993,5593,Savings,12268421,2026-07-11,SMG01,INACTIVE
18994,9312,Savings,12661362,2027-04-05,JKT01,INACTIVE
18995,3523,Savings,26123145,2027-02-03,JKT02,ACTIVE
18996,8375,Savings,64027962,2027-02-04,BDG01,INACTIVE
18997,5220,Savings,19588529,2027-10-29,SBY01,INACTIVE
18998,2024,Savings,67643807,2026-06-29,SMG01,INACTIVE
18999,1254,Savings,10393668,2028-03-04,MDN01,ACTIVE
19000,8373,Savings,37383057,2027-10-22,SBY01,INACTIVE
