account_id,customer_id,product_type,balance,maturity_date,branch_code,status
1001,2598,Savings,45889021,2027-05-07,MDN01,ACTIVE
1002,7567,Savings,27251565,2028-01-04,JKT01,ACTIVE
1003,5284,Savings,27062881,2027-10-17,MDN01,ACTIVE
1004,2110,Time Deposit,1427311175,2026-07-04,SBY01,ACTIVE
1005,7632,Savings,19643748,2027-08-27,SMG01,ACTIVE
1006,9066,Savings,13514776,2028-01-11,SBY01,ACTIVE
1007,2183,Savings,37031372,2027-07-26,MDN01,ACTIVE
1008,4385,Time Deposit,183248438,2027-01-06,MDN01,ACTIVE
1009,5463,Savings,41615333,2027-04-07,BDG01,ACTIVE
1010,1002,Savings,53358507,2027-12-14,SMG01,ACTIVE
1011,9937,Time Deposit,259124411,2026-07-22,SMG01,ACTIVE
1012,1738,Savings,25339634,2027-04-29,JKT01,ACTIVE
1013,2564,Savings,11687554,2026-09-21,SMG01,ACTIVE
1014,2731,Time Deposit,620349547,2027-02-20,JKT02,ACTIVE
1015,5192,Time Deposit,1092159636,2026-11-12,BDG01,ACTIVE
1016,3291,Savings,13110434,2027-04-27,JKT02,ACTIVE
1017,9615,Savings,41416687,2028-01-10,MDN01,ACTIVE
1018,7547,Savings,106564129,2027-03-31,SBY01,ACTIVE
1019,1071,Savings,36780033,2026-10-25,SMG01,ACTIVE
1020,3687,Savings,26888022,2026-08-06,SMG01,ACTIVE
1021,3461,Savings,105159782,2027-03-27,BDG01,ACTIVE
1022,8035,Time Deposit,480243733,2026-11-20,SMG01,ACTIVE
1023,6531,Time Deposit,1016335424,2026-09-15,YGY01,ACTIVE
1024,8288,Time Deposit,754389500,2027-02-20,JKT01,ACTIVE
1025,6733,Savings,35436908,2027-03-14,YGY01,ACTIVE
1026,7634,Savings,11598868,2026-06-28,JKT01,ACTIVE
1027,5334,Savings,23415657,2026-07-05,JKT01,ACTIVE
1028,1206,Savings,19293247,2026-11-01,YGY01,ACTIVE
1029,8992,Time Deposit,1193956843,2026-12-26,SBY01,ACTIVE
1030,6431,Time Deposit,436732463,2026-11-04,JKT02,ACTIVE
1031,3571,Time Deposit,1749918589,2026-10-02,SBY01,ACTIVE
1032,5000,Savings,7193066,2027-04-14,YGY01,ACTIVE
1033,7904,Time Deposit,888144249,2026-09-02,SBY01,ACTIVE
1034,2387,Savings,36876906,2027-10-17,MDN01,ACTIVE
1035,6388,Savings,18052779,2026-07-12,SBY01,ACTIVE
1036,8062,Time Deposit,390169744,2026-08-23,SBY01,ACTIVE
1037,4554,Savings,11277863,2026-07-17,YGY01,ACTIVE
1038,7513,Savings,34829745,2027-07-27,BDG01,ACTIVE
1039,2462,Time Deposit,539103029,2026-09-22,JKT02,ACTIVE
1040,4625,Savings,111172641,2028-03-11,SBY01,ACTIVE
1041,8697,Savings,79775468,2026-12-02,SMG01,ACTIVE
1042,4082,Savings,99519371,2027-11-26,MDN01,ACTIVE
1043,1261,Time Deposit,634717303,2027-03-23,MDN01,ACTIVE
1044,9160,Savings,34800087,2026-12-17,JKT01,ACTIVE
1045,4385,Savings,11950677,2027-03-31,SBY01,ACTIVE
1046,7203,Time Deposit,482894951,2026-09-12,MDN01,ACTIVE
1047,8002,Savings,81951884,2027-09-13,BDG01,ACTIVE
1048,8902,Savings,24702644,2028-02-14,MDN01,ACTIVE
1049,7277,Savings,46187107,2027-12-29,BDG01,ACTIVE
1050,7551,Time Deposit,465802372,2027-01-15,BDG01,ACTIVE
1051,4786,Time Deposit,468121905,2026-11-22,BDG01,ACTIVE
1052,8114,Savings,79601648,2027-07-25,SMG01,ACTIVE
1053,3246,Time Deposit,437058631,2026-08-17,JKT02,ACTIVE
1054,6087,Time Deposit,321552736,2026-05-21,MDN01,ACTIVE
1055,7604,Time Deposit,1005843699,2026-12-14,BDG01,ACTIVE
1056,5492,Time Deposit,932393663,2026-09-14,JKT02,ACTIVE
1057,430,Time Deposit,1429746739,2027-01-21,MDN01,ACTIVE
1058,1181,Time Deposit,437046796,2027-03-09,YGY01,ACTIVE
1059,7299,Savings,57935649,2027-02-05,SBY01,ACTIVE
1060,4413,Time Deposit,1217096568,2026-08-03,JKT01,ACTIVE
1061,5175,Time Deposit,1129409073,2026-07-07,SBY01,ACTIVE
1062,1771,Savings,9908355,2026-07-21,BDG01,ACTIVE
1063,880,Time Deposit,693663347,2026-05-21,SBY01,ACTIVE
1064,2723,Time Deposit,953809667,2026-07-22,MDN01,ACTIVE
1065,6977,Savings,8520219,2027-01-24,JKT01,ACTIVE
1066,5158,Time Deposit,164225270,2026-06-05,MDN01,ACTIVE
1067,7109,Savings,108698015,2027-08-21,JKT02,ACTIVE
1068,8783,Time Deposit,1055169538,2026-10-20,BDG01,ACTIVE
1069,1014,Savings,95529367,2028-02-13,BDG01,ACTIVE
1070,9264,Time Deposit,959728808,2026-10-11,JKT02,ACTIVE
1071,6768,Time Deposit,1200442739,2026-04-14,BDG01,ACTIVE
1072,7547,Savings,51722486,2027-08-05,JKT02,ACTIVE
1073,8607,Time Deposit,525195258,2026-11-29,MDN01,ACTIVE
1074,9145,Savings,30310791,2027-10-23,MDN01,ACTIVE
1075,4390,Savings,33289845,2027-05-29,JKT01,ACTIVE
1076,8135,Savings,35635608,2027-11-13,YGY01,ACTIVE
1077,811,Savings,57258312,2026-11-04,SMG01,ACTIVE
1078,1667,Savings,31040724,2027-03-10,YGY01,ACTIVE
1079,6990,Savings,158566510,2027-03-31,SMG01,ACTIVE
1080,4802,Savings,51667230,2027-09-14,JKT01,ACTIVE
1081,8980,Savings,6432325,2028-02-01,BDG01,ACTIVE
1082,7933,Time Deposit,872554887,2026-09-15,JKT01,ACTIVE
1083,7310,Time Deposit,1165767232,2026-10-21,SMG01,ACTIVE
1084,6521,Savings,121273302,2027-09-24,JKT02,ACTIVE
1085,7520,Savings,35794006,2026-11-30,SMG01,ACTIVE
1086,5836,Savings,12830717,2027-04-21,BDG01,ACTIVE
1087,6920,Savings,43197188,2027-12-11,SBY01,ACTIVE
1088,2634,Savings,18199719,2026-09-28,SMG01,ACTIVE
1089,4216,Savings,187975620,2028-03-06,SBY01,ACTIVE
1090,1181,Savings,22480685,2026-06-07,SMG01,ACTIVE
1091,1920,Time Deposit,569915531,2026-11-17,SBY01,ACTIVE
1092,7252,Savings,26713520,2026-09-03,MDN01,ACTIVE
1093,8190,Time Deposit,1590620198,2026-08-29,JKT01,ACTIVE
1094,9696,Savings,15865407,2027-08-23,JKT02,ACTIVE
1095,9519,Time Deposit,515667142,2027-01-17,MDN01,ACTIVE
1096,115,Savings,22554989,2027-05-19,JKT02,ACTIVE
1097,1234,Time Deposit,456364670,2026-07-13,SBY01,ACTIVE
1098,5962,Savings,32755592,2027-11-17,JKT02,ACTIVE
1099,7272,Savings,27600344,2027-06-26,MDN01,ACTIVE
1100,4789,Savings,18649229,2027-09-15,MDN01,ACTIVE
1101,7730,Time Deposit,439234310,2027-01-09,SMG01,ACTIVE
1102,9888,Savings,2068371,2027-09-21,BDG01,ACTIVE
1103,7061,Savings,191166334,2027-11-19,BDG01,ACTIVE
1104,1167,Time Deposit,485134544,2027-01-16,JKT01,ACTIVE
1105,2073,Savings,24492063,2026-10-13,BDG01,ACTIVE
1106,5653,Savings,197608601,2026-10-10,SMG01,ACTIVE
1107,5638,Savings,90080017,2027-06-28,JKT01,ACTIVE
1108,3105,Savings,19427094,2026-05-02,BDG01,ACTIVE
1109,696,Savings,112078446,2027-03-28,YGY01,ACTIVE
1110,6653,Savings,108888430,2026-12-05,YGY01,ACTIVE
1111,2918,Time Deposit,670797569,2026-11-04,SBY01,ACTIVE
1112,3498,Savings,102624166,2028-02-24,MDN01,ACTIVE
1113,9529,Savings,67825583,2027-10-18,JKT02,ACTIVE
1114,2260,Savings,19855209,2027-11-06,SBY01,ACTIVE
1115,3891,Time Deposit,854175234,2027-03-02,SBY01,ACTIVE
1116,978,Savings,44212239,2027-02-12,SBY01,ACTIVE
1117,9665,Savings,25480447,2026-06-02,JKT02,ACTIVE
1118,3350,Savings,6214792,2027-01-19,BDG01,ACTIVE
1119,8748,Savings,20096419,2027-05-07,YGY01,ACTIVE
1120,3462,Savings,38850594,2027-08-24,SMG01,ACTIVE
1121,4096,Savings,60615122,2027-07-27,SMG01,ACTIVE
1122,9480,Savings,15906327,2028-02-08,SBY01,ACTIVE
1123,6428,Savings,98940556,2028-01-11,YGY01,ACTIVE
1124,8842,Time Deposit,1355153382,2027-01-22,JKT02,ACTIVE
1125,5404,Savings,17156102,2026-08-11,SBY01,ACTIVE
1126,6290,Time Deposit,612043006,2026-06-07,BDG01,ACTIVE
1127,3927,Time Deposit,398408980,2026-10-19,SMG01,ACTIVE
1128,198,Savings,16411035,2027-02-04,SBY01,ACTIVE
1129,8690,Time Deposit,766685727,2026-06-06,MDN01,ACTIVE
1130,803,Savings,78209677,2028-03-15,SBY01,ACTIVE
1131,4412,Savings,78356677,2026-04-29,JKT01,ACTIVE
1132,9200,Savings,29848343,2027-11-19,BDG01,ACTIVE
1133,9581,Time Deposit,950684559,2027-01-09,SBY01,ACTIVE
1134,605,Savings,2925274,2027-06-17,YGY01,ACTIVE
1135,8851,Savings,2514343,2027-06-02,YGY01,ACTIVE
1136,5612,Time Deposit,546310461,2026-09-24,BDG01,ACTIVE
1137,3168,Savings,141843779,2027-07-14,SBY01,ACTIVE
1138,2516,Savings,180031335,2027-04-26,SBY01,ACTIVE
1139,146,Time Deposit,1121932915,2027-02-19,JKT01,ACTIVE
1140,8306,Savings,58022914,2027-02-04,BDG01,ACTIVE
1141,6329,Time Deposit,1619722163,2026-07-25,SMG01,ACTIVE
1142,5482,Savings,51896233,2026-05-25,BDG01,ACTIVE
1143,7038,Time Deposit,631140186,2026-10-30,YGY01,ACTIVE
1144,2024,Time Deposit,657842498,2026-09-08,YGY01,ACTIVE
1145,2591,Savings,63716793,2026-10-02,YGY01,ACTIVE
1146,860,Savings,24248125,2027-01-13,YGY01,ACTIVE
1147,885,Savings,39180768,2027-06-19,YGY01,ACTIVE
1148,8406,Time Deposit,979579770,2026-10-11,SMG01,ACTIVE
1149,4268,Savings,175333687,2028-02-29,JKT02,ACTIVE
1150,4059,Savings,65402133,2027-12-08,SBY01,ACTIVE
1151,7162,Time Deposit,482414710,2026-12-17,SBY01,ACTIVE
1152,2602,Savings,41914702,2026-12-16,JKT02,ACTIVE
1153,4634,Savings,142029481,2027-05-12,YGY01,ACTIVE
1154,646,Savings,9041232,2027-01-09,BDG01,ACTIVE
1155,2862,Savings,16451565,2027-10-16,SMG01,ACTIVE
1156,7305,Savings,14298838,2026-06-03,SMG01,ACTIVE
1157,3911,Savings,42167517,2027-12-03,YGY01,ACTIVE
1158,2671,Time Deposit,938059327,2026-04-14,MDN01,ACTIVE
1159,509,Time Deposit,803429091,2027-01-23,BDG01,ACTIVE
1160,4579,Time Deposit,303659905,2027-01-21,SBY01,ACTIVE
1161,1597,Time Deposit,1429132438,2026-04-21,SMG01,ACTIVE
1162,1083,Time Deposit,725359082,2026-10-27,JKT01,ACTIVE
1163,1693,Savings,15972321,2027-11-07,SBY01,ACTIVE
1164,5499,Time Deposit,413476019,2026-08-18,YGY01,ACTIVE
1165,2720,Savings,33363003,2027-12-31,MDN01,ACTIVE
1166,5956,Savings,36716014,2027-09-14,BDG01,ACTIVE
1167,8329,Savings,31617252,2027-07-11,JKT01,ACTIVE
1168,9880,Savings,7526906,2027-09-28,SMG01,ACTIVE
1169,6234,Savings,17763307,2026-11-27,MDN01,ACTIVE
1170,4484,Time Deposit,503607619,2027-03-12,YGY01,ACTIVE
1171,3154,Savings,6347729,2026-05-13,SMG01,ACTIVE
1172,6917,Savings,96764470,2027-03-18,JKT02,ACTIVE
1173,7313,Savings,40809644,2027-07-01,SMG01,ACTIVE
1174,344,Savings,29270429,2027-11-28,MDN01,ACTIVE
1175,2628,Time Deposit,1405029842,2026-05-03,MDN01,ACTIVE
1176,9636,Savings,108565446,2027-01-28,JKT01,ACTIVE
1177,3140,Time Deposit,947506158,2026-05-13,SBY01,ACTIVE
1178,6123,Time Deposit,838136605,2026-10-01,MDN01,ACTIVE
1179,2013,Savings,11934483,2026-11-14,BDG01,ACTIVE
1180,1932,Savings,3133520,2027-11-06,MDN01,ACTIVE
1181,1846,Time Deposit,397007066,2027-03-03,JKT02,ACTIVE
1182,9706,Time Deposit,591636081,2026-05-23,YGY01,ACTIVE
1183,4155,Time Deposit,1728800147,2027-01-07,JKT01,ACTIVE
1184,8586,Savings,23848489,2026-10-31,MDN01,ACTIVE
1185,6672,Savings,15027584,2027-06-06,YGY01,ACTIVE
1186,8388,Savings,20248637,2026-06-13,JKT01,ACTIVE
1187,1320,Savings,81297169,2028-01-17,JKT02,ACTIVE
1188,604,Savings,11239267,2026-07-01,JKT01,ACTIVE
1189,5051,Time Deposit,1456641074,2027-01-06,SMG01,ACTIVE
1190,8592,Savings,10589925,2027-09-11,SMG01,ACTIVE
1191,9551,Time Deposit,816218372,2026-05-12,SMG01,ACTIVE
1192,8660,Time Deposit,206877708,2026-09-06,BDG01,ACTIVE
1193,3296,Time Deposit,323469581,2027-02-16,SBY01,ACTIVE
1194,8739,Savings,22305334,2027-12-18,YGY01,ACTIVE
1195,9736,Time Deposit,236090598,2026-07-30,MDN01,ACTIVE
1196,5218,Time Deposit,1073587381,2026-04-16,JKT01,ACTIVE
1197,94,Time Deposit,526837684,2027-01-25,MDN01,ACTIVE
1198,6910,Savings,10579260,2027-04-20,BDG01,ACTIVE
1199,823,Savings,10648541,2026-06-05,SMG01,ACTIVE
1200,5535,Time Deposit,735534674,2026-09-21,SMG01,ACTIVE
1201,3258,Savings,15023433,2026-10-17,SBY01,ACTIVE
1202,7093,Time Deposit,940575294,2026-11-26,YGY01,ACTIVE
1203,8454,Time Deposit,810861997,2026-11-28,MDN01,ACTIVE
1204,7498,Time Deposit,715560223,2026-05-02,JKT02,ACTIVE
1205,8421,Time Deposit,1484583412,2026-06-16,MDN01,ACTIVE
1206,1224,Time Deposit,1622529824,2027-02-12,JKT02,ACTIVE
1207,6697,Savings,30287219,2027-01-24,BDG01,ACTIVE
1208,5554,Savings,26538593,2028-01-04,BDG01,ACTIVE
1209,4636,Savings,62268934,2026-12-25,YGY01,ACTIVE
1210,1382,Savings,9964969,2026-06-13,BDG01,ACTIVE
1211,8928,Time Deposit,849309903,2027-02-22,JKT02,ACTIVE
1212,3498,Savings,133956561,2027-10-16,JKT01,ACTIVE
1213,2257,Time Deposit,370028245,2027-01-21,SMG01,ACTIVE
1214,7759,Savings,91052898,2026-12-20,BDG01,ACTIVE
1215,1412,Time Deposit,770905972,2026-09-01,SBY01,ACTIVE
1216,9304,Time Deposit,329113756,2026-09-10,SMG01,ACTIVE
1217,9686,Savings,18604013,2026-10-21,SBY01,ACTIVE
1218,5088,Savings,215258451,2027-05-02,YGY01,ACTIVE
1219,7331,Savings,93107861,2026-09-07,SMG01,ACTIVE
1220,2781,Time Deposit,279616379,2026-09-07,JKT02,ACTIVE
1221,6491,Savings,82702804,2027-01-20,YGY01,ACTIVE
1222,3578,Savings,11096101,2027-02-13,SMG01,ACTIVE
1223,405,Savings,42662433,2027-01-01,JKT01,ACTIVE
1224,6477,Time Deposit,870678895,2026-08-11,YGY01,ACTIVE
1225,4863,Time Deposit,650019958,2026-11-12,MDN01,ACTIVE
1226,1693,Time Deposit,431952489,2026-10-01,SMG01,ACTIVE
1227,8902,Savings,19920308,2028-01-25,MDN01,ACTIVE
1228,9419,Time Deposit,169747856,2027-02-12,BDG01,ACTIVE
1229,4526,Time Deposit,1124280199,2026-12-09,YGY01,ACTIVE
1230,3904,Savings,205255634,2027-02-08,BDG01,ACTIVE
1231,491,Time Deposit,181571032,2026-09-03,JKT02,ACTIVE
1232,1771,Savings,27143309,2027-01-26,SMG01,ACTIVE
1233,5096,Time Deposit,719025020,2026-07-02,JKT01,ACTIVE
1234,4881,Time Deposit,1439515556,2027-01-20,BDG01,ACTIVE
1235,2964,Time Deposit,838453088,2026-05-03,BDG01,ACTIVE
1236,3986,Time Deposit,321748489,2026-10-26,MDN01,ACTIVE
1237,9413,Time Deposit,966845198,2027-01-07,BDG01,ACTIVE
1238,8029,Time Deposit,871926077,2026-10-13,BDG01,ACTIVE
1239,2846,Savings,20024119,2027-11-25,JKT02,ACTIVE
1240,3081,Time Deposit,1016899954,2027-03-01,MDN01,ACTIVE
1241,6831,Time Deposit,505914150,2026-06-29,SBY01,ACTIVE
1242,8446,Time Deposit,1306696690,2026-10-17,SMG01,ACTIVE
1243,5589,Savings,13236256,2027-04-10,SMG01,ACTIVE
1244,3836,Time Deposit,1028224722,2026-09-06,JKT01,ACTIVE
1245,8957,Savings,54824569,2026-10-26,JKT01,ACTIVE
1246,2439,Savings,93696042,2026-08-13,SBY01,ACTIVE
1247,4696,Savings,90506780,2028-01-02,SBY01,ACTIVE
1248,4281,Time Deposit,665662015,2027-03-07,JKT02,ACTIVE
1249,436,Savings,12141978,2027-03-02,JKT02,ACTIVE
1250,2391,Savings,11259336,2028-02-10,BDG01,ACTIVE
1251,9845,Savings,52902295,2026-11-20,SBY01,ACTIVE
1252,2778,Savings,109746208,2027-11-02,YGY01,ACTIVE
1253,162,Savings,27571802,2026-05-15,SMG01,ACTIVE
1254,7895,Savings,13944543,2027-04-29,SMG01,ACTIVE
1255,6197,Time Deposit,1153147530,2026-10-09,JKT02,ACTIVE
1256,8579,Savings,34879460,2028-03-15,MDN01,ACTIVE
1257,9759,Savings,79506936,2027-02-24,SBY01,ACTIVE
1258,5683,Savings,23208886,2027-12-08,YGY01,ACTIVE
1259,5817,Savings,12234015,2026-07-25,JKT02,ACTIVE
1260,2537,Time Deposit,884273513,2027-01-09,SMG01,ACTIVE
1261,6822,Savings,35355831,2026-08-27,JKT01,ACTIVE
1262,7742,Time Deposit,1087708978,2026-08-23,YGY01,ACTIVE
1263,1424,Savings,8126879,2026-07-05,YGY01,ACTIVE
1264,9842,Savings,8752789,2027-01-08,MDN01,ACTIVE
1265,4200,Savings,114342296,2027-11-26,JKT01,ACTIVE
1266,1211,Time Deposit,388145386,2027-01-01,SBY01,ACTIVE
1267,894,Savings,16166939,2026-11-23,YGY01,ACTIVE
1268,732,Savings,17143643,2026-09-27,JKT01,ACTIVE
1269,7643,Savings,10923545,2026-09-19,MDN01,ACTIVE
1270,5129,Time Deposit,1134746190,2026-12-11,YGY01,ACTIVE
1271,9877,Savings,15397640,2027-05-18,MDN01,ACTIVE
1272,4669,Savings,34251882,2028-01-22,MDN01,ACTIVE
1273,5201,Savings,39258826,2026-12-18,JKT02,ACTIVE
1274,309,Savings,142631987,2028-03-19,JKT02,ACTIVE
1275,7695,Time Deposit,1496220010,2026-12-28,JKT02,ACTIVE
1276,8691,Savings,30853947,2027-07-14,JKT02,ACTIVE
1277,8792,Savings,77661959,2027-12-24,MDN01,ACTIVE
1278,1117,Time Deposit,279419236,2026-08-15,SMG01,ACTIVE
1279,9724,Savings,44287237,2026-05-17,SMG01,ACTIVE
1280,6994,Time Deposit,638077256,2027-02-20,JKT01,ACTIVE
1281,2038,Time Deposit,600322354,2026-04-13,YGY01,ACTIVE
1282,5996,Savings,8038568,2027-05-28,SBY01,ACTIVE
1283,4303,Time Deposit,669351414,2027-01-19,BDG01,ACTIVE
1284,4013,Savings,89297644,2027-04-03,BDG01,ACTIVE
1285,1943,Time Deposit,916194644,2027-03-24,JKT01,ACTIVE
1286,6123,Savings,121278003,2027-09-25,BDG01,ACTIVE
1287,3944,Savings,23052372,2026-12-30,SBY01,ACTIVE
1288,9755,Time Deposit,975855370,2026-06-30,SBY01,ACTIVE
1289,3222,Savings,40585262,2026-07-15,BDG01,ACTIVE
1290,2262,Time Deposit,328493297,2026-09-02,BDG01,ACTIVE
1291,6045,Savings,35275689,2026-09-30,SBY01,ACTIVE
1292,2707,Time Deposit,688996437,2026-11-11,JKT02,ACTIVE
1293,6648,Savings,25563779,2027-10-22,BDG01,ACTIVE
1294,9928,Savings,17058516,2027-06-25,JKT01,ACTIVE
1295,3284,Time Deposit,1541663009,2026-06-07,SBY01,ACTIVE
1296,3854,Time Deposit,86734555,2027-02-12,SBY01,ACTIVE
1297,2733,Time Deposit,568873652,2026-12-25,BDG01,ACTIVE
1298,9877,Savings,29793301,2028-02-24,JKT01,ACTIVE
1299,4002,Time Deposit,1681332425,2026-09-27,SMG01,ACTIVE
1300,8194,Time Deposit,445301637,2026-08-05,JKT01,ACTIVE
1301,9521,Time Deposit,980565401,2026-06-06,MDN01,ACTIVE
1302,5267,Time Deposit,1718566418,2026-12-26,MDN01,ACTIVE
1303,1758,Time Deposit,185044377,2026-11-18,MDN01,ACTIVE
1304,191,Savings,18883536,2026-06-25,BDG01,ACTIVE
1305,8665,Savings,224654039,2027-09-22,JKT01,ACTIVE
1306,2987,Savings,61339958,2026-08-08,JKT02,ACTIVE
1307,1820,Savings,48508017,2026-12-02,SMG01,ACTIVE
1308,398,Savings,113498748,2027-04-27,SMG01,ACTIVE
1309,6876,Savings,44478903,2026-09-06,SMG01,ACTIVE
1310,5862,Savings,19482614,2026-08-04,MDN01,ACTIVE
1311,7609,Time Deposit,1453407045,2027-02-09,SBY01,ACTIVE
1312,6051,Time Deposit,1835655918,2027-02-03,JKT02,ACTIVE
1313,6749,Time Deposit,816033792,2026-09-09,YGY01,ACTIVE
1314,9618,Time Deposit,306160957,2027-01-31,JKT02,ACTIVE
1315,8272,Time Deposit,683631391,2026-07-07,SBY01,ACTIVE
1316,323,Time Deposit,142410063,2026-07-08,SMG01,ACTIVE
1317,4384,Savings,72270303,2027-11-14,BDG01,ACTIVE
1318,3994,Savings,37949568,2027-06-11,SBY01,ACTIVE
1319,3658,Time Deposit,917500879,2026-06-18,JKT01,ACTIVE
1320,1279,Time Deposit,875883515,2026-10-20,YGY01,ACTIVE
1321,6022,Savings,3304900,2028-02-10,YGY01,ACTIVE
1322,2500,Savings,31649752,2027-06-14,SMG01,ACTIVE
1323,8446,Time Deposit,1218945509,2026-05-11,SBY01,ACTIVE
1324,3455,Time Deposit,737015536,2026-05-21,SBY01,ACTIVE
1325,9265,Time Deposit,499536116,2027-02-21,MDN01,ACTIVE
1326,6170,Savings,106517958,2026-12-11,JKT01,ACTIVE
1327,8701,Savings,18906855,2027-09-27,SMG01,ACTIVE
1328,2381,Savings,16930783,2026-06-15,BDG01,ACTIVE
1329,8150,Savings,86052755,2028-02-22,JKT01,ACTIVE
1330,5642,Savings,21449680,2026-12-23,JKT01,ACTIVE
1331,4137,Savings,14717005,2028-01-11,BDG01,ACTIVE
1332,6945,Time Deposit,441658254,2027-03-03,JKT01,ACTIVE
1333,3113,Time Deposit,1021315651,2026-07-29,SBY01,ACTIVE
1334,3619,Time Deposit,1473411389,2026-12-27,BDG01,ACTIVE
1335,7955,Time Deposit,275573625,2027-02-01,JKT02,ACTIVE
1336,128,Time Deposit,1479424259,2026-08-12,BDG01,ACTIVE
1337,8733,Savings,9731426,2027-06-29,JKT02,ACTIVE
1338,1951,Time Deposit,650808807,2026-05-08,JKT02,ACTIVE
1339,5481,Savings,32069753,2026-12-17,MDN01,ACTIVE
1340,5968,Savings,103669527,2027-07-18,YGY01,ACTIVE
1341,725,Time Deposit,857894976,2026-12-15,YGY01,ACTIVE
1342,3420,Savings,68290921,2027-11-14,BDG01,ACTIVE
1343,4703,Savings,10672284,2026-08-15,SBY01,ACTIVE
1344,2781,Savings,15690339,2026-07-02,JKT01,ACTIVE
1345,3329,Savings,34022998,2027-09-06,BDG01,ACTIVE
1346,7038,Time Deposit,619864520,2027-02-02,MDN01,ACTIVE
1347,5613,Savings,16373225,2026-04-29,SBY01,ACTIVE
1348,3436,Savings,11343546,2026-12-08,JKT01,ACTIVE
1349,3638,Time Deposit,1451172294,2027-02-22,SMG01,ACTIVE
1350,9094,Time Deposit,1341800250,2026-04-12,BDG01,ACTIVE
1351,4029,Time Deposit,454338768,2027-02-11,JKT02,ACTIVE
1352,9565,Time Deposit,485249495,2026-12-22,MDN01,ACTIVE
1353,7366,Savings,24880080,2026-08-12,MDN01,ACTIVE
1354,7275,Savings,22001245,2027-06-21,BDG01,ACTIVE
1355,828,Time Deposit,397527549,2026-05-20,MDN01,ACTIVE
1356,7169,Savings,26737053,2027-09-06,MDN01,ACTIVE
1357,4251,Savings,6618413,2026-08-18,SMG01,ACTIVE
1358,7692,Time Deposit,635886915,2026-06-09,SMG01,ACTIVE
1359,2438,Time Deposit,525796411,2026-04-28,SMG01,ACTIVE
1360,5325,Savings,30650187,2027-04-12,JKT01,ACTIVE
1361,5187,Savings,20398584,2027-07-04,JKT02,ACTIVE
1362,5152,Time Deposit,429896128,2026-11-28,SBY01,ACTIVE
1363,7059,Time Deposit,700697355,2026-11-26,SMG01,ACTIVE
1364,3432,Savings,38506193,2027-04-12,SMG01,ACTIVE
1365,5564,Time Deposit,1148226026,2026-07-29,JKT02,ACTIVE
1366,1598,Savings,14237348,2027-08-28,MDN01,ACTIVE
1367,3105,Savings,24463408,2027-11-02,SBY01,ACTIVE
1368,8115,Savings,35385417,2027-03-03,JKT02,ACTIVE
1369,1768,Savings,13047724,2027-04-01,MDN01,ACTIVE
1370,5182,Savings,26409871,2027-09-08,YGY01,ACTIVE
1371,326,Time Deposit,1682073021,2026-08-24,JKT01,ACTIVE
1372,1422,Savings,133738779,2026-08-17,YGY01,ACTIVE
1373,5042,Time Deposit,975150865,2026-09-22,SMG01,ACTIVE
1374,9278,Savings,34563589,2027-05-28,SMG01,ACTIVE
1375,8844,Savings,25135651,2027-01-09,SMG01,ACTIVE
1376,773,Savings,15551114,2026-05-09,JKT01,ACTIVE
1377,3621,Time Deposit,1049986274,2026-09-23,JKT01,ACTIVE
1378,32,Savings,7708172,2027-01-26,MDN01,ACTIVE
1379,1464,Savings,16400823,2026-05-13,BDG01,ACTIVE
1380,8392,Savings,13834856,2027-11-21,JKT02,ACTIVE
1381,678,Savings,107956123,2027-12-07,BDG01,ACTIVE
1382,1457,Savings,36919723,2026-09-25,YGY01,ACTIVE
1383,503,Savings,14118606,2028-01-30,YGY01,ACTIVE
1384,6000,Time Deposit,1681877398,2026-12-08,SBY01,ACTIVE
1385,8308,Savings,36893314,2026-06-01,JKT01,ACTIVE
1386,4409,Savings,210661849,2026-09-27,BDG01,ACTIVE
1387,7796,Time Deposit,1455151916,2026-10-15,YGY01,ACTIVE
1388,8252,Time Deposit,207797336,2027-01-06,JKT02,ACTIVE
1389,5102,Savings,18254905,2026-09-15,JKT01,ACTIVE
1390,3362,Time Deposit,868102184,2027-03-01,BDG01,ACTIVE
1391,5235,Time Deposit,784950207,2027-02-18,SMG01,ACTIVE
1392,4505,Time Deposit,300869645,2027-02-14,YGY01,ACTIVE
1393,2903,Savings,15292126,2027-12-07,JKT02,ACTIVE
1394,701,Savings,15297382,2028-01-01,SBY01,ACTIVE
1395,4865,Time Deposit,294830532,2026-08-08,JKT01,ACTIVE
1396,8384,Savings,58023974,2027-08-03,SBY01,ACTIVE
1397,5322,Savings,12456470,2027-01-10,BDG01,ACTIVE
1398,8725,Savings,178027155,2028-02-12,SBY01,ACTIVE
1399,7681,Savings,19525161,2027-05-28,MDN01,ACTIVE
1400,7142,Savings,105428373,2026-12-30,YGY01,ACTIVE
1401,5928,Savings,20466604,2027-01-07,JKT02,ACTIVE
1402,8581,Savings,11171790,2026-06-27,JKT02,ACTIVE
1403,2781,Savings,34637918,2026-10-25,JKT02,ACTIVE
1404,9673,Savings,21437695,2028-01-06,YGY01,ACTIVE
1405,2121,Savings,143277392,2027-02-15,JKT02,ACTIVE
1406,5854,Time Deposit,105493378,2026-04-21,BDG01,ACTIVE
1407,9238,Savings,10910481,2027-03-02,BDG01,ACTIVE
1408,5260,Savings,127854452,2027-08-08,SBY01,ACTIVE
1409,2286,Time Deposit,660127474,2026-10-26,JKT02,ACTIVE
1410,8864,Time Deposit,882424438,2026-09-18,JKT01,ACTIVE
1411,6321,Savings,34726756,2027-02-23,JKT02,ACTIVE
1412,2691,Savings,6532214,2027-04-22,JKT02,ACTIVE
1413,9612,Time Deposit,1515364526,2027-01-25,SMG01,ACTIVE
1414,6768,Time Deposit,1079468317,2026-08-17,JKT02,ACTIVE
1415,9649,Savings,6163612,2028-02-22,JKT01,ACTIVE
1416,4041,Time Deposit,543401945,2026-11-08,MDN01,ACTIVE
1417,6500,Time Deposit,1824110321,2026-12-23,BDG01,ACTIVE
1418,4381,Time Deposit,497958750,2026-10-27,BDG01,ACTIVE
1419,7969,Savings,11721116,2026-11-03,YGY01,ACTIVE
1420,3245,Savings,4320642,2027-06-12,YGY01,ACTIVE
1421,262,Savings,73880214,2027-04-24,SMG01,ACTIVE
1422,7577,Time Deposit,1088212129,2026-12-05,YGY01,ACTIVE
1423,2959,Time Deposit,894714281,2027-02-22,SBY01,ACTIVE
1424,673,Savings,16219973,2027-10-17,YGY01,ACTIVE
1425,2077,Time Deposit,732610165,2026-11-19,SMG01,ACTIVE
1426,9573,Savings,11899985,2026-10-31,YGY01,ACTIVE
1427,6276,Savings,59834109,2027-02-17,BDG01,ACTIVE
1428,4725,Savings,104377314,2026-08-08,JKT01,ACTIVE
1429,9540,Savings,65843701,2026-09-19,MDN01,ACTIVE
1430,5946,Savings,24596505,2027-11-19,SBY01,ACTIVE
1431,2298,Time Deposit,227821414,2026-09-08,JKT01,ACTIVE
1432,7922,Time Deposit,704865840,2026-04-13,BDG01,ACTIVE
1433,385,Savings,36124104,2027-05-02,SBY01,ACTIVE
1434,5425,Savings,31182444,2027-05-16,JKT02,ACTIVE
1435,7740,Savings,6300501,2027-02-06,JKT01,ACTIVE
1436,1075,Time Deposit,653623110,2026-10-02,JKT02,ACTIVE
1437,4418,Time Deposit,710153853,2027-01-23,YGY01,ACTIVE
1438,4452,Savings,79015153,2027-07-17,BDG01,ACTIVE
1439,1787,Savings,14903238,2028-02-24,BDG01,ACTIVE
1440,6214,Savings,5280848,2027-05-18,SBY01,ACTIVE
1441,7046,Savings,22238873,2026-11-10,MDN01,ACTIVE
1442,7642,Savings,32259419,2027-07-08,BDG01,ACTIVE
1443,6868,Time Deposit,573861447,2026-07-30,JKT02,ACTIVE
1444,4927,Time Deposit,808039822,2027-02-26,SMG01,ACTIVE
1445,3189,Savings,14335730,2026-07-12,BDG01,ACTIVE
1446,6473,Time Deposit,973935909,2026-05-06,BDG01,ACTIVE
1447,7388,Savings,54019205,2026-08-07,YGY01,ACTIVE
1448,7352,Savings,19625799,2027-01-11,JKT02,ACTIVE
1449,9554,Time Deposit,760825103,2026-10-20,JKT01,ACTIVE
1450,8600,Savings,14577980,2027-09-27,YGY01,ACTIVE
1451,7089,Time Deposit,1036770325,2026-08-27,BDG01,ACTIVE
1452,4891,Savings,63398854,2026-05-19,JKT02,ACTIVE
1453,6262,Savings,14345368,2028-01-14,SMG01,ACTIVE
1454,5411,Time Deposit,251173256,2026-05-10,JKT01,ACTIVE
1455,1129,Savings,21022661,2026-05-23,BDG01,ACTIVE
1456,1691,Savings,20598559,2027-12-16,JKT02,ACTIVE
1457,7185,Savings,9299864,2026-05-05,SBY01,ACTIVE
1458,5721,Time Deposit,568557965,2026-12-09,SBY01,ACTIVE
1459,5840,Time Deposit,393749289,2026-12-20,BDG01,ACTIVE
1460,3352,Savings,17736623,2028-02-05,YGY01,ACTIVE
1461,2350,Savings,41591159,2026-12-25,JKT01,ACTIVE
1462,352,Savings,36882365,2026-11-30,JKT02,ACTIVE
1463,5538,Time Deposit,179760558,2026-05-05,JKT02,ACTIVE
1464,1521,Time Deposit,764467753,2026-06-26,MDN01,ACTIVE
1465,7976,Savings,88021009,2028-03-05,JKT02,ACTIVE
1466,6926,Savings,47425369,2026-06-21,YGY01,ACTIVE
1467,3536,Savings,62134682,2028-03-04,SMG01,ACTIVE
1468,7699,Savings,26021645,2026-07-25,JKT02,ACTIVE
1469,805,Savings,20163357,2026-06-11,SMG01,ACTIVE
1470,2454,Savings,10256894,2027-02-10,SBY01,ACTIVE
1471,1415,Savings,34446686,2027-01-08,JKT01,ACTIVE
1472,8087,Time Deposit,290533110,2026-12-12,BDG01,ACTIVE
1473,8054,Savings,7631332,2027-01-17,SBY01,ACTIVE
1474,2354,Savings,75341914,2026-11-27,SBY01,ACTIVE
1475,4714,Savings,101571985,2027-10-05,JKT01,ACTIVE
1476,6785,Time Deposit,451788255,2027-01-30,BDG01,ACTIVE
1477,7901,Savings,26720006,2027-03-06,MDN01,ACTIVE
1478,3113,Time Deposit,789880813,2026-11-21,YGY01,ACTIVE
1479,6940,Savings,27246492,2027-04-07,MDN01,ACTIVE
1480,4909,Savings,37821854,2027-10-29,SBY01,ACTIVE
1481,6720,Savings,46885936,2026-08-25,SBY01,ACTIVE
1482,2796,Savings,40730742,2027-03-02,YGY01,ACTIVE
1483,8447,Savings,112793329,2027-11-27,SBY01,ACTIVE
1484,8680,Savings,133164691,2028-02-22,SBY01,ACTIVE
1485,9080,Time Deposit,499040235,2026-05-04,SBY01,ACTIVE
1486,1620,Savings,8550655,2027-04-22,YGY01,ACTIVE
1487,4511,Savings,29883186,2027-11-15,YGY01,ACTIVE
1488,1756,Savings,7873202,2026-11-13,JKT01,ACTIVE
1489,7842,Savings,95614489,2026-06-24,SBY01,ACTIVE
1490,5650,Time Deposit,384017541,2026-11-01,MDN01,ACTIVE
1491,8725,Time Deposit,619799355,2026-07-02,JKT02,ACTIVE
1492,3256,Savings,36153356,2028-02-18,YGY01,ACTIVE
1493,2433,Savings,62079523,2028-03-10,SMG01,ACTIVE
1494,6925,Savings,20807781,2027-12-30,SBY01,ACTIVE
1495,3845,Time Deposit,672816637,2026-07-18,JKT01,ACTIVE
1496,1800,Savings,52045803,2028-01-19,SMG01,ACTIVE
1497,2559,Savings,16650170,2027-12-16,BDG01,ACTIVE
1498,5302,Time Deposit,807239406,2026-06-02,MDN01,ACTIVE
1499,8439,Time Deposit,1283343015,2027-01-27,MDN01,ACTIVE
1500,2863,Time Deposit,1141949248,2026-09-12,MDN01,ACTIVE
1501,9777,Savings,43409709,2026-05-13,SMG01,ACTIVE
1502,7866,Savings,70773801,2027-11-08,JKT01,ACTIVE
1503,3244,Savings,42113198,2027-02-18,JKT01,ACTIVE
1504,8111,Savings,26638885,2027-04-22,MDN01,ACTIVE
1505,3811,Savings,208994298,2027-02-06,MDN01,ACTIVE
1506,6400,Time Deposit,1222203746,2027-01-25,BDG01,ACTIVE
1507,9521,Savings,85771503,2027-12-29,BDG01,ACTIVE
1508,4512,Time Deposit,517349931,2027-01-21,JKT01,ACTIVE
1509,3766,Savings,45428660,2028-01-19,YGY01,ACTIVE
1510,4157,Savings,15259165,2026-07-14,SBY01,ACTIVE
1511,5875,Time Deposit,1264847897,2026-05-15,SMG01,ACTIVE
1512,4927,Savings,85138799,2026-12-05,JKT01,ACTIVE
1513,3036,Savings,12039067,2027-09-06,YGY01,ACTIVE
1514,5871,Time Deposit,347831791,2026-09-22,MDN01,ACTIVE
1515,8554,Savings,32449542,2027-06-03,BDG01,ACTIVE
1516,614,Savings,8843910,2026-05-19,JKT02,ACTIVE
1517,2486,Savings,33082732,2028-01-21,YGY01,ACTIVE
1518,262,Savings,63780556,2026-11-17,SMG01,ACTIVE
1519,7826,Savings,13642232,2027-07-08,SMG01,ACTIVE
1520,422,Savings,15074162,2027-04-12,SBY01,ACTIVE
1521,6790,Savings,114494181,2026-08-09,SMG01,ACTIVE
1522,8341,Time Deposit,182697703,2027-03-05,JKT01,ACTIVE
1523,4743,Time Deposit,546397376,2026-06-12,MDN01,ACTIVE
1524,1041,Savings,17990046,2027-01-28,JKT02,ACTIVE
1525,6591,Time Deposit,447746796,2026-11-17,JKT01,ACTIVE
1526,3931,Savings,81207611,2027-04-29,JKT01,ACTIVE
1527,4766,Savings,9773579,2027-07-24,MDN01,ACTIVE
1528,8272,Savings,149592711,2027-08-24,JKT01,ACTIVE
1529,2393,Time Deposit,351783869,2026-12-28,SBY01,ACTIVE
1530,3516,Time Deposit,1158247014,2027-01-31,JKT01,ACTIVE
1531,223,Savings,86257181,2027-10-07,JKT02,ACTIVE
1532,6439,Savings,31719407,2027-03-25,JKT01,ACTIVE
1533,2768,Savings,20832466,2027-08-19,JKT02,ACTIVE
1534,8662,Time Deposit,109506295,2026-10-27,MDN01,ACTIVE
1535,3219,Time Deposit,1038999003,2027-01-29,SBY01,ACTIVE
1536,7783,Savings,28225427,2027-08-21,BDG01,ACTIVE
1537,9449,Savings,12040032,2026-11-20,JKT02,ACTIVE
1538,748,Time Deposit,649582873,2026-11-10,SBY01,ACTIVE
1539,9000,Time Deposit,1061416130,2026-12-12,JKT02,ACTIVE
1540,501,Time Deposit,974274283,2027-02-19,YGY01,ACTIVE
1541,2363,Savings,4730235,2027-09-01,JKT02,ACTIVE
1542,2806,Savings,28454462,2027-06-26,SBY01,ACTIVE
1543,3302,Savings,94599101,2027-11-25,SMG01,ACTIVE
1544,38,Savings,63266767,2027-08-26,BDG01,ACTIVE
1545,5872,Savings,14182952,2027-11-23,JKT02,ACTIVE
1546,4877,Savings,18876278,2027-05-06,JKT02,ACTIVE
1547,7328,Savings,29847059,2027-04-15,JKT01,ACTIVE
1548,2906,Savings,85625663,2027-01-25,SMG01,ACTIVE
1549,2903,Savings,35509468,2026-08-15,MDN01,ACTIVE
1550,1067,Savings,47419132,2027-06-15,JKT02,ACTIVE
1551,2332,Savings,12461170,2026-09-29,SMG01,ACTIVE
1552,8407,Time Deposit,660768269,2026-05-26,JKT02,ACTIVE
1553,6854,Savings,8525181,2027-09-11,JKT02,ACTIVE
1554,8976,Time Deposit,472748842,2026-09-28,JKT02,ACTIVE
1555,1794,Time Deposit,446205635,2026-09-07,SMG01,ACTIVE
1556,2193,Savings,158925747,2026-10-18,MDN01,ACTIVE
1557,1372,Savings,179927574,2026-08-14,JKT01,ACTIVE
1558,4843,Savings,72583801,2026-07-31,YGY01,ACTIVE
1559,2987,Time Deposit,751611796,2027-01-14,BDG01,ACTIVE
1560,2620,Savings,8857898,2027-02-14,MDN01,ACTIVE
1561,5438,Savings,35648217,2026-06-22,JKT01,ACTIVE
1562,3383,Savings,8130493,2026-11-26,SBY01,ACTIVE
1563,4579,Savings,13151094,2027-10-01,SMG01,ACTIVE
1564,1560,Savings,37451255,2027-02-20,SBY01,ACTIVE
1565,2002,Savings,8508328,2026-07-24,JKT01,ACTIVE
1566,1213,Time Deposit,456636142,2027-02-03,YGY01,ACTIVE
1567,1656,Savings,5121006,2027-09-06,SBY01,ACTIVE
1568,8999,Time Deposit,1934677854,2026-12-05,BDG01,ACTIVE
1569,1894,Savings,23471419,2027-06-27,BDG01,ACTIVE
1570,4472,Time Deposit,447445077,2026-10-25,JKT01,ACTIVE
1571,1204,Savings,111979498,2027-10-23,MDN01,ACTIVE
1572,8030,Savings,40358217,2027-12-19,SBY01,ACTIVE
1573,6976,Time Deposit,1137849869,2026-08-02,SMG01,ACTIVE
1574,6099,Savings,29918407,2027-07-04,SMG01,ACTIVE
1575,8448,Time Deposit,965055719,2026-07-11,YGY01,ACTIVE
1576,9101,Time Deposit,419927115,2026-03-29,JKT02,ACTIVE
1577,6521,Time Deposit,1026743041,2026-05-21,MDN01,ACTIVE
1578,3741,Savings,40736962,2027-07-26,SMG01,ACTIVE
1579,2254,Savings,16229383,2027-04-12,BDG01,ACTIVE
1580,5560,Savings,8112716,2026-11-20,YGY01,ACTIVE
1581,3262,Savings,43639758,2027-04-11,JKT02,ACTIVE
1582,1365,Savings,94910835,2026-12-09,MDN01,ACTIVE
1583,2443,Time Deposit,596511470,2027-01-21,SMG01,ACTIVE
1584,4208,Savings,42543874,2027-04-06,SBY01,ACTIVE
1585,6708,Time Deposit,1018039467,2027-02-20,SMG01,ACTIVE
1586,7345,Savings,27828351,2027-11-30,SMG01,ACTIVE
1587,8438,Time Deposit,271228141,2026-12-29,SMG01,ACTIVE
1588,5305,Savings,30305796,2028-02-01,JKT02,ACTIVE
1589,9752,Time Deposit,368941863,2026-08-25,JKT01,ACTIVE
1590,8643,Savings,186028785,2027-11-02,MDN01,ACTIVE
1591,1916,Savings,53653812,2026-04-26,JKT02,ACTIVE
1592,3931,Savings,125748742,2027-03-22,BDG01,ACTIVE
1593,2809,Time Deposit,380788950,2026-06-12,SMG01,ACTIVE
1594,7210,Savings,21222250,2027-06-11,SMG01,ACTIVE
1595,5629,Savings,8416870,2028-03-01,JKT01,ACTIVE
1596,1000,Savings,20637799,2027-10-23,BDG01,ACTIVE
1597,2153,Savings,131523822,2026-10-08,YGY01,ACTIVE
1598,5905,Savings,53025991,2027-05-24,YGY01,ACTIVE
1599,7047,Time Deposit,635821839,2027-02-10,BDG01,ACTIVE
1600,6564,Savings,187851693,2026-11-27,JKT01,ACTIVE
1601,8484,Savings,89978857,2026-05-31,JKT02,ACTIVE
1602,6871,Time Deposit,180714911,2026-11-26,BDG01,ACTIVE
1603,9004,Savings,23895903,2026-06-12,JKT01,ACTIVE
1604,8134,Savings,75499758,2026-09-13,SMG01,ACTIVE
1605,452,Time Deposit,594133389,2027-02-15,MDN01,ACTIVE
1606,7568,Time Deposit,551886544,2026-11-26,BDG01,ACTIVE
1607,3799,Time Deposit,1796576716,2026-11-02,YGY01,ACTIVE
1608,6173,Savings,18645383,2026-12-28,SMG01,ACTIVE
1609,3873,Savings,19033516,2026-12-12,BDG01,ACTIVE
1610,3338,Savings,155833500,2027-08-19,JKT01,ACTIVE
1611,4122,Savings,110638939,2026-06-18,BDG01,ACTIVE
1612,3094,Savings,39232481,2027-12-20,SMG01,ACTIVE
1613,6147,Time Deposit,555480265,2026-04-13,JKT01,ACTIVE
1614,799,Time Deposit,326633365,2026-09-27,SMG01,ACTIVE
1615,5098,Savings,12332002,2028-03-12,JKT01,ACTIVE
1616,6559,Savings,79079167,2027-05-08,JKT02,ACTIVE
1617,2081,Savings,139231646,2027-03-21,JKT02,ACTIVE
1618,7536,Savings,119136158,2028-03-14,JKT01,ACTIVE
1619,1833,Savings,31421000,2027-03-09,SMG01,ACTIVE
1620,5914,Savings,29874944,2026-06-16,JKT01,ACTIVE
1621,7336,Time Deposit,516474823,2026-05-26,JKT02,ACTIVE
1622,5083,Time Deposit,1329540364,2026-12-18,JKT02,ACTIVE
1623,8523,Savings,25893351,2027-05-31,MDN01,ACTIVE
1624,4945,Savings,25724725,2027-12-02,MDN01,ACTIVE
1625,3632,Time Deposit,422406267,2027-02-04,YGY01,ACTIVE
1626,9138,Savings,32038111,2027-06-11,YGY01,ACTIVE
1627,9300,Savings,30343919,2027-01-18,JKT02,ACTIVE
1628,2338,Savings,49131793,2027-06-24,SMG01,ACTIVE
1629,9149,Savings,25716308,2027-12-06,YGY01,ACTIVE
1630,6888,Savings,118324353,2026-07-01,SBY01,ACTIVE
1631,9940,Savings,3764706,2027-05-12,SMG01,ACTIVE
1632,1132,Savings,17630223,2026-05-02,YGY01,ACTIVE
1633,4466,Time Deposit,707586869,2027-02-25,MDN01,ACTIVE
1634,9710,Time Deposit,1129695768,2026-12-24,YGY01,ACTIVE
1635,1397,Time Deposit,1617047611,2027-03-20,MDN01,ACTIVE
1636,2127,Time Deposit,186447355,2026-10-11,BDG01,ACTIVE
1637,95,Savings,144215141,2028-02-09,MDN01,ACTIVE
1638,6656,Savings,8680481,2027-01-23,SBY01,ACTIVE
1639,3037,Time Deposit,580368974,2026-10-01,SMG01,ACTIVE
1640,8206,Savings,90797138,2028-03-18,SMG01,ACTIVE
1641,1845,Time Deposit,1096419781,2026-05-05,YGY01,ACTIVE
1642,6370,Savings,12686396,2028-03-03,MDN01,ACTIVE
1643,3462,Time Deposit,645521898,2026-08-06,JKT02,ACTIVE
1644,6342,Savings,10097728,2027-08-26,YGY01,ACTIVE
1645,5508,Savings,8705742,2027-01-30,BDG01,ACTIVE
1646,1085,Time Deposit,775148282,2026-07-31,JKT02,ACTIVE
1647,1815,Time Deposit,1047198011,2026-08-31,BDG01,ACTIVE
1648,7918,Savings,13683456,2027-07-15,SMG01,ACTIVE
1649,6577,Savings,14981448,2027-03-13,JKT02,ACTIVE
1650,9468,Savings,9588402,2027-12-24,JKT02,ACTIVE
1651,7674,Savings,18822244,2027-06-25,BDG01,ACTIVE
1652,9785,Time Deposit,212982507,2026-10-28,SMG01,ACTIVE
1653,4221,Savings,4300355,2027-06-16,BDG01,ACTIVE
1654,2740,Savings,77124992,2027-07-31,JKT01,ACTIVE
1655,784,Time Deposit,274999313,2026-09-28,YGY01,ACTIVE
1656,9001,Savings,39068085,2027-04-15,YGY01,ACTIVE
1657,9489,Time Deposit,383797495,2026-09-24,SBY01,ACTIVE
1658,9380,Savings,15068268,2028-02-17,JKT02,ACTIVE
1659,2340,Savings,35628066,2028-03-24,SMG01,ACTIVE
1660,9528,Savings,15215356,2027-06-01,SMG01,ACTIVE
1661,488,Savings,22014642,2028-01-12,SBY01,ACTIVE
1662,2372,Savings,96695368,2026-10-03,BDG01,ACTIVE
1663,1864,Time Deposit,693019580,2026-11-26,JKT01,ACTIVE
1664,1189,Savings,29257353,2026-08-28,MDN01,ACTIVE
1665,7490,Time Deposit,763768046,2027-01-17,SMG01,ACTIVE
1666,4421,Savings,78580751,2028-03-02,MDN01,ACTIVE
1667,7512,Savings,44967330,2027-11-30,BDG01,ACTIVE
1668,5298,Savings,73591802,2026-07-12,YGY01,ACTIVE
1669,9517,Savings,13542876,2026-05-09,JKT02,ACTIVE
1670,8783,Savings,160759139,2027-02-15,YGY01,ACTIVE
1671,4145,Savings,22688643,2027-04-14,SMG01,ACTIVE
1672,4693,Savings,6272612,2026-07-22,MDN01,ACTIVE
1673,785,Savings,21058309,2026-12-17,JKT01,ACTIVE
1674,9093,Time Deposit,692036520,2026-05-18,YGY01,ACTIVE
1675,608,Time Deposit,1339874666,2026-10-23,YGY01,ACTIVE
1676,5299,Time Deposit,557121068,2026-11-14,YGY01,ACTIVE
1677,5801,Time Deposit,299079901,2026-11-22,MDN01,ACTIVE
1678,9007,Savings,30675516,2026-09-22,SBY01,ACTIVE
1679,8356,Savings,30317296,2026-12-05,SMG01,ACTIVE
1680,1401,Savings,67414098,2026-11-01,SMG01,ACTIVE
1681,9288,Savings,217517107,2026-12-26,SMG01,ACTIVE
1682,2965,Savings,78631036,2027-03-09,JKT01,ACTIVE
1683,5971,Savings,46136815,2027-06-02,JKT01,ACTIVE
1684,6859,Savings,14826430,2027-01-24,MDN01,ACTIVE
1685,9018,Savings,23519123,2028-02-07,MDN01,ACTIVE
1686,7656,Savings,37660141,2027-07-19,SBY01,ACTIVE
1687,2939,Time Deposit,657619369,2026-05-21,SMG01,ACTIVE
1688,7553,Savings,9417783,2027-04-25,JKT02,ACTIVE
1689,1720,Savings,10420036,2026-05-02,MDN01,ACTIVE
1690,58,Time Deposit,245521327,2026-09-18,JKT01,ACTIVE
1691,9107,Time Deposit,417706021,2026-12-05,SBY01,ACTIVE
1692,1937,Savings,17563625,2026-11-15,MDN01,ACTIVE
1693,6309,Savings,38254883,2027-07-11,SBY01,ACTIVE
1694,7371,Savings,22674885,2027-11-10,SMG01,ACTIVE
1695,2393,Time Deposit,740458056,2026-05-25,SMG01,ACTIVE
1696,5967,Savings,37984128,2027-08-14,YGY01,ACTIVE
1697,4279,Savings,28913075,2027-12-26,JKT02,ACTIVE
1698,7753,Savings,12594441,2027-07-28,YGY01,ACTIVE
1699,2800,Time Deposit,854955240,2026-10-05,JKT02,ACTIVE
1700,6102,Time Deposit,947634187,2027-01-03,YGY01,ACTIVE
1701,4064,Time Deposit,571698302,2027-01-28,BDG01,ACTIVE
1702,52,Savings,94044545,2027-02-18,YGY01,ACTIVE
1703,5750,Time Deposit,537368001,2026-10-27,SMG01,ACTIVE
1704,8263,Time Deposit,1105036675,2026-09-18,SBY01,ACTIVE
1705,863,Savings,43285412,2026-06-28,MDN01,ACTIVE
1706,8333,Savings,68490342,2026-07-27,MDN01,ACTIVE
1707,3799,Time Deposit,820236209,2026-04-24,MDN01,ACTIVE
1708,2049,Time Deposit,868624953,2026-04-09,SMG01,ACTIVE
1709,1972,Time Deposit,1005503091,2027-02-19,BDG01,ACTIVE
1710,3764,Time Deposit,1637071550,2026-08-03,MDN01,ACTIVE
1711,7468,Time Deposit,976500276,2027-01-25,MDN01,ACTIVE
1712,5156,Savings,3989291,2026-07-31,SMG01,ACTIVE
1713,9350,Time Deposit,639044387,2026-05-27,BDG01,ACTIVE
1714,1282,Time Deposit,521386370,2027-03-14,YGY01,ACTIVE
1715,8894,Time Deposit,729110762,2026-08-25,JKT01,ACTIVE
1716,2719,Savings,23148536,2026-04-24,YGY01,ACTIVE
1717,4537,Savings,7257024,2026-07-07,YGY01,ACTIVE
1718,8149,Savings,29606730,2027-12-15,SBY01,ACTIVE
1719,8890,Savings,198220940,2027-07-31,YGY01,ACTIVE
1720,5702,Savings,16017505,2026-08-28,JKT02,ACTIVE
1721,6064,Time Deposit,726987524,2026-05-15,SMG01,ACTIVE
1722,2131,Savings,39747887,2026-11-29,SMG01,ACTIVE
1723,3320,Time Deposit,1288694564,2026-12-08,SBY01,ACTIVE
1724,5000,Time Deposit,597642071,2026-12-17,MDN01,ACTIVE
1725,8701,Savings,16801456,2027-06-27,BDG01,ACTIVE
1726,1121,Time Deposit,1208976046,2026-06-29,BDG01,ACTIVE
1727,7251,Time Deposit,293204603,2026-05-09,YGY01,ACTIVE
1728,5715,Savings,3934241,2027-01-27,JKT01,ACTIVE
1729,5079,Savings,23138609,2027-06-20,SBY01,ACTIVE
1730,8667,Savings,15302522,2027-07-04,JKT01,ACTIVE
1731,70,Savings,16658756,2026-07-27,MDN01,ACTIVE
1732,4469,Savings,63522286,2027-09-23,MDN01,ACTIVE
1733,5270,Time Deposit,1081418184,2026-08-22,SBY01,ACTIVE
1734,4544,Savings,7832105,2026-05-25,SBY01,ACTIVE
1735,501,Savings,151940114,2027-10-19,BDG01,ACTIVE
1736,5806,Savings,5397829,2026-08-19,JKT02,ACTIVE
1737,8346,Savings,92328280,2027-12-08,BDG01,ACTIVE
1738,9111,Savings,29535990,2026-09-01,JKT02,ACTIVE
1739,6430,Savings,229517124,2027-03-31,JKT01,ACTIVE
1740,5981,Time Deposit,560043220,2027-02-27,YGY01,ACTIVE
1741,7161,Savings,130184936,2027-04-22,SBY01,ACTIVE
1742,5653,Time Deposit,1096422470,2026-04-27,BDG01,ACTIVE
1743,3240,Time Deposit,1318788928,2026-08-27,SBY01,ACTIVE
1744,1174,Savings,14405001,2026-10-20,JKT01,ACTIVE
1745,454,Time Deposit,464902744,2026-06-11,BDG01,ACTIVE
1746,5046,Time Deposit,805015383,2026-10-26,BDG01,ACTIVE
1747,4307,Savings,14858822,2027-11-06,YGY01,ACTIVE
1748,9988,Savings,31256346,2027-01-11,BDG01,ACTIVE
1749,7699,Savings,17203076,2028-01-14,JKT01,ACTIVE
1750,771,Savings,13173764,2027-07-15,JKT01,ACTIVE
1751,6231,Savings,66209763,2027-05-11,BDG01,ACTIVE
1752,361,Savings,73196727,2027-04-17,MDN01,ACTIVE
1753,7198,Savings,38826142,2027-10-27,JKT02,ACTIVE
1754,8847,Savings,20248331,2026-10-14,JKT01,ACTIVE
1755,2828,Savings,97078263,2027-08-23,SMG01,ACTIVE
1756,8419,Savings,20657805,2027-02-09,JKT02,ACTIVE
1757,9532,Time Deposit,1115891477,2026-10-14,YGY01,ACTIVE
1758,6441,Savings,33573561,2027-01-14,SBY01,ACTIVE
1759,4061,Savings,90834475,2027-09-17,SBY01,ACTIVE
1760,4914,Time Deposit,492266377,2026-07-27,JKT01,ACTIVE
1761,2427,Time Deposit,797383137,2026-12-10,SMG01,ACTIVE
1762,1247,Savings,195406553,2027-09-12,MDN01,ACTIVE
1763,6426,Savings,213489255,2026-09-22,MDN01,ACTIVE
1764,1999,Time Deposit,790981572,2026-09-16,MDN01,ACTIVE
1765,901,Savings,6625181,2027-07-17,BDG01,ACTIVE
1766,4773,Savings,11223013,2026-09-20,SMG01,ACTIVE
1767,1908,Savings,114338341,2027-03-05,JKT02,ACTIVE
1768,159,Time Deposit,576338768,2026-12-12,MDN01,ACTIVE
1769,9504,Time Deposit,738689411,2026-07-21,SBY01,ACTIVE
1770,1778,Time Deposit,492659205,2027-01-30,BDG01,ACTIVE
1771,1487,Time Deposit,760150341,2026-06-12,SMG01,ACTIVE
1772,2180,Savings,11865392,2027-03-28,YGY01,ACTIVE
1773,1506,Savings,19311436,2027-07-01,MDN01,ACTIVE
1774,8053,Savings,21796428,2027-10-02,MDN01,ACTIVE
1775,1054,Time Deposit,384982180,2026-05-29,SBY01,ACTIVE
1776,247,Savings,32337807,2027-02-12,MDN01,ACTIVE
1777,141,Savings,42326344,2027-06-27,JKT01,ACTIVE
1778,5357,Time Deposit,542655145,2026-11-22,MDN01,ACTIVE
1779,3561,Savings,56218455,2027-08-23,BDG01,ACTIVE
1780,7140,Time Deposit,625377902,2026-06-29,SMG01,ACTIVE
1781,8372,Time Deposit,496111100,2027-02-01,JKT02,ACTIVE
1782,1076,Time Deposit,709502062,2027-01-29,SBY01,ACTIVE
1783,2228,Savings,11163741,2026-12-13,JKT02,ACTIVE
1784,8629,Savings,26608609,2026-10-21,SBY01,ACTIVE
1785,5034,Savings,33407560,2027-10-26,BDG01,ACTIVE
1786,6279,Savings,12460397,2027-01-24,YGY01,ACTIVE
1787,8860,Savings,61767628,2026-08-10,JKT01,ACTIVE
1788,775,Time Deposit,602879963,2026-05-08,JKT01,ACTIVE
1789,467,Savings,9523626,2028-01-13,SMG01,ACTIVE
1790,6508,Savings,36858382,2026-12-03,SMG01,ACTIVE
1791,3848,Time Deposit,981576236,2026-07-15,JKT01,ACTIVE
1792,1810,Savings,27257762,2026-07-06,BDG01,ACTIVE
1793,8807,Savings,8476896,2027-01-19,YGY01,ACTIVE
1794,345,Savings,56878039,2027-10-06,YGY01,ACTIVE
1795,5413,Savings,222901703,2027-02-17,MDN01,ACTIVE
1796,1246,Time Deposit,1406715484,2026-06-06,MDN01,ACTIVE
1797,1176,Savings,71540949,2026-10-28,SMG01,ACTIVE
1798,6480,Time Deposit,503688210,2026-10-13,MDN01,ACTIVE
1799,9299,Time Deposit,951410258,2026-10-18,BDG01,ACTIVE
1800,7203,Savings,20964630,2026-10-26,BDG01,ACTIVE
1801,2452,Savings,104736710,2027-01-21,JKT02,ACTIVE
1802,3162,Time Deposit,1211985383,2026-11-22,BDG01,ACTIVE
1803,5673,Time Deposit,640094301,2027-01-30,JKT02,ACTIVE
1804,5909,Time Deposit,1124147500,2027-03-12,JKT01,ACTIVE
1805,5173,Savings,9577370,2027-11-19,MDN01,ACTIVE
1806,8763,Savings,8375075,2026-06-03,JKT02,ACTIVE
1807,9072,Savings,13343940,2027-04-25,JKT02,ACTIVE
1808,1470,Savings,63156174,2026-07-15,SBY01,ACTIVE
1809,8697,Savings,118402107,2027-11-12,SMG01,ACTIVE
1810,8957,Savings,135260675,2027-07-07,JKT01,ACTIVE
1811,6620,Time Deposit,636991752,2026-07-11,SBY01,ACTIVE
1812,7952,Time Deposit,1107943694,2027-02-09,BDG01,ACTIVE
1813,122,Time Deposit,933265825,2027-02-22,YGY01,ACTIVE
1814,2545,Savings,15448298,2027-05-05,BDG01,ACTIVE
1815,3778,Savings,104460719,2027-04-04,BDG01,ACTIVE
1816,5844,Time Deposit,425555112,2026-06-07,SMG01,ACTIVE
1817,6905,Savings,91597058,2027-09-29,BDG01,ACTIVE
1818,7327,Savings,22936923,2027-04-06,BDG01,ACTIVE
1819,6265,Time Deposit,1705809247,2027-01-18,SMG01,ACTIVE
1820,2876,Savings,134943180,2027-04-16,YGY01,ACTIVE
1821,6632,Savings,17594359,2026-12-03,SBY01,ACTIVE
1822,9731,Savings,29313279,2027-07-08,SBY01,ACTIVE
1823,9416,Savings,25395229,2026-08-06,MDN01,ACTIVE
1824,4740,Time Deposit,560277320,2026-09-24,MDN01,ACTIVE
1825,8935,Savings,27842258,2027-05-03,MDN01,ACTIVE
1826,6938,Time Deposit,534635167,2026-12-23,SBY01,ACTIVE
1827,559,Time Deposit,897201962,2026-11-23,JKT02,ACTIVE
1828,9039,Time Deposit,393145039,2026-06-10,JKT01,ACTIVE
1829,9943,Savings,25898429,2027-01-29,YGY01,ACTIVE
1830,6257,Savings,12291611,2027-04-25,SBY01,ACTIVE
1831,430,Time Deposit,1464453866,2027-03-17,JKT01,ACTIVE
1832,5192,Savings,87668052,2027-03-31,MDN01,ACTIVE
1833,3949,Time Deposit,1126488180,2027-03-02,YGY01,ACTIVE
1834,7200,Savings,29011353,2028-01-27,JKT02,ACTIVE
1835,5087,Savings,32683833,2027-06-27,BDG01,ACTIVE
1836,271,Time Deposit,679665808,2026-09-05,MDN01,ACTIVE
1837,231,Time Deposit,233261363,2026-12-08,JKT01,ACTIVE
1838,6990,Savings,111515174,2028-03-24,BDG01,ACTIVE
1839,6402,Savings,10040266,2028-02-03,BDG01,ACTIVE
1840,7554,Time Deposit,696196696,2026-12-06,MDN01,ACTIVE
1841,7684,Time Deposit,722932078,2027-02-04,BDG01,ACTIVE
1842,6290,Savings,127883709,2027-09-08,MDN01,ACTIVE
1843,7122,Time Deposit,780030782,2026-09-30,BDG01,ACTIVE
1844,9321,Savings,44284122,2026-06-23,JKT01,ACTIVE
1845,6616,Time Deposit,606502162,2026-07-14,SMG01,ACTIVE
1846,8668,Time Deposit,422287664,2026-05-22,SBY01,ACTIVE
1847,7604,Time Deposit,736785826,2026-12-30,SBY01,ACTIVE
1848,3506,Savings,3976462,2026-06-18,JKT02,ACTIVE
1849,3140,Savings,129450550,2027-04-28,YGY01,ACTIVE
1850,7041,Savings,36295273,2026-12-26,MDN01,ACTIVE
1851,7160,Savings,59006714,2026-07-02,MDN01,ACTIVE
1852,5663,Savings,26260524,2027-01-12,JKT01,ACTIVE
1853,1146,Savings,36871967,2028-01-12,BDG01,ACTIVE
1854,194,Time Deposit,421960236,2027-02-15,MDN01,ACTIVE
1855,1240,Time Deposit,706909447,2026-05-06,BDG01,ACTIVE
1856,7812,Time Deposit,1467420485,2026-05-26,JKT02,ACTIVE
1857,3231,Savings,68775248,2028-02-25,SBY01,ACTIVE
1858,7814,Savings,4366415,2027-12-26,MDN01,ACTIVE
1859,1994,Savings,17041078,2027-03-19,SMG01,ACTIVE
1860,9881,Savings,29146185,2027-10-31,YGY01,ACTIVE
1861,591,Savings,16417255,2027-01-31,JKT02,ACTIVE
1862,291,Savings,19215102,2027-03-11,JKT01,ACTIVE
1863,1460,Time Deposit,420100555,2027-03-03,YGY01,ACTIVE
1864,1908,Savings,154608091,2026-07-30,SMG01,ACTIVE
1865,2951,Savings,105759682,2027-01-12,BDG01,ACTIVE
1866,3165,Savings,89076494,2027-12-17,JKT01,ACTIVE
1867,814,Savings,109187569,2028-02-18,BDG01,ACTIVE
1868,6976,Time Deposit,647214597,2026-05-16,SMG01,ACTIVE
1869,5981,Savings,53399885,2026-04-25,MDN01,ACTIVE
1870,5671,Savings,41251221,2026-08-12,MDN01,ACTIVE
1871,7394,Savings,37533490,2026-09-30,MDN01,ACTIVE
1872,7745,Savings,9871640,2026-06-04,SMG01,ACTIVE
1873,9643,Savings,20263163,2026-12-13,YGY01,ACTIVE
1874,175,Time Deposit,1650512913,2026-07-06,SMG01,ACTIVE
1875,5778,Savings,32764034,2028-01-13,MDN01,ACTIVE
1876,6058,Time Deposit,620286683,2026-08-18,YGY01,ACTIVE
1877,415,Savings,17558548,2026-09-13,SBY01,ACTIVE
1878,8519,Savings,10600824,2026-07-09,MDN01,ACTIVE
1879,2131,Time Deposit,860370503,2026-06-01,SMG01,ACTIVE
1880,7890,Savings,5776896,2026-10-22,JKT02,ACTIVE
1881,8502,Savings,7549186,2026-12-09,JKT02,ACTIVE
1882,8448,Time Deposit,832979957,2026-09-08,JKT02,ACTIVE
1883,6376,Savings,94361970,2027-12-29,YGY01,ACTIVE
1884,1077,Savings,11248321,2026-06-07,JKT02,ACTIVE
1885,527,Savings,9108175,2027-07-31,JKT01,ACTIVE
1886,1997,Savings,6553029,2028-02-06,BDG01,ACTIVE
1887,3052,Savings,12972460,2027-09-28,MDN01,ACTIVE
1888,73,Time Deposit,1516353326,2026-10-09,BDG01,ACTIVE
1889,9588,Time Deposit,829290734,2027-02-25,YGY01,ACTIVE
1890,7524,Time Deposit,692105655,2026-09-18,SMG01,ACTIVE
1891,3733,Savings,13394509,2027-06-08,BDG01,ACTIVE
1892,3891,Savings,66214421,2026-11-21,JKT01,ACTIVE
1893,8076,Savings,35676477,2028-01-11,JKT01,ACTIVE
1894,6516,Savings,20706387,2027-02-23,BDG01,ACTIVE
1895,5341,Savings,40162036,2027-04-03,JKT02,ACTIVE
1896,6935,Time Deposit,602073776,2026-04-11,SMG01,ACTIVE
1897,978,Time Deposit,804942675,2026-06-14,JKT02,ACTIVE
1898,9374,Savings,27115221,2027-06-16,JKT01,ACTIVE
1899,5896,Savings,3997145,2026-09-05,JKT01,ACTIVE
1900,4419,Savings,173565142,2027-07-24,JKT02,ACTIVE
1901,8449,Savings,26299870,2026-05-30,JKT01,ACTIVE
1902,7333,Savings,25072539,2027-08-23,BDG01,ACTIVE
1903,3041,Time Deposit,541737408,2026-12-03,JKT02,ACTIVE
1904,7163,Time Deposit,1887966984,2027-01-11,YGY01,ACTIVE
1905,9966,Savings,15867588,2026-10-01,SMG01,ACTIVE
1906,5093,Savings,56998605,2027-09-29,SMG01,ACTIVE
1907,1871,Time Deposit,1314616205,2026-07-16,BDG01,ACTIVE
1908,6305,Time Deposit,519981142,2026-10-01,JKT01,ACTIVE
1909,2423,Savings,126057950,2028-01-01,JKT02,ACTIVE
1910,209,Savings,9255723,2026-06-29,SMG01,ACTIVE
1911,5259,Savings,21492318,2027-10-03,YGY01,ACTIVE
1912,9995,Time Deposit,601383760,2026-11-03,BDG01,ACTIVE
1913,7919,Savings,31657015,2027-11-18,JKT02,ACTIVE
1914,4231,Savings,12433077,2026-06-22,BDG01,ACTIVE
1915,417,Time Deposit,570345227,2027-03-20,JKT02,ACTIVE
1916,5597,Savings,192433114,2026-05-08,JKT02,ACTIVE
1917,3664,Savings,93569281,2026-08-07,BDG01,ACTIVE
1918,2821,Time Deposit,1237282035,2027-01-28,BDG01,ACTIVE
1919,8125,Savings,53147211,2026-04-30,JKT01,ACTIVE
1920,1612,Savings,31661772,2027-12-05,JKT02,ACTIVE
1921,977,Savings,36274476,2027-01-22,SBY01,ACTIVE
1922,154,Savings,15671920,2027-05-02,BDG01,ACTIVE
1923,1193,Savings,23261825,2027-10-03,BDG01,ACTIVE
1924,1305,Savings,10690695,2027-06-26,YGY01,ACTIVE
1925,2100,Savings,136226597,2028-02-16,MDN01,ACTIVE
1926,9786,Time Deposit,699297302,2026-06-05,BDG01,ACTIVE
1927,6379,Savings,36698362,2028-01-19,BDG01,ACTIVE
1928,6685,Time Deposit,1067419952,2026-04-12,MDN01,ACTIVE
1929,3284,Time Deposit,1555292325,2027-01-14,BDG01,ACTIVE
1930,5007,Savings,32497429,2028-01-04,JKT01,ACTIVE
1931,4939,Savings,116690738,2026-06-16,BDG01,ACTIVE
1932,1840,Savings,22834712,2026-11-24,JKT02,ACTIVE
1933,2716,Savings,16608193,2027-01-03,JKT02,ACTIVE
1934,8821,Savings,73303774,2027-08-23,JKT02,ACTIVE
1935,3990,Savings,21177192,2027-02-17,BDG01,ACTIVE
1936,6367,Time Deposit,1619617613,2026-07-21,BDG01,ACTIVE
1937,5384,Savings,61518494,2027-10-15,BDG01,ACTIVE
1938,1985,Time Deposit,418669396,2026-05-11,SBY01,ACTIVE
1939,8588,Savings,28014578,2026-08-11,YGY01,ACTIVE
1940,8726,Savings,36316501,2027-11-19,YGY01,ACTIVE
1941,8941,Time Deposit,1429912627,2026-12-02,MDN01,ACTIVE
1942,232,Savings,157109317,2026-05-12,YGY01,ACTIVE
1943,527,Time Deposit,267368590,2027-02-04,JKT01,ACTIVE
1944,1972,Time Deposit,1062583231,2026-08-24,SBY01,ACTIVE
1945,9238,Time Deposit,1123874086,2026-06-19,JKT01,ACTIVE
1946,8630,Time Deposit,154467278,2026-12-04,SBY01,ACTIVE
1947,7716,Savings,106278634,2026-12-07,BDG01,ACTIVE
1948,3257,Savings,32837024,2027-01-12,YGY01,ACTIVE
1949,5949,Savings,40105560,2027-05-22,YGY01,ACTIVE
1950,6182,Savings,14905589,2026-09-14,SMG01,ACTIVE
1951,7305,Savings,16867176,2026-10-07,BDG01,ACTIVE
1952,6310,Savings,18394669,2026-05-26,JKT01,ACTIVE
1953,3082,Savings,121966859,2026-06-14,YGY01,ACTIVE
1954,8762,Time Deposit,649825858,2026-12-20,YGY01,ACTIVE
1955,3099,Savings,9064410,2028-01-16,YGY01,ACTIVE
1956,225,Savings,55023731,2027-01-27,SBY01,ACTIVE
1957,2367,Time Deposit,428656838,2026-05-10,BDG01,ACTIVE
1958,2711,Time Deposit,958937169,2027-02-14,SBY01,ACTIVE
1959,9315,Savings,38184550,2027-08-04,MDN01,ACTIVE
1960,8153,Savings,33754193,2027-07-19,SBY01,ACTIVE
1961,444,Time Deposit,1168089589,2026-04-18,YGY01,ACTIVE
1962,7336,Savings,214381918,2027-11-07,JKT01,ACTIVE
1963,215,Savings,46424817,2027-11-14,YGY01,ACTIVE
1964,829,Savings,128051588,2026-10-05,MDN01,ACTIVE
1965,6390,Time Deposit,1128646857,2026-07-27,BDG01,ACTIVE
1966,2163,Savings,84355560,2028-01-11,MDN01,ACTIVE
1967,2857,Savings,20707425,2028-02-11,SBY01,ACTIVE
1968,1821,Savings,13805584,2027-11-26,MDN01,ACTIVE
1969,3321,Savings,59406804,2027-08-26,JKT01,ACTIVE
1970,2768,Savings,44835629,2027-07-13,SMG01,ACTIVE
1971,7472,Time Deposit,530472813,2027-01-29,BDG01,ACTIVE
1972,3357,Savings,42306202,2028-02-07,JKT02,ACTIVE
1973,3179,Time Deposit,1527770072,2026-07-31,YGY01,ACTIVE
1974,2007,Time Deposit,738918914,2026-12-03,SMG01,ACTIVE
1975,403,Savings,9268460,2027-08-13,JKT02,ACTIVE
1976,3607,Time Deposit,1077695007,2026-11-23,JKT02,ACTIVE
1977,9358,Savings,22599411,2027-07-22,JKT02,ACTIVE
1978,3374,Savings,36494975,2026-11-03,YGY01,ACTIVE
1979,6662,Savings,16100061,2028-02-29,SBY01,ACTIVE
1980,2423,Time Deposit,1228815906,2026-08-28,MDN01,ACTIVE
1981,347,Savings,109557822,2027-09-21,BDG01,ACTIVE
1982,5223,Time Deposit,1176839399,2026-07-27,BDG01,ACTIVE
1983,8036,Savings,44103024,2027-06-05,JKT01,ACTIVE
1984,4695,Savings,109604812,2026-07-14,BDG01,ACTIVE
1985,9223,Savings,78191504,2027-10-17,JKT01,ACTIVE
1986,7720,Time Deposit,264561592,2026-05-01,JKT01,ACTIVE
1987,7499,Savings,113110862,2028-01-27,JKT01,ACTIVE
1988,4888,Savings,76184696,2026-06-16,BDG01,ACTIVE
1989,473,Savings,13059047,2026-07-23,SBY01,ACTIVE
1990,9514,Savings,15923597,2026-10-08,SMG01,ACTIVE
1991,6208,Time Deposit,227262968,2027-03-16,BDG01,ACTIVE
1992,4883,Savings,36779823,2027-02-18,BDG01,ACTIVE
1993,8273,Savings,134428678,2027-08-01,BDG01,ACTIVE
1994,1696,Savings,17216466,2026-05-25,BDG01,ACTIVE
1995,9291,Time Deposit,773329824,2026-09-24,JKT02,ACTIVE
1996,158,Savings,14854168,2027-12-06,BDG01,ACTIVE
1997,3882,Time Deposit,1015564897,2026-12-02,MDN01,ACTIVE
1998,1123,Savings,92042940,2026-05-23,JKT02,ACTIVE
1999,6746,Savings,47521399,2027-01-23,JKT02,ACTIVE
2000,1935,Savings,37667300,2027-10-05,MDN01,ACTIVE
2001,7213,Time Deposit,734401822,2026-04-09,SMG01,ACTIVE
2002,3874,Savings,61287697,2026-08-03,SBY01,ACTIVE
2003,1680,Time Deposit,1690390742,2026-09-30,SBY01,ACTIVE
2004,5331,Savings,37199192,2027-03-26,SMG01,ACTIVE
2005,3515,Savings,5640843,2028-02-24,SBY01,ACTIVE
2006,622,Savings,47800614,2027-06-23,MDN01,ACTIVE
2007,6934,Time Deposit,943122990,2026-12-22,MDN01,ACTIVE
2008,8711,Savings,26087432,2027-03-22,SMG01,ACTIVE
2009,3926,Savings,122196471,2026-05-15,BDG01,ACTIVE
2010,814,Savings,100314729,2028-02-16,SMG01,ACTIVE
2011,5353,Time Deposit,745099677,2026-11-19,JKT02,ACTIVE
2012,5176,Time Deposit,605876413,2026-06-18,JKT02,ACTIVE
2013,3840,Savings,137374977,2027-11-23,SMG01,ACTIVE
2014,9834,Time Deposit,1307269148,2026-07-25,JKT02,ACTIVE
2015,8196,Time Deposit,1112188255,2027-02-22,YGY01,ACTIVE
2016,2427,Time Deposit,753230841,2026-07-09,JKT02,ACTIVE
2017,9226,Time Deposit,1166924278,2026-09-28,JKT01,ACTIVE
2018,4212,Savings,14418414,2026-11-23,BDG01,ACTIVE
2019,8031,Savings,12312838,2027-04-06,MDN01,ACTIVE
2020,9387,Savings,22762059,2027-10-05,JKT01,ACTIVE
2021,4158,Savings,50660149,2027-06-02,JKT02,ACTIVE
2022,2668,Time Deposit,720888099,2026-06-08,BDG01,ACTIVE
2023,8764,Savings,3494959,2027-01-07,JKT01,ACTIVE
2024,684,Savings,69075455,2027-12-02,YGY01,ACTIVE
2025,8668,Savings,83148668,2026-09-23,YGY01,ACTIVE
2026,4970,Savings,22097008,2028-01-10,JKT02,ACTIVE
2027,79,Savings,13480537,2027-01-31,JKT01,ACTIVE
2028,6465,Time Deposit,906195140,2026-09-02,SMG01,ACTIVE
2029,157,Savings,7239140,2027-03-16,SBY01,ACTIVE
2030,9868,Time Deposit,387635787,2026-09-24,MDN01,ACTIVE
2031,631,Time Deposit,419773238,2026-11-14,JKT01,ACTIVE
2032,4122,Time Deposit,1520027475,2026-04-22,YGY01,ACTIVE
2033,5377,Savings,11828589,2028-02-23,BDG01,ACTIVE
2034,1955,Savings,146564490,2026-09-28,MDN01,ACTIVE
2035,8201,Savings,55220832,2027-04-30,BDG01,ACTIVE
2036,9964,Savings,17048108,2026-10-16,MDN01,ACTIVE
2037,2295,Savings,20317535,2027-07-21,MDN01,ACTIVE
2038,3360,Time Deposit,314665870,2026-11-07,SMG01,ACTIVE
2039,2580,Savings,53976383,2026-09-03,YGY01,ACTIVE
2040,5226,Savings,13913611,2027-12-21,MDN01,ACTIVE
2041,6083,Savings,20455012,2027-03-11,YGY01,ACTIVE
2042,7897,Savings,31976392,2026-09-01,JKT01,ACTIVE
2043,9529,Time Deposit,1141677756,2026-07-17,BDG01,ACTIVE
2044,1317,Savings,15056668,2028-03-06,SBY01,ACTIVE
2045,7704,Savings,45521710,2026-12-01,MDN01,ACTIVE
2046,1006,Savings,20081021,2027-01-24,JKT01,ACTIVE
2047,4620,Time Deposit,814016264,2027-02-17,YGY01,ACTIVE
2048,3791,Savings,6971191,2027-12-25,JKT01,ACTIVE
2049,4617,Time Deposit,557865314,2026-06-20,JKT01,ACTIVE
2050,8526,Savings,34988122,2027-09-25,JKT02,ACTIVE
2051,7504,Savings,14951179,2027-08-21,SMG01,ACTIVE
2052,2698,Savings,16174091,2026-07-20,JKT01,ACTIVE
2053,8062,Savings,85268234,2027-10-19,MDN01,ACTIVE
2054,6319,Time Deposit,1503513787,2027-03-11,SBY01,ACTIVE
2055,6829,Savings,15144610,2027-11-17,YGY01,ACTIVE
2056,1479,Savings,58028005,2026-09-26,BDG01,ACTIVE
2057,3160,Savings,29922206,2027-10-20,SBY01,ACTIVE
2058,2685,Time Deposit,1195137707,2027-01-10,JKT01,ACTIVE
2059,8485,Savings,37435996,2026-08-02,MDN01,ACTIVE
2060,8456,Savings,34123778,2026-06-15,JKT02,ACTIVE
2061,784,Savings,6239528,2026-10-14,JKT01,ACTIVE
2062,4110,Savings,81686982,2026-11-18,JKT02,ACTIVE
2063,2191,Time Deposit,398827557,2026-07-17,BDG01,ACTIVE
2064,9355,Savings,38035612,2026-10-07,JKT01,ACTIVE
2065,2069,Savings,18073199,2027-03-09,JKT01,ACTIVE
2066,6395,Time Deposit,256395958,2026-12-28,BDG01,ACTIVE
2067,7398,Savings,106707445,2026-12-30,SMG01,ACTIVE
2068,2471,Time Deposit,579088061,2026-10-10,SMG01,ACTIVE
2069,3766,Savings,33646928,2027-02-03,YGY01,ACTIVE
2070,4992,Time Deposit,239425722,2027-01-16,SMG01,ACTIVE
2071,8873,Time Deposit,551200927,2026-04-30,MDN01,ACTIVE
2072,7105,Time Deposit,429605251,2027-01-13,JKT01,ACTIVE
2073,8181,Time Deposit,1111943010,2026-09-19,YGY01,ACTIVE
2074,5129,Time Deposit,593614106,2027-03-01,SMG01,ACTIVE
2075,6749,Time Deposit,887293865,2026-07-30,SMG01,ACTIVE
2076,4583,Savings,4421059,2027-06-25,MDN01,ACTIVE
2077,3,Savings,4816350,2027-12-01,SMG01,ACTIVE
2078,9426,Savings,9473912,2028-03-22,YGY01,ACTIVE
2079,9572,Savings,7726933,2028-03-08,YGY01,ACTIVE
2080,3308,Time Deposit,288305524,2027-03-16,YGY01,ACTIVE
2081,4640,Savings,52289500,2028-03-10,SBY01,ACTIVE
2082,8587,Savings,38066240,2026-12-25,SMG01,ACTIVE
2083,184,Savings,14593534,2028-03-06,JKT01,ACTIVE
2084,5164,Savings,82815514,2026-08-24,YGY01,ACTIVE
2085,1448,Savings,18133751,2026-07-21,BDG01,ACTIVE
2086,2923,Savings,8601600,2027-10-03,SMG01,ACTIVE
2087,4628,Savings,35468599,2026-06-16,JKT02,ACTIVE
2088,6685,Time Deposit,758228695,2026-10-13,JKT02,ACTIVE
2089,551,Savings,8393152,2027-10-04,JKT01,ACTIVE
2090,5481,Time Deposit,435961417,2026-05-04,MDN01,ACTIVE
2091,3636,Savings,188762526,2028-01-17,SMG01,ACTIVE
2092,3348,Time Deposit,993474406,2026-04-16,BDG01,ACTIVE
2093,1360,Time Deposit,732389052,2026-08-17,JKT01,ACTIVE
2094,220,Time Deposit,241503303,2026-06-24,JKT01,ACTIVE
2095,5242,Savings,30044764,2027-07-25,BDG01,ACTIVE
2096,3871,Savings,31192203,2028-02-07,BDG01,ACTIVE
2097,5205,Savings,84214728,2027-01-18,YGY01,ACTIVE
2098,2951,Savings,37770942,2026-12-23,BDG01,ACTIVE
2099,242,Savings,99619684,2028-02-15,SBY01,ACTIVE
2100,9630,Time Deposit,1303012865,2026-11-14,JKT01,ACTIVE
2101,1075,Time Deposit,1026478422,2026-04-13,YGY01,ACTIVE
2102,2311,Time Deposit,301576838,2026-09-17,SMG01,ACTIVE
2103,125,Time Deposit,560306911,2026-11-30,MDN01,ACTIVE
2104,5221,Savings,169030326,2026-07-16,BDG01,ACTIVE
2105,5667,Savings,6667832,2027-06-05,YGY01,ACTIVE
2106,7030,Savings,44274814,2028-01-24,YGY01,ACTIVE
2107,5884,Savings,20155383,2028-03-11,YGY01,ACTIVE
2108,4648,Time Deposit,636500771,2026-09-11,SMG01,ACTIVE
2109,3776,Savings,129016973,2026-06-19,YGY01,ACTIVE
2110,207,Savings,18907286,2027-09-06,JKT02,ACTIVE
2111,3657,Time Deposit,456601940,2026-07-29,BDG01,ACTIVE
2112,5238,Savings,158450387,2028-02-29,SMG01,ACTIVE
2113,643,Savings,123355243,2027-10-13,JKT02,ACTIVE
2114,8209,Savings,8239608,2026-05-22,SBY01,ACTIVE
2115,1132,Savings,22037935,2026-10-22,MDN01,ACTIVE
2116,7251,Savings,63957509,2026-12-09,YGY01,ACTIVE
2117,2401,Savings,51580897,2028-01-07,JKT01,ACTIVE
2118,868,Savings,24391370,2027-02-23,SMG01,ACTIVE
2119,5500,Savings,79769103,2026-11-18,YGY01,ACTIVE
2120,8719,Time Deposit,514584691,2026-12-19,JKT01,ACTIVE
2121,6213,Savings,162099386,2027-04-06,BDG01,ACTIVE
2122,4036,Savings,147749227,2026-04-24,SBY01,ACTIVE
2123,6052,Savings,37202649,2026-05-20,JKT02,ACTIVE
2124,5403,Time Deposit,687394243,2026-10-11,YGY01,ACTIVE
2125,5668,Savings,10290123,2027-03-13,BDG01,ACTIVE
2126,3848,Time Deposit,1350366863,2026-10-08,YGY01,ACTIVE
2127,2155,Savings,46077539,2027-12-23,JKT02,ACTIVE
2128,7330,Savings,84305569,2027-03-25,SBY01,ACTIVE
2129,5787,Time Deposit,325255562,2026-04-11,YGY01,ACTIVE
2130,1445,Savings,14793397,2026-09-15,SMG01,ACTIVE
2131,7568,Time Deposit,398134910,2026-04-29,JKT02,ACTIVE
2132,8852,Time Deposit,621466254,2026-05-12,BDG01,ACTIVE
2133,745,Savings,39658401,2027-11-17,JKT01,ACTIVE
2134,2518,Time Deposit,937914459,2027-01-24,BDG01,ACTIVE
2135,7346,Savings,14637263,2027-12-11,SBY01,ACTIVE
2136,8016,Time Deposit,615337502,2026-12-30,SBY01,ACTIVE
2137,5306,Savings,52174263,2027-04-29,SBY01,ACTIVE
2138,4586,Time Deposit,1023032084,2026-11-02,MDN01,ACTIVE
2139,2118,Time Deposit,883035531,2026-07-27,SMG01,ACTIVE
2140,1338,Savings,176680809,2026-10-30,YGY01,ACTIVE
2141,8723,Savings,177507353,2027-01-12,MDN01,ACTIVE
2142,1877,Savings,104026228,2027-02-06,BDG01,ACTIVE
2143,1789,Savings,89912814,2026-06-08,BDG01,ACTIVE
2144,6693,Time Deposit,839709469,2026-12-03,MDN01,ACTIVE
2145,8118,Savings,61486525,2027-04-12,YGY01,ACTIVE
2146,526,Time Deposit,467725432,2026-09-24,SMG01,ACTIVE
2147,3221,Savings,42110067,2027-05-24,JKT02,ACTIVE
2148,3478,Savings,32879755,2027-11-14,SBY01,ACTIVE
2149,7135,Savings,25303646,2027-01-13,BDG01,ACTIVE
2150,1631,Time Deposit,1095627166,2026-12-12,SMG01,ACTIVE
2151,9852,Time Deposit,828090923,2026-12-29,BDG01,ACTIVE
2152,3813,Savings,187396872,2027-10-18,BDG01,ACTIVE
2153,3118,Savings,211291266,2026-04-29,MDN01,ACTIVE
2154,1312,Time Deposit,1330958380,2026-04-23,JKT02,ACTIVE
2155,235,Time Deposit,716694005,2027-03-16,SBY01,ACTIVE
2156,1322,Time Deposit,861452590,2026-06-28,BDG01,ACTIVE
2157,8062,Time Deposit,562972553,2026-10-13,MDN01,ACTIVE
2158,1392,Savings,108543620,2027-01-13,YGY01,ACTIVE
2159,1342,Time Deposit,219381111,2027-03-14,YGY01,ACTIVE
2160,4226,Savings,16552636,2027-07-17,YGY01,ACTIVE
2161,3928,Time Deposit,372519961,2026-04-17,SBY01,ACTIVE
2162,6987,Savings,6228854,2026-09-07,JKT02,ACTIVE
2163,7347,Time Deposit,676917051,2026-10-02,YGY01,ACTIVE
2164,5343,Savings,58997185,2026-12-16,SMG01,ACTIVE
2165,2732,Savings,12602911,2027-07-27,SMG01,ACTIVE
2166,5475,Savings,23231751,2026-05-23,JKT01,ACTIVE
2167,5539,Savings,19347859,2026-08-19,JKT02,ACTIVE
2168,189,Time Deposit,1714403510,2026-04-11,JKT02,ACTIVE
2169,3249,Time Deposit,754238839,2027-02-23,MDN01,ACTIVE
2170,6329,Time Deposit,1257158927,2027-02-11,JKT02,ACTIVE
2171,1878,Savings,58236540,2028-02-20,SBY01,ACTIVE
2172,4562,Time Deposit,940227031,2026-12-04,JKT02,ACTIVE
2173,690,Savings,12116280,2026-07-29,JKT01,ACTIVE
2174,4777,Time Deposit,329001623,2026-12-04,JKT02,ACTIVE
2175,5613,Time Deposit,457994774,2026-10-05,SMG01,ACTIVE
2176,4687,Savings,25246154,2027-06-04,SMG01,ACTIVE
2177,8416,Savings,23948611,2027-03-10,YGY01,ACTIVE
2178,558,Time Deposit,759790075,2026-07-17,SMG01,ACTIVE
2179,5852,Savings,169019807,2028-03-10,JKT01,ACTIVE
2180,6732,Savings,57910037,2027-12-13,MDN01,ACTIVE
2181,1851,Time Deposit,235234395,2026-12-03,YGY01,ACTIVE
2182,3529,Savings,146834591,2026-11-07,YGY01,ACTIVE
2183,8565,Savings,36281965,2027-04-14,JKT01,ACTIVE
2184,7296,Time Deposit,562998468,2026-06-20,SBY01,ACTIVE
2185,6406,Time Deposit,426836445,2026-04-10,SBY01,ACTIVE
2186,4803,Savings,19257251,2027-10-19,YGY01,ACTIVE
2187,2255,Savings,39856874,2027-10-21,JKT01,ACTIVE
2188,2921,Time Deposit,1487330156,2026-05-14,JKT01,ACTIVE
2189,7595,Time Deposit,1051712434,2026-07-11,YGY01,ACTIVE
2190,4986,Savings,56307156,2027-01-23,JKT02,ACTIVE
2191,3578,Savings,11527234,2027-02-19,JKT02,ACTIVE
2192,4210,Savings,12244144,2026-07-25,MDN01,ACTIVE
2193,8405,Savings,116808530,2026-05-27,SMG01,ACTIVE
2194,435,Time Deposit,281254801,2026-11-28,SMG01,ACTIVE
2195,3628,Savings,32569967,2026-06-18,SBY01,ACTIVE
2196,3908,Savings,35930035,2026-09-25,YGY01,ACTIVE
2197,9330,Savings,234878145,2027-12-04,JKT02,ACTIVE
2198,2149,Savings,28544063,2026-05-31,YGY01,ACTIVE
2199,8735,Savings,14378253,2027-10-24,JKT01,ACTIVE
2200,1480,Time Deposit,1124182866,2026-11-14,MDN01,ACTIVE
2201,7553,Time Deposit,724573695,2026-09-27,JKT02,ACTIVE
2202,4708,Time Deposit,1120619307,2026-04-18,SMG01,ACTIVE
2203,5216,Time Deposit,345508570,2026-06-07,SMG01,ACTIVE
2204,5303,Savings,141510039,2027-07-05,YGY01,ACTIVE
2205,2775,Savings,87471876,2026-11-14,BDG01,ACTIVE
2206,1581,Savings,93762663,2026-08-04,YGY01,ACTIVE
2207,1605,Time Deposit,1910903884,2027-03-16,SBY01,ACTIVE
2208,8769,Savings,7648143,2026-09-12,MDN01,ACTIVE
2209,6353,Time Deposit,358725028,2026-12-13,MDN01,ACTIVE
2210,7116,Time Deposit,634465694,2026-07-13,BDG01,ACTIVE
2211,7575,Savings,169418399,2028-01-07,JKT02,ACTIVE
2212,1554,Savings,7463818,2027-12-03,SBY01,ACTIVE
2213,8919,Savings,83888221,2026-05-07,JKT02,ACTIVE
2214,1189,Savings,10445974,2027-09-12,JKT01,ACTIVE
2215,7638,Savings,21717990,2026-09-21,JKT01,ACTIVE
2216,8708,Time Deposit,896731785,2027-03-11,JKT02,ACTIVE
2217,9392,Time Deposit,712956910,2026-09-27,JKT02,ACTIVE
2218,755,Time Deposit,1413379918,2027-02-07,BDG01,ACTIVE
2219,2424,Savings,70481938,2026-09-16,JKT01,ACTIVE
2220,4013,Savings,79812872,2027-02-10,YGY01,ACTIVE
2221,3370,Savings,47763695,2027-01-12,JKT02,ACTIVE
2222,8665,Time Deposit,989951615,2026-08-03,JKT01,ACTIVE
2223,483,Time Deposit,308972996,2026-09-27,SBY01,ACTIVE
2224,3656,Time Deposit,665312749,2026-09-01,SMG01,ACTIVE
2225,6767,Savings,26383347,2027-06-04,YGY01,ACTIVE
2226,3996,Time Deposit,1051460694,2026-04-13,YGY01,ACTIVE
2227,4298,Savings,28270498,2027-08-29,YGY01,ACTIVE
2228,9618,Time Deposit,516516493,2026-07-05,YGY01,ACTIVE
2229,3917,Savings,146887813,2027-04-02,YGY01,ACTIVE
2230,7582,Savings,24949797,2027-10-05,JKT01,ACTIVE
2231,270,Time Deposit,1056307079,2026-09-02,JKT02,ACTIVE
2232,6138,Savings,163697250,2026-10-19,JKT01,ACTIVE
2233,8203,Savings,21258564,2027-03-25,BDG01,ACTIVE
2234,5698,Savings,22405014,2027-05-09,SMG01,ACTIVE
2235,9921,Savings,28798460,2028-03-05,YGY01,ACTIVE
2236,7374,Savings,124564212,2027-08-29,SMG01,ACTIVE
2237,3931,Savings,104261966,2026-06-23,SMG01,ACTIVE
2238,5858,Time Deposit,863320532,2026-06-30,SBY01,ACTIVE
2239,9019,Time Deposit,456925920,2026-05-21,SBY01,ACTIVE
2240,9195,Savings,4976095,2027-07-25,JKT02,ACTIVE
2241,7835,Savings,35855275,2028-01-20,MDN01,ACTIVE
2242,8485,Savings,21332075,2026-08-11,SBY01,ACTIVE
2243,9595,Savings,24680796,2027-12-09,JKT01,ACTIVE
2244,3276,Savings,24068692,2026-11-02,JKT01,ACTIVE
2245,3534,Savings,15314704,2027-04-30,JKT01,ACTIVE
2246,3594,Savings,39208828,2027-10-05,YGY01,ACTIVE
2247,8181,Time Deposit,1227108386,2026-04-30,BDG01,ACTIVE
2248,6661,Savings,54397145,2027-11-28,YGY01,ACTIVE
2249,5522,Savings,62231188,2026-12-28,JKT02,ACTIVE
2250,8200,Time Deposit,1134083016,2026-04-16,JKT01,ACTIVE
2251,4013,Savings,85976873,2027-01-29,BDG01,ACTIVE
2252,7636,Time Deposit,155433565,2026-11-26,JKT02,ACTIVE
2253,8659,Savings,7706304,2026-09-20,BDG01,ACTIVE
2254,1641,Time Deposit,1150853615,2026-07-07,SBY01,ACTIVE
2255,1007,Savings,11507289,2027-06-18,JKT01,ACTIVE
2256,3651,Savings,80188144,2027-02-05,BDG01,ACTIVE
2257,3157,Time Deposit,789353778,2027-03-09,JKT01,ACTIVE
2258,6365,Time Deposit,544212501,2026-05-13,JKT02,ACTIVE
2259,1586,Savings,14489294,2027-05-05,YGY01,ACTIVE
2260,4600,Savings,58056652,2027-02-23,MDN01,ACTIVE
2261,9659,Time Deposit,477456627,2026-06-12,SMG01,ACTIVE
2262,6215,Time Deposit,715282873,2026-05-31,YGY01,ACTIVE
2263,3171,Savings,164931642,2026-12-26,SBY01,ACTIVE
2264,8890,Savings,121822178,2026-11-10,SBY01,ACTIVE
2265,3768,Savings,7150800,2027-03-16,YGY01,ACTIVE
2266,2710,Savings,19162795,2027-04-26,MDN01,ACTIVE
2267,3044,Savings,143777698,2026-11-20,YGY01,ACTIVE
2268,1325,Savings,13889048,2026-05-25,JKT01,ACTIVE
2269,1012,Savings,25052871,2027-03-03,SBY01,ACTIVE
2270,5542,Savings,215596312,2026-12-07,SBY01,ACTIVE
2271,2576,Time Deposit,200888012,2026-11-01,JKT02,ACTIVE
2272,2129,Time Deposit,496201492,2026-11-04,MDN01,ACTIVE
2273,9487,Savings,50322727,2026-07-01,SMG01,ACTIVE
2274,8321,Time Deposit,329965002,2026-10-06,YGY01,ACTIVE
2275,5958,Time Deposit,201715340,2026-08-21,SBY01,ACTIVE
2276,58,Savings,7554062,2026-09-19,BDG01,ACTIVE
2277,8005,Savings,132079726,2027-02-10,JKT01,ACTIVE
2278,6168,Savings,12490595,2027-12-16,MDN01,ACTIVE
2279,7833,Savings,52075247,2027-07-16,JKT01,ACTIVE
2280,225,Savings,22742162,2027-03-16,BDG01,ACTIVE
2281,533,Time Deposit,1319755200,2027-01-12,MDN01,ACTIVE
2282,592,Savings,24409885,2027-11-14,SMG01,ACTIVE
2283,7168,Savings,24485261,2026-05-14,MDN01,ACTIVE
2284,606,Savings,113240334,2027-12-15,SBY01,ACTIVE
2285,8689,Savings,10158471,2027-01-24,SMG01,ACTIVE
2286,3313,Time Deposit,547623796,2026-06-07,JKT02,ACTIVE
2287,8880,Time Deposit,497334937,2026-05-22,YGY01,ACTIVE
2288,7701,Time Deposit,934505276,2026-11-01,BDG01,ACTIVE
2289,4407,Savings,150501369,2027-06-03,JKT01,ACTIVE
2290,1919,Time Deposit,157919178,2026-05-06,SBY01,ACTIVE
2291,9621,Time Deposit,477802718,2026-08-21,SBY01,ACTIVE
2292,2227,Savings,11405984,2026-08-05,YGY01,ACTIVE
2293,9882,Savings,4938497,2026-07-29,BDG01,ACTIVE
2294,7276,Time Deposit,525648820,2027-03-04,MDN01,ACTIVE
2295,3157,Time Deposit,927419703,2026-04-25,YGY01,ACTIVE
2296,493,Savings,40146817,2026-07-03,SMG01,ACTIVE
2297,2885,Time Deposit,248824531,2026-06-14,YGY01,ACTIVE
2298,8734,Time Deposit,1571126890,2026-12-14,MDN01,ACTIVE
2299,1773,Time Deposit,504970766,2026-11-15,YGY01,ACTIVE
2300,5422,Savings,24904239,2026-08-15,MDN01,ACTIVE
2301,2826,Savings,19460857,2027-02-04,YGY01,ACTIVE
2302,4004,Time Deposit,418079283,2026-08-04,BDG01,ACTIVE
2303,5425,Time Deposit,494821216,2026-07-24,MDN01,ACTIVE
2304,269,Savings,20377137,2027-03-09,BDG01,ACTIVE
2305,8406,Time Deposit,1194094257,2026-04-09,MDN01,ACTIVE
2306,1587,Time Deposit,1055931998,2026-07-31,JKT01,ACTIVE
2307,1496,Time Deposit,317426984,2026-08-04,JKT01,ACTIVE
2308,2232,Time Deposit,128368816,2026-08-09,BDG01,ACTIVE
2309,1770,Savings,83836210,2027-07-29,JKT02,ACTIVE
2310,6351,Savings,3869643,2027-05-13,SBY01,ACTIVE
2311,1828,Time Deposit,338968897,2026-09-22,JKT02,ACTIVE
2312,8363,Time Deposit,1526912527,2026-07-11,JKT02,ACTIVE
2313,2363,Time Deposit,171199889,2026-05-23,JKT02,ACTIVE
2314,1852,Time Deposit,689856721,2026-06-19,JKT01,ACTIVE
2315,9499,Savings,195563995,2027-08-03,YGY01,ACTIVE
2316,5607,Savings,33836289,2028-01-01,SMG01,ACTIVE
2317,6667,Time Deposit,477247451,2026-06-19,JKT01,ACTIVE
2318,3265,Savings,28674222,2027-10-16,MDN01,ACTIVE
2319,5276,Savings,69306313,2027-05-04,BDG01,ACTIVE
2320,3030,Time Deposit,1249889771,2026-04-10,BDG01,ACTIVE
2321,5135,Savings,11223201,2028-01-28,YGY01,ACTIVE
2322,7997,Time Deposit,473612344,2026-12-31,YGY01,ACTIVE
2323,2250,Time Deposit,554141476,2027-01-27,BDG01,ACTIVE
2324,4545,Savings,30222606,2028-03-05,SMG01,ACTIVE
2325,4758,Time Deposit,422079146,2026-12-02,SBY01,ACTIVE
2326,9526,Savings,22703384,2026-09-09,MDN01,ACTIVE
2327,4477,Time Deposit,890462525,2026-12-21,SMG01,ACTIVE
2328,1417,Time Deposit,1438788713,2026-11-14,JKT02,ACTIVE
2329,3454,Time Deposit,842067700,2027-02-13,JKT02,ACTIVE
2330,1421,Savings,119478518,2027-04-18,SBY01,ACTIVE
2331,3207,Time Deposit,1038683381,2026-06-07,SBY01,ACTIVE
2332,5283,Time Deposit,454176220,2026-07-05,SBY01,ACTIVE
2333,5029,Time Deposit,418475648,2027-02-18,SMG01,ACTIVE
2334,3660,Savings,59980684,2027-12-16,SBY01,ACTIVE
2335,3306,Savings,28256983,2026-07-11,SBY01,ACTIVE
2336,6431,Savings,47828946,2026-09-25,YGY01,ACTIVE
2337,7572,Savings,25764137,2027-01-20,JKT01,ACTIVE
2338,3288,Savings,34829634,2026-08-04,JKT02,ACTIVE
2339,4655,Savings,36672886,2027-10-02,YGY01,ACTIVE
2340,5779,Savings,5997212,2026-05-11,YGY01,ACTIVE
2341,3385,Savings,58415108,2027-04-12,SBY01,ACTIVE
2342,2914,Time Deposit,945346386,2027-01-04,JKT01,ACTIVE
2343,2844,Savings,21714581,2027-04-10,MDN01,ACTIVE
2344,6345,Time Deposit,1272031576,2026-09-09,JKT01,ACTIVE
2345,7831,Time Deposit,143799246,2026-08-17,SBY01,ACTIVE
2346,3497,Savings,7560306,2027-07-25,YGY01,ACTIVE
2347,9035,Savings,27888691,2027-01-15,JKT02,ACTIVE
2348,8200,Time Deposit,1119826882,2027-03-15,YGY01,ACTIVE
2349,458,Savings,14162441,2026-07-04,SBY01,ACTIVE
2350,8441,Savings,16351840,2027-09-10,YGY01,ACTIVE
2351,4902,Time Deposit,1224908402,2026-04-23,JKT02,ACTIVE
2352,1087,Time Deposit,190547424,2027-02-12,MDN01,ACTIVE
2353,3327,Savings,9874684,2027-04-29,MDN01,ACTIVE
2354,119,Savings,19388522,2027-01-18,MDN01,ACTIVE
2355,1375,Time Deposit,200934579,2027-02-03,SBY01,ACTIVE
2356,3852,Savings,12923906,2027-12-21,YGY01,ACTIVE
2357,2736,Time Deposit,365641990,2026-10-18,SMG01,ACTIVE
2358,1820,Time Deposit,509317598,2026-06-13,BDG01,ACTIVE
2359,4093,Savings,91105448,2026-06-23,JKT02,ACTIVE
2360,7450,Savings,61916052,2026-10-15,JKT01,ACTIVE
2361,2881,Time Deposit,802161050,2026-08-10,SBY01,ACTIVE
2362,1110,Savings,11175517,2027-03-17,JKT02,ACTIVE
2363,6089,Savings,32280067,2027-01-15,JKT01,ACTIVE
2364,7296,Savings,71951497,2027-07-27,SBY01,ACTIVE
2365,2172,Savings,44422576,2027-12-26,JKT01,ACTIVE
2366,9985,Time Deposit,487507447,2026-06-30,SMG01,ACTIVE
2367,2091,Time Deposit,732520049,2026-11-27,JKT01,ACTIVE
2368,5542,Savings,118804953,2026-12-22,JKT01,ACTIVE
2369,5068,Savings,78058366,2026-06-25,JKT01,ACTIVE
2370,1515,Savings,147549415,2027-09-04,JKT01,ACTIVE
2371,4373,Savings,35906840,2026-09-02,SMG01,ACTIVE
2372,1777,Savings,11437410,2027-03-05,BDG01,ACTIVE
2373,6778,Savings,117422694,2028-03-22,MDN01,ACTIVE
2374,9740,Time Deposit,418518261,2026-04-18,JKT01,ACTIVE
2375,8752,Time Deposit,1166593646,2027-02-16,BDG01,ACTIVE
2376,9370,Savings,24838918,2026-05-08,MDN01,ACTIVE
2377,4097,Time Deposit,707694159,2026-08-16,YGY01,ACTIVE
2378,4648,Time Deposit,711056325,2026-10-23,YGY01,ACTIVE
2379,3251,Time Deposit,461946172,2026-05-05,JKT01,ACTIVE
2380,2123,Savings,51568454,2027-09-03,MDN01,ACTIVE
2381,122,Time Deposit,1075909888,2026-08-31,SBY01,ACTIVE
2382,1319,Time Deposit,551687261,2026-06-23,MDN01,ACTIVE
2383,1264,Time Deposit,334495813,2026-08-04,YGY01,ACTIVE
2384,7715,Time Deposit,408323394,2026-05-22,SMG01,ACTIVE
2385,2932,Savings,94084837,2026-12-11,BDG01,ACTIVE
2386,50,Savings,41062069,2027-05-04,JKT01,ACTIVE
2387,1015,Savings,127717750,2027-07-16,YGY01,ACTIVE
2388,2135,Savings,16177044,2027-10-03,SBY01,ACTIVE
2389,6823,Savings,206966030,2027-12-30,SBY01,ACTIVE
2390,619,Time Deposit,652083617,2026-12-07,YGY01,ACTIVE
2391,4634,Time Deposit,1276335348,2026-05-18,JKT01,ACTIVE
2392,197,Time Deposit,1326287775,2026-08-18,YGY01,ACTIVE
2393,5218,Savings,152206066,2027-06-23,SBY01,ACTIVE
2394,7480,Savings,11355982,2027-09-11,SBY01,ACTIVE
2395,3308,Savings,52286454,2027-07-09,MDN01,ACTIVE
2396,6207,Savings,195664921,2027-01-29,SBY01,ACTIVE
2397,4753,Time Deposit,764014726,2027-03-05,MDN01,ACTIVE
2398,6686,Savings,67720272,2027-12-08,SBY01,ACTIVE
2399,4205,Time Deposit,570534070,2027-01-19,YGY01,ACTIVE
2400,523,Savings,71253167,2026-06-25,SBY01,ACTIVE
2401,2787,Savings,18621920,2026-09-30,BDG01,ACTIVE
2402,3937,Time Deposit,314930391,2026-10-21,SBY01,ACTIVE
2403,5025,Savings,47257538,2028-01-29,SMG01,ACTIVE
2404,3027,Savings,24153930,2027-12-22,MDN01,ACTIVE
2405,2884,Savings,30467417,2027-05-23,JKT01,ACTIVE
2406,9116,Savings,38695836,2027-04-08,JKT02,ACTIVE
2407,713,Savings,26113971,2026-04-27,JKT01,ACTIVE
2408,1786,Time Deposit,1405900464,2026-11-14,SBY01,ACTIVE
2409,2101,Savings,7122979,2026-07-02,JKT02,ACTIVE
2410,8491,Savings,13957005,2026-10-23,JKT02,ACTIVE
2411,4214,Time Deposit,457651087,2027-02-04,SMG01,ACTIVE
2412,3581,Savings,98550387,2026-10-09,MDN01,ACTIVE
2413,8904,Savings,38262326,2027-06-23,SMG01,ACTIVE
2414,1839,Time Deposit,455906080,2026-08-03,YGY01,ACTIVE
2415,1120,Savings,27362438,2027-01-23,YGY01,ACTIVE
2416,1729,Savings,16325216,2027-04-27,JKT01,ACTIVE
2417,7278,Savings,159771942,2026-11-18,JKT02,ACTIVE
2418,6160,Savings,11842550,2028-03-12,SMG01,ACTIVE
2419,4107,Time Deposit,154894633,2026-09-24,MDN01,ACTIVE
2420,171,Time Deposit,803168812,2026-12-10,BDG01,ACTIVE
2421,8530,Savings,42397179,2026-05-25,MDN01,ACTIVE
2422,9949,Time Deposit,236196046,2027-02-12,JKT01,ACTIVE
2423,2563,Savings,16199101,2027-06-10,SBY01,ACTIVE
2424,2747,Savings,36299741,2026-07-06,SMG01,ACTIVE
2425,1677,Time Deposit,819561389,2026-09-07,MDN01,ACTIVE
2426,9319,Time Deposit,838377756,2026-06-04,BDG01,ACTIVE
2427,6264,Savings,50056366,2026-08-10,YGY01,ACTIVE
2428,3634,Savings,21753584,2027-06-06,MDN01,ACTIVE
2429,2628,Savings,74590196,2027-07-12,SBY01,ACTIVE
2430,823,Savings,15757214,2027-01-27,SBY01,ACTIVE
2431,146,Savings,104137359,2028-03-21,MDN01,ACTIVE
2432,2569,Time Deposit,150224242,2027-02-04,SMG01,ACTIVE
2433,6602,Savings,53442517,2027-07-26,JKT02,ACTIVE
2434,2648,Savings,67269722,2027-11-09,SMG01,ACTIVE
2435,1200,Savings,14319511,2027-01-29,SBY01,ACTIVE
2436,806,Savings,23472103,2027-01-05,YGY01,ACTIVE
2437,332,Savings,68055786,2026-06-13,JKT02,ACTIVE
2438,5748,Savings,14320978,2027-03-05,YGY01,ACTIVE
2439,5212,Time Deposit,611942255,2026-07-07,SBY01,ACTIVE
2440,4722,Time Deposit,520326055,2026-05-15,MDN01,ACTIVE
2441,1406,Savings,12535353,2027-01-08,SBY01,ACTIVE
2442,1627,Savings,79628445,2028-02-01,MDN01,ACTIVE
2443,9351,Time Deposit,598389891,2026-11-07,YGY01,ACTIVE
2444,4680,Savings,4931629,2026-09-24,JKT01,ACTIVE
2445,7188,Time Deposit,1130263469,2026-05-11,SBY01,ACTIVE
2446,6710,Time Deposit,876855808,2027-01-16,SMG01,ACTIVE
2447,8593,Savings,32734700,2027-01-07,JKT02,ACTIVE
2448,5957,Savings,36302732,2028-02-09,MDN01,ACTIVE
2449,376,Time Deposit,1048319247,2026-12-28,SBY01,ACTIVE
2450,4469,Savings,13276915,2026-06-30,YGY01,ACTIVE
2451,9102,Savings,30688797,2028-01-12,JKT01,ACTIVE
2452,1758,Savings,41059489,2026-06-23,MDN01,ACTIVE
2453,5552,Time Deposit,1081089609,2027-03-10,JKT02,ACTIVE
2454,9758,Savings,37446904,2026-06-15,JKT01,ACTIVE
2455,6670,Savings,4192972,2027-06-05,JKT02,ACTIVE
2456,4059,Time Deposit,629766323,2026-05-30,SMG01,ACTIVE
2457,4847,Savings,195582856,2027-11-25,BDG01,ACTIVE
2458,9712,Time Deposit,343449041,2027-03-03,JKT01,ACTIVE
2459,5738,Savings,19301933,2026-12-08,JKT01,ACTIVE
2460,5736,Time Deposit,411429742,2026-09-30,SBY01,ACTIVE
2461,7653,Savings,15898703,2028-03-02,JKT02,ACTIVE
2462,2650,Time Deposit,248706171,2027-01-28,MDN01,ACTIVE
2463,1313,Time Deposit,750445024,2026-07-13,YGY01,ACTIVE
2464,9786,Time Deposit,570847841,2026-12-16,SBY01,ACTIVE
2465,3195,Time Deposit,1665279040,2026-09-09,JKT01,ACTIVE
2466,1582,Time Deposit,613433870,2026-12-20,MDN01,ACTIVE
2467,7515,Savings,130990018,2027-05-20,MDN01,ACTIVE
2468,3622,Savings,109906802,2027-08-06,SBY01,ACTIVE
2469,9769,Savings,74915196,2027-08-11,YGY01,ACTIVE
2470,711,Savings,11570907,2026-06-29,JKT01,ACTIVE
2471,7060,Time Deposit,394394544,2026-08-15,SBY01,ACTIVE
2472,6252,Savings,7147649,2027-05-22,JKT01,ACTIVE
2473,7394,Time Deposit,756290576,2027-02-27,SMG01,ACTIVE
2474,5105,Savings,34794684,2026-08-05,YGY01,ACTIVE
2475,3252,Time Deposit,425418302,2026-10-30,BDG01,ACTIVE
2476,8389,Time Deposit,919794969,2026-08-25,BDG01,ACTIVE
2477,5953,Savings,137248322,2027-05-18,JKT01,ACTIVE
2478,2419,Time Deposit,543253378,2027-02-20,SBY01,ACTIVE
2479,6912,Time Deposit,436628446,2026-09-26,JKT01,ACTIVE
2480,2623,Savings,38461522,2026-08-20,YGY01,ACTIVE
2481,7241,Savings,10843775,2026-08-18,YGY01,ACTIVE
2482,5504,Time Deposit,452132767,2026-07-16,JKT02,ACTIVE
2483,8478,Savings,94422187,2026-09-07,MDN01,ACTIVE
2484,4082,Savings,26230664,2027-02-20,MDN01,ACTIVE
2485,7330,Savings,141130123,2026-11-04,SBY01,ACTIVE
2486,4195,Savings,11795030,2027-07-07,SMG01,ACTIVE
2487,115,Savings,101886470,2027-06-27,YGY01,ACTIVE
2488,7313,Time Deposit,218145672,2027-01-28,SMG01,ACTIVE
2489,4539,Savings,21083456,2027-01-04,JKT01,ACTIVE
2490,5971,Savings,23931683,2026-08-30,JKT02,ACTIVE
2491,8112,Savings,26989293,2027-10-13,SMG01,ACTIVE
2492,7131,Time Deposit,514171299,2027-03-21,MDN01,ACTIVE
2493,8266,Savings,86369114,2027-11-26,JKT01,ACTIVE
2494,5260,Savings,113091748,2026-09-29,JKT01,ACTIVE
2495,9147,Time Deposit,605351072,2026-08-04,SMG01,ACTIVE
2496,515,Savings,14403680,2028-03-10,SBY01,ACTIVE
2497,6432,Savings,195168934,2028-03-06,MDN01,ACTIVE
2498,9923,Time Deposit,1200036208,2027-02-15,JKT01,ACTIVE
2499,3193,Time Deposit,749354536,2026-07-13,SMG01,ACTIVE
2500,9079,Savings,12531312,2027-09-13,JKT02,ACTIVE
2501,5839,Savings,16941319,2027-06-12,JKT01,ACTIVE
2502,4846,Savings,31167272,2026-05-15,YGY01,ACTIVE
2503,5924,Savings,91244656,2027-11-10,BDG01,ACTIVE
2504,633,Time Deposit,824819352,2027-02-15,JKT01,ACTIVE
2505,5589,Savings,28919634,2027-08-12,JKT01,ACTIVE
2506,2352,Time Deposit,380505862,2027-01-12,BDG01,ACTIVE
2507,5998,Savings,113718007,2028-03-23,YGY01,ACTIVE
2508,9873,Savings,13525280,2027-11-17,BDG01,ACTIVE
2509,6015,Time Deposit,643409739,2026-12-12,SBY01,ACTIVE
2510,5738,Savings,14482147,2026-06-14,SMG01,ACTIVE
2511,2810,Savings,8964405,2026-07-11,SBY01,ACTIVE
2512,4733,Savings,99334209,2027-08-27,YGY01,ACTIVE
2513,7491,Time Deposit,1948549954,2026-10-29,SMG01,ACTIVE
2514,3725,Savings,166645996,2027-09-28,MDN01,ACTIVE
2515,3925,Savings,12070641,2027-04-20,SMG01,ACTIVE
2516,1411,Savings,37567052,2028-01-08,MDN01,ACTIVE
2517,7947,Time Deposit,959638994,2026-09-10,MDN01,ACTIVE
2518,4191,Savings,9929762,2027-08-10,JKT02,ACTIVE
2519,6771,Savings,152414381,2027-09-13,JKT01,ACTIVE
2520,3060,Savings,13956074,2026-12-25,MDN01,ACTIVE
2521,9756,Savings,7953603,2027-12-03,SMG01,ACTIVE
2522,5534,Savings,16156831,2027-01-14,SBY01,ACTIVE
2523,5677,Time Deposit,500237350,2026-11-27,MDN01,ACTIVE
2524,1895,Savings,155357545,2028-03-24,BDG01,ACTIVE
2525,8232,Savings,16955958,2026-06-03,JKT01,ACTIVE
2526,7444,Time Deposit,727954914,2026-05-05,YGY01,ACTIVE
2527,5967,Savings,13988126,2026-05-28,BDG01,ACTIVE
2528,1744,Savings,96131639,2027-10-01,BDG01,ACTIVE
2529,824,Time Deposit,672872606,2026-12-16,SBY01,ACTIVE
2530,1532,Time Deposit,954486243,2027-02-20,JKT01,ACTIVE
2531,6446,Time Deposit,730350517,2026-05-19,SBY01,ACTIVE
2532,3024,Savings,21951819,2026-12-09,SMG01,ACTIVE
2533,5428,Savings,6605149,2026-07-19,JKT01,ACTIVE
2534,9176,Time Deposit,709584744,2027-01-29,BDG01,ACTIVE
2535,5158,Savings,101165260,2026-10-06,BDG01,ACTIVE
2536,1330,Time Deposit,1156315977,2027-01-06,MDN01,ACTIVE
2537,657,Time Deposit,124245748,2026-08-13,JKT01,ACTIVE
2538,538,Savings,31923165,2026-12-26,SBY01,ACTIVE
2539,8593,Time Deposit,632403051,2026-07-03,JKT02,ACTIVE
2540,4678,Savings,5500313,2026-12-28,SBY01,ACTIVE
2541,1648,Time Deposit,422574864,2026-07-31,JKT02,ACTIVE
2542,8100,Savings,165722739,2027-11-01,YGY01,ACTIVE
2543,9492,Savings,109250432,2028-03-16,YGY01,ACTIVE
2544,5832,Time Deposit,941086955,2026-06-21,SBY01,ACTIVE
2545,9375,Time Deposit,376327845,2027-03-21,JKT02,ACTIVE
2546,1990,Savings,11406536,2027-07-01,BDG01,ACTIVE
2547,360,Time Deposit,1496498915,2026-10-02,JKT01,ACTIVE
2548,4927,Time Deposit,640323954,2026-06-16,MDN01,ACTIVE
2549,346,Time Deposit,655686304,2026-05-15,MDN01,ACTIVE
2550,4809,Savings,7146303,2027-11-09,SMG01,ACTIVE
2551,9093,Time Deposit,1091625303,2026-08-19,MDN01,ACTIVE
2552,1747,Savings,113667757,2026-08-26,JKT01,ACTIVE
2553,2779,Savings,25016253,2026-12-28,JKT01,ACTIVE
2554,8132,Savings,25309552,2027-12-18,MDN01,ACTIVE
2555,9044,Savings,28000410,2027-06-23,MDN01,ACTIVE
2556,5221,Savings,166627493,2027-08-28,JKT01,ACTIVE
2557,2655,Savings,37591092,2027-12-19,SMG01,ACTIVE
2558,9694,Time Deposit,235910041,2026-09-07,SMG01,ACTIVE
2559,8985,Savings,11686360,2026-09-05,JKT02,ACTIVE
2560,2047,Savings,33404764,2027-10-09,BDG01,ACTIVE
2561,9366,Savings,185580508,2027-11-12,SBY01,ACTIVE
2562,350,Time Deposit,382483640,2026-12-28,JKT01,ACTIVE
2563,1540,Savings,34815913,2028-03-14,JKT02,ACTIVE
2564,7982,Savings,51233291,2026-10-07,SBY01,ACTIVE
2565,8783,Savings,181999696,2026-05-04,SMG01,ACTIVE
2566,5580,Time Deposit,368050308,2026-05-10,JKT02,ACTIVE
2567,3064,Savings,60059306,2026-06-03,MDN01,ACTIVE
2568,4603,Savings,71600438,2026-12-11,YGY01,ACTIVE
2569,2896,Savings,13615491,2026-12-07,BDG01,ACTIVE
2570,5881,Savings,38305054,2027-06-05,MDN01,ACTIVE
2571,4977,Savings,171195072,2026-05-08,BDG01,ACTIVE
2572,427,Savings,43317496,2027-09-26,SBY01,ACTIVE
2573,4068,Time Deposit,864081098,2026-08-24,JKT01,ACTIVE
2574,3964,Savings,40352058,2027-11-25,JKT02,ACTIVE
2575,266,Savings,34831137,2026-06-07,MDN01,ACTIVE
2576,9645,Savings,28002191,2027-07-12,MDN01,ACTIVE
2577,9654,Savings,12126549,2027-01-29,YGY01,ACTIVE
2578,5462,Savings,33398022,2026-08-04,JKT02,ACTIVE
2579,6404,Savings,48273233,2027-08-15,BDG01,ACTIVE
2580,1643,Time Deposit,263364171,2027-01-04,YGY01,ACTIVE
2581,3224,Savings,18528127,2027-04-30,SBY01,ACTIVE
2582,3271,Time Deposit,1030201383,2026-08-16,SBY01,ACTIVE
2583,5840,Savings,49858423,2027-03-27,BDG01,ACTIVE
2584,8162,Time Deposit,352412046,2026-10-19,SMG01,ACTIVE
2585,7236,Savings,11819616,2027-07-29,YGY01,ACTIVE
2586,6045,Savings,16828547,2027-05-13,MDN01,ACTIVE
2587,2873,Savings,28620538,2027-09-14,SBY01,ACTIVE
2588,844,Savings,78732376,2026-10-26,MDN01,ACTIVE
2589,6547,Savings,9780124,2027-03-29,JKT01,ACTIVE
2590,9336,Time Deposit,543238474,2026-06-19,JKT01,ACTIVE
2591,9858,Time Deposit,536206364,2026-06-14,SBY01,ACTIVE
2592,4114,Savings,13321893,2027-03-17,YGY01,ACTIVE
2593,8581,Savings,13792586,2026-08-09,MDN01,ACTIVE
2594,7449,Savings,23199199,2027-06-16,SBY01,ACTIVE
2595,6222,Savings,53500066,2026-12-10,JKT02,ACTIVE
2596,1372,Time Deposit,1192335116,2026-12-26,JKT02,ACTIVE
2597,3546,Savings,27424039,2026-11-26,SBY01,ACTIVE
2598,934,Time Deposit,1407064906,2027-03-23,JKT02,ACTIVE
2599,8563,Time Deposit,1752855771,2026-10-31,JKT01,ACTIVE
2600,2960,Savings,4619290,2027-07-11,YGY01,ACTIVE
2601,6250,Savings,39994628,2028-02-20,MDN01,ACTIVE
2602,8262,Savings,6900265,2027-02-08,SMG01,ACTIVE
2603,9161,Savings,27124232,2026-07-19,JKT02,ACTIVE
2604,5319,Time Deposit,1102935827,2027-01-17,YGY01,ACTIVE
2605,9086,Time Deposit,999834523,2026-05-15,MDN01,ACTIVE
2606,5708,Savings,53843869,2027-06-07,JKT02,ACTIVE
2607,6043,Savings,3405055,2027-03-29,YGY01,ACTIVE
2608,9375,Time Deposit,816078714,2026-07-03,MDN01,ACTIVE
2609,5649,Time Deposit,452775336,2026-09-25,JKT01,ACTIVE
2610,829,Time Deposit,977294062,2026-07-26,SMG01,ACTIVE
2611,7043,Savings,144105674,2028-02-17,SBY01,ACTIVE
2612,8535,Time Deposit,1092880429,2026-08-11,JKT01,ACTIVE
2613,5202,Savings,11089692,2027-04-18,MDN01,ACTIVE
2614,5499,Time Deposit,1592373661,2026-06-26,YGY01,ACTIVE
2615,4460,Time Deposit,427513976,2026-05-19,SBY01,ACTIVE
2616,8584,Savings,76013639,2027-06-06,SBY01,ACTIVE
2617,1087,Savings,82191667,2026-06-19,JKT01,ACTIVE
2618,9607,Savings,45622767,2027-04-28,SMG01,ACTIVE
2619,4955,Savings,85472797,2026-07-30,BDG01,ACTIVE
2620,7070,Savings,104405312,2027-02-24,JKT01,ACTIVE
2621,487,Savings,22577284,2027-03-10,SBY01,ACTIVE
2622,5003,Time Deposit,436947853,2026-04-21,SBY01,ACTIVE
2623,3741,Time Deposit,357876669,2027-02-17,BDG01,ACTIVE
2624,2652,Savings,29967788,2027-01-19,JKT02,ACTIVE
2625,262,Time Deposit,1059447775,2027-02-25,MDN01,ACTIVE
2626,4224,Savings,21024182,2027-09-22,BDG01,ACTIVE
2627,6953,Time Deposit,1016548396,2026-07-18,SMG01,ACTIVE
2628,1830,Savings,24192160,2027-10-03,JKT01,ACTIVE
2629,866,Time Deposit,658296231,2026-06-29,SMG01,ACTIVE
2630,8912,Savings,78086973,2026-09-26,SMG01,ACTIVE
2631,5267,Savings,117131478,2027-09-14,JKT02,ACTIVE
2632,1225,Savings,34651457,2026-12-16,BDG01,ACTIVE
2633,9692,Savings,11504321,2027-12-07,MDN01,ACTIVE
2634,3410,Time Deposit,909166379,2027-03-07,JKT02,ACTIVE
2635,8697,Savings,171975726,2027-06-13,JKT02,ACTIVE
2636,19,Savings,14710996,2027-02-15,JKT01,ACTIVE
2637,5908,Savings,19464195,2027-06-03,SBY01,ACTIVE
2638,2354,Time Deposit,1020239992,2026-10-26,SBY01,ACTIVE
2639,2918,Savings,11467792,2028-03-21,JKT01,ACTIVE
2640,2432,Time Deposit,762999457,2026-12-01,YGY01,ACTIVE
2641,7949,Time Deposit,817789066,2027-03-12,SBY01,ACTIVE
2642,3760,Savings,16148965,2026-05-29,BDG01,ACTIVE
2643,5552,Savings,73128896,2026-11-03,YGY01,ACTIVE
2644,7415,Savings,186162017,2026-05-25,YGY01,ACTIVE
2645,2443,Savings,14441064,2027-01-22,MDN01,ACTIVE
2646,757,Savings,10039117,2028-01-20,JKT01,ACTIVE
2647,4306,Savings,67115490,2026-08-07,SMG01,ACTIVE
2648,6099,Savings,62464213,2027-07-14,JKT02,ACTIVE
2649,620,Savings,185673628,2027-01-04,YGY01,ACTIVE
2650,5052,Savings,139600926,2026-10-05,SMG01,ACTIVE
2651,6384,Savings,23267099,2026-10-16,SMG01,ACTIVE
2652,1461,Savings,24008032,2026-10-09,JKT02,ACTIVE
2653,3986,Savings,41762906,2026-12-07,SMG01,ACTIVE
2654,1925,Time Deposit,1276544352,2026-09-20,SBY01,ACTIVE
2655,5929,Time Deposit,1117942383,2026-12-17,MDN01,ACTIVE
2656,8709,Time Deposit,794197380,2026-10-29,SMG01,ACTIVE
2657,7052,Time Deposit,798404652,2026-08-09,SMG01,ACTIVE
2658,974,Time Deposit,838439895,2026-06-18,JKT01,ACTIVE
2659,9951,Time Deposit,745074994,2026-04-02,SMG01,ACTIVE
2660,7812,Time Deposit,673388059,2026-11-10,SMG01,ACTIVE
2661,2092,Savings,63706118,2026-12-30,YGY01,ACTIVE
2662,5519,Savings,11943103,2026-09-29,SMG01,ACTIVE
2663,5707,Savings,136608400,2027-01-06,YGY01,ACTIVE
2664,1358,Savings,12184994,2027-04-10,YGY01,ACTIVE
2665,9794,Savings,8277281,2027-09-02,SMG01,ACTIVE
2666,254,Time Deposit,915955223,2027-01-20,MDN01,ACTIVE
2667,983,Savings,23479797,2026-05-04,JKT02,ACTIVE
2668,5861,Savings,27970869,2026-07-15,SMG01,ACTIVE
2669,833,Time Deposit,409775878,2026-11-29,MDN01,ACTIVE
2670,9542,Savings,12135859,2027-10-22,JKT02,ACTIVE
2671,645,Savings,36293570,2027-09-06,MDN01,ACTIVE
2672,243,Time Deposit,856918928,2026-12-15,JKT02,ACTIVE
2673,4911,Savings,10434865,2028-02-23,SMG01,ACTIVE
2674,8236,Savings,83838131,2027-12-22,MDN01,ACTIVE
2675,3917,Time Deposit,781242471,2026-07-10,JKT02,ACTIVE
2676,8526,Savings,190647147,2027-02-22,BDG01,ACTIVE
2677,370,Time Deposit,738823414,2026-07-02,MDN01,ACTIVE
2678,4810,Savings,27430710,2026-08-03,YGY01,ACTIVE
2679,957,Savings,171073788,2027-01-03,SBY01,ACTIVE
2680,8011,Savings,29362531,2026-12-22,JKT01,ACTIVE
2681,4298,Time Deposit,485084743,2026-07-24,JKT02,ACTIVE
2682,5535,Time Deposit,1229292683,2026-10-28,JKT02,ACTIVE
2683,6582,Savings,12584969,2027-05-27,JKT01,ACTIVE
2684,9216,Savings,96970990,2026-09-21,SMG01,ACTIVE
2685,6678,Savings,39610298,2027-03-27,MDN01,ACTIVE
2686,9659,Savings,35534763,2028-02-27,YGY01,ACTIVE
2687,4871,Time Deposit,1082627758,2026-07-05,YGY01,ACTIVE
2688,550,Time Deposit,594605481,2026-09-11,JKT01,ACTIVE
2689,5160,Savings,55292898,2027-06-21,SMG01,ACTIVE
2690,3219,Time Deposit,759868044,2026-06-10,JKT02,ACTIVE
2691,9158,Savings,51302234,2027-01-12,YGY01,ACTIVE
2692,6350,Savings,24812681,2027-10-04,JKT01,ACTIVE
2693,7361,Savings,63285570,2026-04-26,BDG01,ACTIVE
2694,1616,Savings,6941338,2027-06-21,JKT02,ACTIVE
2695,4939,Time Deposit,686815103,2026-06-12,JKT02,ACTIVE
2696,8079,Savings,25062779,2028-02-04,SMG01,ACTIVE
2697,1624,Savings,48620266,2028-02-17,SMG01,ACTIVE
2698,4106,Time Deposit,1717545546,2026-04-15,JKT01,ACTIVE
2699,7913,Savings,17181044,2027-09-03,JKT02,ACTIVE
2700,293,Savings,24486853,2027-09-10,SBY01,ACTIVE
2701,6241,Savings,59747677,2028-02-13,MDN01,ACTIVE
2702,4298,Time Deposit,1601846619,2026-05-13,BDG01,ACTIVE
2703,6044,Savings,59995376,2027-02-06,SBY01,ACTIVE
2704,3054,Savings,8538398,2027-01-18,JKT01,ACTIVE
2705,2093,Savings,22225185,2027-03-01,SBY01,ACTIVE
2706,9477,Savings,29512315,2027-03-01,MDN01,ACTIVE
2707,4303,Savings,19246439,2027-04-23,MDN01,ACTIVE
2708,4580,Savings,17277073,2026-10-17,YGY01,ACTIVE
2709,3085,Time Deposit,909382248,2026-06-02,MDN01,ACTIVE
2710,9055,Savings,72279447,2028-02-06,SMG01,ACTIVE
2711,932,Savings,133928917,2027-07-08,JKT01,ACTIVE
2712,4717,Savings,39644415,2027-07-04,BDG01,ACTIVE
2713,8523,Time Deposit,572859676,2026-04-23,JKT02,ACTIVE
2714,8877,Time Deposit,153032777,2026-11-02,YGY01,ACTIVE
2715,5860,Savings,92765296,2027-08-10,JKT02,ACTIVE
2716,2423,Savings,55604440,2027-07-29,JKT02,ACTIVE
2717,7489,Time Deposit,845782376,2026-06-25,SBY01,ACTIVE
2718,1846,Savings,5105626,2028-03-20,SMG01,ACTIVE
2719,8090,Savings,109840792,2026-07-19,SBY01,ACTIVE
2720,9268,Savings,82930035,2027-01-06,SBY01,ACTIVE
2721,5919,Time Deposit,696024147,2027-01-01,JKT01,ACTIVE
2722,3241,Savings,34959104,2026-07-21,SMG01,ACTIVE
2723,4946,Time Deposit,652079491,2026-11-29,JKT01,ACTIVE
2724,6004,Savings,30356078,2026-09-23,JKT02,ACTIVE
2725,4415,Savings,101125548,2027-04-16,JKT01,ACTIVE
2726,8752,Time Deposit,1270153132,2026-09-20,YGY01,ACTIVE
2727,7722,Savings,25440234,2026-10-28,BDG01,ACTIVE
2728,107,Time Deposit,731481925,2026-12-29,JKT02,ACTIVE
2729,990,Savings,9286155,2028-03-17,SBY01,ACTIVE
2730,5444,Time Deposit,1273632437,2026-07-07,SBY01,ACTIVE
2731,7665,Time Deposit,399496696,2027-03-15,YGY01,ACTIVE
2732,6460,Time Deposit,746151754,2026-05-13,MDN01,ACTIVE
2733,7189,Savings,111668815,2027-05-26,JKT01,ACTIVE
2734,5573,Savings,131575494,2027-08-23,BDG01,ACTIVE
2735,6336,Savings,18218371,2027-02-09,SMG01,ACTIVE
2736,8620,Savings,20307739,2026-08-23,SBY01,ACTIVE
2737,7389,Time Deposit,1044660708,2027-03-08,BDG01,ACTIVE
2738,4969,Time Deposit,347805110,2026-11-08,JKT02,ACTIVE
2739,7306,Savings,12762831,2026-08-29,SMG01,ACTIVE
2740,9692,Time Deposit,680563560,2026-10-31,BDG01,ACTIVE
2741,4732,Savings,4182543,2026-10-07,SMG01,ACTIVE
2742,8129,Savings,16532633,2026-06-14,SMG01,ACTIVE
2743,6,Time Deposit,841958653,2026-08-15,BDG01,ACTIVE
2744,9906,Savings,28837002,2026-11-08,BDG01,ACTIVE
2745,1509,Time Deposit,344930397,2026-09-18,SMG01,ACTIVE
2746,5442,Savings,113377733,2026-07-31,MDN01,ACTIVE
2747,513,Savings,181711791,2027-07-04,JKT02,ACTIVE
2748,3394,Savings,118243563,2026-11-08,MDN01,ACTIVE
2749,3840,Savings,99376470,2026-08-29,MDN01,ACTIVE
2750,9023,Savings,23593040,2027-08-27,JKT02,ACTIVE
2751,6603,Savings,30615884,2026-10-27,YGY01,ACTIVE
2752,6036,Time Deposit,209275640,2026-08-17,SBY01,ACTIVE
2753,4162,Savings,22535444,2027-01-10,BDG01,ACTIVE
2754,5981,Savings,102467943,2026-05-20,SMG01,ACTIVE
2755,7499,Time Deposit,1585176714,2026-08-04,JKT01,ACTIVE
2756,9333,Savings,21081587,2027-03-24,JKT02,ACTIVE
2757,2121,Savings,70305307,2026-08-20,BDG01,ACTIVE
2758,3343,Savings,37462283,2026-07-20,BDG01,ACTIVE
2759,1786,Time Deposit,870325919,2026-09-21,JKT01,ACTIVE
2760,8422,Savings,18604600,2027-09-07,SBY01,ACTIVE
2761,4265,Savings,68035569,2027-09-18,JKT01,ACTIVE
2762,7695,Savings,186166328,2026-08-20,YGY01,ACTIVE
2763,105,Time Deposit,259255592,2026-11-14,YGY01,ACTIVE
2764,1240,Time Deposit,1041712531,2026-07-25,YGY01,ACTIVE
2765,3665,Savings,15584729,2027-11-02,SBY01,ACTIVE
2766,5483,Savings,23573365,2027-10-09,YGY01,ACTIVE
2767,8867,Savings,83229009,2027-04-06,JKT02,ACTIVE
2768,4074,Time Deposit,872723809,2026-10-13,SBY01,ACTIVE
2769,561,Time Deposit,1517485410,2026-06-25,MDN01,ACTIVE
2770,7873,Time Deposit,1166300998,2027-02-11,JKT01,ACTIVE
2771,8905,Time Deposit,1001111025,2026-04-14,BDG01,ACTIVE
2772,424,Savings,9188499,2026-12-07,JKT02,ACTIVE
2773,2863,Savings,145148847,2027-04-30,SBY01,ACTIVE
2774,6979,Savings,91907916,2028-02-15,SMG01,ACTIVE
2775,2949,Time Deposit,1387752648,2026-07-06,JKT02,ACTIVE
2776,3891,Savings,113238569,2028-01-16,SBY01,ACTIVE
2777,6497,Time Deposit,715604664,2026-12-06,SMG01,ACTIVE
2778,6545,Savings,126147834,2028-01-10,BDG01,ACTIVE
2779,2427,Savings,73765067,2028-02-26,JKT01,ACTIVE
2780,7905,Savings,47737411,2027-03-19,SMG01,ACTIVE
2781,3044,Savings,96536335,2027-07-30,SBY01,ACTIVE
2782,7788,Savings,11082290,2026-07-01,MDN01,ACTIVE
2783,3619,Time Deposit,991092304,2026-07-31,JKT01,ACTIVE
2784,6483,Savings,36606641,2026-09-12,YGY01,ACTIVE
2785,8291,Time Deposit,594695516,2027-02-27,SBY01,ACTIVE
2786,875,Time Deposit,822000290,2026-10-30,SMG01,ACTIVE
2787,7880,Time Deposit,554904732,2026-05-13,JKT02,ACTIVE
2788,4300,Savings,13871096,2027-08-18,MDN01,ACTIVE
2789,2045,Savings,63800256,2026-05-22,SBY01,ACTIVE
2790,2541,Time Deposit,849960164,2026-04-12,SBY01,ACTIVE
2791,5014,Savings,16758086,2026-06-07,JKT02,ACTIVE
2792,6595,Savings,9598953,2026-05-17,SMG01,ACTIVE
2793,120,Savings,7986130,2026-05-10,SMG01,ACTIVE
2794,5411,Time Deposit,442283819,2026-09-24,SBY01,ACTIVE
2795,6676,Savings,65430094,2027-05-03,JKT02,ACTIVE
2796,9054,Savings,41259510,2026-11-13,JKT01,ACTIVE
2797,6426,Savings,80590531,2027-10-27,SBY01,ACTIVE
2798,7835,Time Deposit,1924163497,2026-11-15,BDG01,ACTIVE
2799,8289,Savings,147151585,2027-05-22,SBY01,ACTIVE
2800,3194,Savings,37573286,2027-12-28,MDN01,ACTIVE
2801,955,Time Deposit,431181371,2026-11-26,BDG01,ACTIVE
2802,9551,Savings,134672152,2028-03-07,YGY01,ACTIVE
2803,6207,Time Deposit,787394558,2026-10-22,YGY01,ACTIVE
2804,6319,Savings,38934052,2027-04-26,MDN01,ACTIVE
2805,4313,Savings,13842628,2026-10-23,SBY01,ACTIVE
2806,1928,Savings,35984438,2027-01-29,JKT02,ACTIVE
2807,9994,Savings,17025584,2027-06-01,SBY01,ACTIVE
2808,717,Savings,3749932,2027-06-14,MDN01,ACTIVE
2809,59,Savings,15286838,2027-09-09,JKT02,ACTIVE
2810,916,Savings,12402245,2026-09-17,BDG01,ACTIVE
2811,4895,Time Deposit,443557428,2027-01-22,MDN01,ACTIVE
2812,1418,Time Deposit,176248050,2026-10-01,MDN01,ACTIVE
2813,3726,Time Deposit,576181137,2026-06-28,SMG01,ACTIVE
2814,7263,Savings,10038477,2027-01-25,JKT02,ACTIVE
2815,8561,Savings,3461427,2027-03-07,JKT01,ACTIVE
2816,7061,Savings,150652473,2026-05-27,JKT02,ACTIVE
2817,3316,Time Deposit,220957115,2027-03-02,MDN01,ACTIVE
2818,9049,Time Deposit,855578329,2027-03-25,YGY01,ACTIVE
2819,6212,Savings,29901287,2026-07-05,JKT02,ACTIVE
2820,1243,Savings,109414032,2027-12-14,SMG01,ACTIVE
2821,2536,Savings,35555039,2028-02-23,BDG01,ACTIVE
2822,5248,Savings,16015513,2027-04-27,JKT02,ACTIVE
2823,8880,Savings,141686016,2027-11-10,MDN01,ACTIVE
2824,3666,Time Deposit,361292339,2027-02-11,YGY01,ACTIVE
2825,1968,Savings,39970644,2027-09-21,MDN01,ACTIVE
2826,6607,Time Deposit,550638191,2026-05-07,JKT02,ACTIVE
2827,7387,Time Deposit,1199525582,2027-03-10,SMG01,ACTIVE
2828,9064,Savings,22976393,2027-10-15,MDN01,ACTIVE
2829,4607,Time Deposit,932011994,2026-10-21,JKT02,ACTIVE
2830,7837,Savings,6350563,2026-05-21,SBY01,ACTIVE
2831,3423,Time Deposit,534799125,2026-07-29,MDN01,ACTIVE
2832,5254,Savings,24201468,2026-12-24,BDG01,ACTIVE
2833,9019,Savings,26821991,2027-07-29,JKT02,ACTIVE
2834,9826,Savings,14196788,2026-07-16,JKT01,ACTIVE
2835,3406,Savings,27593666,2026-07-23,BDG01,ACTIVE
2836,7253,Savings,66915133,2027-03-26,SMG01,ACTIVE
2837,6247,Savings,93547383,2026-05-19,SMG01,ACTIVE
2838,8188,Time Deposit,830840381,2026-07-01,SBY01,ACTIVE
2839,9392,Savings,40179779,2027-10-06,JKT02,ACTIVE
2840,7440,Time Deposit,722032929,2027-03-11,YGY01,ACTIVE
2841,4996,Time Deposit,263666657,2027-02-08,JKT02,ACTIVE
2842,1825,Time Deposit,466433150,2026-11-25,SMG01,ACTIVE
2843,1130,Time Deposit,826510592,2026-07-22,SBY01,ACTIVE
2844,7257,Time Deposit,577995583,2027-03-06,JKT01,ACTIVE
2845,9642,Time Deposit,610422090,2027-01-26,BDG01,ACTIVE
2846,6319,Savings,90190374,2027-07-09,BDG01,ACTIVE
2847,4095,Savings,14567087,2026-08-18,BDG01,ACTIVE
2848,884,Time Deposit,1828971491,2026-05-02,YGY01,ACTIVE
2849,2647,Time Deposit,995570871,2026-12-24,SMG01,ACTIVE
2850,3967,Savings,64480777,2027-06-27,SMG01,ACTIVE
2851,2732,Savings,9947483,2027-12-21,SBY01,ACTIVE
2852,2193,Time Deposit,572336765,2027-03-24,MDN01,ACTIVE
2853,811,Savings,60131104,2026-12-28,MDN01,ACTIVE
2854,6026,Savings,30196262,2028-01-27,SBY01,ACTIVE
2855,2086,Time Deposit,355013934,2026-12-10,JKT02,ACTIVE
2856,112,Time Deposit,787031900,2026-12-31,BDG01,ACTIVE
2857,272,Savings,19123894,2026-07-17,SBY01,ACTIVE
2858,4010,Savings,25732348,2028-02-25,MDN01,ACTIVE
2859,9008,Savings,96260078,2026-09-01,SBY01,ACTIVE
2860,6352,Savings,186493399,2027-09-26,YGY01,ACTIVE
2861,3391,Savings,21679467,2026-07-25,SMG01,ACTIVE
2862,1978,Time Deposit,493610713,2026-05-01,SBY01,ACTIVE
2863,5454,Savings,19081343,2027-06-20,SBY01,ACTIVE
2864,6006,Time Deposit,296910858,2026-06-19,MDN01,ACTIVE
2865,88,Time Deposit,386116999,2026-10-11,SMG01,ACTIVE
2866,4871,Time Deposit,667963977,2026-06-01,BDG01,ACTIVE
2867,1122,Time Deposit,509219948,2026-09-07,JKT02,ACTIVE
2868,7768,Savings,25337907,2026-06-15,JKT01,ACTIVE
2869,4895,Savings,209021759,2026-12-30,SMG01,ACTIVE
2870,8613,Time Deposit,885633122,2026-07-13,JKT02,ACTIVE
2871,2761,Time Deposit,275690121,2026-09-19,BDG01,ACTIVE
2872,2135,Savings,31097335,2026-09-03,YGY01,ACTIVE
2873,8860,Time Deposit,613462525,2026-07-25,SBY01,ACTIVE
2874,3480,Time Deposit,1320972756,2027-01-03,SMG01,ACTIVE
2875,1030,Savings,39535043,2027-01-11,SMG01,ACTIVE
2876,9575,Savings,170682800,2027-01-06,JKT02,ACTIVE
2877,1083,Savings,147911136,2026-05-31,JKT01,ACTIVE
2878,2516,Time Deposit,1411519366,2026-05-29,JKT02,ACTIVE
2879,4362,Time Deposit,558263762,2027-02-07,JKT01,ACTIVE
2880,3302,Savings,45410656,2027-07-16,SBY01,ACTIVE
2881,7774,Savings,39221751,2026-11-20,SMG01,ACTIVE
2882,6526,Savings,20890780,2028-01-30,SMG01,ACTIVE
2883,3498,Savings,175190827,2027-12-27,SBY01,ACTIVE
2884,1485,Savings,86035621,2027-03-21,SMG01,ACTIVE
2885,6587,Savings,27206099,2026-12-26,SBY01,ACTIVE
2886,9156,Time Deposit,494480230,2026-05-21,SMG01,ACTIVE
2887,6409,Savings,28134261,2026-06-14,MDN01,ACTIVE
2888,4743,Savings,56455258,2026-07-07,YGY01,ACTIVE
2889,8481,Time Deposit,645358535,2026-07-19,SMG01,ACTIVE
2890,276,Savings,21209050,2027-07-17,JKT02,ACTIVE
2891,3972,Savings,76173312,2027-03-24,MDN01,ACTIVE
2892,9510,Time Deposit,218489872,2026-06-06,MDN01,ACTIVE
2893,8039,Savings,38670632,2027-05-12,JKT01,ACTIVE
2894,6368,Time Deposit,630518647,2026-11-10,YGY01,ACTIVE
2895,3878,Savings,22274276,2027-07-10,BDG01,ACTIVE
2896,367,Savings,30473144,2026-11-10,SMG01,ACTIVE
2897,6742,Savings,29531087,2026-04-30,BDG01,ACTIVE
2898,7880,Savings,95614301,2027-03-17,JKT01,ACTIVE
2899,9573,Savings,41629331,2027-05-24,YGY01,ACTIVE
2900,1430,Time Deposit,1288937951,2026-07-30,JKT02,ACTIVE
2901,3748,Savings,78328043,2027-11-25,BDG01,ACTIVE
2902,6403,Savings,17081195,2027-02-06,JKT02,ACTIVE
2903,8465,Savings,78516298,2027-11-25,YGY01,ACTIVE
2904,2408,Time Deposit,1327956590,2026-08-30,JKT01,ACTIVE
2905,3226,Savings,20351528,2026-06-03,YGY01,ACTIVE
2906,8618,Time Deposit,326553225,2026-09-26,SBY01,ACTIVE
2907,75,Savings,20145726,2028-01-16,YGY01,ACTIVE
2908,3217,Savings,8219896,2027-11-05,JKT01,ACTIVE
2909,9195,Time Deposit,163104552,2026-04-13,YGY01,ACTIVE
2910,7742,Savings,166590076,2026-07-14,SMG01,ACTIVE
2911,9580,Time Deposit,268203254,2026-09-01,BDG01,ACTIVE
2912,145,Savings,59801334,2027-09-23,MDN01,ACTIVE
2913,1260,Savings,13308282,2027-04-26,SBY01,ACTIVE
2914,7033,Time Deposit,214613991,2027-01-19,MDN01,ACTIVE
2915,377,Savings,31528170,2028-01-07,YGY01,ACTIVE
2916,6371,Savings,91259517,2026-09-06,SMG01,ACTIVE
2917,8363,Time Deposit,1225315295,2027-03-23,SBY01,ACTIVE
2918,1442,Savings,113944969,2026-12-28,MDN01,ACTIVE
2919,4132,Savings,195478835,2027-10-21,SMG01,ACTIVE
2920,320,Savings,29406091,2027-08-05,JKT02,ACTIVE
2921,2731,Savings,161065817,2028-01-02,BDG01,ACTIVE
2922,8927,Savings,90665725,2026-09-09,JKT01,ACTIVE
2923,8548,Savings,25030702,2026-08-11,MDN01,ACTIVE
2924,2755,Savings,33292650,2027-03-21,MDN01,ACTIVE
2925,4326,Time Deposit,753443667,2026-12-13,SBY01,ACTIVE
2926,3233,Savings,42198024,2026-08-21,BDG01,ACTIVE
2927,1729,Savings,107449240,2026-09-19,SBY01,ACTIVE
2928,1055,Savings,125008548,2027-08-30,SBY01,ACTIVE
2929,7982,Savings,166654443,2028-01-26,SMG01,ACTIVE
2930,2444,Savings,5980816,2026-08-09,JKT02,ACTIVE
2931,1902,Time Deposit,457063910,2026-07-13,JKT02,ACTIVE
2932,3874,Time Deposit,275417292,2026-06-07,SMG01,ACTIVE
2933,9439,Savings,114694848,2026-07-21,SBY01,ACTIVE
2934,7367,Time Deposit,1601554202,2027-01-17,MDN01,ACTIVE
2935,6608,Time Deposit,777164331,2026-11-01,SBY01,ACTIVE
2936,9903,Time Deposit,390404616,2026-07-21,JKT01,ACTIVE
2937,7242,Time Deposit,323820107,2027-02-25,JKT02,ACTIVE
2938,852,Time Deposit,96702624,2026-10-30,BDG01,ACTIVE
2939,4664,Savings,14189820,2028-01-30,SMG01,ACTIVE
2940,3720,Savings,3305505,2026-07-03,MDN01,ACTIVE
2941,6325,Savings,40742727,2026-07-25,JKT02,ACTIVE
2942,6849,Savings,14004180,2028-03-04,JKT01,ACTIVE
2943,9759,Time Deposit,856953398,2027-02-10,BDG01,ACTIVE
2944,6063,Savings,35765594,2027-05-05,JKT01,ACTIVE
2945,2047,Savings,102510007,2026-11-29,SMG01,ACTIVE
2946,6071,Savings,102602897,2026-09-27,MDN01,ACTIVE
2947,1900,Savings,10344052,2026-09-03,BDG01,ACTIVE
2948,4436,Savings,82225732,2027-03-11,JKT02,ACTIVE
2949,2462,Time Deposit,746216693,2026-04-13,YGY01,ACTIVE
2950,6588,Savings,57992287,2027-07-13,SBY01,ACTIVE
2951,3303,Time Deposit,792385808,2026-12-12,JKT02,ACTIVE
2952,9509,Savings,7605039,2026-11-11,SMG01,ACTIVE
2953,5401,Savings,18352084,2028-03-11,JKT02,ACTIVE
2954,143,Time Deposit,91305632,2026-07-14,YGY01,ACTIVE
2955,9947,Savings,10906749,2026-07-17,JKT01,ACTIVE
2956,9497,Time Deposit,1110440674,2026-12-01,BDG01,ACTIVE
2957,4704,Time Deposit,1365946170,2027-02-09,BDG01,ACTIVE
2958,4316,Time Deposit,1001572556,2027-03-10,SMG01,ACTIVE
2959,9563,Savings,65905132,2026-07-08,JKT02,ACTIVE
2960,6948,Time Deposit,612731376,2026-06-21,JKT01,ACTIVE
2961,4173,Savings,18841512,2026-12-27,BDG01,ACTIVE
2962,5686,Savings,29859555,2028-01-24,MDN01,ACTIVE
2963,1070,Savings,42065624,2027-11-11,JKT02,ACTIVE
2964,1142,Savings,43239417,2026-07-09,JKT02,ACTIVE
2965,9452,Time Deposit,1532110412,2027-01-03,YGY01,ACTIVE
2966,1121,Time Deposit,492623966,2026-05-10,YGY01,ACTIVE
2967,1290,Savings,5257078,2027-07-04,YGY01,ACTIVE
2968,9267,Savings,61951791,2026-05-30,MDN01,ACTIVE
2969,4151,Savings,27086112,2027-01-05,BDG01,ACTIVE
2970,5463,Savings,37068106,2027-09-29,JKT02,ACTIVE
2971,2229,Savings,25613817,2027-02-26,JKT02,ACTIVE
2972,5559,Savings,34940865,2026-12-15,JKT02,ACTIVE
2973,211,Savings,10484156,2027-05-07,JKT02,ACTIVE
2974,3085,Savings,83014270,2027-05-17,BDG01,ACTIVE
2975,112,Savings,26938283,2027-04-22,MDN01,ACTIVE
2976,3062,Savings,24873239,2027-03-05,JKT02,ACTIVE
2977,5163,Savings,71397883,2027-12-26,MDN01,ACTIVE
2978,2514,Time Deposit,148010337,2026-11-06,JKT01,ACTIVE
2979,8972,Time Deposit,555924281,2026-08-30,JKT01,ACTIVE
2980,2386,Savings,16489164,2026-08-16,JKT02,ACTIVE
2981,2181,Time Deposit,939372672,2026-06-01,YGY01,ACTIVE
2982,274,Savings,10307419,2027-06-04,SBY01,ACTIVE
2983,7075,Savings,66722664,2028-01-08,JKT01,ACTIVE
2984,3921,Savings,42929381,2026-05-02,SMG01,ACTIVE
2985,9509,Savings,17155423,2028-03-21,SMG01,ACTIVE
2986,3307,Savings,144906121,2026-06-27,SBY01,ACTIVE
2987,9949,Time Deposit,482561011,2026-12-22,BDG01,ACTIVE
2988,3156,Time Deposit,674900994,2026-12-17,YGY01,ACTIVE
2989,6805,Savings,90415684,2027-01-30,SMG01,ACTIVE
2990,1206,Savings,15049824,2026-06-06,MDN01,ACTIVE
2991,4343,Time Deposit,344933111,2026-05-19,BDG01,ACTIVE
2992,4046,Savings,94374289,2026-10-24,SBY01,ACTIVE
2993,5913,Savings,24031231,2026-11-14,JKT01,ACTIVE
2994,2926,Time Deposit,1273035110,2026-09-02,SMG01,ACTIVE
2995,9973,Savings,3207422,2027-08-20,MDN01,ACTIVE
2996,1,Savings,24406883,2027-11-30,SBY01,ACTIVE
2997,8236,Time Deposit,421759130,2026-05-30,SBY01,ACTIVE
2998,4718,Savings,22464089,2026-05-30,JKT01,ACTIVE
2999,8120,Savings,99517054,2026-06-04,SBY01,ACTIVE
3000,3162,Time Deposit,522846801,2026-04-23,YGY01,ACTIVE
3001,554,Time Deposit,451909974,2026-06-21,MDN01,ACTIVE
3002,9025,Time Deposit,818774365,2026-07-27,MDN01,ACTIVE
3003,4365,Savings,147677652,2026-10-20,JKT01,ACTIVE
3004,1399,Time Deposit,1385073293,2026-10-12,SBY01,ACTIVE
3005,1271,Savings,12912002,2027-09-23,SMG01,ACTIVE
3006,6374,Savings,13870101,2026-07-03,JKT02,ACTIVE
3007,9421,Savings,115121298,2027-08-12,YGY01,ACTIVE
3008,1176,Savings,42078640,2026-09-04,JKT02,ACTIVE
3009,6596,Time Deposit,381032376,2026-08-03,JKT02,ACTIVE
3010,222,Savings,201079731,2027-05-21,SBY01,ACTIVE
3011,6841,Time Deposit,322335034,2026-10-31,YGY01,ACTIVE
3012,2395,Time Deposit,771471446,2026-10-27,SMG01,ACTIVE
3013,9291,Savings,145769611,2027-08-19,MDN01,ACTIVE
3014,696,Savings,100466988,2027-11-16,JKT02,ACTIVE
3015,9035,Time Deposit,162553624,2026-10-07,MDN01,ACTIVE
3016,3824,Time Deposit,1240803594,2026-09-23,JKT01,ACTIVE
3017,1665,Savings,39662188,2027-04-25,SMG01,ACTIVE
3018,4136,Savings,41992127,2026-12-24,BDG01,ACTIVE
3019,8728,Savings,98427414,2026-07-28,MDN01,ACTIVE
3020,1924,Time Deposit,1070429881,2027-01-11,YGY01,ACTIVE
3021,7151,Time Deposit,370196096,2026-09-06,BDG01,ACTIVE
3022,9787,Savings,14502908,2027-12-28,SBY01,ACTIVE
3023,2141,Savings,24157085,2027-06-13,BDG01,ACTIVE
3024,6869,Savings,58528596,2028-01-02,SMG01,ACTIVE
3025,3879,Time Deposit,459491458,2027-02-08,JKT02,ACTIVE
3026,6391,Savings,53004197,2027-09-26,JKT02,ACTIVE
3027,2722,Time Deposit,1168168916,2026-10-16,SMG01,ACTIVE
3028,3836,Savings,52314763,2027-10-04,YGY01,ACTIVE
3029,3782,Savings,11330546,2026-09-01,JKT01,ACTIVE
3030,141,Time Deposit,947846853,2026-12-07,SBY01,ACTIVE
3031,7823,Savings,132754251,2027-03-06,YGY01,ACTIVE
3032,2414,Savings,87927735,2027-02-24,SMG01,ACTIVE
3033,23,Savings,11778328,2027-06-01,JKT02,ACTIVE
3034,4343,Savings,79174461,2027-08-13,SMG01,ACTIVE
3035,8036,Time Deposit,284611204,2027-01-15,SMG01,ACTIVE
3036,4447,Savings,36389657,2027-05-13,JKT02,ACTIVE
3037,1613,Savings,12416591,2026-08-30,SMG01,ACTIVE
3038,4511,Time Deposit,216020233,2026-07-31,JKT01,ACTIVE
3039,9221,Time Deposit,660957517,2026-04-12,YGY01,ACTIVE
3040,2738,Time Deposit,81024905,2026-09-27,JKT01,ACTIVE
3041,1604,Savings,40925731,2027-06-23,SMG01,ACTIVE
3042,1874,Time Deposit,278605966,2026-10-09,JKT02,ACTIVE
3043,4319,Savings,11276093,2027-04-19,JKT02,ACTIVE
3044,4355,Savings,23165901,2026-04-30,JKT02,ACTIVE
3045,4161,Time Deposit,1722694546,2026-05-18,JKT02,ACTIVE
3046,3790,Savings,75281545,2027-10-30,JKT02,ACTIVE
3047,7620,Savings,37416360,2026-10-31,BDG01,ACTIVE
3048,5406,Savings,1906812,2028-01-03,BDG01,ACTIVE
3049,2679,Savings,14917681,2026-09-15,SBY01,ACTIVE
3050,1246,Savings,122490917,2027-09-29,JKT01,ACTIVE
3051,173,Savings,82157187,2026-05-29,JKT01,ACTIVE
3052,7284,Time Deposit,636512596,2027-02-10,SBY01,ACTIVE
3053,3885,Time Deposit,791640421,2026-05-05,YGY01,ACTIVE
3054,3619,Savings,124103610,2026-07-17,YGY01,ACTIVE
3055,811,Time Deposit,680648922,2027-01-08,SBY01,ACTIVE
3056,9302,Time Deposit,334786032,2026-08-06,SMG01,ACTIVE
3057,3309,Savings,33007981,2027-06-19,MDN01,ACTIVE
3058,5023,Time Deposit,875896790,2026-09-16,YGY01,ACTIVE
3059,9737,Time Deposit,1498147078,2026-07-19,BDG01,ACTIVE
3060,2501,Savings,82242089,2027-02-12,BDG01,ACTIVE
3061,1762,Savings,18030780,2027-06-29,BDG01,ACTIVE
3062,2971,Savings,35979557,2026-08-26,SMG01,ACTIVE
3063,1635,Time Deposit,597744472,2026-09-15,YGY01,ACTIVE
3064,673,Savings,9076784,2026-12-22,MDN01,ACTIVE
3065,5366,Savings,16654338,2026-11-22,MDN01,ACTIVE
3066,5303,Savings,123686508,2026-06-30,SMG01,ACTIVE
3067,3064,Savings,23127984,2026-09-12,JKT02,ACTIVE
3068,5747,Time Deposit,197843799,2026-10-12,MDN01,ACTIVE
3069,7230,Savings,37006403,2026-05-28,MDN01,ACTIVE
3070,8148,Savings,31365357,2027-05-06,JKT02,ACTIVE
3071,2951,Savings,174317458,2027-05-31,SBY01,ACTIVE
3072,4920,Savings,7823681,2027-07-31,SMG01,ACTIVE
3073,8151,Savings,13142382,2027-09-12,YGY01,ACTIVE
3074,2619,Savings,27657586,2027-07-24,MDN01,ACTIVE
3075,3619,Savings,123095744,2026-09-30,SMG01,ACTIVE
3076,87,Savings,150341505,2027-11-17,SBY01,ACTIVE
3077,223,Savings,67466104,2027-01-09,BDG01,ACTIVE
3078,2303,Savings,14483423,2027-10-17,SBY01,ACTIVE
3079,415,Savings,24276429,2028-03-12,BDG01,ACTIVE
3080,5479,Savings,24696386,2026-11-03,SMG01,ACTIVE
3081,5142,Savings,113363449,2026-07-09,MDN01,ACTIVE
3082,65,Time Deposit,495542540,2026-09-11,BDG01,ACTIVE
3083,6265,Savings,196671853,2027-12-18,JKT02,ACTIVE
3084,9981,Savings,33112717,2027-10-26,JKT01,ACTIVE
3085,5189,Savings,95348907,2027-11-25,SBY01,ACTIVE
3086,9868,Time Deposit,380457458,2026-11-28,JKT01,ACTIVE
3087,7257,Time Deposit,373192003,2026-08-21,YGY01,ACTIVE
3088,9652,Savings,37169553,2027-01-28,JKT01,ACTIVE
3089,1228,Time Deposit,646833981,2027-03-01,MDN01,ACTIVE
3090,8961,Time Deposit,527194701,2026-08-30,SMG01,ACTIVE
3091,3966,Savings,4477590,2026-09-17,JKT02,ACTIVE
3092,9892,Savings,111685058,2026-06-23,MDN01,ACTIVE
3093,7474,Time Deposit,201740893,2026-09-10,SMG01,ACTIVE
3094,4344,Savings,37765115,2026-12-10,MDN01,ACTIVE
3095,6119,Savings,25343463,2027-11-16,SBY01,ACTIVE
3096,8436,Savings,11370138,2026-08-26,SMG01,ACTIVE
3097,6371,Savings,145995138,2026-06-03,MDN01,ACTIVE
3098,4733,Time Deposit,1825566498,2026-05-04,SMG01,ACTIVE
3099,5513,Savings,14985416,2027-10-07,BDG01,ACTIVE
3100,9466,Savings,49597525,2026-11-21,JKT02,ACTIVE
3101,9741,Savings,65074477,2026-08-29,JKT02,ACTIVE
3102,5009,Time Deposit,553559716,2026-09-19,MDN01,ACTIVE
3103,3158,Savings,17479524,2028-02-14,MDN01,ACTIVE
3104,6196,Savings,9626884,2026-09-26,MDN01,ACTIVE
3105,309,Time Deposit,916274949,2026-05-31,SMG01,ACTIVE
3106,8901,Savings,150040015,2027-01-18,SMG01,ACTIVE
3107,9878,Savings,28807200,2027-10-12,YGY01,ACTIVE
3108,2618,Time Deposit,667254642,2026-04-09,SMG01,ACTIVE
3109,3418,Time Deposit,158416912,2026-06-14,BDG01,ACTIVE
3110,7105,Savings,54072966,2027-02-13,JKT02,ACTIVE
3111,530,Time Deposit,609182022,2027-03-15,YGY01,ACTIVE
3112,3358,Savings,23432311,2026-11-06,BDG01,ACTIVE
3113,1900,Savings,11809008,2027-01-06,SMG01,ACTIVE
3114,1480,Time Deposit,1573872313,2027-03-13,SBY01,ACTIVE
3115,9133,Time Deposit,1040565380,2027-03-01,JKT01,ACTIVE
3116,1316,Time Deposit,85441749,2026-07-27,BDG01,ACTIVE
3117,1355,Savings,23953166,2027-05-06,SBY01,ACTIVE
3118,1284,Savings,202203896,2027-09-12,SBY01,ACTIVE
3119,3204,Savings,26476011,2027-06-15,JKT02,ACTIVE
3120,17,Time Deposit,986801429,2026-06-24,JKT01,ACTIVE
3121,8125,Savings,64740281,2027-02-03,JKT02,ACTIVE
3122,655,Savings,21051476,2026-07-01,MDN01,ACTIVE
3123,8747,Savings,16988015,2026-05-01,MDN01,ACTIVE
3124,2985,Time Deposit,740945054,2026-07-14,YGY01,ACTIVE
3125,9290,Savings,16665081,2027-06-02,MDN01,ACTIVE
3126,4035,Savings,8665446,2026-05-26,SMG01,ACTIVE
3127,9202,Time Deposit,523503182,2027-01-15,SMG01,ACTIVE
3128,8409,Savings,44036738,2026-08-23,YGY01,ACTIVE
3129,446,Savings,89430203,2027-01-27,BDG01,ACTIVE
3130,2050,Savings,23053597,2027-08-28,JKT02,ACTIVE
3131,2851,Savings,3100283,2027-09-14,JKT01,ACTIVE
3132,9267,Time Deposit,587962783,2026-06-05,JKT02,ACTIVE
3133,6921,Savings,77637752,2027-04-13,YGY01,ACTIVE
3134,9726,Savings,49589345,2026-05-22,YGY01,ACTIVE
3135,2502,Savings,176698020,2027-10-30,JKT01,ACTIVE
3136,7052,Time Deposit,806924504,2026-11-10,SMG01,ACTIVE
3137,8553,Time Deposit,443819992,2027-01-30,YGY01,ACTIVE
3138,8832,Time Deposit,812357792,2026-11-16,BDG01,ACTIVE
3139,4284,Time Deposit,369402327,2026-08-25,MDN01,ACTIVE
3140,9044,Savings,24980078,2026-06-06,MDN01,ACTIVE
3141,6969,Savings,25809403,2027-03-25,MDN01,ACTIVE
3142,1699,Savings,180160462,2027-12-26,JKT02,ACTIVE
3143,8127,Savings,3678958,2026-05-01,JKT01,ACTIVE
3144,8104,Time Deposit,656658973,2026-09-30,SBY01,ACTIVE
3145,7965,Savings,15464527,2026-10-05,BDG01,ACTIVE
3146,7832,Savings,16714092,2026-11-02,BDG01,ACTIVE
3147,4550,Savings,13338113,2026-04-30,JKT01,ACTIVE
3148,1071,Savings,29199048,2026-04-26,JKT01,ACTIVE
3149,2902,Savings,116303846,2026-10-18,BDG01,ACTIVE
3150,3560,Time Deposit,1010175517,2026-11-01,SBY01,ACTIVE
3151,8253,Time Deposit,618225394,2026-07-21,JKT02,ACTIVE
3152,5707,Savings,87858784,2027-03-02,MDN01,ACTIVE
3153,1560,Savings,13237536,2026-07-21,JKT02,ACTIVE
3154,9198,Savings,6291783,2027-11-08,JKT02,ACTIVE
3155,2165,Time Deposit,1223371662,2027-02-17,YGY01,ACTIVE
3156,576,Savings,28297566,2027-02-02,MDN01,ACTIVE
3157,1631,Time Deposit,1060266622,2026-07-27,JKT01,ACTIVE
3158,3918,Savings,140968804,2026-09-16,BDG01,ACTIVE
3159,844,Time Deposit,1661084714,2026-05-24,YGY01,ACTIVE
3160,8916,Time Deposit,791690367,2027-03-20,MDN01,ACTIVE
3161,5564,Time Deposit,805308724,2026-05-11,BDG01,ACTIVE
3162,1354,Savings,118299910,2027-09-19,JKT01,ACTIVE
3163,7120,Time Deposit,619058023,2026-07-19,JKT01,ACTIVE
3164,1282,Savings,188089554,2027-10-17,SBY01,ACTIVE
3165,7817,Savings,15618850,2026-11-20,JKT01,ACTIVE
3166,2843,Savings,19853407,2028-01-07,YGY01,ACTIVE
3167,7169,Savings,9041275,2026-11-04,JKT02,ACTIVE
3168,4786,Time Deposit,1078132425,2026-09-09,BDG01,ACTIVE
3169,6744,Savings,14201442,2028-02-19,YGY01,ACTIVE
3170,4268,Time Deposit,1088132202,2026-06-15,YGY01,ACTIVE
3171,7367,Savings,162438432,2027-06-19,JKT02,ACTIVE
3172,2301,Time Deposit,501822680,2026-05-16,JKT02,ACTIVE
3173,9607,Savings,38786403,2027-01-20,MDN01,ACTIVE
3174,6677,Time Deposit,1011358216,2026-06-15,SBY01,ACTIVE
3175,8868,Savings,41775052,2026-07-06,JKT01,ACTIVE
3176,1168,Time Deposit,697231844,2026-12-10,SMG01,ACTIVE
3177,7742,Savings,170687625,2027-06-07,SBY01,ACTIVE
3178,9939,Time Deposit,1279570586,2026-10-15,YGY01,ACTIVE
3179,6689,Time Deposit,1505123834,2027-02-17,SBY01,ACTIVE
3180,471,Savings,6929130,2026-05-23,MDN01,ACTIVE
3181,5372,Time Deposit,564634853,2026-04-26,SBY01,ACTIVE
3182,1594,Time Deposit,215878494,2027-01-27,SBY01,ACTIVE
3183,3001,Savings,72569661,2027-10-13,JKT02,ACTIVE
3184,8844,Savings,12610681,2026-10-26,JKT02,ACTIVE
3185,1634,Time Deposit,199745810,2027-02-28,SBY01,ACTIVE
3186,9113,Savings,7341768,2026-10-27,SBY01,ACTIVE
3187,5449,Time Deposit,1307297695,2026-08-07,JKT02,ACTIVE
3188,2654,Time Deposit,532330702,2026-08-01,YGY01,ACTIVE
3189,7998,Time Deposit,603612629,2026-06-17,JKT02,ACTIVE
3190,9012,Time Deposit,658944035,2026-05-07,JKT01,ACTIVE
3191,3833,Savings,12319709,2027-11-30,SBY01,ACTIVE
3192,6300,Time Deposit,584075721,2026-11-19,SMG01,ACTIVE
3193,1873,Savings,16450719,2028-02-27,SMG01,ACTIVE
3194,380,Savings,191520125,2026-10-12,SBY01,ACTIVE
3195,4757,Time Deposit,570335095,2027-01-05,SBY01,ACTIVE
3196,1203,Savings,97933571,2027-01-04,MDN01,ACTIVE
3197,5759,Savings,22066442,2026-06-17,JKT02,ACTIVE
3198,1238,Savings,27100627,2027-01-23,YGY01,ACTIVE
3199,2888,Time Deposit,519866452,2027-01-25,MDN01,ACTIVE
3200,3111,Time Deposit,1062495304,2026-10-25,MDN01,ACTIVE
3201,9901,Savings,89731524,2026-06-26,SMG01,ACTIVE
3202,6196,Savings,14555925,2026-08-11,MDN01,ACTIVE
3203,1498,Savings,4084643,2027-04-01,SBY01,ACTIVE
3204,8029,Savings,119438933,2026-09-29,SBY01,ACTIVE
3205,4226,Savings,6233452,2028-02-05,JKT02,ACTIVE
3206,7755,Savings,40132156,2026-05-24,JKT01,ACTIVE
3207,9443,Time Deposit,924842090,2026-06-28,JKT02,ACTIVE
3208,9973,Savings,19247418,2027-11-16,JKT01,ACTIVE
3209,4577,Savings,92611963,2028-03-09,SMG01,ACTIVE
3210,2690,Savings,18667546,2028-02-12,SBY01,ACTIVE
3211,5509,Savings,33192426,2027-11-06,BDG01,ACTIVE
3212,950,Savings,10351364,2026-08-15,SMG01,ACTIVE
3213,2614,Savings,12582279,2026-11-08,BDG01,ACTIVE
3214,3684,Time Deposit,860634017,2026-05-04,SMG01,ACTIVE
3215,9764,Time Deposit,375238672,2027-03-23,MDN01,ACTIVE
3216,2146,Savings,107794602,2027-08-23,YGY01,ACTIVE
3217,6188,Savings,26773250,2027-02-03,YGY01,ACTIVE
3218,8444,Savings,28959697,2026-05-21,SMG01,ACTIVE
3219,3675,Savings,16188483,2026-12-26,SMG01,ACTIVE
3220,20,Savings,41736412,2026-12-23,BDG01,ACTIVE
3221,4486,Time Deposit,1343281348,2026-08-08,SMG01,ACTIVE
3222,8606,Savings,147339612,2026-09-11,BDG01,ACTIVE
3223,5653,Time Deposit,862532961,2026-10-06,YGY01,ACTIVE
3224,3450,Savings,13224755,2026-08-13,YGY01,ACTIVE
3225,3137,Time Deposit,487662125,2026-04-23,YGY01,ACTIVE
3226,2782,Time Deposit,728409482,2026-04-29,YGY01,ACTIVE
3227,3972,Time Deposit,1677745297,2026-07-09,BDG01,ACTIVE
3228,7052,Time Deposit,712436908,2027-02-15,JKT02,ACTIVE
3229,1910,Time Deposit,250034075,2027-02-10,JKT01,ACTIVE
3230,2992,Savings,85676090,2027-02-21,YGY01,ACTIVE
3231,432,Time Deposit,840226472,2027-01-29,BDG01,ACTIVE
3232,7887,Savings,34787058,2026-11-12,YGY01,ACTIVE
3233,2626,Time Deposit,734210335,2026-12-15,SMG01,ACTIVE
3234,7644,Savings,18211381,2026-09-25,SBY01,ACTIVE
3235,5061,Savings,12846786,2027-10-07,JKT02,ACTIVE
3236,709,Savings,55740672,2028-02-07,SBY01,ACTIVE
3237,1093,Time Deposit,932788656,2026-08-07,YGY01,ACTIVE
3238,8973,Savings,40896075,2028-01-26,SMG01,ACTIVE
3239,7257,Savings,11474685,2026-11-16,JKT02,ACTIVE
3240,4051,Savings,102058125,2027-08-14,BDG01,ACTIVE
3241,531,Savings,27143505,2027-08-27,MDN01,ACTIVE
3242,6869,Savings,181524389,2028-02-15,BDG01,ACTIVE
3243,3661,Savings,5516499,2026-08-14,MDN01,ACTIVE
3244,7972,Savings,14581931,2027-06-06,JKT02,ACTIVE
3245,1974,Savings,129239564,2027-09-11,SBY01,ACTIVE
3246,3063,Savings,32994489,2026-08-09,YGY01,ACTIVE
3247,9586,Savings,34541691,2026-07-06,SBY01,ACTIVE
3248,6516,Savings,16778520,2027-03-20,JKT02,ACTIVE
3249,9729,Savings,10650893,2026-09-16,MDN01,ACTIVE
3250,9095,Time Deposit,641188611,2026-05-13,JKT02,ACTIVE
3251,2039,Time Deposit,711178270,2026-10-23,SMG01,ACTIVE
3252,2974,Savings,14152004,2027-02-10,BDG01,ACTIVE
3253,3619,Savings,33921303,2027-07-26,SBY01,ACTIVE
3254,8184,Time Deposit,1493605960,2026-10-17,JKT02,ACTIVE
3255,8771,Savings,37718868,2028-01-01,MDN01,ACTIVE
3256,2626,Savings,6385845,2026-08-16,BDG01,ACTIVE
3257,1262,Time Deposit,897630719,2026-09-13,JKT01,ACTIVE
3258,5528,Savings,28686182,2027-10-28,SBY01,ACTIVE
3259,8130,Savings,33687731,2026-12-03,JKT01,ACTIVE
3260,3316,Savings,11709880,2027-04-28,SMG01,ACTIVE
3261,6590,Time Deposit,525475441,2026-09-06,MDN01,ACTIVE
3262,8138,Time Deposit,924675911,2026-09-16,JKT01,ACTIVE
3263,5606,Time Deposit,204195484,2027-01-15,YGY01,ACTIVE
3264,9039,Savings,105789068,2026-07-12,YGY01,ACTIVE
3265,1108,Savings,54293820,2028-02-11,SMG01,ACTIVE
3266,7516,Savings,50731366,2027-01-30,JKT01,ACTIVE
3267,4035,Savings,17376956,2027-06-21,MDN01,ACTIVE
3268,6109,Savings,16619796,2026-10-09,SMG01,ACTIVE
3269,3539,Savings,13751986,2027-01-21,SMG01,ACTIVE
3270,2153,Time Deposit,983195971,2026-08-31,JKT02,ACTIVE
3271,3811,Time Deposit,1499444871,2026-05-29,YGY01,ACTIVE
3272,2542,Time Deposit,305926776,2027-02-23,SBY01,ACTIVE
3273,1720,Time Deposit,913378705,2026-08-10,JKT01,ACTIVE
3274,3009,Time Deposit,1468230092,2027-01-05,JKT02,ACTIVE
3275,8756,Time Deposit,688349638,2027-02-24,SMG01,ACTIVE
3276,8792,Savings,70698848,2027-02-23,SMG01,ACTIVE
3277,9149,Savings,11373874,2027-02-20,MDN01,ACTIVE
3278,93,Time Deposit,338689315,2026-10-20,BDG01,ACTIVE
3279,7052,Time Deposit,1066985407,2026-11-25,JKT01,ACTIVE
3280,6074,Savings,24092940,2026-09-24,SMG01,ACTIVE
3281,9432,Savings,13007891,2026-09-06,SMG01,ACTIVE
3282,6691,Savings,31906374,2027-01-11,JKT02,ACTIVE
3283,1300,Time Deposit,953106753,2026-06-03,JKT01,ACTIVE
3284,3174,Savings,186122198,2027-04-14,MDN01,ACTIVE
3285,4861,Savings,40393675,2027-11-10,JKT01,ACTIVE
3286,8438,Savings,29853205,2027-05-05,MDN01,ACTIVE
3287,8920,Time Deposit,298283748,2026-06-14,SBY01,ACTIVE
3288,6701,Savings,12452757,2027-01-16,JKT01,ACTIVE
3289,7286,Savings,25509416,2026-06-22,BDG01,ACTIVE
3290,4009,Savings,27621403,2026-05-25,JKT01,ACTIVE
3291,3043,Savings,169347149,2026-09-23,SBY01,ACTIVE
3292,3120,Savings,18896458,2027-09-07,SMG01,ACTIVE
3293,1761,Savings,18955300,2026-12-17,JKT02,ACTIVE
3294,2951,Savings,196231528,2027-12-01,SBY01,ACTIVE
3295,7145,Savings,11379422,2027-03-13,MDN01,ACTIVE
3296,3978,Savings,38547374,2028-02-24,JKT02,ACTIVE
3297,4393,Time Deposit,499641822,2026-09-11,MDN01,ACTIVE
3298,9606,Savings,39386338,2026-12-13,JKT02,ACTIVE
3299,6092,Savings,37304441,2026-10-07,SMG01,ACTIVE
3300,3993,Savings,5930980,2027-03-29,YGY01,ACTIVE
3301,44,Time Deposit,555524893,2026-07-27,BDG01,ACTIVE
3302,4966,Time Deposit,880531655,2026-07-17,JKT01,ACTIVE
3303,8820,Savings,127421098,2027-07-15,BDG01,ACTIVE
3304,6437,Savings,217463160,2027-09-07,SBY01,ACTIVE
3305,4387,Savings,79927009,2027-03-17,JKT01,ACTIVE
3306,97,Savings,68272739,2028-02-21,MDN01,ACTIVE
3307,3336,Time Deposit,335450605,2026-05-10,BDG01,ACTIVE
3308,4449,Time Deposit,762898142,2026-06-11,MDN01,ACTIVE
3309,9422,Savings,78434166,2027-02-18,SMG01,ACTIVE
3310,9072,Savings,7208930,2027-04-06,YGY01,ACTIVE
3311,4842,Savings,38775608,2026-06-09,BDG01,ACTIVE
3312,4169,Savings,33870917,2027-07-17,JKT01,ACTIVE
3313,7562,Time Deposit,1555971632,2027-03-05,BDG01,ACTIVE
3314,8740,Time Deposit,872009172,2026-06-10,JKT02,ACTIVE
3315,3724,Savings,8787832,2027-06-08,MDN01,ACTIVE
3316,1124,Savings,25039201,2026-08-10,SBY01,ACTIVE
3317,9169,Savings,28001230,2026-08-08,BDG01,ACTIVE
3318,6481,Savings,34421477,2027-02-13,YGY01,ACTIVE
3319,221,Savings,67084747,2026-06-22,MDN01,ACTIVE
3320,1281,Time Deposit,392115391,2026-08-20,SMG01,ACTIVE
3321,4169,Time Deposit,705507744,2026-10-16,BDG01,ACTIVE
3322,8897,Time Deposit,1132585046,2027-03-06,SBY01,ACTIVE
3323,7403,Savings,47532291,2027-08-01,YGY01,ACTIVE
3324,8660,Time Deposit,535395419,2026-09-04,JKT01,ACTIVE
3325,7114,Savings,38012733,2027-03-21,MDN01,ACTIVE
3326,1734,Time Deposit,1692132162,2026-06-08,YGY01,ACTIVE
3327,7361,Time Deposit,1014869322,2027-02-01,YGY01,ACTIVE
3328,4367,Time Deposit,1466247591,2026-10-28,SBY01,ACTIVE
3329,3682,Savings,70258684,2028-02-10,SMG01,ACTIVE
3330,321,Time Deposit,771575134,2026-12-27,SBY01,ACTIVE
3331,7601,Savings,82179246,2027-02-10,JKT01,ACTIVE
3332,5467,Time Deposit,1736941677,2026-04-23,BDG01,ACTIVE
3333,1987,Savings,33835202,2028-01-21,JKT01,ACTIVE
3334,9383,Time Deposit,430547082,2026-08-28,SMG01,ACTIVE
3335,7606,Savings,64186241,2028-02-12,SMG01,ACTIVE
3336,8536,Savings,88016411,2027-06-21,BDG01,ACTIVE
3337,9612,Savings,77791117,2026-06-09,MDN01,ACTIVE
3338,9573,Savings,38328192,2027-01-10,JKT02,ACTIVE
3339,4643,Savings,15461674,2027-06-27,SMG01,ACTIVE
3340,4971,Savings,8421997,2028-03-17,MDN01,ACTIVE
3341,7722,Savings,15638446,2027-06-03,JKT01,ACTIVE
3342,6952,Savings,36960887,2028-03-11,JKT01,ACTIVE
3343,305,Time Deposit,1672381142,2026-12-23,JKT01,ACTIVE
3344,730,Savings,12608564,2027-03-01,SBY01,ACTIVE
3345,5982,Savings,16422631,2027-10-25,SMG01,ACTIVE
3346,6329,Time Deposit,1645819955,2026-04-11,JKT01,ACTIVE
3347,1829,Time Deposit,642089146,2027-02-18,MDN01,ACTIVE
3348,7851,Savings,179548953,2027-05-26,JKT02,ACTIVE
3349,3949,Time Deposit,839569110,2026-10-09,JKT02,ACTIVE
3350,6927,Time Deposit,505044905,2027-01-27,SBY01,ACTIVE
3351,6450,Time Deposit,593344589,2026-12-12,SBY01,ACTIVE
3352,3460,Time Deposit,1017646672,2027-03-11,JKT01,ACTIVE
3353,7013,Savings,81468055,2026-10-13,BDG01,ACTIVE
3354,8857,Savings,7037642,2026-12-03,JKT02,ACTIVE
3355,6149,Savings,17965838,2027-09-13,JKT01,ACTIVE
3356,9903,Time Deposit,853010509,2026-05-13,SBY01,ACTIVE
3357,9615,Time Deposit,284080703,2026-10-29,MDN01,ACTIVE
3358,693,Savings,64297845,2027-07-02,JKT02,ACTIVE
3359,3570,Savings,34145704,2028-03-20,JKT01,ACTIVE
3360,4279,Time Deposit,592937230,2026-10-23,JKT01,ACTIVE
3361,327,Time Deposit,544752146,2026-11-14,SMG01,ACTIVE
3362,7677,Time Deposit,703532908,2026-08-19,JKT01,ACTIVE
3363,9780,Time Deposit,722129386,2026-12-03,BDG01,ACTIVE
3364,7482,Savings,16532790,2028-02-12,MDN01,ACTIVE
3365,1530,Savings,43965790,2026-06-05,SBY01,ACTIVE
3366,5786,Savings,32053738,2026-05-19,MDN01,ACTIVE
3367,4210,Time Deposit,174045862,2027-03-14,JKT01,ACTIVE
3368,4072,Time Deposit,463106207,2026-11-08,BDG01,ACTIVE
3369,8899,Savings,104392482,2026-10-19,JKT01,ACTIVE
3370,985,Savings,31151807,2027-10-06,SBY01,ACTIVE
3371,8816,Time Deposit,643893433,2026-11-25,JKT01,ACTIVE
3372,5179,Savings,40678760,2026-08-15,MDN01,ACTIVE
3373,6344,Time Deposit,582514707,2026-09-10,SMG01,ACTIVE
3374,9928,Savings,39389543,2027-03-05,YGY01,ACTIVE
3375,6283,Savings,29025810,2027-11-26,SBY01,ACTIVE
3376,9076,Time Deposit,1133850277,2026-07-25,MDN01,ACTIVE
3377,2871,Time Deposit,466305493,2026-06-26,YGY01,ACTIVE
3378,8922,Time Deposit,817024926,2026-11-17,MDN01,ACTIVE
3379,8348,Savings,86128997,2026-06-04,YGY01,ACTIVE
3380,7338,Savings,58182477,2027-02-10,JKT02,ACTIVE
3381,8684,Savings,12419892,2026-07-19,SMG01,ACTIVE
3382,9578,Time Deposit,838395788,2026-08-16,JKT01,ACTIVE
3383,7695,Time Deposit,687081354,2026-07-08,JKT01,ACTIVE
3384,6447,Savings,12982865,2027-12-20,SMG01,ACTIVE
3385,4737,Time Deposit,400433207,2026-11-03,JKT01,ACTIVE
3386,6035,Time Deposit,237801110,2026-09-28,JKT02,ACTIVE
3387,9609,Time Deposit,1531521355,2026-05-28,BDG01,ACTIVE
3388,5446,Time Deposit,1799403747,2026-11-05,SMG01,ACTIVE
3389,3388,Time Deposit,361445040,2026-05-18,BDG01,ACTIVE
3390,3918,Time Deposit,1079472201,2026-07-12,MDN01,ACTIVE
3391,3908,Time Deposit,808812154,2026-08-08,JKT01,ACTIVE
3392,4345,Savings,8339204,2026-07-21,JKT02,ACTIVE
3393,270,Savings,65494358,2026-10-21,SBY01,ACTIVE
3394,5021,Time Deposit,340985381,2026-06-04,SMG01,ACTIVE
3395,7573,Savings,24930746,2026-06-10,BDG01,ACTIVE
3396,9177,Savings,70889483,2027-02-26,MDN01,ACTIVE
3397,5818,Time Deposit,803011595,2026-10-08,JKT02,ACTIVE
3398,979,Savings,64478584,2027-12-14,JKT01,ACTIVE
3399,2034,Savings,35873158,2026-04-30,YGY01,ACTIVE
3400,8237,Savings,22611655,2028-03-02,MDN01,ACTIVE
3401,5565,Savings,30951953,2027-07-30,YGY01,ACTIVE
3402,2416,Time Deposit,380490483,2027-01-12,SBY01,ACTIVE
3403,5338,Savings,24043490,2026-12-01,JKT02,ACTIVE
3404,8180,Time Deposit,1431591553,2027-03-11,BDG01,ACTIVE
3405,6242,Time Deposit,471672206,2026-11-12,JKT02,ACTIVE
3406,4041,Time Deposit,193817763,2026-06-23,BDG01,ACTIVE
3407,197,Time Deposit,1425848465,2027-03-23,SBY01,ACTIVE
3408,9913,Savings,168195485,2028-03-14,SBY01,ACTIVE
3409,6685,Savings,200079645,2028-02-11,SMG01,ACTIVE
3410,7906,Time Deposit,563093086,2026-06-19,BDG01,ACTIVE
3411,5853,Time Deposit,427590538,2027-02-14,YGY01,ACTIVE
3412,3593,Savings,40178508,2026-12-01,JKT02,ACTIVE
3413,632,Savings,8206958,2027-11-24,YGY01,ACTIVE
3414,1982,Savings,33560986,2027-08-07,SMG01,ACTIVE
3415,4900,Savings,13541289,2027-12-13,JKT01,ACTIVE
3416,7554,Time Deposit,987643008,2026-06-05,BDG01,ACTIVE
3417,7104,Savings,35717895,2027-02-28,YGY01,ACTIVE
3418,3323,Savings,15564037,2028-03-02,JKT01,ACTIVE
3419,8900,Savings,37089240,2026-12-25,JKT02,ACTIVE
3420,59,Savings,45781612,2027-06-28,YGY01,ACTIVE
3421,1799,Savings,7500184,2027-08-14,JKT01,ACTIVE
3422,3924,Savings,64709348,2027-01-23,SMG01,ACTIVE
3423,4503,Savings,10350121,2027-08-09,JKT01,ACTIVE
3424,395,Time Deposit,1340903549,2026-05-14,JKT01,ACTIVE
3425,8727,Savings,21243242,2026-07-18,SBY01,ACTIVE
3426,8941,Savings,120133121,2027-09-27,SBY01,ACTIVE
3427,7705,Savings,23517070,2027-02-04,SMG01,ACTIVE
3428,4342,Savings,36317844,2027-07-04,YGY01,ACTIVE
3429,55,Savings,16992193,2027-09-05,YGY01,ACTIVE
3430,3624,Savings,13291641,2026-12-21,JKT01,ACTIVE
3431,6564,Savings,169794607,2026-06-28,JKT01,ACTIVE
3432,386,Savings,70057814,2027-04-18,JKT02,ACTIVE
3433,4447,Savings,27210070,2026-10-29,SMG01,ACTIVE
3434,5638,Time Deposit,836996150,2027-02-23,BDG01,ACTIVE
3435,8022,Savings,60707519,2026-10-08,MDN01,ACTIVE
3436,2644,Time Deposit,1637000225,2026-12-23,SBY01,ACTIVE
3437,568,Time Deposit,629579911,2026-08-30,SBY01,ACTIVE
3438,9801,Savings,27132217,2027-09-25,BDG01,ACTIVE
3439,6937,Savings,21390235,2026-11-13,MDN01,ACTIVE
3440,7752,Time Deposit,882535903,2026-10-31,JKT02,ACTIVE
3441,605,Savings,25424069,2027-01-22,JKT02,ACTIVE
3442,4479,Savings,16989118,2026-08-22,MDN01,ACTIVE
3443,624,Time Deposit,711712748,2026-05-14,SBY01,ACTIVE
3444,1160,Time Deposit,489950593,2027-01-09,MDN01,ACTIVE
3445,5540,Time Deposit,237230921,2027-01-22,JKT01,ACTIVE
3446,7953,Time Deposit,1002949181,2026-09-22,SBY01,ACTIVE
3447,3811,Time Deposit,375092921,2026-11-25,MDN01,ACTIVE
3448,867,Time Deposit,601234878,2026-05-02,SMG01,ACTIVE
3449,9343,Savings,25221847,2027-02-08,JKT01,ACTIVE
3450,8124,Savings,20834011,2026-04-28,JKT01,ACTIVE
3451,7202,Savings,37762673,2027-05-03,YGY01,ACTIVE
3452,6716,Savings,23560102,2026-06-21,SMG01,ACTIVE
3453,5323,Time Deposit,636763167,2026-12-07,BDG01,ACTIVE
3454,5636,Savings,83883148,2027-01-15,YGY01,ACTIVE
3455,9221,Time Deposit,598294393,2026-04-30,MDN01,ACTIVE
3456,5690,Time Deposit,439025008,2026-04-28,SMG01,ACTIVE
3457,1058,Savings,68619436,2026-11-12,YGY01,ACTIVE
3458,8780,Savings,39010916,2027-06-27,JKT02,ACTIVE
3459,5542,Time Deposit,890589842,2026-10-23,MDN01,ACTIVE
3460,2025,Savings,158870382,2027-09-21,JKT02,ACTIVE
3461,5709,Savings,17013370,2027-05-05,MDN01,ACTIVE
3462,8164,Savings,37138639,2027-10-27,BDG01,ACTIVE
3463,8818,Savings,62381619,2027-02-23,SMG01,ACTIVE
3464,7004,Time Deposit,1048752321,2027-03-21,JKT01,ACTIVE
3465,4309,Savings,187473497,2027-12-30,YGY01,ACTIVE
3466,2327,Savings,11028547,2028-03-08,YGY01,ACTIVE
3467,9721,Savings,38908353,2026-04-28,BDG01,ACTIVE
3468,6429,Time Deposit,536171292,2026-10-05,YGY01,ACTIVE
3469,9381,Savings,10068908,2027-07-03,SBY01,ACTIVE
3470,7139,Savings,37452328,2027-05-05,MDN01,ACTIVE
3471,3694,Savings,80742900,2028-03-04,SBY01,ACTIVE
3472,4387,Savings,90756824,2027-04-12,YGY01,ACTIVE
3473,4336,Savings,17545626,2026-12-02,SBY01,ACTIVE
3474,6362,Time Deposit,282759578,2026-08-11,JKT01,ACTIVE
3475,6092,Savings,48741600,2027-06-30,SBY01,ACTIVE
3476,798,Savings,35432766,2027-07-15,JKT02,ACTIVE
3477,1973,Savings,23492700,2027-09-30,JKT02,ACTIVE
3478,6521,Savings,82005481,2027-11-04,SMG01,ACTIVE
3479,3088,Savings,57662261,2027-03-16,MDN01,ACTIVE
3480,8639,Savings,103831907,2026-08-16,YGY01,ACTIVE
3481,746,Savings,40128199,2027-07-27,SBY01,ACTIVE
3482,4783,Time Deposit,603952950,2026-10-08,BDG01,ACTIVE
3483,765,Savings,9842435,2027-04-19,SMG01,ACTIVE
3484,1368,Savings,62826128,2027-12-21,BDG01,ACTIVE
3485,429,Savings,22376922,2027-08-22,YGY01,ACTIVE
3486,5535,Time Deposit,1001876843,2026-05-11,MDN01,ACTIVE
3487,2991,Savings,137591689,2027-11-15,BDG01,ACTIVE
3488,1770,Savings,42159195,2027-05-17,BDG01,ACTIVE
3489,6400,Savings,123766464,2027-06-21,JKT02,ACTIVE
3490,4180,Time Deposit,368242573,2026-08-17,JKT02,ACTIVE
3491,1864,Savings,120986762,2027-05-19,BDG01,ACTIVE
3492,1459,Savings,37372338,2027-12-09,YGY01,ACTIVE
3493,398,Time Deposit,539684306,2026-06-18,YGY01,ACTIVE
3494,9698,Time Deposit,1454539776,2027-01-30,MDN01,ACTIVE
3495,4861,Savings,7973816,2027-06-14,JKT02,ACTIVE
3496,2105,Savings,12827203,2027-04-04,SBY01,ACTIVE
3497,5962,Time Deposit,541780455,2026-12-12,YGY01,ACTIVE
3498,5008,Savings,7036185,2027-05-24,SBY01,ACTIVE
3499,1317,Savings,16467773,2026-11-26,JKT02,ACTIVE
3500,3990,Savings,36130067,2026-05-31,JKT02,ACTIVE
3501,9098,Savings,38701107,2027-04-12,BDG01,ACTIVE
3502,8017,Savings,27042247,2028-02-07,YGY01,ACTIVE
3503,7216,Time Deposit,1054549613,2026-09-19,YGY01,ACTIVE
3504,9987,Savings,34906864,2028-01-31,SMG01,ACTIVE
3505,6538,Savings,16731568,2027-03-10,SBY01,ACTIVE
3506,9144,Savings,17111666,2026-11-25,JKT01,ACTIVE
3507,4543,Savings,14095756,2028-03-06,SMG01,ACTIVE
3508,4980,Savings,210947796,2027-04-18,JKT01,ACTIVE
3509,8717,Time Deposit,650859569,2026-10-31,JKT02,ACTIVE
3510,9166,Savings,17232517,2027-10-25,JKT01,ACTIVE
3511,3452,Savings,6869591,2026-08-23,SBY01,ACTIVE
3512,5931,Time Deposit,1361682891,2026-09-26,JKT02,ACTIVE
3513,8718,Savings,42283252,2027-05-12,MDN01,ACTIVE
3514,4417,Savings,193902830,2027-01-20,JKT01,ACTIVE
3515,9160,Time Deposit,255805414,2027-01-10,JKT01,ACTIVE
3516,4967,Savings,7056130,2027-02-11,SMG01,ACTIVE
3517,9017,Time Deposit,638537782,2026-10-12,SMG01,ACTIVE
3518,8413,Savings,15929269,2026-06-22,JKT02,ACTIVE
3519,5277,Savings,46712073,2027-05-28,BDG01,ACTIVE
3520,2978,Time Deposit,1189824237,2026-04-23,YGY01,ACTIVE
3521,1384,Time Deposit,130748510,2026-09-24,JKT02,ACTIVE
3522,2413,Time Deposit,776926220,2026-05-05,YGY01,ACTIVE
3523,7893,Time Deposit,718525183,2026-10-23,BDG01,ACTIVE
3524,5098,Savings,20765190,2027-05-30,BDG01,ACTIVE
3525,6825,Time Deposit,1237457211,2026-12-09,BDG01,ACTIVE
3526,5707,Time Deposit,701919644,2026-12-29,JKT02,ACTIVE
3527,4590,Savings,91339814,2028-03-23,JKT01,ACTIVE
3528,9698,Time Deposit,972022343,2026-11-19,SMG01,ACTIVE
3529,4418,Time Deposit,432354875,2026-09-07,YGY01,ACTIVE
3530,1422,Savings,64590426,2027-05-20,SMG01,ACTIVE
3531,3718,Time Deposit,1317343688,2026-08-05,MDN01,ACTIVE
3532,8127,Savings,8377044,2027-08-15,YGY01,ACTIVE
3533,2804,Savings,71115950,2028-02-07,JKT02,ACTIVE
3534,9997,Savings,26867567,2026-05-25,YGY01,ACTIVE
3535,8927,Savings,24478386,2027-11-13,SBY01,ACTIVE
3536,7037,Savings,62438827,2027-05-06,SMG01,ACTIVE
3537,9909,Savings,40150393,2028-03-10,YGY01,ACTIVE
3538,6899,Savings,25337315,2026-10-04,BDG01,ACTIVE
3539,8028,Time Deposit,1908135860,2026-09-02,YGY01,ACTIVE
3540,5116,Time Deposit,650020855,2026-12-30,YGY01,ACTIVE
3541,4367,Savings,157221117,2027-02-06,JKT02,ACTIVE
3542,7594,Time Deposit,603423099,2026-07-27,SBY01,ACTIVE
3543,919,Savings,50786682,2027-11-14,MDN01,ACTIVE
3544,4037,Savings,139407400,2027-11-10,YGY01,ACTIVE
3545,5890,Savings,19221375,2027-03-21,YGY01,ACTIVE
3546,2473,Time Deposit,353805387,2026-09-09,JKT01,ACTIVE
3547,1019,Savings,147838431,2027-03-25,MDN01,ACTIVE
3548,571,Savings,171058231,2026-06-14,MDN01,ACTIVE
3549,3955,Time Deposit,684843832,2026-08-16,MDN01,ACTIVE
3550,993,Time Deposit,608499936,2027-03-18,JKT02,ACTIVE
3551,3412,Savings,22398739,2027-02-11,MDN01,ACTIVE
3552,6869,Time Deposit,1509747969,2026-12-06,MDN01,ACTIVE
3553,1616,Time Deposit,322377004,2026-05-21,JKT01,ACTIVE
3554,6869,Time Deposit,783791649,2026-08-16,BDG01,ACTIVE
3555,6958,Time Deposit,800708721,2026-05-09,SBY01,ACTIVE
3556,2599,Time Deposit,677430620,2026-05-22,JKT01,ACTIVE
3557,2853,Time Deposit,280225490,2026-05-05,SMG01,ACTIVE
3558,8279,Time Deposit,744317585,2026-07-27,SMG01,ACTIVE
3559,8963,Savings,23625643,2027-12-08,BDG01,ACTIVE
3560,3709,Savings,139121210,2028-02-20,SMG01,ACTIVE
3561,6922,Savings,13986235,2026-12-06,JKT02,ACTIVE
3562,2411,Savings,76307415,2027-08-05,SMG01,ACTIVE
3563,1197,Savings,9958807,2026-06-08,MDN01,ACTIVE
3564,8603,Savings,41320612,2027-07-06,SBY01,ACTIVE
3565,3625,Savings,81068979,2026-10-15,YGY01,ACTIVE
3566,3995,Time Deposit,527517008,2027-03-12,JKT01,ACTIVE
3567,1523,Savings,74656682,2028-01-29,BDG01,ACTIVE
3568,5742,Time Deposit,998125534,2026-11-16,MDN01,ACTIVE
3569,2966,Savings,26164988,2026-11-02,JKT02,ACTIVE
3570,8120,Time Deposit,431451316,2026-12-12,JKT01,ACTIVE
3571,379,Time Deposit,204515092,2026-10-20,BDG01,ACTIVE
3572,5558,Time Deposit,864508464,2026-08-31,YGY01,ACTIVE
3573,4989,Savings,24981026,2027-04-20,SMG01,ACTIVE
3574,594,Savings,44751891,2026-09-04,SMG01,ACTIVE
3575,7188,Time Deposit,470580561,2026-08-19,JKT02,ACTIVE
3576,3944,Savings,65127655,2027-06-26,BDG01,ACTIVE
3577,653,Time Deposit,163599915,2026-08-25,JKT01,ACTIVE
3578,8272,Time Deposit,1018487727,2027-03-06,SBY01,ACTIVE
3579,5349,Time Deposit,899196079,2026-05-29,SMG01,ACTIVE
3580,5047,Savings,11694565,2027-02-13,MDN01,ACTIVE
3581,6727,Time Deposit,278424876,2026-08-03,YGY01,ACTIVE
3582,3980,Savings,109828317,2026-06-19,SMG01,ACTIVE
3583,2030,Savings,91751253,2027-08-18,YGY01,ACTIVE
3584,87,Time Deposit,1203749155,2027-01-12,BDG01,ACTIVE
3585,1926,Savings,17956498,2027-08-10,BDG01,ACTIVE
3586,682,Time Deposit,517071000,2027-02-17,BDG01,ACTIVE
3587,2749,Savings,98662611,2027-10-21,JKT02,ACTIVE
3588,1939,Time Deposit,785776765,2026-10-13,SBY01,ACTIVE
3589,4317,Time Deposit,142853719,2026-07-13,BDG01,ACTIVE
3590,841,Savings,36057417,2027-02-22,YGY01,ACTIVE
3591,9183,Savings,70095501,2026-10-12,SBY01,ACTIVE
3592,5994,Time Deposit,553382039,2027-03-11,MDN01,ACTIVE
3593,6191,Time Deposit,639110004,2027-01-09,YGY01,ACTIVE
3594,3663,Savings,220067090,2027-09-04,YGY01,ACTIVE
3595,657,Savings,32765987,2026-05-31,JKT01,ACTIVE
3596,3773,Savings,183821470,2026-12-05,YGY01,ACTIVE
3597,3901,Time Deposit,526227183,2026-06-12,MDN01,ACTIVE
3598,1241,Savings,31630999,2028-01-02,SMG01,ACTIVE
3599,4786,Savings,61541946,2027-04-16,JKT02,ACTIVE
3600,6788,Time Deposit,1510035438,2027-01-11,JKT01,ACTIVE
3601,5375,Savings,15796351,2027-04-01,YGY01,ACTIVE
3602,3083,Savings,23455899,2027-09-16,BDG01,ACTIVE
3603,1677,Savings,82265803,2026-10-01,JKT02,ACTIVE
3604,388,Savings,32942441,2027-09-08,YGY01,ACTIVE
3605,2181,Time Deposit,609021577,2026-04-28,SBY01,ACTIVE
3606,188,Savings,160936393,2026-04-29,YGY01,ACTIVE
3607,6909,Time Deposit,611800508,2026-08-31,MDN01,ACTIVE
3608,6124,Savings,5300573,2026-05-17,YGY01,ACTIVE
3609,6818,Time Deposit,455858292,2027-02-04,BDG01,ACTIVE
3610,6360,Savings,71770127,2026-12-10,JKT01,ACTIVE
3611,3135,Savings,10147827,2027-05-15,JKT01,ACTIVE
3612,3521,Time Deposit,434266299,2026-04-29,SMG01,ACTIVE
3613,1993,Time Deposit,1375793208,2026-07-24,SBY01,ACTIVE
3614,9700,Savings,22138004,2027-03-02,BDG01,ACTIVE
3615,7820,Savings,24974855,2026-07-27,JKT02,ACTIVE
3616,60,Savings,61119680,2026-08-31,JKT02,ACTIVE
3617,6687,Time Deposit,911105721,2026-12-13,YGY01,ACTIVE
3618,457,Savings,51136309,2027-08-31,JKT01,ACTIVE
3619,9448,Time Deposit,396402218,2027-02-20,SBY01,ACTIVE
3620,7928,Savings,15228764,2026-07-09,BDG01,ACTIVE
3621,6748,Savings,13121632,2028-02-23,JKT02,ACTIVE
3622,5197,Time Deposit,577854792,2027-02-02,JKT01,ACTIVE
3623,2633,Time Deposit,730974725,2027-03-23,YGY01,ACTIVE
3624,4800,Savings,28352489,2027-12-27,JKT01,ACTIVE
3625,4348,Time Deposit,660127708,2026-07-14,JKT02,ACTIVE
3626,2039,Time Deposit,562269309,2027-02-22,JKT02,ACTIVE
3627,5054,Time Deposit,1050221615,2026-05-24,YGY01,ACTIVE
3628,1789,Time Deposit,859601401,2026-09-17,MDN01,ACTIVE
3629,3882,Savings,109732289,2027-12-08,JKT02,ACTIVE
3630,6809,Time Deposit,1584486046,2026-07-15,SBY01,ACTIVE
3631,8820,Time Deposit,653689994,2026-12-12,MDN01,ACTIVE
3632,9783,Time Deposit,444835072,2026-12-29,SMG01,ACTIVE
3633,3956,Savings,6648527,2027-02-06,MDN01,ACTIVE
3634,5931,Time Deposit,773480873,2026-10-26,SMG01,ACTIVE
3635,7391,Time Deposit,1403669544,2026-10-29,YGY01,ACTIVE
3636,9383,Savings,18617044,2027-03-03,JKT02,ACTIVE
3637,2605,Time Deposit,588950843,2026-12-18,SMG01,ACTIVE
3638,8890,Savings,116375628,2026-04-25,SBY01,ACTIVE
3639,6823,Savings,155600891,2026-11-24,JKT01,ACTIVE
3640,7261,Time Deposit,992833844,2026-10-22,SMG01,ACTIVE
3641,2097,Savings,62006158,2026-04-29,MDN01,ACTIVE
3642,2510,Savings,29670719,2026-10-03,BDG01,ACTIVE
3643,4182,Savings,30703970,2026-06-28,JKT02,ACTIVE
3644,1186,Time Deposit,751044981,2027-02-02,JKT01,ACTIVE
3645,5832,Savings,10316401,2028-03-07,YGY01,ACTIVE
3646,3879,Time Deposit,1631189716,2027-03-06,JKT01,ACTIVE
3647,8812,Time Deposit,595772180,2026-06-26,SMG01,ACTIVE
3648,4560,Savings,34057115,2027-08-29,SBY01,ACTIVE
3649,1714,Time Deposit,1599495160,2026-11-03,JKT02,ACTIVE
3650,8978,Savings,9920870,2026-07-14,YGY01,ACTIVE
3651,6894,Savings,45158061,2027-02-13,MDN01,ACTIVE
3652,5074,Savings,13986798,2027-05-20,MDN01,ACTIVE
3653,6749,Savings,72769854,2026-11-17,JKT02,ACTIVE
3654,9896,Savings,64470615,2026-11-16,JKT02,ACTIVE
3655,7902,Savings,193264930,2027-02-24,SBY01,ACTIVE
3656,3825,Time Deposit,1701207447,2026-07-16,SBY01,ACTIVE
3657,9020,Time Deposit,197299270,2027-01-16,JKT02,ACTIVE
3658,9707,Savings,188830893,2026-08-19,BDG01,ACTIVE
3659,9772,Savings,16779862,2027-04-21,MDN01,ACTIVE
3660,9710,Savings,57901151,2027-10-15,SBY01,ACTIVE
3661,376,Time Deposit,298827704,2026-09-13,MDN01,ACTIVE
3662,3985,Savings,127047855,2027-10-19,MDN01,ACTIVE
3663,8614,Time Deposit,1205261932,2026-09-30,JKT02,ACTIVE
3664,1652,Savings,13053940,2027-10-13,MDN01,ACTIVE
3665,9718,Time Deposit,501154331,2026-05-12,BDG01,ACTIVE
3666,9210,Savings,16302251,2027-02-15,BDG01,ACTIVE
3667,8338,Savings,24583732,2026-09-24,JKT01,ACTIVE
3668,37,Time Deposit,656229149,2026-04-18,MDN01,ACTIVE
3669,5114,Savings,19839204,2027-04-26,BDG01,ACTIVE
3670,1510,Savings,10730142,2027-03-23,SMG01,ACTIVE
3671,5870,Savings,63506923,2026-09-18,BDG01,ACTIVE
3672,8619,Savings,56974488,2026-11-25,SMG01,ACTIVE
3673,3880,Savings,16131882,2026-05-25,JKT01,ACTIVE
3674,8526,Time Deposit,806478449,2026-10-02,JKT01,ACTIVE
3675,6116,Savings,40494115,2028-01-22,SMG01,ACTIVE
3676,884,Time Deposit,1114901430,2026-10-09,SBY01,ACTIVE
3677,7928,Savings,20936403,2027-03-21,SBY01,ACTIVE
3678,1828,Time Deposit,914043623,2026-12-11,YGY01,ACTIVE
3679,5154,Time Deposit,262838090,2026-04-11,YGY01,ACTIVE
3680,1534,Savings,43405770,2027-09-07,MDN01,ACTIVE
3681,4012,Savings,19454385,2027-03-25,JKT02,ACTIVE
3682,8498,Savings,31329182,2026-11-17,BDG01,ACTIVE
3683,2102,Savings,23713921,2027-09-22,SMG01,ACTIVE
3684,1848,Savings,116241043,2027-04-18,JKT01,ACTIVE
3685,7703,Time Deposit,1931961068,2026-05-04,YGY01,ACTIVE
3686,456,Time Deposit,469575847,2027-02-19,JKT01,ACTIVE
3687,8867,Savings,92504010,2027-10-29,JKT02,ACTIVE
3688,9093,Savings,105983373,2026-09-20,SBY01,ACTIVE
3689,2380,Time Deposit,934507612,2026-06-20,SMG01,ACTIVE
3690,9317,Time Deposit,836346155,2027-01-01,SMG01,ACTIVE
3691,4312,Savings,34813844,2026-11-07,JKT01,ACTIVE
3692,5643,Savings,11295614,2026-07-17,MDN01,ACTIVE
3693,8453,Time Deposit,984119224,2026-04-28,JKT01,ACTIVE
3694,195,Savings,10119300,2027-07-07,YGY01,ACTIVE
3695,2197,Time Deposit,1090601534,2026-07-31,BDG01,ACTIVE
3696,6841,Time Deposit,779324424,2026-09-01,BDG01,ACTIVE
3697,6754,Savings,17551605,2027-04-03,SMG01,ACTIVE
3698,5022,Savings,73146794,2026-08-13,SMG01,ACTIVE
3699,1374,Time Deposit,1060503192,2027-01-13,MDN01,ACTIVE
3700,8980,Savings,33034010,2026-10-20,SBY01,ACTIVE
3701,9216,Time Deposit,1092870772,2026-08-21,JKT01,ACTIVE
3702,4093,Time Deposit,494218450,2027-01-01,JKT02,ACTIVE
3703,4593,Time Deposit,243149351,2026-07-19,YGY01,ACTIVE
3704,6036,Time Deposit,984296011,2026-11-07,SBY01,ACTIVE
3705,9702,Savings,70983203,2026-12-11,SMG01,ACTIVE
3706,1362,Savings,73377094,2026-06-19,SBY01,ACTIVE
3707,9196,Savings,26840467,2027-04-30,YGY01,ACTIVE
3708,7188,Savings,185695684,2027-07-04,JKT01,ACTIVE
3709,4677,Time Deposit,202797207,2026-07-06,SMG01,ACTIVE
3710,5186,Savings,35298076,2026-10-05,MDN01,ACTIVE
3711,8698,Savings,4331274,2027-03-04,YGY01,ACTIVE
3712,7111,Savings,74986950,2028-02-17,YGY01,ACTIVE
3713,5824,Savings,72156723,2027-04-03,JKT01,ACTIVE
3714,347,Time Deposit,1057285194,2026-05-12,BDG01,ACTIVE
3715,3777,Time Deposit,678594694,2026-07-23,BDG01,ACTIVE
3716,9291,Savings,136361243,2026-11-22,BDG01,ACTIVE
3717,6495,Savings,14395104,2028-01-05,JKT02,ACTIVE
3718,8249,Time Deposit,803539534,2026-10-22,SMG01,ACTIVE
3719,972,Savings,64514442,2027-10-07,SMG01,ACTIVE
3720,8770,Time Deposit,533365537,2026-11-22,YGY01,ACTIVE
3721,924,Savings,7373064,2027-01-23,JKT01,ACTIVE
3722,4013,Savings,154276428,2027-09-13,JKT01,ACTIVE
3723,1098,Savings,53128362,2026-12-14,BDG01,ACTIVE
3724,5696,Savings,28088270,2027-02-12,YGY01,ACTIVE
3725,5988,Savings,161634930,2027-05-26,MDN01,ACTIVE
3726,8883,Time Deposit,546052341,2026-05-18,JKT01,ACTIVE
3727,5382,Time Deposit,518795549,2026-09-15,SMG01,ACTIVE
3728,5813,Savings,14208855,2028-02-29,MDN01,ACTIVE
3729,6180,Savings,17802360,2027-05-07,SMG01,ACTIVE
3730,1369,Savings,13833790,2027-10-23,SBY01,ACTIVE
3731,2675,Time Deposit,632838546,2026-11-14,JKT01,ACTIVE
3732,838,Savings,39197137,2027-01-06,SBY01,ACTIVE
3733,7938,Savings,123411918,2027-02-12,YGY01,ACTIVE
3734,6915,Time Deposit,148717874,2026-09-03,YGY01,ACTIVE
3735,6449,Savings,90430005,2027-01-29,YGY01,ACTIVE
3736,848,Savings,13302044,2028-02-25,SMG01,ACTIVE
3737,4273,Time Deposit,540498810,2026-10-17,JKT02,ACTIVE
3738,9900,Savings,32463020,2027-11-23,JKT01,ACTIVE
3739,6675,Savings,127666222,2027-10-14,BDG01,ACTIVE
3740,763,Time Deposit,1321314249,2026-08-02,SMG01,ACTIVE
3741,157,Savings,23059835,2027-12-17,YGY01,ACTIVE
3742,6487,Time Deposit,502681996,2027-03-07,SMG01,ACTIVE
3743,9901,Savings,16966513,2026-10-01,BDG01,ACTIVE
3744,6844,Savings,154021390,2027-10-21,YGY01,ACTIVE
3745,2691,Savings,34704063,2026-12-06,MDN01,ACTIVE
3746,3577,Time Deposit,262648045,2026-09-01,BDG01,ACTIVE
3747,4351,Savings,37998059,2027-01-02,JKT02,ACTIVE
3748,3191,Savings,5121203,2027-08-27,JKT02,ACTIVE
3749,5174,Savings,37500709,2026-11-06,YGY01,ACTIVE
3750,4602,Savings,33951020,2027-11-02,MDN01,ACTIVE
3751,8994,Savings,57716020,2027-08-04,JKT01,ACTIVE
3752,7189,Savings,127134174,2026-09-19,JKT02,ACTIVE
3753,7670,Time Deposit,799780685,2026-11-05,SBY01,ACTIVE
3754,8303,Time Deposit,217468916,2026-12-10,MDN01,ACTIVE
3755,3988,Time Deposit,706076352,2026-07-27,YGY01,ACTIVE
3756,1649,Time Deposit,1138134527,2026-04-12,SBY01,ACTIVE
3757,3361,Savings,19620500,2027-11-13,YGY01,ACTIVE
3758,5583,Savings,92557491,2027-08-19,SBY01,ACTIVE
3759,2806,Savings,15284908,2028-01-02,SBY01,ACTIVE
3760,1004,Time Deposit,528457566,2027-02-14,JKT02,ACTIVE
3761,8605,Savings,133400923,2026-12-26,MDN01,ACTIVE
3762,9395,Savings,184807453,2027-02-14,YGY01,ACTIVE
3763,9378,Savings,18986035,2028-01-21,SBY01,ACTIVE
3764,5278,Time Deposit,485554806,2026-05-05,SMG01,ACTIVE
3765,5699,Savings,23504617,2026-08-30,JKT02,ACTIVE
3766,1622,Time Deposit,143091918,2026-07-08,SBY01,ACTIVE
3767,920,Savings,14333613,2027-02-22,JKT02,ACTIVE
3768,1786,Savings,145777774,2028-02-26,BDG01,ACTIVE
3769,3898,Savings,51786799,2027-05-07,YGY01,ACTIVE
3770,3524,Savings,2761255,2026-10-24,SMG01,ACTIVE
3771,9110,Savings,34307924,2027-05-25,BDG01,ACTIVE
3772,5095,Savings,224249944,2027-10-03,JKT02,ACTIVE
3773,9262,Savings,13065464,2026-07-28,YGY01,ACTIVE
3774,4113,Savings,17862373,2027-05-28,BDG01,ACTIVE
3775,3895,Time Deposit,414618702,2026-10-05,SBY01,ACTIVE
3776,3659,Time Deposit,170128124,2026-09-01,BDG01,ACTIVE
3777,1686,Savings,30999110,2028-03-06,SMG01,ACTIVE
3778,1148,Savings,36623693,2026-05-16,MDN01,ACTIVE
3779,3216,Savings,79032204,2027-02-08,JKT01,ACTIVE
3780,553,Savings,36703828,2026-08-09,YGY01,ACTIVE
3781,5503,Time Deposit,953522446,2027-01-22,JKT02,ACTIVE
3782,3421,Savings,10859554,2027-08-18,MDN01,ACTIVE
3783,307,Time Deposit,286831445,2026-11-11,MDN01,ACTIVE
3784,5043,Time Deposit,626450803,2026-07-25,MDN01,ACTIVE
3785,8189,Time Deposit,389984105,2026-12-13,SMG01,ACTIVE
3786,1393,Savings,19903217,2027-08-25,YGY01,ACTIVE
3787,3910,Savings,197559266,2026-09-30,SMG01,ACTIVE
3788,306,Savings,35545421,2028-03-14,MDN01,ACTIVE
3789,7701,Time Deposit,929794875,2026-09-15,JKT02,ACTIVE
3790,5155,Savings,162657751,2026-12-17,SMG01,ACTIVE
3791,1232,Time Deposit,918183597,2027-01-10,SMG01,ACTIVE
3792,8478,Time Deposit,1005664712,2026-04-18,BDG01,ACTIVE
3793,1306,Savings,71835513,2028-01-25,JKT02,ACTIVE
3794,8847,Savings,51309848,2028-02-16,YGY01,ACTIVE
3795,3870,Time Deposit,615186448,2026-09-01,YGY01,ACTIVE
3796,1313,Time Deposit,825716812,2026-06-20,BDG01,ACTIVE
3797,6521,Savings,138614454,2027-12-14,JKT02,ACTIVE
3798,7872,Time Deposit,403948252,2026-10-01,MDN01,ACTIVE
3799,2335,Time Deposit,427727575,2026-12-19,SBY01,ACTIVE
3800,3207,Time Deposit,869734706,2026-06-20,BDG01,ACTIVE
3801,271,Savings,53180690,2027-09-29,MDN01,ACTIVE
3802,3411,Savings,10173458,2027-06-09,JKT01,ACTIVE
3803,3300,Savings,131338098,2027-07-19,MDN01,ACTIVE
3804,5080,Time Deposit,1802105432,2026-05-31,BDG01,ACTIVE
3805,5661,Savings,47705844,2026-08-05,SBY01,ACTIVE
3806,1241,Savings,80284117,2027-02-14,SBY01,ACTIVE
3807,2677,Savings,14912026,2027-10-13,SMG01,ACTIVE
3808,3551,Savings,23792127,2027-01-19,JKT02,ACTIVE
3809,9627,Time Deposit,456228767,2026-07-09,BDG01,ACTIVE
3810,6107,Time Deposit,211471209,2027-02-02,SBY01,ACTIVE
3811,887,Savings,31654545,2026-11-08,YGY01,ACTIVE
3812,7623,Savings,5489816,2028-03-14,MDN01,ACTIVE
3813,2463,Savings,13285128,2027-04-15,SMG01,ACTIVE
3814,7591,Time Deposit,526645539,2026-07-24,MDN01,ACTIVE
3815,9588,Time Deposit,891508310,2026-07-16,BDG01,ACTIVE
3816,1201,Savings,27007880,2028-02-24,BDG01,ACTIVE
3817,8031,Time Deposit,227982774,2026-10-11,SBY01,ACTIVE
3818,2336,Savings,40003118,2027-10-28,BDG01,ACTIVE
3819,2370,Savings,150275131,2026-12-22,YGY01,ACTIVE
3820,3454,Savings,101510067,2027-02-27,MDN01,ACTIVE
3821,8071,Time Deposit,546019925,2027-03-11,SBY01,ACTIVE
3822,5297,Savings,193513344,2027-11-12,JKT01,ACTIVE
3823,8940,Savings,48925337,2026-12-28,BDG01,ACTIVE
3824,1295,Savings,161935554,2028-01-15,YGY01,ACTIVE
3825,8996,Savings,27064982,2027-08-02,YGY01,ACTIVE
3826,7845,Savings,11928828,2028-03-10,MDN01,ACTIVE
3827,8172,Savings,14544136,2026-05-08,SBY01,ACTIVE
3828,6691,Savings,32668501,2026-09-22,MDN01,ACTIVE
3829,1832,Time Deposit,1488576064,2027-01-31,SMG01,ACTIVE
3830,6110,Time Deposit,808080047,2026-06-06,MDN01,ACTIVE
3831,8242,Time Deposit,1270965529,2026-09-13,BDG01,ACTIVE
3832,3786,Savings,13543983,2027-10-19,JKT02,ACTIVE
3833,6299,Time Deposit,178578763,2026-10-21,BDG01,ACTIVE
3834,7413,Savings,35783307,2027-03-29,JKT02,ACTIVE
3835,6449,Savings,193110495,2027-10-27,BDG01,ACTIVE
3836,6710,Savings,198047567,2027-07-24,MDN01,ACTIVE
3837,9747,Savings,44565855,2027-04-23,JKT01,ACTIVE
3838,3581,Time Deposit,1846294515,2026-10-22,JKT02,ACTIVE
3839,5437,Savings,64174572,2026-12-04,YGY01,ACTIVE
3840,450,Time Deposit,337551399,2026-07-17,SMG01,ACTIVE
3841,8611,Savings,104606844,2027-07-31,YGY01,ACTIVE
3842,7338,Time Deposit,675737747,2027-02-14,JKT01,ACTIVE
3843,844,Savings,160968778,2027-02-06,MDN01,ACTIVE
3844,2787,Savings,74069754,2026-06-19,JKT01,ACTIVE
3845,498,Savings,22507117,2026-11-01,JKT02,ACTIVE
3846,7851,Savings,125892896,2027-06-13,JKT01,ACTIVE
3847,8423,Savings,38241052,2027-08-21,YGY01,ACTIVE
3848,1371,Savings,60075311,2028-02-22,JKT02,ACTIVE
3849,7370,Savings,16019982,2027-12-08,SMG01,ACTIVE
3850,2411,Time Deposit,1062202377,2026-05-29,SBY01,ACTIVE
3851,4145,Savings,15262243,2028-02-16,SMG01,ACTIVE
3852,8052,Savings,70302656,2026-10-28,MDN01,ACTIVE
3853,3060,Savings,10216514,2026-09-26,SMG01,ACTIVE
3854,7398,Time Deposit,620739208,2026-09-20,SBY01,ACTIVE
3855,6483,Savings,13155087,2028-01-28,SBY01,ACTIVE
3856,5765,Savings,11061464,2027-01-05,JKT01,ACTIVE
3857,588,Savings,27173895,2027-08-10,SMG01,ACTIVE
3858,5449,Time Deposit,1588079552,2026-11-11,YGY01,ACTIVE
3859,9520,Savings,8410127,2026-04-26,JKT01,ACTIVE
3860,8037,Savings,12678177,2026-06-12,BDG01,ACTIVE
3861,9332,Time Deposit,509671877,2027-02-20,JKT01,ACTIVE
3862,4230,Time Deposit,891768167,2026-05-14,MDN01,ACTIVE
3863,9917,Savings,192357029,2027-10-19,SMG01,ACTIVE
3864,529,Savings,11134788,2028-01-21,JKT02,ACTIVE
3865,8322,Savings,183759000,2028-03-24,MDN01,ACTIVE
3866,1008,Savings,158509071,2026-08-13,SBY01,ACTIVE
3867,7581,Savings,22196879,2026-12-10,SMG01,ACTIVE
3868,8825,Savings,29410719,2027-03-25,YGY01,ACTIVE
3869,7487,Savings,28204182,2027-02-24,MDN01,ACTIVE
3870,5429,Savings,232965443,2027-03-29,SMG01,ACTIVE
3871,3885,Savings,152170534,2027-10-12,SBY01,ACTIVE
3872,3289,Time Deposit,322649442,2026-11-15,YGY01,ACTIVE
3873,3153,Savings,63841719,2026-09-28,BDG01,ACTIVE
3874,3343,Savings,17323673,2026-08-28,YGY01,ACTIVE
3875,2321,Savings,37336956,2027-08-18,SBY01,ACTIVE
3876,1081,Savings,27761174,2026-08-19,BDG01,ACTIVE
3877,6602,Savings,73396647,2027-02-18,JKT01,ACTIVE
3878,1675,Time Deposit,1211456694,2026-10-09,JKT01,ACTIVE
3879,6726,Savings,17885047,2028-02-09,SBY01,ACTIVE
3880,4794,Savings,30002571,2027-08-17,YGY01,ACTIVE
3881,2965,Time Deposit,521317723,2026-08-08,MDN01,ACTIVE
3882,5143,Savings,29891546,2026-06-12,JKT02,ACTIVE
3883,7726,Savings,97703361,2026-12-15,JKT01,ACTIVE
3884,8040,Savings,30563803,2027-08-23,YGY01,ACTIVE
3885,6809,Time Deposit,1202059185,2026-06-26,YGY01,ACTIVE
3886,7767,Savings,26167785,2026-08-30,BDG01,ACTIVE
3887,8389,Savings,100973737,2026-06-07,YGY01,ACTIVE
3888,9362,Savings,57206419,2028-01-19,YGY01,ACTIVE
3889,5107,Savings,39661377,2027-02-10,BDG01,ACTIVE
3890,4844,Savings,31482114,2026-12-11,BDG01,ACTIVE
3891,8202,Savings,62331668,2027-08-25,YGY01,ACTIVE
3892,5230,Time Deposit,748753166,2027-01-02,BDG01,ACTIVE
3893,6356,Savings,10825288,2027-06-10,JKT02,ACTIVE
3894,9423,Time Deposit,570209522,2027-01-27,JKT01,ACTIVE
3895,7900,Savings,7595733,2027-12-24,JKT01,ACTIVE
3896,5729,Savings,17903849,2028-02-18,SBY01,ACTIVE
3897,6715,Time Deposit,1129942455,2026-09-14,SBY01,ACTIVE
3898,1890,Savings,113182442,2026-08-30,JKT01,ACTIVE
3899,6659,Time Deposit,676739660,2026-08-01,SMG01,ACTIVE
3900,6060,Time Deposit,774226375,2026-04-12,JKT02,ACTIVE
3901,7876,Time Deposit,1281606975,2026-10-08,BDG01,ACTIVE
3902,9541,Savings,14174814,2026-08-11,BDG01,ACTIVE
3903,9273,Savings,24840987,2027-09-03,MDN01,ACTIVE
3904,7454,Savings,44046857,2026-06-15,JKT01,ACTIVE
3905,1724,Time Deposit,450165091,2026-05-06,MDN01,ACTIVE
3906,4374,Savings,24166842,2027-07-11,BDG01,ACTIVE
3907,3712,Savings,36582941,2027-03-03,MDN01,ACTIVE
3908,8498,Time Deposit,779071013,2026-07-06,YGY01,ACTIVE
3909,118,Time Deposit,498905650,2027-02-10,SMG01,ACTIVE
3910,3335,Savings,11541854,2027-10-04,JKT01,ACTIVE
3911,9247,Savings,21457996,2027-12-22,JKT01,ACTIVE
3912,7172,Time Deposit,223281127,2026-04-20,JKT02,ACTIVE
3913,5176,Savings,6606087,2026-10-17,MDN01,ACTIVE
3914,4009,Time Deposit,483299842,2026-06-02,SBY01,ACTIVE
3915,9312,Savings,128882914,2026-09-25,SBY01,ACTIVE
3916,5686,Savings,26144133,2027-10-28,JKT01,ACTIVE
3917,7922,Time Deposit,1014070127,2026-10-07,JKT01,ACTIVE
3918,4642,Time Deposit,347224979,2026-08-14,MDN01,ACTIVE
3919,472,Savings,25990599,2027-04-28,JKT01,ACTIVE
3920,6685,Savings,182575198,2027-07-04,MDN01,ACTIVE
3921,5713,Time Deposit,714479000,2027-02-01,SMG01,ACTIVE
3922,8070,Savings,9342430,2027-08-07,SMG01,ACTIVE
3923,9203,Time Deposit,555343355,2027-03-05,SMG01,ACTIVE
3924,8009,Time Deposit,301597487,2027-01-23,BDG01,ACTIVE
3925,4072,Savings,19636237,2027-12-02,SBY01,ACTIVE
3926,3037,Savings,30212310,2027-02-13,YGY01,ACTIVE
3927,1863,Savings,77611370,2028-01-19,SMG01,ACTIVE
3928,6017,Savings,13922475,2027-02-17,SMG01,ACTIVE
3929,3527,Time Deposit,1477310791,2027-01-21,YGY01,ACTIVE
3930,6131,Savings,45341095,2027-09-07,JKT02,ACTIVE
3931,1285,Time Deposit,404206883,2026-04-24,JKT02,ACTIVE
3932,7910,Time Deposit,1085580470,2026-10-10,SBY01,ACTIVE
3933,1881,Time Deposit,814067456,2026-11-28,BDG01,ACTIVE
3934,6007,Savings,8676014,2027-05-20,SBY01,ACTIVE
3935,5473,Time Deposit,560276592,2026-05-16,YGY01,ACTIVE
3936,2128,Savings,75962023,2027-11-24,MDN01,ACTIVE
3937,4052,Savings,23069645,2026-11-15,BDG01,ACTIVE
3938,4272,Time Deposit,1005341173,2026-09-09,MDN01,ACTIVE
3939,1320,Time Deposit,589781449,2026-07-20,JKT01,ACTIVE
3940,2912,Savings,64039848,2026-12-16,JKT01,ACTIVE
3941,8745,Savings,9010950,2026-07-06,YGY01,ACTIVE
3942,8850,Savings,5404899,2026-08-21,SBY01,ACTIVE
3943,6287,Savings,28724014,2027-03-23,YGY01,ACTIVE
3944,7699,Savings,16110865,2027-01-26,JKT01,ACTIVE
3945,5224,Time Deposit,603780761,2026-08-22,JKT02,ACTIVE
3946,5992,Time Deposit,1349743121,2027-01-15,YGY01,ACTIVE
3947,8057,Time Deposit,321970312,2027-03-01,YGY01,ACTIVE
3948,7530,Time Deposit,136557288,2026-12-30,YGY01,ACTIVE
3949,3262,Savings,62560695,2027-05-21,YGY01,ACTIVE
3950,6894,Time Deposit,1298023445,2026-08-23,JKT02,ACTIVE
3951,9088,Savings,34006698,2027-04-29,SMG01,ACTIVE
3952,8506,Savings,51248637,2026-10-11,MDN01,ACTIVE
3953,8353,Savings,12904514,2026-07-03,JKT01,ACTIVE
3954,9224,Savings,23104261,2027-07-25,SBY01,ACTIVE
3955,1417,Time Deposit,1038755230,2026-05-04,SBY01,ACTIVE
3956,6448,Time Deposit,597337983,2026-07-18,BDG01,ACTIVE
3957,9761,Savings,53406858,2026-05-09,SBY01,ACTIVE
3958,4285,Savings,68353980,2026-08-09,YGY01,ACTIVE
3959,3775,Savings,10006307,2026-05-21,SMG01,ACTIVE
3960,6932,Time Deposit,232218266,2027-02-27,YGY01,ACTIVE
3961,3183,Time Deposit,519148328,2026-11-28,YGY01,ACTIVE
3962,5707,Time Deposit,594848808,2026-09-24,SMG01,ACTIVE
3963,871,Savings,32078272,2027-11-26,SMG01,ACTIVE
3964,9385,Time Deposit,689333397,2027-02-07,YGY01,ACTIVE
3965,262,Time Deposit,524395436,2026-06-16,BDG01,ACTIVE
3966,7196,Savings,33250930,2026-08-16,SMG01,ACTIVE
3967,1808,Time Deposit,588034096,2027-01-30,JKT01,ACTIVE
3968,3126,Time Deposit,472891460,2026-05-22,SMG01,ACTIVE
3969,868,Time Deposit,862075646,2027-01-03,SBY01,ACTIVE
3970,8989,Savings,8640738,2027-07-24,JKT02,ACTIVE
3971,3332,Savings,10518209,2027-05-26,JKT01,ACTIVE
3972,311,Savings,174382011,2026-11-15,JKT01,ACTIVE
3973,6874,Savings,12971651,2026-10-02,BDG01,ACTIVE
3974,7575,Savings,149936294,2026-08-14,MDN01,ACTIVE
3975,8638,Savings,22047432,2026-05-03,YGY01,ACTIVE
3976,32,Savings,22909047,2027-07-18,JKT01,ACTIVE
3977,7988,Savings,20790102,2028-03-08,SBY01,ACTIVE
3978,6718,Time Deposit,1311891912,2026-06-13,MDN01,ACTIVE
3979,5986,Time Deposit,789397251,2026-12-29,JKT02,ACTIVE
3980,1355,Savings,44264974,2027-10-18,JKT02,ACTIVE
3981,7528,Savings,6848498,2026-10-14,JKT01,ACTIVE
3982,4576,Savings,6664605,2028-01-21,SBY01,ACTIVE
3983,629,Savings,17654297,2026-10-28,SMG01,ACTIVE
3984,2123,Time Deposit,874440435,2026-10-10,SBY01,ACTIVE
3985,3971,Savings,15560039,2027-07-29,JKT02,ACTIVE
3986,7757,Time Deposit,667979028,2026-08-16,SBY01,ACTIVE
3987,1390,Time Deposit,355980236,2027-01-03,SMG01,ACTIVE
3988,651,Savings,22644911,2026-05-02,SMG01,ACTIVE
3989,6827,Savings,27822801,2028-02-03,SMG01,ACTIVE
3990,7698,Savings,8066151,2027-05-08,BDG01,ACTIVE
3991,7920,Savings,6775293,2026-12-22,BDG01,ACTIVE
3992,6723,Time Deposit,1494363231,2026-05-09,SBY01,ACTIVE
3993,3934,Savings,19336913,2027-10-10,SMG01,ACTIVE
3994,8873,Time Deposit,396199064,2026-06-16,YGY01,ACTIVE
3995,8771,Savings,91796166,2027-02-17,MDN01,ACTIVE
3996,6278,Time Deposit,479519832,2026-07-18,BDG01,ACTIVE
3997,2643,Savings,35358534,2026-09-07,SBY01,ACTIVE
3998,5407,Savings,7016824,2027-10-09,MDN01,ACTIVE
3999,4774,Savings,4646944,2026-08-24,JKT01,ACTIVE
4000,5757,Savings,160055184,2027-02-28,JKT02,ACTIVE
4001,5814,Savings,10695414,2026-09-28,JKT01,ACTIVE
4002,4993,Savings,24684430,2026-09-26,JKT01,ACTIVE
4003,7367,Savings,155294433,2026-06-12,YGY01,ACTIVE
4004,110,Time Deposit,102713957,2027-02-04,SMG01,ACTIVE
4005,4421,Time Deposit,876652616,2027-02-09,SBY01,ACTIVE
4006,1560,Time Deposit,644726377,2027-02-07,BDG01,ACTIVE
4007,4473,Savings,8074543,2026-05-15,JKT01,ACTIVE
4008,8700,Savings,14844273,2026-06-26,BDG01,ACTIVE
4009,5224,Savings,21746452,2026-11-04,SMG01,ACTIVE
4010,4780,Time Deposit,899174949,2026-12-13,SMG01,ACTIVE
4011,7890,Savings,22812805,2027-02-09,JKT02,ACTIVE
4012,6996,Savings,181254304,2026-05-30,JKT02,ACTIVE
4013,5653,Savings,129868421,2028-02-21,MDN01,ACTIVE
4014,608,Time Deposit,698838825,2026-06-30,MDN01,ACTIVE
4015,8096,Savings,54999472,2027-08-11,JKT02,ACTIVE
4016,9112,Time Deposit,131785110,2026-04-20,JKT01,ACTIVE
4017,8184,Time Deposit,891759733,2026-05-24,BDG01,ACTIVE
4018,5791,Time Deposit,763563709,2027-01-10,JKT01,ACTIVE
4019,3189,Savings,48002207,2027-12-16,JKT01,ACTIVE
4020,6493,Savings,15096037,2027-12-01,YGY01,ACTIVE
4021,7949,Savings,60340837,2027-09-20,MDN01,ACTIVE
4022,4070,Savings,35821621,2027-10-21,MDN01,ACTIVE
4023,4005,Time Deposit,211431516,2026-05-05,SBY01,ACTIVE
4024,3279,Time Deposit,415339978,2027-01-11,JKT02,ACTIVE
4025,1114,Time Deposit,849476134,2027-02-22,JKT01,ACTIVE
4026,6260,Savings,43742844,2027-04-13,SBY01,ACTIVE
4027,152,Savings,21427334,2027-02-14,MDN01,ACTIVE
4028,5444,Time Deposit,1096942875,2027-02-16,SMG01,ACTIVE
4029,2536,Savings,14094896,2026-08-09,SBY01,ACTIVE
4030,9333,Savings,24718276,2026-12-27,JKT02,ACTIVE
4031,9688,Time Deposit,525238176,2027-01-23,JKT01,ACTIVE
4032,9511,Savings,45834965,2027-07-01,MDN01,ACTIVE
4033,6449,Time Deposit,1274167696,2026-12-10,JKT01,ACTIVE
4034,4085,Time Deposit,447455802,2026-06-26,SBY01,ACTIVE
4035,8702,Savings,18072760,2027-10-23,YGY01,ACTIVE
4036,1021,Savings,74031470,2027-05-12,YGY01,ACTIVE
4037,9327,Savings,50287708,2026-09-04,YGY01,ACTIVE
4038,2750,Savings,23228229,2026-08-05,JKT01,ACTIVE
4039,817,Time Deposit,1192597049,2026-07-15,MDN01,ACTIVE
4040,4616,Savings,100792492,2027-05-29,SMG01,ACTIVE
4041,6704,Time Deposit,906705866,2026-06-07,BDG01,ACTIVE
4042,4826,Savings,28380998,2028-03-03,MDN01,ACTIVE
4043,7165,Time Deposit,515351941,2026-07-24,SBY01,ACTIVE
4044,3430,Time Deposit,1440604566,2026-08-21,JKT02,ACTIVE
4045,5641,Time Deposit,232413454,2026-09-26,SBY01,ACTIVE
4046,9646,Savings,34567848,2026-05-14,JKT01,ACTIVE
4047,3994,Savings,43107979,2027-04-11,MDN01,ACTIVE
4048,5349,Savings,168996896,2027-01-05,YGY01,ACTIVE
4049,2267,Savings,61718581,2026-08-22,BDG01,ACTIVE
4050,9181,Time Deposit,663027613,2027-03-23,SMG01,ACTIVE
4051,7915,Time Deposit,789007455,2026-11-18,YGY01,ACTIVE
4052,7340,Savings,18219870,2028-03-13,SMG01,ACTIVE
4053,335,Time Deposit,340086817,2026-07-03,SBY01,ACTIVE
4054,4913,Time Deposit,534755689,2026-07-02,JKT01,ACTIVE
4055,6451,Savings,143380700,2026-07-24,JKT01,ACTIVE
4056,3404,Savings,4723754,2026-08-23,YGY01,ACTIVE
4057,4397,Savings,81549590,2027-01-27,BDG01,ACTIVE
4058,1171,Time Deposit,1754117743,2026-09-28,JKT01,ACTIVE
4059,4441,Time Deposit,1513829255,2026-12-29,MDN01,ACTIVE
4060,2760,Savings,14988905,2028-02-26,JKT02,ACTIVE
4061,9760,Savings,222358291,2026-12-09,MDN01,ACTIVE
4062,1027,Savings,90967405,2027-01-03,BDG01,ACTIVE
4063,7282,Time Deposit,728069223,2027-01-22,JKT02,ACTIVE
4064,6521,Savings,42805525,2026-12-10,JKT02,ACTIVE
4065,8437,Savings,4499552,2026-10-09,MDN01,ACTIVE
4066,9824,Savings,8653648,2027-10-06,SBY01,ACTIVE
4067,5453,Time Deposit,728893334,2026-09-20,BDG01,ACTIVE
4068,6428,Time Deposit,643753206,2027-02-04,YGY01,ACTIVE
4069,2991,Savings,79689628,2027-07-02,JKT02,ACTIVE
4070,8715,Savings,4042771,2027-02-16,YGY01,ACTIVE
4071,2383,Savings,63446942,2027-11-15,JKT02,ACTIVE
4072,268,Savings,41432931,2027-07-29,BDG01,ACTIVE
4073,2454,Savings,15468288,2026-08-03,YGY01,ACTIVE
4074,1924,Time Deposit,1572446052,2027-02-13,JKT02,ACTIVE
4075,7013,Savings,32563544,2027-08-01,MDN01,ACTIVE
4076,2568,Savings,28678656,2027-02-14,BDG01,ACTIVE
4077,2330,Savings,20884815,2027-02-22,SMG01,ACTIVE
4078,4666,Time Deposit,809413018,2027-03-01,SBY01,ACTIVE
4079,9533,Savings,24056336,2026-10-30,YGY01,ACTIVE
4080,3978,Savings,39494613,2027-12-29,JKT02,ACTIVE
4081,3122,Time Deposit,72711545,2026-08-05,BDG01,ACTIVE
4082,8919,Savings,54634098,2028-02-20,SMG01,ACTIVE
4083,9850,Time Deposit,667627534,2026-05-02,SMG01,ACTIVE
4084,3386,Savings,15086620,2028-02-12,JKT02,ACTIVE
4085,4396,Savings,38621343,2027-03-12,JKT02,ACTIVE
4086,5725,Savings,39762389,2026-09-30,SMG01,ACTIVE
4087,5733,Time Deposit,702121882,2027-03-15,YGY01,ACTIVE
4088,3374,Savings,1933666,2027-10-16,MDN01,ACTIVE
4089,4420,Time Deposit,944518112,2026-09-23,JKT02,ACTIVE
4090,5214,Savings,64437682,2027-01-14,JKT02,ACTIVE
4091,1561,Savings,30588490,2027-06-30,JKT01,ACTIVE
4092,9170,Savings,12000710,2027-09-29,JKT02,ACTIVE
4093,2345,Savings,19472191,2027-08-28,MDN01,ACTIVE
4094,6522,Savings,11731673,2027-11-18,MDN01,ACTIVE
4095,7627,Savings,82826781,2026-05-01,SMG01,ACTIVE
4096,6681,Savings,87823548,2028-01-11,YGY01,ACTIVE
4097,5394,Savings,109825169,2028-01-19,SBY01,ACTIVE
4098,7013,Savings,19903179,2028-02-08,JKT01,ACTIVE
4099,5858,Savings,158934118,2028-02-16,SMG01,ACTIVE
4100,4036,Time Deposit,782984968,2026-10-27,BDG01,ACTIVE
4101,7264,Time Deposit,1013732694,2026-12-27,SMG01,ACTIVE
4102,7767,Savings,8903189,2028-03-13,BDG01,ACTIVE
4103,4905,Savings,16991030,2027-01-06,JKT01,ACTIVE
4104,5717,Savings,27475559,2026-10-03,SBY01,ACTIVE
4105,2735,Savings,15660401,2028-02-21,JKT01,ACTIVE
4106,1271,Savings,30024225,2027-03-10,YGY01,ACTIVE
4107,3272,Time Deposit,306668127,2026-11-05,JKT01,ACTIVE
4108,1413,Savings,41917653,2027-02-07,JKT01,ACTIVE
4109,881,Savings,14844036,2027-11-25,SMG01,ACTIVE
4110,8213,Savings,20700928,2027-01-10,JKT02,ACTIVE
4111,4755,Savings,33773236,2026-06-08,BDG01,ACTIVE
4112,1665,Time Deposit,313812588,2026-11-06,MDN01,ACTIVE
4113,2392,Savings,192260110,2026-12-15,YGY01,ACTIVE
4114,4377,Savings,18663460,2027-08-27,JKT01,ACTIVE
4115,2478,Time Deposit,367449406,2026-04-23,SMG01,ACTIVE
4116,3889,Savings,34248025,2026-06-13,JKT01,ACTIVE
4117,3540,Savings,30322175,2027-10-04,YGY01,ACTIVE
4118,4666,Savings,99648408,2027-12-06,MDN01,ACTIVE
4119,6736,Savings,65391711,2026-09-05,MDN01,ACTIVE
4120,2793,Savings,73953362,2026-11-20,SBY01,ACTIVE
4121,2422,Savings,6614174,2027-10-04,BDG01,ACTIVE
4122,4564,Savings,46252869,2027-05-19,SMG01,ACTIVE
4123,7952,Savings,54333961,2028-03-06,JKT02,ACTIVE
4124,1019,Savings,88053882,2026-11-18,SMG01,ACTIVE
4125,2769,Savings,32572632,2026-05-21,SBY01,ACTIVE
4126,7394,Time Deposit,1666321162,2026-09-25,JKT01,ACTIVE
4127,5141,Savings,156043210,2027-02-02,SMG01,ACTIVE
4128,9823,Time Deposit,1393421121,2026-07-28,SBY01,ACTIVE
4129,4765,Savings,18606413,2026-06-11,JKT01,ACTIVE
4130,6288,Savings,78217836,2026-05-22,MDN01,ACTIVE
4131,9977,Savings,34083503,2028-01-06,YGY01,ACTIVE
4132,5266,Savings,9672473,2027-05-27,MDN01,ACTIVE
4133,1609,Savings,13314341,2027-11-13,JKT01,ACTIVE
4134,8596,Time Deposit,1037510060,2026-04-15,JKT02,ACTIVE
4135,5287,Savings,33663439,2026-12-10,SBY01,ACTIVE
4136,4675,Time Deposit,156956991,2026-10-25,BDG01,ACTIVE
4137,2081,Savings,76163411,2026-12-29,BDG01,ACTIVE
4138,1754,Savings,80924228,2028-02-04,JKT01,ACTIVE
4139,8404,Time Deposit,358334010,2027-03-10,YGY01,ACTIVE
4140,2562,Time Deposit,181100404,2027-01-10,JKT02,ACTIVE
4141,236,Time Deposit,535326838,2026-05-31,JKT01,ACTIVE
4142,1052,Time Deposit,647806918,2026-12-02,BDG01,ACTIVE
4143,4898,Time Deposit,783994711,2027-03-18,SMG01,ACTIVE
4144,8036,Savings,26883032,2027-08-05,JKT01,ACTIVE
4145,3778,Savings,94740993,2027-01-06,SBY01,ACTIVE
4146,8346,Time Deposit,1462694072,2026-12-09,SMG01,ACTIVE
4147,7569,Time Deposit,1357731142,2026-06-02,SMG01,ACTIVE
4148,3159,Time Deposit,401455654,2026-11-18,SBY01,ACTIVE
4149,9371,Savings,9690637,2027-09-19,BDG01,ACTIVE
4150,7569,Savings,132608281,2026-07-17,SMG01,ACTIVE
4151,3397,Savings,45936096,2026-10-23,BDG01,ACTIVE
4152,2411,Time Deposit,677715634,2026-06-01,BDG01,ACTIVE
4153,1060,Savings,25355761,2027-08-13,SMG01,ACTIVE
4154,1569,Savings,12110159,2028-03-16,JKT01,ACTIVE
4155,6883,Time Deposit,1582733919,2027-02-20,SMG01,ACTIVE
4156,4647,Savings,77202908,2026-06-16,MDN01,ACTIVE
4157,9936,Time Deposit,626759110,2026-06-18,JKT01,ACTIVE
4158,3353,Savings,70388524,2028-02-06,SBY01,ACTIVE
4159,6981,Time Deposit,564189474,2026-11-04,SMG01,ACTIVE
4160,1440,Time Deposit,1573303456,2026-08-17,JKT01,ACTIVE
4161,8690,Time Deposit,747930474,2026-06-27,MDN01,ACTIVE
4162,1666,Time Deposit,1341903421,2027-03-12,MDN01,ACTIVE
4163,3678,Time Deposit,128093445,2027-03-08,JKT02,ACTIVE
4164,5821,Time Deposit,1422630707,2026-05-28,JKT02,ACTIVE
4165,6289,Time Deposit,1641414674,2027-01-30,BDG01,ACTIVE
4166,6612,Savings,27875755,2027-08-29,MDN01,ACTIVE
4167,6957,Time Deposit,1175926995,2026-12-05,JKT01,ACTIVE
4168,7021,Savings,28687765,2026-10-28,JKT01,ACTIVE
4169,3543,Savings,45784377,2026-11-19,MDN01,ACTIVE
4170,5835,Savings,166800784,2027-08-20,SBY01,ACTIVE
4171,3370,Savings,40309530,2027-06-08,JKT02,ACTIVE
4172,663,Savings,23943700,2026-10-03,JKT01,ACTIVE
4173,4298,Savings,25873752,2027-06-26,SMG01,ACTIVE
4174,8156,Savings,20303605,2027-07-20,YGY01,ACTIVE
4175,2410,Time Deposit,678400504,2026-08-02,BDG01,ACTIVE
4176,7790,Time Deposit,525369435,2026-04-19,MDN01,ACTIVE
4177,1238,Time Deposit,285956216,2026-11-29,MDN01,ACTIVE
4178,486,Time Deposit,583832373,2027-01-26,JKT01,ACTIVE
4179,7925,Savings,51375131,2027-10-31,YGY01,ACTIVE
4180,9430,Time Deposit,611707498,2026-07-28,SBY01,ACTIVE
4181,1318,Time Deposit,418905218,2027-01-19,SBY01,ACTIVE
4182,3906,Savings,9105822,2028-02-21,JKT01,ACTIVE
4183,8521,Time Deposit,1276306294,2026-08-29,BDG01,ACTIVE
4184,438,Time Deposit,694856702,2026-04-20,SBY01,ACTIVE
4185,9092,Time Deposit,806172057,2026-08-26,SMG01,ACTIVE
4186,1717,Time Deposit,573774698,2026-05-20,BDG01,ACTIVE
4187,8220,Savings,11420257,2027-06-05,JKT02,ACTIVE
4188,4471,Savings,11781540,2026-10-01,BDG01,ACTIVE
4189,3014,Time Deposit,882279353,2026-08-11,JKT02,ACTIVE
4190,501,Savings,134784670,2026-06-30,JKT02,ACTIVE
4191,7373,Savings,121302128,2027-05-28,SBY01,ACTIVE
4192,948,Savings,15449123,2028-01-04,BDG01,ACTIVE
4193,3884,Savings,9521035,2028-03-19,SBY01,ACTIVE
4194,8049,Savings,23183432,2026-06-26,BDG01,ACTIVE
4195,2259,Time Deposit,635648780,2026-04-13,JKT02,ACTIVE
4196,2167,Time Deposit,298257486,2027-01-06,SMG01,ACTIVE
4197,7808,Time Deposit,684172937,2026-11-02,YGY01,ACTIVE
4198,1127,Savings,37910743,2026-12-08,MDN01,ACTIVE
4199,2611,Savings,23076093,2028-02-13,YGY01,ACTIVE
4200,7709,Savings,85250120,2028-03-23,JKT02,ACTIVE
4201,5817,Savings,23959984,2026-05-08,JKT01,ACTIVE
4202,496,Savings,9874402,2027-10-25,SBY01,ACTIVE
4203,1145,Time Deposit,1833354814,2026-09-02,SMG01,ACTIVE
4204,5119,Time Deposit,1042780563,2027-02-13,SMG01,ACTIVE
4205,8320,Savings,109657753,2026-10-27,JKT01,ACTIVE
4206,8033,Savings,44595683,2026-12-16,SMG01,ACTIVE
4207,9425,Savings,152051247,2027-02-06,JKT01,ACTIVE
4208,1719,Time Deposit,1025220756,2026-09-24,MDN01,ACTIVE
4209,9536,Savings,110597945,2026-07-08,SBY01,ACTIVE
4210,5315,Savings,23168219,2026-12-15,YGY01,ACTIVE
4211,2860,Savings,113932158,2026-07-24,SMG01,ACTIVE
4212,9803,Time Deposit,827369316,2026-09-28,BDG01,ACTIVE
4213,9082,Savings,33101274,2026-08-02,MDN01,ACTIVE
4214,8005,Time Deposit,1648679939,2026-05-07,MDN01,ACTIVE
4215,9083,Time Deposit,1076117783,2026-11-04,MDN01,ACTIVE
4216,772,Savings,30651976,2026-05-16,MDN01,ACTIVE
4217,735,Savings,12266298,2027-02-14,SMG01,ACTIVE
4218,2355,Savings,18004412,2026-07-14,JKT02,ACTIVE
4219,7466,Savings,20793593,2027-04-08,MDN01,ACTIVE
4220,7710,Savings,32005684,2027-09-16,BDG01,ACTIVE
4221,2299,Time Deposit,1644028236,2026-09-12,BDG01,ACTIVE
4222,4735,Savings,45290709,2026-10-03,YGY01,ACTIVE
4223,7700,Time Deposit,482745897,2026-07-17,JKT02,ACTIVE
4224,7577,Time Deposit,1411186943,2027-02-22,SBY01,ACTIVE
4225,73,Savings,57166565,2027-04-03,MDN01,ACTIVE
4226,5200,Time Deposit,184541335,2027-02-10,YGY01,ACTIVE
4227,962,Time Deposit,907121676,2026-11-18,JKT02,ACTIVE
4228,1237,Savings,9126979,2027-01-03,MDN01,ACTIVE
4229,8367,Time Deposit,924341830,2026-04-09,MDN01,ACTIVE
4230,6090,Time Deposit,673625510,2027-02-04,JKT02,ACTIVE
4231,5828,Time Deposit,591180644,2027-03-01,BDG01,ACTIVE
4232,6779,Savings,21752441,2028-02-01,MDN01,ACTIVE
4233,666,Time Deposit,785837683,2026-04-30,JKT01,ACTIVE
4234,6633,Savings,34071256,2026-09-03,BDG01,ACTIVE
4235,9681,Savings,54564680,2027-12-17,MDN01,ACTIVE
4236,476,Savings,186427567,2026-10-14,YGY01,ACTIVE
4237,4607,Savings,77655710,2028-02-22,JKT01,ACTIVE
4238,7810,Savings,6687319,2026-10-16,BDG01,ACTIVE
4239,6652,Savings,41081875,2026-05-25,JKT02,ACTIVE
4240,2552,Savings,38494780,2027-04-29,MDN01,ACTIVE
4241,229,Time Deposit,843577888,2026-08-06,MDN01,ACTIVE
4242,4317,Savings,7693513,2026-05-28,JKT02,ACTIVE
4243,4388,Savings,5266750,2027-07-06,YGY01,ACTIVE
4244,7827,Time Deposit,679270893,2026-09-07,MDN01,ACTIVE
4245,8419,Savings,39546640,2027-06-30,BDG01,ACTIVE
4246,5914,Savings,20473555,2027-01-27,BDG01,ACTIVE
4247,8891,Time Deposit,380796699,2026-10-22,YGY01,ACTIVE
4248,1153,Savings,27660208,2027-11-26,BDG01,ACTIVE
4249,2851,Savings,30601206,2027-12-16,MDN01,ACTIVE
4250,6361,Savings,114617787,2026-07-07,MDN01,ACTIVE
4251,7084,Time Deposit,437309178,2026-05-27,BDG01,ACTIVE
4252,4827,Savings,22446029,2026-09-14,SMG01,ACTIVE
4253,794,Savings,35422591,2026-08-14,SBY01,ACTIVE
4254,6274,Savings,16471613,2027-07-30,SMG01,ACTIVE
4255,5571,Savings,55631075,2028-02-10,JKT01,ACTIVE
4256,5332,Savings,11372135,2027-12-20,SBY01,ACTIVE
4257,5791,Time Deposit,1378102312,2026-11-23,SBY01,ACTIVE
4258,5748,Savings,8037391,2027-08-26,BDG01,ACTIVE
4259,1399,Time Deposit,678116475,2026-10-15,MDN01,ACTIVE
4260,1515,Savings,22434830,2027-01-29,SMG01,ACTIVE
4261,4278,Savings,36919415,2028-02-29,BDG01,ACTIVE
4262,9010,Savings,13265046,2027-06-26,JKT02,ACTIVE
4263,2301,Time Deposit,1516286531,2026-05-23,SBY01,ACTIVE
4264,5242,Time Deposit,431352014,2026-05-29,SMG01,ACTIVE
4265,4376,Savings,34448196,2027-11-16,YGY01,ACTIVE
4266,8174,Time Deposit,122811024,2026-07-31,SMG01,ACTIVE
4267,7224,Savings,11489931,2026-05-24,JKT02,ACTIVE
4268,2261,Savings,184852123,2027-06-15,BDG01,ACTIVE
4269,893,Time Deposit,191728698,2026-06-26,JKT02,ACTIVE
4270,50,Savings,17223368,2027-09-16,SMG01,ACTIVE
4271,8940,Time Deposit,1159554616,2027-01-06,SMG01,ACTIVE
4272,804,Time Deposit,90881581,2026-12-02,JKT02,ACTIVE
4273,5992,Savings,158667735,2027-12-07,SMG01,ACTIVE
4274,5789,Savings,33619835,2027-05-17,JKT02,ACTIVE
4275,7222,Time Deposit,849525529,2026-12-15,SBY01,ACTIVE
4276,2201,Time Deposit,1340777454,2026-08-01,MDN01,ACTIVE
4277,9329,Time Deposit,483615022,2026-06-08,JKT01,ACTIVE
4278,1649,Time Deposit,1188083459,2026-08-10,YGY01,ACTIVE
4279,921,Savings,142611777,2026-12-14,JKT01,ACTIVE
4280,860,Savings,33465461,2027-11-27,SMG01,ACTIVE
4281,8556,Savings,17375905,2027-03-19,JKT01,ACTIVE
4282,7372,Time Deposit,1423426931,2026-09-30,YGY01,ACTIVE
4283,8291,Savings,158787639,2027-08-18,BDG01,ACTIVE
4284,8654,Savings,16382479,2028-01-08,JKT02,ACTIVE
4285,4450,Savings,38842297,2027-12-13,JKT02,ACTIVE
4286,9792,Savings,44510441,2027-06-18,JKT01,ACTIVE
4287,6296,Savings,7448873,2026-10-24,SMG01,ACTIVE
4288,5828,Time Deposit,1469449647,2026-10-07,SMG01,ACTIVE
4289,6099,Savings,64340717,2027-06-29,SBY01,ACTIVE
4290,5566,Time Deposit,932211851,2027-02-14,BDG01,ACTIVE
4291,9476,Savings,9035227,2027-10-30,JKT01,ACTIVE
4292,7741,Time Deposit,574545153,2026-12-18,SMG01,ACTIVE
4293,2637,Time Deposit,184163278,2026-10-29,YGY01,ACTIVE
4294,7374,Time Deposit,1213628805,2026-12-12,JKT02,ACTIVE
4295,6824,Savings,19899617,2027-05-18,JKT01,ACTIVE
4296,2168,Savings,16042764,2027-11-20,SBY01,ACTIVE
4297,1876,Time Deposit,415576189,2026-10-26,YGY01,ACTIVE
4298,1295,Time Deposit,1711594855,2027-01-01,JKT02,ACTIVE
4299,7677,Savings,210708849,2026-08-04,SBY01,ACTIVE
4300,8366,Time Deposit,628581610,2026-04-14,MDN01,ACTIVE
4301,6970,Savings,15837999,2026-05-05,JKT02,ACTIVE
4302,3171,Savings,81864119,2027-11-10,BDG01,ACTIVE
4303,159,Time Deposit,1086182781,2026-06-09,BDG01,ACTIVE
4304,4939,Savings,202703829,2026-09-23,MDN01,ACTIVE
4305,3946,Savings,15076906,2027-10-30,YGY01,ACTIVE
4306,8898,Time Deposit,508585291,2027-02-13,SBY01,ACTIVE
4307,942,Time Deposit,240253075,2026-12-16,SMG01,ACTIVE
4308,1788,Time Deposit,494430885,2027-01-20,JKT02,ACTIVE
4309,1583,Savings,21010949,2027-06-19,SMG01,ACTIVE
4310,4193,Time Deposit,760086655,2027-02-16,SMG01,ACTIVE
4311,7225,Time Deposit,1825973086,2027-01-23,BDG01,ACTIVE
4312,8581,Time Deposit,609421879,2026-05-18,SBY01,ACTIVE
4313,5057,Savings,82496358,2026-05-16,BDG01,ACTIVE
4314,378,Savings,9603683,2026-10-04,SBY01,ACTIVE
4315,9564,Savings,15470418,2027-07-14,JKT02,ACTIVE
4316,8421,Time Deposit,849426208,2027-03-02,JKT02,ACTIVE
4317,9366,Savings,82608200,2026-06-09,JKT02,ACTIVE
4318,7851,Time Deposit,776041122,2026-06-02,SBY01,ACTIVE
4319,3014,Time Deposit,750549237,2026-07-17,JKT02,ACTIVE
4320,8320,Savings,167782082,2027-02-23,JKT02,ACTIVE
4321,3004,Savings,6059078,2027-11-08,BDG01,ACTIVE
4322,9829,Savings,12295047,2027-09-05,YGY01,ACTIVE
4323,1955,Time Deposit,1165652782,2026-09-23,SBY01,ACTIVE
4324,8525,Time Deposit,1558355183,2026-05-22,JKT01,ACTIVE
4325,107,Savings,132466856,2027-10-27,YGY01,ACTIVE
4326,3372,Time Deposit,1313475214,2026-12-26,JKT02,ACTIVE
4327,3010,Savings,25716030,2027-08-20,JKT01,ACTIVE
4328,1013,Savings,7615268,2027-04-25,MDN01,ACTIVE
4329,2616,Savings,19779889,2026-07-08,YGY01,ACTIVE
4330,1307,Savings,14229831,2027-08-03,SMG01,ACTIVE
4331,3269,Savings,28501238,2027-04-28,MDN01,ACTIVE
4332,6320,Savings,28974609,2026-07-04,YGY01,ACTIVE
4333,6851,Savings,11022420,2027-03-27,SMG01,ACTIVE
4334,2123,Savings,224175511,2027-11-30,SMG01,ACTIVE
4335,1405,Savings,139208289,2027-06-16,JKT01,ACTIVE
4336,5896,Savings,35175725,2026-10-15,BDG01,ACTIVE
4337,2525,Time Deposit,524761303,2026-12-24,JKT01,ACTIVE
4338,1905,Savings,63180206,2027-07-02,SBY01,ACTIVE
4339,5728,Savings,21135120,2028-03-10,BDG01,ACTIVE
4340,9373,Savings,10681191,2026-11-02,JKT01,ACTIVE
4341,4360,Savings,27704752,2026-09-28,JKT02,ACTIVE
4342,8072,Savings,43933944,2026-11-19,SBY01,ACTIVE
4343,5742,Savings,15010372,2026-12-04,JKT01,ACTIVE
4344,3086,Savings,8890545,2027-02-16,SBY01,ACTIVE
4345,2978,Savings,89554065,2027-01-11,YGY01,ACTIVE
4346,4002,Time Deposit,882295966,2026-06-21,JKT01,ACTIVE
4347,7603,Savings,10616863,2027-09-20,JKT01,ACTIVE
4348,5139,Savings,10820274,2027-06-01,MDN01,ACTIVE
4349,6601,Savings,7095159,2026-11-25,JKT02,ACTIVE
4350,1572,Time Deposit,756134493,2026-12-05,MDN01,ACTIVE
4351,3693,Savings,13093549,2027-10-12,JKT02,ACTIVE
4352,9706,Time Deposit,1284010443,2027-01-07,JKT01,ACTIVE
4353,6927,Time Deposit,524839448,2026-04-26,MDN01,ACTIVE
4354,658,Time Deposit,686408242,2026-12-17,JKT02,ACTIVE
4355,9650,Time Deposit,532287999,2026-04-15,JKT01,ACTIVE
4356,9083,Savings,60542586,2027-07-07,JKT02,ACTIVE
4357,9763,Time Deposit,1526683542,2026-04-22,YGY01,ACTIVE
4358,754,Time Deposit,1251697145,2027-02-05,MDN01,ACTIVE
4359,8999,Time Deposit,1710362000,2026-04-30,SMG01,ACTIVE
4360,8543,Savings,25380200,2026-09-03,JKT01,ACTIVE
4361,380,Savings,31565108,2027-04-20,SBY01,ACTIVE
4362,6098,Savings,77645556,2028-03-17,BDG01,ACTIVE
4363,7554,Time Deposit,757015292,2026-07-13,SBY01,ACTIVE
4364,711,Savings,7788750,2027-10-16,JKT02,ACTIVE
4365,5272,Time Deposit,1056431456,2026-10-20,JKT02,ACTIVE
4366,950,Savings,3740129,2026-10-04,SBY01,ACTIVE
4367,684,Savings,213028159,2027-07-15,JKT02,ACTIVE
4368,7282,Savings,35880303,2026-12-05,SBY01,ACTIVE
4369,4290,Time Deposit,568286135,2026-08-17,JKT01,ACTIVE
4370,52,Savings,182209391,2026-05-12,JKT02,ACTIVE
4371,2447,Savings,222527262,2027-08-03,YGY01,ACTIVE
4372,3798,Time Deposit,397045449,2027-01-20,SBY01,ACTIVE
4373,1698,Savings,36914505,2027-11-24,BDG01,ACTIVE
4374,1036,Savings,61356515,2026-05-13,MDN01,ACTIVE
4375,631,Time Deposit,374480873,2026-07-07,YGY01,ACTIVE
4376,6844,Savings,180245821,2027-09-19,JKT01,ACTIVE
4377,5982,Savings,15613462,2027-02-09,MDN01,ACTIVE
4378,1247,Time Deposit,922430930,2026-08-30,BDG01,ACTIVE
4379,6555,Time Deposit,664416199,2027-02-26,SMG01,ACTIVE
4380,7060,Savings,26235532,2027-03-12,SBY01,ACTIVE
4381,3277,Savings,170651272,2026-08-23,SMG01,ACTIVE
4382,37,Savings,11207107,2027-07-07,SBY01,ACTIVE
4383,6856,Time Deposit,497324764,2026-07-11,BDG01,ACTIVE
4384,222,Time Deposit,1227158540,2026-08-07,YGY01,ACTIVE
4385,3545,Time Deposit,813552458,2026-05-20,SBY01,ACTIVE
4386,811,Savings,79455126,2028-03-22,SMG01,ACTIVE
4387,6894,Time Deposit,1295122565,2026-11-23,JKT01,ACTIVE
4388,9347,Savings,9983742,2027-03-19,SBY01,ACTIVE
4389,1530,Savings,162759277,2027-07-29,YGY01,ACTIVE
4390,5165,Time Deposit,1104312449,2026-07-21,BDG01,ACTIVE
4391,7746,Time Deposit,618513931,2026-11-06,MDN01,ACTIVE
4392,2401,Time Deposit,214027451,2026-06-25,BDG01,ACTIVE
4393,1171,Savings,115939509,2026-06-27,MDN01,ACTIVE
4394,9990,Savings,10085594,2027-07-03,MDN01,ACTIVE
4395,1999,Savings,92154853,2026-11-27,MDN01,ACTIVE
4396,5164,Savings,106216509,2026-12-20,JKT02,ACTIVE
4397,6513,Savings,10585299,2026-10-23,MDN01,ACTIVE
4398,3486,Time Deposit,605752009,2027-02-08,SBY01,ACTIVE
4399,4209,Savings,80397969,2027-04-04,JKT02,ACTIVE
4400,1533,Savings,32167955,2027-08-08,JKT02,ACTIVE
4401,5521,Savings,31313892,2027-12-19,MDN01,ACTIVE
4402,1893,Savings,10062460,2027-09-24,SMG01,ACTIVE
4403,8898,Savings,20029674,2027-04-30,MDN01,ACTIVE
4404,3246,Time Deposit,581759161,2026-06-30,MDN01,ACTIVE
4405,9939,Savings,194985700,2027-01-01,SBY01,ACTIVE
4406,584,Savings,31057521,2028-01-16,YGY01,ACTIVE
4407,1147,Savings,20619835,2027-03-23,BDG01,ACTIVE
4408,8047,Savings,20468347,2026-11-15,MDN01,ACTIVE
4409,8910,Time Deposit,1236214873,2026-10-31,JKT02,ACTIVE
4410,7594,Savings,33721375,2027-10-24,SMG01,ACTIVE
4411,6635,Time Deposit,704916732,2026-10-13,BDG01,ACTIVE
4412,6130,Savings,7201229,2026-10-16,JKT01,ACTIVE
4413,6103,Savings,162975487,2027-07-04,BDG01,ACTIVE
4414,3844,Savings,36289256,2027-05-06,SMG01,ACTIVE
4415,5924,Savings,163963670,2027-11-03,BDG01,ACTIVE
4416,7186,Savings,37695118,2027-05-03,SBY01,ACTIVE
4417,7954,Time Deposit,1371031173,2027-01-04,BDG01,ACTIVE
4418,4506,Time Deposit,868744337,2026-08-29,JKT01,ACTIVE
4419,3579,Savings,23778735,2027-01-10,YGY01,ACTIVE
4420,844,Savings,92086252,2026-06-02,BDG01,ACTIVE
4421,7159,Savings,11383781,2027-03-12,SBY01,ACTIVE
4422,4168,Savings,47141993,2026-09-21,SBY01,ACTIVE
4423,7894,Savings,33024018,2027-06-20,JKT02,ACTIVE
4424,3944,Savings,39233514,2027-05-26,YGY01,ACTIVE
4425,1446,Time Deposit,329175649,2026-05-01,SMG01,ACTIVE
4426,900,Savings,16913408,2027-11-12,YGY01,ACTIVE
4427,4999,Savings,14352868,2027-12-17,SMG01,ACTIVE
4428,7341,Time Deposit,767659563,2027-02-09,SMG01,ACTIVE
4429,3920,Savings,24505880,2027-02-13,BDG01,ACTIVE
4430,2327,Savings,17774767,2027-03-21,SMG01,ACTIVE
4431,1308,Time Deposit,780195044,2027-01-06,SMG01,ACTIVE
4432,8972,Time Deposit,959671703,2026-08-24,SMG01,ACTIVE
4433,8972,Time Deposit,745888674,2027-01-09,BDG01,ACTIVE
4434,558,Time Deposit,1180147002,2026-05-13,BDG01,ACTIVE
4435,2928,Savings,195374774,2028-03-18,SMG01,ACTIVE
4436,9306,Savings,14358583,2027-12-19,SMG01,ACTIVE
4437,1484,Savings,14176897,2028-03-11,YGY01,ACTIVE
4438,6608,Time Deposit,927867491,2026-10-02,MDN01,ACTIVE
4439,2243,Savings,11204247,2027-06-11,SBY01,ACTIVE
4440,4708,Savings,67975152,2027-10-18,YGY01,ACTIVE
4441,8628,Time Deposit,137667867,2026-11-19,YGY01,ACTIVE
4442,5690,Savings,161160942,2027-10-10,BDG01,ACTIVE
4443,8179,Savings,8717440,2026-08-12,SBY01,ACTIVE
4444,5620,Savings,70607686,2026-10-30,YGY01,ACTIVE
4445,7904,Savings,15239795,2026-10-10,SMG01,ACTIVE
4446,3630,Time Deposit,233680029,2026-04-10,MDN01,ACTIVE
4447,3626,Savings,2731145,2026-07-20,YGY01,ACTIVE
4448,2304,Time Deposit,992238539,2026-07-12,BDG01,ACTIVE
4449,6730,Savings,98279669,2026-09-30,JKT02,ACTIVE
4450,2294,Savings,15382171,2026-08-20,BDG01,ACTIVE
4451,5141,Time Deposit,1064331319,2026-09-25,JKT01,ACTIVE
4452,4715,Savings,72054239,2027-04-06,SMG01,ACTIVE
4453,6809,Savings,179418471,2027-04-28,YGY01,ACTIVE
4454,4501,Savings,21355385,2026-07-16,BDG01,ACTIVE
4455,5984,Time Deposit,952575640,2026-12-01,SBY01,ACTIVE
4456,3560,Time Deposit,774093990,2027-02-19,JKT02,ACTIVE
4457,3855,Time Deposit,73887761,2026-09-11,JKT02,ACTIVE
4458,317,Savings,45856701,2026-05-26,JKT02,ACTIVE
4459,3174,Time Deposit,594124994,2026-10-20,BDG01,ACTIVE
4460,444,Time Deposit,685840519,2026-11-05,JKT02,ACTIVE
4461,4205,Time Deposit,380815773,2026-12-07,YGY01,ACTIVE
4462,393,Time Deposit,507276519,2026-12-07,JKT01,ACTIVE
4463,2445,Savings,25852694,2026-08-24,JKT01,ACTIVE
4464,832,Time Deposit,981406706,2026-11-28,SBY01,ACTIVE
4465,7603,Savings,15875330,2027-08-02,JKT02,ACTIVE
4466,5784,Savings,119754889,2026-11-15,MDN01,ACTIVE
4467,9706,Savings,186949536,2027-04-09,BDG01,ACTIVE
4468,5343,Savings,167102172,2027-09-25,BDG01,ACTIVE
4469,5318,Time Deposit,1239864996,2026-04-25,BDG01,ACTIVE
4470,4291,Savings,172161188,2026-12-10,YGY01,ACTIVE
4471,47,Savings,114659830,2026-12-07,SMG01,ACTIVE
4472,2936,Savings,34392037,2027-07-17,JKT02,ACTIVE
4473,6585,Savings,12275872,2027-05-16,YGY01,ACTIVE
4474,2876,Savings,52282732,2027-09-06,YGY01,ACTIVE
4475,8817,Time Deposit,1062348763,2027-01-12,SBY01,ACTIVE
4476,2118,Savings,156459984,2028-03-12,BDG01,ACTIVE
4477,4993,Time Deposit,468524129,2026-06-21,SMG01,ACTIVE
4478,5175,Time Deposit,553996156,2026-06-20,SMG01,ACTIVE
4479,627,Savings,24852921,2026-10-09,MDN01,ACTIVE
4480,2094,Time Deposit,1062726299,2027-03-11,JKT01,ACTIVE
4481,5719,Savings,15300282,2026-04-26,MDN01,ACTIVE
4482,48,Time Deposit,1158732504,2026-06-03,SMG01,ACTIVE
4483,7515,Time Deposit,824449779,2026-11-27,MDN01,ACTIVE
4484,4813,Savings,82139331,2026-08-13,SMG01,ACTIVE
4485,137,Savings,51524525,2026-08-21,JKT02,ACTIVE
4486,3919,Savings,26687616,2027-12-05,SBY01,ACTIVE
4487,4063,Time Deposit,505941502,2027-01-31,JKT02,ACTIVE
4488,4064,Time Deposit,746589775,2026-12-10,SMG01,ACTIVE
4489,4338,Savings,20280210,2027-09-25,MDN01,ACTIVE
4490,5192,Savings,61508103,2028-01-11,YGY01,ACTIVE
4491,543,Savings,14404467,2026-10-01,JKT02,ACTIVE
4492,5077,Savings,12807674,2026-10-05,MDN01,ACTIVE
4493,3700,Time Deposit,227558657,2026-08-16,SBY01,ACTIVE
4494,9318,Time Deposit,520031777,2026-05-13,SMG01,ACTIVE
4495,2991,Savings,132500094,2026-06-11,YGY01,ACTIVE
4496,9479,Time Deposit,1178871551,2026-07-17,SBY01,ACTIVE
4497,662,Savings,110026188,2026-08-23,JKT02,ACTIVE
4498,3621,Time Deposit,939894588,2026-04-18,SMG01,ACTIVE
4499,8674,Savings,2909883,2026-11-28,JKT02,ACTIVE
4500,2817,Savings,29041690,2027-12-10,SBY01,ACTIVE
4501,9024,Savings,10047966,2026-12-25,BDG01,ACTIVE
4502,9518,Time Deposit,835134224,2027-01-07,JKT01,ACTIVE
4503,51,Time Deposit,709446862,2027-02-15,JKT01,ACTIVE
4504,2676,Savings,18603460,2027-06-15,JKT01,ACTIVE
4505,5351,Savings,21321769,2027-05-28,JKT01,ACTIVE
4506,4744,Savings,10608627,2027-12-25,SBY01,ACTIVE
4507,353,Time Deposit,467613226,2026-09-29,JKT02,ACTIVE
4508,7211,Savings,185743665,2028-01-08,MDN01,ACTIVE
4509,5079,Savings,8129813,2028-02-02,YGY01,ACTIVE
4510,3071,Time Deposit,693370568,2026-05-02,YGY01,ACTIVE
4511,916,Time Deposit,422384243,2026-05-24,JKT01,ACTIVE
4512,8003,Savings,131268177,2028-02-18,SBY01,ACTIVE
4513,3955,Time Deposit,713081389,2026-06-07,SMG01,ACTIVE
4514,9947,Savings,25309964,2028-03-04,JKT01,ACTIVE
4515,149,Savings,21077685,2027-12-26,MDN01,ACTIVE
4516,5538,Savings,3468543,2028-03-24,JKT02,ACTIVE
4517,3188,Savings,8117966,2026-11-29,JKT01,ACTIVE
4518,3269,Time Deposit,497244331,2026-11-23,JKT01,ACTIVE
4519,4829,Savings,2137814,2028-02-01,SMG01,ACTIVE
4520,1811,Time Deposit,477040781,2026-06-19,SMG01,ACTIVE
4521,693,Time Deposit,745138051,2026-07-30,JKT01,ACTIVE
4522,3809,Time Deposit,477964003,2027-01-12,BDG01,ACTIVE
4523,7354,Time Deposit,683902352,2027-03-25,SMG01,ACTIVE
4524,6238,Savings,36229541,2027-03-12,SMG01,ACTIVE
4525,7997,Time Deposit,921354340,2026-07-17,BDG01,ACTIVE
4526,2585,Savings,111952521,2027-03-23,SMG01,ACTIVE
4527,4156,Savings,144317004,2027-12-29,JKT02,ACTIVE
4528,7903,Time Deposit,614795625,2026-07-20,JKT01,ACTIVE
4529,5762,Time Deposit,316901176,2027-03-08,JKT02,ACTIVE
4530,395,Savings,208304914,2027-01-14,MDN01,ACTIVE
4531,52,Time Deposit,537784293,2026-08-03,SBY01,ACTIVE
4532,972,Savings,36859353,2026-12-05,JKT02,ACTIVE
4533,9630,Time Deposit,1073576216,2026-04-16,YGY01,ACTIVE
4534,6958,Savings,115296823,2027-06-16,JKT01,ACTIVE
4535,8079,Time Deposit,343587471,2026-09-26,JKT02,ACTIVE
4536,6466,Savings,12847523,2027-03-28,SBY01,ACTIVE
4537,4728,Savings,27575568,2026-04-30,YGY01,ACTIVE
4538,1114,Time Deposit,1203642689,2027-03-03,MDN01,ACTIVE
4539,2663,Time Deposit,1058418788,2027-01-25,JKT02,ACTIVE
4540,373,Time Deposit,1551611762,2026-12-17,MDN01,ACTIVE
4541,774,Savings,8218034,2027-07-17,BDG01,ACTIVE
4542,6272,Savings,21109823,2026-09-13,YGY01,ACTIVE
4543,2708,Savings,18670145,2028-03-23,YGY01,ACTIVE
4544,6659,Time Deposit,974725148,2026-06-23,SBY01,ACTIVE
4545,4693,Savings,7366030,2027-03-22,BDG01,ACTIVE
4546,6141,Time Deposit,1194650525,2026-07-20,YGY01,ACTIVE
4547,4871,Time Deposit,712159679,2027-01-19,JKT01,ACTIVE
4548,8526,Savings,136595146,2026-09-01,MDN01,ACTIVE
4549,6961,Savings,111890875,2028-01-19,SBY01,ACTIVE
4550,2678,Savings,36522276,2026-08-01,SBY01,ACTIVE
4551,4606,Time Deposit,912249264,2026-06-09,JKT02,ACTIVE
4552,7546,Savings,13500209,2026-11-24,SMG01,ACTIVE
4553,2060,Savings,10726653,2027-06-01,SBY01,ACTIVE
4554,5964,Savings,105066181,2026-11-14,JKT01,ACTIVE
4555,3881,Time Deposit,1142335784,2027-01-09,YGY01,ACTIVE
4556,9197,Time Deposit,889765804,2026-11-08,JKT01,ACTIVE
4557,8123,Savings,27348339,2026-09-09,YGY01,ACTIVE
4558,4147,Savings,8332144,2028-03-17,SMG01,ACTIVE
4559,1938,Savings,19948230,2028-01-19,MDN01,ACTIVE
4560,3348,Savings,128285099,2028-02-13,MDN01,ACTIVE
4561,8364,Time Deposit,1178035130,2026-10-14,MDN01,ACTIVE
4562,1788,Savings,79853400,2027-05-19,JKT01,ACTIVE
4563,3845,Time Deposit,882533376,2026-08-11,SMG01,ACTIVE
4564,4828,Time Deposit,1063858863,2026-05-22,SBY01,ACTIVE
4565,6857,Savings,46247214,2027-10-20,BDG01,ACTIVE
4566,5247,Savings,9040314,2028-03-13,SBY01,ACTIVE
4567,4592,Time Deposit,688636003,2026-09-02,YGY01,ACTIVE
4568,1235,Savings,16969656,2028-02-08,SMG01,ACTIVE
4569,8039,Savings,12620472,2027-12-31,BDG01,ACTIVE
4570,10000,Savings,29945983,2027-09-03,JKT01,ACTIVE
4571,6792,Savings,10458479,2026-05-25,MDN01,ACTIVE
4572,1995,Savings,36451774,2026-08-16,JKT01,ACTIVE
4573,2424,Savings,67977208,2026-12-17,YGY01,ACTIVE
4574,3822,Savings,75520923,2027-03-06,MDN01,ACTIVE
4575,2287,Savings,126241528,2026-08-21,MDN01,ACTIVE
4576,4754,Savings,21508710,2027-10-23,SMG01,ACTIVE
4577,2348,Savings,5857750,2026-07-10,SMG01,ACTIVE
4578,7759,Time Deposit,612398420,2026-11-27,YGY01,ACTIVE
4579,4836,Savings,77205880,2026-09-10,BDG01,ACTIVE
4580,1989,Time Deposit,369009043,2026-12-03,MDN01,ACTIVE
4581,7065,Savings,53353233,2026-10-13,SBY01,ACTIVE
4582,7211,Savings,55199365,2028-01-25,BDG01,ACTIVE
4583,5916,Time Deposit,617259510,2026-05-01,BDG01,ACTIVE
4584,3771,Time Deposit,1124125921,2026-07-07,JKT02,ACTIVE
4585,4070,Savings,203615472,2027-06-24,MDN01,ACTIVE
4586,6357,Time Deposit,1208140981,2026-09-27,JKT01,ACTIVE
4587,6402,Savings,7400743,2026-11-13,BDG01,ACTIVE
4588,6125,Savings,47238544,2026-09-19,SMG01,ACTIVE
4589,9074,Savings,63860105,2027-03-08,SBY01,ACTIVE
4590,6363,Time Deposit,552041415,2026-11-03,JKT01,ACTIVE
4591,9064,Time Deposit,978626145,2026-08-08,JKT02,ACTIVE
4592,7197,Time Deposit,329500320,2026-06-06,JKT02,ACTIVE
4593,2252,Savings,9911987,2026-11-16,JKT02,ACTIVE
4594,6083,Savings,20719803,2026-06-26,JKT02,ACTIVE
4595,9996,Time Deposit,588859446,2027-03-08,JKT02,ACTIVE
4596,1989,Time Deposit,770907376,2026-08-21,MDN01,ACTIVE
4597,4331,Savings,16379701,2026-11-25,JKT01,ACTIVE
4598,7802,Savings,42601974,2026-12-09,SMG01,ACTIVE
4599,4136,Savings,101945692,2027-12-07,YGY01,ACTIVE
4600,1670,Savings,12016854,2028-02-13,SMG01,ACTIVE
4601,6784,Savings,20317715,2027-09-18,BDG01,ACTIVE
4602,7648,Savings,5822243,2026-08-09,YGY01,ACTIVE
4603,6789,Time Deposit,418432208,2026-07-09,JKT01,ACTIVE
4604,3929,Savings,26929388,2027-05-22,BDG01,ACTIVE
4605,1264,Savings,10460586,2027-05-09,MDN01,ACTIVE
4606,3758,Time Deposit,291093486,2026-11-29,JKT02,ACTIVE
4607,7543,Time Deposit,597273950,2027-01-25,JKT01,ACTIVE
4608,2755,Savings,245994605,2028-01-19,SBY01,ACTIVE
4609,7611,Savings,11702558,2026-07-29,SMG01,ACTIVE
4610,6982,Savings,32212016,2027-08-10,MDN01,ACTIVE
4611,1078,Savings,68411100,2026-11-05,YGY01,ACTIVE
4612,6809,Time Deposit,1361521076,2026-06-02,SBY01,ACTIVE
4613,2588,Time Deposit,746357533,2026-09-23,YGY01,ACTIVE
4614,2157,Savings,23521907,2027-12-21,JKT01,ACTIVE
4615,8507,Savings,172422539,2028-02-16,MDN01,ACTIVE
4616,2031,Savings,3488301,2027-05-09,MDN01,ACTIVE
4617,1228,Time Deposit,1328096757,2026-09-18,JKT02,ACTIVE
4618,4664,Time Deposit,815983692,2026-05-20,JKT02,ACTIVE
4619,3078,Time Deposit,576106091,2026-12-28,BDG01,ACTIVE
4620,3177,Savings,40440549,2027-04-29,JKT01,ACTIVE
4621,2935,Savings,5419682,2028-03-10,SBY01,ACTIVE
4622,8139,Savings,11612622,2028-02-15,SBY01,ACTIVE
4623,6869,Time Deposit,1417798161,2027-03-11,JKT02,ACTIVE
4624,9602,Savings,28157004,2027-12-05,SMG01,ACTIVE
4625,8975,Savings,32940818,2026-12-09,SMG01,ACTIVE
4626,6625,Time Deposit,611259639,2026-08-09,JKT02,ACTIVE
4627,7626,Time Deposit,547867713,2026-07-20,JKT02,ACTIVE
4628,4842,Savings,31803522,2026-12-17,JKT02,ACTIVE
4629,9500,Savings,209554539,2028-01-29,YGY01,ACTIVE
4630,9143,Savings,44464615,2026-07-03,JKT01,ACTIVE
4631,213,Time Deposit,637131733,2026-09-03,MDN01,ACTIVE
4632,8469,Savings,197147665,2026-10-01,JKT02,ACTIVE
4633,10000,Savings,20264748,2026-05-14,SBY01,ACTIVE
4634,2981,Time Deposit,1211824781,2026-11-23,SBY01,ACTIVE
4635,1421,Time Deposit,980523435,2026-05-17,BDG01,ACTIVE
4636,9137,Savings,18451177,2026-10-12,YGY01,ACTIVE
4637,8295,Savings,139090029,2028-03-03,MDN01,ACTIVE
4638,7902,Time Deposit,1152002019,2026-06-16,SMG01,ACTIVE
4639,3748,Savings,32648250,2027-07-30,MDN01,ACTIVE
4640,7535,Time Deposit,659513738,2026-06-06,YGY01,ACTIVE
4641,7374,Time Deposit,996968515,2026-12-31,JKT01,ACTIVE
4642,5562,Time Deposit,521787703,2027-01-01,SMG01,ACTIVE
4643,1091,Time Deposit,1512010400,2026-10-29,BDG01,ACTIVE
4644,9767,Savings,21671177,2027-10-04,JKT01,ACTIVE
4645,2839,Savings,19860408,2026-12-25,JKT02,ACTIVE
4646,7647,Savings,7221521,2028-01-25,JKT01,ACTIVE
4647,6234,Savings,46579948,2026-06-20,YGY01,ACTIVE
4648,3122,Savings,14984195,2026-08-12,MDN01,ACTIVE
4649,8723,Savings,120304792,2027-09-09,JKT01,ACTIVE
4650,2689,Savings,29019543,2026-11-07,SMG01,ACTIVE
4651,4524,Savings,176569064,2027-04-18,SMG01,ACTIVE
4652,9020,Savings,8966689,2027-07-19,MDN01,ACTIVE
4653,6751,Savings,18456330,2027-01-13,JKT02,ACTIVE
4654,9531,Savings,18403132,2026-09-30,JKT02,ACTIVE
4655,1247,Time Deposit,1113269707,2027-03-14,SMG01,ACTIVE
4656,7876,Time Deposit,1163755008,2026-11-24,JKT02,ACTIVE
4657,9976,Savings,24766055,2027-03-06,SMG01,ACTIVE
4658,1047,Savings,21722772,2026-09-10,SMG01,ACTIVE
4659,586,Savings,24199609,2027-02-04,BDG01,ACTIVE
4660,8830,Savings,12487298,2027-03-22,MDN01,ACTIVE
4661,4558,Savings,31797385,2026-08-17,SBY01,ACTIVE
4662,4963,Savings,45856644,2027-08-06,BDG01,ACTIVE
4663,6228,Savings,11356561,2027-05-26,SMG01,ACTIVE
4664,1262,Savings,65014023,2026-07-22,JKT01,ACTIVE
4665,2628,Savings,172973145,2027-07-08,SMG01,ACTIVE
4666,2560,Savings,170679426,2027-11-15,SBY01,ACTIVE
4667,202,Time Deposit,100922294,2026-09-08,JKT02,ACTIVE
4668,4490,Savings,20507005,2026-07-25,JKT02,ACTIVE
4669,6345,Time Deposit,343673598,2027-01-21,MDN01,ACTIVE
4670,8059,Savings,130575441,2026-05-26,BDG01,ACTIVE
4671,7749,Savings,5566574,2028-03-12,SBY01,ACTIVE
4672,2253,Savings,9675811,2028-03-13,YGY01,ACTIVE
4673,3049,Time Deposit,813417424,2026-04-16,JKT02,ACTIVE
4674,4320,Savings,81196620,2026-09-22,JKT01,ACTIVE
4675,671,Time Deposit,348582109,2026-09-24,SBY01,ACTIVE
4676,4187,Time Deposit,528345016,2026-12-15,MDN01,ACTIVE
4677,4912,Savings,20456694,2026-07-05,MDN01,ACTIVE
4678,2166,Savings,99768647,2026-10-28,SBY01,ACTIVE
4679,1204,Time Deposit,972619325,2026-12-10,YGY01,ACTIVE
4680,708,Savings,65711437,2027-10-23,MDN01,ACTIVE
4681,8211,Time Deposit,1269427806,2026-08-15,BDG01,ACTIVE
4682,1979,Savings,19992452,2028-03-11,YGY01,ACTIVE
4683,8749,Time Deposit,574805570,2026-05-15,SBY01,ACTIVE
4684,2745,Savings,95441462,2027-11-12,YGY01,ACTIVE
4685,1199,Time Deposit,464951655,2027-02-21,SMG01,ACTIVE
4686,7793,Savings,183983313,2026-09-21,JKT02,ACTIVE
4687,3396,Savings,19591424,2027-12-24,BDG01,ACTIVE
4688,4040,Savings,75378720,2027-05-10,JKT01,ACTIVE
4689,4128,Time Deposit,227928456,2026-08-16,MDN01,ACTIVE
4690,1516,Savings,10285184,2028-03-19,BDG01,ACTIVE
4691,707,Time Deposit,703878695,2026-09-29,JKT02,ACTIVE
4692,9052,Savings,28816814,2026-07-16,YGY01,ACTIVE
4693,2678,Savings,9459843,2026-09-17,BDG01,ACTIVE
4694,6347,Time Deposit,1171771857,2026-06-24,JKT01,ACTIVE
4695,5847,Savings,143178957,2028-02-25,SBY01,ACTIVE
4696,2130,Time Deposit,332078758,2027-03-13,JKT02,ACTIVE
4697,9768,Time Deposit,570874248,2027-01-23,JKT02,ACTIVE
4698,1460,Savings,24469810,2026-06-05,JKT02,ACTIVE
4699,9642,Time Deposit,1107815056,2026-04-13,YGY01,ACTIVE
4700,9741,Savings,134079923,2027-05-02,BDG01,ACTIVE
4701,1239,Savings,18558740,2027-07-06,JKT01,ACTIVE
4702,3804,Savings,18069549,2028-01-16,BDG01,ACTIVE
4703,9686,Savings,20577101,2027-01-11,JKT02,ACTIVE
4704,3736,Time Deposit,272345738,2026-04-28,SMG01,ACTIVE
4705,5171,Savings,31868969,2026-07-16,SBY01,ACTIVE
4706,3001,Time Deposit,543637522,2026-07-09,YGY01,ACTIVE
4707,3248,Savings,11629204,2027-06-02,JKT02,ACTIVE
4708,7045,Savings,42933554,2026-11-07,JKT01,ACTIVE
4709,184,Savings,7339601,2028-01-24,JKT01,ACTIVE
4710,9407,Savings,31606119,2027-06-22,SBY01,ACTIVE
4711,1614,Time Deposit,77165382,2026-08-05,MDN01,ACTIVE
4712,2996,Savings,2598816,2028-03-03,MDN01,ACTIVE
4713,7566,Savings,29196739,2026-10-01,SBY01,ACTIVE
4714,6636,Time Deposit,598129491,2026-08-28,JKT02,ACTIVE
4715,7943,Savings,21833175,2026-11-13,SMG01,ACTIVE
4716,568,Savings,93880022,2026-09-03,SMG01,ACTIVE
4717,7155,Time Deposit,1588151727,2026-12-11,BDG01,ACTIVE
4718,9493,Savings,27138423,2026-12-15,BDG01,ACTIVE
4719,4803,Savings,32001720,2026-06-11,BDG01,ACTIVE
4720,7553,Time Deposit,413194071,2026-09-09,MDN01,ACTIVE
4721,2569,Savings,13161908,2026-11-22,BDG01,ACTIVE
4722,876,Time Deposit,1202184104,2026-08-11,MDN01,ACTIVE
4723,5347,Savings,29642346,2026-08-04,JKT02,ACTIVE
4724,6387,Savings,16125929,2026-06-10,JKT01,ACTIVE
4725,886,Time Deposit,641307820,2027-01-18,SMG01,ACTIVE
4726,1631,Time Deposit,927187175,2026-05-09,SMG01,ACTIVE
4727,3423,Time Deposit,350613857,2027-01-25,SMG01,ACTIVE
4728,2102,Savings,20990048,2028-01-16,MDN01,ACTIVE
4729,3625,Savings,85503694,2026-11-30,SBY01,ACTIVE
4730,1715,Savings,53004328,2027-03-18,MDN01,ACTIVE
4731,9596,Savings,23591708,2026-11-06,SBY01,ACTIVE
4732,4099,Savings,199075387,2027-08-31,SMG01,ACTIVE
4733,2300,Savings,78451413,2027-11-15,JKT02,ACTIVE
4734,5175,Savings,230419612,2027-10-14,JKT02,ACTIVE
4735,7,Savings,67099646,2027-11-17,YGY01,ACTIVE
4736,7381,Time Deposit,1430751595,2026-09-06,MDN01,ACTIVE
4737,2365,Savings,37694282,2026-12-02,SBY01,ACTIVE
4738,7643,Savings,10051761,2026-06-24,JKT02,ACTIVE
4739,6636,Time Deposit,594579022,2026-06-15,SMG01,ACTIVE
4740,794,Time Deposit,740100105,2026-12-27,MDN01,ACTIVE
4741,5472,Time Deposit,801952417,2026-08-08,YGY01,ACTIVE
4742,8237,Savings,26275094,2028-01-24,JKT01,ACTIVE
4743,7642,Time Deposit,324176757,2026-08-12,MDN01,ACTIVE
4744,924,Time Deposit,155276721,2026-04-20,MDN01,ACTIVE
4745,9707,Time Deposit,658863839,2026-12-11,SMG01,ACTIVE
4746,6137,Savings,9071481,2027-10-29,BDG01,ACTIVE
4747,9677,Savings,25532321,2027-04-05,SMG01,ACTIVE
4748,5869,Savings,92111573,2027-01-06,JKT02,ACTIVE
4749,8817,Time Deposit,1905840691,2026-06-29,SBY01,ACTIVE
4750,7043,Savings,64907823,2026-11-25,MDN01,ACTIVE
4751,3182,Savings,179037384,2027-11-24,YGY01,ACTIVE
4752,8325,Savings,25288721,2026-12-14,JKT01,ACTIVE
4753,8446,Time Deposit,995951263,2026-11-03,SBY01,ACTIVE
4754,6979,Time Deposit,486577833,2026-05-31,SBY01,ACTIVE
4755,7079,Time Deposit,625406203,2026-07-04,SBY01,ACTIVE
4756,2063,Savings,8574185,2027-08-19,MDN01,ACTIVE
4757,5587,Time Deposit,1370756774,2026-08-27,JKT01,ACTIVE
4758,2425,Time Deposit,931500947,2026-05-18,MDN01,ACTIVE
4759,8365,Savings,49697398,2027-05-14,SBY01,ACTIVE
4760,3242,Savings,21054522,2026-05-31,BDG01,ACTIVE
4761,6713,Savings,12736452,2028-03-02,JKT02,ACTIVE
4762,1128,Savings,168536959,2027-02-01,JKT02,ACTIVE
4763,9622,Savings,6114527,2026-10-04,MDN01,ACTIVE
4764,873,Time Deposit,389996955,2027-01-07,SMG01,ACTIVE
4765,9593,Time Deposit,1376961230,2026-10-23,JKT01,ACTIVE
4766,4861,Savings,27467030,2027-02-14,YGY01,ACTIVE
4767,6473,Savings,44613095,2027-05-25,JKT02,ACTIVE
4768,5452,Savings,24500250,2027-04-14,MDN01,ACTIVE
4769,4676,Savings,130497247,2027-10-22,YGY01,ACTIVE
4770,2961,Savings,20343021,2027-01-26,MDN01,ACTIVE
4771,9787,Savings,34605153,2026-09-09,MDN01,ACTIVE
4772,2144,Savings,20032266,2026-12-25,SMG01,ACTIVE
4773,3607,Savings,178497963,2026-11-18,MDN01,ACTIVE
4774,3609,Savings,14159509,2027-04-09,SMG01,ACTIVE
4775,7736,Savings,10732398,2028-03-17,JKT01,ACTIVE
4776,4360,Savings,30560252,2027-12-22,JKT01,ACTIVE
4777,739,Time Deposit,759858667,2026-08-01,YGY01,ACTIVE
4778,3014,Savings,138745578,2026-05-05,JKT01,ACTIVE
4779,6762,Savings,40538125,2027-05-01,BDG01,ACTIVE
4780,2724,Savings,16536870,2026-10-02,SBY01,ACTIVE
4781,4870,Savings,6461702,2026-07-21,SMG01,ACTIVE
4782,6572,Savings,34147705,2028-03-04,JKT01,ACTIVE
4783,2709,Time Deposit,254548809,2026-08-28,SBY01,ACTIVE
4784,3260,Savings,178286773,2026-07-28,SBY01,ACTIVE
4785,8014,Savings,7379579,2027-11-06,MDN01,ACTIVE
4786,9258,Savings,47593168,2027-02-05,YGY01,ACTIVE
4787,5827,Savings,9276646,2027-11-09,SMG01,ACTIVE
4788,5125,Time Deposit,651156220,2026-08-20,BDG01,ACTIVE
4789,4888,Savings,121905346,2027-11-16,SMG01,ACTIVE
4790,2652,Time Deposit,249894156,2026-12-22,JKT01,ACTIVE
4791,6588,Savings,37546762,2027-01-26,JKT01,ACTIVE
4792,5370,Savings,7313163,2028-01-01,SBY01,ACTIVE
4793,7800,Savings,26514918,2027-04-16,BDG01,ACTIVE
4794,7938,Time Deposit,874712042,2026-12-11,YGY01,ACTIVE
4795,4705,Savings,4696308,2027-01-23,SMG01,ACTIVE
4796,9351,Time Deposit,1910532372,2027-02-19,BDG01,ACTIVE
4797,5707,Time Deposit,740684341,2026-05-10,BDG01,ACTIVE
4798,4289,Savings,91736975,2026-07-04,SMG01,ACTIVE
4799,4890,Time Deposit,848650942,2026-05-27,SMG01,ACTIVE
4800,8912,Savings,103902967,2026-08-28,JKT02,ACTIVE
4801,6664,Savings,116049886,2026-08-29,MDN01,ACTIVE
4802,8925,Time Deposit,555832129,2027-03-12,SMG01,ACTIVE
4803,8090,Time Deposit,405118237,2026-06-12,SBY01,ACTIVE
4804,6404,Time Deposit,1008340295,2027-03-08,BDG01,ACTIVE
4805,2761,Time Deposit,554137887,2026-06-14,JKT02,ACTIVE
4806,8667,Savings,22419833,2026-06-26,MDN01,ACTIVE
4807,1393,Savings,7829062,2026-07-08,SMG01,ACTIVE
4808,7715,Savings,40385303,2027-02-24,JKT01,ACTIVE
4809,6487,Savings,16380786,2027-03-24,MDN01,ACTIVE
4810,2091,Time Deposit,1146376798,2026-11-09,BDG01,ACTIVE
4811,3120,Time Deposit,654453916,2026-08-25,SMG01,ACTIVE
4812,7837,Savings,17902441,2027-06-10,JKT01,ACTIVE
4813,5262,Savings,30018954,2027-08-21,YGY01,ACTIVE
4814,7457,Time Deposit,498400879,2026-06-21,JKT02,ACTIVE
4815,6888,Savings,74859675,2026-08-29,MDN01,ACTIVE
4816,9871,Savings,79750739,2027-11-24,JKT01,ACTIVE
4817,1612,Time Deposit,89205590,2026-10-07,JKT01,ACTIVE
4818,7953,Time Deposit,545041425,2026-11-06,SMG01,ACTIVE
4819,2894,Savings,11706657,2027-10-20,MDN01,ACTIVE
4820,6123,Time Deposit,1135064948,2026-12-02,BDG01,ACTIVE
4821,2308,Time Deposit,303392634,2027-01-18,SMG01,ACTIVE
4822,7229,Savings,11476264,2026-10-09,YGY01,ACTIVE
4823,8233,Time Deposit,225075123,2026-05-14,SBY01,ACTIVE
4824,8192,Savings,32499826,2027-02-24,SBY01,ACTIVE
4825,417,Savings,42224425,2026-12-23,SMG01,ACTIVE
4826,8152,Time Deposit,346381172,2027-01-06,JKT02,ACTIVE
4827,8027,Savings,28866924,2027-02-02,SBY01,ACTIVE
4828,1550,Time Deposit,1505035258,2027-02-20,YGY01,ACTIVE
4829,5804,Time Deposit,803159120,2026-08-21,BDG01,ACTIVE
4830,533,Time Deposit,1914778474,2026-08-21,MDN01,ACTIVE
4831,8115,Time Deposit,615319301,2026-04-10,JKT02,ACTIVE
4832,7325,Savings,14660286,2026-07-16,SBY01,ACTIVE
4833,9069,Savings,8497998,2026-08-01,BDG01,ACTIVE
4834,2091,Savings,65278820,2027-09-21,MDN01,ACTIVE
4835,8543,Savings,15255289,2027-05-24,MDN01,ACTIVE
4836,5150,Savings,25381277,2026-12-20,SMG01,ACTIVE
4837,8782,Savings,106261952,2027-10-25,BDG01,ACTIVE
4838,2125,Time Deposit,1012276549,2026-07-06,YGY01,ACTIVE
4839,2703,Savings,74510386,2026-08-08,JKT02,ACTIVE
4840,4227,Savings,18902094,2027-07-29,SMG01,ACTIVE
4841,273,Savings,26497426,2027-07-04,BDG01,ACTIVE
4842,8111,Savings,11539790,2026-07-23,SBY01,ACTIVE
4843,4852,Savings,22908954,2027-03-03,JKT02,ACTIVE
4844,4924,Time Deposit,1236099413,2026-05-21,BDG01,ACTIVE
4845,7856,Savings,9239441,2027-02-16,YGY01,ACTIVE
4846,2939,Savings,50352105,2027-09-24,YGY01,ACTIVE
4847,4278,Savings,15460436,2026-08-14,JKT02,ACTIVE
4848,8593,Savings,47930332,2028-03-14,SBY01,ACTIVE
4849,8261,Savings,14355547,2026-08-07,BDG01,ACTIVE
4850,9118,Time Deposit,783923656,2026-07-18,SMG01,ACTIVE
4851,4709,Time Deposit,757700914,2026-04-23,SMG01,ACTIVE
4852,7003,Time Deposit,932962386,2026-04-12,MDN01,ACTIVE
4853,342,Savings,24588058,2027-01-28,YGY01,ACTIVE
4854,8853,Savings,90696940,2026-07-22,SBY01,ACTIVE
4855,5694,Time Deposit,613560881,2027-01-07,SBY01,ACTIVE
4856,4407,Savings,44891084,2027-10-12,BDG01,ACTIVE
4857,2561,Time Deposit,955037122,2026-10-20,YGY01,ACTIVE
4858,1476,Savings,30987717,2027-05-28,BDG01,ACTIVE
4859,9544,Time Deposit,662855069,2027-01-30,JKT02,ACTIVE
4860,8223,Savings,37781084,2026-09-15,SBY01,ACTIVE
4861,8053,Time Deposit,603550467,2026-06-21,JKT02,ACTIVE
4862,2531,Savings,209620745,2028-03-23,MDN01,ACTIVE
4863,5052,Time Deposit,594123807,2026-09-30,JKT02,ACTIVE
4864,6333,Savings,30557004,2027-10-16,BDG01,ACTIVE
4865,306,Savings,45263352,2027-02-08,SBY01,ACTIVE
4866,2979,Savings,14113224,2027-04-22,SMG01,ACTIVE
4867,7410,Savings,16741904,2028-01-02,SMG01,ACTIVE
4868,8319,Time Deposit,429219350,2027-01-20,MDN01,ACTIVE
4869,7818,Time Deposit,882334494,2026-07-27,SMG01,ACTIVE
4870,1142,Time Deposit,584985255,2026-08-29,SMG01,ACTIVE
4871,6883,Savings,75971497,2027-03-23,BDG01,ACTIVE
4872,9156,Savings,24498134,2027-05-08,JKT02,ACTIVE
4873,2484,Savings,34504790,2026-08-08,SBY01,ACTIVE
4874,4394,Savings,37077024,2026-12-10,MDN01,ACTIVE
4875,5680,Savings,19432843,2026-11-02,SBY01,ACTIVE
4876,3207,Savings,206281532,2027-04-11,MDN01,ACTIVE
4877,4190,Savings,172497059,2027-10-17,SBY01,ACTIVE
4878,486,Time Deposit,1333312252,2026-07-27,JKT02,ACTIVE
4879,4308,Savings,65885014,2027-01-21,MDN01,ACTIVE
4880,8794,Time Deposit,940635789,2026-06-25,SMG01,ACTIVE
4881,8737,Time Deposit,862219108,2026-04-10,JKT01,ACTIVE
4882,6470,Savings,5340234,2027-05-07,JKT02,ACTIVE
4883,3685,Savings,29239592,2027-05-01,JKT02,ACTIVE
4884,3991,Time Deposit,530991576,2026-07-03,SMG01,ACTIVE
4885,275,Savings,14719634,2026-07-17,BDG01,ACTIVE
4886,963,Savings,147416655,2028-02-02,MDN01,ACTIVE
4887,6556,Savings,12104700,2027-12-11,JKT01,ACTIVE
4888,7616,Time Deposit,248544552,2026-12-29,MDN01,ACTIVE
4889,6249,Time Deposit,1354818726,2026-09-18,MDN01,ACTIVE
4890,3802,Time Deposit,189034805,2026-07-21,SMG01,ACTIVE
4891,6136,Time Deposit,453646824,2026-05-06,MDN01,ACTIVE
4892,6943,Savings,64759528,2027-04-06,JKT01,ACTIVE
4893,4032,Time Deposit,777472548,2027-01-28,SMG01,ACTIVE
4894,8887,Savings,26294638,2028-02-15,YGY01,ACTIVE
4895,6608,Savings,123256025,2027-05-10,JKT01,ACTIVE
4896,8200,Time Deposit,756558353,2027-03-02,JKT02,ACTIVE
4897,9133,Savings,156955980,2028-02-17,JKT01,ACTIVE
4898,5754,Savings,9611521,2027-06-21,BDG01,ACTIVE
4899,97,Time Deposit,1107317419,2026-12-28,JKT02,ACTIVE
4900,4062,Savings,46170170,2028-02-26,SMG01,ACTIVE
4901,2337,Time Deposit,1008485108,2027-01-02,JKT02,ACTIVE
4902,4743,Savings,37978436,2028-01-27,SBY01,ACTIVE
4903,538,Savings,24165799,2027-07-24,JKT02,ACTIVE
4904,8225,Time Deposit,554804727,2027-03-09,BDG01,ACTIVE
4905,547,Savings,24608393,2026-07-03,SBY01,ACTIVE
4906,613,Time Deposit,307512350,2026-11-16,BDG01,ACTIVE
4907,3420,Time Deposit,1016389390,2026-08-29,JKT01,ACTIVE
4908,7394,Savings,170819483,2027-01-29,JKT02,ACTIVE
4909,7186,Savings,35181268,2026-12-10,BDG01,ACTIVE
4910,621,Savings,36760160,2027-09-07,JKT01,ACTIVE
4911,5266,Savings,10861546,2027-06-18,JKT02,ACTIVE
4912,9976,Savings,14602986,2027-07-28,YGY01,ACTIVE
4913,7438,Savings,12711157,2028-02-17,BDG01,ACTIVE
4914,8567,Time Deposit,576628965,2026-06-16,SMG01,ACTIVE
4915,557,Time Deposit,429978454,2026-07-25,SMG01,ACTIVE
4916,8290,Time Deposit,966952099,2027-03-13,BDG01,ACTIVE
4917,6865,Time Deposit,906294104,2027-02-10,MDN01,ACTIVE
4918,5730,Savings,72064806,2027-03-29,JKT02,ACTIVE
4919,3825,Savings,114271985,2027-06-21,JKT01,ACTIVE
4920,8137,Savings,9469733,2026-10-25,BDG01,ACTIVE
4921,4064,Savings,91593101,2026-11-19,SBY01,ACTIVE
4922,5267,Savings,199214568,2027-07-06,BDG01,ACTIVE
4923,356,Savings,8456082,2027-01-08,YGY01,ACTIVE
4924,3479,Savings,39616083,2026-08-03,SBY01,ACTIVE
4925,7275,Time Deposit,1507998169,2026-09-24,SBY01,ACTIVE
4926,3317,Time Deposit,848732222,2026-09-25,SBY01,ACTIVE
4927,3699,Savings,19482888,2026-09-29,JKT02,ACTIVE
4928,9889,Savings,10280537,2026-12-04,JKT02,ACTIVE
4929,4252,Savings,11110508,2027-12-28,JKT01,ACTIVE
4930,1339,Time Deposit,639371102,2026-10-21,YGY01,ACTIVE
4931,1545,Savings,20108833,2026-08-08,JKT01,ACTIVE
4932,554,Time Deposit,1143794867,2026-12-06,JKT01,ACTIVE
4933,6842,Savings,17440270,2027-08-30,SMG01,ACTIVE
4934,3692,Time Deposit,559744543,2026-08-04,MDN01,ACTIVE
4935,4262,Savings,223075699,2026-09-06,MDN01,ACTIVE
4936,5218,Time Deposit,977449244,2026-12-12,SMG01,ACTIVE
4937,4782,Savings,17775335,2026-06-13,MDN01,ACTIVE
4938,3304,Time Deposit,388256053,2026-08-06,MDN01,ACTIVE
4939,6034,Time Deposit,385081116,2026-09-29,JKT01,ACTIVE
4940,1912,Savings,14071704,2026-10-27,BDG01,ACTIVE
4941,2003,Savings,47207486,2026-07-30,YGY01,ACTIVE
4942,3821,Savings,61474187,2026-06-19,MDN01,ACTIVE
4943,8332,Time Deposit,1069305412,2026-10-04,BDG01,ACTIVE
4944,8949,Savings,41742331,2028-02-02,BDG01,ACTIVE
4945,5668,Savings,30711943,2027-07-25,SMG01,ACTIVE
4946,9376,Time Deposit,211239272,2026-05-15,JKT02,ACTIVE
4947,4378,Savings,21016597,2026-08-23,BDG01,ACTIVE
4948,3803,Savings,99056357,2026-10-12,SMG01,ACTIVE
4949,8873,Savings,10337449,2026-05-14,SBY01,ACTIVE
4950,7332,Time Deposit,397047721,2026-05-12,SBY01,ACTIVE
4951,4519,Savings,187872165,2026-11-21,MDN01,ACTIVE
4952,8709,Savings,215808192,2026-07-12,SMG01,ACTIVE
4953,6368,Time Deposit,347880145,2026-11-10,SBY01,ACTIVE
4954,9526,Time Deposit,558138681,2026-08-04,JKT02,ACTIVE
4955,8703,Savings,36634935,2027-06-08,JKT02,ACTIVE
4956,7910,Savings,115042859,2026-09-07,JKT02,ACTIVE
4957,6580,Savings,35426280,2027-05-31,JKT01,ACTIVE
4958,2157,Savings,25343777,2027-02-15,SMG01,ACTIVE
4959,1605,Time Deposit,1047163579,2027-01-29,JKT01,ACTIVE
4960,5168,Time Deposit,1510708317,2026-05-03,SMG01,ACTIVE
4961,5992,Time Deposit,1152455889,2026-12-02,JKT01,ACTIVE
4962,9931,Time Deposit,411578566,2027-03-11,BDG01,ACTIVE
4963,7415,Savings,30455078,2026-07-22,YGY01,ACTIVE
4964,8031,Savings,4652162,2027-06-13,SMG01,ACTIVE
4965,4627,Savings,79948566,2027-03-05,JKT02,ACTIVE
4966,2030,Savings,90058085,2027-01-12,YGY01,ACTIVE
4967,8667,Savings,10879346,2027-11-25,SBY01,ACTIVE
4968,130,Savings,36375777,2027-12-06,BDG01,ACTIVE
4969,1538,Time Deposit,1535782086,2026-07-11,JKT01,ACTIVE
4970,3108,Savings,37330384,2027-09-26,BDG01,ACTIVE
4971,1210,Savings,127497357,2026-06-06,MDN01,ACTIVE
4972,4750,Savings,21860089,2027-09-16,JKT02,ACTIVE
4973,5062,Savings,18512688,2027-05-21,JKT02,ACTIVE
4974,8683,Time Deposit,836120207,2027-03-23,MDN01,ACTIVE
4975,8031,Savings,10216152,2026-06-05,JKT01,ACTIVE
4976,2903,Savings,17999704,2028-01-29,SBY01,ACTIVE
4977,1001,Savings,117382807,2026-08-14,SBY01,ACTIVE
4978,9533,Time Deposit,725608357,2026-04-27,BDG01,ACTIVE
4979,9782,Savings,7577991,2026-11-26,JKT02,ACTIVE
4980,8073,Time Deposit,733788376,2026-11-13,SBY01,ACTIVE
4981,7821,Time Deposit,395758405,2026-12-03,SMG01,ACTIVE
4982,5676,Savings,59078829,2027-01-13,BDG01,ACTIVE
4983,6254,Time Deposit,814291941,2027-02-16,YGY01,ACTIVE
4984,1491,Savings,33118885,2026-07-25,BDG01,ACTIVE
4985,747,Time Deposit,1749510785,2026-08-30,SBY01,ACTIVE
4986,5570,Savings,12065707,2027-04-27,SMG01,ACTIVE
4987,3863,Savings,59509815,2027-08-26,SMG01,ACTIVE
4988,691,Savings,25180103,2026-08-05,JKT01,ACTIVE
4989,3430,Time Deposit,766057215,2026-10-20,JKT02,ACTIVE
4990,3232,Savings,23164559,2027-08-23,SMG01,ACTIVE
4991,8998,Savings,20703246,2027-10-07,MDN01,ACTIVE
4992,7894,Savings,22727789,2026-12-07,MDN01,ACTIVE
4993,3464,Savings,18323968,2028-02-18,BDG01,ACTIVE
4994,9353,Time Deposit,719771326,2027-02-12,JKT02,ACTIVE
4995,93,Savings,47052743,2026-05-19,SBY01,ACTIVE
4996,5361,Time Deposit,351904742,2027-01-15,YGY01,ACTIVE
4997,1747,Time Deposit,338255029,2026-07-16,SBY01,ACTIVE
4998,6805,Time Deposit,600593216,2027-03-15,MDN01,ACTIVE
4999,2144,Savings,34084122,2026-08-07,SBY01,ACTIVE
5000,1362,Savings,35338893,2026-11-16,MDN01,ACTIVE
5001,883,Savings,3691254,2028-01-19,SBY01,ACTIVE
5002,9140,Time Deposit,1599898645,2026-10-06,JKT02,ACTIVE
5003,4403,Savings,62941035,2026-08-09,SMG01,ACTIVE
5004,8890,Savings,140740287,2026-12-31,SBY01,ACTIVE
5005,1972,Time Deposit,1222294165,2026-09-02,BDG01,ACTIVE
5006,7817,Savings,33645927,2027-06-29,JKT02,ACTIVE
5007,7417,Time Deposit,1250030234,2026-08-12,SBY01,ACTIVE
5008,6959,Savings,38584682,2026-12-28,SMG01,ACTIVE
5009,145,Time Deposit,827559042,2026-06-28,SMG01,ACTIVE
5010,7694,Time Deposit,509728076,2026-09-10,SBY01,ACTIVE
5011,1823,Savings,57522886,2027-05-24,YGY01,ACTIVE
5012,1576,Time Deposit,775841534,2027-01-24,BDG01,ACTIVE
5013,5192,Savings,43082132,2027-11-27,YGY01,ACTIVE
5014,152,Time Deposit,240141329,2026-07-23,MDN01,ACTIVE
5015,2869,Savings,80308060,2026-10-21,BDG01,ACTIVE
5016,8737,Time Deposit,836077731,2026-12-11,YGY01,ACTIVE
5017,2112,Savings,74062420,2028-02-29,SBY01,ACTIVE
5018,5652,Savings,33035207,2027-08-12,SMG01,ACTIVE
5019,3355,Time Deposit,213804520,2026-12-03,JKT01,ACTIVE
5020,6805,Savings,29166507,2026-12-26,SMG01,ACTIVE
5021,116,Time Deposit,227546024,2027-01-18,BDG01,ACTIVE
5022,7175,Savings,18043316,2027-04-27,SBY01,ACTIVE
5023,4025,Savings,70758405,2027-10-07,SMG01,ACTIVE
5024,9640,Time Deposit,983513110,2026-07-08,MDN01,ACTIVE
5025,6300,Savings,47272914,2026-04-27,MDN01,ACTIVE
5026,3541,Savings,71797145,2027-04-16,JKT01,ACTIVE
5027,5751,Time Deposit,386154174,2026-12-03,YGY01,ACTIVE
5028,8841,Time Deposit,534799681,2026-08-30,SBY01,ACTIVE
5029,8880,Time Deposit,1143471588,2026-12-29,YGY01,ACTIVE
5030,2911,Time Deposit,625267346,2027-03-02,JKT02,ACTIVE
5031,4897,Time Deposit,318793358,2026-07-13,JKT01,ACTIVE
5032,2543,Savings,35600522,2026-11-19,SMG01,ACTIVE
5033,4681,Savings,90508867,2028-02-02,JKT01,ACTIVE
5034,9373,Time Deposit,219296135,2026-09-12,SBY01,ACTIVE
5035,6352,Time Deposit,600489788,2027-02-21,JKT02,ACTIVE
5036,1296,Savings,21773839,2028-02-14,JKT01,ACTIVE
5037,3098,Savings,9833390,2026-09-15,BDG01,ACTIVE
5038,4773,Savings,45262771,2026-04-28,MDN01,ACTIVE
5039,2856,Savings,19350389,2027-02-15,JKT01,ACTIVE
5040,3317,Savings,194838825,2026-05-13,SBY01,ACTIVE
5041,6136,Savings,64957255,2027-10-01,BDG01,ACTIVE
5042,3446,Time Deposit,803611950,2026-05-11,YGY01,ACTIVE
5043,88,Time Deposit,543323980,2026-12-18,JKT02,ACTIVE
5044,8291,Time Deposit,1337433705,2026-06-15,JKT01,ACTIVE
5045,9303,Savings,12685077,2027-08-15,SMG01,ACTIVE
5046,4025,Savings,43653285,2027-10-30,JKT01,ACTIVE
5047,6431,Time Deposit,470400900,2026-10-23,SBY01,ACTIVE
5048,8313,Savings,9323251,2026-05-15,YGY01,ACTIVE
5049,7279,Savings,9348070,2027-02-23,SBY01,ACTIVE
5050,355,Time Deposit,525071190,2026-10-12,SMG01,ACTIVE
5051,6869,Time Deposit,719581015,2026-06-14,YGY01,ACTIVE
5052,3184,Savings,10947695,2027-06-28,MDN01,ACTIVE
5053,8041,Savings,121726497,2028-02-24,BDG01,ACTIVE
5054,5137,Time Deposit,168025423,2026-08-18,JKT02,ACTIVE
5055,420,Time Deposit,490343739,2026-08-01,BDG01,ACTIVE
5056,933,Savings,152854000,2026-09-17,SBY01,ACTIVE
5057,5689,Savings,9619130,2026-08-07,SMG01,ACTIVE
5058,5482,Time Deposit,707765092,2026-07-11,SBY01,ACTIVE
5059,5516,Time Deposit,626567449,2026-09-24,YGY01,ACTIVE
5060,8467,Time Deposit,873367871,2026-05-14,BDG01,ACTIVE
5061,4908,Savings,165648587,2027-01-01,SBY01,ACTIVE
5062,2538,Savings,17147229,2026-07-06,JKT02,ACTIVE
5063,1073,Time Deposit,512886474,2026-04-15,YGY01,ACTIVE
5064,7390,Savings,107700824,2026-08-18,SBY01,ACTIVE
5065,2154,Time Deposit,158044596,2026-07-18,BDG01,ACTIVE
5066,9828,Time Deposit,536013536,2026-12-06,JKT01,ACTIVE
5067,716,Time Deposit,242170747,2027-03-13,JKT02,ACTIVE
5068,9087,Savings,20653626,2026-05-03,JKT02,ACTIVE
5069,5684,Time Deposit,1414628573,2026-08-13,JKT02,ACTIVE
5070,1498,Savings,3825858,2026-09-19,BDG01,ACTIVE
5071,3776,Savings,149340737,2027-06-05,BDG01,ACTIVE
5072,794,Time Deposit,886008126,2027-02-18,SBY01,ACTIVE
5073,1389,Savings,23937857,2027-04-19,SMG01,ACTIVE
5074,7434,Savings,120017202,2027-06-22,JKT01,ACTIVE
5075,6830,Time Deposit,412729028,2027-03-16,BDG01,ACTIVE
5076,7808,Time Deposit,622340396,2026-09-04,JKT01,ACTIVE
5077,4103,Time Deposit,995076933,2027-01-03,JKT02,ACTIVE
5078,7718,Time Deposit,123389039,2026-08-24,JKT02,ACTIVE
5079,3693,Time Deposit,181402308,2027-02-13,SBY01,ACTIVE
5080,2632,Savings,12071252,2027-08-02,BDG01,ACTIVE
5081,2264,Savings,83704152,2027-03-29,JKT02,ACTIVE
5082,3705,Time Deposit,492240937,2026-09-30,SBY01,ACTIVE
5083,124,Savings,18338345,2028-02-27,JKT01,ACTIVE
5084,4819,Savings,106466620,2027-06-01,JKT02,ACTIVE
5085,7868,Savings,27730010,2026-08-05,SMG01,ACTIVE
5086,6528,Savings,45641943,2027-12-16,BDG01,ACTIVE
5087,4740,Time Deposit,1521156229,2026-07-10,SMG01,ACTIVE
5088,9101,Time Deposit,401228262,2026-09-26,YGY01,ACTIVE
5089,7570,Savings,13836762,2027-11-28,SMG01,ACTIVE
5090,2071,Savings,102010989,2027-06-01,YGY01,ACTIVE
5091,268,Savings,50958213,2027-02-23,BDG01,ACTIVE
5092,9381,Time Deposit,337851783,2027-01-27,JKT01,ACTIVE
5093,815,Time Deposit,825350829,2027-02-18,YGY01,ACTIVE
5094,2755,Time Deposit,1753573295,2026-07-07,JKT02,ACTIVE
5095,1560,Savings,99388802,2026-07-29,BDG01,ACTIVE
5096,6027,Savings,14424677,2027-08-31,JKT01,ACTIVE
5097,4805,Savings,24089258,2026-06-13,JKT01,ACTIVE
5098,5746,Savings,30440091,2026-08-09,JKT01,ACTIVE
5099,312,Savings,22024454,2028-03-05,BDG01,ACTIVE
5100,1981,Time Deposit,1555656628,2026-05-16,YGY01,ACTIVE
5101,6081,Time Deposit,360672186,2026-11-23,JKT02,ACTIVE
5102,5510,Savings,53256526,2027-02-12,SBY01,ACTIVE
5103,4772,Time Deposit,248052370,2026-07-31,SBY01,ACTIVE
5104,4395,Savings,7975449,2027-09-17,SMG01,ACTIVE
5105,6924,Savings,25986007,2027-07-20,SBY01,ACTIVE
5106,3745,Savings,43253443,2027-08-19,JKT01,ACTIVE
5107,9676,Time Deposit,367081618,2027-01-21,YGY01,ACTIVE
5108,1394,Savings,19758669,2027-10-01,JKT02,ACTIVE
5109,4813,Time Deposit,823515702,2026-09-16,SMG01,ACTIVE
5110,9911,Savings,24801217,2026-06-11,JKT02,ACTIVE
5111,1665,Time Deposit,252510694,2026-11-12,SBY01,ACTIVE
5112,9592,Savings,25408399,2027-03-24,JKT01,ACTIVE
5113,5399,Savings,10095923,2027-05-21,JKT02,ACTIVE
5114,4175,Time Deposit,161993613,2026-12-16,SMG01,ACTIVE
5115,3909,Time Deposit,1523477893,2026-05-28,SBY01,ACTIVE
5116,4742,Savings,38163863,2027-04-09,BDG01,ACTIVE
5117,7909,Savings,20978349,2027-01-11,SBY01,ACTIVE
5118,7029,Savings,38070981,2027-01-05,JKT01,ACTIVE
5119,6992,Savings,44557586,2027-08-01,JKT01,ACTIVE
5120,1669,Savings,10453445,2027-09-17,SBY01,ACTIVE
5121,668,Time Deposit,290957857,2026-07-14,MDN01,ACTIVE
5122,8948,Savings,3163607,2026-10-17,YGY01,ACTIVE
5123,5875,Savings,198200540,2027-01-04,YGY01,ACTIVE
5124,6608,Time Deposit,1525227612,2027-01-24,BDG01,ACTIVE
5125,5442,Savings,71379210,2026-06-30,JKT01,ACTIVE
5126,783,Savings,22207562,2027-07-02,JKT02,ACTIVE
5127,1532,Time Deposit,1183419985,2027-01-17,JKT01,ACTIVE
5128,6984,Savings,25891589,2027-12-18,MDN01,ACTIVE
5129,5499,Savings,202238612,2027-07-29,YGY01,ACTIVE
5130,3859,Time Deposit,874389884,2027-01-26,MDN01,ACTIVE
5131,3320,Savings,152003296,2027-11-18,BDG01,ACTIVE
5132,7921,Savings,8787852,2028-02-01,JKT02,ACTIVE
5133,1321,Savings,16312573,2027-11-07,YGY01,ACTIVE
5134,2153,Savings,98959895,2027-11-09,YGY01,ACTIVE
5135,3989,Savings,21155697,2027-02-05,SBY01,ACTIVE
5136,1167,Savings,42721457,2027-04-08,JKT01,ACTIVE
5137,6445,Time Deposit,1519147192,2026-10-04,MDN01,ACTIVE
5138,4540,Savings,22368587,2027-08-09,SBY01,ACTIVE
5139,2860,Savings,138070393,2027-12-15,SMG01,ACTIVE
5140,4090,Savings,29424461,2028-02-21,JKT02,ACTIVE
5141,3455,Savings,27932910,2027-11-09,JKT02,ACTIVE
5142,4408,Time Deposit,655595261,2026-10-17,JKT02,ACTIVE
5143,2269,Savings,66259922,2027-07-31,MDN01,ACTIVE
5144,929,Time Deposit,316369621,2026-08-04,JKT02,ACTIVE
5145,8557,Savings,21859587,2027-08-06,JKT02,ACTIVE
5146,9894,Time Deposit,862904378,2026-05-28,SBY01,ACTIVE
5147,8596,Time Deposit,650592089,2026-05-10,BDG01,ACTIVE
5148,6253,Time Deposit,582840236,2026-10-07,SMG01,ACTIVE
5149,5834,Time Deposit,1288424212,2027-03-03,YGY01,ACTIVE
5150,2173,Savings,63060157,2026-12-06,MDN01,ACTIVE
5151,8387,Savings,23070336,2028-01-18,JKT02,ACTIVE
5152,9659,Time Deposit,278714909,2026-06-22,SBY01,ACTIVE
5153,8031,Savings,40627999,2026-08-13,SBY01,ACTIVE
5154,5984,Savings,140180634,2026-09-18,MDN01,ACTIVE
5155,7554,Time Deposit,1464766330,2026-07-10,JKT02,ACTIVE
5156,7626,Savings,102263741,2026-08-18,YGY01,ACTIVE
5157,6644,Savings,12144349,2026-06-15,JKT01,ACTIVE
5158,8023,Time Deposit,204300910,2026-12-17,BDG01,ACTIVE
5159,8181,Time Deposit,927363461,2027-01-08,MDN01,ACTIVE
5160,1236,Savings,19562466,2027-01-11,JKT02,ACTIVE
5161,8419,Savings,40215022,2027-07-23,MDN01,ACTIVE
5162,5780,Time Deposit,1287253545,2026-08-07,SMG01,ACTIVE
5163,5489,Time Deposit,471424996,2027-01-16,BDG01,ACTIVE
5164,8709,Time Deposit,1330547112,2026-11-03,BDG01,ACTIVE
5165,3924,Savings,56639681,2028-01-22,JKT01,ACTIVE
5166,9911,Time Deposit,523460094,2026-11-21,JKT02,ACTIVE
5167,9917,Time Deposit,1562892720,2026-12-30,SMG01,ACTIVE
5168,8242,Time Deposit,915921983,2027-01-28,JKT02,ACTIVE
5169,5857,Savings,6005505,2027-10-07,JKT02,ACTIVE
5170,648,Savings,14686326,2027-03-26,JKT01,ACTIVE
5171,8628,Savings,20958226,2026-08-26,BDG01,ACTIVE
5172,5730,Savings,208293967,2027-02-15,SMG01,ACTIVE
5173,6359,Savings,19962638,2027-10-19,BDG01,ACTIVE
5174,235,Time Deposit,226411463,2027-03-09,JKT01,ACTIVE
5175,5260,Time Deposit,747956590,2026-05-14,BDG01,ACTIVE
5176,4898,Time Deposit,1646986728,2027-02-20,SBY01,ACTIVE
5177,8920,Savings,20549352,2026-08-03,MDN01,ACTIVE
5178,103,Savings,14147536,2027-04-12,JKT01,ACTIVE
5179,5176,Savings,29550590,2026-12-13,SBY01,ACTIVE
5180,5985,Time Deposit,862750250,2026-08-20,SBY01,ACTIVE
5181,4567,Savings,155918505,2027-08-30,JKT02,ACTIVE
5182,797,Savings,126512560,2027-09-25,YGY01,ACTIVE
5183,1538,Savings,39166222,2027-08-10,BDG01,ACTIVE
5184,9308,Savings,24462335,2027-10-22,JKT01,ACTIVE
5185,3121,Time Deposit,240721583,2026-12-06,JKT02,ACTIVE
5186,2655,Savings,32683797,2026-12-18,YGY01,ACTIVE
5187,3554,Savings,44224128,2026-11-23,YGY01,ACTIVE
5188,9360,Time Deposit,649973912,2026-06-29,MDN01,ACTIVE
5189,460,Savings,27807073,2027-11-29,JKT01,ACTIVE
5190,3714,Savings,39346516,2026-05-06,BDG01,ACTIVE
5191,4500,Time Deposit,1491269801,2027-01-11,SMG01,ACTIVE
5192,2081,Savings,221289294,2027-07-21,BDG01,ACTIVE
5193,3146,Savings,22994158,2026-09-05,JKT01,ACTIVE
5194,7686,Time Deposit,334097776,2027-03-17,SMG01,ACTIVE
5195,5419,Savings,26959247,2026-10-14,BDG01,ACTIVE
5196,2908,Savings,10997403,2027-04-07,JKT01,ACTIVE
5197,4911,Time Deposit,168272789,2026-10-01,SBY01,ACTIVE
5198,832,Time Deposit,1566419893,2027-03-11,MDN01,ACTIVE
5199,1176,Savings,117699702,2027-09-21,MDN01,ACTIVE
5200,9530,Savings,18925626,2026-08-29,MDN01,ACTIVE
5201,2835,Time Deposit,568247176,2026-12-13,SMG01,ACTIVE
5202,783,Savings,36931354,2027-10-28,BDG01,ACTIVE
5203,6610,Savings,90645046,2027-10-30,JKT02,ACTIVE
5204,8907,Savings,33503123,2027-02-21,SBY01,ACTIVE
5205,3431,Time Deposit,1130792545,2026-07-11,JKT02,ACTIVE
5206,1743,Time Deposit,1484855075,2026-08-15,BDG01,ACTIVE
5207,8502,Savings,30565581,2028-01-05,JKT01,ACTIVE
5208,2046,Savings,12834037,2027-03-03,JKT02,ACTIVE
5209,1848,Savings,56589240,2026-12-28,JKT02,ACTIVE
5210,5221,Time Deposit,1060408938,2026-07-20,BDG01,ACTIVE
5211,5622,Time Deposit,482435788,2026-05-09,YGY01,ACTIVE
5212,904,Savings,8370587,2027-07-11,SBY01,ACTIVE
5213,1390,Savings,87711653,2027-08-18,SMG01,ACTIVE
5214,1877,Savings,144714087,2026-08-08,SMG01,ACTIVE
5215,7330,Time Deposit,976242105,2026-08-14,BDG01,ACTIVE
5216,6128,Savings,18910897,2027-12-25,JKT02,ACTIVE
5217,8654,Savings,16646050,2028-01-09,SBY01,ACTIVE
5218,372,Time Deposit,283047867,2026-04-11,SMG01,ACTIVE
5219,3786,Savings,9992701,2027-01-04,BDG01,ACTIVE
5220,9447,Savings,27236672,2027-07-29,SMG01,ACTIVE
5221,1124,Savings,26757393,2026-11-07,JKT01,ACTIVE
5222,5992,Savings,183415538,2027-07-26,MDN01,ACTIVE
5223,5457,Savings,32466218,2027-06-23,MDN01,ACTIVE
5224,40,Time Deposit,642940940,2027-02-24,SBY01,ACTIVE
5225,1215,Savings,85826254,2027-07-05,JKT01,ACTIVE
5226,350,Savings,21764652,2027-03-01,BDG01,ACTIVE
5227,819,Savings,30803526,2026-11-16,MDN01,ACTIVE
5228,5189,Time Deposit,581554727,2027-03-23,MDN01,ACTIVE
5229,7747,Savings,148658923,2027-02-07,MDN01,ACTIVE
5230,551,Savings,7665888,2027-03-08,SMG01,ACTIVE
5231,8204,Savings,30882442,2026-12-02,SBY01,ACTIVE
5232,888,Time Deposit,1824471322,2026-07-30,JKT02,ACTIVE
5233,4564,Savings,24694203,2026-06-23,SBY01,ACTIVE
5234,2146,Time Deposit,777126056,2026-11-07,MDN01,ACTIVE
5235,2156,Time Deposit,283354244,2026-10-03,JKT02,ACTIVE
5236,2623,Savings,18654838,2027-06-18,JKT01,ACTIVE
5237,3689,Savings,188440321,2027-05-10,JKT01,ACTIVE
5238,2020,Savings,191083903,2027-01-05,YGY01,ACTIVE
5239,6858,Time Deposit,225358942,2026-07-17,SMG01,ACTIVE
5240,7633,Savings,12404762,2027-12-11,BDG01,ACTIVE
5241,5775,Savings,99793999,2027-09-07,SMG01,ACTIVE
5242,558,Savings,93809784,2027-04-11,MDN01,ACTIVE
5243,9170,Savings,24357165,2028-02-27,SBY01,ACTIVE
5244,2274,Savings,74186823,2027-11-22,SMG01,ACTIVE
5245,7285,Savings,53803139,2027-07-16,SBY01,ACTIVE
5246,1438,Savings,20549020,2027-05-25,SBY01,ACTIVE
5247,9636,Savings,47831575,2026-07-30,SBY01,ACTIVE
5248,4075,Savings,23459678,2026-11-07,JKT01,ACTIVE
5249,6932,Savings,3628876,2026-06-13,BDG01,ACTIVE
5250,5200,Savings,2869844,2026-12-04,SBY01,ACTIVE
5251,8146,Savings,40500801,2027-12-28,JKT01,ACTIVE
5252,5277,Savings,47976753,2028-03-23,YGY01,ACTIVE
5253,4819,Time Deposit,1090057566,2027-03-09,YGY01,ACTIVE
5254,8814,Savings,30821012,2026-09-20,JKT01,ACTIVE
5255,5632,Savings,13974066,2026-10-04,JKT01,ACTIVE
5256,3303,Time Deposit,320041463,2026-10-20,JKT01,ACTIVE
5257,8241,Savings,37702921,2026-12-21,SMG01,ACTIVE
5258,3115,Time Deposit,220626625,2026-07-01,JKT02,ACTIVE
5259,4993,Savings,66714554,2026-08-15,BDG01,ACTIVE
5260,9104,Savings,20906861,2027-01-19,SBY01,ACTIVE
5261,4271,Savings,64419200,2027-09-24,BDG01,ACTIVE
5262,1083,Savings,191231170,2027-05-22,MDN01,ACTIVE
5263,452,Time Deposit,662875597,2026-04-26,SMG01,ACTIVE
5264,1911,Savings,41758034,2026-11-23,BDG01,ACTIVE
5265,241,Savings,3957650,2026-05-02,YGY01,ACTIVE
5266,7546,Time Deposit,418006229,2026-04-14,JKT01,ACTIVE
5267,7613,Savings,22097850,2027-12-25,MDN01,ACTIVE
5268,3410,Savings,13857833,2027-10-14,SMG01,ACTIVE
5269,8781,Savings,12955440,2027-04-03,YGY01,ACTIVE
5270,9814,Savings,22735780,2027-05-07,BDG01,ACTIVE
5271,6094,Time Deposit,1028573009,2026-12-21,SMG01,ACTIVE
5272,3543,Time Deposit,284423613,2026-09-05,SMG01,ACTIVE
5273,7502,Time Deposit,1103445723,2026-04-22,SBY01,ACTIVE
5274,1253,Time Deposit,423102566,2027-01-26,BDG01,ACTIVE
5275,9886,Savings,21287519,2026-05-04,MDN01,ACTIVE
5276,9663,Savings,47485907,2027-02-22,BDG01,ACTIVE
5277,6514,Savings,48428636,2026-05-24,BDG01,ACTIVE
5278,1716,Savings,16902992,2026-09-03,BDG01,ACTIVE
5279,5852,Time Deposit,726346852,2026-04-18,YGY01,ACTIVE
5280,103,Time Deposit,1049243539,2027-03-11,MDN01,ACTIVE
5281,4618,Savings,25752081,2027-12-31,BDG01,ACTIVE
5282,7616,Savings,19454181,2027-07-28,BDG01,ACTIVE
5283,2263,Time Deposit,589133581,2026-08-01,MDN01,ACTIVE
5284,6338,Savings,6337828,2027-08-11,MDN01,ACTIVE
5285,3181,Time Deposit,1268524454,2027-02-21,MDN01,ACTIVE
5286,9500,Savings,93048282,2027-02-11,JKT01,ACTIVE
5287,4200,Savings,122593000,2027-08-28,YGY01,ACTIVE
5288,5816,Time Deposit,501322902,2026-10-03,JKT01,ACTIVE
5289,422,Savings,5038804,2026-09-14,YGY01,ACTIVE
5290,5547,Time Deposit,603158329,2027-02-17,JKT02,ACTIVE
5291,233,Savings,31346212,2026-11-28,SBY01,ACTIVE
5292,6657,Time Deposit,879695524,2026-06-06,JKT01,ACTIVE
5293,2370,Time Deposit,1427114515,2026-08-30,SBY01,ACTIVE
5294,9891,Savings,74977295,2027-03-16,SBY01,ACTIVE
5295,3226,Savings,43224030,2027-10-06,YGY01,ACTIVE
5296,8743,Time Deposit,221982203,2026-07-27,BDG01,ACTIVE
5297,8752,Savings,239553155,2027-12-19,YGY01,ACTIVE
5298,1602,Savings,16818341,2026-12-15,BDG01,ACTIVE
5299,4943,Time Deposit,455455423,2026-05-25,SBY01,ACTIVE
5300,1234,Time Deposit,559197806,2026-07-19,MDN01,ACTIVE
5301,4947,Savings,10966585,2026-11-21,BDG01,ACTIVE
5302,1839,Savings,116185411,2027-06-22,SMG01,ACTIVE
5303,8263,Savings,80813948,2027-07-27,YGY01,ACTIVE
5304,8851,Savings,9798224,2027-07-18,SMG01,ACTIVE
5305,8134,Savings,79523209,2028-02-01,YGY01,ACTIVE
5306,6552,Savings,3047605,2027-12-31,JKT02,ACTIVE
5307,9223,Savings,137444903,2026-07-22,BDG01,ACTIVE
5308,4973,Time Deposit,167795322,2026-06-11,SBY01,ACTIVE
5309,3966,Savings,39378522,2028-03-05,JKT02,ACTIVE
5310,4905,Savings,3457191,2027-06-29,BDG01,ACTIVE
5311,384,Time Deposit,1315012972,2026-06-02,JKT01,ACTIVE
5312,4311,Savings,205721475,2027-07-28,MDN01,ACTIVE
5313,7247,Time Deposit,1322818067,2026-06-14,JKT02,ACTIVE
5314,5840,Time Deposit,767850634,2026-11-11,JKT01,ACTIVE
5315,7769,Savings,10480180,2026-07-17,BDG01,ACTIVE
5316,7043,Savings,51384045,2026-12-21,JKT01,ACTIVE
5317,9352,Savings,18005595,2026-12-11,YGY01,ACTIVE
5318,1069,Savings,31616743,2027-07-31,MDN01,ACTIVE
5319,3273,Savings,146609901,2026-08-12,JKT02,ACTIVE
5320,7888,Savings,22981706,2026-07-31,JKT01,ACTIVE
5321,9006,Savings,16123444,2026-08-03,SBY01,ACTIVE
5322,6645,Savings,39588076,2026-05-08,SBY01,ACTIVE
5323,8553,Time Deposit,848083487,2026-06-09,MDN01,ACTIVE
5324,6204,Savings,31307697,2026-11-24,SMG01,ACTIVE
5325,4058,Savings,143744017,2026-10-03,SBY01,ACTIVE
5326,937,Time Deposit,686024148,2026-12-08,MDN01,ACTIVE
5327,9509,Savings,37382390,2026-10-26,MDN01,ACTIVE
5328,5422,Savings,27092606,2027-07-22,YGY01,ACTIVE
5329,8049,Savings,33035035,2027-02-11,BDG01,ACTIVE
5330,556,Savings,30993219,2027-02-17,YGY01,ACTIVE
5331,9275,Savings,11749837,2027-05-16,JKT02,ACTIVE
5332,1916,Savings,78632884,2027-12-26,MDN01,ACTIVE
5333,2982,Savings,10594941,2026-12-06,JKT01,ACTIVE
5334,8755,Savings,14759763,2026-12-14,SMG01,ACTIVE
5335,8329,Savings,13411074,2027-09-14,YGY01,ACTIVE
5336,565,Time Deposit,396002861,2026-10-29,SBY01,ACTIVE
5337,4010,Savings,35571222,2028-01-20,MDN01,ACTIVE
5338,7235,Time Deposit,1181119867,2026-12-29,YGY01,ACTIVE
5339,7675,Savings,55030389,2027-04-14,JKT01,ACTIVE
5340,8636,Savings,48522802,2027-06-11,SMG01,ACTIVE
5341,8708,Savings,8424414,2026-06-05,MDN01,ACTIVE
5342,3280,Savings,11566613,2027-08-18,SMG01,ACTIVE
5343,7857,Savings,7919284,2026-10-20,SMG01,ACTIVE
5344,5074,Savings,17348112,2027-01-30,BDG01,ACTIVE
5345,5320,Savings,172607214,2027-08-10,BDG01,ACTIVE
5346,6843,Savings,159096337,2027-03-07,MDN01,ACTIVE
5347,4984,Savings,101582491,2026-12-03,JKT01,ACTIVE
5348,2359,Savings,11896083,2028-02-03,YGY01,ACTIVE
5349,1801,Time Deposit,568446778,2026-09-23,SMG01,ACTIVE
5350,4842,Time Deposit,905852199,2026-12-31,SBY01,ACTIVE
5351,1292,Savings,74147762,2027-09-24,SMG01,ACTIVE
5352,1216,Time Deposit,1119693394,2027-02-24,SBY01,ACTIVE
5353,8487,Savings,6750479,2028-01-12,JKT02,ACTIVE
5354,8129,Savings,10811467,2026-07-27,BDG01,ACTIVE
5355,7131,Time Deposit,1145315766,2026-04-24,JKT02,ACTIVE
5356,9419,Savings,35029009,2026-05-11,JKT01,ACTIVE
5357,2660,Time Deposit,460075587,2026-12-09,SMG01,ACTIVE
5358,8649,Time Deposit,850312803,2026-10-28,BDG01,ACTIVE
5359,111,Time Deposit,327734963,2026-08-12,SBY01,ACTIVE
5360,9632,Time Deposit,930551092,2026-10-20,JKT02,ACTIVE
5361,5757,Time Deposit,1801679064,2027-02-01,SMG01,ACTIVE
5362,3054,Savings,23547321,2027-06-23,SMG01,ACTIVE
5363,5738,Savings,5233755,2028-03-24,BDG01,ACTIVE
5364,8494,Time Deposit,1027851307,2026-12-11,SBY01,ACTIVE
5365,2047,Savings,131323355,2028-01-21,JKT01,ACTIVE
5366,1730,Time Deposit,1354572499,2026-05-24,JKT01,ACTIVE
5367,5795,Savings,126602334,2027-06-13,MDN01,ACTIVE
5368,6432,Time Deposit,991191044,2027-02-23,MDN01,ACTIVE
5369,4397,Time Deposit,1081415254,2026-06-24,JKT02,ACTIVE
5370,403,Time Deposit,419736323,2026-08-19,JKT01,ACTIVE
5371,3797,Time Deposit,919698395,2026-10-17,YGY01,ACTIVE
5372,4592,Savings,134948695,2027-06-29,SBY01,ACTIVE
5373,1590,Savings,27931544,2027-04-30,BDG01,ACTIVE
5374,5057,Savings,52277864,2026-10-21,YGY01,ACTIVE
5375,2930,Savings,75904297,2027-07-29,BDG01,ACTIVE
5376,7440,Savings,125629666,2027-11-19,BDG01,ACTIVE
5377,9966,Savings,25631818,2026-05-18,SMG01,ACTIVE
5378,5121,Time Deposit,320964265,2026-07-13,JKT01,ACTIVE
5379,4308,Time Deposit,362795574,2027-02-26,SMG01,ACTIVE
5380,2054,Savings,42736955,2026-12-14,JKT02,ACTIVE
5381,4701,Savings,36248842,2027-08-20,BDG01,ACTIVE
5382,3422,Time Deposit,1001551479,2026-08-02,BDG01,ACTIVE
5383,5506,Savings,38247498,2027-07-21,MDN01,ACTIVE
5384,9322,Time Deposit,439502888,2027-02-02,BDG01,ACTIVE
5385,9070,Time Deposit,968830090,2026-04-13,SBY01,ACTIVE
5386,8366,Savings,95574478,2027-12-22,YGY01,ACTIVE
5387,4470,Savings,49325912,2026-09-08,MDN01,ACTIVE
5388,5645,Savings,11458237,2027-06-06,SBY01,ACTIVE
5389,8585,Savings,87264745,2028-01-20,YGY01,ACTIVE
5390,3663,Time Deposit,596407016,2026-08-29,MDN01,ACTIVE
5391,754,Time Deposit,1033493705,2026-07-13,YGY01,ACTIVE
5392,2155,Time Deposit,487286344,2027-01-26,YGY01,ACTIVE
5393,4244,Savings,15952392,2027-04-12,SMG01,ACTIVE
5394,8562,Time Deposit,118373851,2026-09-14,JKT02,ACTIVE
5395,1925,Savings,57567989,2026-06-15,SMG01,ACTIVE
5396,1094,Savings,47785593,2027-07-02,YGY01,ACTIVE
5397,5339,Savings,102556188,2027-03-07,YGY01,ACTIVE
5398,6738,Savings,93302368,2026-12-27,YGY01,ACTIVE
5399,6135,Savings,9155294,2027-02-27,SMG01,ACTIVE
5400,7745,Savings,38577983,2027-11-29,JKT01,ACTIVE
5401,5065,Time Deposit,741864801,2026-12-14,JKT01,ACTIVE
5402,9511,Savings,103606340,2026-10-28,SMG01,ACTIVE
5403,5359,Time Deposit,221655337,2026-08-13,YGY01,ACTIVE
5404,2568,Time Deposit,432691197,2026-08-13,MDN01,ACTIVE
5405,7190,Savings,27740963,2027-09-18,MDN01,ACTIVE
5406,1381,Savings,8391230,2026-10-27,JKT02,ACTIVE
5407,641,Time Deposit,396741771,2027-01-13,JKT01,ACTIVE
5408,4967,Savings,15346540,2026-07-01,SMG01,ACTIVE
5409,1944,Savings,8319025,2026-11-07,MDN01,ACTIVE
5410,3787,Savings,193917719,2026-09-03,JKT02,ACTIVE
5411,589,Savings,109290866,2028-01-11,JKT01,ACTIVE
5412,431,Time Deposit,511383817,2026-08-07,YGY01,ACTIVE
5413,8446,Savings,59334454,2027-09-11,YGY01,ACTIVE
5414,6956,Savings,40696388,2027-06-11,JKT02,ACTIVE
5415,3070,Time Deposit,992762694,2026-08-23,SMG01,ACTIVE
5416,3625,Savings,28433661,2027-07-21,BDG01,ACTIVE
5417,5799,Savings,33624027,2026-06-07,SBY01,ACTIVE
5418,4285,Savings,92674563,2026-10-18,JKT01,ACTIVE
5419,7601,Savings,77995545,2026-11-19,SMG01,ACTIVE
5420,5918,Savings,83227116,2026-08-29,JKT01,ACTIVE
5421,5795,Time Deposit,1002825009,2027-01-26,JKT01,ACTIVE
5422,9169,Savings,12813323,2028-02-26,YGY01,ACTIVE
5423,9312,Savings,73906761,2027-07-07,JKT01,ACTIVE
5424,23,Savings,27661166,2026-10-03,JKT02,ACTIVE
5425,7382,Time Deposit,1375837073,2027-03-17,JKT02,ACTIVE
5426,501,Savings,115408830,2026-12-13,BDG01,ACTIVE
5427,2901,Time Deposit,324927094,2027-02-18,SBY01,ACTIVE
5428,9760,Savings,27915057,2027-03-12,JKT01,ACTIVE
5429,4874,Savings,25583559,2027-04-26,SBY01,ACTIVE
5430,1470,Savings,83216847,2027-04-30,YGY01,ACTIVE
5431,2720,Savings,14087544,2026-12-01,JKT01,ACTIVE
5432,7387,Savings,132479947,2026-08-06,SBY01,ACTIVE
5433,2600,Time Deposit,691192256,2026-12-14,SBY01,ACTIVE
5434,4506,Savings,82821345,2028-02-21,SMG01,ACTIVE
5435,6135,Savings,28811866,2026-09-05,BDG01,ACTIVE
5436,7135,Savings,14638709,2026-12-02,MDN01,ACTIVE
5437,8104,Savings,48041740,2027-02-07,YGY01,ACTIVE
5438,6740,Savings,9392828,2026-09-24,JKT01,ACTIVE
5439,719,Savings,43671896,2026-09-07,SMG01,ACTIVE
5440,9547,Savings,58526939,2027-12-10,BDG01,ACTIVE
5441,3861,Savings,65478589,2027-01-21,BDG01,ACTIVE
5442,9300,Savings,29378573,2027-03-13,JKT01,ACTIVE
5443,7913,Savings,10522086,2027-03-05,YGY01,ACTIVE
5444,7397,Savings,102764599,2027-03-30,MDN01,ACTIVE
5445,6377,Savings,43092176,2027-05-12,JKT01,ACTIVE
5446,280,Savings,27580978,2027-08-22,BDG01,ACTIVE
5447,949,Time Deposit,191486741,2026-07-02,JKT02,ACTIVE
5448,1155,Savings,6201593,2027-09-28,JKT01,ACTIVE
5449,1173,Time Deposit,1203077584,2026-10-11,JKT02,ACTIVE
5450,311,Savings,191593821,2027-11-23,SBY01,ACTIVE
5451,3446,Savings,112977653,2027-01-17,YGY01,ACTIVE
5452,3771,Time Deposit,802068075,2026-12-06,SMG01,ACTIVE
5453,9532,Time Deposit,1661108782,2026-06-10,JKT02,ACTIVE
5454,9838,Savings,16882211,2027-06-04,SBY01,ACTIVE
5455,1796,Savings,34503400,2027-07-03,SBY01,ACTIVE
5456,5109,Savings,10360663,2027-06-21,SMG01,ACTIVE
5457,1864,Savings,47837218,2027-10-14,SMG01,ACTIVE
5458,3097,Savings,28154856,2026-06-07,SBY01,ACTIVE
5459,6378,Time Deposit,1245199717,2026-12-06,SBY01,ACTIVE
5460,2573,Time Deposit,1283109547,2026-04-22,SMG01,ACTIVE
5461,5741,Time Deposit,547361955,2026-07-31,MDN01,ACTIVE
5462,4120,Time Deposit,392249311,2026-11-26,SMG01,ACTIVE
5463,2744,Savings,43744750,2027-12-22,JKT01,ACTIVE
5464,2393,Savings,59958453,2026-10-02,JKT02,ACTIVE
5465,3034,Savings,39359000,2026-09-11,JKT01,ACTIVE
5466,771,Time Deposit,689440930,2027-03-21,JKT01,ACTIVE
5467,567,Savings,17244572,2027-10-05,JKT02,ACTIVE
5468,7139,Savings,37958130,2027-05-09,JKT01,ACTIVE
5469,1509,Savings,30881820,2027-11-30,MDN01,ACTIVE
5470,2992,Savings,28105959,2027-03-06,SBY01,ACTIVE
5471,7455,Savings,23262265,2027-12-02,JKT01,ACTIVE
5472,5539,Savings,20435593,2027-04-18,JKT01,ACTIVE
5473,4297,Savings,37845902,2027-07-06,BDG01,ACTIVE
5474,9848,Time Deposit,417511862,2026-06-25,SBY01,ACTIVE
5475,5035,Savings,33459558,2027-12-19,BDG01,ACTIVE
5476,8483,Time Deposit,1383441162,2026-11-22,YGY01,ACTIVE
5477,2560,Savings,73893242,2026-11-18,MDN01,ACTIVE
5478,2472,Savings,42141421,2027-02-07,JKT02,ACTIVE
5479,2133,Savings,6456596,2027-05-05,MDN01,ACTIVE
5480,4420,Time Deposit,643448062,2026-11-04,BDG01,ACTIVE
5481,4571,Savings,33487836,2027-07-16,SBY01,ACTIVE
5482,1887,Savings,28533832,2028-01-08,BDG01,ACTIVE
5483,7755,Savings,68978404,2027-02-01,SBY01,ACTIVE
5484,9342,Time Deposit,465577704,2027-01-08,SMG01,ACTIVE
5485,1537,Time Deposit,349225152,2026-05-13,JKT01,ACTIVE
5486,1102,Savings,73882357,2027-05-04,BDG01,ACTIVE
5487,1825,Time Deposit,656273331,2026-10-02,SMG01,ACTIVE
5488,1492,Savings,21575447,2027-02-26,SBY01,ACTIVE
5489,5891,Savings,11610065,2027-12-11,SBY01,ACTIVE
5490,7330,Savings,54367840,2027-06-25,SMG01,ACTIVE
5491,940,Savings,20329310,2027-07-09,SBY01,ACTIVE
5492,3454,Time Deposit,995413630,2026-11-28,JKT01,ACTIVE
5493,4880,Time Deposit,137198710,2026-12-29,BDG01,ACTIVE
5494,3140,Time Deposit,437186277,2027-03-18,YGY01,ACTIVE
5495,8456,Savings,83595078,2027-02-17,SMG01,ACTIVE
5496,4216,Time Deposit,1051755782,2027-02-19,SBY01,ACTIVE
5497,2461,Savings,27368570,2026-06-29,YGY01,ACTIVE
5498,9984,Savings,104165782,2027-05-17,JKT02,ACTIVE
5499,1536,Time Deposit,1636202181,2027-01-30,SMG01,ACTIVE
5500,690,Time Deposit,482460884,2026-10-29,YGY01,ACTIVE
5501,9428,Savings,112047421,2027-12-01,SMG01,ACTIVE
5502,2314,Time Deposit,276397039,2027-03-01,BDG01,ACTIVE
5503,1066,Time Deposit,1143483509,2026-07-19,JKT02,ACTIVE
5504,7719,Savings,14698267,2027-06-14,JKT02,ACTIVE
5505,1506,Savings,20039857,2027-08-26,JKT01,ACTIVE
5506,5616,Savings,141185828,2027-11-10,JKT01,ACTIVE
5507,9525,Savings,23810576,2027-07-07,JKT01,ACTIVE
5508,8414,Savings,9780234,2027-02-25,MDN01,ACTIVE
5509,6696,Time Deposit,1049679551,2026-10-10,JKT01,ACTIVE
5510,6164,Savings,67194917,2027-04-27,YGY01,ACTIVE
5511,5261,Savings,63247223,2026-08-06,JKT01,ACTIVE
5512,7842,Time Deposit,1601729135,2026-07-03,JKT01,ACTIVE
5513,8844,Savings,26607676,2027-04-22,BDG01,ACTIVE
5514,4690,Time Deposit,672864270,2026-12-07,SMG01,ACTIVE
5515,8408,Savings,17810782,2027-07-31,JKT01,ACTIVE
5516,2790,Savings,23241776,2027-10-19,YGY01,ACTIVE
5517,1329,Savings,48031913,2026-11-22,SMG01,ACTIVE
5518,258,Savings,66444537,2027-10-29,JKT01,ACTIVE
5519,8916,Time Deposit,834173871,2026-06-01,YGY01,ACTIVE
5520,6762,Savings,46162641,2028-01-06,BDG01,ACTIVE
5521,3186,Savings,20304200,2027-03-24,SMG01,ACTIVE
5522,4683,Savings,10764283,2026-10-04,JKT01,ACTIVE
5523,6452,Time Deposit,265979604,2026-12-30,YGY01,ACTIVE
5524,1369,Savings,24165884,2027-02-09,SBY01,ACTIVE
5525,129,Time Deposit,270380374,2026-06-07,SMG01,ACTIVE
5526,9231,Time Deposit,1507563832,2026-11-24,MDN01,ACTIVE
5527,3328,Savings,14609572,2026-06-20,YGY01,ACTIVE
5528,6489,Savings,44101915,2026-08-16,JKT02,ACTIVE
5529,3882,Time Deposit,1180954251,2026-05-12,SMG01,ACTIVE
5530,8220,Savings,22242091,2026-07-07,JKT02,ACTIVE
5531,9457,Time Deposit,240668197,2026-11-18,JKT02,ACTIVE
5532,2126,Time Deposit,827545287,2026-12-22,JKT02,ACTIVE
5533,9782,Savings,47703826,2027-05-20,MDN01,ACTIVE
5534,2297,Savings,33126995,2027-01-20,MDN01,ACTIVE
5535,3739,Savings,45388514,2027-05-15,JKT02,ACTIVE
5536,4934,Savings,47335156,2026-06-04,JKT02,ACTIVE
5537,3230,Time Deposit,512352214,2026-10-04,JKT02,ACTIVE
5538,5272,Time Deposit,918629189,2026-12-29,BDG01,ACTIVE
5539,4716,Time Deposit,485177460,2026-07-07,SBY01,ACTIVE
5540,3313,Savings,159649103,2026-11-16,YGY01,ACTIVE
5541,9360,Time Deposit,610090430,2027-02-14,JKT02,ACTIVE
5542,3850,Savings,70488797,2026-07-11,SBY01,ACTIVE
5543,4194,Savings,85814769,2026-10-21,SMG01,ACTIVE
5544,6300,Time Deposit,951074618,2026-11-28,JKT02,ACTIVE
5545,902,Savings,81857708,2027-08-17,SBY01,ACTIVE
5546,2720,Savings,9784025,2026-09-21,SBY01,ACTIVE
5547,4389,Savings,3939237,2027-01-08,YGY01,ACTIVE
5548,1101,Time Deposit,187837738,2026-06-17,MDN01,ACTIVE
5549,2791,Savings,84260644,2027-06-11,MDN01,ACTIVE
5550,6083,Savings,16542982,2026-07-26,YGY01,ACTIVE
5551,8309,Savings,141557250,2027-07-05,SMG01,ACTIVE
5552,4111,Savings,26747358,2027-02-15,SBY01,ACTIVE
5553,1279,Time Deposit,834327571,2026-06-10,BDG01,ACTIVE
5554,8937,Time Deposit,1690985513,2026-07-03,SMG01,ACTIVE
5555,7379,Savings,114954428,2027-05-18,BDG01,ACTIVE
5556,4393,Time Deposit,652819305,2027-02-13,YGY01,ACTIVE
5557,3498,Time Deposit,1177574777,2026-05-03,JKT01,ACTIVE
5558,9754,Savings,91936234,2026-06-19,SBY01,ACTIVE
5559,4650,Savings,12321078,2028-03-04,YGY01,ACTIVE
5560,7600,Savings,46563753,2027-04-18,SMG01,ACTIVE
5561,693,Time Deposit,502294879,2027-01-16,SBY01,ACTIVE
5562,9011,Savings,41584776,2027-02-28,JKT02,ACTIVE
5563,4613,Time Deposit,703883641,2026-12-09,JKT01,ACTIVE
5564,3178,Savings,100772760,2028-03-19,SBY01,ACTIVE
5565,5987,Savings,91902704,2028-02-25,JKT02,ACTIVE
5566,3846,Savings,33982097,2027-03-12,JKT01,ACTIVE
5567,1917,Savings,7724460,2027-04-01,MDN01,ACTIVE
5568,3440,Savings,177516334,2027-03-08,JKT01,ACTIVE
5569,6266,Savings,25310543,2026-11-14,YGY01,ACTIVE
5570,2881,Time Deposit,1368881394,2026-11-10,BDG01,ACTIVE
5571,1609,Savings,8204515,2027-03-30,JKT01,ACTIVE
5572,8453,Savings,175839235,2026-04-29,SBY01,ACTIVE
5573,8152,Savings,40997060,2027-08-09,JKT02,ACTIVE
5574,2208,Savings,23958383,2027-04-05,BDG01,ACTIVE
5575,1632,Savings,27799376,2026-09-14,SMG01,ACTIVE
5576,7326,Time Deposit,558538778,2027-03-25,YGY01,ACTIVE
5577,8212,Savings,141470999,2028-02-12,JKT01,ACTIVE
5578,4936,Time Deposit,163702438,2026-08-13,JKT01,ACTIVE
5579,9267,Savings,194666390,2027-05-21,BDG01,ACTIVE
5580,2170,Savings,11165970,2026-07-12,BDG01,ACTIVE
5581,9744,Savings,98905050,2026-06-17,MDN01,ACTIVE
5582,2366,Savings,12665174,2027-09-07,MDN01,ACTIVE
5583,368,Time Deposit,286549978,2027-01-04,MDN01,ACTIVE
5584,6138,Time Deposit,1284080613,2026-05-17,SBY01,ACTIVE
5585,4583,Savings,12583160,2027-04-22,SBY01,ACTIVE
5586,8862,Savings,34651344,2027-02-02,SMG01,ACTIVE
5587,4566,Time Deposit,756655825,2026-06-17,MDN01,ACTIVE
5588,7915,Time Deposit,1240180089,2026-08-13,SMG01,ACTIVE
5589,5140,Time Deposit,557536126,2026-07-02,YGY01,ACTIVE
5590,9328,Savings,150783788,2026-05-04,YGY01,ACTIVE
5591,101,Savings,44040355,2027-08-15,JKT01,ACTIVE
5592,6834,Savings,23894117,2027-09-13,SMG01,ACTIVE
5593,6256,Savings,9399598,2026-06-14,SBY01,ACTIVE
5594,4530,Savings,29738714,2026-07-11,SBY01,ACTIVE
5595,7089,Savings,59512279,2026-10-11,JKT02,ACTIVE
5596,7104,Time Deposit,362921097,2027-02-15,SMG01,ACTIVE
5597,2198,Savings,30280614,2026-05-02,JKT01,ACTIVE
5598,4649,Time Deposit,1224816807,2026-10-22,JKT02,ACTIVE
5599,1008,Savings,69215618,2026-10-10,YGY01,ACTIVE
5600,5249,Time Deposit,534785132,2026-11-24,BDG01,ACTIVE
5601,9727,Savings,65441305,2027-06-17,SMG01,ACTIVE
5602,8901,Savings,50047420,2026-10-31,JKT01,ACTIVE
5603,5168,Time Deposit,599593350,2026-04-09,BDG01,ACTIVE
5604,6516,Savings,36318247,2028-03-20,BDG01,ACTIVE
5605,8760,Time Deposit,368292025,2026-05-30,SMG01,ACTIVE
5606,3686,Savings,118187647,2027-12-01,JKT01,ACTIVE
5607,9117,Time Deposit,587246638,2026-08-25,SBY01,ACTIVE
5608,4082,Savings,193507491,2027-09-24,MDN01,ACTIVE
5609,6539,Time Deposit,329072353,2026-08-04,JKT01,ACTIVE
5610,2575,Savings,14813658,2027-08-09,SBY01,ACTIVE
5611,3554,Time Deposit,975647586,2026-12-07,MDN01,ACTIVE
5612,9885,Savings,50026603,2026-10-02,SMG01,ACTIVE
5613,2175,Savings,52506348,2026-12-13,JKT01,ACTIVE
5614,9987,Savings,11543710,2027-11-09,MDN01,ACTIVE
5615,8921,Savings,28317893,2027-10-31,MDN01,ACTIVE
5616,665,Savings,58582840,2027-04-05,JKT01,ACTIVE
5617,4860,Savings,157176144,2027-09-25,BDG01,ACTIVE
5618,6004,Savings,103150595,2026-12-21,BDG01,ACTIVE
5619,8214,Time Deposit,1425429065,2027-03-16,JKT02,ACTIVE
5620,7011,Time Deposit,1149761163,2026-11-17,SBY01,ACTIVE
5621,7408,Savings,86566605,2026-07-02,JKT02,ACTIVE
5622,7230,Time Deposit,264110851,2026-09-27,JKT02,ACTIVE
5623,3505,Time Deposit,357840950,2026-09-21,SBY01,ACTIVE
5624,7937,Time Deposit,676580026,2026-11-22,BDG01,ACTIVE
5625,7979,Time Deposit,1240617612,2026-12-24,YGY01,ACTIVE
5626,6528,Savings,182885830,2026-05-30,MDN01,ACTIVE
5627,6783,Time Deposit,559294599,2026-05-28,YGY01,ACTIVE
5628,5781,Savings,55935245,2027-09-16,BDG01,ACTIVE
5629,9330,Savings,223255338,2026-08-15,JKT01,ACTIVE
5630,6501,Time Deposit,774594506,2026-10-13,JKT02,ACTIVE
5631,9109,Savings,149104009,2027-02-11,SBY01,ACTIVE
5632,6336,Savings,2571506,2026-09-16,MDN01,ACTIVE
5633,644,Savings,32399325,2027-01-31,MDN01,ACTIVE
5634,2323,Time Deposit,374162085,2026-04-20,SMG01,ACTIVE
5635,9919,Time Deposit,317024102,2027-02-06,MDN01,ACTIVE
5636,3658,Time Deposit,1126273082,2026-07-27,MDN01,ACTIVE
5637,773,Savings,29665504,2027-09-10,BDG01,ACTIVE
5638,9118,Time Deposit,1010544346,2026-08-06,JKT01,ACTIVE
5639,3329,Time Deposit,166623986,2026-10-09,MDN01,ACTIVE
5640,9673,Savings,31737663,2027-03-09,BDG01,ACTIVE
5641,6050,Savings,160266408,2028-01-11,JKT01,ACTIVE
5642,405,Savings,31518045,2027-01-15,SBY01,ACTIVE
5643,4426,Time Deposit,313477377,2027-02-16,SBY01,ACTIVE
5644,9760,Time Deposit,800097914,2026-12-16,MDN01,ACTIVE
5645,4631,Time Deposit,501301975,2026-09-08,YGY01,ACTIVE
5646,4296,Time Deposit,679195614,2026-06-27,JKT02,ACTIVE
5647,2447,Time Deposit,841805719,2026-05-19,SBY01,ACTIVE
5648,5586,Time Deposit,479230013,2026-07-24,MDN01,ACTIVE
5649,1516,Savings,23411983,2027-08-31,YGY01,ACTIVE
5650,4470,Savings,51074309,2026-08-31,JKT01,ACTIVE
5651,6749,Savings,150394562,2026-10-01,SBY01,ACTIVE
5652,8645,Savings,24059083,2026-08-08,SBY01,ACTIVE
5653,3087,Savings,10587766,2027-07-19,SMG01,ACTIVE
5654,3375,Savings,45118864,2028-01-26,JKT01,ACTIVE
5655,3924,Time Deposit,1418016963,2027-01-27,JKT02,ACTIVE
5656,7821,Savings,19967889,2028-01-06,SBY01,ACTIVE
5657,4071,Savings,27988215,2026-09-20,JKT02,ACTIVE
5658,5587,Savings,67659166,2026-11-02,BDG01,ACTIVE
5659,4029,Time Deposit,1121957620,2026-10-09,MDN01,ACTIVE
5660,9562,Savings,18250724,2026-05-25,SBY01,ACTIVE
5661,7991,Savings,5326719,2027-06-10,MDN01,ACTIVE
5662,739,Savings,81888443,2027-12-01,JKT01,ACTIVE
5663,1161,Time Deposit,574859351,2026-07-18,JKT02,ACTIVE
5664,9492,Savings,147452252,2027-10-08,MDN01,ACTIVE
5665,9574,Savings,16722162,2027-11-10,SMG01,ACTIVE
5666,7824,Savings,9052034,2027-09-23,JKT02,ACTIVE
5667,6640,Time Deposit,835634119,2027-01-03,JKT02,ACTIVE
5668,6817,Savings,80876463,2026-05-26,SMG01,ACTIVE
5669,8161,Time Deposit,669311209,2026-09-12,SBY01,ACTIVE
5670,2872,Savings,19914334,2028-02-20,SBY01,ACTIVE
5671,5494,Time Deposit,622820041,2026-07-05,SMG01,ACTIVE
5672,7769,Savings,35136065,2026-08-25,MDN01,ACTIVE
5673,1905,Time Deposit,751997607,2026-12-24,SMG01,ACTIVE
5674,1016,Time Deposit,1330442270,2027-01-01,MDN01,ACTIVE
5675,7695,Savings,187596991,2026-11-28,BDG01,ACTIVE
5676,6826,Time Deposit,768388939,2026-07-28,SMG01,ACTIVE
5677,5860,Savings,109252200,2026-04-27,JKT02,ACTIVE
5678,4110,Savings,206064821,2026-10-14,SBY01,ACTIVE
5679,554,Savings,107301591,2027-03-27,JKT01,ACTIVE
5680,7841,Savings,34844969,2027-08-01,MDN01,ACTIVE
5681,2469,Time Deposit,254655359,2026-11-10,YGY01,ACTIVE
5682,8602,Time Deposit,1317077773,2026-12-20,YGY01,ACTIVE
5683,6802,Savings,100715082,2026-10-19,JKT01,ACTIVE
5684,240,Savings,35565202,2027-04-21,JKT02,ACTIVE
5685,7756,Time Deposit,663280181,2026-05-30,YGY01,ACTIVE
5686,2761,Savings,18112918,2026-07-14,BDG01,ACTIVE
5687,5046,Time Deposit,1318449896,2027-01-22,JKT02,ACTIVE
5688,6761,Time Deposit,215247673,2026-07-01,MDN01,ACTIVE
5689,7151,Savings,9627680,2027-01-10,JKT02,ACTIVE
5690,1333,Savings,148842544,2027-05-06,YGY01,ACTIVE
5691,8256,Savings,17099373,2026-06-30,SBY01,ACTIVE
5692,340,Savings,10716009,2026-06-21,MDN01,ACTIVE
5693,173,Savings,62139973,2026-12-19,MDN01,ACTIVE
5694,551,Savings,28656018,2027-03-16,MDN01,ACTIVE
5695,314,Time Deposit,1491405947,2026-04-11,JKT01,ACTIVE
5696,8,Time Deposit,1079127943,2026-11-17,MDN01,ACTIVE
5697,6531,Time Deposit,1864432816,2026-11-28,SMG01,ACTIVE
5698,5555,Savings,186871146,2026-10-20,SMG01,ACTIVE
5699,891,Savings,46008873,2027-01-19,JKT02,ACTIVE
5700,8168,Time Deposit,697958357,2026-12-17,YGY01,ACTIVE
5701,353,Savings,14532341,2027-08-24,YGY01,ACTIVE
5702,104,Savings,16023294,2027-08-07,BDG01,ACTIVE
5703,5693,Time Deposit,191765321,2027-01-03,MDN01,ACTIVE
5704,2378,Savings,41121816,2027-07-02,JKT02,ACTIVE
5705,1369,Savings,44306349,2026-12-29,MDN01,ACTIVE
5706,6102,Savings,83138274,2027-07-14,JKT02,ACTIVE
5707,3853,Time Deposit,129934225,2026-07-04,SBY01,ACTIVE
5708,7719,Time Deposit,300336813,2026-05-09,MDN01,ACTIVE
5709,4197,Savings,88868294,2027-03-08,YGY01,ACTIVE
5710,2475,Savings,73135580,2027-01-21,MDN01,ACTIVE
5711,3487,Savings,134526453,2028-02-22,MDN01,ACTIVE
5712,1910,Time Deposit,922629510,2026-09-12,SBY01,ACTIVE
5713,5507,Savings,21685668,2026-08-23,JKT02,ACTIVE
5714,3478,Savings,31599710,2027-05-12,YGY01,ACTIVE
5715,9799,Savings,33102124,2027-01-06,BDG01,ACTIVE
5716,8556,Savings,74237748,2026-05-05,JKT01,ACTIVE
5717,7696,Time Deposit,531701610,2026-12-15,JKT01,ACTIVE
5718,4975,Savings,23242372,2026-05-31,YGY01,ACTIVE
5719,9918,Time Deposit,857597929,2026-05-02,SBY01,ACTIVE
5720,800,Savings,13117684,2028-02-28,SBY01,ACTIVE
5721,9163,Savings,34300981,2026-05-16,MDN01,ACTIVE
5722,2531,Time Deposit,913281104,2027-02-21,MDN01,ACTIVE
5723,7370,Savings,11721387,2027-05-24,JKT01,ACTIVE
5724,1401,Savings,81588880,2026-11-21,JKT01,ACTIVE
5725,2674,Time Deposit,168648953,2026-07-16,JKT02,ACTIVE
5726,2476,Savings,12508008,2027-08-26,BDG01,ACTIVE
5727,9337,Time Deposit,918329221,2027-01-24,JKT01,ACTIVE
5728,9366,Time Deposit,745645669,2026-11-24,BDG01,ACTIVE
5729,7752,Savings,122371014,2027-07-13,MDN01,ACTIVE
5730,4471,Savings,11473319,2028-01-23,JKT01,ACTIVE
5731,5216,Time Deposit,420449204,2026-08-20,JKT01,ACTIVE
5732,8351,Time Deposit,548729990,2026-12-28,YGY01,ACTIVE
5733,2173,Savings,51386624,2026-06-09,YGY01,ACTIVE
5734,7717,Savings,20064881,2027-10-24,JKT02,ACTIVE
5735,8583,Time Deposit,800127707,2026-06-20,BDG01,ACTIVE
5736,5583,Time Deposit,1528044397,2026-10-03,YGY01,ACTIVE
5737,3894,Savings,31811313,2027-11-07,BDG01,ACTIVE
5738,6803,Savings,20022695,2026-07-07,MDN01,ACTIVE
5739,7267,Savings,27093514,2026-08-15,MDN01,ACTIVE
5740,5016,Savings,46868802,2026-06-23,SMG01,ACTIVE
5741,9109,Savings,211569074,2026-07-04,BDG01,ACTIVE
5742,3620,Savings,8703615,2027-12-29,JKT01,ACTIVE
5743,6686,Savings,79784455,2026-08-18,JKT01,ACTIVE
5744,4537,Time Deposit,261024014,2026-06-04,JKT02,ACTIVE
5745,6478,Savings,27696603,2027-12-01,YGY01,ACTIVE
5746,4729,Savings,15908929,2026-06-18,YGY01,ACTIVE
5747,3879,Savings,78928588,2026-10-01,SBY01,ACTIVE
5748,2083,Time Deposit,726905444,2026-08-28,JKT02,ACTIVE
5749,4230,Savings,123618588,2026-11-04,MDN01,ACTIVE
5750,5811,Savings,7550257,2026-07-20,JKT02,ACTIVE
5751,9953,Time Deposit,915583897,2026-04-12,YGY01,ACTIVE
5752,4612,Time Deposit,491813352,2026-06-03,BDG01,ACTIVE
5753,5305,Savings,32816493,2028-03-16,BDG01,ACTIVE
5754,2862,Savings,11743379,2027-02-12,SBY01,ACTIVE
5755,9150,Time Deposit,1035649398,2026-05-21,JKT02,ACTIVE
5756,8629,Savings,5456095,2027-10-13,JKT02,ACTIVE
5757,519,Time Deposit,913320995,2027-02-09,MDN01,ACTIVE
5758,5608,Time Deposit,504730911,2027-03-01,SBY01,ACTIVE
5759,266,Savings,25165672,2027-06-19,YGY01,ACTIVE
5760,9187,Savings,27103507,2027-04-05,SMG01,ACTIVE
5761,2425,Time Deposit,888373540,2027-01-27,JKT02,ACTIVE
5762,5667,Savings,24634922,2027-11-07,SBY01,ACTIVE
5763,2643,Savings,38844720,2026-05-14,JKT02,ACTIVE
5764,8014,Time Deposit,575795127,2026-05-02,SMG01,ACTIVE
5765,8514,Time Deposit,643955649,2026-09-07,BDG01,ACTIVE
5766,8465,Time Deposit,787988136,2027-02-07,SMG01,ACTIVE
5767,8671,Time Deposit,342311557,2026-12-29,MDN01,ACTIVE
5768,257,Time Deposit,601785922,2026-07-02,BDG01,ACTIVE
5769,741,Time Deposit,1456157027,2026-11-28,BDG01,ACTIVE
5770,3759,Time Deposit,1558944405,2026-09-29,SBY01,ACTIVE
5771,4695,Savings,61554206,2027-01-26,JKT02,ACTIVE
5772,8571,Savings,12555661,2027-10-14,MDN01,ACTIVE
5773,4350,Time Deposit,1302927666,2027-03-14,JKT01,ACTIVE
5774,3120,Savings,13099225,2027-09-20,MDN01,ACTIVE
5775,9413,Time Deposit,1041277654,2026-08-24,YGY01,ACTIVE
5776,2189,Savings,24996804,2027-09-21,JKT01,ACTIVE
5777,5129,Savings,59906145,2027-02-06,JKT02,ACTIVE
5778,3925,Savings,20957705,2027-05-06,JKT01,ACTIVE
5779,50,Savings,8658775,2028-01-10,JKT02,ACTIVE
5780,1290,Time Deposit,652527587,2026-06-27,JKT01,ACTIVE
5781,5908,Savings,30341927,2028-02-15,JKT01,ACTIVE
5782,2253,Savings,17952847,2028-01-11,SBY01,ACTIVE
5783,6074,Savings,5661472,2026-12-17,SBY01,ACTIVE
5784,6286,Savings,10303587,2026-12-01,YGY01,ACTIVE
5785,9368,Savings,149544282,2027-01-14,SBY01,ACTIVE
5786,9206,Savings,82590000,2027-05-10,SBY01,ACTIVE
5787,1467,Savings,42658002,2026-08-18,SMG01,ACTIVE
5788,4077,Savings,49672899,2026-10-15,SBY01,ACTIVE
5789,1278,Savings,33050161,2027-02-08,SMG01,ACTIVE
5790,5472,Savings,50079557,2027-04-17,MDN01,ACTIVE
5791,7498,Time Deposit,860697438,2026-06-24,JKT02,ACTIVE
5792,7319,Time Deposit,463335584,2026-11-12,SBY01,ACTIVE
5793,2601,Time Deposit,416180430,2026-04-20,BDG01,ACTIVE
5794,284,Time Deposit,1607133131,2027-02-10,JKT01,ACTIVE
5795,2742,Savings,24001189,2028-01-17,BDG01,ACTIVE
5796,8916,Savings,54988299,2027-09-16,BDG01,ACTIVE
5797,5200,Savings,20306397,2026-12-07,SBY01,ACTIVE
5798,9357,Time Deposit,170367421,2026-10-29,SBY01,ACTIVE
5799,6392,Time Deposit,689880177,2026-06-04,YGY01,ACTIVE
5800,4558,Time Deposit,204157211,2027-02-28,SBY01,ACTIVE
5801,1007,Savings,29570525,2026-11-26,SMG01,ACTIVE
5802,8088,Time Deposit,1172955805,2026-12-01,JKT02,ACTIVE
5803,1494,Savings,12154848,2027-02-09,SBY01,ACTIVE
5804,8887,Savings,5553588,2027-08-14,YGY01,ACTIVE
5805,4284,Time Deposit,1012901326,2027-03-03,SMG01,ACTIVE
5806,241,Savings,17849219,2026-07-06,SMG01,ACTIVE
5807,6039,Savings,58778266,2026-06-01,SBY01,ACTIVE
5808,246,Time Deposit,1579650330,2026-08-28,SMG01,ACTIVE
5809,7860,Savings,33486237,2028-03-07,BDG01,ACTIVE
5810,6819,Time Deposit,1690815686,2026-10-07,SMG01,ACTIVE
5811,7043,Time Deposit,868972929,2026-12-21,BDG01,ACTIVE
5812,5592,Savings,21957958,2028-02-06,YGY01,ACTIVE
5813,6933,Time Deposit,294253520,2027-03-13,SMG01,ACTIVE
5814,8462,Savings,25618128,2027-06-06,JKT02,ACTIVE
5815,6389,Time Deposit,578748028,2027-01-08,SBY01,ACTIVE
5816,8087,Time Deposit,931931414,2026-05-17,SBY01,ACTIVE
5817,1283,Time Deposit,1099789142,2027-01-11,MDN01,ACTIVE
5818,2274,Time Deposit,618820650,2026-07-29,BDG01,ACTIVE
5819,560,Time Deposit,730311076,2027-03-03,JKT02,ACTIVE
5820,7774,Savings,13728026,2026-07-13,MDN01,ACTIVE
5821,4074,Savings,85443562,2026-08-07,JKT01,ACTIVE
5822,4628,Time Deposit,323814919,2026-08-16,JKT02,ACTIVE
5823,6100,Savings,8825020,2027-07-05,JKT01,ACTIVE
5824,7912,Time Deposit,263963737,2027-03-14,MDN01,ACTIVE
5825,5467,Savings,116461290,2028-01-18,MDN01,ACTIVE
5826,3133,Time Deposit,1432988907,2026-12-10,BDG01,ACTIVE
5827,3245,Savings,19158062,2028-03-16,JKT01,ACTIVE
5828,1755,Savings,67350665,2027-10-31,BDG01,ACTIVE
5829,7518,Savings,71656774,2027-01-27,SMG01,ACTIVE
5830,4613,Savings,166889181,2028-02-12,BDG01,ACTIVE
5831,3233,Savings,63498090,2026-06-25,SBY01,ACTIVE
5832,7980,Savings,66935847,2027-06-24,JKT01,ACTIVE
5833,4782,Time Deposit,599220393,2026-08-28,YGY01,ACTIVE
5834,9743,Savings,22292842,2027-04-14,SBY01,ACTIVE
5835,4814,Savings,30285526,2027-12-10,MDN01,ACTIVE
5836,3105,Savings,25110167,2026-06-30,JKT02,ACTIVE
5837,1981,Time Deposit,1516906552,2026-04-30,SBY01,ACTIVE
5838,6735,Savings,34221787,2026-07-20,JKT01,ACTIVE
5839,8916,Time Deposit,335614264,2026-06-06,JKT01,ACTIVE
5840,9281,Savings,12250683,2027-02-18,JKT01,ACTIVE
5841,3762,Savings,22452077,2028-02-04,MDN01,ACTIVE
5842,6008,Time Deposit,987815447,2027-02-14,JKT01,ACTIVE
5843,7177,Savings,7636194,2026-05-06,JKT02,ACTIVE
5844,2951,Savings,187105561,2026-07-14,JKT02,ACTIVE
5845,9888,Savings,16318945,2026-09-11,YGY01,ACTIVE
5846,4285,Time Deposit,968286585,2026-07-11,YGY01,ACTIVE
5847,3,Savings,36130153,2027-11-19,YGY01,ACTIVE
5848,2450,Savings,191775898,2026-12-03,BDG01,ACTIVE
5849,4055,Savings,96657258,2028-01-26,JKT01,ACTIVE
5850,4460,Savings,19100233,2026-07-25,SMG01,ACTIVE
5851,1199,Time Deposit,726930658,2026-12-03,SMG01,ACTIVE
5852,2392,Savings,112901854,2027-06-17,YGY01,ACTIVE
5853,2100,Time Deposit,433363034,2026-04-25,MDN01,ACTIVE
5854,1919,Time Deposit,188490274,2027-01-22,JKT02,ACTIVE
5855,5147,Savings,86991207,2028-03-22,BDG01,ACTIVE
5856,4422,Time Deposit,724408931,2026-06-14,SBY01,ACTIVE
5857,9632,Savings,114851834,2027-10-05,JKT02,ACTIVE
5858,7669,Time Deposit,425353187,2026-12-03,BDG01,ACTIVE
5859,8336,Time Deposit,716495410,2026-04-11,BDG01,ACTIVE
5860,5031,Savings,23001259,2026-06-23,MDN01,ACTIVE
5861,4575,Time Deposit,633177561,2026-05-14,SMG01,ACTIVE
5862,7582,Time Deposit,472685077,2027-01-03,SMG01,ACTIVE
5863,2140,Time Deposit,854594312,2026-08-20,YGY01,ACTIVE
5864,3118,Savings,140686516,2027-04-03,YGY01,ACTIVE
5865,1473,Savings,9947199,2026-08-07,SMG01,ACTIVE
5866,1024,Time Deposit,237168913,2027-03-22,SMG01,ACTIVE
5867,6381,Savings,99778566,2028-01-14,YGY01,ACTIVE
5868,4097,Time Deposit,1393280288,2026-05-28,YGY01,ACTIVE
5869,7273,Time Deposit,337501157,2027-02-05,JKT01,ACTIVE
5870,7808,Savings,122249934,2027-04-06,JKT02,ACTIVE
5871,5781,Time Deposit,453014332,2026-06-15,YGY01,ACTIVE
5872,8795,Savings,48942549,2027-11-08,SBY01,ACTIVE
5873,8214,Time Deposit,959129265,2026-07-25,MDN01,ACTIVE
5874,2333,Time Deposit,380190619,2027-02-02,BDG01,ACTIVE
5875,9094,Time Deposit,1117516892,2026-06-10,SMG01,ACTIVE
5876,8154,Time Deposit,714017731,2027-03-01,SMG01,ACTIVE
5877,9710,Savings,128109268,2028-02-02,YGY01,ACTIVE
5878,3159,Time Deposit,562985826,2026-12-28,JKT01,ACTIVE
5879,9353,Savings,94769214,2027-11-16,SMG01,ACTIVE
5880,4530,Savings,93134527,2026-06-09,SBY01,ACTIVE
5881,190,Savings,25925187,2026-10-18,SMG01,ACTIVE
5882,1127,Time Deposit,457932651,2027-02-01,JKT02,ACTIVE
5883,6313,Savings,11664203,2027-04-10,MDN01,ACTIVE
5884,8841,Time Deposit,699348787,2026-08-13,JKT01,ACTIVE
5885,1791,Savings,17052084,2026-05-21,MDN01,ACTIVE
5886,6185,Savings,9967106,2026-05-29,YGY01,ACTIVE
5887,3989,Savings,27679880,2026-06-27,MDN01,ACTIVE
5888,9736,Savings,33562927,2027-09-24,BDG01,ACTIVE
5889,7736,Time Deposit,182796142,2026-07-09,YGY01,ACTIVE
5890,3940,Savings,31230909,2027-11-15,MDN01,ACTIVE
5891,8139,Savings,37672369,2027-10-11,SMG01,ACTIVE
5892,57,Savings,15960127,2028-03-15,JKT01,ACTIVE
5893,5155,Time Deposit,951911178,2026-04-28,YGY01,ACTIVE
5894,444,Savings,85708728,2027-04-16,JKT01,ACTIVE
5895,8076,Savings,46875567,2027-03-18,JKT01,ACTIVE
5896,9981,Time Deposit,324040640,2027-03-11,SMG01,ACTIVE
5897,2439,Time Deposit,886956481,2026-10-20,SMG01,ACTIVE
5898,7204,Time Deposit,541795411,2026-08-11,BDG01,ACTIVE
5899,5691,Savings,51923171,2027-02-05,JKT01,ACTIVE
5900,3199,Savings,11051078,2027-09-22,JKT02,ACTIVE
5901,5660,Savings,13757932,2026-08-25,SBY01,ACTIVE
5902,8912,Savings,11301384,2027-02-10,JKT01,ACTIVE
5903,2823,Savings,23431087,2027-02-15,SBY01,ACTIVE
5904,5917,Savings,22211881,2027-03-19,SMG01,ACTIVE
5905,6171,Savings,187420177,2027-06-19,SBY01,ACTIVE
5906,4709,Savings,15619928,2027-08-01,YGY01,ACTIVE
5907,5150,Savings,14083016,2026-09-28,JKT01,ACTIVE
5908,3247,Time Deposit,238229509,2026-09-14,SBY01,ACTIVE
5909,9121,Savings,5394095,2027-02-26,SBY01,ACTIVE
5910,7690,Savings,94829903,2026-04-24,YGY01,ACTIVE
5911,6349,Savings,3401007,2027-11-09,YGY01,ACTIVE
5912,2459,Savings,15416998,2026-09-22,JKT01,ACTIVE
5913,3308,Time Deposit,504637253,2027-03-08,SBY01,ACTIVE
5914,7931,Savings,7650006,2026-09-13,JKT02,ACTIVE
5915,107,Savings,116943919,2027-02-08,JKT02,ACTIVE
5916,8249,Savings,91199718,2027-12-20,BDG01,ACTIVE
5917,2488,Savings,21398173,2027-05-23,YGY01,ACTIVE
5918,314,Time Deposit,863865223,2026-08-07,BDG01,ACTIVE
5919,5404,Savings,14161257,2027-11-14,JKT01,ACTIVE
5920,1246,Savings,137657633,2027-03-22,SBY01,ACTIVE
5921,440,Savings,48441319,2027-11-26,JKT01,ACTIVE
5922,5226,Savings,4640614,2026-08-24,YGY01,ACTIVE
5923,5449,Savings,93293803,2027-10-31,MDN01,ACTIVE
5924,8372,Savings,24791711,2026-12-09,YGY01,ACTIVE
5925,5646,Time Deposit,723032166,2027-01-08,SMG01,ACTIVE
5926,39,Savings,159171651,2027-04-26,BDG01,ACTIVE
5927,9543,Savings,28386578,2027-02-24,MDN01,ACTIVE
5928,6785,Savings,33484011,2028-01-08,YGY01,ACTIVE
5929,9275,Savings,18164304,2027-06-12,MDN01,ACTIVE
5930,8980,Savings,24042092,2027-02-21,JKT02,ACTIVE
5931,3301,Savings,22463292,2026-12-27,BDG01,ACTIVE
5932,4560,Savings,14295056,2026-09-16,BDG01,ACTIVE
5933,725,Time Deposit,1348936194,2027-02-13,BDG01,ACTIVE
5934,1749,Savings,5205455,2026-09-13,JKT01,ACTIVE
5935,2364,Time Deposit,1439219828,2026-10-05,JKT02,ACTIVE
5936,7858,Savings,92968900,2026-04-24,MDN01,ACTIVE
5937,6891,Time Deposit,366534345,2026-10-11,JKT02,ACTIVE
5938,4908,Time Deposit,732346115,2026-10-23,SBY01,ACTIVE
5939,9396,Savings,18161307,2027-12-14,SMG01,ACTIVE
5940,5808,Savings,5297015,2026-11-10,YGY01,ACTIVE
5941,9791,Time Deposit,1406441263,2026-07-10,YGY01,ACTIVE
5942,529,Savings,14713910,2026-11-14,YGY01,ACTIVE
5943,8610,Savings,58667821,2026-10-31,JKT02,ACTIVE
5944,5236,Savings,17697493,2026-11-06,YGY01,ACTIVE
5945,1794,Savings,55852300,2026-06-08,JKT02,ACTIVE
5946,7798,Savings,23601963,2027-10-12,JKT01,ACTIVE
5947,2097,Savings,166200569,2028-03-15,BDG01,ACTIVE
5948,6156,Time Deposit,343026628,2027-02-08,YGY01,ACTIVE
5949,9292,Savings,43846696,2026-06-21,JKT01,ACTIVE
5950,5880,Savings,26083245,2027-02-18,MDN01,ACTIVE
5951,5978,Savings,12847823,2027-08-21,JKT01,ACTIVE
5952,7113,Time Deposit,202356813,2026-06-16,MDN01,ACTIVE
5953,9724,Time Deposit,249530848,2026-06-04,YGY01,ACTIVE
5954,8472,Savings,13858651,2027-10-24,YGY01,ACTIVE
5955,6155,Time Deposit,189749054,2027-01-09,YGY01,ACTIVE
5956,7784,Savings,25904942,2027-06-14,YGY01,ACTIVE
5957,9434,Savings,42052410,2027-06-13,YGY01,ACTIVE
5958,9609,Savings,101676459,2028-02-14,JKT01,ACTIVE
5959,2270,Time Deposit,715259272,2026-11-28,JKT01,ACTIVE
5960,7423,Savings,9460444,2027-04-20,SBY01,ACTIVE
5961,6825,Time Deposit,848022218,2027-01-30,SMG01,ACTIVE
5962,4669,Savings,8793999,2027-11-22,JKT01,ACTIVE
5963,5619,Savings,13052324,2028-01-18,MDN01,ACTIVE
5964,4836,Savings,111972889,2026-07-18,JKT01,ACTIVE
5965,5828,Savings,154421256,2027-03-31,YGY01,ACTIVE
5966,4330,Savings,34061279,2027-10-03,SBY01,ACTIVE
5967,5847,Time Deposit,653598691,2026-10-03,SBY01,ACTIVE
5968,6117,Time Deposit,554574905,2026-05-05,SBY01,ACTIVE
5969,1039,Savings,23010464,2027-01-07,BDG01,ACTIVE
5970,3762,Savings,9583884,2026-07-31,JKT02,ACTIVE
5971,1354,Savings,228901961,2027-02-21,JKT02,ACTIVE
5972,4583,Time Deposit,850026978,2026-10-20,JKT02,ACTIVE
5973,4343,Savings,35525301,2027-10-08,SBY01,ACTIVE
5974,5127,Savings,23990921,2027-09-30,SBY01,ACTIVE
5975,2274,Time Deposit,594141055,2026-11-10,BDG01,ACTIVE
5976,6952,Time Deposit,220682116,2026-10-18,JKT02,ACTIVE
5977,8141,Savings,33761220,2026-09-04,SBY01,ACTIVE
5978,4512,Time Deposit,651939212,2027-02-09,JKT02,ACTIVE
5979,5442,Time Deposit,519790802,2027-02-07,SMG01,ACTIVE
5980,8668,Savings,77802417,2026-07-16,SBY01,ACTIVE
5981,3707,Savings,21886265,2026-06-19,JKT02,ACTIVE
5982,1281,Savings,20783040,2028-01-27,MDN01,ACTIVE
5983,5834,Time Deposit,941880802,2026-05-15,YGY01,ACTIVE
5984,3826,Time Deposit,905706948,2026-11-01,SMG01,ACTIVE
5985,2910,Savings,23069779,2026-10-22,BDG01,ACTIVE
5986,3977,Savings,61234377,2027-05-13,JKT02,ACTIVE
5987,4545,Savings,14292188,2027-08-01,SBY01,ACTIVE
5988,3413,Savings,35003698,2028-02-01,SBY01,ACTIVE
5989,1497,Time Deposit,242810630,2027-02-11,YGY01,ACTIVE
5990,1416,Savings,6799520,2026-08-09,SBY01,ACTIVE
5991,901,Savings,30845337,2027-06-23,SMG01,ACTIVE
5992,860,Savings,22341452,2027-01-12,BDG01,ACTIVE
5993,4593,Savings,21433608,2028-02-09,MDN01,ACTIVE
5994,6255,Savings,9730041,2027-05-23,SBY01,ACTIVE
5995,6190,Time Deposit,252898372,2027-01-13,BDG01,ACTIVE
5996,4939,Savings,126338683,2027-02-23,JKT01,ACTIVE
5997,3168,Time Deposit,1045951072,2026-11-13,YGY01,ACTIVE
5998,3292,Savings,178186725,2027-05-31,JKT01,ACTIVE
5999,715,Savings,55351620,2027-02-11,YGY01,ACTIVE
6000,6791,Savings,30582784,2027-03-05,JKT01,ACTIVE
6001,2421,Savings,68285071,2027-12-31,JKT02,ACTIVE
6002,4577,Savings,208412407,2027-07-02,JKT01,ACTIVE
6003,1843,Savings,62831312,2026-09-13,JKT02,ACTIVE
6004,4790,Savings,66215256,2028-03-05,YGY01,ACTIVE
6005,4099,Savings,178639048,2026-11-01,JKT01,ACTIVE
6006,7838,Savings,5563064,2027-07-23,SBY01,ACTIVE
6007,2990,Savings,92928095,2027-07-29,JKT02,ACTIVE
6008,8700,Time Deposit,282663890,2026-09-08,SMG01,ACTIVE
6009,3105,Savings,4085978,2027-03-02,SMG01,ACTIVE
6010,2205,Savings,7341596,2026-09-21,JKT01,ACTIVE
6011,2664,Time Deposit,397894954,2026-09-28,MDN01,ACTIVE
6012,7790,Savings,29881445,2027-05-03,JKT01,ACTIVE
6013,1471,Time Deposit,665615105,2026-04-09,JKT02,ACTIVE
6014,1449,Time Deposit,174818422,2026-08-08,JKT02,ACTIVE
6015,1450,Time Deposit,414587914,2026-09-23,SBY01,ACTIVE
6016,4785,Time Deposit,691929898,2026-12-13,SMG01,ACTIVE
6017,2441,Savings,15634915,2027-09-30,MDN01,ACTIVE
6018,1386,Time Deposit,419746640,2026-10-05,JKT02,ACTIVE
6019,8952,Savings,21074118,2027-06-05,YGY01,ACTIVE
6020,4500,Time Deposit,499956514,2026-05-27,JKT02,ACTIVE
6021,9470,Savings,7806307,2027-03-21,BDG01,ACTIVE
6022,1512,Savings,14424976,2026-05-09,YGY01,ACTIVE
6023,725,Time Deposit,922940314,2026-09-11,YGY01,ACTIVE
6024,4240,Time Deposit,246268384,2026-09-26,SBY01,ACTIVE
6025,8220,Savings,34322962,2026-08-26,BDG01,ACTIVE
6026,9309,Savings,131394742,2028-02-22,BDG01,ACTIVE
6027,2501,Time Deposit,236268961,2026-06-11,MDN01,ACTIVE
6028,3041,Savings,64121915,2027-04-05,BDG01,ACTIVE
6029,2177,Savings,14729304,2026-06-16,YGY01,ACTIVE
6030,6071,Savings,98526985,2026-06-23,YGY01,ACTIVE
6031,2358,Savings,33229859,2027-08-03,SBY01,ACTIVE
6032,8354,Time Deposit,247564326,2026-08-02,JKT02,ACTIVE
6033,4895,Time Deposit,742130976,2027-01-12,MDN01,ACTIVE
6034,2396,Time Deposit,465847152,2026-04-13,MDN01,ACTIVE
6035,4392,Savings,30680136,2026-05-10,BDG01,ACTIVE
6036,2850,Savings,106180424,2026-04-29,JKT02,ACTIVE
6037,2510,Savings,6661340,2026-12-28,SMG01,ACTIVE
6038,3982,Savings,14319818,2027-04-03,MDN01,ACTIVE
6039,4149,Time Deposit,280191873,2026-10-07,BDG01,ACTIVE
6040,8485,Savings,38808528,2026-05-21,BDG01,ACTIVE
6041,765,Savings,7315507,2026-05-22,YGY01,ACTIVE
6042,4779,Savings,23567902,2027-05-17,SBY01,ACTIVE
6043,1777,Savings,23631037,2027-04-02,JKT01,ACTIVE
6044,9232,Time Deposit,1393387520,2027-01-18,YGY01,ACTIVE
6045,2256,Savings,63986790,2027-12-22,JKT01,ACTIVE
6046,7027,Savings,25659680,2028-02-09,SBY01,ACTIVE
6047,8635,Savings,11160298,2027-01-17,JKT02,ACTIVE
6048,3318,Time Deposit,389119351,2026-10-05,YGY01,ACTIVE
6049,857,Savings,110296027,2026-10-23,YGY01,ACTIVE
6050,6708,Time Deposit,780528477,2026-06-30,SMG01,ACTIVE
6051,9946,Savings,30869065,2027-01-17,YGY01,ACTIVE
6052,4043,Time Deposit,341883054,2026-11-03,BDG01,ACTIVE
6053,9421,Time Deposit,812754964,2026-04-14,JKT01,ACTIVE
6054,4607,Savings,127209536,2027-02-09,JKT01,ACTIVE
6055,2314,Savings,13698441,2027-04-22,SMG01,ACTIVE
6056,2832,Savings,7962682,2026-08-10,JKT01,ACTIVE
6057,4110,Time Deposit,1075827400,2026-08-02,JKT02,ACTIVE
6058,1330,Time Deposit,561804727,2026-04-13,YGY01,ACTIVE
6059,159,Time Deposit,1147390173,2026-06-27,YGY01,ACTIVE
6060,1905,Savings,76328627,2027-01-01,JKT01,ACTIVE
6061,2836,Time Deposit,282905789,2026-05-15,BDG01,ACTIVE
6062,5692,Savings,18569221,2026-10-31,MDN01,ACTIVE
6063,2000,Savings,26340686,2028-01-13,SMG01,ACTIVE
6064,1297,Time Deposit,230565814,2027-01-15,JKT01,ACTIVE
6065,3906,Savings,21608034,2026-10-12,YGY01,ACTIVE
6066,157,Savings,14599903,2027-01-29,JKT01,ACTIVE
6067,7362,Savings,17434649,2026-09-04,SMG01,ACTIVE
6068,6205,Savings,31717063,2028-02-10,SBY01,ACTIVE
6069,7725,Time Deposit,335389186,2026-06-04,SBY01,ACTIVE
6070,855,Savings,179115581,2026-11-08,JKT02,ACTIVE
6071,7138,Savings,53198406,2027-05-04,JKT01,ACTIVE
6072,6723,Savings,63189486,2026-08-03,BDG01,ACTIVE
6073,3023,Time Deposit,848549562,2026-11-03,MDN01,ACTIVE
6074,3121,Savings,5218986,2027-04-24,JKT01,ACTIVE
6075,557,Time Deposit,650010945,2026-10-31,SMG01,ACTIVE
6076,4718,Savings,8746236,2027-07-13,BDG01,ACTIVE
6077,1893,Savings,10857459,2027-02-05,JKT02,ACTIVE
6078,6620,Savings,29324098,2027-07-19,BDG01,ACTIVE
6079,8114,Savings,51352497,2027-11-03,SMG01,ACTIVE
6080,7426,Time Deposit,407800407,2026-12-13,JKT01,ACTIVE
6081,8734,Time Deposit,1108401945,2026-07-12,JKT01,ACTIVE
6082,217,Time Deposit,178553609,2027-02-21,JKT01,ACTIVE
6083,7574,Time Deposit,1035640376,2026-07-23,SMG01,ACTIVE
6084,4103,Savings,147098116,2027-01-18,JKT02,ACTIVE
6085,6771,Time Deposit,1589476427,2027-01-26,JKT01,ACTIVE
6086,9049,Savings,157313559,2028-01-07,BDG01,ACTIVE
6087,7424,Savings,29466471,2026-12-20,SMG01,ACTIVE
6088,3053,Time Deposit,876293546,2026-11-17,BDG01,ACTIVE
6089,5175,Savings,113107012,2027-12-13,SMG01,ACTIVE
6090,7398,Savings,54512367,2027-08-19,SBY01,ACTIVE
6091,6564,Savings,118925001,2026-09-14,YGY01,ACTIVE
6092,818,Savings,20505190,2027-06-11,SBY01,ACTIVE
6093,6105,Savings,17926199,2028-01-20,JKT02,ACTIVE
6094,7308,Time Deposit,748348703,2026-12-06,MDN01,ACTIVE
6095,4670,Savings,6043931,2027-12-08,SBY01,ACTIVE
6096,7654,Time Deposit,868636754,2026-04-14,BDG01,ACTIVE
6097,4783,Time Deposit,921946795,2027-03-20,YGY01,ACTIVE
6098,8431,Time Deposit,1938686467,2026-08-04,JKT02,ACTIVE
6099,9727,Savings,94782897,2027-02-25,SMG01,ACTIVE
6100,1587,Savings,35855473,2027-10-11,SBY01,ACTIVE
6101,5366,Savings,8514677,2026-05-30,JKT01,ACTIVE
6102,9027,Savings,40933627,2026-05-28,JKT01,ACTIVE
6103,3612,Time Deposit,451862466,2026-07-26,SMG01,ACTIVE
6104,9268,Savings,185275450,2028-01-14,JKT02,ACTIVE
6105,3025,Savings,178751046,2027-09-09,MDN01,ACTIVE
6106,3769,Savings,25118901,2027-01-30,MDN01,ACTIVE
6107,1215,Savings,57647468,2027-04-01,YGY01,ACTIVE
6108,5296,Savings,9939721,2026-04-29,JKT01,ACTIVE
6109,9270,Time Deposit,392259470,2026-07-01,SBY01,ACTIVE
6110,2487,Savings,11927728,2027-12-07,SBY01,ACTIVE
6111,7061,Savings,135164471,2027-07-31,YGY01,ACTIVE
6112,9791,Time Deposit,465156797,2026-12-07,JKT01,ACTIVE
6113,2978,Time Deposit,500145234,2027-02-16,JKT02,ACTIVE
6114,1397,Time Deposit,993972058,2027-02-02,BDG01,ACTIVE
6115,730,Savings,36885620,2026-06-27,JKT02,ACTIVE
6116,7600,Savings,13823932,2027-06-18,SMG01,ACTIVE
6117,8973,Time Deposit,213517874,2027-01-19,BDG01,ACTIVE
6118,1005,Savings,178630584,2027-07-01,MDN01,ACTIVE
6119,4071,Time Deposit,426645106,2027-02-16,SBY01,ACTIVE
6120,4740,Time Deposit,488813020,2026-11-08,JKT01,ACTIVE
6121,2942,Time Deposit,799800965,2026-10-21,SMG01,ACTIVE
6122,7858,Savings,60642294,2026-12-15,MDN01,ACTIVE
6123,3916,Time Deposit,682288167,2026-09-25,JKT02,ACTIVE
6124,5133,Savings,9093582,2027-02-08,MDN01,ACTIVE
6125,1548,Time Deposit,334768323,2026-10-21,SBY01,ACTIVE
6126,2977,Savings,20564586,2026-08-07,SBY01,ACTIVE
6127,3998,Savings,144684968,2026-11-07,JKT02,ACTIVE
6128,30,Savings,6482633,2026-06-09,SMG01,ACTIVE
6129,6483,Savings,34976425,2027-05-17,SBY01,ACTIVE
6130,3859,Savings,22503013,2027-06-04,SBY01,ACTIVE
6131,4930,Savings,27811295,2027-05-30,JKT02,ACTIVE
6132,6023,Savings,41847550,2027-03-29,SBY01,ACTIVE
6133,2834,Savings,44508764,2026-09-06,MDN01,ACTIVE
6134,3460,Time Deposit,702103108,2026-12-12,MDN01,ACTIVE
6135,800,Savings,26733830,2027-04-25,JKT02,ACTIVE
6136,3492,Time Deposit,732655838,2026-07-22,JKT01,ACTIVE
6137,5988,Time Deposit,1150023502,2026-04-16,JKT02,ACTIVE
6138,7607,Savings,153461987,2026-05-29,JKT01,ACTIVE
6139,5439,Time Deposit,1136838213,2026-05-07,BDG01,ACTIVE
6140,6684,Savings,39003825,2027-03-21,SMG01,ACTIVE
6141,6749,Time Deposit,1375458127,2026-10-09,YGY01,ACTIVE
6142,3512,Savings,105044125,2026-10-25,JKT01,ACTIVE
6143,2838,Savings,40137597,2026-05-11,JKT01,ACTIVE
6144,8929,Time Deposit,900282042,2026-06-16,SMG01,ACTIVE
6145,8411,Savings,10764002,2026-05-06,JKT01,ACTIVE
6146,34,Savings,167218861,2027-07-07,BDG01,ACTIVE
6147,4588,Savings,9637330,2026-09-12,JKT02,ACTIVE
6148,4843,Time Deposit,715339424,2026-11-11,YGY01,ACTIVE
6149,3120,Time Deposit,206206246,2026-12-13,SBY01,ACTIVE
6150,403,Time Deposit,453725031,2027-03-05,JKT02,ACTIVE
6151,2644,Time Deposit,767379198,2026-11-17,BDG01,ACTIVE
6152,1658,Savings,38873509,2026-05-30,SMG01,ACTIVE
6153,7684,Savings,91743133,2026-08-24,JKT02,ACTIVE
6154,2158,Savings,42374700,2027-08-30,SBY01,ACTIVE
6155,768,Savings,15250812,2028-03-03,MDN01,ACTIVE
6156,3420,Time Deposit,1374913175,2027-03-10,JKT01,ACTIVE
6157,7485,Savings,8753030,2027-02-26,JKT01,ACTIVE
6158,5100,Savings,27638518,2027-07-24,BDG01,ACTIVE
6159,8440,Time Deposit,257563622,2027-01-30,YGY01,ACTIVE
6160,578,Savings,130473696,2026-06-27,SBY01,ACTIVE
6161,7623,Savings,14615100,2027-07-17,JKT01,ACTIVE
6162,6453,Savings,108005345,2027-10-03,YGY01,ACTIVE
6163,1881,Savings,81564675,2027-01-29,YGY01,ACTIVE
6164,3395,Time Deposit,191213760,2026-10-20,SMG01,ACTIVE
6165,3025,Savings,109512377,2026-05-07,BDG01,ACTIVE
6166,124,Savings,25489166,2026-07-21,YGY01,ACTIVE
6167,5524,Savings,19269344,2026-09-25,MDN01,ACTIVE
6168,4258,Time Deposit,456849638,2026-09-28,JKT01,ACTIVE
6169,4866,Savings,32492622,2027-03-20,JKT02,ACTIVE
6170,6787,Savings,15294800,2026-08-06,SMG01,ACTIVE
6171,1001,Savings,173478930,2028-02-14,SBY01,ACTIVE
6172,9008,Savings,52174755,2026-10-17,YGY01,ACTIVE
6173,4194,Savings,94278755,2028-03-13,JKT01,ACTIVE
6174,6359,Time Deposit,382360834,2026-06-13,JKT01,ACTIVE
6175,4674,Time Deposit,1263708014,2026-05-23,JKT02,ACTIVE
6176,4487,Savings,34898657,2026-10-04,JKT02,ACTIVE
6177,2296,Savings,32793399,2028-01-02,JKT02,ACTIVE
6178,6418,Savings,42016301,2026-09-03,SMG01,ACTIVE
6179,6602,Savings,121555998,2026-11-05,SMG01,ACTIVE
6180,4707,Time Deposit,641891074,2026-06-19,YGY01,ACTIVE
6181,8627,Savings,34320655,2027-09-23,SMG01,ACTIVE
6182,471,Time Deposit,864944604,2026-06-25,MDN01,ACTIVE
6183,6727,Time Deposit,469461527,2026-09-19,JKT02,ACTIVE
6184,4976,Savings,21096552,2028-01-12,BDG01,ACTIVE
6185,7310,Time Deposit,1220310558,2026-07-22,JKT02,ACTIVE
6186,2677,Time Deposit,243700436,2026-10-25,YGY01,ACTIVE
6187,3355,Savings,25723072,2026-11-27,JKT01,ACTIVE
6188,6351,Savings,11123151,2026-07-20,SBY01,ACTIVE
6189,9395,Time Deposit,1274509248,2026-05-20,YGY01,ACTIVE
6190,8601,Savings,29974061,2026-05-13,BDG01,ACTIVE
6191,6461,Savings,20926518,2026-08-08,MDN01,ACTIVE
6192,9922,Time Deposit,174243196,2026-05-02,JKT02,ACTIVE
6193,5136,Savings,35487020,2027-12-27,SMG01,ACTIVE
6194,4067,Savings,21603889,2027-06-20,YGY01,ACTIVE
6195,4408,Time Deposit,635040511,2026-04-29,SBY01,ACTIVE
6196,9148,Savings,15280768,2027-06-22,BDG01,ACTIVE
6197,3967,Time Deposit,202375078,2027-01-28,MDN01,ACTIVE
6198,5421,Savings,35355023,2027-04-24,SBY01,ACTIVE
6199,7690,Time Deposit,1053154767,2027-03-04,SMG01,ACTIVE
6200,4444,Savings,22495557,2028-01-08,BDG01,ACTIVE
6201,4980,Time Deposit,429336994,2027-01-27,MDN01,ACTIVE
6202,8629,Savings,22617609,2027-07-14,MDN01,ACTIVE
6203,7678,Time Deposit,942913595,2026-10-15,MDN01,ACTIVE
6204,7211,Time Deposit,892484232,2026-04-14,YGY01,ACTIVE
6205,5733,Time Deposit,999702632,2026-08-16,YGY01,ACTIVE
6206,4733,Savings,87922208,2026-08-25,BDG01,ACTIVE
6207,4054,Savings,28788876,2026-06-21,MDN01,ACTIVE
6208,7070,Time Deposit,1774984981,2026-12-20,BDG01,ACTIVE
6209,6272,Savings,23581638,2027-10-22,SMG01,ACTIVE
6210,1923,Time Deposit,434048093,2026-09-20,YGY01,ACTIVE
6211,4525,Savings,81094018,2026-08-28,JKT01,ACTIVE
6212,4777,Time Deposit,690363634,2026-11-04,JKT02,ACTIVE
6213,7234,Savings,56675253,2026-05-13,JKT01,ACTIVE
6214,3409,Savings,16761270,2027-02-19,SMG01,ACTIVE
6215,2262,Savings,37790669,2026-08-20,YGY01,ACTIVE
6216,2740,Time Deposit,711051825,2026-12-06,SBY01,ACTIVE
6217,4115,Time Deposit,538909408,2027-02-02,JKT01,ACTIVE
6218,4256,Time Deposit,197053194,2026-06-19,BDG01,ACTIVE
6219,1891,Time Deposit,624045857,2027-03-24,JKT02,ACTIVE
6220,5947,Time Deposit,1589610301,2027-03-07,JKT01,ACTIVE
6221,8239,Savings,3834798,2026-12-28,SMG01,ACTIVE
6222,9513,Time Deposit,783672378,2026-10-20,SBY01,ACTIVE
6223,8589,Savings,11700938,2026-05-28,BDG01,ACTIVE
6224,2753,Time Deposit,672757250,2026-07-04,MDN01,ACTIVE
6225,5572,Savings,28391808,2028-01-31,SBY01,ACTIVE
6226,5868,Savings,44322810,2028-02-13,BDG01,ACTIVE
6227,8018,Time Deposit,653104703,2027-01-12,MDN01,ACTIVE
6228,2890,Savings,52698635,2027-11-13,YGY01,ACTIVE
6229,263,Savings,55197716,2026-12-23,YGY01,ACTIVE
6230,2008,Time Deposit,733127162,2027-01-16,JKT01,ACTIVE
6231,1111,Savings,14619620,2027-04-01,JKT01,ACTIVE
6232,5843,Savings,13048415,2027-02-26,SMG01,ACTIVE
6233,5837,Savings,44403678,2027-12-07,SMG01,ACTIVE
6234,3845,Time Deposit,1081231485,2027-03-23,JKT02,ACTIVE
6235,2764,Savings,10436177,2028-01-06,JKT02,ACTIVE
6236,6928,Savings,32280572,2026-12-03,SBY01,ACTIVE
6237,2611,Savings,44080632,2027-11-08,MDN01,ACTIVE
6238,9656,Savings,30729256,2026-06-02,JKT02,ACTIVE
6239,7092,Savings,13237273,2027-01-15,JKT01,ACTIVE
6240,7974,Savings,22515135,2027-12-12,BDG01,ACTIVE
6241,7062,Savings,97043510,2027-04-14,JKT01,ACTIVE
6242,1879,Savings,115589908,2026-07-29,MDN01,ACTIVE
6243,8297,Savings,7505655,2026-11-25,SMG01,ACTIVE
6244,3618,Savings,5254295,2027-10-31,BDG01,ACTIVE
6245,4123,Time Deposit,315784542,2026-11-25,BDG01,ACTIVE
6246,8371,Savings,31012916,2027-01-17,SBY01,ACTIVE
6247,9070,Time Deposit,445374349,2026-05-18,SMG01,ACTIVE
6248,766,Savings,25930310,2026-10-16,JKT02,ACTIVE
6249,7001,Savings,39800939,2027-05-08,JKT01,ACTIVE
6250,1662,Time Deposit,570382472,2026-05-16,SMG01,ACTIVE
6251,7706,Time Deposit,597578702,2027-03-04,YGY01,ACTIVE
6252,126,Savings,17256078,2027-01-02,JKT02,ACTIVE
6253,4988,Savings,19428269,2027-05-13,JKT02,ACTIVE
6254,7632,Savings,16971877,2026-07-06,JKT02,ACTIVE
6255,5005,Savings,153466432,2027-04-10,BDG01,ACTIVE
6256,9230,Savings,26905936,2027-08-18,JKT02,ACTIVE
6257,9197,Time Deposit,654730659,2027-01-06,SBY01,ACTIVE
6258,2685,Savings,135732571,2026-12-15,JKT01,ACTIVE
6259,7703,Savings,220362527,2027-02-13,BDG01,ACTIVE
6260,9397,Time Deposit,1489590538,2027-03-07,SBY01,ACTIVE
6261,2585,Time Deposit,541116928,2026-09-25,SMG01,ACTIVE
6262,6115,Savings,30253975,2027-04-20,BDG01,ACTIVE
6263,8778,Savings,12470332,2026-09-17,SBY01,ACTIVE
6264,8121,Savings,18868487,2027-01-19,JKT01,ACTIVE
6265,2819,Time Deposit,253841242,2026-12-14,JKT02,ACTIVE
6266,2219,Savings,17980829,2026-05-29,MDN01,ACTIVE
6267,9749,Savings,30651725,2027-04-18,JKT01,ACTIVE
6268,2337,Time Deposit,956766912,2027-01-31,YGY01,ACTIVE
6269,3734,Savings,113278320,2027-08-15,JKT01,ACTIVE
6270,6162,Savings,30375086,2026-08-14,JKT01,ACTIVE
6271,302,Savings,27945042,2027-03-16,JKT01,ACTIVE
6272,4300,Savings,30567963,2028-02-22,JKT01,ACTIVE
6273,3298,Savings,98153587,2027-11-28,JKT01,ACTIVE
6274,8880,Savings,132745363,2027-06-22,JKT01,ACTIVE
6275,2673,Savings,12741175,2027-10-02,JKT02,ACTIVE
6276,1431,Savings,48095179,2027-05-03,BDG01,ACTIVE
6277,2647,Savings,34650532,2027-12-06,JKT02,ACTIVE
6278,8957,Savings,93469014,2026-09-05,SBY01,ACTIVE
6279,2787,Time Deposit,863671082,2026-08-15,YGY01,ACTIVE
6280,4788,Time Deposit,1261271153,2027-02-08,JKT02,ACTIVE
6281,798,Savings,6461115,2028-03-15,SMG01,ACTIVE
6282,6708,Time Deposit,990785528,2026-05-26,SBY01,ACTIVE
6283,9219,Time Deposit,132749343,2026-04-18,JKT01,ACTIVE
6284,395,Time Deposit,669008534,2027-01-22,YGY01,ACTIVE
6285,6524,Savings,1778546,2027-03-26,YGY01,ACTIVE
6286,1047,Time Deposit,314428318,2027-02-18,YGY01,ACTIVE
6287,3379,Time Deposit,898162734,2026-06-25,YGY01,ACTIVE
6288,664,Savings,18290886,2026-06-30,JKT01,ACTIVE
6289,7235,Time Deposit,884767436,2027-01-30,SMG01,ACTIVE
6290,8683,Time Deposit,1805840390,2026-04-26,YGY01,ACTIVE
6291,5577,Time Deposit,123666902,2026-11-03,SBY01,ACTIVE
6292,8114,Time Deposit,1237421101,2026-06-03,YGY01,ACTIVE
6293,4738,Savings,13131581,2028-03-10,YGY01,ACTIVE
6294,3109,Savings,26979206,2028-03-04,YGY01,ACTIVE
6295,8468,Savings,16253282,2028-01-30,SBY01,ACTIVE
6296,6410,Savings,5193052,2027-08-15,SMG01,ACTIVE
6297,1075,Time Deposit,872323576,2027-03-11,YGY01,ACTIVE
6298,118,Time Deposit,280860738,2026-09-02,MDN01,ACTIVE
6299,9984,Time Deposit,941760224,2026-06-28,JKT02,ACTIVE
6300,94,Savings,22744284,2027-09-18,YGY01,ACTIVE
6301,4805,Savings,19699517,2027-11-23,MDN01,ACTIVE
6302,8214,Time Deposit,422674280,2026-05-08,MDN01,ACTIVE
6303,6639,Time Deposit,334033148,2026-08-15,SBY01,ACTIVE
6304,4758,Savings,5117591,2027-03-15,BDG01,ACTIVE
6305,1785,Savings,30385837,2027-03-09,JKT02,ACTIVE
6306,7822,Time Deposit,435150990,2027-01-04,SMG01,ACTIVE
6307,3421,Savings,43598305,2026-12-03,SMG01,ACTIVE
6308,6777,Savings,8406529,2027-11-16,JKT01,ACTIVE
6309,8643,Savings,128677925,2027-02-11,JKT01,ACTIVE
6310,3642,Time Deposit,470257733,2027-01-13,JKT01,ACTIVE
6311,1572,Time Deposit,1119711887,2026-08-21,JKT01,ACTIVE
6312,1212,Time Deposit,1171670674,2026-12-23,JKT01,ACTIVE
6313,9647,Savings,138779693,2027-09-22,JKT02,ACTIVE
6314,8683,Time Deposit,688874714,2026-05-20,JKT01,ACTIVE
6315,9173,Time Deposit,533942599,2027-03-20,SBY01,ACTIVE
6316,7845,Savings,13550843,2026-10-02,MDN01,ACTIVE
6317,2948,Savings,193600871,2028-01-14,MDN01,ACTIVE
6318,8709,Time Deposit,699740706,2026-07-28,MDN01,ACTIVE
6319,8607,Savings,23711456,2026-06-02,BDG01,ACTIVE
6320,7038,Time Deposit,617964184,2026-07-05,BDG01,ACTIVE
6321,7213,Savings,139593784,2027-05-29,BDG01,ACTIVE
6322,2665,Savings,23310511,2026-08-27,SBY01,ACTIVE
6323,5497,Time Deposit,634365688,2026-05-30,JKT01,ACTIVE
6324,3893,Savings,41615666,2028-03-14,MDN01,ACTIVE
6325,346,Savings,3594605,2027-12-24,MDN01,ACTIVE
6326,7293,Savings,45331097,2026-06-16,SBY01,ACTIVE
6327,8268,Savings,101663950,2026-09-30,SBY01,ACTIVE
6328,2482,Time Deposit,753839120,2026-10-18,JKT01,ACTIVE
6329,1661,Savings,56373547,2026-12-30,JKT02,ACTIVE
6330,1162,Savings,5683432,2027-11-20,JKT02,ACTIVE
6331,404,Time Deposit,541438701,2026-10-15,SMG01,ACTIVE
6332,1017,Time Deposit,1178019277,2026-10-18,SMG01,ACTIVE
6333,2305,Savings,34256280,2026-06-22,MDN01,ACTIVE
6334,1257,Savings,169075470,2028-01-16,SBY01,ACTIVE
6335,1128,Savings,88809786,2027-05-25,JKT02,ACTIVE
6336,3023,Time Deposit,722584862,2026-12-07,MDN01,ACTIVE
6337,3277,Time Deposit,1206562121,2027-02-13,YGY01,ACTIVE
6338,370,Time Deposit,1208734395,2026-09-24,YGY01,ACTIVE
6339,2926,Savings,158771273,2028-02-13,JKT01,ACTIVE
6340,9746,Savings,20481075,2027-07-17,MDN01,ACTIVE
6341,4425,Savings,84120184,2026-05-10,SMG01,ACTIVE
6342,8602,Savings,167717591,2027-05-13,JKT02,ACTIVE
6343,2962,Savings,222828873,2026-05-13,JKT02,ACTIVE
6344,2821,Time Deposit,757095944,2026-12-23,BDG01,ACTIVE
6345,3068,Time Deposit,1158701689,2026-08-21,MDN01,ACTIVE
6346,4364,Savings,48010122,2027-09-27,YGY01,ACTIVE
6347,4563,Time Deposit,378686570,2027-01-22,BDG01,ACTIVE
6348,4293,Time Deposit,713966756,2026-05-17,JKT01,ACTIVE
6349,6638,Time Deposit,869258813,2026-12-09,SBY01,ACTIVE
6350,2157,Savings,10667290,2026-09-25,MDN01,ACTIVE
6351,855,Savings,132338361,2026-07-28,JKT02,ACTIVE
6352,331,Savings,108541840,2027-07-02,SBY01,ACTIVE
6353,3021,Savings,21210734,2028-01-12,MDN01,ACTIVE
6354,3180,Savings,105542431,2026-06-28,BDG01,ACTIVE
6355,2287,Savings,148545540,2027-06-25,YGY01,ACTIVE
6356,610,Savings,90120366,2026-08-17,JKT01,ACTIVE
6357,7805,Time Deposit,1257539661,2026-09-16,SBY01,ACTIVE
6358,1336,Time Deposit,823055648,2026-07-21,JKT02,ACTIVE
6359,7022,Savings,23881464,2027-04-01,JKT02,ACTIVE
6360,3935,Time Deposit,1522855552,2026-12-27,BDG01,ACTIVE
6361,9441,Time Deposit,879649767,2026-08-31,JKT02,ACTIVE
6362,40,Savings,60602212,2026-11-24,YGY01,ACTIVE
6363,5550,Time Deposit,815185539,2026-09-12,SMG01,ACTIVE
6364,639,Time Deposit,182834979,2026-11-27,MDN01,ACTIVE
6365,5649,Savings,8601110,2027-07-01,YGY01,ACTIVE
6366,9549,Time Deposit,596975940,2027-01-23,JKT01,ACTIVE
6367,7109,Savings,194313421,2026-11-27,SBY01,ACTIVE
6368,4939,Time Deposit,1042952808,2026-05-13,JKT01,ACTIVE
6369,2704,Savings,9975567,2028-02-22,JKT02,ACTIVE
6370,8060,Time Deposit,690331763,2027-03-19,SBY01,ACTIVE
6371,2790,Savings,14728074,2027-07-11,JKT02,ACTIVE
6372,2429,Time Deposit,887789094,2027-01-05,YGY01,ACTIVE
6373,1342,Savings,30522940,2026-12-24,SBY01,ACTIVE
6374,2626,Savings,24087524,2027-02-18,JKT02,ACTIVE
6375,6051,Time Deposit,699581672,2026-10-14,YGY01,ACTIVE
6376,6447,Savings,25702325,2026-12-04,BDG01,ACTIVE
6377,4420,Time Deposit,992242113,2026-04-23,JKT02,ACTIVE
6378,1276,Savings,29178439,2027-11-18,BDG01,ACTIVE
6379,5716,Savings,108670014,2027-08-06,YGY01,ACTIVE
6380,6855,Time Deposit,424542668,2026-06-18,MDN01,ACTIVE
6381,9374,Time Deposit,596735893,2026-08-25,BDG01,ACTIVE
6382,2666,Time Deposit,1105423154,2026-05-22,JKT01,ACTIVE
6383,8401,Savings,10957043,2027-09-15,SMG01,ACTIVE
6384,9100,Savings,36539889,2026-07-17,MDN01,ACTIVE
6385,7637,Savings,6412166,2026-11-20,YGY01,ACTIVE
6386,3596,Time Deposit,1474144022,2026-10-13,YGY01,ACTIVE
6387,8931,Time Deposit,154813334,2026-10-23,SBY01,ACTIVE
6388,7468,Time Deposit,1381989285,2026-11-27,SMG01,ACTIVE
6389,9314,Savings,19699235,2026-05-25,SBY01,ACTIVE
6390,3022,Savings,87865711,2027-04-01,JKT01,ACTIVE
6391,1300,Savings,102362776,2026-10-10,JKT02,ACTIVE
6392,4820,Savings,15734209,2027-06-09,SMG01,ACTIVE
6393,6446,Savings,90882184,2027-08-02,JKT01,ACTIVE
6394,8596,Savings,115918272,2027-08-09,YGY01,ACTIVE
6395,4620,Time Deposit,777560141,2026-04-28,YGY01,ACTIVE
6396,3734,Time Deposit,841173174,2026-11-30,BDG01,ACTIVE
6397,7339,Savings,42494258,2026-12-31,JKT01,ACTIVE
6398,5048,Time Deposit,628027712,2026-08-09,MDN01,ACTIVE
6399,5912,Savings,160518194,2027-10-20,MDN01,ACTIVE
6400,2143,Savings,10502421,2027-11-16,BDG01,ACTIVE
6401,3397,Savings,93740026,2027-03-29,BDG01,ACTIVE
6402,4422,Time Deposit,1161613560,2026-06-12,BDG01,ACTIVE
6403,7566,Savings,10671470,2027-10-14,MDN01,ACTIVE
6404,331,Savings,76275743,2026-07-13,MDN01,ACTIVE
6405,4883,Savings,38859039,2028-03-11,JKT01,ACTIVE
6406,8709,Time Deposit,598060321,2026-05-04,SMG01,ACTIVE
6407,3000,Savings,44672706,2028-03-20,YGY01,ACTIVE
6408,9217,Savings,63207762,2026-04-28,BDG01,ACTIVE
6409,643,Time Deposit,1022416161,2026-09-16,YGY01,ACTIVE
6410,1756,Savings,11422106,2026-09-17,JKT02,ACTIVE
6411,3311,Time Deposit,226022753,2026-12-17,JKT02,ACTIVE
6412,1919,Savings,35705955,2026-06-07,JKT02,ACTIVE
6413,5927,Savings,38623871,2026-04-29,SMG01,ACTIVE
6414,993,Savings,7479075,2027-01-04,JKT02,ACTIVE
6415,4847,Time Deposit,596141316,2026-06-01,SBY01,ACTIVE
6416,189,Savings,30371685,2026-12-11,JKT01,ACTIVE
6417,2580,Savings,64553769,2027-07-24,SBY01,ACTIVE
6418,6657,Time Deposit,682110227,2026-06-14,JKT02,ACTIVE
6419,8347,Savings,143143513,2026-05-24,SMG01,ACTIVE
6420,625,Savings,8090474,2026-06-21,YGY01,ACTIVE
6421,5231,Time Deposit,1952118583,2026-05-10,JKT02,ACTIVE
6422,3725,Time Deposit,627972503,2027-01-22,YGY01,ACTIVE
6423,6488,Savings,36770108,2028-01-28,JKT01,ACTIVE
6424,3724,Time Deposit,525249816,2026-11-21,BDG01,ACTIVE
6425,8897,Savings,10318570,2028-02-15,MDN01,ACTIVE
6426,9791,Time Deposit,1170366696,2026-09-18,MDN01,ACTIVE
6427,5815,Savings,9142049,2026-09-15,SBY01,ACTIVE
6428,6296,Savings,14144833,2027-05-30,SMG01,ACTIVE
6429,4131,Savings,27371187,2027-02-08,MDN01,ACTIVE
6430,8930,Savings,43627001,2027-02-21,JKT01,ACTIVE
6431,5315,Savings,26039000,2026-10-03,JKT02,ACTIVE
6432,226,Time Deposit,944836506,2026-05-23,MDN01,ACTIVE
6433,2723,Savings,35149360,2027-09-26,JKT02,ACTIVE
6434,7867,Savings,14358826,2026-10-17,MDN01,ACTIVE
6435,3379,Time Deposit,1104974230,2026-07-11,SMG01,ACTIVE
6436,5143,Time Deposit,697797229,2026-08-26,BDG01,ACTIVE
6437,3392,Savings,71071984,2027-01-02,JKT01,ACTIVE
6438,5376,Time Deposit,897964080,2026-05-23,SBY01,ACTIVE
6439,7182,Time Deposit,456366300,2027-03-14,SBY01,ACTIVE
6440,7558,Time Deposit,1126959954,2026-09-13,BDG01,ACTIVE
6441,2857,Savings,8670370,2027-03-28,BDG01,ACTIVE
6442,3616,Savings,98319754,2027-08-11,JKT01,ACTIVE
6443,3353,Time Deposit,1357944315,2027-02-12,MDN01,ACTIVE
6444,4029,Time Deposit,503612892,2026-10-03,JKT01,ACTIVE
6445,1845,Savings,49662093,2026-12-11,JKT01,ACTIVE
6446,3468,Savings,29246794,2028-02-21,SMG01,ACTIVE
6447,2851,Savings,37558190,2026-08-28,JKT02,ACTIVE
6448,3244,Savings,37302445,2027-04-06,BDG01,ACTIVE
6449,1443,Savings,11587516,2026-05-14,YGY01,ACTIVE
6450,7866,Savings,25622923,2028-01-27,JKT02,ACTIVE
6451,7551,Savings,127533929,2027-05-31,JKT02,ACTIVE
6452,8837,Savings,33727580,2027-05-20,SMG01,ACTIVE
6453,7432,Time Deposit,1468491379,2026-05-29,MDN01,ACTIVE
6454,8422,Savings,12539660,2026-05-19,BDG01,ACTIVE
6455,4360,Savings,22981001,2027-12-13,JKT02,ACTIVE
6456,4968,Time Deposit,461846275,2026-12-22,BDG01,ACTIVE
6457,8287,Savings,10974389,2027-08-22,YGY01,ACTIVE
6458,9132,Savings,18567163,2026-05-07,MDN01,ACTIVE
6459,8566,Savings,28805771,2027-12-14,SMG01,ACTIVE
6460,118,Savings,62402998,2026-05-08,SMG01,ACTIVE
6461,1055,Time Deposit,1448427822,2026-06-13,MDN01,ACTIVE
6462,3824,Savings,108161330,2027-09-26,SMG01,ACTIVE
6463,1817,Savings,23060743,2026-05-09,YGY01,ACTIVE
6464,5999,Time Deposit,284103437,2027-01-31,YGY01,ACTIVE
6465,1892,Time Deposit,547397756,2026-12-21,BDG01,ACTIVE
6466,1091,Savings,116499304,2027-09-12,JKT02,ACTIVE
6467,2705,Savings,21059894,2027-03-06,BDG01,ACTIVE
6468,9912,Time Deposit,416404647,2026-07-23,MDN01,ACTIVE
6469,5882,Savings,33982994,2028-01-01,YGY01,ACTIVE
6470,6597,Time Deposit,366777867,2026-09-02,SMG01,ACTIVE
6471,8808,Time Deposit,457137549,2026-05-04,BDG01,ACTIVE
6472,8298,Savings,15084419,2027-06-23,BDG01,ACTIVE
6473,844,Time Deposit,1278337989,2026-11-04,MDN01,ACTIVE
6474,8876,Time Deposit,476834082,2026-08-28,MDN01,ACTIVE
6475,2199,Time Deposit,667004616,2026-12-13,JKT01,ACTIVE
6476,484,Savings,2920078,2027-08-26,SBY01,ACTIVE
6477,573,Savings,26904374,2026-12-11,BDG01,ACTIVE
6478,6823,Time Deposit,878123142,2027-01-21,SMG01,ACTIVE
6479,651,Savings,20183780,2026-07-17,SMG01,ACTIVE
6480,4506,Time Deposit,1346287883,2026-12-02,SBY01,ACTIVE
6481,4676,Time Deposit,774253581,2026-06-04,MDN01,ACTIVE
6482,1512,Savings,41514967,2027-04-05,SBY01,ACTIVE
6483,1053,Savings,41105444,2026-12-10,JKT02,ACTIVE
6484,2781,Savings,15676514,2027-07-28,JKT01,ACTIVE
6485,9197,Savings,140993620,2027-06-21,BDG01,ACTIVE
6486,7577,Time Deposit,1251393087,2027-01-30,SMG01,ACTIVE
6487,8549,Savings,25628962,2027-10-17,JKT01,ACTIVE
6488,8737,Time Deposit,879089808,2026-09-15,JKT02,ACTIVE
6489,8198,Savings,7559989,2027-12-16,JKT02,ACTIVE
6490,1009,Savings,128735302,2028-01-08,MDN01,ACTIVE
6491,507,Time Deposit,935340846,2026-10-18,SMG01,ACTIVE
6492,7105,Time Deposit,374105500,2027-02-13,JKT01,ACTIVE
6493,4710,Time Deposit,504298114,2026-06-11,JKT01,ACTIVE
6494,2159,Time Deposit,718649262,2027-01-28,JKT01,ACTIVE
6495,6638,Time Deposit,1265634834,2026-05-09,SBY01,ACTIVE
6496,1429,Time Deposit,1584089076,2027-02-04,JKT01,ACTIVE
6497,4390,Time Deposit,476060312,2026-09-03,SBY01,ACTIVE
6498,5106,Time Deposit,454649149,2026-09-22,SBY01,ACTIVE
6499,8728,Time Deposit,1526514320,2026-07-01,BDG01,ACTIVE
6500,5082,Savings,95486404,2026-05-28,BDG01,ACTIVE
6501,7261,Savings,140067727,2027-05-23,MDN01,ACTIVE
6502,966,Savings,30673353,2026-06-22,JKT02,ACTIVE
6503,7944,Time Deposit,1386885888,2026-07-27,MDN01,ACTIVE
6504,469,Time Deposit,432339978,2026-12-21,BDG01,ACTIVE
6505,5018,Savings,21083906,2026-07-26,YGY01,ACTIVE
6506,2977,Savings,51217153,2026-05-25,JKT02,ACTIVE
6507,7213,Savings,118910063,2027-10-22,YGY01,ACTIVE
6508,8676,Savings,36981373,2027-05-24,JKT01,ACTIVE
6509,841,Savings,55197194,2027-11-10,JKT02,ACTIVE
6510,2011,Time Deposit,919708771,2026-06-10,SBY01,ACTIVE
6511,4385,Savings,3976061,2027-08-22,MDN01,ACTIVE
6512,7402,Time Deposit,559507705,2026-12-10,SBY01,ACTIVE
6513,7037,Time Deposit,342116349,2026-06-29,YGY01,ACTIVE
6514,9763,Savings,182082679,2026-11-16,BDG01,ACTIVE
6515,1737,Time Deposit,123843002,2026-07-27,SMG01,ACTIVE
6516,114,Time Deposit,1427138790,2026-05-25,JKT02,ACTIVE
6517,901,Savings,8019352,2026-07-23,SBY01,ACTIVE
6518,7845,Savings,10975230,2026-08-19,JKT01,ACTIVE
6519,2230,Time Deposit,292434964,2026-07-04,SBY01,ACTIVE
6520,4703,Savings,13350188,2027-08-11,JKT01,ACTIVE
6521,1099,Savings,16691583,2026-11-23,JKT01,ACTIVE
6522,9204,Savings,40290714,2026-07-06,JKT02,ACTIVE
6523,5189,Time Deposit,1065110164,2026-05-10,YGY01,ACTIVE
6524,7342,Savings,18667145,2027-02-28,JKT02,ACTIVE
6525,6008,Time Deposit,853731721,2026-06-14,SMG01,ACTIVE
6526,5300,Savings,13560249,2026-06-06,BDG01,ACTIVE
6527,5815,Time Deposit,304052916,2027-03-14,BDG01,ACTIVE
6528,9000,Savings,132051195,2027-11-15,JKT01,ACTIVE
6529,699,Savings,35085560,2027-11-05,JKT01,ACTIVE
6530,8697,Savings,112346701,2027-12-20,SMG01,ACTIVE
6531,7648,Savings,24634965,2027-03-27,JKT01,ACTIVE
6532,2222,Savings,13833008,2027-05-08,SMG01,ACTIVE
6533,435,Savings,7867268,2027-05-07,MDN01,ACTIVE
6534,3120,Time Deposit,407509461,2026-05-03,MDN01,ACTIVE
6535,1950,Savings,87997700,2027-02-14,SBY01,ACTIVE
6536,4525,Savings,98694020,2027-09-12,SBY01,ACTIVE
6537,8746,Savings,18488589,2027-02-07,BDG01,ACTIVE
6538,7682,Time Deposit,1158121894,2026-12-04,SBY01,ACTIVE
6539,3888,Time Deposit,848269676,2027-02-13,JKT02,ACTIVE
6540,624,Time Deposit,227368389,2026-05-22,BDG01,ACTIVE
6541,1036,Time Deposit,941925597,2026-06-04,SBY01,ACTIVE
6542,6794,Savings,10828352,2028-01-25,BDG01,ACTIVE
6543,8520,Time Deposit,1130827512,2026-12-25,YGY01,ACTIVE
6544,3260,Time Deposit,1338677835,2026-09-18,JKT02,ACTIVE
6545,6507,Savings,45018342,2026-11-08,YGY01,ACTIVE
6546,7184,Savings,83127524,2027-11-07,JKT01,ACTIVE
6547,8756,Time Deposit,1183759670,2026-06-26,SMG01,ACTIVE
6548,811,Time Deposit,567371705,2026-09-11,JKT01,ACTIVE
6549,8360,Savings,88283507,2027-07-02,BDG01,ACTIVE
6550,1585,Savings,7296012,2028-01-26,YGY01,ACTIVE
6551,9883,Savings,34080433,2027-10-13,YGY01,ACTIVE
6552,6733,Savings,38930130,2027-09-06,SBY01,ACTIVE
6553,8171,Time Deposit,667024501,2026-09-09,BDG01,ACTIVE
6554,3840,Time Deposit,880598625,2027-03-06,SMG01,ACTIVE
6555,440,Savings,83263754,2028-01-17,SMG01,ACTIVE
6556,9731,Savings,41578587,2027-12-03,JKT01,ACTIVE
6557,7040,Savings,136880762,2026-09-25,MDN01,ACTIVE
6558,1385,Savings,24322144,2026-06-06,JKT02,ACTIVE
6559,3052,Savings,47697482,2027-10-19,YGY01,ACTIVE
6560,7267,Savings,163799809,2027-01-17,SBY01,ACTIVE
6561,1729,Time Deposit,983316799,2026-10-15,SBY01,ACTIVE
6562,699,Time Deposit,559866736,2026-07-04,SMG01,ACTIVE
6563,71,Savings,38036709,2026-06-16,JKT01,ACTIVE
6564,8217,Savings,14233934,2027-02-05,SBY01,ACTIVE
6565,3763,Time Deposit,201838755,2027-02-10,SBY01,ACTIVE
6566,8727,Savings,23063684,2027-03-13,JKT02,ACTIVE
6567,8094,Time Deposit,271718212,2026-11-01,YGY01,ACTIVE
6568,5451,Time Deposit,271480158,2026-11-20,MDN01,ACTIVE
6569,5073,Savings,40552811,2026-10-26,BDG01,ACTIVE
6570,7759,Time Deposit,1014955232,2026-12-20,BDG01,ACTIVE
6571,7398,Time Deposit,1094179606,2027-02-25,BDG01,ACTIVE
6572,3314,Savings,49255870,2028-01-01,YGY01,ACTIVE
6573,9190,Savings,15084263,2026-07-02,JKT01,ACTIVE
6574,9652,Time Deposit,475415768,2027-01-08,YGY01,ACTIVE
6575,2167,Savings,94052979,2026-12-22,SMG01,ACTIVE
6576,5444,Time Deposit,1073832863,2026-07-19,SBY01,ACTIVE
6577,8783,Time Deposit,1124010947,2027-01-28,MDN01,ACTIVE
6578,9598,Time Deposit,385103703,2026-05-12,MDN01,ACTIVE
6579,741,Savings,157136704,2027-12-18,JKT02,ACTIVE
6580,2895,Savings,43994163,2027-05-30,MDN01,ACTIVE
6581,4093,Savings,69321790,2028-02-29,SMG01,ACTIVE
6582,3097,Savings,26712367,2027-05-21,JKT01,ACTIVE
6583,6479,Savings,27854320,2028-01-16,YGY01,ACTIVE
6584,3752,Time Deposit,169750177,2026-05-19,SMG01,ACTIVE
6585,9325,Savings,159338470,2027-07-10,BDG01,ACTIVE
6586,3063,Time Deposit,875971036,2026-11-28,JKT01,ACTIVE
6587,6465,Savings,60996962,2027-10-23,BDG01,ACTIVE
6588,382,Savings,69616750,2027-05-17,BDG01,ACTIVE
6589,3813,Savings,65842607,2026-12-28,YGY01,ACTIVE
6590,9469,Time Deposit,1475121808,2026-08-20,SMG01,ACTIVE
6591,6052,Savings,22749121,2027-11-24,JKT01,ACTIVE
6592,4787,Time Deposit,629207254,2027-01-14,SMG01,ACTIVE
6593,435,Savings,19044019,2028-03-04,MDN01,ACTIVE
6594,6063,Time Deposit,519593054,2027-02-28,SBY01,ACTIVE
6595,7708,Savings,5258215,2027-06-20,JKT02,ACTIVE
6596,9055,Time Deposit,938272053,2027-03-10,JKT01,ACTIVE
6597,3870,Time Deposit,214504164,2026-05-02,JKT01,ACTIVE
6598,2657,Savings,36516631,2028-03-16,JKT01,ACTIVE
6599,3617,Savings,26145633,2028-01-03,SMG01,ACTIVE
6600,9296,Savings,19879048,2028-03-16,JKT02,ACTIVE
6601,772,Savings,14385252,2027-02-26,MDN01,ACTIVE
6602,1144,Savings,55521588,2027-08-05,BDG01,ACTIVE
6603,9334,Time Deposit,1178104158,2027-01-25,MDN01,ACTIVE
6604,9060,Savings,25811656,2027-06-21,BDG01,ACTIVE
6605,744,Savings,13988253,2027-07-09,BDG01,ACTIVE
6606,8592,Savings,13513512,2027-03-02,JKT02,ACTIVE
6607,1291,Savings,91981381,2026-10-21,MDN01,ACTIVE
6608,5691,Time Deposit,1360185585,2026-09-19,YGY01,ACTIVE
6609,4169,Savings,44213504,2027-08-05,SBY01,ACTIVE
6610,700,Time Deposit,213810073,2026-05-02,YGY01,ACTIVE
6611,9378,Time Deposit,1154560995,2026-05-08,JKT02,ACTIVE
6612,8104,Time Deposit,844241641,2026-09-28,MDN01,ACTIVE
6613,4983,Time Deposit,214856148,2026-12-25,BDG01,ACTIVE
6614,9304,Time Deposit,231186541,2026-06-05,SMG01,ACTIVE
6615,9278,Savings,11352879,2027-08-23,JKT01,ACTIVE
6616,8830,Savings,32571480,2027-07-07,SBY01,ACTIVE
6617,2775,Savings,101870746,2027-02-25,JKT02,ACTIVE
6618,8677,Savings,57552798,2027-10-10,JKT01,ACTIVE
6619,9540,Time Deposit,759123927,2026-08-20,BDG01,ACTIVE
6620,2573,Savings,117184340,2027-10-29,YGY01,ACTIVE
6621,9187,Savings,70390618,2026-06-30,JKT02,ACTIVE
6622,9447,Savings,7693219,2027-06-11,YGY01,ACTIVE
6623,1908,Time Deposit,673458012,2026-05-09,BDG01,ACTIVE
6624,8233,Time Deposit,490848901,2026-11-23,SBY01,ACTIVE
6625,4250,Time Deposit,706002710,2027-01-09,BDG01,ACTIVE
6626,4681,Time Deposit,929178634,2026-11-04,JKT01,ACTIVE
6627,3725,Savings,57507960,2028-01-14,JKT02,ACTIVE
6628,2176,Savings,69905509,2026-07-23,SMG01,ACTIVE
6629,7609,Savings,181838698,2027-11-25,MDN01,ACTIVE
6630,7076,Savings,24574485,2027-03-08,YGY01,ACTIVE
6631,1512,Savings,29810089,2027-06-26,JKT02,ACTIVE
6632,5993,Time Deposit,486428672,2027-02-16,MDN01,ACTIVE
6633,9852,Savings,77828193,2026-12-06,SMG01,ACTIVE
6634,5691,Time Deposit,280655837,2027-02-13,SMG01,ACTIVE
6635,2769,Savings,47807067,2026-07-14,JKT01,ACTIVE
6636,7146,Savings,23738430,2027-03-31,YGY01,ACTIVE
6637,690,Time Deposit,183003024,2026-08-05,SMG01,ACTIVE
6638,2383,Savings,47266337,2027-01-17,MDN01,ACTIVE
6639,4126,Time Deposit,538640389,2027-01-26,SMG01,ACTIVE
6640,9219,Savings,43619162,2028-01-11,JKT01,ACTIVE
6641,8587,Time Deposit,169766406,2026-12-22,MDN01,ACTIVE
6642,1666,Time Deposit,1363637878,2027-03-22,SMG01,ACTIVE
6643,6228,Savings,15423434,2027-04-02,JKT02,ACTIVE
6644,2340,Savings,26596205,2026-05-17,JKT01,ACTIVE
6645,5675,Time Deposit,1118144397,2026-10-10,SBY01,ACTIVE
6646,1783,Time Deposit,344218584,2026-12-02,BDG01,ACTIVE
6647,6572,Savings,79114682,2027-05-02,JKT01,ACTIVE
6648,7157,Time Deposit,219632142,2026-11-08,JKT01,ACTIVE
6649,6736,Savings,85560862,2026-08-17,BDG01,ACTIVE
6650,1330,Savings,174468488,2026-06-14,JKT02,ACTIVE
6651,1747,Time Deposit,463207683,2026-10-08,YGY01,ACTIVE
6652,476,Time Deposit,648168610,2026-05-20,BDG01,ACTIVE
6653,9901,Savings,86694073,2027-09-14,BDG01,ACTIVE
6654,7812,Savings,90231376,2026-05-10,MDN01,ACTIVE
6655,534,Savings,7578903,2027-12-26,JKT01,ACTIVE
6656,9763,Time Deposit,1483924034,2026-06-18,BDG01,ACTIVE
6657,7678,Time Deposit,958576534,2026-09-26,SBY01,ACTIVE
6658,4549,Time Deposit,381357134,2027-03-16,YGY01,ACTIVE
6659,6172,Time Deposit,292134267,2027-02-15,SBY01,ACTIVE
6660,309,Savings,87747342,2027-09-27,SMG01,ACTIVE
6661,6551,Savings,36115775,2026-05-28,BDG01,ACTIVE
6662,8324,Time Deposit,426865139,2026-12-14,BDG01,ACTIVE
6663,7676,Savings,70940839,2027-06-23,BDG01,ACTIVE
6664,6760,Savings,84747002,2028-02-13,SMG01,ACTIVE
6665,5346,Savings,39179401,2027-01-13,JKT01,ACTIVE
6666,2391,Savings,32562676,2026-05-10,YGY01,ACTIVE
6667,2945,Savings,12766133,2027-03-11,JKT02,ACTIVE
6668,6165,Savings,23759061,2027-06-12,JKT01,ACTIVE
6669,6916,Time Deposit,848295256,2026-10-06,JKT02,ACTIVE
6670,4836,Time Deposit,1544226539,2026-07-25,SMG01,ACTIVE
6671,1714,Savings,143535426,2027-06-07,YGY01,ACTIVE
6672,2544,Savings,31194163,2027-06-21,YGY01,ACTIVE
6673,3527,Time Deposit,1490978674,2026-04-27,JKT02,ACTIVE
6674,6203,Time Deposit,455763315,2026-12-24,MDN01,ACTIVE
6675,8030,Savings,2974507,2026-06-24,JKT01,ACTIVE
6676,62,Savings,154569188,2027-02-11,JKT01,ACTIVE
6677,2853,Savings,40037547,2027-05-08,BDG01,ACTIVE
6678,6288,Savings,24325647,2027-02-15,MDN01,ACTIVE
6679,1379,Savings,76071718,2027-11-01,JKT02,ACTIVE
6680,2236,Savings,19001769,2027-01-23,SBY01,ACTIVE
6681,120,Savings,31414721,2027-06-22,MDN01,ACTIVE
6682,7023,Savings,37398784,2027-09-28,MDN01,ACTIVE
6683,8748,Time Deposit,570778836,2026-12-17,YGY01,ACTIVE
6684,8294,Savings,13086163,2027-03-11,SMG01,ACTIVE
6685,4088,Time Deposit,914249265,2026-10-07,JKT01,ACTIVE
6686,1005,Savings,109576279,2026-08-12,SMG01,ACTIVE
6687,7683,Savings,125969110,2027-09-16,JKT01,ACTIVE
6688,3789,Savings,31518142,2027-04-28,YGY01,ACTIVE
6689,6533,Time Deposit,1547475727,2026-06-16,MDN01,ACTIVE
6690,2879,Savings,9444168,2028-03-04,MDN01,ACTIVE
6691,215,Time Deposit,1156878047,2026-12-14,SBY01,ACTIVE
6692,6663,Savings,24385070,2026-08-30,SMG01,ACTIVE
6693,3730,Time Deposit,836645521,2026-11-25,JKT02,ACTIVE
6694,931,Time Deposit,602389625,2027-01-05,BDG01,ACTIVE
6695,1446,Savings,6614740,2026-06-11,YGY01,ACTIVE
6696,341,Savings,91385601,2027-03-22,JKT02,ACTIVE
6697,142,Savings,10249503,2026-11-12,JKT02,ACTIVE
6698,5541,Time Deposit,372742604,2026-04-13,JKT01,ACTIVE
6699,8197,Savings,18368108,2027-12-19,YGY01,ACTIVE
6700,527,Time Deposit,235693031,2026-06-07,SMG01,ACTIVE
6701,8503,Savings,37774420,2026-06-26,BDG01,ACTIVE
6702,3708,Time Deposit,615311569,2027-03-16,SBY01,ACTIVE
6703,977,Savings,24720065,2026-07-26,SMG01,ACTIVE
6704,3523,Savings,67180189,2027-02-19,SBY01,ACTIVE
6705,3068,Time Deposit,978384741,2026-08-13,SBY01,ACTIVE
6706,8445,Savings,186186102,2028-01-22,YGY01,ACTIVE
6707,5137,Savings,36637804,2028-02-13,JKT01,ACTIVE
6708,560,Savings,136066765,2026-11-19,JKT02,ACTIVE
6709,1690,Savings,30110813,2027-08-07,MDN01,ACTIVE
6710,7381,Time Deposit,607013864,2026-08-04,JKT02,ACTIVE
6711,3075,Time Deposit,578130629,2027-02-17,SMG01,ACTIVE
6712,612,Savings,24675143,2026-10-05,SBY01,ACTIVE
6713,4330,Time Deposit,842601886,2026-07-07,JKT02,ACTIVE
6714,8305,Time Deposit,1560436823,2026-06-05,MDN01,ACTIVE
6715,9366,Savings,30710198,2027-01-09,BDG01,ACTIVE
6716,6715,Time Deposit,263241330,2026-09-10,BDG01,ACTIVE
6717,1372,Savings,89104902,2027-06-28,YGY01,ACTIVE
6718,1134,Savings,12359012,2027-06-18,YGY01,ACTIVE
6719,5413,Savings,74164671,2027-10-26,SMG01,ACTIVE
6720,5465,Savings,6752465,2027-05-11,BDG01,ACTIVE
6721,2369,Savings,8744166,2026-09-08,BDG01,ACTIVE
6722,2177,Savings,24638935,2027-12-12,JKT02,ACTIVE
6723,4661,Savings,39767185,2026-09-26,JKT01,ACTIVE
6724,631,Time Deposit,1013822863,2026-05-14,YGY01,ACTIVE
6725,8140,Savings,11314554,2028-01-01,MDN01,ACTIVE
6726,9581,Savings,118197481,2027-01-15,YGY01,ACTIVE
6727,7606,Time Deposit,575946662,2026-08-23,YGY01,ACTIVE
6728,3162,Time Deposit,1627045417,2027-01-05,JKT02,ACTIVE
6729,7654,Time Deposit,394844007,2026-09-04,YGY01,ACTIVE
6730,3416,Time Deposit,1082973062,2026-11-05,JKT01,ACTIVE
6731,6138,Time Deposit,175744557,2026-12-29,SBY01,ACTIVE
6732,7372,Savings,165800603,2026-09-25,JKT01,ACTIVE
6733,477,Savings,163871528,2027-10-18,SMG01,ACTIVE
6734,2484,Savings,177857413,2027-08-24,BDG01,ACTIVE
6735,8805,Time Deposit,449850941,2026-04-24,BDG01,ACTIVE
6736,8955,Savings,31046278,2026-12-29,YGY01,ACTIVE
6737,2656,Savings,85713092,2027-08-19,BDG01,ACTIVE
6738,5470,Savings,9297198,2026-11-01,JKT02,ACTIVE
6739,3435,Time Deposit,871821288,2026-07-01,BDG01,ACTIVE
6740,9612,Savings,107502318,2027-10-02,SBY01,ACTIVE
6741,8184,Savings,121948860,2027-10-23,JKT02,ACTIVE
6742,4153,Time Deposit,386185186,2026-10-17,JKT02,ACTIVE
6743,5793,Savings,3523468,2026-05-07,JKT02,ACTIVE
6744,8051,Savings,12346341,2027-01-26,SBY01,ACTIVE
6745,7845,Savings,23074436,2028-01-29,BDG01,ACTIVE
6746,8283,Savings,24713192,2027-01-06,SBY01,ACTIVE
6747,6235,Savings,67032368,2026-05-10,BDG01,ACTIVE
6748,4052,Savings,19447110,2027-05-16,BDG01,ACTIVE
6749,8263,Savings,159102254,2027-07-17,MDN01,ACTIVE
6750,519,Time Deposit,1067117672,2026-05-01,SMG01,ACTIVE
6751,3716,Time Deposit,336264783,2026-06-12,SMG01,ACTIVE
6752,9072,Savings,23193901,2027-01-18,MDN01,ACTIVE
6753,9607,Savings,22845342,2026-05-06,BDG01,ACTIVE
6754,3963,Time Deposit,414108570,2026-12-29,BDG01,ACTIVE
6755,7276,Savings,34078484,2028-01-02,BDG01,ACTIVE
6756,2317,Savings,165782885,2026-05-26,BDG01,ACTIVE
6757,5338,Savings,96450774,2027-09-01,JKT02,ACTIVE
6758,2354,Savings,121932884,2027-06-08,BDG01,ACTIVE
6759,8947,Time Deposit,1413452993,2026-04-15,JKT01,ACTIVE
6760,7873,Savings,118667749,2027-11-26,SMG01,ACTIVE
6761,1130,Savings,97304317,2027-06-30,SBY01,ACTIVE
6762,1353,Savings,21767357,2028-02-14,JKT02,ACTIVE
6763,2119,Savings,43584182,2026-10-30,JKT02,ACTIVE
6764,4813,Time Deposit,753558631,2026-11-09,MDN01,ACTIVE
6765,844,Time Deposit,1648893008,2026-12-18,JKT02,ACTIVE
6766,7494,Savings,34995317,2027-11-29,MDN01,ACTIVE
6767,4408,Savings,54033175,2027-02-16,JKT02,ACTIVE
6768,7142,Time Deposit,401079093,2026-07-07,JKT02,ACTIVE
6769,4249,Time Deposit,336012974,2027-03-18,MDN01,ACTIVE
6770,3230,Time Deposit,721193791,2026-04-17,BDG01,ACTIVE
6771,6790,Savings,92992470,2027-01-11,BDG01,ACTIVE
6772,8766,Savings,24667173,2027-08-17,SBY01,ACTIVE
6773,1287,Savings,17207978,2027-08-30,BDG01,ACTIVE
6774,8375,Savings,40031445,2028-01-26,BDG01,ACTIVE
6775,843,Savings,29548545,2027-12-28,YGY01,ACTIVE
6776,788,Time Deposit,135640099,2026-11-25,JKT02,ACTIVE
6777,1721,Savings,12222010,2027-08-14,JKT01,ACTIVE
6778,3291,Savings,15393022,2027-04-12,MDN01,ACTIVE
6779,8073,Savings,42975271,2026-12-30,MDN01,ACTIVE
6780,1442,Time Deposit,1610102627,2026-07-13,SMG01,ACTIVE
6781,1211,Savings,11122325,2028-03-14,SBY01,ACTIVE
6782,8289,Savings,113436038,2027-10-07,BDG01,ACTIVE
6783,4802,Time Deposit,433719336,2027-03-05,JKT01,ACTIVE
6784,883,Savings,15618165,2027-07-30,JKT01,ACTIVE
6785,6922,Time Deposit,552441470,2026-08-12,YGY01,ACTIVE
6786,7448,Time Deposit,944309489,2026-06-04,JKT02,ACTIVE
6787,4363,Savings,22734060,2027-06-07,MDN01,ACTIVE
6788,1538,Savings,62084242,2027-02-03,BDG01,ACTIVE
6789,7070,Time Deposit,1075374528,2026-12-10,SBY01,ACTIVE
6790,7292,Savings,63841841,2027-07-14,YGY01,ACTIVE
6791,8892,Time Deposit,142824246,2026-06-07,MDN01,ACTIVE
6792,9029,Savings,26807364,2027-12-08,SBY01,ACTIVE
6793,1397,Time Deposit,870180095,2026-10-23,SBY01,ACTIVE
6794,6369,Time Deposit,321664020,2027-01-20,JKT01,ACTIVE
6795,9953,Savings,112605516,2028-01-22,JKT02,ACTIVE
6796,7032,Savings,74245265,2026-05-12,SBY01,ACTIVE
6797,406,Time Deposit,448763388,2026-05-29,SBY01,ACTIVE
6798,517,Time Deposit,423966936,2026-09-15,SBY01,ACTIVE
6799,2478,Savings,30776180,2027-11-10,JKT02,ACTIVE
6800,5268,Savings,39407204,2026-05-01,SMG01,ACTIVE
6801,6696,Savings,61532543,2027-12-26,JKT02,ACTIVE
6802,6543,Time Deposit,647575442,2026-06-20,SMG01,ACTIVE
6803,3432,Time Deposit,401043209,2027-03-22,SMG01,ACTIVE
6804,7610,Savings,84558603,2026-10-28,SMG01,ACTIVE
6805,3104,Savings,160078282,2026-12-24,MDN01,ACTIVE
6806,1286,Savings,107095580,2026-08-01,JKT02,ACTIVE
6807,7477,Time Deposit,773582099,2026-08-04,SMG01,ACTIVE
6808,2261,Savings,99060974,2027-08-19,SBY01,ACTIVE
6809,7781,Savings,17216279,2027-06-07,JKT01,ACTIVE
6810,8001,Time Deposit,1147562160,2026-10-23,JKT01,ACTIVE
6811,1634,Savings,49814232,2027-08-06,SBY01,ACTIVE
6812,9507,Savings,32569603,2026-11-17,JKT02,ACTIVE
6813,7460,Savings,38397220,2027-04-05,BDG01,ACTIVE
6814,450,Time Deposit,378378454,2027-03-17,JKT02,ACTIVE
6815,7860,Time Deposit,336408019,2027-01-08,JKT02,ACTIVE
6816,725,Time Deposit,519078320,2026-08-18,JKT02,ACTIVE
6817,5525,Time Deposit,372261305,2027-01-07,JKT02,ACTIVE
6818,4282,Savings,56772127,2027-05-09,YGY01,ACTIVE
6819,1530,Time Deposit,1007506678,2027-01-17,JKT02,ACTIVE
6820,8272,Savings,127908077,2027-08-30,SBY01,ACTIVE
6821,2008,Savings,32941714,2027-10-08,BDG01,ACTIVE
6822,7399,Savings,24456331,2027-10-02,YGY01,ACTIVE
6823,7391,Savings,43787726,2028-01-21,JKT02,ACTIVE
6824,9653,Savings,37078348,2027-01-11,JKT01,ACTIVE
6825,5730,Time Deposit,1057635691,2026-06-03,SMG01,ACTIVE
6826,8591,Time Deposit,416064301,2027-01-01,JKT01,ACTIVE
6827,6710,Savings,182698859,2026-08-12,SBY01,ACTIVE
6828,145,Savings,33149327,2026-06-03,BDG01,ACTIVE
6829,1172,Savings,15176522,2026-05-02,YGY01,ACTIVE
6830,4638,Savings,135781118,2027-10-22,BDG01,ACTIVE
6831,5834,Time Deposit,940895582,2026-12-21,YGY01,ACTIVE
6832,1770,Savings,24203074,2027-08-26,BDG01,ACTIVE
6833,5981,Savings,164585559,2026-08-26,BDG01,ACTIVE
6834,5305,Time Deposit,701689993,2026-09-27,YGY01,ACTIVE
6835,7419,Time Deposit,683427226,2026-08-24,YGY01,ACTIVE
6836,8820,Savings,213419005,2027-06-19,SBY01,ACTIVE
6837,9918,Savings,75490359,2027-01-02,SMG01,ACTIVE
6838,3113,Savings,178220302,2028-01-08,SBY01,ACTIVE
6839,4889,Savings,60164060,2026-09-15,SBY01,ACTIVE
6840,927,Time Deposit,832891766,2027-02-08,YGY01,ACTIVE
6841,3436,Time Deposit,424321851,2026-06-11,YGY01,ACTIVE
6842,1443,Savings,36757704,2026-07-23,JKT01,ACTIVE
6843,514,Time Deposit,1472691951,2026-10-16,SBY01,ACTIVE
6844,3787,Time Deposit,1000105705,2026-10-11,YGY01,ACTIVE
6845,8998,Savings,7777545,2027-12-09,BDG01,ACTIVE
6846,6797,Time Deposit,816410989,2026-11-23,JKT02,ACTIVE
6847,986,Savings,124357228,2026-09-21,JKT01,ACTIVE
6848,6787,Savings,3403750,2027-12-29,SMG01,ACTIVE
6849,8577,Time Deposit,173820980,2026-06-27,MDN01,ACTIVE
6850,8219,Savings,26530258,2027-01-17,SMG01,ACTIVE
6851,3933,Savings,12011353,2026-08-28,BDG01,ACTIVE
6852,8113,Savings,22186777,2027-06-20,BDG01,ACTIVE
6853,7044,Savings,18227881,2026-11-22,JKT01,ACTIVE
6854,6657,Savings,39805108,2027-06-16,JKT02,ACTIVE
6855,9270,Savings,24908751,2026-12-29,JKT02,ACTIVE
6856,8242,Savings,62557092,2026-07-04,MDN01,ACTIVE
6857,6932,Savings,22979218,2027-07-02,YGY01,ACTIVE
6858,2628,Time Deposit,1784762515,2026-06-14,MDN01,ACTIVE
6859,7541,Savings,15589625,2027-02-23,YGY01,ACTIVE
6860,2484,Time Deposit,1044874530,2027-02-13,JKT01,ACTIVE
6861,1325,Savings,14394012,2026-05-28,JKT02,ACTIVE
6862,96,Savings,15445998,2027-03-01,BDG01,ACTIVE
6863,5985,Savings,49500885,2026-04-24,BDG01,ACTIVE
6864,7537,Savings,33698720,2027-01-11,YGY01,ACTIVE
6865,4834,Savings,27089757,2026-10-13,JKT01,ACTIVE
6866,4795,Savings,171746676,2028-01-19,JKT01,ACTIVE
6867,2577,Time Deposit,948728626,2026-07-08,YGY01,ACTIVE
6868,8604,Savings,22260200,2026-08-28,MDN01,ACTIVE
6869,8525,Time Deposit,817628335,2026-05-08,JKT01,ACTIVE
6870,7313,Savings,80419770,2027-12-31,YGY01,ACTIVE
6871,604,Time Deposit,476157791,2026-11-16,MDN01,ACTIVE
6872,4266,Savings,9258006,2027-01-29,YGY01,ACTIVE
6873,7881,Time Deposit,319377297,2026-12-25,JKT01,ACTIVE
6874,3879,Savings,27515039,2026-10-01,YGY01,ACTIVE
6875,7824,Savings,27086260,2027-11-18,SBY01,ACTIVE
6876,7609,Savings,100388371,2027-05-08,BDG01,ACTIVE
6877,3850,Time Deposit,1484690360,2026-08-19,JKT02,ACTIVE
6878,1583,Savings,90366482,2026-05-18,SBY01,ACTIVE
6879,2187,Savings,7415151,2027-06-11,YGY01,ACTIVE
6880,8829,Time Deposit,491046538,2026-12-30,BDG01,ACTIVE
6881,5784,Savings,74532279,2027-04-29,MDN01,ACTIVE
6882,1337,Savings,61035088,2028-03-07,JKT01,ACTIVE
6883,314,Time Deposit,872905804,2026-05-29,MDN01,ACTIVE
6884,4022,Time Deposit,1003642094,2027-01-14,YGY01,ACTIVE
6885,7207,Savings,16032148,2027-10-17,YGY01,ACTIVE
6886,8274,Time Deposit,511453464,2026-04-29,SBY01,ACTIVE
6887,1751,Savings,13563535,2027-12-09,JKT02,ACTIVE
6888,2063,Savings,30153143,2028-01-09,SBY01,ACTIVE
6889,3705,Time Deposit,89789287,2026-06-17,SMG01,ACTIVE
6890,6237,Savings,97355837,2027-09-05,BDG01,ACTIVE
6891,2407,Time Deposit,275454096,2026-10-24,SBY01,ACTIVE
6892,4878,Time Deposit,165204373,2027-02-21,SBY01,ACTIVE
6893,5416,Savings,87154889,2027-10-21,JKT02,ACTIVE
6894,717,Savings,8229107,2026-07-23,BDG01,ACTIVE
6895,1158,Time Deposit,767323323,2026-09-12,MDN01,ACTIVE
6896,8601,Savings,51958748,2026-08-24,JKT01,ACTIVE
6897,9553,Savings,33326053,2027-01-03,SMG01,ACTIVE
6898,2257,Time Deposit,1113296637,2026-07-05,JKT01,ACTIVE
6899,855,Time Deposit,966723812,2026-11-06,YGY01,ACTIVE
6900,590,Savings,90894320,2026-12-31,MDN01,ACTIVE
6901,892,Savings,27958204,2027-01-30,BDG01,ACTIVE
6902,7344,Savings,76186326,2026-11-24,SBY01,ACTIVE
6903,8704,Time Deposit,736944615,2026-04-13,SBY01,ACTIVE
6904,4666,Time Deposit,376698847,2026-08-03,JKT01,ACTIVE
6905,2493,Savings,16667749,2026-08-30,BDG01,ACTIVE
6906,8216,Savings,27893187,2027-07-31,MDN01,ACTIVE
6907,1385,Savings,13778893,2028-01-11,JKT02,ACTIVE
6908,8155,Savings,17266818,2026-04-30,JKT02,ACTIVE
6909,8755,Savings,13614064,2026-05-05,JKT02,ACTIVE
6910,305,Savings,151222033,2027-06-20,SBY01,ACTIVE
6911,1524,Time Deposit,160200636,2026-12-02,JKT02,ACTIVE
6912,1391,Savings,26737477,2026-08-31,MDN01,ACTIVE
6913,7331,Time Deposit,266955686,2027-02-19,BDG01,ACTIVE
6914,6352,Savings,106290420,2027-01-09,JKT01,ACTIVE
6915,6597,Time Deposit,1222380770,2026-08-07,SBY01,ACTIVE
6916,3720,Savings,32679091,2027-06-12,SMG01,ACTIVE
6917,9439,Time Deposit,991593547,2026-09-28,JKT01,ACTIVE
6918,8905,Time Deposit,695512274,2026-08-14,MDN01,ACTIVE
6919,6326,Savings,22708471,2027-11-21,YGY01,ACTIVE
6920,3460,Time Deposit,314653766,2026-07-10,BDG01,ACTIVE
6921,4946,Time Deposit,181357892,2026-05-07,BDG01,ACTIVE
6922,1796,Savings,57884095,2027-10-01,BDG01,ACTIVE
6923,7637,Savings,32213655,2027-01-16,BDG01,ACTIVE
6924,2075,Time Deposit,436913983,2027-02-16,SBY01,ACTIVE
6925,3571,Time Deposit,1263259081,2026-09-07,JKT02,ACTIVE
6926,1380,Savings,82678726,2028-03-12,YGY01,ACTIVE
6927,4874,Time Deposit,432724162,2026-06-08,JKT01,ACTIVE
6928,7547,Time Deposit,531394750,2026-09-08,JKT02,ACTIVE
6929,2011,Time Deposit,1160750114,2026-08-17,YGY01,ACTIVE
6930,6655,Savings,181247036,2027-12-13,YGY01,ACTIVE
6931,6819,Time Deposit,1128683396,2027-01-14,BDG01,ACTIVE
6932,1943,Savings,16253943,2026-05-28,JKT01,ACTIVE
6933,3575,Time Deposit,1076378321,2026-04-24,YGY01,ACTIVE
6934,5685,Savings,60475685,2027-06-16,SMG01,ACTIVE
6935,167,Time Deposit,671013380,2026-05-13,JKT02,ACTIVE
6936,7286,Time Deposit,374107341,2026-10-18,SMG01,ACTIVE
6937,2466,Savings,8731452,2026-11-09,SBY01,ACTIVE
6938,1086,Savings,31113573,2027-07-07,SMG01,ACTIVE
6939,6441,Savings,20665831,2026-05-20,YGY01,ACTIVE
6940,3906,Savings,22335626,2026-06-10,JKT01,ACTIVE
6941,7401,Time Deposit,939552819,2026-09-27,SBY01,ACTIVE
6942,3041,Savings,83306836,2027-07-13,SBY01,ACTIVE
6943,2992,Time Deposit,574183645,2026-10-08,BDG01,ACTIVE
6944,2501,Time Deposit,675889869,2026-11-28,JKT01,ACTIVE
6945,3636,Time Deposit,1079660521,2026-07-31,SBY01,ACTIVE
6946,4297,Savings,41604250,2027-09-04,SBY01,ACTIVE
6947,3816,Savings,86301063,2027-05-09,JKT01,ACTIVE
6948,1861,Savings,45985618,2026-06-17,JKT01,ACTIVE
6949,7426,Savings,147414463,2026-10-15,BDG01,ACTIVE
6950,2027,Savings,23492837,2028-01-08,SBY01,ACTIVE
6951,8321,Time Deposit,242750942,2026-12-05,YGY01,ACTIVE
6952,4886,Savings,11441328,2026-06-23,MDN01,ACTIVE
6953,4559,Time Deposit,504457333,2026-10-28,SMG01,ACTIVE
6954,1936,Savings,20209792,2027-12-04,JKT01,ACTIVE
6955,1322,Savings,84046746,2027-11-06,JKT02,ACTIVE
6956,492,Savings,30867132,2026-07-10,SBY01,ACTIVE
6957,2423,Time Deposit,1255988297,2026-07-06,JKT02,ACTIVE
6958,366,Time Deposit,245571266,2026-11-29,SMG01,ACTIVE
6959,1749,Time Deposit,676251461,2026-05-28,JKT01,ACTIVE
6960,4865,Time Deposit,743819897,2026-07-30,SMG01,ACTIVE
6961,7746,Savings,16338584,2027-09-30,JKT01,ACTIVE
6962,4808,Time Deposit,386317351,2027-01-29,MDN01,ACTIVE
6963,626,Time Deposit,1655870831,2026-07-12,BDG01,ACTIVE
6964,8416,Time Deposit,502620332,2026-05-29,SMG01,ACTIVE
6965,2245,Time Deposit,257393861,2026-05-16,YGY01,ACTIVE
6966,8334,Savings,113825469,2027-10-23,YGY01,ACTIVE
6967,5263,Time Deposit,825066585,2026-06-07,SBY01,ACTIVE
6968,3781,Savings,24617674,2027-08-13,SMG01,ACTIVE
6969,7800,Savings,35997053,2027-01-14,JKT01,ACTIVE
6970,3372,Time Deposit,1359294157,2026-05-18,BDG01,ACTIVE
6971,7320,Time Deposit,1310567267,2026-12-27,MDN01,ACTIVE
6972,4860,Savings,134048441,2027-05-05,JKT02,ACTIVE
6973,1292,Savings,197355350,2027-03-05,JKT02,ACTIVE
6974,3620,Time Deposit,271773916,2027-02-27,JKT02,ACTIVE
6975,9322,Time Deposit,194127408,2026-11-04,SMG01,ACTIVE
6976,499,Time Deposit,1371995710,2026-05-07,SMG01,ACTIVE
6977,7711,Savings,5404354,2028-01-22,JKT01,ACTIVE
6978,8020,Time Deposit,290665186,2026-11-02,MDN01,ACTIVE
6979,1372,Savings,115369573,2026-07-10,SMG01,ACTIVE
6980,8101,Time Deposit,194249692,2026-12-29,JKT01,ACTIVE
6981,892,Savings,8803983,2028-01-17,SMG01,ACTIVE
6982,1664,Savings,42153595,2026-10-01,SBY01,ACTIVE
6983,2687,Time Deposit,137022476,2026-12-29,MDN01,ACTIVE
6984,5299,Savings,13330951,2026-12-06,JKT02,ACTIVE
6985,4700,Savings,82903124,2026-08-14,JKT01,ACTIVE
6986,6849,Savings,42837708,2027-11-21,BDG01,ACTIVE
6987,4194,Time Deposit,191053486,2026-04-10,BDG01,ACTIVE
6988,1742,Time Deposit,540613290,2026-07-29,JKT02,ACTIVE
6989,5199,Savings,11378404,2028-01-22,MDN01,ACTIVE
6990,3953,Savings,11671107,2027-10-23,JKT01,ACTIVE
6991,8732,Savings,7224995,2027-06-13,YGY01,ACTIVE
6992,4863,Savings,39800302,2027-07-17,SMG01,ACTIVE
6993,4189,Savings,17320315,2027-07-19,SBY01,ACTIVE
6994,4607,Savings,58729439,2027-03-02,YGY01,ACTIVE
6995,8470,Savings,62685431,2027-02-02,BDG01,ACTIVE
6996,8952,Savings,22655172,2026-10-02,SBY01,ACTIVE
6997,1649,Savings,28585861,2026-08-13,YGY01,ACTIVE
6998,7813,Savings,14505509,2028-01-23,BDG01,ACTIVE
6999,4135,Savings,25412659,2027-04-04,SBY01,ACTIVE
7000,2066,Time Deposit,311863306,2026-09-02,JKT01,ACTIVE
7001,8220,Savings,46692874,2027-09-08,YGY01,ACTIVE
7002,9439,Savings,183131493,2026-08-24,BDG01,ACTIVE
7003,8209,Time Deposit,781981688,2026-05-18,SBY01,ACTIVE
7004,8683,Time Deposit,1478003204,2026-05-29,YGY01,ACTIVE
7005,2354,Time Deposit,1107851048,2027-03-24,JKT01,ACTIVE
7006,3870,Savings,79796165,2028-01-28,JKT01,ACTIVE
7007,1260,Savings,24933731,2027-03-22,SMG01,ACTIVE
7008,4960,Time Deposit,277792126,2027-01-17,MDN01,ACTIVE
7009,3213,Time Deposit,1297080715,2026-06-02,MDN01,ACTIVE
7010,3496,Savings,8596526,2027-04-17,MDN01,ACTIVE
7011,2262,Time Deposit,383423165,2026-05-21,SMG01,ACTIVE
7012,9335,Savings,39012388,2027-01-21,SBY01,ACTIVE
7013,4773,Time Deposit,329678999,2026-12-28,JKT02,ACTIVE
7014,5978,Savings,5182645,2027-03-12,YGY01,ACTIVE
7015,8168,Time Deposit,632573410,2026-06-24,JKT01,ACTIVE
7016,1599,Savings,10775829,2027-10-22,JKT01,ACTIVE
7017,1971,Time Deposit,1189791085,2026-07-05,BDG01,ACTIVE
7018,6626,Savings,37827777,2027-04-09,BDG01,ACTIVE
7019,9943,Savings,15442508,2028-01-23,SMG01,ACTIVE
7020,5821,Time Deposit,1044437608,2026-06-04,YGY01,ACTIVE
7021,9707,Time Deposit,1736632090,2027-02-26,JKT02,ACTIVE
7022,7246,Savings,165437106,2027-10-06,MDN01,ACTIVE
7023,4037,Time Deposit,233616551,2026-12-29,SMG01,ACTIVE
7024,3254,Time Deposit,1025872824,2026-08-29,YGY01,ACTIVE
7025,206,Time Deposit,690919621,2026-12-21,BDG01,ACTIVE
7026,2278,Savings,33685055,2026-06-08,SMG01,ACTIVE
7027,6300,Time Deposit,1367039838,2026-09-23,SMG01,ACTIVE
7028,9487,Time Deposit,475577759,2026-12-18,MDN01,ACTIVE
7029,5804,Savings,169139445,2026-05-28,SMG01,ACTIVE
7030,6238,Time Deposit,1094564286,2026-11-09,YGY01,ACTIVE
7031,4230,Time Deposit,842786539,2026-08-26,JKT01,ACTIVE
7032,8972,Savings,104426093,2026-10-30,SBY01,ACTIVE
7033,9313,Savings,7462817,2026-10-13,SMG01,ACTIVE
7034,4296,Savings,29647876,2026-05-25,SBY01,ACTIVE
7035,2920,Savings,27946140,2027-09-02,SBY01,ACTIVE
7036,5503,Time Deposit,1280024429,2026-12-09,SBY01,ACTIVE
7037,6276,Savings,17588025,2027-02-08,JKT01,ACTIVE
7038,7765,Time Deposit,255720806,2026-08-15,JKT01,ACTIVE
7039,7668,Savings,52628272,2028-02-17,BDG01,ACTIVE
7040,1322,Time Deposit,808839509,2026-07-06,BDG01,ACTIVE
7041,1057,Savings,28510249,2028-02-10,JKT01,ACTIVE
7042,4608,Savings,24645491,2027-03-10,SMG01,ACTIVE
7043,649,Savings,27097356,2026-08-27,YGY01,ACTIVE
7044,5429,Savings,214833396,2026-05-07,JKT01,ACTIVE
7045,5313,Savings,7495609,2028-02-04,BDG01,ACTIVE
7046,1161,Time Deposit,791556734,2026-06-14,YGY01,ACTIVE
7047,3800,Savings,92604214,2028-01-17,SBY01,ACTIVE
7048,1108,Savings,18395289,2026-12-10,JKT02,ACTIVE
7049,2103,Savings,27986546,2027-04-15,BDG01,ACTIVE
7050,5297,Time Deposit,1302850150,2026-08-24,SMG01,ACTIVE
7051,4000,Time Deposit,521718752,2026-09-11,BDG01,ACTIVE
7052,4624,Savings,113661769,2027-03-14,MDN01,ACTIVE
7053,4541,Time Deposit,152533495,2026-05-18,YGY01,ACTIVE
7054,9621,Savings,38750893,2026-12-06,BDG01,ACTIVE
7055,5509,Savings,55962068,2026-11-16,YGY01,ACTIVE
7056,4239,Savings,78996018,2027-03-03,SMG01,ACTIVE
7057,9513,Time Deposit,560770806,2027-01-08,BDG01,ACTIVE
7058,4154,Time Deposit,746194660,2026-07-27,BDG01,ACTIVE
7059,1574,Savings,14879758,2027-09-13,MDN01,ACTIVE
7060,7139,Savings,37423457,2028-02-05,BDG01,ACTIVE
7061,9359,Savings,24042334,2026-09-29,BDG01,ACTIVE
7062,2932,Savings,110643566,2026-07-09,MDN01,ACTIVE
7063,8088,Time Deposit,1131024140,2026-05-25,MDN01,ACTIVE
7064,2088,Savings,149740299,2026-08-26,BDG01,ACTIVE
7065,9348,Savings,18587422,2026-11-07,MDN01,ACTIVE
7066,2958,Savings,33374346,2027-01-01,BDG01,ACTIVE
7067,1855,Savings,66913057,2027-12-07,SBY01,ACTIVE
7068,7842,Savings,139105332,2027-12-17,JKT02,ACTIVE
7069,2859,Time Deposit,599390510,2026-08-30,MDN01,ACTIVE
7070,9464,Time Deposit,462635093,2026-06-01,JKT01,ACTIVE
7071,206,Savings,68859879,2026-12-13,YGY01,ACTIVE
7072,6832,Savings,4305641,2027-04-09,YGY01,ACTIVE
7073,7418,Savings,21836094,2026-12-07,SMG01,ACTIVE
7074,1783,Savings,10056325,2027-01-28,BDG01,ACTIVE
7075,5938,Savings,207066132,2027-03-06,MDN01,ACTIVE
7076,9427,Savings,21587762,2027-11-24,SMG01,ACTIVE
7077,2571,Savings,10880929,2027-07-09,JKT02,ACTIVE
7078,4717,Savings,28687153,2027-06-14,MDN01,ACTIVE
7079,763,Savings,172727029,2026-12-29,SBY01,ACTIVE
7080,9997,Savings,7087931,2027-09-09,SMG01,ACTIVE
7081,9398,Time Deposit,435639229,2027-02-27,JKT02,ACTIVE
7082,3008,Time Deposit,947361219,2027-01-17,MDN01,ACTIVE
7083,4627,Time Deposit,1647832363,2026-09-23,MDN01,ACTIVE
7084,1440,Time Deposit,1046221435,2026-08-01,YGY01,ACTIVE
7085,9518,Savings,144590660,2027-07-17,SMG01,ACTIVE
7086,1320,Time Deposit,1187023099,2026-04-15,MDN01,ACTIVE
7087,1227,Time Deposit,353378775,2027-01-12,BDG01,ACTIVE
7088,5525,Savings,32450553,2026-10-12,BDG01,ACTIVE
7089,2260,Savings,15601345,2027-03-07,YGY01,ACTIVE
7090,2954,Time Deposit,784336823,2027-03-05,MDN01,ACTIVE
7091,7260,Savings,11656306,2026-09-07,JKT02,ACTIVE
7092,3234,Time Deposit,887649347,2026-05-25,JKT02,ACTIVE
7093,3458,Savings,19525371,2027-04-11,YGY01,ACTIVE
7094,8865,Time Deposit,552690817,2026-07-07,SBY01,ACTIVE
7095,7996,Savings,15940426,2027-06-25,SBY01,ACTIVE
7096,7999,Time Deposit,667962918,2027-01-25,MDN01,ACTIVE
7097,3013,Savings,117513216,2026-06-25,JKT02,ACTIVE
7098,6390,Savings,48809757,2026-05-13,BDG01,ACTIVE
7099,2305,Savings,68963954,2027-05-26,BDG01,ACTIVE
7100,8496,Savings,24352619,2026-07-14,YGY01,ACTIVE
7101,1713,Savings,21677534,2026-11-30,MDN01,ACTIVE
7102,5080,Time Deposit,1204590092,2026-07-18,JKT02,ACTIVE
7103,7528,Savings,19386405,2027-05-02,SBY01,ACTIVE
7104,6146,Savings,42169105,2027-07-19,JKT01,ACTIVE
7105,9876,Savings,96145178,2027-06-02,MDN01,ACTIVE
7106,7571,Savings,49915346,2028-03-14,MDN01,ACTIVE
7107,1333,Time Deposit,1541450967,2027-02-05,JKT01,ACTIVE
7108,4119,Savings,11441066,2027-05-13,SBY01,ACTIVE
7109,9703,Savings,38181520,2027-08-28,BDG01,ACTIVE
7110,7972,Savings,33763683,2026-11-07,JKT01,ACTIVE
7111,6063,Savings,15154530,2027-12-22,BDG01,ACTIVE
7112,5993,Savings,14706993,2026-12-05,SBY01,ACTIVE
7113,5046,Savings,229625655,2026-12-21,BDG01,ACTIVE
7114,8422,Time Deposit,179225628,2026-04-14,JKT02,ACTIVE
7115,699,Time Deposit,894984576,2027-03-23,JKT02,ACTIVE
7116,224,Time Deposit,329929739,2026-11-15,SBY01,ACTIVE
7117,9129,Time Deposit,325280358,2026-08-09,JKT01,ACTIVE
7118,4955,Time Deposit,425465039,2026-08-10,SMG01,ACTIVE
7119,6708,Savings,108839919,2026-11-20,JKT01,ACTIVE
7120,1907,Time Deposit,521443679,2027-01-23,YGY01,ACTIVE
7121,3605,Savings,186432947,2028-01-23,SMG01,ACTIVE
7122,9002,Savings,13058493,2026-11-09,JKT02,ACTIVE
7123,1661,Savings,91679463,2027-09-09,SMG01,ACTIVE
7124,1877,Savings,98347405,2026-11-07,JKT02,ACTIVE
7125,3656,Time Deposit,600645674,2026-09-05,JKT02,ACTIVE
7126,9990,Time Deposit,470947038,2027-01-18,SMG01,ACTIVE
7127,1640,Savings,193479887,2026-08-25,JKT01,ACTIVE
7128,983,Time Deposit,100105425,2026-06-03,BDG01,ACTIVE
7129,3449,Time Deposit,280671835,2027-02-20,SMG01,ACTIVE
7130,3985,Savings,52483372,2027-07-31,BDG01,ACTIVE
7131,2299,Time Deposit,832869412,2026-12-18,SBY01,ACTIVE
7132,3803,Time Deposit,1642836443,2026-04-25,YGY01,ACTIVE
7133,7207,Savings,102226396,2027-08-08,JKT02,ACTIVE
7134,3546,Time Deposit,468717124,2026-04-21,SBY01,ACTIVE
7135,3026,Time Deposit,1141042757,2026-08-03,SBY01,ACTIVE
7136,3813,Savings,172862146,2027-12-10,JKT02,ACTIVE
7137,4505,Time Deposit,759046648,2026-07-06,JKT01,ACTIVE
7138,9596,Savings,11477430,2027-06-26,JKT01,ACTIVE
7139,9643,Savings,17104409,2027-10-01,SMG01,ACTIVE
7140,2599,Savings,122312921,2027-12-20,JKT01,ACTIVE
7141,2963,Time Deposit,235675830,2026-11-21,SMG01,ACTIVE
7142,7223,Savings,50078302,2027-03-20,SBY01,ACTIVE
7143,6440,Savings,51766091,2027-06-27,YGY01,ACTIVE
7144,7592,Time Deposit,499754598,2026-05-01,SBY01,ACTIVE
7145,1473,Savings,23752994,2026-11-03,BDG01,ACTIVE
7146,6590,Time Deposit,372539776,2026-12-05,SBY01,ACTIVE
7147,544,Time Deposit,816608167,2026-11-12,JKT02,ACTIVE
7148,1704,Savings,10624350,2027-05-04,MDN01,ACTIVE
7149,1694,Savings,48361042,2027-07-23,YGY01,ACTIVE
7150,7514,Time Deposit,1017071837,2026-12-05,JKT01,ACTIVE
7151,4301,Time Deposit,457834287,2026-08-05,JKT02,ACTIVE
7152,525,Time Deposit,832834624,2026-06-17,MDN01,ACTIVE
7153,2164,Time Deposit,1426570666,2027-03-02,BDG01,ACTIVE
7154,8397,Savings,154051189,2027-08-05,SBY01,ACTIVE
7155,129,Time Deposit,704617904,2027-02-23,MDN01,ACTIVE
7156,7218,Time Deposit,335085383,2027-01-25,SMG01,ACTIVE
7157,2006,Savings,29755630,2026-07-21,SBY01,ACTIVE
7158,3392,Time Deposit,882537929,2026-12-22,MDN01,ACTIVE
7159,5121,Time Deposit,715224259,2027-03-13,MDN01,ACTIVE
7160,2072,Time Deposit,703121222,2026-11-24,BDG01,ACTIVE
7161,4436,Savings,48951228,2027-10-14,JKT02,ACTIVE
7162,6235,Time Deposit,984029997,2027-03-16,BDG01,ACTIVE
7163,6123,Time Deposit,998440647,2026-09-17,YGY01,ACTIVE
7164,8134,Savings,112589145,2026-10-13,BDG01,ACTIVE
7165,8229,Time Deposit,242077172,2026-08-18,YGY01,ACTIVE
7166,4051,Time Deposit,1136039708,2027-02-05,BDG01,ACTIVE
7167,320,Savings,30842246,2026-05-06,JKT02,ACTIVE
7168,3358,Time Deposit,893756242,2026-10-08,SBY01,ACTIVE
7169,5767,Savings,12568869,2027-09-23,YGY01,ACTIVE
7170,841,Savings,33709503,2026-07-30,SBY01,ACTIVE
7171,1488,Time Deposit,1429442442,2026-05-16,SBY01,ACTIVE
7172,8291,Time Deposit,846949986,2027-02-25,YGY01,ACTIVE
7173,2700,Savings,28077147,2027-02-28,BDG01,ACTIVE
7174,3076,Time Deposit,968695069,2026-08-18,JKT02,ACTIVE
7175,2008,Savings,51296518,2027-02-13,BDG01,ACTIVE
7176,7472,Savings,56260016,2026-09-07,YGY01,ACTIVE
7177,5436,Savings,14358783,2027-06-22,MDN01,ACTIVE
7178,4728,Time Deposit,251819358,2027-01-25,SMG01,ACTIVE
7179,1510,Savings,21108881,2028-01-21,YGY01,ACTIVE
7180,8646,Savings,12805028,2026-05-27,JKT02,ACTIVE
7181,9042,Time Deposit,224941456,2027-02-16,SBY01,ACTIVE
7182,6690,Time Deposit,1163869990,2026-12-28,BDG01,ACTIVE
7183,1794,Savings,47619786,2027-10-03,BDG01,ACTIVE
7184,8171,Savings,27645309,2026-10-03,SMG01,ACTIVE
7185,6015,Savings,117760454,2027-01-11,SBY01,ACTIVE
7186,8414,Savings,15361674,2027-11-19,YGY01,ACTIVE
7187,8614,Time Deposit,498507931,2026-07-14,SMG01,ACTIVE
7188,2217,Savings,32858794,2028-02-29,JKT02,ACTIVE
7189,4567,Savings,95994856,2026-09-10,SBY01,ACTIVE
7190,8544,Time Deposit,408763094,2026-09-09,SBY01,ACTIVE
7191,6985,Savings,22182938,2028-01-03,YGY01,ACTIVE
7192,1230,Savings,24851003,2026-06-13,BDG01,ACTIVE
7193,5226,Savings,40725096,2027-09-03,MDN01,ACTIVE
7194,5794,Time Deposit,710414444,2026-05-25,JKT01,ACTIVE
7195,2473,Savings,141782164,2028-01-06,MDN01,ACTIVE
7196,609,Time Deposit,714653615,2027-02-01,JKT01,ACTIVE
7197,7319,Time Deposit,1039132944,2026-12-07,MDN01,ACTIVE
7198,3435,Time Deposit,1563552570,2026-04-23,JKT02,ACTIVE
7199,7260,Savings,23580542,2027-08-28,YGY01,ACTIVE
7200,730,Savings,5738400,2026-11-21,SMG01,ACTIVE
7201,4218,Savings,43895247,2027-08-17,JKT02,ACTIVE
7202,7773,Time Deposit,596997618,2026-11-16,BDG01,ACTIVE
7203,468,Savings,16385603,2027-06-27,JKT01,ACTIVE
7204,6296,Savings,17441226,2027-03-18,JKT02,ACTIVE
7205,9296,Time Deposit,255762898,2027-02-27,YGY01,ACTIVE
7206,228,Time Deposit,625646203,2026-08-19,JKT01,ACTIVE
7207,4086,Savings,23265105,2027-04-10,JKT02,ACTIVE
7208,3435,Savings,119232622,2027-02-19,SBY01,ACTIVE
7209,3105,Savings,40162794,2027-11-19,MDN01,ACTIVE
7210,7251,Savings,61534631,2027-08-27,BDG01,ACTIVE
7211,975,Time Deposit,719311755,2026-07-10,MDN01,ACTIVE
7212,5184,Savings,28210926,2026-12-28,SMG01,ACTIVE
7213,1719,Time Deposit,940837298,2026-09-20,JKT02,ACTIVE
7214,9409,Savings,29472426,2026-06-15,JKT01,ACTIVE
7215,4386,Savings,20192074,2028-03-21,BDG01,ACTIVE
7216,4759,Time Deposit,589519227,2026-10-13,JKT01,ACTIVE
7217,4785,Savings,125071875,2026-09-10,MDN01,ACTIVE
7218,3184,Time Deposit,339131392,2027-03-23,JKT02,ACTIVE
7219,4624,Savings,93575671,2026-05-15,BDG01,ACTIVE
7220,9856,Savings,13170686,2027-01-13,BDG01,ACTIVE
7221,3589,Savings,22627662,2026-11-13,MDN01,ACTIVE
7222,1299,Time Deposit,854574206,2027-02-15,BDG01,ACTIVE
7223,794,Savings,52793876,2027-09-02,MDN01,ACTIVE
7224,4085,Time Deposit,749704235,2026-08-11,BDG01,ACTIVE
7225,3112,Savings,52767896,2027-08-06,MDN01,ACTIVE
7226,301,Time Deposit,424912819,2026-05-25,MDN01,ACTIVE
7227,6506,Savings,25913504,2026-10-24,MDN01,ACTIVE
7228,4795,Time Deposit,1524635163,2026-10-11,SMG01,ACTIVE
7229,671,Savings,7653372,2026-10-30,YGY01,ACTIVE
7230,4728,Savings,18020893,2027-12-16,YGY01,ACTIVE
7231,3621,Time Deposit,526018108,2026-10-20,YGY01,ACTIVE
7232,1754,Savings,62511991,2026-07-06,YGY01,ACTIVE
7233,7932,Time Deposit,1189532814,2027-01-25,YGY01,ACTIVE
7234,7974,Savings,26507762,2028-01-19,MDN01,ACTIVE
7235,9840,Savings,104620798,2027-03-23,JKT01,ACTIVE
7236,625,Savings,25669068,2028-03-15,BDG01,ACTIVE
7237,7503,Savings,13836080,2027-04-16,YGY01,ACTIVE
7238,484,Time Deposit,859446345,2026-05-08,SBY01,ACTIVE
7239,5799,Savings,13175806,2027-09-20,YGY01,ACTIVE
7240,3180,Savings,22711158,2026-08-12,SBY01,ACTIVE
7241,449,Time Deposit,488428949,2026-09-24,SMG01,ACTIVE
7242,2064,Savings,13216729,2028-02-23,SBY01,ACTIVE
7243,7307,Savings,17055960,2027-06-13,BDG01,ACTIVE
7244,2588,Time Deposit,1217035737,2026-12-26,JKT02,ACTIVE
7245,317,Savings,57362689,2027-05-16,BDG01,ACTIVE
7246,982,Time Deposit,1204153088,2027-03-22,SMG01,ACTIVE
7247,7404,Time Deposit,1011577544,2026-09-27,MDN01,ACTIVE
7248,3044,Savings,137664014,2028-03-24,BDG01,ACTIVE
7249,3529,Time Deposit,1167738379,2026-10-02,SBY01,ACTIVE
7250,3190,Time Deposit,776835771,2026-04-19,BDG01,ACTIVE
7251,9148,Time Deposit,934261814,2026-10-27,MDN01,ACTIVE
7252,4667,Savings,31710055,2026-12-10,JKT02,ACTIVE
7253,5184,Savings,8932985,2026-08-13,JKT01,ACTIVE
7254,3372,Savings,126392708,2027-04-10,JKT02,ACTIVE
7255,3009,Savings,184537682,2027-08-03,JKT01,ACTIVE
7256,6889,Savings,31219018,2027-09-13,JKT02,ACTIVE
7257,130,Savings,8721672,2026-09-23,JKT02,ACTIVE
7258,3022,Time Deposit,724798889,2026-04-21,MDN01,ACTIVE
7259,9140,Savings,149197824,2026-10-25,SBY01,ACTIVE
7260,6488,Savings,89661149,2027-11-09,JKT02,ACTIVE
7261,7738,Time Deposit,147266075,2026-12-03,JKT02,ACTIVE
7262,470,Savings,105740337,2026-08-04,SBY01,ACTIVE
7263,7828,Savings,63234082,2026-05-22,MDN01,ACTIVE
7264,6052,Savings,32421054,2026-05-06,MDN01,ACTIVE
7265,1399,Time Deposit,1071764791,2026-06-29,JKT01,ACTIVE
7266,1270,Time Deposit,1479964716,2027-02-13,JKT02,ACTIVE
7267,7367,Savings,89125621,2027-05-06,SMG01,ACTIVE
7268,1784,Savings,21934424,2027-01-29,SBY01,ACTIVE
7269,175,Savings,63060476,2027-11-10,YGY01,ACTIVE
7270,9428,Time Deposit,1496041069,2027-02-08,JKT02,ACTIVE
7271,2702,Savings,86569172,2027-03-29,MDN01,ACTIVE
7272,1135,Time Deposit,725288739,2026-10-24,BDG01,ACTIVE
7273,8427,Savings,30160093,2027-02-16,BDG01,ACTIVE
7274,128,Time Deposit,875396220,2026-08-18,JKT01,ACTIVE
7275,7130,Savings,27441213,2027-06-28,SBY01,ACTIVE
7276,4952,Savings,12199817,2026-10-22,SMG01,ACTIVE
7277,523,Savings,38162671,2027-01-14,JKT01,ACTIVE
7278,9261,Savings,46545616,2027-10-07,SBY01,ACTIVE
7279,668,Time Deposit,462241468,2026-05-29,BDG01,ACTIVE
7280,5690,Time Deposit,1203073309,2026-12-13,SBY01,ACTIVE
7281,9916,Savings,129897775,2027-01-12,SBY01,ACTIVE
7282,2458,Time Deposit,374478464,2026-11-30,YGY01,ACTIVE
7283,1648,Savings,44187721,2027-01-19,SMG01,ACTIVE
7284,9362,Time Deposit,936549873,2026-07-27,JKT01,ACTIVE
7285,9854,Time Deposit,742024881,2026-10-02,MDN01,ACTIVE
7286,171,Time Deposit,609866585,2026-04-28,SMG01,ACTIVE
7287,474,Savings,30909141,2026-08-14,JKT02,ACTIVE
7288,7065,Time Deposit,664682184,2027-02-01,SMG01,ACTIVE
7289,1576,Savings,32473719,2026-04-25,JKT02,ACTIVE
7290,7264,Savings,115155582,2027-10-04,SBY01,ACTIVE
7291,19,Savings,52597120,2027-05-12,BDG01,ACTIVE
7292,6142,Savings,15554220,2026-11-05,JKT02,ACTIVE
7293,7086,Time Deposit,764519179,2027-02-14,YGY01,ACTIVE
7294,6208,Savings,21180818,2026-05-25,YGY01,ACTIVE
7295,8494,Savings,114231737,2026-09-06,BDG01,ACTIVE
7296,4084,Time Deposit,413745658,2027-02-08,JKT02,ACTIVE
7297,5491,Savings,6649229,2027-12-25,MDN01,ACTIVE
7298,1743,Time Deposit,1294756133,2026-05-25,BDG01,ACTIVE
7299,5867,Savings,31562844,2027-07-30,JKT02,ACTIVE
7300,5208,Time Deposit,689776078,2026-09-09,YGY01,ACTIVE
7301,9688,Time Deposit,1305206058,2026-09-15,JKT01,ACTIVE
7302,240,Savings,18485445,2026-09-13,YGY01,ACTIVE
7303,5910,Savings,33250491,2027-06-03,MDN01,ACTIVE
7304,8458,Savings,65268694,2027-11-14,MDN01,ACTIVE
7305,9946,Savings,37626513,2027-06-27,SBY01,ACTIVE
7306,3424,Time Deposit,595866907,2027-01-11,JKT02,ACTIVE
7307,6736,Savings,48167403,2028-01-26,JKT01,ACTIVE
7308,9893,Time Deposit,561195999,2027-01-02,SBY01,ACTIVE
7309,4463,Time Deposit,929127547,2026-09-29,MDN01,ACTIVE
7310,6656,Savings,15642429,2026-09-22,SMG01,ACTIVE
7311,6011,Time Deposit,246035622,2026-05-27,BDG01,ACTIVE
7312,9769,Savings,73287559,2026-10-22,SBY01,ACTIVE
7313,8224,Savings,74750200,2026-12-12,BDG01,ACTIVE
7314,5854,Savings,21679265,2026-05-29,SMG01,ACTIVE
7315,2036,Time Deposit,982697903,2026-09-19,BDG01,ACTIVE
7316,8318,Savings,22683865,2026-12-13,MDN01,ACTIVE
7317,5617,Savings,44245782,2027-09-26,JKT02,ACTIVE
7318,7876,Savings,136362736,2027-12-21,JKT02,ACTIVE
7319,2180,Savings,21059141,2027-05-21,JKT01,ACTIVE
7320,7865,Time Deposit,434310334,2027-02-23,MDN01,ACTIVE
7321,8805,Time Deposit,675305965,2026-10-06,MDN01,ACTIVE
7322,2118,Time Deposit,679635356,2026-12-23,MDN01,ACTIVE
7323,5745,Time Deposit,1078047713,2026-08-05,JKT01,ACTIVE
7324,6463,Savings,44595091,2027-01-27,YGY01,ACTIVE
7325,7209,Time Deposit,657455883,2026-12-05,SMG01,ACTIVE
7326,7184,Savings,38387039,2027-08-03,MDN01,ACTIVE
7327,3471,Savings,20858098,2027-10-01,BDG01,ACTIVE
7328,6290,Time Deposit,658007927,2027-02-15,JKT01,ACTIVE
7329,1736,Savings,28679745,2026-08-13,JKT02,ACTIVE
7330,3213,Savings,47427831,2027-08-05,YGY01,ACTIVE
7331,250,Savings,149903712,2027-12-28,JKT01,ACTIVE
7332,4718,Savings,17422987,2027-12-10,MDN01,ACTIVE
7333,5357,Time Deposit,1459059079,2026-11-13,MDN01,ACTIVE
7334,4186,Savings,154264675,2027-01-11,BDG01,ACTIVE
7335,3524,Time Deposit,472363361,2026-09-22,BDG01,ACTIVE
7336,7460,Savings,17267422,2027-03-14,SBY01,ACTIVE
7337,5054,Savings,126674207,2028-03-12,SMG01,ACTIVE
7338,5763,Savings,23223725,2027-05-22,SMG01,ACTIVE
7339,4872,Time Deposit,367208343,2027-01-05,YGY01,ACTIVE
7340,6347,Time Deposit,760857855,2026-09-06,YGY01,ACTIVE
7341,2436,Time Deposit,671452431,2026-12-19,JKT01,ACTIVE
7342,7294,Savings,2680047,2027-07-11,YGY01,ACTIVE
7343,4799,Savings,159973440,2027-08-30,SBY01,ACTIVE
7344,8282,Time Deposit,340945801,2026-05-25,BDG01,ACTIVE
7345,688,Time Deposit,586090267,2026-07-28,BDG01,ACTIVE
7346,6073,Savings,15509376,2027-05-12,SBY01,ACTIVE
7347,6660,Savings,98702921,2027-10-12,MDN01,ACTIVE
7348,4726,Savings,63629175,2027-10-08,SBY01,ACTIVE
7349,5089,Savings,17794374,2026-09-23,YGY01,ACTIVE
7350,3754,Savings,33278587,2027-09-09,JKT01,ACTIVE
7351,8031,Savings,25189042,2027-12-31,JKT01,ACTIVE
7352,9772,Savings,24513781,2026-10-28,BDG01,ACTIVE
7353,3987,Savings,76503996,2027-01-07,MDN01,ACTIVE
7354,9109,Time Deposit,1192840120,2026-07-11,MDN01,ACTIVE
7355,2918,Savings,10132899,2027-08-26,YGY01,ACTIVE
7356,5322,Savings,10870142,2027-10-01,JKT01,ACTIVE
7357,3595,Savings,32119537,2027-07-02,SBY01,ACTIVE
7358,5408,Savings,30802440,2027-10-23,JKT01,ACTIVE
7359,1174,Savings,17057635,2026-09-03,JKT01,ACTIVE
7360,1755,Savings,49047280,2028-01-30,MDN01,ACTIVE
7361,3512,Time Deposit,388782875,2026-09-02,BDG01,ACTIVE
7362,558,Time Deposit,1107087116,2026-10-08,JKT02,ACTIVE
7363,426,Savings,37411245,2026-09-06,SBY01,ACTIVE
7364,7313,Savings,77800848,2027-05-04,SBY01,ACTIVE
7365,578,Savings,127537304,2027-03-18,MDN01,ACTIVE
7366,4602,Savings,11468673,2026-08-22,MDN01,ACTIVE
7367,5749,Time Deposit,623906645,2026-07-11,SMG01,ACTIVE
7368,225,Savings,76096918,2026-07-11,JKT01,ACTIVE
7369,6569,Savings,12946340,2027-11-06,BDG01,ACTIVE
7370,6871,Savings,80640821,2028-03-20,YGY01,ACTIVE
7371,2221,Time Deposit,675354962,2026-07-27,JKT02,ACTIVE
7372,380,Savings,115450060,2027-07-06,JKT02,ACTIVE
7373,47,Savings,151894562,2028-01-28,JKT01,ACTIVE
7374,9330,Time Deposit,694141316,2027-01-06,MDN01,ACTIVE
7375,5015,Savings,58830361,2027-03-28,BDG01,ACTIVE
7376,178,Savings,49390681,2027-04-09,JKT02,ACTIVE
7377,2749,Savings,94925130,2027-01-08,SBY01,ACTIVE
7378,6378,Savings,133318818,2026-04-30,SBY01,ACTIVE
7379,6906,Time Deposit,435616414,2026-06-15,JKT01,ACTIVE
7380,4059,Savings,97411121,2026-06-13,SBY01,ACTIVE
7381,3706,Savings,36090605,2028-01-28,SBY01,ACTIVE
7382,1334,Savings,4799792,2026-06-26,JKT02,ACTIVE
7383,3812,Savings,35247977,2026-10-30,SBY01,ACTIVE
7384,7502,Time Deposit,883478247,2026-09-04,SMG01,ACTIVE
7385,8490,Time Deposit,405848556,2026-11-12,JKT02,ACTIVE
7386,4593,Savings,33247109,2026-07-31,MDN01,ACTIVE
7387,9282,Savings,20690568,2027-10-10,BDG01,ACTIVE
7388,8869,Savings,11272266,2027-06-27,SBY01,ACTIVE
7389,5400,Time Deposit,849570004,2026-07-29,SMG01,ACTIVE
7390,1182,Savings,80156976,2028-02-22,MDN01,ACTIVE
7391,2921,Time Deposit,623186696,2026-05-07,BDG01,ACTIVE
7392,4614,Time Deposit,551321939,2026-11-27,JKT01,ACTIVE
7393,2305,Savings,45214270,2028-03-19,BDG01,ACTIVE
7394,7205,Time Deposit,1154027192,2026-11-12,YGY01,ACTIVE
7395,9448,Time Deposit,1094404437,2026-10-19,BDG01,ACTIVE
7396,4742,Time Deposit,381523296,2026-06-17,SBY01,ACTIVE
7397,7952,Time Deposit,489297246,2026-09-13,JKT01,ACTIVE
7398,9423,Savings,46424559,2028-03-12,BDG01,ACTIVE
7399,9465,Savings,56543641,2027-10-13,SMG01,ACTIVE
7400,9830,Savings,9145318,2027-02-04,YGY01,ACTIVE
7401,9524,Savings,201289959,2027-09-05,SMG01,ACTIVE
7402,6921,Time Deposit,360257977,2026-11-19,SBY01,ACTIVE
7403,414,Savings,19368929,2026-11-15,SBY01,ACTIVE
7404,1418,Savings,35457787,2027-04-29,MDN01,ACTIVE
7405,3625,Time Deposit,491767610,2026-06-08,SMG01,ACTIVE
7406,1389,Savings,39073844,2027-04-11,YGY01,ACTIVE
7407,9041,Savings,5644135,2027-05-01,BDG01,ACTIVE
7408,1430,Time Deposit,500317013,2026-07-21,MDN01,ACTIVE
7409,7508,Time Deposit,632545956,2026-09-18,BDG01,ACTIVE
7410,1640,Time Deposit,898204460,2026-10-25,SMG01,ACTIVE
7411,8727,Savings,44255147,2026-09-09,BDG01,ACTIVE
7412,5295,Savings,39119050,2026-12-13,YGY01,ACTIVE
7413,2515,Savings,37814980,2028-01-15,BDG01,ACTIVE
7414,3487,Time Deposit,432371873,2026-05-30,JKT02,ACTIVE
7415,8456,Savings,53118574,2026-05-07,SMG01,ACTIVE
7416,760,Savings,19754203,2026-05-18,BDG01,ACTIVE
7417,8501,Savings,13981310,2026-09-18,JKT02,ACTIVE
7418,4266,Savings,13586718,2028-03-21,MDN01,ACTIVE
7419,3259,Time Deposit,433852188,2026-08-27,SMG01,ACTIVE
7420,3147,Time Deposit,471201595,2027-01-08,BDG01,ACTIVE
7421,7683,Savings,115444726,2027-08-28,JKT02,ACTIVE
7422,4780,Savings,105749974,2027-09-12,BDG01,ACTIVE
7423,5085,Savings,26472644,2026-10-05,SBY01,ACTIVE
7424,5993,Savings,26486869,2027-09-04,YGY01,ACTIVE
7425,6484,Time Deposit,167645003,2026-07-28,SBY01,ACTIVE
7426,1673,Time Deposit,315575503,2026-07-19,YGY01,ACTIVE
7427,2896,Savings,22248709,2026-10-02,SBY01,ACTIVE
7428,4847,Time Deposit,1496281477,2026-10-10,SMG01,ACTIVE
7429,8436,Savings,25231760,2027-07-16,JKT02,ACTIVE
7430,3894,Time Deposit,264346728,2026-10-28,SMG01,ACTIVE
7431,8341,Time Deposit,746446227,2026-05-28,YGY01,ACTIVE
7432,7676,Savings,175889169,2027-07-28,JKT01,ACTIVE
7433,4518,Time Deposit,869838083,2026-10-14,JKT01,ACTIVE
7434,8797,Time Deposit,1801405743,2026-06-16,JKT01,ACTIVE
7435,8225,Savings,18978114,2027-12-17,JKT02,ACTIVE
7436,2492,Savings,31575581,2027-08-11,SMG01,ACTIVE
7437,6464,Savings,10141470,2027-09-15,JKT01,ACTIVE
7438,6976,Time Deposit,1217604926,2026-07-12,JKT02,ACTIVE
7439,5288,Savings,7748627,2027-10-03,JKT01,ACTIVE
7440,5159,Savings,29638826,2028-01-20,MDN01,ACTIVE
7441,9090,Savings,145072224,2028-01-27,JKT01,ACTIVE
7442,9719,Savings,35222827,2027-07-12,SBY01,ACTIVE
7443,3106,Savings,18400116,2026-10-06,JKT01,ACTIVE
7444,8888,Savings,8559394,2026-09-27,SMG01,ACTIVE
7445,5859,Savings,6282199,2027-06-06,JKT01,ACTIVE
7446,779,Savings,52727395,2027-10-21,MDN01,ACTIVE
7447,9307,Savings,12626835,2027-09-20,YGY01,ACTIVE
7448,1415,Savings,77353705,2027-06-17,MDN01,ACTIVE
7449,2141,Time Deposit,176337532,2027-01-27,SBY01,ACTIVE
7450,2483,Time Deposit,464837517,2026-07-30,YGY01,ACTIVE
7451,8858,Savings,18464683,2027-03-20,SBY01,ACTIVE
7452,2000,Savings,13994532,2026-06-07,SBY01,ACTIVE
7453,5170,Savings,79205230,2027-05-09,BDG01,ACTIVE
7454,3115,Savings,33037090,2027-02-24,SBY01,ACTIVE
7455,5069,Time Deposit,598230240,2026-09-24,SMG01,ACTIVE
7456,3430,Time Deposit,679249755,2026-08-25,BDG01,ACTIVE
7457,7193,Time Deposit,651905458,2026-12-19,SBY01,ACTIVE
7458,6139,Savings,27263672,2026-11-26,SBY01,ACTIVE
7459,7109,Time Deposit,899715980,2026-08-22,MDN01,ACTIVE
7460,566,Savings,37577148,2027-11-28,SBY01,ACTIVE
7461,8321,Time Deposit,880272607,2026-09-28,JKT01,ACTIVE
7462,5273,Time Deposit,496318100,2027-01-14,MDN01,ACTIVE
7463,3173,Time Deposit,284980229,2027-01-21,JKT01,ACTIVE
7464,2619,Savings,18677726,2026-07-06,SMG01,ACTIVE
7465,1825,Time Deposit,367567944,2026-07-30,MDN01,ACTIVE
7466,2782,Time Deposit,196229068,2026-05-21,SBY01,ACTIVE
7467,2787,Savings,23332353,2027-06-24,YGY01,ACTIVE
7468,9399,Savings,32582292,2028-03-24,JKT01,ACTIVE
7469,6797,Savings,17404438,2027-10-06,BDG01,ACTIVE
7470,1450,Savings,24966194,2027-03-02,JKT01,ACTIVE
7471,946,Time Deposit,559888239,2026-08-31,YGY01,ACTIVE
7472,8993,Savings,22871945,2027-07-18,MDN01,ACTIVE
7473,4320,Time Deposit,720051813,2026-12-10,BDG01,ACTIVE
7474,8018,Time Deposit,899858456,2026-06-15,JKT02,ACTIVE
7475,2392,Savings,128146028,2027-11-24,SMG01,ACTIVE
7476,9948,Time Deposit,938196859,2026-11-05,MDN01,ACTIVE
7477,8381,Time Deposit,1239947310,2026-07-20,JKT01,ACTIVE
7478,3852,Savings,21591401,2027-01-15,JKT01,ACTIVE
7479,1130,Savings,161239871,2027-09-23,BDG01,ACTIVE
7480,7562,Savings,86981352,2027-06-08,SBY01,ACTIVE
7481,6485,Savings,41918586,2027-05-04,SBY01,ACTIVE
7482,7453,Savings,74003436,2026-06-29,SMG01,ACTIVE
7483,644,Savings,15138126,2027-01-12,JKT02,ACTIVE
7484,7769,Time Deposit,477339692,2027-03-07,YGY01,ACTIVE
7485,7920,Savings,22996245,2027-01-16,SMG01,ACTIVE
7486,7526,Savings,36108001,2027-01-19,YGY01,ACTIVE
7487,4659,Savings,8212350,2026-08-22,SBY01,ACTIVE
7488,7825,Savings,67386147,2026-07-20,MDN01,ACTIVE
7489,5190,Savings,21848985,2027-11-18,SMG01,ACTIVE
7490,8400,Savings,16578767,2027-10-29,SMG01,ACTIVE
7491,6435,Time Deposit,536570618,2026-10-25,JKT02,ACTIVE
7492,7211,Savings,51851851,2027-09-27,MDN01,ACTIVE
7493,4475,Savings,7482767,2027-05-19,SBY01,ACTIVE
7494,4539,Savings,5721869,2026-04-25,YGY01,ACTIVE
7495,5907,Time Deposit,245213198,2026-05-16,SMG01,ACTIVE
7496,1976,Savings,22446230,2028-02-16,BDG01,ACTIVE
7497,1850,Savings,19537834,2028-01-16,SBY01,ACTIVE
7498,9383,Time Deposit,180818551,2026-08-18,JKT02,ACTIVE
7499,9297,Time Deposit,802200952,2026-12-19,JKT01,ACTIVE
7500,6477,Time Deposit,1626078334,2026-10-22,JKT01,ACTIVE
7501,8669,Savings,15341247,2026-05-21,JKT01,ACTIVE
7502,8741,Savings,157088330,2026-05-16,SBY01,ACTIVE
7503,2378,Time Deposit,647834614,2026-08-25,SMG01,ACTIVE
7504,8151,Savings,13777882,2028-01-19,SBY01,ACTIVE
7505,6863,Savings,33592335,2026-10-16,YGY01,ACTIVE
7506,5233,Savings,17505449,2027-12-19,BDG01,ACTIVE
7507,3941,Savings,105350763,2028-01-23,JKT02,ACTIVE
7508,5666,Savings,21758662,2027-10-17,JKT01,ACTIVE
7509,1314,Savings,12752758,2026-09-04,MDN01,ACTIVE
7510,7953,Savings,128833478,2028-01-18,SMG01,ACTIVE
7511,911,Time Deposit,1441506206,2027-01-22,MDN01,ACTIVE
7512,2688,Savings,63371680,2027-10-01,MDN01,ACTIVE
7513,2888,Savings,44952432,2026-05-10,BDG01,ACTIVE
7514,6577,Time Deposit,168772137,2026-12-11,BDG01,ACTIVE
7515,2651,Time Deposit,321904078,2026-08-10,SBY01,ACTIVE
7516,5156,Savings,9807984,2027-03-07,BDG01,ACTIVE
7517,1557,Savings,77326616,2027-11-30,BDG01,ACTIVE
7518,3384,Time Deposit,1013943901,2026-08-05,BDG01,ACTIVE
7519,1796,Savings,68132012,2027-01-22,JKT01,ACTIVE
7520,4827,Savings,44238707,2026-05-05,BDG01,ACTIVE
7521,7221,Savings,7977795,2026-11-26,MDN01,ACTIVE
7522,5754,Savings,21995735,2027-10-26,JKT02,ACTIVE
7523,9382,Savings,39316787,2028-02-11,YGY01,ACTIVE
7524,3059,Savings,26483357,2027-01-22,JKT02,ACTIVE
7525,7604,Time Deposit,1290916333,2027-01-13,JKT01,ACTIVE
7526,1096,Savings,42965921,2026-08-01,JKT02,ACTIVE
7527,4710,Time Deposit,713804791,2027-01-23,JKT01,ACTIVE
7528,380,Time Deposit,591361023,2026-07-22,SBY01,ACTIVE
7529,5042,Time Deposit,358763379,2026-07-16,JKT01,ACTIVE
7530,1949,Time Deposit,992497517,2026-06-09,SBY01,ACTIVE
7531,8253,Savings,80419020,2027-04-16,MDN01,ACTIVE
7532,6350,Time Deposit,269303098,2026-05-02,MDN01,ACTIVE
7533,8949,Time Deposit,530959003,2026-12-29,SBY01,ACTIVE
7534,8301,Savings,115009480,2027-07-15,MDN01,ACTIVE
7535,3147,Savings,112254389,2026-11-21,BDG01,ACTIVE
7536,5475,Savings,22490155,2026-11-01,JKT02,ACTIVE
7537,1844,Time Deposit,426176826,2026-04-22,SMG01,ACTIVE
7538,9056,Time Deposit,753700148,2026-08-28,JKT01,ACTIVE
7539,8236,Time Deposit,175710545,2026-12-31,SBY01,ACTIVE
7540,2588,Savings,87042709,2027-09-29,MDN01,ACTIVE
7541,5962,Time Deposit,329953867,2026-08-10,JKT02,ACTIVE
7542,7815,Time Deposit,402776970,2026-10-27,SBY01,ACTIVE
7543,6581,Savings,71529764,2027-02-08,JKT01,ACTIVE
7544,9745,Savings,38741644,2027-11-05,SMG01,ACTIVE
7545,4297,Time Deposit,319847242,2027-03-22,SBY01,ACTIVE
7546,2790,Savings,17793851,2026-09-13,SBY01,ACTIVE
7547,6971,Time Deposit,803071473,2027-01-25,JKT02,ACTIVE
7548,6377,Savings,74146769,2026-09-04,YGY01,ACTIVE
7549,7560,Savings,23736486,2027-05-19,BDG01,ACTIVE
7550,9398,Time Deposit,468126987,2026-11-02,YGY01,ACTIVE
7551,7336,Savings,98863681,2027-12-04,JKT01,ACTIVE
7552,5899,Time Deposit,193602070,2027-02-12,BDG01,ACTIVE
7553,2603,Savings,4742468,2027-09-28,SMG01,ACTIVE
7554,9395,Savings,124861534,2027-10-09,MDN01,ACTIVE
7555,3376,Savings,93940137,2027-12-31,JKT02,ACTIVE
7556,1607,Savings,165048796,2027-05-16,JKT02,ACTIVE
7557,4158,Savings,23506872,2027-02-15,YGY01,ACTIVE
7558,8206,Savings,231257704,2028-02-03,JKT02,ACTIVE
7559,8700,Savings,4890880,2027-02-26,JKT02,ACTIVE
7560,7358,Savings,54813986,2028-02-08,BDG01,ACTIVE
7561,2196,Savings,61232441,2027-12-19,JKT02,ACTIVE
7562,1556,Savings,20238894,2027-03-20,SMG01,ACTIVE
7563,3314,Savings,66208930,2027-09-29,YGY01,ACTIVE
7564,2753,Time Deposit,287857712,2027-02-03,SBY01,ACTIVE
7565,4156,Time Deposit,776925448,2026-12-02,BDG01,ACTIVE
7566,9934,Savings,53221476,2028-03-19,YGY01,ACTIVE
7567,3522,Time Deposit,499333798,2026-06-05,BDG01,ACTIVE
7568,6583,Savings,134543231,2028-02-23,MDN01,ACTIVE
7569,1220,Time Deposit,440713841,2027-02-11,SMG01,ACTIVE
7570,9681,Time Deposit,1715766920,2027-02-17,JKT02,ACTIVE
7571,8884,Savings,16670755,2027-01-29,JKT01,ACTIVE
7572,2007,Time Deposit,849568973,2026-05-20,BDG01,ACTIVE
7573,818,Time Deposit,1090854199,2026-12-19,SMG01,ACTIVE
7574,6890,Savings,75802735,2027-01-15,SMG01,ACTIVE
7575,3936,Savings,64185286,2027-10-11,SMG01,ACTIVE
7576,7889,Time Deposit,1463622461,2026-09-08,JKT01,ACTIVE
7577,4275,Savings,9351224,2028-01-02,MDN01,ACTIVE
7578,9068,Savings,32695033,2027-09-09,SBY01,ACTIVE
7579,4785,Time Deposit,1109272120,2026-11-18,BDG01,ACTIVE
7580,7287,Savings,18192904,2028-01-04,JKT02,ACTIVE
7581,8212,Savings,152886545,2026-12-18,BDG01,ACTIVE
7582,3821,Time Deposit,217713714,2027-03-08,BDG01,ACTIVE
7583,9524,Time Deposit,540110038,2026-10-05,JKT02,ACTIVE
7584,4247,Time Deposit,866780812,2026-04-21,BDG01,ACTIVE
7585,6141,Savings,129002029,2026-08-12,BDG01,ACTIVE
7586,3036,Savings,37142305,2027-09-24,MDN01,ACTIVE
7587,8805,Savings,87984056,2027-12-29,SBY01,ACTIVE
7588,4628,Savings,21678834,2026-09-13,SMG01,ACTIVE
7589,6060,Savings,200270093,2026-12-24,SBY01,ACTIVE
7590,823,Time Deposit,631226179,2026-05-09,SBY01,ACTIVE
7591,3222,Time Deposit,336087091,2026-07-06,SBY01,ACTIVE
7592,3449,Savings,221569633,2027-10-25,SBY01,ACTIVE
7593,323,Savings,38176181,2028-01-24,MDN01,ACTIVE
7594,8322,Savings,126165066,2027-01-22,SBY01,ACTIVE
7595,3133,Time Deposit,928614661,2026-05-20,JKT02,ACTIVE
7596,9222,Savings,40370570,2026-12-19,SBY01,ACTIVE
7597,1992,Savings,18441963,2027-03-27,BDG01,ACTIVE
7598,7695,Savings,114109128,2027-08-19,JKT01,ACTIVE
7599,2063,Time Deposit,516832911,2027-03-02,JKT02,ACTIVE
7600,9924,Time Deposit,1757797198,2027-01-29,JKT01,ACTIVE
7601,7421,Time Deposit,558825088,2026-04-15,BDG01,ACTIVE
7602,5879,Savings,228838738,2028-02-13,YGY01,ACTIVE
7603,2766,Savings,22783904,2026-04-27,JKT01,ACTIVE
7604,3281,Time Deposit,689735315,2026-11-03,JKT01,ACTIVE
7605,1541,Time Deposit,960982554,2026-07-16,JKT02,ACTIVE
7606,7980,Savings,47069273,2027-01-26,JKT01,ACTIVE
7607,9238,Savings,70675508,2027-07-21,BDG01,ACTIVE
7608,4141,Time Deposit,754149424,2026-07-28,JKT02,ACTIVE
7609,1729,Savings,68495254,2026-08-01,MDN01,ACTIVE
7610,8291,Time Deposit,993146719,2026-06-06,JKT01,ACTIVE
7611,8909,Time Deposit,277691132,2026-08-05,JKT02,ACTIVE
7612,1441,Savings,20941603,2026-09-27,MDN01,ACTIVE
7613,4941,Savings,26014530,2028-01-19,JKT01,ACTIVE
7614,1224,Savings,212455983,2026-09-22,BDG01,ACTIVE
7615,513,Time Deposit,1471796504,2027-02-12,YGY01,ACTIVE
7616,956,Savings,16004390,2027-11-25,BDG01,ACTIVE
7617,947,Savings,22338712,2027-08-12,JKT02,ACTIVE
7618,3664,Time Deposit,384977381,2026-06-01,JKT01,ACTIVE
7619,491,Savings,27446350,2026-11-25,YGY01,ACTIVE
7620,7384,Savings,4118158,2026-10-03,SMG01,ACTIVE
7621,15,Savings,16057898,2026-11-16,SBY01,ACTIVE
7622,1517,Savings,48571646,2028-02-08,SMG01,ACTIVE
7623,1899,Time Deposit,1493775743,2026-06-06,SBY01,ACTIVE
7624,6226,Savings,15389815,2026-07-21,MDN01,ACTIVE
7625,9200,Savings,16174450,2027-08-19,SMG01,ACTIVE
7626,6679,Savings,24638145,2027-02-09,JKT02,ACTIVE
7627,3536,Savings,81559642,2026-12-18,MDN01,ACTIVE
7628,6528,Time Deposit,333242424,2026-11-12,JKT02,ACTIVE
7629,2729,Savings,86122670,2026-12-22,MDN01,ACTIVE
7630,4516,Time Deposit,984980369,2026-12-27,JKT02,ACTIVE
7631,4612,Time Deposit,477275983,2026-09-02,BDG01,ACTIVE
7632,4896,Time Deposit,1061780050,2026-04-23,MDN01,ACTIVE
7633,790,Savings,31778189,2026-05-06,JKT01,ACTIVE
7634,5515,Time Deposit,305311498,2026-10-22,YGY01,ACTIVE
7635,4088,Time Deposit,1392925156,2026-12-17,MDN01,ACTIVE
7636,145,Savings,34621541,2026-11-07,MDN01,ACTIVE
7637,8077,Savings,14460420,2028-02-21,YGY01,ACTIVE
7638,6302,Savings,19580987,2026-09-23,BDG01,ACTIVE
7639,380,Time Deposit,561513496,2026-12-28,SMG01,ACTIVE
7640,1166,Savings,44264470,2027-11-29,SBY01,ACTIVE
7641,7873,Savings,73276925,2027-10-31,SMG01,ACTIVE
7642,3450,Time Deposit,210309461,2026-06-16,YGY01,ACTIVE
7643,4784,Time Deposit,986705164,2026-05-18,YGY01,ACTIVE
7644,187,Time Deposit,483442974,2026-08-06,SBY01,ACTIVE
7645,1722,Time Deposit,964689206,2026-08-27,YGY01,ACTIVE
7646,3320,Savings,57963365,2026-06-23,JKT02,ACTIVE
7647,1744,Time Deposit,756260510,2026-06-19,YGY01,ACTIVE
7648,7093,Time Deposit,696145001,2026-10-11,MDN01,ACTIVE
7649,6704,Savings,16599567,2027-08-30,JKT02,ACTIVE
7650,8877,Time Deposit,1206431300,2026-05-01,JKT02,ACTIVE
7651,3138,Savings,7020867,2027-04-27,JKT02,ACTIVE
7652,9173,Savings,61478298,2027-09-28,SBY01,ACTIVE
7653,4350,Time Deposit,774683800,2027-02-19,YGY01,ACTIVE
7654,9764,Savings,31934875,2027-11-23,MDN01,ACTIVE
7655,1357,Savings,64381621,2027-05-11,BDG01,ACTIVE
7656,9377,Savings,5730794,2027-11-28,MDN01,ACTIVE
7657,7851,Time Deposit,877058387,2027-02-11,MDN01,ACTIVE
7658,8185,Time Deposit,191447622,2026-09-24,SMG01,ACTIVE
7659,699,Savings,38774545,2027-04-25,MDN01,ACTIVE
7660,8248,Savings,17581593,2027-06-05,BDG01,ACTIVE
7661,8614,Time Deposit,1592142123,2027-01-09,YGY01,ACTIVE
7662,3819,Time Deposit,955333553,2026-12-02,SMG01,ACTIVE
7663,8388,Savings,182157902,2027-01-23,SMG01,ACTIVE
7664,8507,Savings,128315735,2027-10-02,JKT02,ACTIVE
7665,2600,Time Deposit,440465642,2026-07-14,BDG01,ACTIVE
7666,5700,Savings,5196382,2026-10-14,SMG01,ACTIVE
7667,113,Savings,7403071,2027-06-26,JKT02,ACTIVE
7668,3963,Time Deposit,354771269,2026-11-20,SMG01,ACTIVE
7669,1968,Time Deposit,595548043,2026-08-14,JKT01,ACTIVE
7670,4847,Time Deposit,1439379551,2027-02-26,JKT01,ACTIVE
7671,8859,Time Deposit,453247804,2026-07-06,BDG01,ACTIVE
7672,1119,Savings,5571434,2027-11-16,MDN01,ACTIVE
7673,7367,Savings,107124075,2027-01-01,JKT01,ACTIVE
7674,3915,Time Deposit,1418301847,2027-03-16,JKT02,ACTIVE
7675,1664,Savings,18648089,2026-09-27,YGY01,ACTIVE
7676,4321,Time Deposit,197625227,2026-06-16,MDN01,ACTIVE
7677,5164,Savings,83969148,2026-10-05,JKT01,ACTIVE
7678,3094,Savings,47134159,2027-07-12,JKT02,ACTIVE
7679,1378,Savings,37516152,2027-02-12,JKT01,ACTIVE
7680,4299,Savings,87637643,2026-12-10,BDG01,ACTIVE
7681,1241,Savings,85634701,2027-11-03,YGY01,ACTIVE
7682,3774,Savings,71622371,2026-05-31,JKT02,ACTIVE
7683,1649,Time Deposit,773722439,2026-08-14,MDN01,ACTIVE
7684,3584,Savings,14126824,2028-01-12,SMG01,ACTIVE
7685,1333,Savings,131005237,2027-09-17,YGY01,ACTIVE
7686,1760,Time Deposit,805078516,2026-06-25,YGY01,ACTIVE
7687,3191,Time Deposit,216121436,2026-04-21,SBY01,ACTIVE
7688,1770,Time Deposit,255602990,2026-04-26,YGY01,ACTIVE
7689,5853,Savings,177653706,2028-02-18,YGY01,ACTIVE
7690,5951,Time Deposit,1239601702,2026-12-16,SMG01,ACTIVE
7691,2001,Savings,9037055,2027-10-19,MDN01,ACTIVE
7692,8573,Savings,89438798,2026-09-08,YGY01,ACTIVE
7693,3969,Savings,30193764,2027-06-04,JKT02,ACTIVE
7694,9459,Time Deposit,853731711,2026-09-18,SMG01,ACTIVE
7695,820,Savings,25846414,2026-09-28,BDG01,ACTIVE
7696,9592,Savings,15770090,2027-09-23,SBY01,ACTIVE
7697,2433,Savings,70165403,2027-09-07,MDN01,ACTIVE
7698,5369,Savings,137745196,2027-01-14,SMG01,ACTIVE
7699,5956,Savings,11721410,2026-06-23,JKT01,ACTIVE
7700,3061,Savings,18512986,2027-06-25,JKT02,ACTIVE
7701,7708,Savings,13066932,2027-06-29,BDG01,ACTIVE
7702,9731,Time Deposit,150088685,2026-12-16,BDG01,ACTIVE
7703,6238,Savings,54655427,2028-02-04,MDN01,ACTIVE
7704,1762,Savings,11087826,2027-01-06,MDN01,ACTIVE
7705,6501,Savings,5082680,2026-11-23,SBY01,ACTIVE
7706,38,Savings,98053046,2026-07-18,MDN01,ACTIVE
7707,387,Savings,6650978,2026-10-21,SMG01,ACTIVE
7708,8941,Time Deposit,830345074,2026-05-27,SBY01,ACTIVE
7709,5679,Savings,26668529,2027-07-11,SMG01,ACTIVE
7710,4103,Time Deposit,403202575,2027-01-13,JKT01,ACTIVE
7711,4545,Savings,27834853,2026-11-21,JKT01,ACTIVE
7712,3644,Savings,32778127,2027-02-28,JKT02,ACTIVE
7713,1993,Time Deposit,1036356084,2026-06-15,SMG01,ACTIVE
7714,1873,Savings,18787256,2027-02-21,BDG01,ACTIVE
7715,9555,Time Deposit,611902232,2026-08-31,JKT02,ACTIVE
7716,7747,Time Deposit,1783459853,2026-06-12,MDN01,ACTIVE
7717,3767,Savings,33166261,2028-03-24,MDN01,ACTIVE
7718,734,Time Deposit,695045318,2026-11-23,JKT01,ACTIVE
7719,2977,Savings,60334066,2027-10-01,MDN01,ACTIVE
7720,1040,Savings,19620355,2028-01-02,BDG01,ACTIVE
7721,728,Savings,6485653,2027-01-07,SBY01,ACTIVE
7722,5510,Savings,112716057,2026-05-25,JKT02,ACTIVE
7723,3555,Savings,99546795,2026-10-20,BDG01,ACTIVE
7724,4756,Time Deposit,235270540,2026-11-18,BDG01,ACTIVE
7725,7278,Time Deposit,1062055770,2026-10-20,MDN01,ACTIVE
7726,4095,Savings,8012632,2026-05-25,JKT01,ACTIVE
7727,1231,Savings,12782085,2028-01-13,SMG01,ACTIVE
7728,6104,Time Deposit,1250102494,2026-10-28,MDN01,ACTIVE
7729,34,Time Deposit,779859082,2026-07-26,MDN01,ACTIVE
7730,7551,Time Deposit,1032459996,2026-12-30,SMG01,ACTIVE
7731,6180,Time Deposit,300579587,2026-08-16,BDG01,ACTIVE
7732,2035,Savings,22431491,2027-05-17,YGY01,ACTIVE
7733,589,Savings,89907426,2027-05-07,BDG01,ACTIVE
7734,9175,Savings,34529799,2026-07-18,MDN01,ACTIVE
7735,392,Savings,34713005,2026-10-19,YGY01,ACTIVE
7736,9772,Time Deposit,203543082,2027-01-03,BDG01,ACTIVE
7737,5535,Time Deposit,1004288204,2026-10-15,MDN01,ACTIVE
7738,3509,Time Deposit,848033877,2026-08-03,MDN01,ACTIVE
7739,2560,Time Deposit,1116491324,2026-11-24,JKT02,ACTIVE
7740,8050,Savings,103830458,2027-12-17,SMG01,ACTIVE
7741,8748,Time Deposit,198951209,2026-06-21,BDG01,ACTIVE
7742,7601,Savings,40326927,2027-08-14,YGY01,ACTIVE
7743,1592,Savings,89287715,2026-04-24,MDN01,ACTIVE
7744,5742,Time Deposit,686218707,2026-09-12,MDN01,ACTIVE
7745,9776,Savings,30610606,2028-01-24,YGY01,ACTIVE
7746,5624,Savings,105942038,2026-04-26,MDN01,ACTIVE
7747,5985,Savings,89064144,2027-09-16,MDN01,ACTIVE
7748,7354,Savings,177500709,2027-01-07,YGY01,ACTIVE
7749,793,Savings,28404220,2027-05-04,SMG01,ACTIVE
7750,8444,Time Deposit,320083219,2026-11-19,BDG01,ACTIVE
7751,4322,Savings,28001683,2027-06-27,SBY01,ACTIVE
7752,1949,Time Deposit,1795860515,2026-06-16,SMG01,ACTIVE
7753,5051,Time Deposit,612450014,2026-12-21,BDG01,ACTIVE
7754,1303,Savings,9832220,2027-01-10,JKT02,ACTIVE
7755,9659,Time Deposit,320726659,2027-01-29,YGY01,ACTIVE
7756,5987,Time Deposit,947950965,2026-09-04,YGY01,ACTIVE
7757,2873,Savings,12116976,2027-09-16,JKT02,ACTIVE
7758,6424,Time Deposit,862473389,2026-09-08,YGY01,ACTIVE
7759,5713,Time Deposit,445330203,2026-09-19,SMG01,ACTIVE
7760,7077,Time Deposit,413637287,2026-05-27,BDG01,ACTIVE
7761,587,Time Deposit,681496650,2027-02-06,SBY01,ACTIVE
7762,6527,Savings,12116859,2028-02-22,JKT01,ACTIVE
7763,5400,Savings,27214581,2027-02-08,SMG01,ACTIVE
7764,9189,Savings,59355317,2027-03-11,SBY01,ACTIVE
7765,6299,Savings,9624615,2026-05-22,JKT01,ACTIVE
7766,4037,Savings,123967734,2026-08-03,MDN01,ACTIVE
7767,8505,Time Deposit,339460894,2026-07-30,MDN01,ACTIVE
7768,9990,Savings,17528430,2027-05-07,YGY01,ACTIVE
7769,1577,Time Deposit,925231341,2026-12-09,SBY01,ACTIVE
7770,5068,Time Deposit,851157817,2026-04-16,JKT01,ACTIVE
7771,4528,Time Deposit,767714250,2026-05-28,SBY01,ACTIVE
7772,7669,Savings,133804017,2026-11-06,BDG01,ACTIVE
7773,8088,Savings,145844368,2027-08-05,YGY01,ACTIVE
7774,5696,Savings,65049105,2026-12-02,MDN01,ACTIVE
7775,6007,Savings,16136165,2027-12-05,SBY01,ACTIVE
7776,4716,Savings,82701317,2028-01-10,MDN01,ACTIVE
7777,2491,Savings,10490924,2027-12-01,JKT01,ACTIVE
7778,6085,Savings,10929040,2026-07-30,SMG01,ACTIVE
7779,9623,Savings,89613385,2026-05-03,JKT02,ACTIVE
7780,1570,Savings,183884075,2026-10-29,BDG01,ACTIVE
7781,7367,Savings,104463727,2028-03-10,SBY01,ACTIVE
7782,4354,Time Deposit,760435302,2026-11-17,SMG01,ACTIVE
7783,3409,Time Deposit,863963856,2027-01-16,YGY01,ACTIVE
7784,8739,Savings,18536118,2027-11-04,BDG01,ACTIVE
7785,18,Time Deposit,795834764,2026-08-19,JKT02,ACTIVE
7786,8657,Savings,31289689,2027-07-23,JKT02,ACTIVE
7787,8453,Time Deposit,606138474,2026-11-15,JKT01,ACTIVE
7788,5333,Savings,25360346,2027-08-18,BDG01,ACTIVE
7789,7240,Time Deposit,1102375570,2026-10-20,BDG01,ACTIVE
7790,88,Savings,13091998,2026-09-03,YGY01,ACTIVE
7791,2557,Savings,11934087,2027-06-20,BDG01,ACTIVE
7792,7840,Time Deposit,845137889,2027-01-14,JKT02,ACTIVE
7793,7157,Savings,28529435,2027-07-02,JKT01,ACTIVE
7794,3535,Time Deposit,513436881,2026-11-02,JKT01,ACTIVE
7795,2853,Time Deposit,631106715,2027-02-23,BDG01,ACTIVE
7796,1249,Savings,11959218,2027-08-12,MDN01,ACTIVE
7797,273,Savings,41037976,2027-02-20,YGY01,ACTIVE
7798,150,Savings,70444663,2026-12-31,MDN01,ACTIVE
7799,4759,Savings,81663524,2028-03-19,MDN01,ACTIVE
7800,6992,Time Deposit,404773696,2027-02-13,BDG01,ACTIVE
7801,9923,Savings,182124755,2028-01-19,MDN01,ACTIVE
7802,1735,Savings,37111714,2027-11-20,BDG01,ACTIVE
7803,1847,Time Deposit,835728185,2026-05-17,MDN01,ACTIVE
7804,8584,Savings,132869559,2027-08-27,SBY01,ACTIVE
7805,5956,Savings,25701619,2026-06-09,BDG01,ACTIVE
7806,9217,Savings,31760735,2026-05-20,BDG01,ACTIVE
7807,1028,Savings,23239112,2027-07-15,SMG01,ACTIVE
7808,3389,Time Deposit,894303266,2026-06-24,SBY01,ACTIVE
7809,4449,Time Deposit,983067669,2026-10-21,JKT01,ACTIVE
7810,2036,Time Deposit,1796347955,2026-06-08,MDN01,ACTIVE
7811,7508,Savings,105064472,2026-05-29,JKT01,ACTIVE
7812,4676,Savings,175494233,2027-06-14,MDN01,ACTIVE
7813,309,Savings,147283584,2026-08-31,BDG01,ACTIVE
7814,9767,Savings,29031518,2027-09-28,BDG01,ACTIVE
7815,4091,Savings,53941893,2027-01-12,SBY01,ACTIVE
7816,5347,Time Deposit,403307660,2026-05-08,MDN01,ACTIVE
7817,1153,Time Deposit,444752360,2026-11-08,MDN01,ACTIVE
7818,6865,Time Deposit,532216481,2026-07-06,JKT01,ACTIVE
7819,3719,Time Deposit,227615435,2026-12-30,JKT01,ACTIVE
7820,1303,Savings,7427706,2027-05-13,JKT01,ACTIVE
7821,843,Time Deposit,853403311,2026-10-03,BDG01,ACTIVE
7822,4267,Time Deposit,418525808,2026-12-21,MDN01,ACTIVE
7823,1878,Time Deposit,989095897,2026-04-21,JKT01,ACTIVE
7824,1052,Time Deposit,522778734,2026-10-01,BDG01,ACTIVE
7825,5161,Savings,130362845,2028-02-05,SMG01,ACTIVE
7826,9532,Savings,89944812,2027-07-27,SMG01,ACTIVE
7827,570,Savings,30871704,2026-09-23,SMG01,ACTIVE
7828,284,Time Deposit,1524312216,2026-09-09,SBY01,ACTIVE
7829,3700,Savings,15197586,2027-01-22,YGY01,ACTIVE
7830,7122,Time Deposit,412634259,2026-09-17,JKT02,ACTIVE
7831,1842,Time Deposit,517757549,2026-09-05,SBY01,ACTIVE
7832,7009,Savings,46318491,2026-09-11,BDG01,ACTIVE
7833,1737,Savings,14161785,2027-03-08,YGY01,ACTIVE
7834,6304,Time Deposit,147129102,2026-12-21,YGY01,ACTIVE
7835,3910,Savings,164928198,2027-02-22,JKT02,ACTIVE
7836,9836,Savings,5788507,2026-07-26,SMG01,ACTIVE
7837,6197,Time Deposit,944073895,2027-01-22,JKT01,ACTIVE
7838,4380,Savings,21201874,2026-07-31,BDG01,ACTIVE
7839,452,Savings,177729571,2027-01-02,SBY01,ACTIVE
7840,2890,Savings,10825008,2026-12-02,MDN01,ACTIVE
7841,1567,Time Deposit,579349055,2026-06-11,SMG01,ACTIVE
7842,4442,Savings,6902254,2026-11-29,JKT01,ACTIVE
7843,1279,Savings,122019827,2028-02-28,SMG01,ACTIVE
7844,1140,Time Deposit,1573066875,2026-05-03,MDN01,ACTIVE
7845,3110,Savings,22839585,2026-11-30,JKT01,ACTIVE
7846,498,Time Deposit,263155343,2026-12-31,BDG01,ACTIVE
7847,7456,Savings,72964355,2027-12-12,JKT01,ACTIVE
7848,747,Savings,129880229,2026-11-27,BDG01,ACTIVE
7849,7388,Savings,51344576,2026-06-10,MDN01,ACTIVE
7850,7103,Savings,162120243,2026-11-08,YGY01,ACTIVE
7851,9345,Time Deposit,1059704827,2026-12-31,BDG01,ACTIVE
7852,9284,Savings,20075826,2027-06-25,BDG01,ACTIVE
7853,1316,Time Deposit,445878339,2026-10-08,JKT02,ACTIVE
7854,6212,Savings,8714233,2027-06-10,SMG01,ACTIVE
7855,9708,Savings,31485667,2027-03-19,JKT02,ACTIVE
7856,2568,Savings,69117554,2026-05-05,BDG01,ACTIVE
7857,5065,Savings,161237832,2027-05-03,BDG01,ACTIVE
7858,8348,Savings,28557064,2027-08-15,JKT01,ACTIVE
7859,4674,Savings,220326434,2026-05-20,JKT01,ACTIVE
7860,9907,Savings,9034473,2027-02-25,BDG01,ACTIVE
7861,3589,Time Deposit,504900112,2026-05-12,BDG01,ACTIVE
7862,7430,Savings,6925433,2028-03-11,JKT01,ACTIVE
7863,3014,Time Deposit,657734850,2027-01-21,SBY01,ACTIVE
7864,6367,Time Deposit,832612010,2026-04-29,JKT01,ACTIVE
7865,3774,Savings,39907403,2027-04-20,JKT02,ACTIVE
7866,634,Savings,76363070,2026-07-12,SMG01,ACTIVE
7867,6155,Time Deposit,411255308,2026-07-03,SBY01,ACTIVE
7868,5439,Time Deposit,1381491541,2026-05-22,JKT02,ACTIVE
7869,4982,Savings,150297310,2026-06-25,BDG01,ACTIVE
7870,3578,Time Deposit,624132006,2026-07-04,YGY01,ACTIVE
7871,121,Savings,20387533,2027-01-24,SBY01,ACTIVE
7872,6893,Savings,12875419,2027-11-24,YGY01,ACTIVE
7873,5535,Time Deposit,811138113,2027-01-06,BDG01,ACTIVE
7874,1224,Time Deposit,1518121600,2026-11-03,YGY01,ACTIVE
7875,448,Time Deposit,914326856,2027-01-05,JKT01,ACTIVE
7876,8140,Savings,15023569,2027-07-15,SBY01,ACTIVE
7877,6494,Time Deposit,388488847,2026-10-24,BDG01,ACTIVE
7878,5868,Time Deposit,500454907,2026-04-14,SBY01,ACTIVE
7879,3642,Savings,80140130,2026-12-10,SMG01,ACTIVE
7880,2123,Time Deposit,811929470,2027-01-29,SMG01,ACTIVE
7881,9896,Savings,42377120,2027-05-28,YGY01,ACTIVE
7882,7044,Savings,31318704,2028-01-29,SMG01,ACTIVE
7883,1978,Time Deposit,1245769589,2026-04-13,JKT01,ACTIVE
7884,9029,Savings,8427976,2026-05-03,SBY01,ACTIVE
7885,3757,Time Deposit,382953339,2026-12-22,YGY01,ACTIVE
7886,4725,Time Deposit,990094777,2026-09-03,MDN01,ACTIVE
7887,5470,Savings,29302527,2027-03-08,BDG01,ACTIVE
7888,9032,Savings,41064524,2027-02-06,YGY01,ACTIVE
7889,7053,Time Deposit,1049931495,2026-08-24,JKT02,ACTIVE
7890,3278,Savings,8663253,2027-12-18,JKT01,ACTIVE
7891,9538,Savings,86491431,2027-05-26,MDN01,ACTIVE
7892,817,Time Deposit,1184712952,2026-08-20,JKT02,ACTIVE
7893,5557,Savings,15885113,2028-02-24,JKT01,ACTIVE
7894,9561,Savings,105189354,2027-04-05,JKT01,ACTIVE
7895,6339,Savings,37606016,2026-04-30,SMG01,ACTIVE
7896,7289,Savings,60023476,2026-05-28,JKT01,ACTIVE
7897,3317,Savings,69686325,2027-07-10,SMG01,ACTIVE
7898,2473,Savings,70328693,2026-10-31,YGY01,ACTIVE
7899,8276,Time Deposit,945198292,2026-10-22,YGY01,ACTIVE
7900,3535,Savings,54647867,2027-02-19,YGY01,ACTIVE
7901,6657,Time Deposit,802730845,2027-01-04,SMG01,ACTIVE
7902,3396,Savings,9727019,2028-02-29,SBY01,ACTIVE
7903,3111,Time Deposit,695519069,2027-01-19,JKT02,ACTIVE
7904,488,Savings,22911294,2028-02-18,MDN01,ACTIVE
7905,8228,Savings,6911309,2027-12-20,JKT01,ACTIVE
7906,4809,Time Deposit,261005265,2026-08-06,MDN01,ACTIVE
7907,1021,Savings,58405251,2027-10-09,JKT02,ACTIVE
7908,2047,Time Deposit,612832067,2026-07-31,JKT01,ACTIVE
7909,8090,Time Deposit,1036121724,2026-11-07,YGY01,ACTIVE
7910,7938,Savings,60168049,2027-05-26,YGY01,ACTIVE
7911,2995,Savings,37171775,2028-01-08,SMG01,ACTIVE
7912,9155,Savings,30435660,2026-10-04,YGY01,ACTIVE
7913,3311,Savings,18901896,2028-03-24,YGY01,ACTIVE
7914,6737,Savings,7336492,2027-08-11,JKT02,ACTIVE
7915,5551,Time Deposit,1003778297,2026-04-10,SMG01,ACTIVE
7916,9459,Time Deposit,799755195,2026-08-10,MDN01,ACTIVE
7917,8084,Savings,31315835,2027-09-03,MDN01,ACTIVE
7918,5609,Savings,96733098,2028-01-08,SBY01,ACTIVE
7919,329,Savings,56353048,2027-02-27,SBY01,ACTIVE
7920,984,Time Deposit,208267391,2026-10-19,SMG01,ACTIVE
7921,8987,Savings,36828078,2027-06-08,SBY01,ACTIVE
7922,9698,Time Deposit,1463207293,2027-01-31,JKT01,ACTIVE
7923,7885,Savings,15192807,2026-06-15,MDN01,ACTIVE
7924,2981,Savings,68945149,2027-04-11,SBY01,ACTIVE
7925,5683,Time Deposit,434436058,2026-12-06,JKT01,ACTIVE
7926,8420,Savings,117700074,2027-04-22,MDN01,ACTIVE
7927,5083,Savings,53648749,2027-03-06,MDN01,ACTIVE
7928,6489,Time Deposit,213001212,2026-07-07,JKT02,ACTIVE
7929,5306,Savings,47798956,2027-05-22,BDG01,ACTIVE
7930,163,Savings,12936766,2027-10-11,JKT01,ACTIVE
7931,7672,Savings,14433880,2028-01-21,BDG01,ACTIVE
7932,3022,Time Deposit,359447693,2027-03-09,JKT02,ACTIVE
7933,6473,Time Deposit,603176970,2027-01-19,BDG01,ACTIVE
7934,2896,Savings,20103904,2026-09-23,YGY01,ACTIVE
7935,3881,Time Deposit,1703144332,2026-11-23,JKT02,ACTIVE
7936,6488,Time Deposit,1090824936,2026-07-13,SBY01,ACTIVE
7937,2253,Savings,10921066,2027-01-31,SBY01,ACTIVE
7938,6233,Savings,14891949,2028-02-03,JKT01,ACTIVE
7939,7565,Savings,29051365,2026-08-31,JKT01,ACTIVE
7940,5272,Savings,115050966,2026-09-10,SMG01,ACTIVE
7941,3663,Savings,209368843,2027-07-28,BDG01,ACTIVE
7942,3043,Savings,48261069,2026-10-14,MDN01,ACTIVE
7943,8406,Savings,83993944,2026-06-12,YGY01,ACTIVE
7944,8288,Time Deposit,1018167734,2026-05-09,BDG01,ACTIVE
7945,4624,Time Deposit,1017431383,2026-10-26,JKT01,ACTIVE
7946,3568,Time Deposit,537741648,2026-08-19,BDG01,ACTIVE
7947,1517,Savings,35692719,2027-07-11,JKT01,ACTIVE
7948,2527,Savings,17942106,2026-09-20,MDN01,ACTIVE
7949,7645,Time Deposit,658764902,2026-11-24,YGY01,ACTIVE
7950,6235,Savings,28599185,2026-08-21,SMG01,ACTIVE
7951,1878,Time Deposit,1070613234,2026-04-13,SBY01,ACTIVE
7952,7745,Savings,41809905,2028-03-10,MDN01,ACTIVE
7953,7003,Savings,147513163,2027-05-30,SBY01,ACTIVE
7954,4355,Savings,33405695,2026-05-09,SMG01,ACTIVE
7955,7070,Time Deposit,1700050473,2026-08-29,YGY01,ACTIVE
7956,4391,Savings,25409460,2028-02-26,JKT01,ACTIVE
7957,3917,Time Deposit,1216872038,2026-12-11,SBY01,ACTIVE
7958,4498,Savings,17894090,2027-08-04,BDG01,ACTIVE
7959,6033,Savings,31599881,2027-07-02,YGY01,ACTIVE
7960,8243,Savings,22804212,2027-07-10,YGY01,ACTIVE
7961,5017,Time Deposit,1220881219,2026-10-27,MDN01,ACTIVE
7962,4486,Time Deposit,733449554,2026-08-04,JKT02,ACTIVE
7963,9251,Savings,19981594,2026-10-30,JKT01,ACTIVE
7964,6030,Savings,36941792,2027-11-04,MDN01,ACTIVE
7965,5985,Savings,115024403,2027-09-03,JKT01,ACTIVE
7966,933,Time Deposit,424968933,2026-04-20,JKT02,ACTIVE
7967,4393,Savings,23491855,2028-03-02,SMG01,ACTIVE
7968,9913,Savings,116299933,2027-05-07,MDN01,ACTIVE
7969,6285,Savings,169392604,2028-03-24,SBY01,ACTIVE
7970,9807,Time Deposit,1144916416,2026-12-29,SBY01,ACTIVE
7971,3599,Savings,84179338,2026-08-26,MDN01,ACTIVE
7972,8446,Savings,45423948,2028-02-19,BDG01,ACTIVE
7973,7061,Time Deposit,579768918,2026-05-20,YGY01,ACTIVE
7974,1995,Time Deposit,137823401,2026-05-09,MDN01,ACTIVE
7975,4429,Savings,7729288,2026-05-05,YGY01,ACTIVE
7976,5661,Savings,28899413,2028-01-03,MDN01,ACTIVE
7977,4231,Savings,8198822,2026-09-06,JKT01,ACTIVE
7978,1337,Time Deposit,472572395,2026-06-06,BDG01,ACTIVE
7979,6765,Savings,90521234,2028-01-13,MDN01,ACTIVE
7980,3788,Savings,10558264,2027-08-21,YGY01,ACTIVE
7981,2942,Savings,97971292,2026-12-13,YGY01,ACTIVE
7982,3546,Savings,36806693,2027-06-23,MDN01,ACTIVE
7983,856,Savings,11208767,2026-06-30,SBY01,ACTIVE
7984,6518,Time Deposit,787277215,2026-05-05,BDG01,ACTIVE
7985,3506,Savings,26571509,2026-10-15,SMG01,ACTIVE
7986,3773,Savings,188524416,2026-12-27,BDG01,ACTIVE
7987,8734,Savings,94369309,2027-01-03,BDG01,ACTIVE
7988,3507,Savings,76830651,2027-12-20,MDN01,ACTIVE
7989,4500,Savings,79171402,2027-05-26,BDG01,ACTIVE
7990,803,Time Deposit,1003894825,2026-07-14,YGY01,ACTIVE
7991,9281,Time Deposit,354901900,2026-04-28,JKT01,ACTIVE
7992,1241,Savings,56456899,2028-02-16,SBY01,ACTIVE
7993,5503,Time Deposit,1628974164,2026-10-15,MDN01,ACTIVE
7994,5668,Savings,27903776,2028-01-30,YGY01,ACTIVE
7995,5346,Time Deposit,1040606127,2026-07-15,SMG01,ACTIVE
7996,4365,Savings,60967451,2026-10-19,SMG01,ACTIVE
7997,5175,Time Deposit,1213578586,2026-04-23,SBY01,ACTIVE
7998,593,Savings,4386553,2027-05-16,BDG01,ACTIVE
7999,5096,Savings,15351556,2027-04-14,YGY01,ACTIVE
8000,430,Savings,111934112,2028-01-10,YGY01,ACTIVE
8001,4898,Savings,138772333,2028-03-04,JKT01,ACTIVE
8002,2837,Savings,27173073,2027-11-18,BDG01,ACTIVE
8003,6471,Savings,32376058,2026-07-24,SMG01,ACTIVE
8004,1008,Time Deposit,1114145795,2026-06-01,SMG01,ACTIVE
8005,2724,Savings,14366452,2027-01-29,MDN01,ACTIVE
8006,8063,Savings,87626780,2026-07-02,JKT02,ACTIVE
8007,6812,Savings,15752233,2026-10-10,YGY01,ACTIVE
8008,5120,Time Deposit,673913937,2027-03-13,YGY01,ACTIVE
8009,9454,Savings,11119124,2027-12-30,JKT01,ACTIVE
8010,9444,Time Deposit,485606009,2026-09-27,YGY01,ACTIVE
8011,9718,Savings,63091203,2027-05-30,JKT01,ACTIVE
8012,4840,Savings,19239982,2027-06-12,MDN01,ACTIVE
8013,6750,Savings,9778734,2028-01-17,YGY01,ACTIVE
8014,4598,Savings,148451035,2027-06-13,SBY01,ACTIVE
8015,1537,Time Deposit,230103100,2026-08-21,SBY01,ACTIVE
8016,7443,Savings,34593045,2026-11-06,JKT02,ACTIVE
8017,4666,Savings,12138879,2026-08-17,BDG01,ACTIVE
8018,6177,Savings,54719076,2026-04-27,JKT02,ACTIVE
8019,60,Savings,61078861,2027-04-01,BDG01,ACTIVE
8020,7514,Time Deposit,1153201474,2026-10-10,SMG01,ACTIVE
8021,660,Savings,134841979,2027-06-16,JKT02,ACTIVE
8022,438,Time Deposit,930118298,2027-01-17,SBY01,ACTIVE
8023,642,Savings,25836325,2028-03-05,MDN01,ACTIVE
8024,9422,Savings,80551571,2026-05-09,SBY01,ACTIVE
8025,309,Time Deposit,328211579,2027-02-25,BDG01,ACTIVE
8026,2781,Savings,10702239,2026-06-08,MDN01,ACTIVE
8027,2386,Savings,34134074,2027-03-29,JKT02,ACTIVE
8028,6483,Savings,10428493,2027-06-05,BDG01,ACTIVE
8029,8222,Time Deposit,1149183720,2026-07-16,YGY01,ACTIVE
8030,3996,Savings,181205481,2028-01-03,YGY01,ACTIVE
8031,9204,Savings,12847729,2027-11-04,YGY01,ACTIVE
8032,2781,Time Deposit,668451285,2026-08-27,JKT02,ACTIVE
8033,7790,Savings,17196757,2027-05-02,MDN01,ACTIVE
8034,4509,Savings,16846119,2027-12-12,JKT02,ACTIVE
8035,8384,Time Deposit,1205579290,2026-05-05,YGY01,ACTIVE
8036,3960,Savings,7660970,2028-01-21,SMG01,ACTIVE
8037,7155,Time Deposit,1049750154,2027-01-24,SMG01,ACTIVE
8038,2588,Savings,93338843,2027-04-24,SMG01,ACTIVE
8039,6897,Time Deposit,1194334483,2027-02-16,SMG01,ACTIVE
8040,3235,Savings,21860623,2027-04-09,MDN01,ACTIVE
8041,8275,Savings,20788951,2027-07-14,YGY01,ACTIVE
8042,5280,Time Deposit,91608424,2026-11-15,YGY01,ACTIVE
8043,4435,Savings,111059093,2027-12-31,YGY01,ACTIVE
8044,1231,Savings,10661536,2026-11-17,JKT01,ACTIVE
8045,6628,Savings,31764800,2027-10-20,BDG01,ACTIVE
8046,9232,Time Deposit,884158730,2027-03-01,YGY01,ACTIVE
8047,6911,Time Deposit,1015770847,2027-01-21,SMG01,ACTIVE
8048,693,Savings,46947985,2027-10-28,BDG01,ACTIVE
8049,7292,Savings,49016218,2027-10-17,YGY01,ACTIVE
8050,2644,Savings,73650248,2026-06-17,BDG01,ACTIVE
8051,8418,Time Deposit,904980742,2026-09-11,YGY01,ACTIVE
8052,1440,Time Deposit,756118678,2027-02-26,SBY01,ACTIVE
8053,3967,Savings,71917687,2026-07-01,SMG01,ACTIVE
8054,9996,Time Deposit,1954951710,2027-03-19,BDG01,ACTIVE
8055,4929,Time Deposit,283025020,2026-07-05,JKT02,ACTIVE
8056,2863,Savings,30480775,2028-02-19,JKT02,ACTIVE
8057,3039,Savings,15904977,2026-11-27,JKT02,ACTIVE
8058,1354,Savings,90893900,2026-06-03,YGY01,ACTIVE
8059,3072,Savings,33704082,2028-02-11,SMG01,ACTIVE
8060,4944,Time Deposit,442077086,2026-09-26,JKT01,ACTIVE
8061,2468,Savings,108104239,2027-03-21,MDN01,ACTIVE
8062,7147,Time Deposit,177652096,2026-04-28,SMG01,ACTIVE
8063,3085,Time Deposit,973943908,2026-06-27,YGY01,ACTIVE
8064,3724,Savings,8950898,2027-12-18,SMG01,ACTIVE
8065,5348,Savings,33822881,2028-03-24,JKT02,ACTIVE
8066,8010,Savings,5062500,2026-08-17,BDG01,ACTIVE
8067,9635,Savings,4087022,2027-07-27,BDG01,ACTIVE
8068,5348,Time Deposit,552710500,2026-06-12,YGY01,ACTIVE
8069,3078,Savings,176431856,2027-05-15,SMG01,ACTIVE
8070,3801,Savings,22661830,2026-05-20,SBY01,ACTIVE
8071,5904,Savings,33239914,2026-12-30,JKT01,ACTIVE
8072,6558,Savings,40471745,2027-10-23,SBY01,ACTIVE
8073,8263,Time Deposit,1427814963,2027-02-08,JKT02,ACTIVE
8074,9301,Savings,19688342,2026-05-25,JKT01,ACTIVE
8075,7984,Time Deposit,219291781,2026-12-06,MDN01,ACTIVE
8076,2319,Savings,11107881,2027-02-14,MDN01,ACTIVE
8077,1641,Time Deposit,441077098,2026-06-28,MDN01,ACTIVE
8078,3174,Time Deposit,643366522,2026-04-19,JKT01,ACTIVE
8079,7751,Savings,25966585,2026-07-16,MDN01,ACTIVE
8080,601,Time Deposit,111289763,2026-09-17,MDN01,ACTIVE
8081,3364,Savings,24466077,2027-12-17,JKT01,ACTIVE
8082,2640,Savings,17898859,2027-10-06,JKT02,ACTIVE
8083,4535,Savings,129755672,2026-08-14,BDG01,ACTIVE
8084,2174,Savings,13477735,2026-06-25,JKT02,ACTIVE
8085,2122,Savings,16421559,2027-07-14,JKT01,ACTIVE
8086,7065,Time Deposit,865985810,2026-10-25,MDN01,ACTIVE
8087,1766,Time Deposit,351251815,2026-05-12,SMG01,ACTIVE
8088,136,Savings,20357200,2028-03-13,YGY01,ACTIVE
8089,2277,Savings,12079548,2027-03-13,YGY01,ACTIVE
8090,5919,Time Deposit,746279778,2026-12-23,SMG01,ACTIVE
8091,2446,Savings,34196866,2028-03-08,SMG01,ACTIVE
8092,2020,Time Deposit,1439332401,2026-07-05,YGY01,ACTIVE
8093,6516,Savings,37510170,2027-01-19,SMG01,ACTIVE
8094,4813,Savings,48280652,2027-06-15,MDN01,ACTIVE
8095,4854,Time Deposit,890130159,2026-07-04,MDN01,ACTIVE
8096,3057,Time Deposit,718322262,2026-10-18,BDG01,ACTIVE
8097,8431,Time Deposit,1198856158,2026-09-04,YGY01,ACTIVE
8098,4136,Savings,83053513,2026-11-28,BDG01,ACTIVE
8099,1705,Time Deposit,670184856,2026-07-09,JKT01,ACTIVE
8100,1834,Savings,6375218,2026-09-06,JKT02,ACTIVE
8101,5025,Time Deposit,1664008448,2027-02-16,SMG01,ACTIVE
8102,6836,Savings,32661567,2027-09-04,BDG01,ACTIVE
8103,4462,Savings,12043081,2027-03-25,JKT02,ACTIVE
8104,6986,Time Deposit,1169406903,2027-01-12,SBY01,ACTIVE
8105,1831,Savings,28819425,2027-08-15,SBY01,ACTIVE
8106,9846,Time Deposit,268173827,2026-09-05,SMG01,ACTIVE
8107,7454,Savings,14673041,2027-06-23,JKT02,ACTIVE
8108,4258,Time Deposit,621208722,2026-08-09,SMG01,ACTIVE
8109,1637,Savings,33236384,2026-10-27,JKT02,ACTIVE
8110,4322,Time Deposit,710085080,2026-11-25,SBY01,ACTIVE
8111,9385,Savings,85422642,2027-08-20,SMG01,ACTIVE
8112,7189,Savings,80557232,2027-10-20,SBY01,ACTIVE
8113,9936,Savings,165345540,2027-02-27,SMG01,ACTIVE
8114,1631,Savings,75407897,2027-09-27,SMG01,ACTIVE
8115,8060,Savings,122977713,2026-09-27,SMG01,ACTIVE
8116,5229,Savings,65073142,2027-09-19,SBY01,ACTIVE
8117,7886,Time Deposit,857054379,2026-04-29,SMG01,ACTIVE
8118,8709,Time Deposit,1220756857,2027-03-02,SMG01,ACTIVE
8119,3776,Savings,42421297,2027-01-09,BDG01,ACTIVE
8120,395,Savings,105187799,2027-02-20,SBY01,ACTIVE
8121,3494,Savings,22573130,2026-10-17,MDN01,ACTIVE
8122,268,Savings,74919937,2027-05-09,YGY01,ACTIVE
8123,2183,Savings,17207710,2026-11-20,SBY01,ACTIVE
8124,838,Savings,112300681,2027-05-04,SBY01,ACTIVE
8125,3068,Savings,107328404,2026-07-16,MDN01,ACTIVE
8126,4817,Savings,221442455,2027-10-21,SMG01,ACTIVE
8127,4913,Savings,155793607,2027-08-02,YGY01,ACTIVE
8128,566,Savings,11130626,2028-01-14,JKT02,ACTIVE
8129,507,Time Deposit,615256895,2026-11-28,BDG01,ACTIVE
8130,8896,Time Deposit,1012562759,2026-12-09,BDG01,ACTIVE
8131,7862,Savings,25082103,2026-05-17,MDN01,ACTIVE
8132,7563,Savings,15154737,2027-05-22,JKT01,ACTIVE
8133,2009,Time Deposit,248658295,2026-08-12,SMG01,ACTIVE
8134,3227,Savings,30099808,2027-05-11,JKT01,ACTIVE
8135,2022,Savings,27067127,2027-07-31,YGY01,ACTIVE
8136,1592,Savings,120115546,2027-02-20,JKT01,ACTIVE
8137,5711,Savings,214762160,2027-11-05,MDN01,ACTIVE
8138,151,Savings,23951976,2026-12-22,SBY01,ACTIVE
8139,541,Savings,36290638,2027-12-05,MDN01,ACTIVE
8140,7783,Savings,23723758,2026-05-16,YGY01,ACTIVE
8141,6264,Savings,36969632,2027-01-30,YGY01,ACTIVE
8142,9217,Savings,100883273,2027-01-19,JKT01,ACTIVE
8143,5554,Time Deposit,569203416,2027-02-20,YGY01,ACTIVE
8144,4761,Savings,34019449,2026-08-24,SMG01,ACTIVE
8145,3606,Time Deposit,666045685,2027-01-02,JKT02,ACTIVE
8146,9070,Savings,108910933,2027-01-24,MDN01,ACTIVE
8147,7781,Time Deposit,392848392,2026-05-20,JKT02,ACTIVE
8148,1992,Savings,34849255,2027-07-26,JKT02,ACTIVE
8149,9889,Savings,38050553,2028-03-13,MDN01,ACTIVE
8150,6200,Savings,12357051,2026-09-14,JKT02,ACTIVE
8151,2223,Time Deposit,179152973,2026-07-29,SBY01,ACTIVE
8152,2783,Savings,8119367,2026-12-31,SBY01,ACTIVE
8153,6590,Time Deposit,351307589,2026-05-17,JKT01,ACTIVE
8154,7690,Time Deposit,625871661,2027-03-04,JKT01,ACTIVE
8155,6973,Savings,9849808,2027-02-21,YGY01,ACTIVE
8156,8668,Savings,44034793,2027-02-19,JKT02,ACTIVE
8157,7245,Savings,37050295,2027-10-02,BDG01,ACTIVE
8158,6650,Savings,21718704,2027-01-17,BDG01,ACTIVE
8159,1338,Time Deposit,761197607,2026-06-20,YGY01,ACTIVE
8160,8861,Time Deposit,571849373,2026-08-21,SMG01,ACTIVE
8161,1098,Time Deposit,1526798909,2026-09-18,SMG01,ACTIVE
8162,6246,Savings,113897622,2027-06-05,BDG01,ACTIVE
8163,9876,Time Deposit,1379063818,2026-10-29,JKT02,ACTIVE
8164,4235,Time Deposit,487731593,2026-07-23,SMG01,ACTIVE
8165,3454,Time Deposit,794888821,2026-06-25,JKT01,ACTIVE
8166,5494,Time Deposit,249825926,2026-11-12,JKT02,ACTIVE
8167,9294,Savings,8552530,2027-07-24,JKT01,ACTIVE
8168,4917,Savings,32713819,2026-10-09,JKT01,ACTIVE
8169,4415,Savings,31798788,2026-08-02,BDG01,ACTIVE
8170,3544,Savings,27099418,2026-07-23,BDG01,ACTIVE
8171,5331,Savings,36917159,2026-11-22,JKT02,ACTIVE
8172,513,Time Deposit,1634418859,2027-02-17,SBY01,ACTIVE
8173,4983,Savings,4032774,2026-05-31,SBY01,ACTIVE
8174,1550,Savings,162693684,2026-11-10,MDN01,ACTIVE
8175,9477,Time Deposit,359370680,2026-05-09,MDN01,ACTIVE
8176,6768,Savings,187192842,2027-12-04,JKT02,ACTIVE
8177,7953,Time Deposit,1069914909,2026-07-08,YGY01,ACTIVE
8178,8673,Time Deposit,829492182,2027-03-12,MDN01,ACTIVE
8179,1674,Savings,24722477,2026-05-08,SMG01,ACTIVE
8180,7707,Time Deposit,661743048,2026-08-12,JKT01,ACTIVE
8181,9770,Savings,17537081,2026-09-21,YGY01,ACTIVE
8182,4755,Savings,28461215,2027-07-10,SMG01,ACTIVE
8183,7954,Savings,40674317,2026-09-25,SMG01,ACTIVE
8184,8443,Savings,16549861,2026-07-22,YGY01,ACTIVE
8185,2817,Savings,13263143,2028-01-29,BDG01,ACTIVE
8186,7912,Savings,14584870,2027-05-06,SBY01,ACTIVE
8187,9988,Time Deposit,99641155,2027-03-24,YGY01,ACTIVE
8188,8281,Time Deposit,912954895,2026-08-17,JKT01,ACTIVE
8189,8225,Savings,50337641,2026-10-09,SMG01,ACTIVE
8190,7045,Time Deposit,123501291,2026-10-21,JKT02,ACTIVE
8191,4159,Savings,10307423,2027-05-02,SBY01,ACTIVE
8192,520,Time Deposit,98641076,2026-11-17,BDG01,ACTIVE
8193,9646,Savings,64043449,2027-09-30,SBY01,ACTIVE
8194,2926,Savings,66910793,2026-10-24,BDG01,ACTIVE
8195,9485,Savings,97156211,2027-12-13,MDN01,ACTIVE
8196,4441,Savings,232868157,2027-11-13,SBY01,ACTIVE
8197,3503,Savings,59881048,2027-08-20,SBY01,ACTIVE
8198,7935,Savings,26509571,2026-07-29,JKT02,ACTIVE
8199,1922,Savings,158988377,2027-03-23,JKT02,ACTIVE
8200,6145,Savings,13662285,2026-12-01,MDN01,ACTIVE
8201,9642,Savings,128558587,2026-08-20,MDN01,ACTIVE
8202,5926,Time Deposit,1097208470,2027-02-24,JKT01,ACTIVE
8203,7839,Time Deposit,584016002,2026-10-15,JKT01,ACTIVE
8204,8006,Time Deposit,1186266922,2026-04-29,SBY01,ACTIVE
8205,7672,Savings,18025688,2027-07-26,JKT02,ACTIVE
8206,2312,Time Deposit,331125107,2026-12-21,BDG01,ACTIVE
8207,1102,Savings,99858348,2027-12-25,MDN01,ACTIVE
8208,1392,Savings,82818331,2028-03-17,YGY01,ACTIVE
8209,7923,Savings,6299260,2027-01-25,BDG01,ACTIVE
8210,4939,Time Deposit,1567198253,2027-01-03,BDG01,ACTIVE
8211,7111,Savings,88449789,2027-11-29,JKT01,ACTIVE
8212,5761,Time Deposit,711711417,2026-09-11,JKT02,ACTIVE
8213,4724,Savings,17802992,2026-06-07,YGY01,ACTIVE
8214,5304,Savings,105611524,2026-11-17,MDN01,ACTIVE
8215,3280,Savings,9130409,2027-03-30,BDG01,ACTIVE
8216,1576,Time Deposit,254843568,2026-11-01,JKT02,ACTIVE
8217,1417,Savings,161577954,2027-02-08,JKT02,ACTIVE
8218,6254,Savings,23459412,2028-02-09,JKT02,ACTIVE
8219,2469,Time Deposit,127472147,2026-10-08,MDN01,ACTIVE
8220,262,Savings,85345074,2026-05-26,SBY01,ACTIVE
8221,4478,Time Deposit,468688022,2027-03-25,YGY01,ACTIVE
8222,617,Time Deposit,260682842,2027-01-12,MDN01,ACTIVE
8223,7004,Time Deposit,1755062697,2026-10-05,YGY01,ACTIVE
8224,266,Savings,10025224,2027-12-15,JKT01,ACTIVE
8225,2491,Savings,21474827,2027-05-10,JKT02,ACTIVE
8226,1905,Savings,127039343,2026-12-23,JKT01,ACTIVE
8227,6515,Savings,10914997,2027-01-02,SMG01,ACTIVE
8228,5340,Savings,25855940,2026-05-15,SBY01,ACTIVE
8229,3283,Time Deposit,548244975,2026-08-06,YGY01,ACTIVE
8230,6763,Time Deposit,963580787,2026-09-11,JKT02,ACTIVE
8231,1829,Savings,5850340,2027-02-03,JKT02,ACTIVE
8232,5649,Savings,7108758,2027-12-21,JKT02,ACTIVE
8233,5752,Savings,33534639,2027-07-18,BDG01,ACTIVE
8234,1605,Time Deposit,1073874139,2027-02-03,SBY01,ACTIVE
8235,822,Savings,42466472,2027-05-03,MDN01,ACTIVE
8236,8780,Savings,52242747,2027-11-06,SBY01,ACTIVE
8237,128,Time Deposit,1448695479,2026-12-20,JKT02,ACTIVE
8238,4182,Savings,27400516,2027-04-21,SMG01,ACTIVE
8239,2814,Savings,210446426,2027-07-12,JKT01,ACTIVE
8240,2398,Time Deposit,621390244,2026-05-03,SMG01,ACTIVE
8241,9588,Time Deposit,1733546991,2026-08-25,MDN01,ACTIVE
8242,2855,Savings,23546933,2028-03-06,SMG01,ACTIVE
8243,2755,Time Deposit,717375121,2026-07-18,SMG01,ACTIVE
8244,3475,Time Deposit,729305036,2027-03-19,SMG01,ACTIVE
8245,8271,Savings,42664618,2027-03-28,YGY01,ACTIVE
8246,6282,Savings,64715756,2027-09-01,SBY01,ACTIVE
8247,4883,Time Deposit,296576041,2026-09-22,JKT01,ACTIVE
8248,6500,Savings,101026367,2027-03-12,JKT02,ACTIVE
8249,7766,Time Deposit,767617687,2026-07-13,MDN01,ACTIVE
8250,8817,Time Deposit,1212672192,2027-03-18,JKT01,ACTIVE
8251,3376,Savings,191957565,2027-04-01,JKT02,ACTIVE
8252,532,Savings,138610713,2027-09-06,JKT01,ACTIVE
8253,1198,Time Deposit,728836803,2026-07-06,JKT02,ACTIVE
8254,7264,Time Deposit,1465251016,2026-07-06,JKT01,ACTIVE
8255,5463,Savings,65550110,2026-06-02,JKT02,ACTIVE
8256,81,Savings,9310969,2026-10-17,MDN01,ACTIVE
8257,8332,Time Deposit,1051647890,2026-12-25,JKT01,ACTIVE
8258,6011,Savings,59966543,2026-06-08,SBY01,ACTIVE
8259,9438,Savings,51538216,2026-12-19,SMG01,ACTIVE
8260,1244,Savings,42240722,2026-05-06,MDN01,ACTIVE
8261,9354,Savings,43070322,2027-10-23,MDN01,ACTIVE
8262,1344,Savings,3953152,2026-12-29,YGY01,ACTIVE
8263,6109,Time Deposit,668564766,2026-04-14,JKT02,ACTIVE
8264,2862,Time Deposit,287673814,2026-06-12,JKT01,ACTIVE
8265,3720,Savings,16739021,2027-08-29,SBY01,ACTIVE
8266,7981,Savings,8808750,2027-07-29,JKT02,ACTIVE
8267,1699,Savings,80555765,2026-06-11,MDN01,ACTIVE
8268,6193,Savings,54439474,2026-05-10,YGY01,ACTIVE
8269,9206,Time Deposit,853331592,2027-01-01,BDG01,ACTIVE
8270,5087,Time Deposit,921969084,2026-08-07,SMG01,ACTIVE
8271,2650,Time Deposit,737627143,2026-06-03,SMG01,ACTIVE
8272,2540,Savings,13125687,2027-12-20,SMG01,ACTIVE
8273,2394,Time Deposit,1052033293,2026-12-25,JKT02,ACTIVE
8274,7971,Savings,9493260,2027-07-05,YGY01,ACTIVE
8275,3708,Savings,28596331,2027-06-15,BDG01,ACTIVE
8276,6092,Savings,49564179,2026-09-29,YGY01,ACTIVE
8277,8168,Time Deposit,1087396005,2026-05-10,JKT02,ACTIVE
8278,8288,Time Deposit,1926922377,2027-02-02,MDN01,ACTIVE
8279,2471,Time Deposit,729850813,2026-10-17,YGY01,ACTIVE
8280,8251,Time Deposit,472945593,2026-08-21,YGY01,ACTIVE
8281,1076,Time Deposit,525403645,2026-12-24,SMG01,ACTIVE
8282,7657,Savings,115205967,2026-11-24,JKT01,ACTIVE
8283,2485,Savings,22559749,2027-04-12,YGY01,ACTIVE
8284,5492,Time Deposit,432016122,2026-06-14,SMG01,ACTIVE
8285,1374,Time Deposit,692833638,2026-06-22,SMG01,ACTIVE
8286,2756,Time Deposit,1741991100,2027-02-17,JKT02,ACTIVE
8287,397,Time Deposit,767771203,2026-06-30,YGY01,ACTIVE
8288,619,Savings,121825473,2026-08-07,BDG01,ACTIVE
8289,8957,Time Deposit,1092866508,2026-04-18,JKT01,ACTIVE
8290,164,Time Deposit,1041893217,2026-05-21,JKT01,ACTIVE
8291,6767,Savings,17105737,2027-05-24,BDG01,ACTIVE
8292,445,Savings,129652386,2027-08-15,BDG01,ACTIVE
8293,9177,Time Deposit,341490576,2027-02-06,BDG01,ACTIVE
8294,1301,Time Deposit,490608731,2026-12-07,BDG01,ACTIVE
8295,7852,Savings,25807436,2026-06-06,JKT01,ACTIVE
8296,2136,Time Deposit,1520501457,2026-08-23,YGY01,ACTIVE
8297,6378,Savings,143287511,2027-02-12,MDN01,ACTIVE
8298,9131,Savings,27510956,2028-03-21,SBY01,ACTIVE
8299,2414,Savings,31422607,2027-09-11,JKT02,ACTIVE
8300,2728,Savings,31217834,2027-04-03,BDG01,ACTIVE
8301,2751,Time Deposit,411045480,2026-07-21,SBY01,ACTIVE
8302,4899,Time Deposit,1241844792,2026-10-10,BDG01,ACTIVE
8303,6608,Time Deposit,891641376,2026-10-11,MDN01,ACTIVE
8304,8446,Savings,124781958,2027-04-10,SMG01,ACTIVE
8305,4332,Savings,12024533,2027-03-02,SMG01,ACTIVE
8306,9402,Time Deposit,1095275174,2026-04-14,JKT01,ACTIVE
8307,3911,Savings,16284002,2026-10-12,JKT02,ACTIVE
8308,3682,Savings,85025798,2027-01-21,YGY01,ACTIVE
8309,4078,Time Deposit,204828482,2026-11-29,SBY01,ACTIVE
8310,84,Time Deposit,1141524001,2026-09-02,MDN01,ACTIVE
8311,3671,Savings,15001129,2027-07-26,MDN01,ACTIVE
8312,5255,Time Deposit,273203683,2027-01-10,BDG01,ACTIVE
8313,6562,Savings,80853637,2026-07-20,YGY01,ACTIVE
8314,3933,Savings,19660638,2027-08-08,SBY01,ACTIVE
8315,2429,Savings,13531502,2026-07-31,JKT02,ACTIVE
8316,283,Savings,8835891,2026-06-07,SMG01,ACTIVE
8317,2285,Savings,32218996,2028-01-17,SMG01,ACTIVE
8318,2712,Savings,5097066,2027-08-24,JKT02,ACTIVE
8319,4783,Savings,200247272,2027-11-09,MDN01,ACTIVE
8320,9154,Savings,11565575,2026-11-02,JKT01,ACTIVE
8321,9092,Savings,3971144,2027-11-07,YGY01,ACTIVE
8322,1516,Time Deposit,333146227,2026-10-04,SMG01,ACTIVE
8323,2429,Time Deposit,389329289,2026-12-20,SBY01,ACTIVE
8324,3208,Savings,10932930,2028-01-27,JKT01,ACTIVE
8325,660,Time Deposit,585024270,2027-01-02,JKT01,ACTIVE
8326,1490,Time Deposit,815366414,2026-11-05,JKT01,ACTIVE
8327,2306,Time Deposit,958149531,2027-03-23,SMG01,ACTIVE
8328,7045,Savings,2952040,2028-02-19,MDN01,ACTIVE
8329,274,Savings,11034661,2027-05-10,SBY01,ACTIVE
8330,5442,Savings,76385968,2027-11-18,SMG01,ACTIVE
8331,3017,Savings,21024944,2027-11-30,JKT01,ACTIVE
8332,1797,Time Deposit,1569630403,2026-05-04,JKT02,ACTIVE
8333,3688,Savings,24465910,2027-05-03,SBY01,ACTIVE
8334,7833,Savings,61785203,2026-07-20,SMG01,ACTIVE
8335,3466,Savings,132742171,2027-05-26,MDN01,ACTIVE
8336,958,Time Deposit,874382315,2026-12-16,JKT01,ACTIVE
8337,9500,Time Deposit,548021622,2026-09-12,SBY01,ACTIVE
8338,5769,Savings,11584115,2026-12-13,JKT01,ACTIVE
8339,9758,Savings,43947027,2026-09-11,JKT02,ACTIVE
8340,1080,Time Deposit,185933852,2026-11-29,BDG01,ACTIVE
8341,9094,Savings,94403089,2026-09-10,MDN01,ACTIVE
8342,8839,Savings,80099453,2026-08-08,JKT02,ACTIVE
8343,9713,Savings,43065901,2026-05-18,BDG01,ACTIVE
8344,5848,Time Deposit,170755617,2026-11-25,SMG01,ACTIVE
8345,9412,Savings,35417501,2028-02-23,BDG01,ACTIVE
8346,4996,Savings,36351279,2027-03-13,BDG01,ACTIVE
8347,3727,Savings,18438807,2026-12-21,JKT02,ACTIVE
8348,3862,Savings,39101455,2026-07-25,JKT01,ACTIVE
8349,9314,Savings,37950771,2027-05-18,JKT02,ACTIVE
8350,87,Savings,106589153,2026-11-24,JKT02,ACTIVE
8351,6546,Savings,192020200,2027-09-20,SMG01,ACTIVE
8352,403,Savings,18825044,2027-05-17,SBY01,ACTIVE
8353,5780,Savings,99632670,2027-12-27,YGY01,ACTIVE
8354,6911,Time Deposit,351989428,2026-06-21,JKT02,ACTIVE
8355,1396,Time Deposit,548244119,2026-06-29,MDN01,ACTIVE
8356,7873,Time Deposit,1894341423,2027-03-02,SMG01,ACTIVE
8357,5970,Savings,5310545,2026-12-12,BDG01,ACTIVE
8358,9285,Savings,5741838,2028-02-23,SMG01,ACTIVE
8359,9514,Time Deposit,662380734,2026-12-13,JKT02,ACTIVE
8360,5951,Savings,105001553,2028-03-12,SBY01,ACTIVE
8361,2495,Time Deposit,1315377527,2026-07-17,YGY01,ACTIVE
8362,7822,Savings,27433815,2026-11-11,SBY01,ACTIVE
8363,5769,Time Deposit,508553599,2027-02-24,BDG01,ACTIVE
8364,3665,Savings,11962883,2026-07-02,SBY01,ACTIVE
8365,2187,Savings,20234747,2027-06-26,SMG01,ACTIVE
8366,4099,Savings,78648968,2027-06-25,MDN01,ACTIVE
8367,6675,Savings,108615313,2026-11-03,YGY01,ACTIVE
8368,5718,Time Deposit,605175990,2026-11-20,SBY01,ACTIVE
8369,3716,Time Deposit,1169251112,2026-07-14,YGY01,ACTIVE
8370,5024,Time Deposit,725100554,2026-07-17,YGY01,ACTIVE
8371,170,Savings,21920512,2026-12-15,MDN01,ACTIVE
8372,9479,Time Deposit,573101062,2026-06-08,JKT01,ACTIVE
8373,7835,Time Deposit,952392825,2026-12-03,SMG01,ACTIVE
8374,1132,Savings,29310256,2027-10-19,MDN01,ACTIVE
8375,8528,Savings,31367933,2026-09-17,BDG01,ACTIVE
8376,6816,Time Deposit,638349364,2026-10-30,MDN01,ACTIVE
8377,2010,Time Deposit,430351607,2026-10-16,MDN01,ACTIVE
8378,1490,Time Deposit,525419250,2026-07-05,JKT02,ACTIVE
8379,5032,Savings,34367151,2026-09-21,SMG01,ACTIVE
8380,7693,Time Deposit,1408276229,2026-08-10,YGY01,ACTIVE
8381,2181,Time Deposit,875045195,2026-12-22,SBY01,ACTIVE
8382,4584,Savings,135020022,2027-08-28,MDN01,ACTIVE
8383,4956,Time Deposit,1476495835,2026-07-19,JKT02,ACTIVE
8384,7560,Savings,7791367,2027-05-19,MDN01,ACTIVE
8385,4789,Time Deposit,572111910,2026-12-04,SBY01,ACTIVE
8386,6071,Time Deposit,420453446,2026-05-12,MDN01,ACTIVE
8387,101,Savings,73325906,2027-02-13,JKT01,ACTIVE
8388,2900,Time Deposit,317373108,2026-06-11,MDN01,ACTIVE
8389,4389,Time Deposit,350617562,2026-12-11,JKT02,ACTIVE
8390,6055,Time Deposit,499735232,2026-07-03,MDN01,ACTIVE
8391,7147,Time Deposit,501899436,2026-12-23,YGY01,ACTIVE
8392,9945,Savings,15182411,2026-05-08,BDG01,ACTIVE
8393,6853,Time Deposit,493325650,2027-01-16,JKT02,ACTIVE
8394,250,Savings,113673677,2027-01-16,SBY01,ACTIVE
8395,7400,Savings,23008823,2026-06-10,SBY01,ACTIVE
8396,775,Time Deposit,849082847,2027-01-17,JKT02,ACTIVE
8397,6760,Savings,89072870,2026-10-23,SMG01,ACTIVE
8398,1505,Savings,13710681,2027-11-18,YGY01,ACTIVE
8399,8393,Time Deposit,178771651,2026-04-27,YGY01,ACTIVE
8400,2580,Savings,27935340,2027-11-15,BDG01,ACTIVE
8401,5953,Time Deposit,530879863,2026-12-28,BDG01,ACTIVE
8402,345,Savings,75852026,2027-12-24,JKT01,ACTIVE
8403,7483,Time Deposit,671485833,2026-08-31,YGY01,ACTIVE
8404,8216,Time Deposit,740492105,2026-05-13,MDN01,ACTIVE
8405,1750,Savings,176912181,2027-12-05,SMG01,ACTIVE
8406,4607,Savings,111081679,2026-08-07,BDG01,ACTIVE
8407,8827,Savings,57478567,2026-07-06,BDG01,ACTIVE
8408,9908,Time Deposit,1065327100,2026-09-12,MDN01,ACTIVE
8409,6367,Time Deposit,1625860057,2026-06-20,YGY01,ACTIVE
8410,210,Savings,127520928,2027-11-11,JKT01,ACTIVE
8411,8173,Savings,17855583,2028-03-02,SMG01,ACTIVE
8412,5156,Savings,11298195,2028-02-28,YGY01,ACTIVE
8413,8742,Time Deposit,1159772748,2026-07-21,YGY01,ACTIVE
8414,3882,Savings,214276085,2026-06-18,JKT02,ACTIVE
8415,6508,Time Deposit,200179425,2027-02-12,YGY01,ACTIVE
8416,7602,Savings,9981508,2026-10-25,JKT01,ACTIVE
8417,414,Savings,7419849,2026-08-26,MDN01,ACTIVE
8418,9630,Time Deposit,1083821673,2027-02-05,BDG01,ACTIVE
8419,3614,Time Deposit,1434942829,2026-10-10,YGY01,ACTIVE
8420,1691,Time Deposit,150233416,2026-11-22,MDN01,ACTIVE
8421,1433,Savings,69937470,2027-02-17,JKT01,ACTIVE
8422,3805,Time Deposit,1271370538,2026-07-22,JKT01,ACTIVE
8423,8054,Savings,42387580,2026-09-07,SMG01,ACTIVE
8424,1450,Time Deposit,472714225,2026-12-17,BDG01,ACTIVE
8425,7959,Savings,23368982,2026-08-14,YGY01,ACTIVE
8426,3671,Time Deposit,363349273,2026-08-08,SMG01,ACTIVE
8427,3463,Savings,119267755,2026-12-03,SBY01,ACTIVE
8428,7933,Savings,42670504,2027-02-12,JKT01,ACTIVE
8429,802,Savings,29457401,2027-12-05,JKT02,ACTIVE
8430,5121,Savings,19617967,2026-10-31,YGY01,ACTIVE
8431,1579,Savings,25948275,2027-12-04,YGY01,ACTIVE
8432,1971,Time Deposit,395761627,2026-10-06,JKT02,ACTIVE
8433,6741,Savings,22018703,2027-01-05,JKT02,ACTIVE
8434,9011,Time Deposit,444436111,2026-06-07,MDN01,ACTIVE
8435,5743,Savings,144667443,2026-09-12,JKT01,ACTIVE
8436,4778,Time Deposit,427928795,2026-12-24,JKT02,ACTIVE
8437,2663,Time Deposit,905288059,2026-08-25,SBY01,ACTIVE
8438,1350,Savings,18458564,2027-12-19,JKT02,ACTIVE
8439,6806,Savings,30759077,2026-05-06,SBY01,ACTIVE
8440,2747,Time Deposit,677139222,2026-08-29,YGY01,ACTIVE
8441,7039,Savings,26017567,2027-06-19,SMG01,ACTIVE
8442,1177,Time Deposit,261089413,2027-01-24,SBY01,ACTIVE
8443,6894,Time Deposit,1748931837,2026-08-29,YGY01,ACTIVE
8444,3426,Time Deposit,1615426707,2027-01-14,BDG01,ACTIVE
8445,5592,Time Deposit,151498245,2026-10-07,SMG01,ACTIVE
8446,1353,Savings,26085506,2026-12-21,JKT01,ACTIVE
8447,1925,Savings,85092653,2028-01-22,MDN01,ACTIVE
8448,1343,Savings,7099952,2027-04-12,JKT02,ACTIVE
8449,2370,Time Deposit,1215446496,2026-11-10,YGY01,ACTIVE
8450,1017,Savings,117541769,2026-07-05,BDG01,ACTIVE
8451,7739,Time Deposit,1145197282,2027-01-28,JKT01,ACTIVE
8452,1295,Savings,78594836,2028-02-25,SBY01,ACTIVE
8453,9375,Savings,21414921,2026-10-20,JKT02,ACTIVE
8454,4675,Time Deposit,154931045,2026-08-29,BDG01,ACTIVE
8455,2051,Time Deposit,625345953,2026-04-22,BDG01,ACTIVE
8456,8933,Savings,29268926,2026-07-11,MDN01,ACTIVE
8457,3699,Time Deposit,435873396,2026-12-19,SBY01,ACTIVE
8458,6422,Savings,9753358,2027-10-31,YGY01,ACTIVE
8459,7885,Time Deposit,254171207,2026-12-14,JKT02,ACTIVE
8460,1371,Time Deposit,548882846,2026-05-11,SBY01,ACTIVE
8461,1290,Savings,22507570,2027-10-14,JKT02,ACTIVE
8462,2322,Time Deposit,514416034,2026-05-02,SMG01,ACTIVE
8463,9317,Time Deposit,1209148439,2026-08-01,JKT01,ACTIVE
8464,4917,Savings,13127674,2027-05-16,BDG01,ACTIVE
8465,6997,Time Deposit,201758472,2027-02-01,SBY01,ACTIVE
8466,7322,Time Deposit,637270273,2026-12-05,JKT02,ACTIVE
8467,8650,Savings,24968323,2026-12-21,SMG01,ACTIVE
8468,8723,Time Deposit,361721869,2026-08-11,JKT01,ACTIVE
8469,7096,Time Deposit,193171541,2027-02-28,YGY01,ACTIVE
8470,5807,Time Deposit,565111687,2026-09-10,SBY01,ACTIVE
8471,6307,Time Deposit,525140216,2026-10-09,YGY01,ACTIVE
8472,1198,Time Deposit,393493867,2026-11-20,SBY01,ACTIVE
8473,634,Time Deposit,1586059831,2026-05-20,SBY01,ACTIVE
8474,7353,Savings,49230949,2027-02-04,BDG01,ACTIVE
8475,6757,Time Deposit,755714501,2026-12-11,JKT01,ACTIVE
8476,9511,Time Deposit,963359889,2026-05-20,MDN01,ACTIVE
8477,1410,Savings,38103327,2027-11-11,MDN01,ACTIVE
8478,375,Savings,32952031,2028-01-26,BDG01,ACTIVE
8479,6487,Savings,14436419,2026-06-28,MDN01,ACTIVE
8480,4104,Time Deposit,420494279,2026-09-06,JKT02,ACTIVE
8481,3830,Savings,29989707,2026-10-23,SMG01,ACTIVE
8482,2033,Savings,224414851,2026-06-20,JKT02,ACTIVE
8483,1955,Time Deposit,918803383,2026-07-04,JKT02,ACTIVE
8484,9573,Savings,21727619,2027-06-18,SBY01,ACTIVE
8485,1480,Time Deposit,1623960144,2027-02-02,SMG01,ACTIVE
8486,3363,Time Deposit,559979700,2026-10-18,JKT02,ACTIVE
8487,5931,Time Deposit,562019624,2026-05-14,JKT02,ACTIVE
8488,616,Savings,19526005,2026-06-08,BDG01,ACTIVE
8489,7393,Savings,82628792,2027-11-16,JKT01,ACTIVE
8490,3014,Savings,227779619,2027-01-04,BDG01,ACTIVE
8491,4979,Savings,12357566,2027-05-21,JKT01,ACTIVE
8492,6453,Time Deposit,1432278849,2027-01-06,MDN01,ACTIVE
8493,9805,Time Deposit,1114725725,2027-01-16,YGY01,ACTIVE
8494,6192,Savings,31444278,2027-05-31,BDG01,ACTIVE
8495,6856,Time Deposit,1010953807,2026-07-13,JKT01,ACTIVE
8496,565,Time Deposit,697594286,2027-01-25,JKT02,ACTIVE
8497,6774,Savings,5476905,2027-10-18,YGY01,ACTIVE
8498,4712,Savings,67823876,2026-12-12,JKT01,ACTIVE
8499,8263,Savings,60573112,2026-06-18,JKT01,ACTIVE
8500,5719,Time Deposit,503706606,2026-06-05,YGY01,ACTIVE
8501,2804,Savings,172226799,2027-03-22,BDG01,ACTIVE
8502,5186,Savings,18271022,2027-05-08,SMG01,ACTIVE
8503,9320,Savings,13558300,2026-08-05,SBY01,ACTIVE
8504,1734,Time Deposit,876883384,2026-09-24,YGY01,ACTIVE
8505,8336,Savings,27111448,2026-10-10,BDG01,ACTIVE
8506,1010,Time Deposit,319299354,2026-09-25,SMG01,ACTIVE
8507,4842,Savings,40827386,2026-10-05,SMG01,ACTIVE
8508,8034,Savings,15016056,2028-03-06,SBY01,ACTIVE
8509,3555,Savings,127909795,2028-01-20,SBY01,ACTIVE
8510,2077,Time Deposit,561527814,2026-06-10,SMG01,ACTIVE
8511,4354,Savings,27627772,2027-07-11,SBY01,ACTIVE
8512,5430,Savings,4285759,2027-10-11,JKT01,ACTIVE
8513,9103,Time Deposit,985694451,2026-12-15,YGY01,ACTIVE
8514,5265,Time Deposit,481266517,2026-07-19,JKT01,ACTIVE
8515,7427,Savings,52130485,2027-02-28,MDN01,ACTIVE
8516,7902,Time Deposit,1660158760,2026-10-30,BDG01,ACTIVE
8517,3353,Time Deposit,365147677,2026-12-02,JKT02,ACTIVE
8518,3008,Savings,79171475,2027-12-08,JKT02,ACTIVE
8519,4270,Savings,11267939,2027-01-22,JKT02,ACTIVE
8520,9292,Savings,13086043,2026-11-11,SMG01,ACTIVE
8521,6214,Time Deposit,820783529,2026-08-22,YGY01,ACTIVE
8522,3044,Time Deposit,1204824175,2026-10-11,SBY01,ACTIVE
8523,8334,Savings,90783956,2026-11-26,BDG01,ACTIVE
8524,7550,Savings,9419157,2027-09-18,JKT02,ACTIVE
8525,7982,Time Deposit,1514318738,2026-04-28,BDG01,ACTIVE
8526,5965,Savings,26833044,2028-02-03,SMG01,ACTIVE
8527,9763,Savings,149610306,2027-06-13,JKT02,ACTIVE
8528,4470,Time Deposit,743984277,2026-07-13,BDG01,ACTIVE
8529,8291,Savings,188903349,2026-05-25,YGY01,ACTIVE
8530,17,Time Deposit,980499169,2027-01-25,SMG01,ACTIVE
8531,9504,Time Deposit,337971727,2026-10-17,JKT02,ACTIVE
8532,2848,Time Deposit,296874333,2027-02-03,SMG01,ACTIVE
8533,7808,Savings,83741708,2027-06-11,JKT02,ACTIVE
8534,3882,Time Deposit,990675592,2026-12-11,YGY01,ACTIVE
8535,6236,Savings,83391577,2027-04-16,JKT01,ACTIVE
8536,7479,Time Deposit,553036687,2026-11-12,JKT01,ACTIVE
8537,6249,Time Deposit,294946403,2026-11-16,SMG01,ACTIVE
8538,9910,Time Deposit,776165814,2026-11-29,SMG01,ACTIVE
8539,2119,Savings,56620505,2028-03-17,JKT02,ACTIVE
8540,3871,Savings,31318063,2026-05-27,SBY01,ACTIVE
8541,8283,Savings,16699653,2027-11-14,JKT02,ACTIVE
8542,8085,Time Deposit,1219229649,2027-01-10,BDG01,ACTIVE
8543,6765,Savings,61227024,2026-06-06,YGY01,ACTIVE
8544,4977,Savings,171680895,2027-12-21,YGY01,ACTIVE
8545,7674,Savings,35925091,2027-12-01,BDG01,ACTIVE
8546,7609,Time Deposit,1066103824,2027-01-22,MDN01,ACTIVE
8547,4186,Savings,100403176,2026-10-31,YGY01,ACTIVE
8548,7189,Time Deposit,1583143455,2026-09-10,YGY01,ACTIVE
8549,7225,Time Deposit,1111276858,2026-10-09,YGY01,ACTIVE
8550,1801,Savings,5848463,2028-01-25,JKT01,ACTIVE
8551,9040,Savings,30460072,2027-11-17,YGY01,ACTIVE
8552,9244,Savings,62052893,2027-06-07,SBY01,ACTIVE
8553,7310,Savings,38282538,2027-09-07,SBY01,ACTIVE
8554,8453,Time Deposit,528312977,2026-07-18,MDN01,ACTIVE
8555,1162,Savings,24384171,2027-12-18,YGY01,ACTIVE
8556,8688,Savings,36623565,2026-11-30,SBY01,ACTIVE
8557,3329,Savings,21378280,2028-02-01,MDN01,ACTIVE
8558,4131,Time Deposit,205701578,2027-02-12,BDG01,ACTIVE
8559,258,Time Deposit,480230217,2026-08-04,JKT02,ACTIVE
8560,1170,Savings,111946974,2028-02-27,MDN01,ACTIVE
8561,9497,Time Deposit,820083258,2026-09-11,BDG01,ACTIVE
8562,4027,Savings,26553094,2026-07-28,YGY01,ACTIVE
8563,6898,Savings,2894758,2027-06-24,JKT02,ACTIVE
8564,7458,Savings,22305130,2027-04-30,SMG01,ACTIVE
8565,5141,Savings,79760522,2027-03-28,SMG01,ACTIVE
8566,8178,Savings,23372152,2026-07-11,YGY01,ACTIVE
8567,1363,Savings,8213214,2028-02-26,BDG01,ACTIVE
8568,719,Savings,14886092,2026-05-31,BDG01,ACTIVE
8569,739,Time Deposit,1136669500,2027-02-10,JKT01,ACTIVE
8570,6400,Time Deposit,1365072851,2027-01-17,BDG01,ACTIVE
8571,6897,Savings,153781568,2027-02-04,JKT02,ACTIVE
8572,610,Savings,53408957,2027-04-04,JKT01,ACTIVE
8573,5070,Savings,43601661,2027-05-11,YGY01,ACTIVE
8574,2304,Time Deposit,415282345,2026-07-21,YGY01,ACTIVE
8575,321,Savings,88689159,2026-10-30,MDN01,ACTIVE
8576,9822,Time Deposit,776095859,2026-09-07,BDG01,ACTIVE
8577,796,Savings,13923937,2027-04-28,JKT01,ACTIVE
8578,3571,Time Deposit,875949081,2026-12-16,YGY01,ACTIVE
8579,911,Savings,101684763,2027-07-17,SBY01,ACTIVE
8580,3982,Savings,4308991,2026-05-30,BDG01,ACTIVE
8581,6071,Savings,158115366,2028-02-27,JKT02,ACTIVE
8582,1015,Savings,115024035,2027-01-27,SBY01,ACTIVE
8583,2782,Savings,12530978,2026-07-13,SMG01,ACTIVE
8584,3859,Savings,9426495,2026-09-16,JKT01,ACTIVE
8585,4670,Time Deposit,680377340,2026-05-18,MDN01,ACTIVE
8586,1828,Time Deposit,119165437,2027-02-26,YGY01,ACTIVE
8587,6274,Savings,47236580,2027-07-24,SMG01,ACTIVE
8588,679,Time Deposit,304694038,2027-03-14,JKT01,ACTIVE
8589,9389,Time Deposit,954151065,2026-12-15,MDN01,ACTIVE
8590,5341,Savings,10064115,2026-08-09,JKT01,ACTIVE
8591,5582,Time Deposit,802391816,2026-10-15,MDN01,ACTIVE
8592,5227,Time Deposit,1226565873,2027-03-06,JKT02,ACTIVE
8593,904,Time Deposit,562951071,2026-12-10,MDN01,ACTIVE
8594,4874,Savings,35363900,2026-11-20,MDN01,ACTIVE
8595,599,Savings,5114271,2027-12-28,JKT02,ACTIVE
8596,1429,Time Deposit,1290487475,2027-01-10,JKT01,ACTIVE
8597,1067,Savings,55236924,2026-09-24,JKT01,ACTIVE
8598,5267,Savings,192221206,2026-07-17,JKT02,ACTIVE
8599,5383,Savings,17880815,2027-04-28,JKT02,ACTIVE
8600,6699,Savings,8830901,2026-08-15,JKT02,ACTIVE
8601,7857,Savings,28543832,2026-10-04,BDG01,ACTIVE
8602,3177,Time Deposit,756959316,2026-09-03,MDN01,ACTIVE
8603,6847,Savings,54553059,2026-10-26,BDG01,ACTIVE
8604,8023,Savings,28546146,2026-10-17,SBY01,ACTIVE
8605,6178,Savings,10474704,2027-04-17,JKT02,ACTIVE
8606,4826,Savings,78185821,2027-02-24,JKT01,ACTIVE
8607,2684,Savings,25136386,2026-06-22,YGY01,ACTIVE
8608,3187,Savings,126157961,2028-02-14,JKT02,ACTIVE
8609,5610,Savings,20409390,2028-02-23,SBY01,ACTIVE
8610,7759,Time Deposit,852262488,2026-04-27,MDN01,ACTIVE
8611,1957,Savings,145204441,2027-09-22,SMG01,ACTIVE
8612,9374,Savings,72104489,2028-03-04,BDG01,ACTIVE
8613,9683,Savings,15740955,2027-03-14,YGY01,ACTIVE
8614,4616,Time Deposit,826274817,2026-06-20,SBY01,ACTIVE
8615,5362,Savings,6015652,2027-10-11,SMG01,ACTIVE
8616,3749,Savings,16691613,2027-06-05,SMG01,ACTIVE
8617,2653,Time Deposit,616897813,2026-04-17,SBY01,ACTIVE
8618,1722,Time Deposit,1179268329,2026-05-04,SMG01,ACTIVE
8619,7042,Time Deposit,595890610,2026-09-17,SBY01,ACTIVE
8620,949,Time Deposit,1745786315,2026-12-05,YGY01,ACTIVE
8621,6620,Savings,227048255,2027-08-08,JKT01,ACTIVE
8622,4775,Time Deposit,1018362534,2026-11-29,JKT02,ACTIVE
8623,93,Time Deposit,894681197,2026-06-09,JKT02,ACTIVE
8624,7695,Savings,43746969,2026-10-13,YGY01,ACTIVE
8625,26,Time Deposit,1573996443,2026-06-24,SMG01,ACTIVE
8626,3321,Savings,35997573,2026-06-25,JKT02,ACTIVE
8627,2043,Savings,28928951,2028-01-22,SBY01,ACTIVE
8628,8030,Savings,25068655,2027-12-27,JKT02,ACTIVE
8629,6367,Time Deposit,751784897,2027-02-12,SBY01,ACTIVE
8630,1863,Savings,112840941,2027-10-26,JKT02,ACTIVE
8631,6009,Savings,29402410,2026-11-11,SBY01,ACTIVE
8632,9032,Time Deposit,233228325,2026-10-11,YGY01,ACTIVE
8633,2869,Savings,32489050,2028-01-05,MDN01,ACTIVE
8634,3994,Savings,26833146,2027-01-31,SBY01,ACTIVE
8635,3542,Time Deposit,672640941,2027-02-02,SMG01,ACTIVE
8636,6360,Savings,59701168,2026-10-09,YGY01,ACTIVE
8637,1387,Time Deposit,655378398,2027-03-20,BDG01,ACTIVE
8638,7775,Savings,18865375,2027-06-08,MDN01,ACTIVE
8639,3368,Savings,27067798,2027-02-11,BDG01,ACTIVE
8640,7040,Time Deposit,908172157,2026-11-28,JKT02,ACTIVE
8641,4168,Savings,28131058,2027-05-20,MDN01,ACTIVE
8642,4666,Savings,38937588,2027-01-18,BDG01,ACTIVE
8643,5393,Savings,28277959,2027-01-06,SBY01,ACTIVE
8644,7636,Savings,13039541,2027-11-01,SMG01,ACTIVE
8645,201,Savings,23119102,2027-12-06,BDG01,ACTIVE
8646,4766,Savings,11211845,2026-09-26,JKT02,ACTIVE
8647,5617,Savings,14203822,2026-07-26,BDG01,ACTIVE
8648,633,Savings,25105547,2026-12-11,JKT02,ACTIVE
8649,7769,Savings,19997901,2026-11-06,YGY01,ACTIVE
8650,8231,Time Deposit,761535828,2026-11-22,JKT01,ACTIVE
8651,9939,Savings,169412024,2026-05-30,JKT01,ACTIVE
8652,159,Time Deposit,696843838,2027-02-02,BDG01,ACTIVE
8653,1330,Savings,114072635,2027-10-24,SMG01,ACTIVE
8654,4727,Savings,123218195,2028-02-12,JKT01,ACTIVE
8655,6045,Savings,22984916,2027-05-27,JKT02,ACTIVE
8656,8952,Savings,31894467,2027-06-07,MDN01,ACTIVE
8657,7267,Savings,188940950,2028-02-27,SBY01,ACTIVE
8658,4032,Time Deposit,210075919,2026-08-16,JKT02,ACTIVE
8659,6715,Time Deposit,942353480,2026-06-29,JKT02,ACTIVE
8660,169,Savings,47895412,2027-01-10,JKT02,ACTIVE
8661,211,Savings,22837680,2026-10-13,SMG01,ACTIVE
8662,204,Savings,94013540,2027-11-26,JKT02,ACTIVE
8663,2885,Savings,167788151,2027-01-08,MDN01,ACTIVE
8664,4426,Savings,18592745,2028-03-17,YGY01,ACTIVE
8665,5024,Savings,20944748,2027-01-12,YGY01,ACTIVE
8666,4733,Time Deposit,783664551,2027-01-15,JKT02,ACTIVE
8667,5491,Time Deposit,390938910,2026-11-14,YGY01,ACTIVE
8668,1645,Savings,85776182,2027-11-24,JKT01,ACTIVE
8669,8606,Savings,86231787,2027-01-08,MDN01,ACTIVE
8670,2013,Savings,23337662,2026-10-09,JKT01,ACTIVE
8671,1597,Savings,149009963,2026-04-29,JKT02,ACTIVE
8672,8939,Savings,95461414,2028-01-25,MDN01,ACTIVE
8673,3174,Time Deposit,1220667979,2026-08-22,JKT02,ACTIVE
8674,8305,Savings,115271761,2026-09-08,YGY01,ACTIVE
8675,1560,Savings,44791313,2026-10-12,SMG01,ACTIVE
8676,1032,Savings,13177329,2026-04-24,YGY01,ACTIVE
8677,1454,Time Deposit,550629525,2026-07-31,MDN01,ACTIVE
8678,3508,Time Deposit,729016027,2027-01-09,YGY01,ACTIVE
8679,4638,Time Deposit,717409359,2027-02-24,MDN01,ACTIVE
8680,8511,Time Deposit,838750331,2027-01-15,MDN01,ACTIVE
8681,1376,Savings,42881414,2026-12-31,JKT02,ACTIVE
8682,4430,Savings,26989099,2027-07-08,JKT02,ACTIVE
8683,6246,Time Deposit,930146199,2026-07-16,MDN01,ACTIVE
8684,8184,Time Deposit,928609397,2027-01-26,JKT02,ACTIVE
8685,2318,Time Deposit,542726099,2027-01-01,JKT02,ACTIVE
8686,7093,Time Deposit,248873450,2026-11-30,BDG01,ACTIVE
8687,974,Time Deposit,1217761440,2026-05-06,SMG01,ACTIVE
8688,2639,Savings,74139790,2027-01-28,YGY01,ACTIVE
8689,5072,Savings,13984453,2026-10-17,BDG01,ACTIVE
8690,4767,Savings,8550923,2027-09-05,SBY01,ACTIVE
8691,6865,Savings,25914663,2026-07-23,YGY01,ACTIVE
8692,8869,Savings,27184620,2027-11-08,MDN01,ACTIVE
8693,564,Savings,24480399,2027-07-13,JKT02,ACTIVE
8694,7350,Time Deposit,836639895,2027-02-04,BDG01,ACTIVE
8695,4853,Savings,48185776,2026-08-15,BDG01,ACTIVE
8696,3213,Time Deposit,467567222,2026-06-22,YGY01,ACTIVE
8697,7191,Savings,102595531,2027-10-05,SBY01,ACTIVE
8698,4484,Savings,124320666,2028-02-16,MDN01,ACTIVE
8699,5697,Savings,14429381,2026-12-19,JKT02,ACTIVE
8700,3964,Time Deposit,761645312,2026-04-10,SBY01,ACTIVE
8701,660,Time Deposit,862857277,2026-04-11,MDN01,ACTIVE
8702,1532,Time Deposit,425581088,2026-12-02,JKT02,ACTIVE
8703,672,Savings,23138813,2026-06-16,YGY01,ACTIVE
8704,682,Time Deposit,859560873,2027-03-02,JKT02,ACTIVE
8705,5426,Time Deposit,379796391,2026-06-17,JKT01,ACTIVE
8706,5935,Time Deposit,787647849,2026-09-15,BDG01,ACTIVE
8707,6857,Time Deposit,1240423071,2026-12-03,JKT01,ACTIVE
8708,1378,Savings,13587633,2026-09-04,JKT01,ACTIVE
8709,9718,Time Deposit,737615907,2026-12-27,YGY01,ACTIVE
8710,3582,Time Deposit,1313085793,2026-12-24,SMG01,ACTIVE
8711,629,Time Deposit,677175075,2027-03-25,BDG01,ACTIVE
8712,6293,Savings,29507194,2027-01-13,YGY01,ACTIVE
8713,2203,Time Deposit,545532542,2026-08-26,SMG01,ACTIVE
8714,2479,Time Deposit,170659437,2026-10-08,SBY01,ACTIVE
8715,4678,Time Deposit,275456179,2026-07-09,YGY01,ACTIVE
8716,4505,Time Deposit,250781705,2026-10-09,JKT02,ACTIVE
8717,9149,Savings,17283188,2028-03-16,YGY01,ACTIVE
8718,7805,Time Deposit,1043161468,2026-09-10,JKT01,ACTIVE
8719,2709,Savings,11939132,2028-01-11,JKT02,ACTIVE
8720,3768,Savings,25983821,2028-01-26,YGY01,ACTIVE
8721,8217,Savings,33653748,2027-12-20,MDN01,ACTIVE
8722,7741,Savings,25986555,2026-06-22,JKT02,ACTIVE
8723,9616,Time Deposit,724824578,2026-06-16,BDG01,ACTIVE
8724,1910,Savings,112802657,2027-07-04,BDG01,ACTIVE
8725,1800,Time Deposit,786431010,2026-06-25,SBY01,ACTIVE
8726,1750,Time Deposit,887642677,2026-06-16,BDG01,ACTIVE
8727,8360,Time Deposit,145443004,2026-09-03,JKT01,ACTIVE
8728,3065,Time Deposit,470768635,2027-02-08,SMG01,ACTIVE
8729,4122,Time Deposit,1102890438,2026-05-23,YGY01,ACTIVE
8730,8420,Time Deposit,721610051,2026-08-28,SMG01,ACTIVE
8731,87,Time Deposit,1385299801,2026-04-26,YGY01,ACTIVE
8732,6608,Time Deposit,1372196898,2026-06-19,JKT01,ACTIVE
8733,8675,Savings,25289534,2027-07-25,BDG01,ACTIVE
8734,8002,Savings,41990056,2026-12-09,JKT02,ACTIVE
8735,7693,Time Deposit,784211928,2026-06-21,JKT02,ACTIVE
8736,3457,Time Deposit,927648952,2026-06-19,MDN01,ACTIVE
8737,284,Time Deposit,923750366,2026-08-10,SMG01,ACTIVE
8738,9735,Savings,21516979,2028-03-16,SMG01,ACTIVE
8739,2672,Savings,44315109,2026-05-01,JKT01,ACTIVE
8740,214,Savings,83109939,2027-06-02,SMG01,ACTIVE
8741,6818,Savings,61875393,2028-01-03,SBY01,ACTIVE
8742,5609,Savings,145817883,2026-07-25,SBY01,ACTIVE
8743,7738,Time Deposit,452208090,2026-05-28,BDG01,ACTIVE
8744,4681,Savings,88561827,2027-02-12,YGY01,ACTIVE
8745,4445,Time Deposit,257768831,2026-04-23,MDN01,ACTIVE
8746,739,Savings,32044661,2026-06-10,SMG01,ACTIVE
8747,1520,Savings,11777907,2026-06-30,MDN01,ACTIVE
8748,2317,Savings,77253481,2026-07-17,BDG01,ACTIVE
8749,6,Savings,112093863,2026-08-08,SMG01,ACTIVE
8750,8689,Time Deposit,493791257,2026-10-17,SMG01,ACTIVE
8751,1096,Time Deposit,382875940,2026-06-27,JKT02,ACTIVE
8752,8620,Savings,29024486,2027-01-17,BDG01,ACTIVE
8753,1896,Savings,14090975,2026-10-08,SBY01,ACTIVE
8754,947,Time Deposit,501458889,2027-02-04,YGY01,ACTIVE
8755,8580,Savings,76727683,2027-11-13,SMG01,ACTIVE
8756,6019,Savings,9228672,2026-08-01,SMG01,ACTIVE
8757,4817,Time Deposit,811016071,2027-02-12,SMG01,ACTIVE
8758,5177,Savings,240889821,2028-02-23,JKT01,ACTIVE
8759,2465,Savings,8115033,2026-09-22,BDG01,ACTIVE
8760,1774,Savings,11901880,2027-06-24,BDG01,ACTIVE
8761,1106,Savings,39765379,2027-11-19,JKT02,ACTIVE
8762,5998,Savings,32859129,2027-02-19,MDN01,ACTIVE
8763,8270,Savings,79142600,2027-01-05,MDN01,ACTIVE
8764,4821,Time Deposit,1014548553,2026-06-21,JKT02,ACTIVE
8765,3385,Savings,53295912,2027-05-12,JKT01,ACTIVE
8766,1648,Savings,74434762,2027-06-22,MDN01,ACTIVE
8767,1290,Time Deposit,507846558,2026-11-10,SMG01,ACTIVE
8768,3818,Savings,31210694,2027-03-29,JKT02,ACTIVE
8769,6913,Savings,110418266,2027-04-28,SBY01,ACTIVE
8770,1076,Savings,143900637,2027-09-15,JKT02,ACTIVE
8771,2218,Time Deposit,1349027897,2026-05-21,BDG01,ACTIVE
8772,4098,Time Deposit,1023273463,2026-06-20,MDN01,ACTIVE
8773,156,Time Deposit,1106644304,2026-07-05,SMG01,ACTIVE
8774,6758,Savings,19456568,2026-08-28,BDG01,ACTIVE
8775,364,Time Deposit,564628554,2027-02-18,SBY01,ACTIVE
8776,8664,Time Deposit,398843913,2026-08-06,JKT01,ACTIVE
8777,375,Time Deposit,594859976,2026-09-20,MDN01,ACTIVE
8778,4508,Time Deposit,856833422,2026-11-21,SBY01,ACTIVE
8779,2181,Time Deposit,778181046,2026-11-03,SBY01,ACTIVE
8780,6638,Time Deposit,708035552,2026-06-14,SBY01,ACTIVE
8781,3814,Savings,12609099,2027-08-28,BDG01,ACTIVE
8782,7206,Time Deposit,1446611339,2026-05-14,MDN01,ACTIVE
8783,6588,Savings,31464744,2027-09-02,SMG01,ACTIVE
8784,899,Savings,26557737,2026-12-04,SMG01,ACTIVE
8785,1077,Savings,45713947,2026-06-01,SMG01,ACTIVE
8786,4856,Time Deposit,859709225,2026-11-14,JKT01,ACTIVE
8787,9923,Time Deposit,796306873,2026-10-22,YGY01,ACTIVE
8788,6600,Savings,89044900,2026-07-30,YGY01,ACTIVE
8789,2226,Savings,29339378,2026-10-23,JKT01,ACTIVE
8790,1767,Savings,12305301,2027-04-11,SBY01,ACTIVE
8791,3015,Savings,85344034,2026-11-16,JKT02,ACTIVE
8792,2448,Savings,12858192,2027-12-19,SMG01,ACTIVE
8793,3668,Savings,17553239,2027-10-23,YGY01,ACTIVE
8794,1999,Savings,175990213,2026-09-01,MDN01,ACTIVE
8795,9109,Time Deposit,1275734399,2027-02-24,BDG01,ACTIVE
8796,1010,Savings,14638243,2028-02-01,JKT02,ACTIVE
8797,7604,Time Deposit,591056100,2026-09-05,MDN01,ACTIVE
8798,9098,Time Deposit,240972294,2026-04-25,SBY01,ACTIVE
8799,3079,Savings,14192294,2027-05-09,YGY01,ACTIVE
8800,8694,Savings,10425473,2027-03-20,MDN01,ACTIVE
8801,6316,Savings,25162501,2027-10-13,SMG01,ACTIVE
8802,4252,Savings,12899602,2027-04-30,MDN01,ACTIVE
8803,4603,Time Deposit,440453835,2027-01-04,SBY01,ACTIVE
8804,6590,Savings,63948097,2026-08-26,JKT02,ACTIVE
8805,5821,Time Deposit,340753487,2026-11-30,YGY01,ACTIVE
8806,2840,Savings,20519906,2028-02-03,MDN01,ACTIVE
8807,7989,Time Deposit,882897404,2026-07-31,YGY01,ACTIVE
8808,3649,Savings,20010675,2026-11-19,JKT02,ACTIVE
8809,1400,Time Deposit,635632883,2026-06-12,JKT02,ACTIVE
8810,7678,Savings,89516144,2027-02-17,JKT01,ACTIVE
8811,6360,Time Deposit,417754544,2026-07-29,YGY01,ACTIVE
8812,678,Time Deposit,793666684,2026-07-31,SBY01,ACTIVE
8813,4935,Time Deposit,521151957,2026-11-18,JKT01,ACTIVE
8814,1831,Time Deposit,666146506,2026-05-08,SBY01,ACTIVE
8815,499,Time Deposit,285707903,2027-01-19,SMG01,ACTIVE
8816,9863,Savings,9419238,2027-04-05,MDN01,ACTIVE
8817,5302,Savings,111611569,2027-04-26,BDG01,ACTIVE
8818,5469,Time Deposit,1550696330,2026-12-24,JKT01,ACTIVE
8819,3901,Time Deposit,1527268769,2026-10-23,JKT01,ACTIVE
8820,1247,Savings,130222236,2027-08-04,SMG01,ACTIVE
8821,2876,Savings,77073841,2027-01-16,MDN01,ACTIVE
8822,5931,Savings,68753248,2027-11-27,JKT01,ACTIVE
8823,8384,Savings,164676143,2026-12-25,JKT02,ACTIVE
8824,2731,Time Deposit,789965412,2027-01-05,MDN01,ACTIVE
8825,3376,Savings,88763683,2027-05-21,SBY01,ACTIVE
8826,801,Time Deposit,1111806092,2026-04-22,SMG01,ACTIVE
8827,2800,Savings,28854300,2027-01-13,BDG01,ACTIVE
8828,6917,Savings,50836293,2027-07-09,JKT01,ACTIVE
8829,3188,Savings,36562704,2027-06-06,SMG01,ACTIVE
8830,5270,Time Deposit,538471281,2026-07-11,MDN01,ACTIVE
8831,8489,Savings,12599396,2026-11-23,YGY01,ACTIVE
8832,4492,Savings,40535633,2028-01-28,SMG01,ACTIVE
8833,9361,Savings,7926117,2026-10-18,JKT02,ACTIVE
8834,9508,Savings,19035452,2027-09-21,JKT02,ACTIVE
8835,935,Time Deposit,1383202829,2026-04-24,YGY01,ACTIVE
8836,691,Time Deposit,427130553,2026-09-13,JKT01,ACTIVE
8837,3980,Time Deposit,879122662,2027-01-07,JKT01,ACTIVE
8838,1742,Savings,19085443,2026-06-05,JKT01,ACTIVE
8839,6379,Savings,29307392,2027-11-29,MDN01,ACTIVE
8840,6357,Savings,23267766,2026-05-27,YGY01,ACTIVE
8841,7672,Savings,30860331,2028-03-14,YGY01,ACTIVE
8842,8918,Savings,25635719,2027-08-30,SMG01,ACTIVE
8843,7138,Savings,27033539,2027-05-25,SMG01,ACTIVE
8844,7021,Time Deposit,1290319907,2026-05-01,JKT01,ACTIVE
8845,4433,Savings,10253055,2027-01-05,SBY01,ACTIVE
8846,7110,Savings,105618871,2027-08-28,BDG01,ACTIVE
8847,7398,Savings,145321790,2027-10-13,MDN01,ACTIVE
8848,9046,Savings,46003028,2027-01-31,SBY01,ACTIVE
8849,2270,Time Deposit,1229366882,2027-03-04,MDN01,ACTIVE
8850,4932,Time Deposit,330949346,2026-07-31,JKT02,ACTIVE
8851,6000,Time Deposit,474105737,2027-01-26,JKT01,ACTIVE
8852,327,Time Deposit,920076599,2026-10-31,BDG01,ACTIVE
8853,3405,Savings,130617351,2027-07-07,SBY01,ACTIVE
8854,9080,Savings,67631661,2027-12-01,SBY01,ACTIVE
8855,5888,Savings,70242422,2027-11-13,MDN01,ACTIVE
8856,3434,Time Deposit,348174686,2026-07-14,JKT02,ACTIVE
8857,6198,Savings,203261897,2027-08-03,SBY01,ACTIVE
8858,8012,Time Deposit,1083808764,2026-09-05,MDN01,ACTIVE
8859,3397,Time Deposit,1072732624,2026-12-07,MDN01,ACTIVE
8860,3855,Savings,31023354,2026-09-11,SMG01,ACTIVE
8861,1461,Time Deposit,892182665,2026-08-05,SBY01,ACTIVE
8862,7669,Time Deposit,618267625,2026-11-19,JKT02,ACTIVE
8863,814,Time Deposit,861036264,2026-11-27,YGY01,ACTIVE
8864,3011,Savings,21100618,2026-05-08,JKT02,ACTIVE
8865,7698,Savings,2197158,2026-11-29,JKT02,ACTIVE
8866,2153,Savings,154454761,2026-09-12,YGY01,ACTIVE
8867,5187,Savings,11336585,2026-08-31,BDG01,ACTIVE
8868,8934,Time Deposit,819410510,2026-06-06,JKT02,ACTIVE
8869,8616,Savings,19352321,2027-06-01,JKT01,ACTIVE
8870,7333,Savings,16471324,2028-03-01,JKT01,ACTIVE
8871,8220,Time Deposit,350987532,2026-08-20,JKT01,ACTIVE
8872,592,Savings,137270129,2026-06-05,JKT02,ACTIVE
8873,7677,Time Deposit,747110815,2027-02-26,BDG01,ACTIVE
8874,1170,Savings,119671438,2027-10-30,SMG01,ACTIVE
8875,9541,Time Deposit,572017670,2026-08-25,BDG01,ACTIVE
8876,1065,Savings,154241267,2027-10-28,YGY01,ACTIVE
8877,2627,Savings,5818635,2027-08-24,YGY01,ACTIVE
8878,319,Savings,82844334,2026-09-16,SBY01,ACTIVE
8879,8018,Savings,117948761,2027-02-22,SMG01,ACTIVE
8880,164,Time Deposit,962989520,2026-04-13,SMG01,ACTIVE
8881,6300,Time Deposit,1064105514,2026-10-25,MDN01,ACTIVE
8882,2283,Savings,34049215,2026-11-27,YGY01,ACTIVE
8883,9715,Savings,44246498,2027-09-19,MDN01,ACTIVE
8884,6581,Time Deposit,1245929498,2026-07-31,BDG01,ACTIVE
8885,3067,Savings,9033288,2027-04-21,YGY01,ACTIVE
8886,3886,Savings,92320746,2028-03-02,SMG01,ACTIVE
8887,7163,Time Deposit,1224442667,2027-01-04,BDG01,ACTIVE
8888,5252,Time Deposit,724865243,2026-10-18,SMG01,ACTIVE
8889,4687,Time Deposit,791543326,2027-03-22,YGY01,ACTIVE
8890,4069,Time Deposit,971042546,2027-01-09,SMG01,ACTIVE
8891,1430,Savings,121334473,2027-04-24,SBY01,ACTIVE
8892,7604,Time Deposit,1894601591,2026-05-26,JKT01,ACTIVE
8893,5941,Savings,12301039,2026-09-12,BDG01,ACTIVE
8894,4463,Time Deposit,796961439,2027-03-09,SBY01,ACTIVE
8895,2758,Savings,18510158,2026-12-07,MDN01,ACTIVE
8896,3435,Savings,119376840,2027-08-19,SMG01,ACTIVE
8897,38,Savings,57669709,2027-11-26,SBY01,ACTIVE
8898,5194,Time Deposit,830498451,2026-07-14,MDN01,ACTIVE
8899,8707,Savings,13062263,2027-06-06,BDG01,ACTIVE
8900,7345,Savings,23233182,2028-02-09,BDG01,ACTIVE
8901,5304,Time Deposit,746825138,2027-01-24,SMG01,ACTIVE
8902,2420,Savings,93890489,2027-06-16,SMG01,ACTIVE
8903,2447,Time Deposit,519405130,2026-06-05,MDN01,ACTIVE
8904,2714,Time Deposit,914303344,2026-10-19,MDN01,ACTIVE
8905,4485,Savings,28045060,2027-12-18,SBY01,ACTIVE
8906,7628,Time Deposit,839072233,2026-04-29,JKT01,ACTIVE
8907,8940,Time Deposit,607262663,2026-06-14,BDG01,ACTIVE
8908,5780,Savings,102502057,2027-08-24,MDN01,ACTIVE
8909,7833,Savings,92906437,2027-08-21,JKT01,ACTIVE
8910,347,Time Deposit,1641368982,2026-11-24,JKT02,ACTIVE
8911,9976,Time Deposit,394384449,2026-05-10,BDG01,ACTIVE
8912,1665,Savings,8209673,2027-05-23,JKT02,ACTIVE
8913,6414,Savings,12506033,2026-12-07,BDG01,ACTIVE
8914,3664,Time Deposit,766247574,2026-11-20,YGY01,ACTIVE
8915,2716,Savings,18826385,2026-08-02,SMG01,ACTIVE
8916,6412,Savings,132637908,2026-09-25,BDG01,ACTIVE
8917,8100,Savings,198390184,2027-01-21,MDN01,ACTIVE
8918,3772,Time Deposit,691757739,2026-06-29,MDN01,ACTIVE
8919,3013,Time Deposit,1766722126,2027-01-07,YGY01,ACTIVE
8920,1714,Time Deposit,685251766,2026-11-29,JKT02,ACTIVE
8921,8547,Time Deposit,168229992,2026-09-16,BDG01,ACTIVE
8922,8871,Savings,33381722,2027-09-04,MDN01,ACTIVE
8923,9291,Time Deposit,1090934460,2027-01-24,SBY01,ACTIVE
8924,3599,Savings,82794427,2027-09-08,BDG01,ACTIVE
8925,9160,Time Deposit,819900199,2026-11-16,JKT02,ACTIVE
8926,8500,Savings,104908247,2027-10-30,JKT02,ACTIVE
8927,5386,Savings,10328943,2026-09-09,JKT02,ACTIVE
8928,3312,Savings,8675662,2026-08-12,JKT01,ACTIVE
8929,9354,Time Deposit,765023950,2026-06-21,MDN01,ACTIVE
8930,9368,Time Deposit,708578092,2027-01-04,SBY01,ACTIVE
8931,7336,Savings,53042589,2027-11-24,SBY01,ACTIVE
8932,1488,Savings,164145120,2026-05-10,YGY01,ACTIVE
8933,8453,Time Deposit,479478944,2026-09-09,JKT02,ACTIVE
8934,8147,Savings,12630310,2026-06-01,BDG01,ACTIVE
8935,8669,Time Deposit,202128601,2026-08-29,SMG01,ACTIVE
8936,9424,Time Deposit,1495378703,2026-11-06,SMG01,ACTIVE
8937,1429,Savings,159897608,2027-02-19,SBY01,ACTIVE
8938,9122,Savings,13891711,2028-01-10,SMG01,ACTIVE
8939,9687,Savings,20029562,2028-01-09,JKT01,ACTIVE
8940,4966,Time Deposit,1611387063,2026-10-13,SBY01,ACTIVE
8941,1408,Savings,7103468,2026-12-19,BDG01,ACTIVE
8942,8143,Savings,110043477,2027-04-28,BDG01,ACTIVE
8943,1844,Savings,19479980,2027-02-14,BDG01,ACTIVE
8944,3020,Savings,66298511,2026-11-13,JKT01,ACTIVE
8945,3613,Savings,7811360,2028-03-19,JKT02,ACTIVE
8946,7746,Savings,41140175,2027-03-27,JKT01,ACTIVE
8947,826,Savings,12661414,2028-01-15,SMG01,ACTIVE
8948,8123,Time Deposit,187143670,2026-05-28,MDN01,ACTIVE
8949,1384,Savings,9816619,2027-05-13,JKT01,ACTIVE
8950,5037,Time Deposit,1556285989,2027-01-31,SMG01,ACTIVE
8951,7502,Time Deposit,1096118916,2026-10-26,YGY01,ACTIVE
8952,5037,Savings,146339098,2027-03-02,BDG01,ACTIVE
8953,1624,Time Deposit,581876719,2026-06-23,MDN01,ACTIVE
8954,680,Time Deposit,818639441,2027-02-13,BDG01,ACTIVE
8955,6258,Savings,106327987,2026-10-09,YGY01,ACTIVE
8956,5925,Savings,7351717,2026-12-15,BDG01,ACTIVE
8957,3758,Savings,36103650,2027-03-10,MDN01,ACTIVE
8958,7469,Time Deposit,561293537,2026-11-30,JKT02,ACTIVE
8959,1078,Time Deposit,599559345,2026-11-05,MDN01,ACTIVE
8960,6316,Savings,21129859,2027-02-09,BDG01,ACTIVE
8961,1246,Time Deposit,1668714315,2026-10-15,SBY01,ACTIVE
8962,4776,Savings,22308657,2027-01-15,SBY01,ACTIVE
8963,9452,Savings,70547786,2027-06-22,SBY01,ACTIVE
8964,2200,Savings,29350295,2026-05-03,SMG01,ACTIVE
8965,6490,Savings,28996223,2027-01-15,JKT01,ACTIVE
8966,5741,Savings,60859030,2028-03-12,JKT02,ACTIVE
8967,3833,Savings,42136390,2028-02-20,JKT01,ACTIVE
8968,7818,Time Deposit,270234475,2026-08-02,SBY01,ACTIVE
8969,3909,Time Deposit,735997198,2026-04-21,JKT02,ACTIVE
8970,7132,Savings,209131747,2026-05-28,YGY01,ACTIVE
8971,3213,Savings,116972398,2027-11-27,JKT02,ACTIVE
8972,5133,Time Deposit,327056459,2026-06-16,SMG01,ACTIVE
8973,221,Time Deposit,861173291,2026-09-16,BDG01,ACTIVE
8974,3489,Savings,22206372,2026-08-02,SBY01,ACTIVE
8975,8213,Time Deposit,472933518,2027-02-09,BDG01,ACTIVE
8976,9696,Savings,16579235,2026-12-31,MDN01,ACTIVE
8977,8164,Savings,25789713,2027-09-05,JKT02,ACTIVE
8978,3763,Savings,63243242,2026-11-03,JKT02,ACTIVE
8979,5562,Time Deposit,788743057,2026-06-26,YGY01,ACTIVE
8980,5962,Time Deposit,485259280,2027-03-18,JKT01,ACTIVE
8981,5297,Savings,122626525,2027-11-01,SBY01,ACTIVE
8982,8621,Savings,24669378,2026-12-27,YGY01,ACTIVE
8983,6895,Savings,39374599,2027-11-07,BDG01,ACTIVE
8984,3197,Time Deposit,810190035,2026-09-04,YGY01,ACTIVE
8985,1673,Time Deposit,246139570,2026-08-09,BDG01,ACTIVE
8986,551,Time Deposit,624274703,2026-10-29,YGY01,ACTIVE
8987,5005,Time Deposit,1189068014,2026-07-27,YGY01,ACTIVE
8988,9808,Savings,26075658,2026-11-21,BDG01,ACTIVE
8989,92,Savings,39156697,2027-04-04,BDG01,ACTIVE
8990,84,Savings,166133953,2026-11-06,JKT02,ACTIVE
8991,298,Time Deposit,1330154055,2026-12-13,JKT02,ACTIVE
8992,7080,Time Deposit,754093390,2026-11-14,SMG01,ACTIVE
8993,3456,Time Deposit,358689563,2026-06-14,MDN01,ACTIVE
8994,9876,Time Deposit,703260276,2026-06-08,MDN01,ACTIVE
8995,8684,Savings,23480487,2028-03-17,YGY01,ACTIVE
8996,2158,Savings,37765733,2028-01-04,MDN01,ACTIVE
8997,3562,Savings,14720109,2027-09-27,SBY01,ACTIVE
8998,1997,Savings,9080544,2027-07-02,JKT02,ACTIVE
8999,1802,Savings,24382871,2026-06-05,SBY01,ACTIVE
9000,7427,Savings,81570529,2027-02-01,MDN01,ACTIVE
9001,8911,Savings,19098668,2027-08-25,SBY01,ACTIVE
9002,8669,Savings,12151769,2027-03-06,YGY01,ACTIVE
9003,6773,Savings,32718615,2027-10-05,MDN01,ACTIVE
9004,4359,Savings,31047584,2027-05-19,SBY01,ACTIVE
9005,1360,Savings,206353599,2027-10-29,YGY01,ACTIVE
9006,5830,Savings,12097434,2027-01-03,YGY01,ACTIVE
9007,8008,Savings,31391269,2027-11-26,MDN01,ACTIVE
9008,6738,Savings,53955723,2027-03-06,JKT01,ACTIVE
9009,1966,Time Deposit,566710067,2027-01-21,MDN01,ACTIVE
9010,589,Savings,121376255,2027-09-04,SBY01,ACTIVE
9011,5384,Savings,45204249,2027-06-06,YGY01,ACTIVE
9012,7873,Time Deposit,709947040,2026-06-22,SBY01,ACTIVE
9013,3669,Time Deposit,441282337,2026-11-13,JKT01,ACTIVE
9014,9559,Savings,35378558,2028-02-28,JKT01,ACTIVE
9015,2740,Savings,100561848,2027-02-08,BDG01,ACTIVE
9016,3605,Savings,112223731,2027-05-02,BDG01,ACTIVE
9017,6043,Time Deposit,189302400,2026-07-28,MDN01,ACTIVE
9018,7807,Savings,15928242,2028-01-08,YGY01,ACTIVE
9019,4351,Savings,20654270,2027-06-01,SMG01,ACTIVE
9020,5705,Time Deposit,1156313130,2027-03-24,BDG01,ACTIVE
9021,8906,Savings,27807160,2028-01-08,JKT02,ACTIVE
9022,5235,Savings,110814135,2026-06-30,JKT02,ACTIVE
9023,9612,Savings,157618325,2026-11-12,YGY01,ACTIVE
9024,5231,Time Deposit,886546721,2027-02-09,JKT02,ACTIVE
9025,9492,Time Deposit,1263043969,2026-10-22,YGY01,ACTIVE
9026,2021,Time Deposit,132735939,2026-12-11,MDN01,ACTIVE
9027,8241,Savings,32163231,2026-11-17,MDN01,ACTIVE
9028,3379,Time Deposit,1184164006,2026-05-30,BDG01,ACTIVE
9029,3470,Savings,16553249,2027-12-21,SMG01,ACTIVE
9030,8107,Time Deposit,805006763,2026-05-12,SBY01,ACTIVE
9031,4116,Savings,74746355,2027-03-12,JKT01,ACTIVE
9032,3167,Savings,19351309,2027-09-22,MDN01,ACTIVE
9033,981,Savings,11665872,2027-01-30,JKT02,ACTIVE
9034,692,Savings,19581451,2026-06-25,BDG01,ACTIVE
9035,1145,Savings,176024250,2026-12-03,SMG01,ACTIVE
9036,3080,Savings,32574753,2027-08-20,YGY01,ACTIVE
9037,1266,Savings,102385339,2026-05-09,YGY01,ACTIVE
9038,852,Savings,6967405,2027-04-12,YGY01,ACTIVE
9039,5902,Savings,16193556,2027-09-24,SBY01,ACTIVE
9040,855,Savings,96461198,2027-11-25,SMG01,ACTIVE
9041,3595,Savings,27804448,2027-05-01,BDG01,ACTIVE
9042,7758,Time Deposit,1433664106,2027-02-10,BDG01,ACTIVE
9043,7742,Time Deposit,1161287395,2026-07-20,BDG01,ACTIVE
9044,3635,Time Deposit,935163153,2026-06-12,BDG01,ACTIVE
9045,9894,Savings,21541780,2027-06-28,JKT02,ACTIVE
9046,3982,Time Deposit,570765732,2026-08-21,SMG01,ACTIVE
9047,9055,Time Deposit,1003230168,2026-09-28,SMG01,ACTIVE
9048,4294,Savings,25819173,2026-06-14,SBY01,ACTIVE
9049,4502,Savings,18017359,2026-10-02,YGY01,ACTIVE
9050,1725,Time Deposit,123590361,2026-12-08,JKT02,ACTIVE
9051,9677,Time Deposit,384528852,2026-05-18,YGY01,ACTIVE
9052,3204,Time Deposit,609544297,2026-08-09,BDG01,ACTIVE
9053,2730,Time Deposit,1510229402,2026-11-15,JKT02,ACTIVE
9054,398,Savings,51048525,2026-10-14,SMG01,ACTIVE
9055,8590,Time Deposit,1455974069,2026-07-15,JKT01,ACTIVE
9056,7373,Savings,131828223,2026-04-28,MDN01,ACTIVE
9057,4556,Time Deposit,939254578,2027-01-07,SBY01,ACTIVE
9058,2104,Time Deposit,1546153526,2026-06-02,BDG01,ACTIVE
9059,5343,Time Deposit,1463824293,2026-06-16,MDN01,ACTIVE
9060,7796,Savings,34928191,2028-03-23,SMG01,ACTIVE
9061,232,Time Deposit,353890004,2026-08-07,SBY01,ACTIVE
9062,1998,Time Deposit,956893412,2027-03-15,JKT01,ACTIVE
9063,8865,Savings,34543183,2026-07-28,JKT02,ACTIVE
9064,8912,Savings,75050892,2026-08-10,JKT02,ACTIVE
9065,3076,Time Deposit,1104905146,2026-12-26,SMG01,ACTIVE
9066,3218,Time Deposit,1460401111,2026-07-24,SBY01,ACTIVE
9067,8240,Time Deposit,244789878,2026-12-18,SMG01,ACTIVE
9068,520,Savings,8354902,2027-05-23,JKT01,ACTIVE
9069,5489,Savings,26702293,2026-07-19,JKT01,ACTIVE
9070,1115,Savings,18215587,2027-02-22,MDN01,ACTIVE
9071,2034,Time Deposit,689038728,2026-12-26,MDN01,ACTIVE
9072,7524,Savings,68122418,2026-07-20,YGY01,ACTIVE
9073,2731,Savings,89213822,2026-07-15,SMG01,ACTIVE
9074,668,Savings,34319002,2027-08-18,JKT01,ACTIVE
9075,8007,Savings,157006597,2026-04-24,JKT02,ACTIVE
9076,8259,Savings,80165766,2026-10-19,BDG01,ACTIVE
9077,4374,Time Deposit,216211653,2026-11-09,YGY01,ACTIVE
9078,8742,Time Deposit,193235196,2026-05-13,YGY01,ACTIVE
9079,7323,Time Deposit,409448480,2026-10-19,SMG01,ACTIVE
9080,4312,Time Deposit,959614683,2026-05-10,JKT01,ACTIVE
9081,2756,Time Deposit,624695854,2027-01-08,JKT02,ACTIVE
9082,3800,Time Deposit,1502794429,2026-05-28,YGY01,ACTIVE
9083,2902,Time Deposit,462758432,2027-01-14,JKT02,ACTIVE
9084,9767,Savings,40677514,2027-08-27,SBY01,ACTIVE
9085,5546,Savings,30656837,2026-11-27,JKT02,ACTIVE
9086,3737,Savings,16290659,2027-09-05,JKT02,ACTIVE
9087,1912,Savings,6775902,2027-04-23,SBY01,ACTIVE
9088,1946,Savings,46086569,2027-11-17,MDN01,ACTIVE
9089,6917,Savings,206735589,2027-05-24,JKT01,ACTIVE
9090,6415,Savings,182303923,2026-09-24,MDN01,ACTIVE
9091,324,Time Deposit,355923106,2026-12-30,JKT02,ACTIVE
9092,6188,Savings,26998352,2027-02-18,MDN01,ACTIVE
9093,2889,Savings,11644572,2027-04-16,MDN01,ACTIVE
9094,8190,Time Deposit,1424980252,2026-09-17,SBY01,ACTIVE
9095,8794,Time Deposit,1131958230,2026-08-24,BDG01,ACTIVE
9096,1131,Time Deposit,1027527526,2027-02-22,YGY01,ACTIVE
9097,3351,Savings,34199441,2028-03-11,JKT01,ACTIVE
9098,2573,Savings,57380234,2028-03-10,JKT02,ACTIVE
9099,3083,Savings,30586855,2027-02-10,BDG01,ACTIVE
9100,1593,Savings,91552770,2027-03-24,SBY01,ACTIVE
9101,6589,Savings,6815703,2026-06-06,SBY01,ACTIVE
9102,5266,Savings,17141745,2027-09-29,BDG01,ACTIVE
9103,2848,Savings,6274464,2026-11-10,MDN01,ACTIVE
9104,3106,Time Deposit,240937942,2026-10-03,JKT02,ACTIVE
9105,3056,Time Deposit,459971065,2027-03-06,MDN01,ACTIVE
9106,8552,Savings,109434724,2027-03-22,SBY01,ACTIVE
9107,6414,Time Deposit,664169867,2026-07-16,SBY01,ACTIVE
9108,5908,Savings,22024691,2028-02-12,BDG01,ACTIVE
9109,4098,Time Deposit,1126678063,2026-09-30,YGY01,ACTIVE
9110,5840,Savings,64199462,2027-01-11,BDG01,ACTIVE
9111,3480,Time Deposit,999559890,2026-12-09,JKT02,ACTIVE
9112,5169,Savings,11679574,2027-03-14,JKT01,ACTIVE
9113,7516,Savings,40685970,2027-01-21,SMG01,ACTIVE
9114,4768,Savings,5916249,2026-12-25,MDN01,ACTIVE
9115,9456,Savings,23304250,2026-11-03,SMG01,ACTIVE
9116,5721,Time Deposit,298035827,2026-06-13,YGY01,ACTIVE
9117,8802,Time Deposit,253972732,2027-02-03,JKT01,ACTIVE
9118,3666,Savings,7345588,2027-08-27,YGY01,ACTIVE
9119,8734,Savings,178625049,2027-01-31,YGY01,ACTIVE
9120,2037,Savings,38901474,2026-12-20,BDG01,ACTIVE
9121,90,Savings,121222299,2027-05-21,MDN01,ACTIVE
9122,6000,Time Deposit,567377208,2026-11-16,SBY01,ACTIVE
9123,3407,Savings,4614666,2027-08-03,JKT02,ACTIVE
9124,4780,Savings,101344838,2028-02-21,YGY01,ACTIVE
9125,238,Savings,32682792,2026-05-25,BDG01,ACTIVE
9126,3345,Savings,16707360,2028-02-03,BDG01,ACTIVE
9127,1915,Savings,26516394,2026-07-15,JKT02,ACTIVE
9128,5875,Time Deposit,1333533015,2027-03-08,JKT02,ACTIVE
9129,405,Savings,7259255,2026-07-24,YGY01,ACTIVE
9130,3525,Savings,42006131,2026-08-07,SMG01,ACTIVE
9131,5297,Time Deposit,1065464073,2026-08-30,BDG01,ACTIVE
9132,672,Savings,3051727,2027-01-24,JKT01,ACTIVE
9133,4262,Time Deposit,340965784,2027-03-13,BDG01,ACTIVE
9134,3669,Savings,11979204,2028-01-08,MDN01,ACTIVE
9135,248,Savings,49115257,2026-12-02,MDN01,ACTIVE
9136,4871,Time Deposit,617102750,2026-05-17,JKT01,ACTIVE
9137,8478,Time Deposit,1427570483,2027-02-14,MDN01,ACTIVE
9138,7498,Savings,99612416,2026-08-21,JKT01,ACTIVE
9139,2764,Savings,28212952,2027-02-04,JKT01,ACTIVE
9140,3819,Time Deposit,978871201,2027-03-18,BDG01,ACTIVE
9141,8184,Time Deposit,711463341,2026-07-26,MDN01,ACTIVE
9142,9769,Savings,72222059,2027-09-09,JKT01,ACTIVE
9143,9379,Savings,101793119,2027-05-23,MDN01,ACTIVE
9144,6587,Savings,6475123,2026-09-11,JKT02,ACTIVE
9145,2792,Savings,23822744,2026-10-21,JKT02,ACTIVE
9146,5304,Savings,171342504,2028-03-21,YGY01,ACTIVE
9147,5903,Savings,12539272,2027-10-06,JKT01,ACTIVE
9148,5349,Savings,72210393,2027-05-22,SMG01,ACTIVE
9149,7743,Time Deposit,800558425,2026-09-17,SMG01,ACTIVE
9150,7063,Savings,77273654,2026-07-16,YGY01,ACTIVE
9151,8048,Savings,19602049,2026-12-22,BDG01,ACTIVE
9152,9056,Time Deposit,973003060,2027-02-10,JKT01,ACTIVE
9153,2114,Savings,76044819,2027-04-19,JKT02,ACTIVE
9154,85,Savings,36060510,2027-08-24,JKT02,ACTIVE
9155,9954,Time Deposit,692926311,2027-01-18,JKT02,ACTIVE
9156,67,Savings,117723311,2026-05-06,MDN01,ACTIVE
9157,5587,Time Deposit,1182271435,2026-08-04,MDN01,ACTIVE
9158,5605,Savings,50118829,2027-05-06,MDN01,ACTIVE
9159,4633,Savings,8962799,2027-04-25,JKT01,ACTIVE
9160,6933,Savings,32450399,2027-02-15,SBY01,ACTIVE
9161,4303,Savings,44268052,2026-07-25,YGY01,ACTIVE
9162,7504,Time Deposit,758902041,2026-04-19,SBY01,ACTIVE
9163,9465,Time Deposit,754184626,2026-08-08,SBY01,ACTIVE
9164,276,Time Deposit,920407496,2026-06-08,YGY01,ACTIVE
9165,229,Savings,91866941,2027-07-24,MDN01,ACTIVE
9166,3080,Savings,28412763,2028-02-09,SBY01,ACTIVE
9167,8162,Time Deposit,705803806,2027-02-19,BDG01,ACTIVE
9168,6374,Savings,24406054,2027-03-15,JKT01,ACTIVE
9169,1797,Savings,75543876,2027-03-17,MDN01,ACTIVE
9170,1605,Savings,49234451,2028-03-02,BDG01,ACTIVE
9171,8384,Savings,201976827,2027-03-25,JKT01,ACTIVE
9172,2361,Savings,41337940,2027-10-06,JKT02,ACTIVE
9173,2992,Savings,42983186,2026-05-08,JKT01,ACTIVE
9174,680,Time Deposit,417946305,2026-09-24,MDN01,ACTIVE
9175,5452,Savings,16873791,2028-02-03,MDN01,ACTIVE
9176,7972,Time Deposit,727890718,2026-06-09,JKT02,ACTIVE
9177,1225,Savings,11651583,2027-10-26,MDN01,ACTIVE
9178,9795,Savings,28087435,2026-09-05,JKT02,ACTIVE
9179,2081,Time Deposit,1215035548,2026-08-12,MDN01,ACTIVE
9180,3206,Savings,47198196,2027-02-07,SBY01,ACTIVE
9181,7754,Savings,31925493,2027-03-16,SBY01,ACTIVE
9182,3591,Time Deposit,190804265,2026-12-21,JKT01,ACTIVE
9183,9345,Savings,25570276,2028-02-18,YGY01,ACTIVE
9184,2802,Savings,43425796,2026-06-26,JKT01,ACTIVE
9185,52,Time Deposit,1278020735,2026-10-18,YGY01,ACTIVE
9186,369,Savings,110791235,2027-04-25,JKT01,ACTIVE
9187,5418,Savings,52794908,2027-04-30,JKT01,ACTIVE
9188,2773,Savings,13141494,2027-10-02,MDN01,ACTIVE
9189,2588,Time Deposit,619161579,2027-02-23,MDN01,ACTIVE
9190,4139,Time Deposit,130032330,2026-07-05,JKT02,ACTIVE
9191,355,Savings,14295023,2027-11-27,JKT02,ACTIVE
9192,5741,Savings,26185598,2028-02-17,MDN01,ACTIVE
9193,4106,Time Deposit,616203548,2027-01-21,SBY01,ACTIVE
9194,6233,Savings,17118827,2027-04-15,BDG01,ACTIVE
9195,3848,Time Deposit,1024797824,2026-05-31,BDG01,ACTIVE
9196,4056,Time Deposit,590054645,2026-04-12,BDG01,ACTIVE
9197,5485,Savings,10752549,2028-03-11,BDG01,ACTIVE
9198,8277,Savings,66587293,2027-04-30,SMG01,ACTIVE
9199,4753,Savings,36233463,2027-06-23,JKT02,ACTIVE
9200,4740,Time Deposit,1601263256,2026-04-12,BDG01,ACTIVE
9201,1551,Savings,39100929,2027-11-02,BDG01,ACTIVE
9202,8736,Savings,39795612,2027-02-21,SMG01,ACTIVE
9203,4741,Savings,8706823,2027-06-27,JKT02,ACTIVE
9204,6685,Time Deposit,893848931,2026-05-21,SMG01,ACTIVE
9205,5680,Savings,25822316,2026-12-18,BDG01,ACTIVE
9206,8130,Time Deposit,1359934163,2026-11-17,MDN01,ACTIVE
9207,1354,Time Deposit,543368118,2026-08-20,YGY01,ACTIVE
9208,5487,Savings,32896825,2026-06-02,JKT01,ACTIVE
9209,5468,Time Deposit,576365060,2027-01-27,SBY01,ACTIVE
9210,5818,Savings,94319878,2028-03-12,JKT01,ACTIVE
9211,9904,Time Deposit,371682486,2026-10-04,SMG01,ACTIVE
9212,9186,Savings,103484897,2027-05-26,JKT02,ACTIVE
9213,89,Time Deposit,1147094071,2027-03-19,JKT01,ACTIVE
9214,382,Time Deposit,1576392731,2026-12-29,JKT01,ACTIVE
9215,9745,Time Deposit,307554279,2026-09-28,YGY01,ACTIVE
9216,3035,Savings,25724641,2027-05-11,JKT01,ACTIVE
9217,875,Savings,94843628,2028-01-11,JKT02,ACTIVE
9218,5271,Savings,13815194,2027-08-15,JKT01,ACTIVE
9219,6966,Savings,26975960,2027-07-03,JKT02,ACTIVE
9220,3990,Time Deposit,123975837,2027-03-21,SBY01,ACTIVE
9221,6030,Savings,34828141,2026-11-04,SBY01,ACTIVE
9222,6508,Savings,21519273,2026-05-06,SBY01,ACTIVE
9223,4328,Time Deposit,512760299,2026-11-12,SBY01,ACTIVE
9224,3747,Savings,24187214,2027-12-12,SMG01,ACTIVE
9225,238,Savings,38625596,2027-04-26,BDG01,ACTIVE
9226,2115,Time Deposit,757196116,2026-04-27,YGY01,ACTIVE
9227,6290,Savings,133239420,2027-11-19,YGY01,ACTIVE
9228,2094,Savings,133573203,2028-03-20,MDN01,ACTIVE
9229,2125,Savings,137272730,2026-08-20,JKT02,ACTIVE
9230,446,Time Deposit,964045014,2027-02-11,MDN01,ACTIVE
9231,2717,Savings,94071467,2028-01-28,JKT02,ACTIVE
9232,3174,Savings,91629650,2027-04-18,SBY01,ACTIVE
9233,5119,Time Deposit,535008197,2026-07-10,YGY01,ACTIVE
9234,3010,Time Deposit,593323432,2026-09-03,BDG01,ACTIVE
9235,5138,Savings,71879203,2027-10-16,SBY01,ACTIVE
9236,5448,Savings,6139249,2027-07-29,MDN01,ACTIVE
9237,1714,Savings,59014489,2026-12-30,JKT02,ACTIVE
9238,1777,Savings,24695728,2028-02-26,SBY01,ACTIVE
9239,666,Time Deposit,204166668,2027-01-11,SBY01,ACTIVE
9240,7747,Time Deposit,1320816203,2026-12-31,YGY01,ACTIVE
9241,679,Savings,56279312,2026-09-20,MDN01,ACTIVE
9242,4580,Savings,21196141,2027-04-01,BDG01,ACTIVE
9243,7434,Time Deposit,760891807,2026-05-21,JKT02,ACTIVE
9244,6562,Savings,45428605,2026-08-09,SBY01,ACTIVE
9245,9805,Time Deposit,1257247877,2026-08-17,JKT02,ACTIVE
9246,4703,Savings,6662030,2027-02-12,SMG01,ACTIVE
9247,2850,Savings,120013931,2028-03-17,SMG01,ACTIVE
9248,9701,Time Deposit,1368491346,2027-01-10,BDG01,ACTIVE
9249,4480,Savings,23529521,2027-03-31,MDN01,ACTIVE
9250,2643,Time Deposit,454838641,2026-06-11,SMG01,ACTIVE
9251,9443,Savings,79706464,2026-11-08,JKT02,ACTIVE
9252,3091,Savings,47076813,2026-10-14,MDN01,ACTIVE
9253,3925,Savings,36550911,2026-04-25,BDG01,ACTIVE
9254,2794,Savings,26994561,2026-07-21,BDG01,ACTIVE
9255,545,Savings,31810829,2026-08-18,YGY01,ACTIVE
9256,7033,Savings,39957249,2028-01-31,SMG01,ACTIVE
9257,1456,Savings,7001586,2027-04-20,JKT01,ACTIVE
9258,4842,Savings,118016134,2026-12-25,BDG01,ACTIVE
9259,4919,Time Deposit,263372052,2026-09-07,SMG01,ACTIVE
9260,4624,Savings,163026776,2026-08-03,SBY01,ACTIVE
9261,7199,Time Deposit,984543572,2026-09-09,YGY01,ACTIVE
9262,5477,Savings,16926753,2026-10-22,JKT02,ACTIVE
9263,5356,Savings,98799155,2027-05-26,JKT02,ACTIVE
9264,4170,Savings,13385201,2027-11-23,JKT02,ACTIVE
9265,2286,Savings,75501938,2026-12-27,SBY01,ACTIVE
9266,3341,Time Deposit,137351158,2027-02-26,SMG01,ACTIVE
9267,2934,Time Deposit,725051332,2027-01-13,SMG01,ACTIVE
9268,5941,Savings,35476619,2027-04-17,SBY01,ACTIVE
9269,890,Time Deposit,411337850,2027-03-01,YGY01,ACTIVE
9270,4691,Savings,37851944,2028-03-10,SMG01,ACTIVE
9271,5625,Savings,6332692,2027-09-08,BDG01,ACTIVE
9272,4368,Savings,4990095,2027-10-22,YGY01,ACTIVE
9273,8659,Savings,49216787,2028-02-08,JKT02,ACTIVE
9274,431,Savings,19113404,2028-02-08,SMG01,ACTIVE
9275,4743,Savings,81590631,2027-03-21,SBY01,ACTIVE
9276,1132,Time Deposit,348414681,2026-11-23,JKT02,ACTIVE
9277,315,Savings,8533555,2028-02-02,SBY01,ACTIVE
9278,6191,Savings,144798196,2026-08-18,SBY01,ACTIVE
9279,4574,Savings,21032265,2027-12-28,BDG01,ACTIVE
9280,852,Savings,15858505,2028-03-24,SMG01,ACTIVE
9281,4003,Savings,16769799,2026-08-29,JKT01,ACTIVE
9282,5163,Savings,15027248,2027-04-24,YGY01,ACTIVE
9283,4107,Savings,23964999,2027-12-14,JKT01,ACTIVE
9284,8817,Time Deposit,1569808094,2027-03-13,SBY01,ACTIVE
9285,7759,Savings,60034901,2027-12-21,MDN01,ACTIVE
9286,3140,Time Deposit,1339329047,2027-02-11,MDN01,ACTIVE
9287,1867,Savings,20293962,2027-01-30,JKT01,ACTIVE
9288,3302,Time Deposit,488337472,2027-01-10,BDG01,ACTIVE
9289,9105,Savings,24845566,2027-09-14,MDN01,ACTIVE
9290,7940,Savings,52805676,2028-02-20,SMG01,ACTIVE
9291,4652,Savings,119791111,2027-06-02,JKT02,ACTIVE
9292,9511,Time Deposit,700870485,2026-10-21,JKT01,ACTIVE
9293,7981,Savings,26929506,2027-06-15,BDG01,ACTIVE
9294,8529,Savings,38144610,2026-05-17,YGY01,ACTIVE
9295,3426,Time Deposit,708319408,2026-07-21,SBY01,ACTIVE
9296,9799,Time Deposit,469880908,2026-11-30,SMG01,ACTIVE
9297,4800,Savings,11132450,2028-02-05,JKT02,ACTIVE
9298,8446,Time Deposit,1531486327,2026-12-13,SBY01,ACTIVE
9299,1998,Time Deposit,848254242,2026-07-01,JKT01,ACTIVE
9300,4261,Time Deposit,501546798,2027-01-30,MDN01,ACTIVE
9301,2487,Time Deposit,197712871,2026-11-25,SBY01,ACTIVE
9302,5633,Savings,11072693,2027-03-15,BDG01,ACTIVE
9303,7979,Savings,23199048,2027-03-08,JKT02,ACTIVE
9304,1300,Time Deposit,1630647309,2026-07-03,BDG01,ACTIVE
9305,6807,Savings,12269456,2027-01-18,SMG01,ACTIVE
9306,1311,Savings,79091668,2027-06-07,JKT01,ACTIVE
9307,2948,Time Deposit,1020721518,2026-10-12,JKT01,ACTIVE
9308,6969,Savings,32698411,2026-12-16,MDN01,ACTIVE
9309,4329,Savings,11842961,2026-08-30,JKT01,ACTIVE
9310,4839,Savings,4755538,2028-03-07,BDG01,ACTIVE
9311,8042,Time Deposit,343229462,2026-07-11,BDG01,ACTIVE
9312,6352,Savings,69719019,2027-12-11,SBY01,ACTIVE
9313,5007,Time Deposit,497185497,2027-01-26,JKT02,ACTIVE
9314,5818,Savings,60681404,2027-11-25,SMG01,ACTIVE
9315,5164,Time Deposit,709022846,2026-10-27,JKT01,ACTIVE
9316,3179,Time Deposit,704359299,2027-02-11,SBY01,ACTIVE
9317,5564,Time Deposit,929972469,2026-05-31,YGY01,ACTIVE
9318,3390,Savings,30021796,2028-01-17,JKT01,ACTIVE
9319,5278,Savings,7184275,2027-10-17,JKT02,ACTIVE
9320,6046,Savings,6315153,2026-08-10,MDN01,ACTIVE
9321,8672,Savings,90464075,2026-06-24,MDN01,ACTIVE
9322,7560,Savings,17160718,2028-01-07,SBY01,ACTIVE
9323,9116,Savings,14907985,2027-05-31,SMG01,ACTIVE
9324,4891,Savings,49580050,2027-12-28,JKT02,ACTIVE
9325,5462,Savings,67719124,2026-06-08,MDN01,ACTIVE
9326,4528,Time Deposit,574811392,2026-10-02,JKT02,ACTIVE
9327,8801,Time Deposit,270081466,2027-01-19,SMG01,ACTIVE
9328,5666,Savings,26482233,2028-03-09,SMG01,ACTIVE
9329,8894,Time Deposit,676099871,2026-04-12,SMG01,ACTIVE
9330,1783,Time Deposit,301822976,2026-04-14,JKT01,ACTIVE
9331,6397,Time Deposit,507043002,2026-06-29,JKT01,ACTIVE
9332,7785,Savings,84247004,2027-05-31,SBY01,ACTIVE
9333,2071,Time Deposit,862142001,2026-05-29,YGY01,ACTIVE
9334,6692,Time Deposit,767599206,2026-04-16,BDG01,ACTIVE
9335,7873,Time Deposit,801509309,2026-11-02,JKT01,ACTIVE
9336,3950,Time Deposit,498505162,2026-07-30,JKT02,ACTIVE
9337,4721,Savings,52606651,2026-07-23,BDG01,ACTIVE
9338,591,Time Deposit,271415351,2026-11-02,MDN01,ACTIVE
9339,8784,Savings,29094885,2026-10-05,SBY01,ACTIVE
9340,3389,Savings,110571458,2026-06-01,JKT01,ACTIVE
9341,1165,Savings,50162423,2027-06-03,BDG01,ACTIVE
9342,4984,Savings,68474315,2026-09-26,JKT01,ACTIVE
9343,1262,Savings,133914653,2026-11-08,SBY01,ACTIVE
9344,8105,Savings,25713315,2026-06-04,SMG01,ACTIVE
9345,360,Time Deposit,564821395,2027-01-08,JKT01,ACTIVE
9346,5168,Time Deposit,1368732860,2026-07-31,SBY01,ACTIVE
9347,122,Savings,39520918,2026-12-08,SMG01,ACTIVE
9348,4592,Savings,80722798,2027-02-24,SMG01,ACTIVE
9349,6154,Savings,5978282,2027-09-06,BDG01,ACTIVE
9350,3320,Time Deposit,1495820999,2026-09-11,MDN01,ACTIVE
9351,4569,Time Deposit,239024635,2026-05-10,MDN01,ACTIVE
9352,282,Savings,16034862,2026-04-25,JKT01,ACTIVE
9353,8103,Savings,18408553,2026-08-31,SBY01,ACTIVE
9354,4515,Time Deposit,883611648,2027-02-22,JKT01,ACTIVE
9355,888,Time Deposit,1076429331,2026-12-04,YGY01,ACTIVE
9356,3787,Savings,88283725,2027-07-06,JKT02,ACTIVE
9357,2797,Savings,19418309,2026-11-01,MDN01,ACTIVE
9358,3400,Time Deposit,626779009,2026-10-08,JKT02,ACTIVE
9359,7318,Time Deposit,541302908,2027-01-06,MDN01,ACTIVE
9360,1110,Time Deposit,213956517,2026-12-09,SBY01,ACTIVE
9361,7037,Time Deposit,1094035524,2026-06-03,YGY01,ACTIVE
9362,2537,Time Deposit,1719181805,2026-04-29,BDG01,ACTIVE
9363,3332,Savings,27676556,2028-03-10,BDG01,ACTIVE
9364,7213,Savings,149156141,2027-07-01,MDN01,ACTIVE
9365,6302,Savings,33692766,2027-11-14,SBY01,ACTIVE
9366,8821,Savings,55919473,2027-08-25,JKT02,ACTIVE
9367,6431,Savings,51176266,2026-05-31,JKT02,ACTIVE
9368,4835,Time Deposit,578666537,2026-08-24,JKT02,ACTIVE
9369,8573,Savings,64275321,2028-01-05,YGY01,ACTIVE
9370,5166,Savings,26268168,2026-10-12,SMG01,ACTIVE
9371,4020,Savings,12277200,2027-10-08,SMG01,ACTIVE
9372,3163,Savings,67444887,2027-05-22,JKT02,ACTIVE
9373,2979,Savings,6284336,2027-03-02,JKT01,ACTIVE
9374,2556,Savings,91855857,2027-04-20,SBY01,ACTIVE
9375,841,Time Deposit,190893337,2027-01-02,MDN01,ACTIVE
9376,2365,Savings,19925443,2027-02-07,MDN01,ACTIVE
9377,1908,Time Deposit,567141133,2027-01-18,SMG01,ACTIVE
9378,1219,Savings,79624337,2027-01-04,BDG01,ACTIVE
9379,8874,Time Deposit,216928852,2026-05-24,BDG01,ACTIVE
9380,4592,Savings,85840794,2027-12-08,JKT01,ACTIVE
9381,8817,Time Deposit,912355044,2027-01-04,JKT02,ACTIVE
9382,7693,Time Deposit,846696140,2027-02-12,MDN01,ACTIVE
9383,1247,Time Deposit,1198038604,2026-06-25,BDG01,ACTIVE
9384,6773,Savings,12133812,2027-10-25,YGY01,ACTIVE
9385,8806,Time Deposit,497379062,2026-06-07,JKT01,ACTIVE
9386,9906,Savings,11897744,2028-03-04,JKT02,ACTIVE
9387,1587,Time Deposit,1678193868,2026-07-27,JKT01,ACTIVE
9388,4987,Time Deposit,805993789,2026-10-18,SMG01,ACTIVE
9389,5795,Savings,170984577,2027-08-10,JKT01,ACTIVE
9390,6367,Savings,119467865,2026-07-09,SMG01,ACTIVE
9391,7121,Savings,13393674,2026-10-04,SMG01,ACTIVE
9392,10,Time Deposit,573021391,2027-03-15,JKT01,ACTIVE
9393,7553,Time Deposit,296675076,2026-10-13,JKT02,ACTIVE
9394,9111,Savings,12369697,2028-01-28,BDG01,ACTIVE
9395,4348,Time Deposit,1271474019,2026-06-15,BDG01,ACTIVE
9396,3979,Time Deposit,1295894861,2026-11-11,SMG01,ACTIVE
9397,9920,Savings,18450166,2026-07-24,JKT01,ACTIVE
9398,5142,Savings,112637180,2026-06-05,YGY01,ACTIVE
9399,7625,Time Deposit,686652280,2027-02-27,MDN01,ACTIVE
9400,7899,Savings,10833112,2028-03-02,JKT02,ACTIVE
9401,6964,Savings,38764400,2027-04-27,JKT02,ACTIVE
9402,9057,Savings,14028540,2026-09-06,YGY01,ACTIVE
9403,6749,Time Deposit,1116900709,2026-12-28,SMG01,ACTIVE
9404,2450,Savings,180454055,2027-05-16,JKT01,ACTIVE
9405,7292,Savings,69384083,2026-07-14,SBY01,ACTIVE
9406,5289,Savings,7250351,2027-06-30,SMG01,ACTIVE
9407,6765,Time Deposit,508174806,2026-10-07,MDN01,ACTIVE
9408,8772,Savings,24825442,2027-08-30,MDN01,ACTIVE
9409,9505,Time Deposit,200299903,2026-07-27,JKT01,ACTIVE
9410,4988,Savings,7128422,2026-07-14,JKT02,ACTIVE
9411,7365,Time Deposit,273417331,2026-06-11,MDN01,ACTIVE
9412,1045,Time Deposit,435656427,2027-02-13,JKT02,ACTIVE
9413,6758,Savings,13824297,2027-12-02,MDN01,ACTIVE
9414,6321,Savings,23658832,2026-07-07,MDN01,ACTIVE
9415,6938,Time Deposit,891984112,2027-01-11,BDG01,ACTIVE
9416,642,Savings,35699249,2026-12-01,MDN01,ACTIVE
9417,9293,Savings,186959712,2027-09-26,SBY01,ACTIVE
9418,909,Time Deposit,1507003942,2027-01-25,JKT01,ACTIVE
9419,4420,Savings,162656416,2026-04-27,SMG01,ACTIVE
9420,8180,Savings,168831711,2028-03-19,SBY01,ACTIVE
9421,2984,Time Deposit,210445910,2026-07-10,JKT01,ACTIVE
9422,9070,Time Deposit,769192425,2026-12-11,MDN01,ACTIVE
9423,6605,Savings,15499052,2026-08-29,MDN01,ACTIVE
9424,3424,Time Deposit,804512547,2026-12-21,JKT01,ACTIVE
9425,2596,Savings,14565708,2027-02-04,MDN01,ACTIVE
9426,7577,Time Deposit,1601859106,2026-07-13,JKT01,ACTIVE
9427,6371,Time Deposit,1146715910,2026-08-18,MDN01,ACTIVE
9428,1889,Savings,30847931,2027-08-26,JKT02,ACTIVE
9429,9056,Savings,119201476,2026-06-29,BDG01,ACTIVE
9430,7512,Time Deposit,370108721,2027-03-15,SBY01,ACTIVE
9431,6771,Time Deposit,1286452310,2027-01-13,MDN01,ACTIVE
9432,1951,Time Deposit,705760048,2026-10-17,SBY01,ACTIVE
9433,5883,Time Deposit,630865180,2026-04-12,YGY01,ACTIVE
9434,2039,Savings,142893438,2026-10-20,BDG01,ACTIVE
9435,7454,Savings,16704922,2027-02-26,MDN01,ACTIVE
9436,1183,Savings,38374230,2027-04-14,SBY01,ACTIVE
9437,611,Savings,65005197,2026-09-12,YGY01,ACTIVE
9438,2315,Savings,15288730,2027-11-12,MDN01,ACTIVE
9439,6953,Time Deposit,1462712434,2026-10-17,MDN01,ACTIVE
9440,4931,Savings,30732475,2026-08-19,SBY01,ACTIVE
9441,9261,Savings,20446774,2026-07-26,SBY01,ACTIVE
9442,3637,Savings,17144004,2027-05-17,JKT01,ACTIVE
9443,3409,Savings,39643546,2026-12-14,YGY01,ACTIVE
9444,115,Time Deposit,670950549,2027-03-23,YGY01,ACTIVE
9445,901,Savings,8135589,2027-08-26,BDG01,ACTIVE
9446,1766,Time Deposit,125915493,2026-05-03,JKT01,ACTIVE
9447,6371,Savings,102347067,2027-12-07,MDN01,ACTIVE
9448,3504,Savings,11163437,2027-07-04,BDG01,ACTIVE
9449,6864,Savings,29901973,2026-09-25,BDG01,ACTIVE
9450,194,Time Deposit,779294624,2026-08-26,SBY01,ACTIVE
9451,227,Savings,61293891,2027-07-12,YGY01,ACTIVE
9452,1576,Savings,62716062,2027-03-26,SBY01,ACTIVE
9453,4341,Savings,18934966,2027-09-02,JKT02,ACTIVE
9454,965,Savings,14404501,2028-02-10,JKT01,ACTIVE
9455,1433,Time Deposit,646495438,2027-01-23,YGY01,ACTIVE
9456,8295,Time Deposit,430644791,2027-01-04,YGY01,ACTIVE
9457,8023,Savings,14044731,2026-05-01,JKT02,ACTIVE
9458,2949,Time Deposit,940004390,2026-10-10,BDG01,ACTIVE
9459,7123,Time Deposit,1087526379,2027-03-04,JKT02,ACTIVE
9460,8204,Savings,11302955,2026-08-22,MDN01,ACTIVE
9461,5328,Time Deposit,227550263,2026-11-15,JKT01,ACTIVE
9462,8738,Savings,57802520,2028-01-19,YGY01,ACTIVE
9463,7990,Savings,82078394,2028-03-06,SBY01,ACTIVE
9464,4676,Time Deposit,1191813524,2026-07-21,SMG01,ACTIVE
9465,7495,Time Deposit,675130002,2026-05-12,JKT01,ACTIVE
9466,2954,Savings,61708663,2027-01-05,JKT01,ACTIVE
9467,6086,Savings,3277510,2026-12-12,SBY01,ACTIVE
9468,5179,Savings,37424757,2028-03-22,SBY01,ACTIVE
9469,6851,Time Deposit,240586013,2027-01-31,JKT01,ACTIVE
9470,4950,Savings,9443697,2027-09-06,YGY01,ACTIVE
9471,3960,Savings,14528874,2027-12-24,SBY01,ACTIVE
9472,6081,Time Deposit,356905579,2026-05-01,MDN01,ACTIVE
9473,6406,Savings,21426381,2028-02-22,YGY01,ACTIVE
9474,1903,Time Deposit,648513968,2026-12-12,MDN01,ACTIVE
9475,9759,Time Deposit,277077033,2026-11-18,SBY01,ACTIVE
9476,4138,Savings,114059651,2026-12-21,MDN01,ACTIVE
9477,5869,Time Deposit,386427867,2026-11-20,MDN01,ACTIVE
9478,9624,Savings,14168442,2026-09-08,BDG01,ACTIVE
9479,3333,Savings,78880262,2027-12-25,JKT02,ACTIVE
9480,3955,Savings,15206567,2028-01-21,MDN01,ACTIVE
9481,8928,Savings,77430582,2027-11-08,JKT01,ACTIVE
9482,1532,Time Deposit,453805103,2026-09-10,YGY01,ACTIVE
9483,7054,Savings,18818674,2026-07-05,JKT01,ACTIVE
9484,888,Time Deposit,823782101,2026-12-16,JKT01,ACTIVE
9485,309,Savings,37449895,2026-04-28,YGY01,ACTIVE
9486,8605,Savings,42243696,2027-08-28,SBY01,ACTIVE
9487,2731,Savings,36596729,2027-10-18,MDN01,ACTIVE
9488,232,Time Deposit,1235123895,2027-03-11,JKT01,ACTIVE
9489,1300,Time Deposit,1514405748,2026-06-04,SMG01,ACTIVE
9490,276,Savings,16826404,2026-06-15,JKT02,ACTIVE
9491,5054,Savings,190993626,2027-04-23,MDN01,ACTIVE
9492,7692,Savings,52237996,2027-09-18,SBY01,ACTIVE
9493,1346,Savings,21677724,2027-02-19,SBY01,ACTIVE
9494,7913,Savings,24389623,2027-08-13,BDG01,ACTIVE
9495,5809,Time Deposit,515208912,2027-03-25,JKT01,ACTIVE
9496,9939,Time Deposit,350719368,2026-10-06,SBY01,ACTIVE
9497,1239,Savings,13028801,2027-04-13,JKT02,ACTIVE
9498,7648,Time Deposit,902085804,2026-04-16,MDN01,ACTIVE
9499,5114,Savings,10427181,2027-01-06,SMG01,ACTIVE
9500,6328,Savings,27344259,2026-11-02,SMG01,ACTIVE
9501,6806,Savings,10101545,2027-09-10,YGY01,ACTIVE
9502,4658,Time Deposit,247909794,2027-02-15,YGY01,ACTIVE
9503,2881,Time Deposit,1013627811,2026-06-08,JKT01,ACTIVE
9504,6971,Savings,42248846,2026-10-09,MDN01,ACTIVE
9505,9457,Savings,12065746,2027-06-22,JKT01,ACTIVE
9506,5565,Savings,8519804,2026-07-06,SBY01,ACTIVE
9507,458,Savings,10860115,2027-01-06,MDN01,ACTIVE
9508,8264,Time Deposit,373457938,2026-07-21,MDN01,ACTIVE
9509,7908,Savings,75926616,2026-05-12,SBY01,ACTIVE
9510,4596,Time Deposit,313931018,2026-08-16,MDN01,ACTIVE
9511,9832,Savings,20620193,2026-04-24,JKT01,ACTIVE
9512,1008,Savings,220265918,2027-10-31,JKT01,ACTIVE
9513,3565,Savings,4998826,2027-12-16,SMG01,ACTIVE
9514,4969,Time Deposit,310171936,2026-09-10,BDG01,ACTIVE
9515,3748,Time Deposit,1386441101,2027-01-03,MDN01,ACTIVE
9516,1133,Savings,17083856,2026-09-15,BDG01,ACTIVE
9517,9511,Time Deposit,869127370,2026-08-29,BDG01,ACTIVE
9518,5528,Savings,219270758,2027-06-22,MDN01,ACTIVE
9519,1065,Time Deposit,1469786909,2027-03-18,YGY01,ACTIVE
9520,4790,Time Deposit,827173306,2026-12-09,BDG01,ACTIVE
9521,9984,Time Deposit,1400347848,2026-09-23,SMG01,ACTIVE
9522,1132,Savings,7876457,2027-10-05,JKT01,ACTIVE
9523,5545,Time Deposit,899310477,2026-11-16,JKT01,ACTIVE
9524,238,Time Deposit,524369956,2026-08-19,SBY01,ACTIVE
9525,2839,Time Deposit,937727636,2027-03-03,SMG01,ACTIVE
9526,6419,Savings,18951426,2027-12-07,SBY01,ACTIVE
9527,2372,Time Deposit,754767289,2026-04-24,JKT02,ACTIVE
9528,6852,Savings,16195498,2026-08-17,BDG01,ACTIVE
9529,9896,Time Deposit,717168660,2027-01-28,SBY01,ACTIVE
9530,8210,Savings,10338186,2026-11-15,JKT01,ACTIVE
9531,1424,Savings,20760391,2026-07-04,JKT01,ACTIVE
9532,6158,Savings,27575123,2026-10-02,SBY01,ACTIVE
9533,2715,Savings,48561324,2026-08-08,JKT01,ACTIVE
9534,9352,Savings,18766330,2027-04-28,SBY01,ACTIVE
9535,9739,Savings,15802833,2028-03-04,BDG01,ACTIVE
9536,9513,Savings,98363578,2026-11-20,JKT01,ACTIVE
9537,8485,Savings,22317457,2026-09-26,SBY01,ACTIVE
9538,7427,Savings,25883275,2027-01-17,BDG01,ACTIVE
9539,1480,Savings,224354355,2027-02-25,BDG01,ACTIVE
9540,2971,Time Deposit,132996831,2026-12-23,YGY01,ACTIVE
9541,7893,Savings,16231755,2027-07-25,BDG01,ACTIVE
9542,2419,Savings,27270233,2027-07-04,SMG01,ACTIVE
9543,209,Savings,13016249,2027-10-07,JKT01,ACTIVE
9544,9979,Savings,6258318,2028-02-16,SMG01,ACTIVE
9545,2710,Time Deposit,111190084,2026-05-03,YGY01,ACTIVE
9546,3603,Savings,9827921,2026-12-10,MDN01,ACTIVE
9547,101,Time Deposit,744439859,2026-11-21,MDN01,ACTIVE
9548,8077,Time Deposit,240462907,2026-07-08,SBY01,ACTIVE
9549,3398,Time Deposit,690953646,2026-12-02,JKT01,ACTIVE
9550,4606,Savings,73664219,2027-07-31,JKT01,ACTIVE
9551,3043,Time Deposit,1394199140,2026-09-01,JKT02,ACTIVE
9552,4708,Time Deposit,833698909,2026-05-30,MDN01,ACTIVE
9553,489,Savings,64898645,2027-02-15,SBY01,ACTIVE
9554,7434,Savings,77291086,2028-01-22,SMG01,ACTIVE
9555,3284,Savings,80912973,2026-12-19,MDN01,ACTIVE
9556,2195,Savings,6473613,2028-03-07,BDG01,ACTIVE
9557,638,Time Deposit,465090981,2027-02-20,JKT02,ACTIVE
9558,2977,Savings,46305831,2026-09-14,JKT01,ACTIVE
9559,1402,Savings,16385124,2027-07-10,JKT02,ACTIVE
9560,358,Savings,47376452,2026-08-29,YGY01,ACTIVE
9561,9857,Savings,7721794,2026-11-30,MDN01,ACTIVE
9562,2439,Time Deposit,908800054,2026-12-21,SMG01,ACTIVE
9563,4893,Savings,35950244,2027-10-10,JKT02,ACTIVE
9564,797,Time Deposit,1006711662,2026-05-03,BDG01,ACTIVE
9565,2160,Time Deposit,839507052,2026-12-03,SMG01,ACTIVE
9566,4287,Savings,162513385,2026-08-13,MDN01,ACTIVE
9567,7655,Savings,119377143,2026-08-10,YGY01,ACTIVE
9568,7801,Savings,18249873,2027-06-30,MDN01,ACTIVE
9569,4575,Savings,46358664,2027-12-22,JKT02,ACTIVE
9570,6986,Savings,199933217,2028-02-11,YGY01,ACTIVE
9571,6207,Savings,131335173,2027-04-29,BDG01,ACTIVE
9572,4468,Time Deposit,1128642235,2026-04-17,JKT01,ACTIVE
9573,2797,Savings,14353981,2026-10-24,JKT01,ACTIVE
9574,4315,Savings,43952598,2028-03-07,JKT02,ACTIVE
9575,2094,Time Deposit,1031082399,2026-12-19,SMG01,ACTIVE
9576,8494,Savings,60107015,2026-06-23,SBY01,ACTIVE
9577,1188,Savings,40315752,2026-07-24,SBY01,ACTIVE
9578,3020,Savings,15650834,2027-06-27,YGY01,ACTIVE
9579,6147,Savings,25009402,2027-07-13,JKT02,ACTIVE
9580,451,Time Deposit,902568206,2026-04-10,SBY01,ACTIVE
9581,6011,Savings,38868372,2026-12-31,SMG01,ACTIVE
9582,6050,Savings,196085941,2027-02-20,JKT01,ACTIVE
9583,6613,Time Deposit,317197831,2026-09-02,JKT02,ACTIVE
9584,3467,Time Deposit,952005456,2026-09-12,JKT01,ACTIVE
9585,1187,Savings,34504686,2026-05-25,YGY01,ACTIVE
9586,4369,Savings,29601377,2026-08-03,MDN01,ACTIVE
9587,3015,Time Deposit,577608240,2027-02-13,SMG01,ACTIVE
9588,1293,Savings,25023691,2026-07-29,SBY01,ACTIVE
9589,6297,Savings,71466996,2026-10-19,JKT02,ACTIVE
9590,8219,Savings,26514393,2027-07-14,BDG01,ACTIVE
9591,246,Savings,80658801,2027-04-01,JKT01,ACTIVE
9592,4690,Savings,42101580,2027-08-17,SBY01,ACTIVE
9593,1917,Savings,13596804,2026-11-16,SMG01,ACTIVE
9594,4435,Savings,185560034,2026-08-21,SBY01,ACTIVE
9595,7626,Savings,81363169,2028-02-29,SBY01,ACTIVE
9596,8933,Savings,30613128,2028-02-07,YGY01,ACTIVE
9597,4860,Time Deposit,1205115079,2026-09-15,SMG01,ACTIVE
9598,5533,Savings,70797226,2026-11-08,SMG01,ACTIVE
9599,2428,Savings,25918681,2027-04-30,SBY01,ACTIVE
9600,6465,Time Deposit,1371497259,2026-05-21,JKT02,ACTIVE
9601,8725,Time Deposit,1086178664,2026-11-23,JKT01,ACTIVE
9602,7812,Time Deposit,1524531649,2026-11-29,JKT01,ACTIVE
9603,9157,Savings,12779320,2028-03-22,JKT02,ACTIVE
9604,4697,Time Deposit,188779161,2027-02-18,SBY01,ACTIVE
9605,9877,Savings,22665016,2026-07-20,JKT02,ACTIVE
9606,7278,Time Deposit,1474317419,2026-08-09,JKT01,ACTIVE
9607,5998,Savings,47873800,2026-07-30,MDN01,ACTIVE
9608,7358,Savings,58221183,2027-12-15,BDG01,ACTIVE
9609,9334,Savings,91171958,2028-03-14,SMG01,ACTIVE
9610,2549,Savings,104220745,2026-08-20,SMG01,ACTIVE
9611,833,Time Deposit,94402012,2027-03-22,JKT01,ACTIVE
9612,1083,Savings,204975104,2026-06-19,SBY01,ACTIVE
9613,1987,Savings,27160262,2026-12-27,JKT01,ACTIVE
9614,6924,Time Deposit,609147801,2026-06-27,JKT01,ACTIVE
9615,891,Time Deposit,877951284,2026-12-30,SBY01,ACTIVE
9616,4983,Savings,33219594,2027-03-11,SMG01,ACTIVE
9617,300,Time Deposit,309844141,2026-05-23,SBY01,ACTIVE
9618,123,Savings,2865145,2027-07-22,SBY01,ACTIVE
9619,8743,Savings,25546532,2027-02-07,SMG01,ACTIVE
9620,1679,Savings,24188179,2027-03-04,SBY01,ACTIVE
9621,6889,Time Deposit,555424984,2026-09-04,BDG01,ACTIVE
9622,2519,Time Deposit,802205551,2026-05-02,YGY01,ACTIVE
9623,5280,Savings,31065188,2027-08-30,MDN01,ACTIVE
9624,6357,Savings,98862671,2027-03-20,JKT02,ACTIVE
9625,892,Savings,24839042,2026-05-22,YGY01,ACTIVE
9626,9175,Savings,41092418,2026-06-02,SBY01,ACTIVE
9627,6918,Savings,18523593,2027-11-06,SMG01,ACTIVE
9628,5023,Time Deposit,1407952078,2026-11-28,JKT02,ACTIVE
9629,5478,Savings,11888799,2027-04-25,MDN01,ACTIVE
9630,8337,Savings,17014945,2026-10-18,JKT01,ACTIVE
9631,1581,Savings,109339930,2026-05-19,JKT01,ACTIVE
9632,2177,Savings,5490877,2026-07-15,MDN01,ACTIVE
9633,4011,Savings,8648029,2027-04-06,MDN01,ACTIVE
9634,1944,Savings,5074012,2027-04-30,BDG01,ACTIVE
9635,3599,Time Deposit,1732566255,2026-09-09,SMG01,ACTIVE
9636,2860,Savings,171103300,2026-09-03,JKT02,ACTIVE
9637,3185,Time Deposit,1311786603,2026-06-16,SBY01,ACTIVE
9638,8335,Savings,91267450,2027-10-28,SBY01,ACTIVE
9639,488,Savings,28713433,2026-08-21,BDG01,ACTIVE
9640,5326,Time Deposit,162729742,2026-10-19,YGY01,ACTIVE
9641,8883,Savings,20042738,2027-02-19,SMG01,ACTIVE
9642,2196,Time Deposit,358218397,2026-05-19,SBY01,ACTIVE
9643,9351,Savings,65657091,2027-04-28,MDN01,ACTIVE
9644,4129,Time Deposit,1539955242,2026-05-21,YGY01,ACTIVE
9645,2047,Savings,157958074,2027-06-09,SMG01,ACTIVE
9646,2306,Time Deposit,996824463,2026-04-14,MDN01,ACTIVE
9647,3493,Savings,25976710,2027-09-03,JKT01,ACTIVE
9648,5040,Savings,210665143,2027-12-01,SBY01,ACTIVE
9649,2560,Time Deposit,1289740884,2026-05-04,SMG01,ACTIVE
9650,3170,Savings,17070256,2027-07-19,YGY01,ACTIVE
9651,7850,Savings,41563333,2028-02-08,JKT01,ACTIVE
9652,7940,Savings,50953972,2026-12-26,BDG01,ACTIVE
9653,7103,Savings,24111183,2027-07-25,SMG01,ACTIVE
9654,4740,Savings,230273359,2028-02-19,SBY01,ACTIVE
9655,1841,Time Deposit,632495784,2026-12-05,YGY01,ACTIVE
9656,9071,Savings,14320772,2026-08-21,YGY01,ACTIVE
9657,5786,Savings,12191595,2026-11-20,SBY01,ACTIVE
9658,5675,Savings,60696977,2026-05-08,MDN01,ACTIVE
9659,7966,Time Deposit,395795596,2026-07-13,JKT02,ACTIVE
9660,7384,Savings,42827050,2026-12-30,SMG01,ACTIVE
9661,7595,Savings,133072288,2028-03-23,JKT01,ACTIVE
9662,7936,Savings,30995205,2028-02-17,SBY01,ACTIVE
9663,708,Time Deposit,1090870168,2026-05-09,SMG01,ACTIVE
9664,9472,Savings,7664264,2027-06-09,BDG01,ACTIVE
9665,4364,Time Deposit,160422944,2026-08-26,BDG01,ACTIVE
9666,3550,Time Deposit,400691843,2026-06-30,BDG01,ACTIVE
9667,2024,Savings,74543581,2027-12-13,BDG01,ACTIVE
9668,5327,Savings,44509515,2027-08-28,YGY01,ACTIVE
9669,3013,Savings,114653138,2026-12-11,YGY01,ACTIVE
9670,2398,Savings,36430037,2027-10-16,SBY01,ACTIVE
9671,7433,Savings,23739587,2026-11-12,JKT01,ACTIVE
9672,2888,Savings,76383154,2027-12-24,JKT01,ACTIVE
9673,2826,Savings,22288774,2027-09-08,BDG01,ACTIVE
9674,2370,Time Deposit,303495507,2026-12-08,MDN01,ACTIVE
9675,514,Time Deposit,936381261,2026-10-16,BDG01,ACTIVE
9676,5980,Savings,32351511,2027-10-25,JKT02,ACTIVE
9677,5232,Time Deposit,1086264883,2027-03-15,JKT01,ACTIVE
9678,8900,Savings,6662262,2027-03-21,JKT01,ACTIVE
9679,4080,Savings,33316611,2026-11-07,BDG01,ACTIVE
9680,5629,Savings,40116580,2027-09-03,YGY01,ACTIVE
9681,6141,Time Deposit,1775098238,2026-10-14,MDN01,ACTIVE
9682,9106,Savings,6625760,2026-06-12,SMG01,ACTIVE
9683,8235,Savings,20841648,2026-12-27,SMG01,ACTIVE
9684,1323,Time Deposit,443213521,2026-07-20,BDG01,ACTIVE
9685,109,Savings,65843535,2028-03-11,SBY01,ACTIVE
9686,354,Savings,10550394,2027-06-29,YGY01,ACTIVE
9687,2006,Savings,31466038,2026-09-13,BDG01,ACTIVE
9688,1252,Time Deposit,107806583,2026-08-26,MDN01,ACTIVE
9689,8363,Time Deposit,1035593745,2026-07-17,SBY01,ACTIVE
9690,1976,Time Deposit,216327848,2026-12-03,SBY01,ACTIVE
9691,9871,Savings,61631351,2027-05-23,SBY01,ACTIVE
9692,4677,Savings,113505984,2027-07-14,SMG01,ACTIVE
9693,2600,Savings,25227606,2027-11-11,SBY01,ACTIVE
9694,223,Savings,112031737,2027-11-02,YGY01,ACTIVE
9695,7666,Savings,12323988,2026-08-05,BDG01,ACTIVE
9696,323,Savings,65191534,2026-12-14,BDG01,ACTIVE
9697,3589,Time Deposit,602744209,2027-02-09,SMG01,ACTIVE
9698,5818,Savings,131697195,2028-01-26,JKT02,ACTIVE
9699,6518,Time Deposit,924538083,2026-12-11,BDG01,ACTIVE
9700,6976,Time Deposit,949939843,2026-07-07,SBY01,ACTIVE
9701,2214,Time Deposit,189151532,2026-11-24,YGY01,ACTIVE
9702,8250,Time Deposit,1387387121,2026-05-01,MDN01,ACTIVE
9703,6759,Savings,38479662,2028-01-19,JKT01,ACTIVE
9704,6322,Time Deposit,823269202,2026-08-19,BDG01,ACTIVE
9705,5032,Time Deposit,769275904,2026-09-14,MDN01,ACTIVE
9706,4268,Time Deposit,644379523,2026-06-08,JKT02,ACTIVE
9707,9279,Time Deposit,566561453,2027-03-14,YGY01,ACTIVE
9708,4313,Savings,23925122,2026-11-30,JKT02,ACTIVE
9709,2500,Savings,18279734,2027-07-12,SMG01,ACTIVE
9710,7398,Time Deposit,879086635,2026-07-14,SBY01,ACTIVE
9711,8475,Savings,22971414,2027-05-26,YGY01,ACTIVE
9712,5535,Time Deposit,731738268,2026-08-15,SBY01,ACTIVE
9713,1362,Time Deposit,1295847662,2026-06-02,SBY01,ACTIVE
9714,3502,Savings,59576503,2026-12-24,MDN01,ACTIVE
9715,603,Savings,16482406,2028-02-07,MDN01,ACTIVE
9716,6229,Time Deposit,443494746,2026-11-03,JKT01,ACTIVE
9717,9368,Savings,142821945,2027-05-23,BDG01,ACTIVE
9718,9072,Savings,12641741,2027-09-18,YGY01,ACTIVE
9719,5717,Savings,32028670,2026-10-06,MDN01,ACTIVE
9720,2052,Time Deposit,425924498,2026-09-19,JKT01,ACTIVE
9721,8014,Savings,12443915,2027-11-16,SMG01,ACTIVE
9722,4243,Savings,3197687,2028-03-06,YGY01,ACTIVE
9723,4272,Time Deposit,285189779,2026-05-11,SMG01,ACTIVE
9724,1996,Savings,32522007,2027-01-11,BDG01,ACTIVE
9725,9134,Savings,7612567,2026-06-01,SBY01,ACTIVE
9726,2844,Savings,21779874,2027-06-30,YGY01,ACTIVE
9727,6322,Savings,108605853,2027-09-23,SBY01,ACTIVE
9728,8258,Savings,11807127,2027-06-28,SBY01,ACTIVE
9729,1282,Savings,32848419,2026-05-07,YGY01,ACTIVE
9730,3025,Time Deposit,1039481831,2026-11-04,BDG01,ACTIVE
9731,3474,Savings,37594179,2026-06-27,MDN01,ACTIVE
9732,8515,Time Deposit,328749181,2027-01-18,YGY01,ACTIVE
9733,5399,Savings,37944034,2026-09-08,JKT02,ACTIVE
9734,5832,Savings,30869317,2027-07-18,MDN01,ACTIVE
9735,5091,Savings,21811285,2028-03-18,SMG01,ACTIVE
9736,1491,Time Deposit,344246106,2026-05-05,JKT02,ACTIVE
9737,9335,Savings,15786886,2026-11-22,SMG01,ACTIVE
9738,4648,Savings,77184274,2028-03-17,JKT01,ACTIVE
9739,3813,Savings,117942774,2026-08-19,SMG01,ACTIVE
9740,914,Savings,18339532,2027-09-24,BDG01,ACTIVE
9741,5298,Time Deposit,665038539,2026-11-17,SMG01,ACTIVE
9742,2128,Time Deposit,467891129,2026-05-14,BDG01,ACTIVE
9743,6235,Savings,36326232,2027-10-05,BDG01,ACTIVE
9744,5060,Savings,7120662,2027-02-13,BDG01,ACTIVE
9745,2631,Savings,13473584,2028-03-20,YGY01,ACTIVE
9746,5751,Savings,35569483,2027-07-16,SMG01,ACTIVE
9747,1744,Savings,56310172,2026-08-30,SBY01,ACTIVE
9748,9633,Savings,22450202,2027-02-28,JKT02,ACTIVE
9749,4533,Savings,101265570,2028-01-19,SBY01,ACTIVE
9750,2490,Savings,20170940,2027-04-04,SBY01,ACTIVE
9751,3632,Savings,26490892,2026-11-23,SBY01,ACTIVE
9752,7558,Savings,74038424,2026-10-05,BDG01,ACTIVE
9753,6042,Savings,121287025,2028-02-20,MDN01,ACTIVE
9754,4422,Time Deposit,962816170,2026-08-25,JKT02,ACTIVE
9755,1319,Savings,53068672,2027-05-11,MDN01,ACTIVE
9756,5727,Savings,37072835,2026-11-16,BDG01,ACTIVE
9757,8388,Savings,98203702,2027-05-22,JKT01,ACTIVE
9758,5144,Savings,103012476,2027-11-27,MDN01,ACTIVE
9759,7615,Savings,13172983,2027-09-26,SBY01,ACTIVE
9760,7299,Time Deposit,843135939,2026-06-19,MDN01,ACTIVE
9761,9563,Savings,29537917,2027-03-11,SBY01,ACTIVE
9762,9830,Time Deposit,116456751,2026-05-19,JKT01,ACTIVE
9763,5235,Savings,92072792,2027-08-30,SMG01,ACTIVE
9764,7702,Savings,5497287,2027-02-20,MDN01,ACTIVE
9765,8841,Time Deposit,983056343,2026-10-11,MDN01,ACTIVE
9766,3778,Time Deposit,1173469747,2026-07-22,SBY01,ACTIVE
9767,9113,Savings,41876297,2027-12-04,BDG01,ACTIVE
9768,7609,Savings,113978801,2026-12-09,MDN01,ACTIVE
9769,5016,Savings,20244783,2026-09-14,BDG01,ACTIVE
9770,6094,Time Deposit,961651664,2026-11-28,SBY01,ACTIVE
9771,9131,Savings,10062581,2026-09-05,MDN01,ACTIVE
9772,4904,Savings,25071868,2027-05-25,SBY01,ACTIVE
9773,8468,Time Deposit,503609117,2026-11-30,SMG01,ACTIVE
9774,1599,Time Deposit,114254299,2027-01-06,BDG01,ACTIVE
9775,2130,Savings,119390448,2026-11-03,MDN01,ACTIVE
9776,5621,Savings,4021067,2026-06-15,SBY01,ACTIVE
9777,189,Savings,157750278,2026-07-06,SBY01,ACTIVE
9778,4668,Savings,2709647,2026-07-10,YGY01,ACTIVE
9779,6983,Time Deposit,582797471,2026-12-01,SMG01,ACTIVE
9780,9179,Savings,18049286,2027-09-13,YGY01,ACTIVE
9781,6064,Time Deposit,639085147,2026-06-19,YGY01,ACTIVE
9782,6004,Time Deposit,344702308,2026-08-06,JKT01,ACTIVE
9783,1717,Time Deposit,1235834173,2026-08-07,JKT02,ACTIVE
9784,2679,Savings,26709626,2027-07-21,SBY01,ACTIVE
9785,3607,Time Deposit,448484767,2026-05-11,JKT02,ACTIVE
9786,2051,Savings,39907713,2028-02-29,SBY01,ACTIVE
9787,9221,Savings,102856011,2027-05-31,MDN01,ACTIVE
9788,7747,Time Deposit,1394773987,2027-01-29,YGY01,ACTIVE
9789,3467,Savings,32760345,2027-11-04,JKT02,ACTIVE
9790,8749,Savings,17871637,2027-01-11,JKT01,ACTIVE
9791,3524,Savings,43835682,2026-09-16,BDG01,ACTIVE
9792,3168,Savings,33736068,2027-09-03,SMG01,ACTIVE
9793,2507,Savings,158139833,2027-01-02,JKT01,ACTIVE
9794,3913,Savings,30005464,2026-11-15,SMG01,ACTIVE
9795,8134,Savings,48308057,2027-04-17,JKT01,ACTIVE
9796,5082,Savings,183662314,2028-02-10,MDN01,ACTIVE
9797,1261,Time Deposit,871154756,2026-11-11,JKT02,ACTIVE
9798,5232,Time Deposit,369309717,2026-11-09,BDG01,ACTIVE
9799,815,Time Deposit,565740544,2026-04-19,YGY01,ACTIVE
9800,3899,Time Deposit,394972945,2026-06-28,BDG01,ACTIVE
9801,1722,Savings,39564302,2027-10-18,MDN01,ACTIVE
9802,3956,Savings,17462891,2027-08-22,JKT01,ACTIVE
9803,211,Savings,3591093,2027-07-02,SMG01,ACTIVE
9804,3186,Time Deposit,415268951,2026-11-03,SBY01,ACTIVE
9805,977,Savings,18435096,2026-10-12,SBY01,ACTIVE
9806,6320,Savings,22574799,2026-08-05,SBY01,ACTIVE
9807,9898,Savings,46368156,2027-02-07,SBY01,ACTIVE
9808,8529,Savings,7447865,2028-02-27,SMG01,ACTIVE
9809,2432,Savings,84646557,2026-05-21,SMG01,ACTIVE
9810,6979,Savings,64867467,2026-09-15,YGY01,ACTIVE
9811,6115,Time Deposit,242971420,2026-11-26,BDG01,ACTIVE
9812,5890,Savings,95521975,2027-09-07,SMG01,ACTIVE
9813,3124,Savings,4626936,2027-04-22,JKT01,ACTIVE
9814,5605,Savings,52992020,2026-09-16,BDG01,ACTIVE
9815,5806,Savings,25117970,2026-11-08,JKT02,ACTIVE
9816,5380,Savings,22554807,2028-01-10,YGY01,ACTIVE
9817,5675,Time Deposit,788573236,2026-04-20,YGY01,ACTIVE
9818,1196,Time Deposit,537788183,2026-06-30,JKT01,ACTIVE
9819,7472,Savings,38744776,2026-10-18,JKT02,ACTIVE
9820,4326,Time Deposit,761899083,2026-12-05,JKT02,ACTIVE
9821,3258,Savings,7314921,2026-12-31,SMG01,ACTIVE
9822,5848,Time Deposit,394037882,2027-03-21,JKT01,ACTIVE
9823,1457,Savings,16000421,2026-05-06,SBY01,ACTIVE
9824,1536,Savings,21069424,2028-03-12,BDG01,ACTIVE
9825,3772,Time Deposit,631015440,2026-08-09,JKT01,ACTIVE
9826,7111,Time Deposit,947059605,2026-07-16,BDG01,ACTIVE
9827,9079,Savings,8099900,2026-11-02,MDN01,ACTIVE
9828,347,Savings,58010229,2026-08-12,SMG01,ACTIVE
9829,882,Savings,43170677,2026-11-30,YGY01,ACTIVE
9830,5170,Time Deposit,1407021322,2026-07-03,JKT02,ACTIVE
9831,8150,Time Deposit,453981775,2027-02-25,JKT02,ACTIVE
9832,2136,Savings,70789498,2026-10-13,JKT01,ACTIVE
9833,4088,Time Deposit,727826948,2027-03-04,JKT02,ACTIVE
9834,2656,Time Deposit,999077674,2027-03-02,JKT01,ACTIVE
9835,8609,Savings,27146457,2027-02-03,MDN01,ACTIVE
9836,742,Time Deposit,739390304,2026-10-08,JKT01,ACTIVE
9837,3823,Savings,17066564,2027-11-11,YGY01,ACTIVE
9838,6235,Savings,94855444,2026-08-30,SMG01,ACTIVE
9839,3046,Savings,14686034,2027-12-04,SMG01,ACTIVE
9840,2783,Time Deposit,691767660,2027-03-13,JKT02,ACTIVE
9841,6950,Savings,30761292,2028-02-24,JKT01,ACTIVE
9842,3206,Savings,19182522,2028-02-25,MDN01,ACTIVE
9843,5064,Savings,85622706,2026-06-16,YGY01,ACTIVE
9844,1371,Savings,42551230,2026-11-26,JKT01,ACTIVE
9845,345,Savings,20183192,2026-05-03,SBY01,ACTIVE
9846,2186,Time Deposit,778848496,2027-01-02,MDN01,ACTIVE
9847,486,Time Deposit,799609499,2026-07-04,BDG01,ACTIVE
9848,5331,Savings,27444179,2028-03-16,BDG01,ACTIVE
9849,3545,Time Deposit,1172450914,2026-06-29,BDG01,ACTIVE
9850,3076,Savings,181237648,2027-09-26,MDN01,ACTIVE
9851,2912,Savings,99318977,2026-08-03,MDN01,ACTIVE
9852,2189,Savings,22094619,2026-05-20,JKT02,ACTIVE
9853,6951,Time Deposit,657699973,2026-06-11,SMG01,ACTIVE
9854,1043,Savings,68209523,2026-05-23,BDG01,ACTIVE
9855,4656,Savings,81798505,2027-05-19,JKT02,ACTIVE
9856,9421,Time Deposit,510378089,2026-05-12,YGY01,ACTIVE
9857,5888,Savings,99690211,2026-05-03,YGY01,ACTIVE
9858,3020,Savings,90128653,2027-11-14,JKT02,ACTIVE
9859,8914,Time Deposit,1311388834,2026-10-24,BDG01,ACTIVE
9860,6288,Time Deposit,395309685,2026-09-14,SBY01,ACTIVE
9861,6239,Savings,42207637,2026-12-24,YGY01,ACTIVE
9862,9942,Time Deposit,394692472,2026-05-05,BDG01,ACTIVE
9863,2058,Savings,39855918,2027-08-13,JKT02,ACTIVE
9864,5241,Savings,26330176,2026-07-10,SBY01,ACTIVE
9865,3636,Time Deposit,932543731,2026-08-04,MDN01,ACTIVE
9866,900,Time Deposit,448928430,2026-11-14,BDG01,ACTIVE
9867,5111,Savings,82780745,2027-06-24,SBY01,ACTIVE
9868,9508,Time Deposit,1244349482,2026-10-26,JKT01,ACTIVE
9869,6781,Savings,19719110,2026-08-05,JKT01,ACTIVE
9870,2059,Savings,11627102,2026-08-03,SMG01,ACTIVE
9871,8259,Savings,39982332,2027-01-18,MDN01,ACTIVE
9872,8241,Savings,10674410,2027-12-15,JKT01,ACTIVE
9873,8025,Time Deposit,365435173,2027-01-04,JKT02,ACTIVE
9874,8260,Savings,32359719,2027-06-20,SBY01,ACTIVE
9875,1045,Time Deposit,322160108,2026-06-02,SBY01,ACTIVE
9876,8943,Savings,13356296,2026-11-16,JKT02,ACTIVE
9877,536,Savings,123692968,2027-01-03,BDG01,ACTIVE
9878,3395,Savings,113750873,2027-08-23,SBY01,ACTIVE
9879,1286,Time Deposit,1266261901,2026-11-02,JKT02,ACTIVE
9880,6911,Savings,133804236,2026-10-09,SMG01,ACTIVE
9881,6102,Time Deposit,215246071,2026-07-01,SMG01,ACTIVE
9882,9370,Savings,14892916,2027-03-18,MDN01,ACTIVE
9883,5349,Time Deposit,1323751814,2026-10-29,JKT01,ACTIVE
9884,7582,Time Deposit,710950699,2026-10-28,JKT02,ACTIVE
9885,1998,Time Deposit,1094059392,2026-10-04,JKT01,ACTIVE
9886,5256,Savings,96618649,2026-09-05,JKT02,ACTIVE
9887,3181,Savings,159375897,2026-05-05,BDG01,ACTIVE
9888,6768,Savings,125101352,2027-10-02,SBY01,ACTIVE
9889,6222,Savings,69567948,2027-05-26,SBY01,ACTIVE
9890,1707,Savings,35056034,2027-03-16,SMG01,ACTIVE
9891,5413,Time Deposit,784321903,2026-05-02,JKT02,ACTIVE
9892,2371,Time Deposit,595701874,2026-04-27,SBY01,ACTIVE
9893,4409,Savings,79168601,2027-08-28,JKT02,ACTIVE
9894,3910,Time Deposit,1211459804,2026-07-09,MDN01,ACTIVE
9895,9654,Savings,23195418,2027-03-11,YGY01,ACTIVE
9896,2889,Savings,17483632,2027-01-09,JKT02,ACTIVE
9897,7398,Time Deposit,635011330,2027-01-22,BDG01,ACTIVE
9898,4446,Savings,35564666,2028-01-08,JKT01,ACTIVE
9899,1330,Savings,71005953,2027-12-25,SMG01,ACTIVE
9900,6867,Savings,8742527,2026-08-14,YGY01,ACTIVE
9901,3390,Savings,79624324,2027-02-09,JKT02,ACTIVE
9902,393,Savings,24206671,2027-09-03,YGY01,ACTIVE
9903,5814,Savings,43826205,2026-09-22,JKT01,ACTIVE
9904,1102,Time Deposit,1335170520,2026-07-24,MDN01,ACTIVE
9905,6877,Time Deposit,564911703,2026-09-29,YGY01,ACTIVE
9906,2949,Time Deposit,1671536516,2026-10-10,JKT02,ACTIVE
9907,5386,Time Deposit,630387117,2027-03-18,JKT02,ACTIVE
9908,8029,Time Deposit,1208705852,2026-08-12,YGY01,ACTIVE
9909,3461,Time Deposit,844451448,2026-04-17,JKT01,ACTIVE
9910,3003,Savings,30200292,2028-02-22,SBY01,ACTIVE
9911,7923,Savings,17141863,2026-09-13,JKT01,ACTIVE
9912,5924,Time Deposit,863808759,2026-10-20,BDG01,ACTIVE
9913,7626,Savings,29288600,2027-01-04,MDN01,ACTIVE
9914,9873,Savings,43995189,2028-01-22,MDN01,ACTIVE
9915,2111,Time Deposit,753729221,2026-06-03,JKT01,ACTIVE
9916,4369,Savings,28864078,2027-10-20,JKT01,ACTIVE
9917,4123,Time Deposit,455865226,2026-11-18,SBY01,ACTIVE
9918,7967,Time Deposit,467586687,2026-10-26,JKT01,ACTIVE
9919,2201,Savings,58594688,2026-12-23,SBY01,ACTIVE
9920,8074,Savings,14677554,2028-02-17,SBY01,ACTIVE
9921,1474,Savings,28375283,2026-08-21,MDN01,ACTIVE
9922,8548,Savings,27392358,2026-09-09,YGY01,ACTIVE
9923,1579,Savings,27470886,2026-05-05,JKT01,ACTIVE
9924,4419,Time Deposit,1737884367,2026-12-26,SBY01,ACTIVE
9925,8356,Savings,54794072,2027-08-19,JKT02,ACTIVE
9926,4533,Savings,101322205,2026-10-27,SMG01,ACTIVE
9927,1686,Time Deposit,381837358,2026-04-11,YGY01,ACTIVE
9928,3673,Savings,82011911,2026-06-30,JKT01,ACTIVE
9929,2998,Savings,16231979,2027-03-29,JKT02,ACTIVE
9930,2601,Savings,27959976,2026-09-30,SBY01,ACTIVE
9931,4701,Savings,43861968,2028-02-22,SBY01,ACTIVE
9932,4014,Savings,105260591,2026-08-23,BDG01,ACTIVE
9933,5212,Savings,12634350,2026-11-20,MDN01,ACTIVE
9934,9646,Time Deposit,564670884,2026-05-21,BDG01,ACTIVE
9935,6453,Time Deposit,904722697,2026-08-06,MDN01,ACTIVE
9936,6597,Savings,101533904,2026-11-24,JKT01,ACTIVE
9937,8562,Savings,14360052,2026-12-07,JKT01,ACTIVE
9938,4467,Savings,77069182,2026-10-22,MDN01,ACTIVE
9939,8419,Savings,13586291,2027-02-09,JKT01,ACTIVE
9940,9399,Savings,66709669,2028-01-03,JKT01,ACTIVE
9941,5167,Time Deposit,454161386,2027-01-24,SMG01,ACTIVE
9942,5539,Savings,20969143,2027-11-21,BDG01,ACTIVE
9943,5252,Savings,158874544,2026-05-06,BDG01,ACTIVE
9944,5918,Time Deposit,1387169669,2027-03-10,JKT02,ACTIVE
9945,8863,Savings,169798435,2026-12-04,JKT01,ACTIVE
9946,7363,Savings,41379166,2026-12-15,YGY01,ACTIVE
9947,8811,Savings,21184094,2027-06-22,SMG01,ACTIVE
9948,7558,Savings,147456203,2026-06-02,JKT01,ACTIVE
9949,4250,Savings,15664813,2027-05-28,SMG01,ACTIVE
9950,5923,Savings,29114995,2026-06-26,SBY01,ACTIVE
9951,1583,Time Deposit,805036509,2026-11-17,YGY01,ACTIVE
9952,7037,Time Deposit,1647740398,2026-09-08,YGY01,ACTIVE
9953,8250,Savings,170467558,2026-05-18,BDG01,ACTIVE
9954,4704,Savings,42805583,2027-02-22,JKT02,ACTIVE
9955,8006,Time Deposit,384351510,2027-01-27,JKT01,ACTIVE
9956,2312,Savings,17775974,2027-02-19,MDN01,ACTIVE
9957,2354,Time Deposit,944905132,2026-04-30,JKT01,ACTIVE
9958,3231,Time Deposit,675225066,2026-11-05,YGY01,ACTIVE
9959,7298,Savings,220711941,2026-04-26,SBY01,ACTIVE
9960,7486,Savings,232685541,2027-12-23,BDG01,ACTIVE
9961,3162,Time Deposit,475033742,2026-08-20,BDG01,ACTIVE
9962,437,Time Deposit,433527164,2026-06-18,SBY01,ACTIVE
9963,6963,Savings,12136798,2026-11-30,SBY01,ACTIVE
9964,7371,Savings,29000476,2026-05-01,MDN01,ACTIVE
9965,2939,Time Deposit,915294951,2026-08-13,MDN01,ACTIVE
9966,6557,Time Deposit,1272519467,2026-06-22,SBY01,ACTIVE
9967,5292,Time Deposit,740432610,2027-03-23,YGY01,ACTIVE
9968,694,Savings,22394682,2028-03-10,BDG01,ACTIVE
9969,1344,Savings,35310973,2026-11-25,JKT01,ACTIVE
9970,7382,Savings,186085490,2027-01-21,SMG01,ACTIVE
9971,6771,Savings,139466300,2026-09-19,JKT02,ACTIVE
9972,7611,Savings,13125396,2026-12-11,SMG01,ACTIVE
9973,3240,Time Deposit,367153050,2026-09-23,SBY01,ACTIVE
9974,674,Time Deposit,1128769457,2027-01-02,BDG01,ACTIVE
9975,7735,Savings,7618640,2026-09-06,JKT02,ACTIVE
9976,9581,Time Deposit,1618268325,2026-08-16,JKT01,ACTIVE
9977,5408,Savings,16578539,2026-12-13,MDN01,ACTIVE
9978,6585,Savings,7599121,2027-11-28,SBY01,ACTIVE
9979,6854,Savings,4615991,2028-01-10,JKT01,ACTIVE
9980,2984,Time Deposit,332786235,2026-07-14,SBY01,ACTIVE
9981,6888,Savings,65212611,2026-12-29,JKT01,ACTIVE
9982,5431,Savings,8750057,2027-07-30,JKT02,ACTIVE
9983,8742,Savings,94114243,2026-06-17,SBY01,ACTIVE
9984,8379,Savings,17870305,2027-01-20,SBY01,ACTIVE
9985,5588,Time Deposit,375217452,2026-07-19,SMG01,ACTIVE
9986,7643,Savings,19409447,2026-10-19,SMG01,ACTIVE
9987,2056,Savings,16006837,2027-06-17,JKT01,ACTIVE
9988,8402,Time Deposit,867503219,2027-01-20,YGY01,ACTIVE
9989,1800,Time Deposit,973581680,2026-08-13,SBY01,ACTIVE
9990,5630,Savings,18786630,2028-03-09,JKT02,ACTIVE
9991,7012,Savings,5935209,2026-12-08,JKT01,ACTIVE
9992,5952,Savings,65040384,2026-10-11,YGY01,ACTIVE
9993,552,Savings,166766756,2027-02-05,YGY01,ACTIVE
9994,8646,Savings,24159204,2027-06-16,JKT02,ACTIVE
9995,4523,Savings,14954066,2027-07-31,JKT01,ACTIVE
9996,6670,Savings,3597381,2026-05-25,JKT02,ACTIVE
9997,6199,Savings,28047619,2026-08-12,BDG01,ACTIVE
9998,3209,Savings,27375918,2027-04-24,JKT01,ACTIVE
9999,6197,Time Deposit,737761727,2026-11-19,YGY01,ACTIVE
10000,1244,Savings,15721136,2027-01-07,SBY01,ACTIVE
10001,957,Savings,121464064,2026-06-01,MDN01,ACTIVE
10002,8544,Savings,67880341,2026-04-28,SBY01,ACTIVE
10003,7469,Savings,22341321,2027-11-05,MDN01,ACTIVE
10004,7665,Savings,10898735,2028-01-28,YGY01,ACTIVE
10005,7457,Savings,12202618,2026-10-12,BDG01,ACTIVE
10006,7120,Time Deposit,731829976,2026-12-05,BDG01,ACTIVE
10007,9508,Savings,157823468,2026-05-10,SBY01,ACTIVE
10008,6832,Savings,5203872,2026-08-02,SMG01,ACTIVE
10009,3179,Savings,137719344,2026-05-11,JKT02,ACTIVE
10010,8083,Time Deposit,871090729,2026-06-03,BDG01,ACTIVE
10011,4898,Time Deposit,574273483,2026-10-08,BDG01,ACTIVE
10012,7686,Savings,34254691,2026-08-04,YGY01,ACTIVE
10013,5282,Savings,10628162,2027-08-13,MDN01,ACTIVE
10014,3850,Time Deposit,1326844236,2026-11-22,SMG01,ACTIVE
10015,3748,Savings,115184672,2026-07-17,MDN01,ACTIVE
10016,7707,Savings,45642516,2028-03-04,JKT01,ACTIVE
10017,6736,Savings,80803518,2027-12-28,BDG01,ACTIVE
10018,436,Savings,10143590,2028-01-24,SMG01,ACTIVE
10019,5195,Time Deposit,826212566,2026-11-22,BDG01,ACTIVE
10020,5348,Savings,98500196,2026-04-26,YGY01,ACTIVE
10021,1114,Savings,183344537,2026-05-29,JKT01,ACTIVE
10022,3737,Savings,44480245,2027-05-09,YGY01,ACTIVE
10023,89,Savings,106162844,2027-11-11,YGY01,ACTIVE
10024,6512,Savings,5170311,2026-12-01,JKT01,ACTIVE
10025,436,Savings,7876189,2027-04-06,YGY01,ACTIVE
10026,3353,Savings,98911080,2026-08-22,BDG01,ACTIVE
10027,46,Time Deposit,837147523,2026-12-25,YGY01,ACTIVE
10028,3052,Time Deposit,260601617,2026-08-06,SMG01,ACTIVE
10029,7682,Savings,224371054,2026-04-24,JKT01,ACTIVE
10030,3688,Time Deposit,574485040,2026-06-03,JKT01,ACTIVE
10031,3878,Savings,15255286,2027-07-06,SBY01,ACTIVE
10032,9577,Time Deposit,581614028,2026-12-17,MDN01,ACTIVE
10033,8026,Savings,19390090,2027-04-22,JKT02,ACTIVE
10034,9814,Time Deposit,435357431,2026-06-23,MDN01,ACTIVE
10035,488,Savings,49600936,2026-10-14,SBY01,ACTIVE
10036,499,Savings,158677383,2027-03-14,YGY01,ACTIVE
10037,1555,Savings,25589763,2026-11-10,SMG01,ACTIVE
10038,41,Time Deposit,516276021,2027-01-20,JKT01,ACTIVE
10039,7946,Savings,10761400,2027-07-15,YGY01,ACTIVE
10040,9675,Savings,40535075,2027-10-30,SMG01,ACTIVE
10041,3932,Savings,10988093,2027-07-14,SBY01,ACTIVE
10042,8723,Savings,143929523,2028-01-20,JKT01,ACTIVE
10043,9218,Savings,17827560,2028-03-16,BDG01,ACTIVE
10044,5656,Savings,12583765,2026-09-28,SBY01,ACTIVE
10045,78,Savings,112802964,2027-06-21,MDN01,ACTIVE
10046,6826,Time Deposit,480332982,2026-07-09,JKT02,ACTIVE
10047,1836,Savings,10690820,2026-07-24,JKT02,ACTIVE
10048,4937,Savings,76174617,2027-05-20,SBY01,ACTIVE
10049,1434,Time Deposit,871224249,2026-08-26,YGY01,ACTIVE
10050,6091,Savings,56526261,2027-06-20,JKT01,ACTIVE
10051,9381,Time Deposit,548413618,2026-08-09,SBY01,ACTIVE
10052,1878,Savings,87162486,2026-10-29,SBY01,ACTIVE
10053,9736,Savings,31224176,2026-08-30,SMG01,ACTIVE
10054,9341,Savings,17049876,2027-02-09,JKT02,ACTIVE
10055,3208,Time Deposit,360439951,2026-06-21,YGY01,ACTIVE
10056,3980,Time Deposit,921755726,2027-03-11,YGY01,ACTIVE
10057,914,Savings,35989564,2026-06-15,MDN01,ACTIVE
10058,6170,Savings,85948421,2026-09-15,SBY01,ACTIVE
10059,8969,Time Deposit,557986993,2026-05-28,JKT01,ACTIVE
10060,4046,Savings,54452336,2027-10-25,SMG01,ACTIVE
10061,6454,Savings,11644032,2027-02-13,MDN01,ACTIVE
10062,498,Savings,16823299,2027-05-14,SBY01,ACTIVE
10063,549,Savings,67673781,2027-03-26,SBY01,ACTIVE
10064,6557,Time Deposit,540282962,2026-06-29,SBY01,ACTIVE
10065,3003,Savings,38204747,2027-01-08,SBY01,ACTIVE
10066,6492,Time Deposit,1025643396,2026-11-29,MDN01,ACTIVE
10067,7728,Savings,35290051,2027-05-24,YGY01,ACTIVE
10068,6051,Time Deposit,1409825339,2026-09-01,JKT01,ACTIVE
10069,951,Savings,28922853,2027-10-24,JKT01,ACTIVE
10070,3711,Savings,18396643,2027-04-01,BDG01,ACTIVE
10071,565,Time Deposit,730824424,2026-11-29,SMG01,ACTIVE
10072,8541,Savings,27603401,2027-03-16,SMG01,ACTIVE
10073,8777,Savings,36562091,2026-04-27,JKT01,ACTIVE
10074,5945,Savings,26774673,2026-07-29,YGY01,ACTIVE
10075,4463,Savings,92041535,2026-08-18,JKT01,ACTIVE
10076,8042,Savings,26542482,2027-02-05,MDN01,ACTIVE
10077,1337,Savings,100879937,2027-07-28,BDG01,ACTIVE
10078,3686,Time Deposit,709952505,2026-10-02,JKT01,ACTIVE
10079,8288,Time Deposit,1045457026,2027-01-15,MDN01,ACTIVE
10080,5684,Time Deposit,793818580,2026-08-04,YGY01,ACTIVE
10081,6801,Time Deposit,966647900,2026-12-07,JKT01,ACTIVE
10082,1864,Savings,84923765,2026-12-27,BDG01,ACTIVE
10083,9004,Time Deposit,524596358,2026-09-20,JKT01,ACTIVE
10084,5847,Time Deposit,552266814,2026-05-05,YGY01,ACTIVE
10085,8394,Savings,37964122,2028-02-28,JKT02,ACTIVE
10086,4455,Time Deposit,223777906,2026-09-03,JKT01,ACTIVE
10087,3546,Time Deposit,181768614,2026-09-02,MDN01,ACTIVE
10088,3951,Savings,109786184,2027-06-18,BDG01,ACTIVE
10089,9774,Savings,70606557,2027-06-30,JKT02,ACTIVE
10090,9093,Time Deposit,1548935901,2027-01-27,MDN01,ACTIVE
10091,2186,Savings,90879402,2027-07-01,SMG01,ACTIVE
10092,7223,Time Deposit,1065366947,2026-07-13,BDG01,ACTIVE
10093,8055,Savings,22741110,2026-12-14,JKT02,ACTIVE
10094,8981,Time Deposit,1575747137,2026-09-26,YGY01,ACTIVE
10095,5247,Time Deposit,190007471,2027-02-25,JKT02,ACTIVE
10096,2505,Time Deposit,925199702,2026-07-21,JKT02,ACTIVE
10097,9107,Time Deposit,107237942,2027-01-14,SMG01,ACTIVE
10098,1922,Time Deposit,295901173,2026-10-17,YGY01,ACTIVE
10099,8018,Savings,134373938,2026-12-20,BDG01,ACTIVE
10100,4530,Time Deposit,1397648485,2027-03-15,SBY01,ACTIVE
10101,4997,Savings,9662765,2027-02-21,SBY01,ACTIVE
10102,3507,Time Deposit,1168201499,2026-09-11,SMG01,ACTIVE
10103,8899,Time Deposit,910430582,2026-05-23,JKT01,ACTIVE
10104,1528,Savings,22721585,2027-02-21,JKT02,ACTIVE
10105,1679,Time Deposit,446293954,2027-01-14,BDG01,ACTIVE
10106,3095,Savings,9610735,2026-06-21,MDN01,ACTIVE
10107,7172,Time Deposit,275670715,2026-12-29,JKT02,ACTIVE
10108,5038,Time Deposit,267103741,2026-12-11,SBY01,ACTIVE
10109,202,Savings,62909193,2026-11-05,MDN01,ACTIVE
10110,3577,Savings,7360924,2026-11-12,JKT01,ACTIVE
10111,8125,Savings,21279234,2026-07-08,JKT01,ACTIVE
10112,5053,Time Deposit,1220050686,2026-06-04,BDG01,ACTIVE
10113,6549,Savings,21499895,2027-02-02,YGY01,ACTIVE
10114,3792,Time Deposit,321943974,2026-08-09,JKT01,ACTIVE
10115,3403,Savings,24176073,2027-09-27,JKT02,ACTIVE
10116,8441,Savings,18219938,2027-03-17,SMG01,ACTIVE
10117,5308,Savings,7208252,2026-12-15,JKT01,ACTIVE
10118,8388,Savings,53223494,2027-12-15,SBY01,ACTIVE
10119,3334,Savings,56055890,2026-08-31,BDG01,ACTIVE
10120,9953,Savings,130642693,2027-09-09,BDG01,ACTIVE
10121,7869,Savings,9479998,2027-10-20,MDN01,ACTIVE
10122,9232,Savings,120738660,2027-09-11,JKT02,ACTIVE
10123,9495,Time Deposit,1408873101,2026-07-12,SBY01,ACTIVE
10124,4122,Savings,162039620,2027-01-14,SBY01,ACTIVE
10125,5793,Time Deposit,134174348,2026-11-12,BDG01,ACTIVE
10126,9932,Savings,51387444,2026-12-31,BDG01,ACTIVE
10127,5576,Time Deposit,692311209,2026-09-29,SMG01,ACTIVE
10128,5107,Time Deposit,1132827387,2026-06-14,JKT02,ACTIVE
10129,4108,Time Deposit,406541995,2026-10-12,YGY01,ACTIVE
10130,5051,Savings,204205461,2026-12-27,MDN01,ACTIVE
10131,9807,Time Deposit,611346304,2026-07-14,JKT02,ACTIVE
10132,1237,Savings,16540707,2027-10-13,JKT01,ACTIVE
10133,6028,Savings,37854638,2027-04-28,MDN01,ACTIVE
10134,2677,Savings,11617978,2027-09-27,JKT02,ACTIVE
10135,1631,Time Deposit,1242180380,2026-08-02,SBY01,ACTIVE
10136,815,Savings,57256065,2027-11-02,YGY01,ACTIVE
10137,8406,Savings,130477544,2027-02-16,JKT01,ACTIVE
10138,7459,Time Deposit,616987719,2026-05-10,YGY01,ACTIVE
10139,4764,Time Deposit,555174792,2026-10-20,JKT01,ACTIVE
10140,7604,Time Deposit,1072071886,2027-01-20,JKT02,ACTIVE
10141,1865,Time Deposit,156808476,2026-11-08,SBY01,ACTIVE
10142,6042,Savings,114138305,2026-10-21,YGY01,ACTIVE
10143,9430,Savings,66566427,2026-04-25,SBY01,ACTIVE
10144,3299,Savings,42778118,2027-03-30,SBY01,ACTIVE
10145,7378,Savings,39663796,2027-11-18,SBY01,ACTIVE
10146,3675,Savings,13717086,2026-10-15,BDG01,ACTIVE
10147,7195,Time Deposit,492641811,2026-07-27,MDN01,ACTIVE
10148,4487,Savings,36043618,2026-05-17,JKT02,ACTIVE
10149,599,Time Deposit,420656888,2026-06-22,SMG01,ACTIVE
10150,5140,Savings,7104610,2027-03-05,JKT02,ACTIVE
10151,995,Time Deposit,588977616,2026-09-27,YGY01,ACTIVE
10152,3578,Savings,33658337,2026-10-16,YGY01,ACTIVE
10153,5334,Savings,5466134,2028-02-14,BDG01,ACTIVE
10154,9279,Savings,17917572,2027-03-02,JKT02,ACTIVE
10155,2880,Savings,30559761,2026-12-30,BDG01,ACTIVE
10156,4500,Time Deposit,1147091418,2026-05-31,JKT02,ACTIVE
10157,6414,Time Deposit,191258435,2026-05-09,JKT01,ACTIVE
10158,8531,Savings,49601798,2027-01-31,MDN01,ACTIVE
10159,7753,Savings,4871574,2027-08-20,MDN01,ACTIVE
10160,3885,Savings,171899034,2027-06-13,BDG01,ACTIVE
10161,1099,Savings,18875371,2028-01-01,BDG01,ACTIVE
10162,4676,Savings,140969508,2027-07-20,YGY01,ACTIVE
10163,4725,Savings,134244066,2026-09-27,BDG01,ACTIVE
10164,1405,Time Deposit,547806917,2026-09-30,JKT01,ACTIVE
10165,8891,Savings,22989204,2026-05-14,BDG01,ACTIVE
10166,9963,Time Deposit,738536794,2026-08-23,JKT01,ACTIVE
10167,9188,Savings,10254922,2026-11-24,BDG01,ACTIVE
10168,3782,Savings,3811780,2026-11-23,MDN01,ACTIVE
10169,3811,Time Deposit,1065786191,2026-07-05,SMG01,ACTIVE
10170,272,Savings,17243473,2028-01-28,MDN01,ACTIVE
10171,6300,Savings,108042082,2027-07-11,YGY01,ACTIVE
10172,5906,Savings,36452597,2027-02-17,SMG01,ACTIVE
10173,2130,Time Deposit,489190684,2026-12-12,BDG01,ACTIVE
10174,6499,Savings,15513798,2028-02-02,BDG01,ACTIVE
10175,585,Savings,39965861,2027-01-16,JKT01,ACTIVE
10176,331,Time Deposit,848950500,2026-07-03,SMG01,ACTIVE
10177,3451,Savings,10612329,2026-07-02,JKT01,ACTIVE
10178,5828,Savings,47295845,2027-08-29,JKT02,ACTIVE
10179,3235,Savings,20514753,2027-07-03,MDN01,ACTIVE
10180,5777,Savings,62112356,2027-06-14,YGY01,ACTIVE
10181,3394,Time Deposit,1592156246,2027-03-18,MDN01,ACTIVE
10182,7239,Time Deposit,266690944,2027-03-23,SBY01,ACTIVE
10183,2137,Savings,11164998,2027-06-06,SMG01,ACTIVE
10184,2318,Time Deposit,1716479389,2026-10-10,JKT02,ACTIVE
10185,3624,Savings,9084988,2027-10-17,MDN01,ACTIVE
10186,6967,Time Deposit,781840323,2027-01-24,JKT01,ACTIVE
10187,105,Time Deposit,1151420819,2026-05-16,SMG01,ACTIVE
10188,4407,Time Deposit,803899806,2026-08-17,YGY01,ACTIVE
10189,6980,Savings,22174027,2027-09-15,JKT01,ACTIVE
10190,2264,Savings,154505352,2027-11-12,MDN01,ACTIVE
10191,2084,Savings,26912576,2026-12-13,BDG01,ACTIVE
10192,7772,Time Deposit,567593496,2027-02-22,JKT01,ACTIVE
10193,376,Savings,30230173,2027-02-17,JKT01,ACTIVE
10194,3609,Savings,46134350,2027-12-18,SBY01,ACTIVE
10195,6695,Time Deposit,684694333,2026-07-06,MDN01,ACTIVE
10196,9433,Savings,9418514,2026-10-15,BDG01,ACTIVE
10197,3028,Savings,13707726,2028-02-02,SBY01,ACTIVE
10198,7138,Savings,85224357,2027-10-22,SBY01,ACTIVE
10199,5178,Savings,180859622,2027-09-07,SMG01,ACTIVE
10200,6032,Savings,12459054,2026-08-22,YGY01,ACTIVE
10201,3240,Time Deposit,1160319972,2026-09-07,JKT02,ACTIVE
10202,9309,Savings,64507846,2027-08-21,BDG01,ACTIVE
10203,284,Savings,124928559,2026-11-24,YGY01,ACTIVE
10204,667,Savings,127096667,2028-01-12,MDN01,ACTIVE
10205,1656,Savings,13272796,2027-10-10,JKT02,ACTIVE
10206,2006,Savings,23814181,2027-01-15,SBY01,ACTIVE
10207,9050,Savings,16074109,2027-01-16,SMG01,ACTIVE
10208,733,Savings,10968644,2027-09-07,JKT01,ACTIVE
10209,1076,Savings,152860125,2027-01-12,BDG01,ACTIVE
10210,5240,Savings,10274802,2026-08-06,JKT01,ACTIVE
10211,2859,Savings,77728890,2027-08-31,JKT01,ACTIVE
10212,3213,Time Deposit,1346471971,2026-10-28,JKT02,ACTIVE
10213,6991,Time Deposit,582902134,2026-05-28,JKT01,ACTIVE
10214,5052,Savings,98011826,2026-05-04,JKT01,ACTIVE
10215,5538,Savings,16958575,2027-01-14,JKT01,ACTIVE
10216,47,Savings,75252402,2026-11-25,JKT01,ACTIVE
10217,8460,Time Deposit,663396003,2026-06-04,SMG01,ACTIVE
10218,6146,Time Deposit,561670649,2027-02-21,BDG01,ACTIVE
10219,7536,Time Deposit,647783289,2026-12-16,SMG01,ACTIVE
10220,6050,Time Deposit,938782743,2026-10-03,SMG01,ACTIVE
10221,9486,Savings,90436040,2027-05-25,JKT01,ACTIVE
10222,8442,Savings,4403103,2027-03-11,SMG01,ACTIVE
10223,499,Time Deposit,1272085692,2026-06-16,SMG01,ACTIVE
10224,1876,Savings,26692554,2028-02-18,SBY01,ACTIVE
10225,8443,Savings,21305330,2027-06-01,JKT02,ACTIVE
10226,9198,Time Deposit,410214462,2026-09-17,MDN01,ACTIVE
10227,8331,Savings,5363331,2026-05-22,JKT01,ACTIVE
10228,4481,Time Deposit,460286579,2026-11-06,YGY01,ACTIVE
10229,5053,Time Deposit,985113002,2026-10-01,JKT01,ACTIVE
10230,7289,Time Deposit,967926864,2026-10-04,SBY01,ACTIVE
10231,3553,Savings,56898191,2027-06-14,SMG01,ACTIVE
10232,3453,Savings,12092046,2027-06-01,SBY01,ACTIVE
10233,7345,Time Deposit,598074483,2026-09-25,MDN01,ACTIVE
10234,463,Time Deposit,626438101,2026-04-11,JKT01,ACTIVE
10235,4271,Time Deposit,536471513,2026-07-29,SBY01,ACTIVE
10236,1832,Savings,182221524,2026-11-22,BDG01,ACTIVE
10237,6065,Time Deposit,84186039,2026-06-18,SBY01,ACTIVE
10238,4231,Savings,19951749,2028-02-23,MDN01,ACTIVE
10239,4014,Time Deposit,1717234168,2026-06-14,SMG01,ACTIVE
10240,7158,Savings,42423882,2027-07-16,JKT01,ACTIVE
10241,6653,Time Deposit,1174987061,2027-01-28,SMG01,ACTIVE
10242,7132,Savings,130921413,2026-09-26,YGY01,ACTIVE
10243,1331,Time Deposit,635707629,2026-12-15,SBY01,ACTIVE
10244,9973,Time Deposit,343581425,2026-10-13,MDN01,ACTIVE
10245,1150,Time Deposit,343131554,2027-02-16,SBY01,ACTIVE
10246,3371,Savings,29920184,2027-02-28,BDG01,ACTIVE
10247,5432,Time Deposit,173174950,2026-05-25,BDG01,ACTIVE
10248,8118,Savings,74079854,2027-08-06,BDG01,ACTIVE
10249,5728,Savings,9672869,2027-04-26,SMG01,ACTIVE
10250,7137,Savings,38527293,2027-06-04,SBY01,ACTIVE
10251,150,Time Deposit,814890333,2026-08-03,MDN01,ACTIVE
10252,6425,Savings,13880681,2027-09-15,BDG01,ACTIVE
10253,3340,Savings,17548501,2028-01-24,SBY01,ACTIVE
10254,829,Savings,214372303,2026-09-16,BDG01,ACTIVE
10255,3244,Savings,51356521,2027-09-21,SMG01,ACTIVE
10256,8445,Savings,89245075,2027-11-09,SMG01,ACTIVE
10257,7536,Savings,171170914,2026-07-10,SBY01,ACTIVE
10258,3910,Savings,80017597,2026-07-01,SMG01,ACTIVE
10259,6433,Time Deposit,291153662,2026-06-29,BDG01,ACTIVE
10260,2887,Time Deposit,387685010,2026-06-17,SMG01,ACTIVE
10261,6193,Savings,83661417,2027-01-03,SBY01,ACTIVE
10262,7874,Savings,6151696,2026-10-18,SBY01,ACTIVE
10263,4112,Savings,12219616,2027-06-29,JKT01,ACTIVE
10264,492,Savings,14063136,2027-06-30,MDN01,ACTIVE
10265,4585,Savings,10563857,2027-12-10,SMG01,ACTIVE
10266,9628,Savings,29628116,2026-12-24,JKT01,ACTIVE
10267,5356,Savings,41360400,2027-11-22,SBY01,ACTIVE
10268,6198,Time Deposit,360664987,2026-04-12,MDN01,ACTIVE
10269,1226,Savings,37703281,2027-08-17,BDG01,ACTIVE
10270,223,Time Deposit,1494377055,2026-08-06,JKT02,ACTIVE
10271,6488,Savings,48534813,2027-01-14,JKT01,ACTIVE
10272,3482,Savings,65471554,2026-12-01,JKT01,ACTIVE
10273,4140,Savings,28560537,2027-07-11,SMG01,ACTIVE
10274,2523,Savings,18527141,2026-06-24,SMG01,ACTIVE
10275,1593,Savings,68123799,2028-01-19,BDG01,ACTIVE
10276,6378,Time Deposit,1737814829,2027-03-23,SMG01,ACTIVE
10277,8317,Time Deposit,955991016,2026-08-30,MDN01,ACTIVE
10278,2552,Savings,55760671,2026-10-05,SBY01,ACTIVE
10279,4285,Time Deposit,1361941189,2026-04-28,YGY01,ACTIVE
10280,9808,Savings,13582687,2027-01-26,JKT02,ACTIVE
10281,7328,Savings,27646966,2027-04-04,BDG01,ACTIVE
10282,8033,Time Deposit,324282153,2026-04-28,JKT02,ACTIVE
10283,9739,Savings,37153057,2027-10-29,SMG01,ACTIVE
10284,8184,Savings,113578441,2027-04-22,MDN01,ACTIVE
10285,4773,Time Deposit,845844897,2026-08-26,MDN01,ACTIVE
10286,2937,Savings,27116119,2027-06-22,JKT02,ACTIVE
10287,6566,Time Deposit,329389322,2026-11-15,JKT01,ACTIVE
10288,8019,Time Deposit,719379916,2027-02-28,SBY01,ACTIVE
10289,2017,Time Deposit,552048549,2027-02-23,BDG01,ACTIVE
10290,9546,Savings,27956275,2027-07-31,YGY01,ACTIVE
10291,8893,Savings,22173238,2026-11-20,MDN01,ACTIVE
10292,8937,Time Deposit,929097841,2026-12-12,JKT02,ACTIVE
10293,1274,Savings,38610107,2027-05-10,MDN01,ACTIVE
10294,5710,Savings,8255378,2026-07-13,YGY01,ACTIVE
10295,2689,Time Deposit,419093900,2026-11-09,SMG01,ACTIVE
10296,2233,Time Deposit,99095305,2026-12-01,SMG01,ACTIVE
10297,270,Time Deposit,1240047419,2026-07-09,MDN01,ACTIVE
10298,8814,Savings,77724867,2027-12-27,MDN01,ACTIVE
10299,1580,Time Deposit,516400692,2026-04-15,JKT01,ACTIVE
10300,5529,Savings,46458413,2027-06-05,JKT01,ACTIVE
10301,6150,Savings,20803781,2027-12-13,JKT01,ACTIVE
10302,6315,Time Deposit,307786678,2026-06-20,BDG01,ACTIVE
10303,7657,Time Deposit,739839216,2026-09-06,JKT02,ACTIVE
10304,4714,Savings,106358860,2027-11-10,SBY01,ACTIVE
10305,2369,Savings,81685302,2026-05-19,MDN01,ACTIVE
10306,6763,Savings,120951258,2027-07-14,YGY01,ACTIVE
10307,5024,Savings,17504100,2026-12-20,YGY01,ACTIVE
10308,6071,Savings,105355560,2027-11-05,BDG01,ACTIVE
10309,7619,Savings,6966315,2026-08-07,SBY01,ACTIVE
10310,1181,Savings,16281150,2027-03-13,JKT01,ACTIVE
10311,1396,Time Deposit,1112744494,2026-08-28,JKT02,ACTIVE
10312,5489,Savings,47536696,2026-09-07,BDG01,ACTIVE
10313,7777,Time Deposit,669949258,2026-06-01,JKT02,ACTIVE
10314,3689,Savings,167139311,2028-03-12,JKT02,ACTIVE
10315,6000,Time Deposit,819470327,2026-07-30,JKT01,ACTIVE
10316,279,Time Deposit,893879035,2026-12-27,JKT01,ACTIVE
10317,1679,Savings,62055945,2027-09-02,SBY01,ACTIVE
10318,666,Savings,38136444,2026-05-22,MDN01,ACTIVE
10319,8201,Time Deposit,901196534,2027-02-04,YGY01,ACTIVE
10320,2588,Savings,95599862,2027-04-30,SBY01,ACTIVE
10321,6904,Savings,81509858,2026-08-06,JKT01,ACTIVE
10322,5526,Savings,93832674,2028-03-03,MDN01,ACTIVE
10323,1738,Savings,107500708,2027-03-27,MDN01,ACTIVE
10324,4973,Time Deposit,359056172,2026-10-30,SMG01,ACTIVE
10325,2732,Savings,18902798,2026-09-21,YGY01,ACTIVE
10326,8751,Time Deposit,418725044,2026-09-23,JKT02,ACTIVE
10327,5753,Time Deposit,740577290,2026-10-22,JKT01,ACTIVE
10328,8394,Savings,15164059,2027-10-17,JKT02,ACTIVE
10329,1791,Savings,16504920,2026-05-30,SBY01,ACTIVE
10330,9380,Time Deposit,138900433,2026-08-07,SMG01,ACTIVE
10331,885,Savings,25369235,2026-06-27,JKT01,ACTIVE
10332,517,Time Deposit,821839071,2026-11-24,BDG01,ACTIVE
10333,5184,Savings,16067217,2027-12-03,SBY01,ACTIVE
10334,130,Savings,40171247,2027-07-25,BDG01,ACTIVE
10335,5371,Savings,42298670,2028-02-12,MDN01,ACTIVE
10336,5768,Time Deposit,206491426,2026-06-07,SMG01,ACTIVE
10337,9224,Savings,6019488,2026-08-17,SMG01,ACTIVE
10338,1550,Time Deposit,1355677966,2026-05-25,SBY01,ACTIVE
10339,3075,Time Deposit,412465600,2026-08-26,JKT01,ACTIVE
10340,4488,Savings,24636933,2027-09-09,JKT02,ACTIVE
10341,5510,Savings,68099739,2027-05-18,MDN01,ACTIVE
10342,293,Savings,38908687,2026-08-20,JKT01,ACTIVE
10343,5794,Savings,196358853,2028-03-15,JKT02,ACTIVE
10344,5986,Savings,81690370,2026-12-12,SBY01,ACTIVE
10345,9563,Savings,90108008,2027-05-21,JKT01,ACTIVE
10346,1666,Time Deposit,1033460190,2026-05-27,YGY01,ACTIVE
10347,454,Savings,77732833,2027-12-13,SMG01,ACTIVE
10348,8165,Savings,30783113,2026-06-23,JKT01,ACTIVE
10349,4287,Time Deposit,628719541,2026-06-08,YGY01,ACTIVE
10350,9140,Time Deposit,1156152931,2026-11-30,SBY01,ACTIVE
10351,7524,Time Deposit,443922670,2026-09-19,JKT01,ACTIVE
10352,5143,Time Deposit,1759487110,2026-11-10,MDN01,ACTIVE
10353,5716,Savings,58014056,2027-11-07,JKT02,ACTIVE
10354,3209,Time Deposit,435457626,2026-12-20,JKT02,ACTIVE
10355,1199,Savings,74867913,2028-01-16,SMG01,ACTIVE
10356,9452,Time Deposit,988628478,2026-09-15,JKT02,ACTIVE
10357,9030,Savings,20604321,2027-11-04,JKT01,ACTIVE
10358,31,Savings,12253471,2027-08-29,SBY01,ACTIVE
10359,5636,Savings,90390617,2027-10-27,SMG01,ACTIVE
10360,9466,Savings,59909997,2027-03-03,JKT02,ACTIVE
10361,387,Time Deposit,711016481,2026-08-11,JKT02,ACTIVE
10362,5005,Savings,46723523,2027-10-26,JKT02,ACTIVE
10363,7278,Time Deposit,709880815,2026-09-27,JKT01,ACTIVE
10364,8841,Savings,242318400,2027-05-23,JKT02,ACTIVE
10365,7645,Time Deposit,483349354,2026-06-21,JKT02,ACTIVE
10366,1248,Savings,80375729,2026-07-25,YGY01,ACTIVE
10367,6515,Savings,16606476,2028-01-16,MDN01,ACTIVE
10368,3560,Savings,188471202,2027-01-24,JKT01,ACTIVE
10369,340,Savings,11385541,2026-10-05,SMG01,ACTIVE
10370,9908,Time Deposit,1249159392,2026-05-23,JKT01,ACTIVE
10371,3773,Savings,219973707,2027-08-30,SMG01,ACTIVE
10372,3931,Time Deposit,776120489,2026-10-03,JKT02,ACTIVE
10373,4279,Time Deposit,1071697592,2026-09-05,BDG01,ACTIVE
10374,3656,Time Deposit,454308976,2026-09-24,SBY01,ACTIVE
10375,1066,Savings,62167642,2028-03-17,BDG01,ACTIVE
10376,3558,Savings,44896145,2028-01-04,SMG01,ACTIVE
10377,7582,Savings,59035638,2026-04-28,JKT01,ACTIVE
10378,7323,Time Deposit,601633034,2026-10-07,JKT02,ACTIVE
10379,2555,Time Deposit,691733912,2027-02-21,SBY01,ACTIVE
10380,4930,Savings,16916453,2026-12-12,BDG01,ACTIVE
10381,8868,Savings,51128728,2026-12-11,MDN01,ACTIVE
10382,2919,Savings,18504717,2027-06-28,YGY01,ACTIVE
10383,3317,Time Deposit,738603700,2026-09-02,JKT02,ACTIVE
10384,6142,Savings,14783030,2027-03-05,BDG01,ACTIVE
10385,6104,Savings,108068942,2026-06-02,SMG01,ACTIVE
10386,1863,Savings,143529441,2026-10-12,JKT02,ACTIVE
10387,298,Savings,40955628,2027-11-23,JKT02,ACTIVE
10388,8215,Savings,46300059,2027-11-22,JKT01,ACTIVE
10389,5745,Time Deposit,1837753121,2026-06-02,BDG01,ACTIVE
10390,7872,Savings,34701565,2027-10-24,MDN01,ACTIVE
10391,1753,Savings,99363747,2027-03-17,BDG01,ACTIVE
10392,3463,Time Deposit,578242347,2026-10-22,MDN01,ACTIVE
10393,1798,Savings,36819849,2027-08-24,YGY01,ACTIVE
10394,9330,Savings,96791922,2026-07-04,BDG01,ACTIVE
10395,1679,Savings,28664261,2027-04-28,JKT01,ACTIVE
10396,9038,Savings,24316765,2028-01-03,MDN01,ACTIVE
10397,7489,Savings,19777688,2026-07-27,MDN01,ACTIVE
10398,2886,Savings,12692007,2027-02-28,MDN01,ACTIVE
10399,2256,Time Deposit,454960260,2026-11-06,JKT01,ACTIVE
10400,614,Savings,14231796,2026-08-30,SMG01,ACTIVE
10401,3753,Savings,47197596,2026-06-30,SMG01,ACTIVE
10402,8422,Savings,28882043,2026-10-24,MDN01,ACTIVE
10403,7667,Time Deposit,401534481,2026-05-25,MDN01,ACTIVE
10404,544,Savings,111136094,2027-01-07,YGY01,ACTIVE
10405,574,Savings,15592686,2027-10-01,YGY01,ACTIVE
10406,2141,Savings,10916921,2027-01-05,SMG01,ACTIVE
10407,5524,Savings,15298593,2026-12-26,JKT02,ACTIVE
10408,269,Savings,8774139,2027-09-23,BDG01,ACTIVE
10409,7110,Time Deposit,919582032,2027-01-26,JKT01,ACTIVE
10410,2337,Time Deposit,1121011911,2026-10-12,SBY01,ACTIVE
10411,3020,Time Deposit,459107652,2026-11-21,JKT01,ACTIVE
10412,1187,Savings,14660757,2026-10-11,SMG01,ACTIVE
10413,8456,Savings,74761201,2026-10-04,JKT01,ACTIVE
10414,3026,Savings,135263792,2027-08-08,MDN01,ACTIVE
10415,6603,Savings,30189058,2028-01-19,JKT01,ACTIVE
10416,5252,Savings,101381924,2026-12-31,JKT01,ACTIVE
10417,1627,Savings,173750108,2026-09-30,BDG01,ACTIVE
10418,2004,Time Deposit,601999150,2027-01-25,SBY01,ACTIVE
10419,9211,Savings,67439330,2026-10-26,BDG01,ACTIVE
10420,8189,Time Deposit,1070634258,2027-03-06,MDN01,ACTIVE
10421,4249,Savings,21437185,2026-06-19,YGY01,ACTIVE
10422,2669,Savings,28796349,2027-02-10,MDN01,ACTIVE
10423,5375,Savings,10856007,2027-04-03,BDG01,ACTIVE
10424,9524,Time Deposit,303021416,2026-05-31,MDN01,ACTIVE
10425,2136,Savings,81581019,2026-07-02,SBY01,ACTIVE
10426,3850,Savings,69433102,2027-12-26,YGY01,ACTIVE
10427,540,Savings,19865191,2027-09-12,YGY01,ACTIVE
10428,9207,Savings,42431033,2027-04-27,SBY01,ACTIVE
10429,6530,Time Deposit,637733898,2027-02-18,SBY01,ACTIVE
10430,4319,Time Deposit,557186491,2026-06-19,JKT01,ACTIVE
10431,8437,Savings,6994652,2028-03-09,SBY01,ACTIVE
10432,4293,Savings,88826151,2027-02-01,YGY01,ACTIVE
10433,1666,Savings,151283172,2027-10-24,SMG01,ACTIVE
10434,1882,Savings,50426694,2028-03-01,YGY01,ACTIVE
10435,2664,Savings,77737765,2027-11-01,MDN01,ACTIVE
10436,1968,Time Deposit,710481490,2026-11-19,JKT01,ACTIVE
10437,7793,Savings,148509366,2026-07-18,BDG01,ACTIVE
10438,3062,Savings,25443331,2026-11-30,MDN01,ACTIVE
10439,5338,Savings,40929783,2027-08-18,JKT01,ACTIVE
10440,6139,Savings,19994471,2027-01-05,YGY01,ACTIVE
10441,5551,Time Deposit,947878348,2027-01-02,MDN01,ACTIVE
10442,879,Savings,6519552,2027-09-17,BDG01,ACTIVE
10443,2064,Time Deposit,789064247,2026-11-23,JKT01,ACTIVE
10444,8644,Time Deposit,525763297,2026-05-12,MDN01,ACTIVE
10445,282,Savings,15239196,2028-02-22,SBY01,ACTIVE
10446,7370,Savings,42796739,2028-03-20,JKT02,ACTIVE
10447,4188,Savings,22895556,2027-06-24,MDN01,ACTIVE
10448,7627,Time Deposit,830924000,2026-12-01,SBY01,ACTIVE
10449,4661,Savings,31860804,2026-08-25,JKT02,ACTIVE
10450,6946,Time Deposit,724696968,2026-12-04,SMG01,ACTIVE
10451,2322,Savings,57056851,2027-08-10,SBY01,ACTIVE
10452,242,Time Deposit,1333087479,2026-07-09,YGY01,ACTIVE
10453,9407,Savings,21275281,2027-01-30,SBY01,ACTIVE
10454,9369,Savings,41826517,2027-06-14,MDN01,ACTIVE
10455,4362,Time Deposit,368935575,2026-04-29,MDN01,ACTIVE
10456,5579,Savings,4751478,2027-09-12,BDG01,ACTIVE
10457,4483,Savings,2381483,2027-08-20,JKT02,ACTIVE
10458,5775,Savings,68826414,2026-07-23,SMG01,ACTIVE
10459,6191,Savings,111601738,2027-02-13,JKT01,ACTIVE
10460,9297,Savings,234730689,2026-11-29,MDN01,ACTIVE
10461,9951,Time Deposit,1405174016,2026-06-12,JKT02,ACTIVE
10462,6220,Savings,12729930,2027-05-03,JKT02,ACTIVE
10463,1450,Savings,29649545,2027-10-25,SBY01,ACTIVE
10464,727,Time Deposit,703277157,2026-04-20,BDG01,ACTIVE
10465,1638,Savings,14462858,2026-07-04,YGY01,ACTIVE
10466,5756,Savings,7629101,2026-06-09,YGY01,ACTIVE
10467,7833,Time Deposit,1275554018,2027-03-24,MDN01,ACTIVE
10468,6827,Savings,23263444,2026-12-08,SBY01,ACTIVE
10469,3450,Savings,24595821,2026-04-28,MDN01,ACTIVE
10470,1417,Time Deposit,1600728825,2026-06-15,JKT01,ACTIVE
10471,4824,Time Deposit,522408922,2026-06-24,BDG01,ACTIVE
10472,1820,Savings,83966493,2027-09-25,JKT02,ACTIVE
10473,5070,Savings,30802955,2027-05-20,SMG01,ACTIVE
10474,6945,Time Deposit,330891847,2027-01-07,SBY01,ACTIVE
10475,7710,Savings,25918280,2028-02-13,BDG01,ACTIVE
10476,2244,Savings,30759449,2026-11-26,SBY01,ACTIVE
10477,4043,Savings,26139711,2027-07-15,SMG01,ACTIVE
10478,6477,Time Deposit,669384232,2026-10-08,SBY01,ACTIVE
10479,8782,Savings,133033018,2027-04-14,JKT01,ACTIVE
10480,1230,Savings,19583939,2027-10-16,JKT01,ACTIVE
10481,3750,Time Deposit,1190030547,2027-02-10,SBY01,ACTIVE
10482,733,Savings,23106863,2027-10-02,JKT02,ACTIVE
10483,5201,Savings,20094453,2027-07-31,BDG01,ACTIVE
10484,2267,Time Deposit,742235291,2026-07-17,YGY01,ACTIVE
10485,6717,Savings,3325632,2027-04-09,JKT02,ACTIVE
10486,8102,Savings,17752804,2027-08-16,JKT02,ACTIVE
10487,1212,Time Deposit,1345515710,2026-05-22,JKT01,ACTIVE
10488,1433,Savings,48981169,2026-11-11,YGY01,ACTIVE
10489,8640,Savings,30715838,2027-02-07,JKT02,ACTIVE
10490,970,Savings,11747284,2027-11-21,JKT01,ACTIVE
10491,7184,Savings,33938817,2026-08-08,SBY01,ACTIVE
10492,5075,Savings,7923779,2026-10-29,MDN01,ACTIVE
10493,5545,Savings,15318838,2028-02-29,JKT02,ACTIVE
10494,6169,Savings,78751907,2027-03-23,JKT02,ACTIVE
10495,3118,Savings,153259876,2027-04-30,YGY01,ACTIVE
10496,4713,Savings,17755398,2027-03-02,YGY01,ACTIVE
10497,5828,Savings,133291944,2027-01-01,YGY01,ACTIVE
10498,8636,Savings,94683607,2026-09-30,JKT01,ACTIVE
10499,3769,Savings,26676185,2028-01-28,BDG01,ACTIVE
10500,9000,Time Deposit,1634803476,2026-09-22,BDG01,ACTIVE
10501,3823,Savings,10204479,2026-12-08,MDN01,ACTIVE
10502,3992,Savings,17103519,2028-02-06,MDN01,ACTIVE
10503,536,Savings,135902721,2026-12-20,JKT01,ACTIVE
10504,6598,Savings,19206205,2026-06-03,JKT02,ACTIVE
10505,2525,Time Deposit,585788088,2026-11-06,BDG01,ACTIVE
10506,7105,Time Deposit,767150378,2026-09-09,BDG01,ACTIVE
10507,7533,Savings,14058435,2027-10-17,JKT02,ACTIVE
10508,2778,Time Deposit,861338086,2027-02-08,SBY01,ACTIVE
10509,9023,Savings,36942707,2026-09-21,YGY01,ACTIVE
10510,595,Time Deposit,395601576,2026-09-12,MDN01,ACTIVE
10511,4097,Time Deposit,763445045,2026-11-25,JKT02,ACTIVE
10512,8100,Savings,126612231,2027-03-18,YGY01,ACTIVE
10513,9425,Savings,54251115,2026-07-15,JKT01,ACTIVE
10514,6432,Time Deposit,1680260465,2026-11-04,YGY01,ACTIVE
10515,3190,Time Deposit,754052431,2026-04-29,MDN01,ACTIVE
10516,4562,Savings,77762535,2027-09-24,JKT01,ACTIVE
10517,4291,Time Deposit,905970882,2026-07-29,JKT02,ACTIVE
10518,3433,Savings,21737187,2027-10-18,BDG01,ACTIVE
10519,8952,Time Deposit,416793993,2026-06-24,MDN01,ACTIVE
10520,135,Savings,14048682,2028-01-22,BDG01,ACTIVE
10521,3508,Savings,25632737,2027-02-16,MDN01,ACTIVE
10522,5189,Savings,95230006,2026-09-04,SBY01,ACTIVE
10523,270,Savings,96508128,2027-07-08,MDN01,ACTIVE
10524,5858,Time Deposit,1239226067,2026-05-12,JKT02,ACTIVE
10525,4864,Savings,20081831,2028-03-10,MDN01,ACTIVE
10526,1213,Time Deposit,536971529,2026-12-08,SBY01,ACTIVE
10527,4415,Time Deposit,959273381,2026-04-13,YGY01,ACTIVE
10528,4391,Savings,7173507,2027-04-23,SBY01,ACTIVE
10529,1715,Savings,56412328,2026-09-25,BDG01,ACTIVE
10530,8259,Savings,70799835,2027-09-03,JKT01,ACTIVE
10531,9637,Savings,18235102,2027-01-13,SBY01,ACTIVE
10532,4098,Time Deposit,1083364009,2026-12-29,JKT02,ACTIVE
10533,5097,Savings,17530014,2026-11-27,YGY01,ACTIVE
10534,7688,Savings,12374397,2027-05-19,YGY01,ACTIVE
10535,39,Savings,180180970,2028-02-16,YGY01,ACTIVE
10536,9737,Savings,74160500,2027-01-25,SMG01,ACTIVE
10537,2536,Time Deposit,510373692,2026-09-04,YGY01,ACTIVE
10538,7479,Time Deposit,941952985,2026-07-28,BDG01,ACTIVE
10539,4841,Time Deposit,911095344,2026-07-17,JKT02,ACTIVE
10540,8002,Savings,43148535,2026-06-28,BDG01,ACTIVE
10541,1057,Savings,16201005,2026-08-27,SBY01,ACTIVE
10542,9191,Savings,8543348,2026-11-30,MDN01,ACTIVE
10543,6139,Savings,10597967,2026-10-30,BDG01,ACTIVE
10544,1219,Time Deposit,469601129,2026-08-13,SBY01,ACTIVE
10545,3596,Savings,171880637,2026-06-14,SMG01,ACTIVE
10546,286,Time Deposit,350767300,2027-02-19,YGY01,ACTIVE
10547,1744,Savings,83530701,2026-08-13,SMG01,ACTIVE
10548,7698,Savings,26226122,2026-08-05,JKT01,ACTIVE
10549,8234,Time Deposit,1707427184,2026-12-28,MDN01,ACTIVE
10550,8321,Time Deposit,391141451,2026-05-09,JKT01,ACTIVE
10551,8020,Time Deposit,563649128,2026-08-03,JKT02,ACTIVE
10552,1190,Savings,57997612,2027-11-20,YGY01,ACTIVE
10553,9804,Savings,23072353,2027-04-19,BDG01,ACTIVE
10554,998,Time Deposit,414323152,2026-10-10,YGY01,ACTIVE
10555,5522,Savings,116986274,2026-12-16,MDN01,ACTIVE
10556,7027,Savings,56586834,2026-10-17,JKT02,ACTIVE
10557,3385,Time Deposit,482847222,2026-09-30,JKT01,ACTIVE
10558,1415,Savings,80787814,2027-08-07,JKT01,ACTIVE
10559,4118,Savings,24128845,2026-12-25,JKT01,ACTIVE
10560,6052,Savings,36210784,2028-02-17,BDG01,ACTIVE
10561,2599,Savings,83322626,2028-01-25,MDN01,ACTIVE
10562,9201,Savings,11183386,2028-03-21,JKT02,ACTIVE
10563,1887,Savings,11573637,2027-07-18,MDN01,ACTIVE
10564,7224,Time Deposit,349525866,2026-09-21,SMG01,ACTIVE
10565,759,Savings,14854871,2027-09-03,SBY01,ACTIVE
10566,2703,Time Deposit,222384137,2027-02-24,MDN01,ACTIVE
10567,804,Savings,20136641,2027-04-11,BDG01,ACTIVE
10568,8446,Time Deposit,1855836958,2027-01-12,JKT02,ACTIVE
10569,8149,Time Deposit,424194006,2026-10-01,MDN01,ACTIVE
10570,4165,Savings,39194723,2027-09-10,SBY01,ACTIVE
10571,4103,Time Deposit,937759726,2026-08-18,MDN01,ACTIVE
10572,8390,Time Deposit,470526407,2026-11-10,SBY01,ACTIVE
10573,6181,Savings,8239724,2026-07-12,JKT01,ACTIVE
10574,7551,Time Deposit,1018943129,2026-12-03,MDN01,ACTIVE
10575,7992,Savings,26031485,2027-03-13,SBY01,ACTIVE
10576,7790,Savings,19219734,2027-07-07,JKT01,ACTIVE
10577,3047,Savings,33267761,2027-09-25,JKT01,ACTIVE
10578,2638,Savings,66525723,2027-12-25,YGY01,ACTIVE
10579,3108,Time Deposit,274100109,2026-06-20,YGY01,ACTIVE
10580,1881,Savings,16971279,2027-10-12,BDG01,ACTIVE
10581,4409,Time Deposit,1401876938,2026-12-18,YGY01,ACTIVE
10582,8319,Savings,36164115,2026-09-29,JKT02,ACTIVE
10583,4980,Savings,133184917,2028-03-16,MDN01,ACTIVE
10584,9993,Time Deposit,590626492,2026-07-29,JKT01,ACTIVE
10585,9935,Time Deposit,810295392,2026-06-22,MDN01,ACTIVE
10586,5965,Savings,23399242,2027-10-30,JKT02,ACTIVE
10587,8268,Savings,90081758,2027-12-12,JKT02,ACTIVE
10588,8079,Savings,15823862,2028-03-02,SMG01,ACTIVE
10589,2442,Savings,12315567,2027-03-25,SBY01,ACTIVE
10590,7083,Time Deposit,684083133,2027-03-17,YGY01,ACTIVE
10591,3350,Savings,6415555,2026-12-06,YGY01,ACTIVE
10592,5750,Time Deposit,987847609,2026-09-12,JKT01,ACTIVE
10593,2906,Time Deposit,1337333461,2026-06-09,JKT01,ACTIVE
10594,8912,Savings,68699054,2028-01-28,SBY01,ACTIVE
10595,1017,Time Deposit,427804991,2026-11-09,MDN01,ACTIVE
10596,3112,Savings,13674209,2026-08-30,BDG01,ACTIVE
10597,6969,Savings,14289327,2027-05-21,JKT01,ACTIVE
10598,663,Time Deposit,291157494,2027-03-07,JKT01,ACTIVE
10599,1649,Savings,94034153,2027-10-03,YGY01,ACTIVE
10600,2858,Savings,34786434,2027-04-03,BDG01,ACTIVE
10601,9740,Savings,51978409,2027-10-01,YGY01,ACTIVE
10602,8803,Time Deposit,1090114584,2026-07-18,JKT02,ACTIVE
10603,2666,Savings,56692961,2027-11-08,BDG01,ACTIVE
10604,111,Savings,99449033,2027-02-14,BDG01,ACTIVE
10605,6936,Savings,24926624,2026-11-20,MDN01,ACTIVE
10606,6245,Time Deposit,662730276,2027-02-24,MDN01,ACTIVE
10607,1049,Savings,13439613,2027-06-28,SBY01,ACTIVE
10608,175,Savings,114623925,2026-09-13,JKT02,ACTIVE
10609,120,Time Deposit,117797033,2026-11-18,JKT02,ACTIVE
10610,3910,Time Deposit,401661454,2026-10-07,MDN01,ACTIVE
10611,5525,Time Deposit,288588936,2026-06-21,SBY01,ACTIVE
10612,3797,Time Deposit,1264333483,2026-04-14,SMG01,ACTIVE
10613,1234,Savings,101874141,2026-07-06,JKT01,ACTIVE
10614,3147,Savings,196386854,2026-12-23,JKT02,ACTIVE
10615,9001,Time Deposit,1075289582,2026-09-13,BDG01,ACTIVE
10616,534,Savings,28683242,2026-09-03,MDN01,ACTIVE
10617,8125,Savings,50971441,2026-06-12,JKT02,ACTIVE
10618,5871,Savings,30717562,2026-09-06,YGY01,ACTIVE
10619,4002,Time Deposit,850933940,2026-11-29,YGY01,ACTIVE
10620,3716,Savings,46342511,2026-06-04,BDG01,ACTIVE
10621,3081,Savings,90774578,2027-03-26,YGY01,ACTIVE
10622,7945,Savings,20161449,2027-12-25,MDN01,ACTIVE
10623,4470,Savings,97375985,2027-04-02,SBY01,ACTIVE
10624,239,Time Deposit,1044060770,2026-07-23,JKT02,ACTIVE
10625,9186,Savings,65582146,2027-04-29,MDN01,ACTIVE
10626,6318,Time Deposit,1033842403,2026-12-21,SMG01,ACTIVE
10627,6187,Time Deposit,742021351,2026-12-14,YGY01,ACTIVE
10628,8907,Time Deposit,127434278,2027-01-28,YGY01,ACTIVE
10629,8698,Savings,43129345,2027-09-01,MDN01,ACTIVE
10630,4083,Savings,31072386,2027-06-21,SMG01,ACTIVE
10631,1201,Savings,32587529,2027-03-01,JKT01,ACTIVE
10632,7978,Savings,4690012,2026-12-03,JKT02,ACTIVE
10633,7652,Time Deposit,1512066863,2026-05-14,BDG01,ACTIVE
10634,3284,Savings,134333242,2026-07-26,YGY01,ACTIVE
10635,7856,Savings,6932062,2027-03-03,BDG01,ACTIVE
10636,1850,Savings,11715975,2026-09-24,SBY01,ACTIVE
10637,5009,Time Deposit,599824943,2026-10-25,YGY01,ACTIVE
10638,8544,Savings,27797631,2027-06-01,SBY01,ACTIVE
10639,168,Time Deposit,527076559,2026-09-28,JKT02,ACTIVE
10640,8624,Time Deposit,777517280,2026-12-05,SBY01,ACTIVE
10641,7837,Savings,10726722,2027-11-24,JKT02,ACTIVE
10642,1436,Time Deposit,796820074,2026-05-20,YGY01,ACTIVE
10643,1617,Savings,28807785,2027-05-08,SMG01,ACTIVE
10644,7858,Time Deposit,345069931,2027-01-01,YGY01,ACTIVE
10645,8842,Time Deposit,1346619277,2026-12-02,JKT02,ACTIVE
10646,946,Savings,25898320,2026-07-29,YGY01,ACTIVE
10647,6127,Time Deposit,293095812,2027-02-20,BDG01,ACTIVE
10648,9765,Savings,45423945,2028-01-30,JKT01,ACTIVE
10649,6035,Savings,25487588,2026-10-31,JKT02,ACTIVE
10650,8458,Time Deposit,644778275,2027-02-24,SMG01,ACTIVE
10651,7537,Savings,18321206,2027-12-24,BDG01,ACTIVE
10652,5726,Time Deposit,129158649,2026-04-19,SBY01,ACTIVE
10653,2749,Savings,183590144,2027-11-27,MDN01,ACTIVE
10654,2346,Savings,171244038,2027-07-12,JKT02,ACTIVE
10655,1614,Savings,13673000,2027-10-01,JKT01,ACTIVE
10656,1185,Savings,37884468,2026-11-27,YGY01,ACTIVE
10657,7357,Time Deposit,832259924,2026-06-04,SMG01,ACTIVE
10658,3762,Savings,21456824,2027-06-11,MDN01,ACTIVE
10659,7612,Savings,63022980,2027-10-16,BDG01,ACTIVE
10660,913,Time Deposit,472948155,2026-05-23,JKT02,ACTIVE
10661,7903,Savings,123208684,2027-11-17,MDN01,ACTIVE
10662,5787,Savings,9953664,2027-08-15,SBY01,ACTIVE
10663,4263,Savings,10886034,2026-11-10,YGY01,ACTIVE
10664,8691,Time Deposit,301132807,2026-07-16,BDG01,ACTIVE
10665,389,Savings,158482002,2026-08-26,SBY01,ACTIVE
10666,2516,Time Deposit,1019151818,2026-12-19,JKT02,ACTIVE
10667,625,Savings,47807784,2026-09-02,BDG01,ACTIVE
10668,1617,Savings,25057638,2027-05-01,MDN01,ACTIVE
10669,9518,Savings,123599926,2026-07-29,JKT01,ACTIVE
10670,8854,Time Deposit,781667147,2027-02-15,JKT01,ACTIVE
10671,1336,Time Deposit,1632270083,2027-03-04,YGY01,ACTIVE
10672,4689,Savings,3867617,2027-02-19,SBY01,ACTIVE
10673,4904,Time Deposit,471100796,2026-05-14,JKT01,ACTIVE
10674,5771,Time Deposit,916109491,2026-11-11,SBY01,ACTIVE
10675,352,Savings,127507520,2027-07-18,BDG01,ACTIVE
10676,3049,Time Deposit,197994293,2026-10-31,JKT02,ACTIVE
10677,9951,Savings,116222712,2027-03-23,SMG01,ACTIVE
10678,233,Savings,40472847,2027-01-31,BDG01,ACTIVE
10679,3063,Savings,8916119,2026-12-05,SMG01,ACTIVE
10680,8399,Savings,25780605,2026-07-27,JKT02,ACTIVE
10681,7759,Savings,153293262,2028-02-21,SBY01,ACTIVE
10682,5042,Time Deposit,943001262,2026-11-01,JKT01,ACTIVE
10683,7684,Time Deposit,794353131,2027-03-20,SMG01,ACTIVE
10684,4486,Savings,88319014,2027-06-22,JKT02,ACTIVE
10685,627,Time Deposit,559345246,2026-09-16,MDN01,ACTIVE
10686,9508,Time Deposit,855796433,2026-08-07,JKT01,ACTIVE
10687,5682,Savings,153270483,2026-06-26,JKT01,ACTIVE
10688,2871,Time Deposit,418464898,2026-08-16,SMG01,ACTIVE
10689,6946,Time Deposit,334927719,2026-04-19,YGY01,ACTIVE
10690,8184,Time Deposit,1763594930,2026-11-02,BDG01,ACTIVE
10691,3176,Time Deposit,278236832,2026-09-08,BDG01,ACTIVE
10692,1931,Time Deposit,306915586,2026-05-20,YGY01,ACTIVE
10693,4091,Savings,98164525,2027-04-01,JKT01,ACTIVE
10694,9668,Savings,31093621,2027-07-26,SBY01,ACTIVE
10695,4127,Savings,38596010,2027-04-13,MDN01,ACTIVE
10696,2597,Savings,27155240,2027-01-14,YGY01,ACTIVE
10697,5493,Savings,26344680,2026-06-28,BDG01,ACTIVE
10698,1643,Savings,12812233,2027-03-14,JKT01,ACTIVE
10699,1123,Time Deposit,1049034240,2027-03-23,SBY01,ACTIVE
10700,4595,Savings,5917827,2028-02-08,YGY01,ACTIVE
10701,6749,Time Deposit,1489424123,2027-01-30,YGY01,ACTIVE
10702,5384,Time Deposit,716270784,2026-10-08,YGY01,ACTIVE
10703,6207,Time Deposit,756321380,2027-03-20,SBY01,ACTIVE
10704,114,Time Deposit,667657559,2026-07-10,SBY01,ACTIVE
10705,1196,Savings,94435436,2026-12-06,MDN01,ACTIVE
10706,7111,Savings,68508716,2026-07-08,YGY01,ACTIVE
10707,2564,Savings,24915615,2026-10-23,JKT01,ACTIVE
10708,834,Savings,14918112,2026-06-19,SMG01,ACTIVE
10709,223,Time Deposit,1136106503,2026-04-14,SBY01,ACTIVE
10710,9714,Savings,18404291,2027-07-26,SBY01,ACTIVE
10711,1069,Time Deposit,615314678,2026-07-13,YGY01,ACTIVE
10712,7413,Time Deposit,441236324,2026-10-01,SBY01,ACTIVE
10713,5931,Time Deposit,874950885,2026-04-16,SMG01,ACTIVE
10714,5720,Time Deposit,232033718,2026-06-10,SMG01,ACTIVE
10715,2431,Savings,8023999,2026-11-07,MDN01,ACTIVE
10716,7594,Savings,115032208,2027-05-04,JKT02,ACTIVE
10717,1056,Time Deposit,539280503,2026-04-22,JKT01,ACTIVE
10718,9934,Time Deposit,504366118,2027-02-23,JKT02,ACTIVE
10719,5060,Savings,18577815,2026-06-18,YGY01,ACTIVE
10720,9370,Savings,24863653,2026-09-01,MDN01,ACTIVE
10721,2218,Time Deposit,1065047439,2026-11-24,SBY01,ACTIVE
10722,4259,Savings,10992726,2027-05-27,SBY01,ACTIVE
10723,7629,Savings,28680788,2026-10-14,YGY01,ACTIVE
10724,9552,Savings,33738761,2027-07-23,BDG01,ACTIVE
10725,5342,Time Deposit,632098549,2026-11-10,JKT02,ACTIVE
10726,1485,Savings,108694004,2026-07-18,JKT01,ACTIVE
10727,3897,Savings,17844817,2027-02-27,SMG01,ACTIVE
10728,6217,Savings,5515737,2026-06-27,JKT02,ACTIVE
10729,3429,Time Deposit,1040336625,2027-03-05,YGY01,ACTIVE
10730,4538,Savings,37682941,2026-07-07,JKT01,ACTIVE
10731,336,Savings,119715186,2027-11-01,SBY01,ACTIVE
10732,5532,Savings,40042125,2027-12-15,SBY01,ACTIVE
10733,8064,Savings,39216121,2027-02-14,MDN01,ACTIVE
10734,6850,Savings,88871535,2026-09-07,BDG01,ACTIVE
10735,921,Time Deposit,1173712156,2026-04-15,MDN01,ACTIVE
10736,3473,Time Deposit,132309968,2026-09-10,YGY01,ACTIVE
10737,6868,Time Deposit,330311309,2026-12-09,MDN01,ACTIVE
10738,6926,Savings,117708217,2026-09-01,SBY01,ACTIVE
10739,2761,Time Deposit,900184451,2026-10-11,SBY01,ACTIVE
10740,1759,Savings,21967954,2027-08-17,BDG01,ACTIVE
10741,8346,Time Deposit,630715414,2026-04-10,JKT02,ACTIVE
10742,2920,Savings,5738459,2028-03-07,SBY01,ACTIVE
10743,2399,Time Deposit,652131845,2026-07-01,BDG01,ACTIVE
10744,3045,Savings,218216679,2028-02-24,MDN01,ACTIVE
10745,4785,Savings,107067976,2026-04-24,YGY01,ACTIVE
10746,8908,Time Deposit,596159129,2026-06-23,SMG01,ACTIVE
10747,9024,Savings,17562870,2026-08-23,SBY01,ACTIVE
10748,9736,Savings,22011597,2026-07-31,SBY01,ACTIVE
10749,144,Time Deposit,596632888,2027-03-08,MDN01,ACTIVE
10750,3763,Savings,35222705,2026-11-13,BDG01,ACTIVE
10751,3504,Time Deposit,730010220,2027-01-16,BDG01,ACTIVE
10752,6274,Savings,93242101,2027-06-01,SMG01,ACTIVE
10753,9456,Time Deposit,225858048,2027-03-14,BDG01,ACTIVE
10754,6775,Savings,17928317,2026-04-25,SBY01,ACTIVE
10755,4077,Savings,53021602,2027-10-27,BDG01,ACTIVE
10756,814,Savings,116505344,2026-05-14,BDG01,ACTIVE
10757,243,Time Deposit,1328679874,2026-04-25,SBY01,ACTIVE
10758,6924,Time Deposit,476498364,2026-08-10,SBY01,ACTIVE
10759,5640,Savings,82295202,2027-03-02,YGY01,ACTIVE
10760,945,Savings,8018436,2026-07-01,MDN01,ACTIVE
10761,3523,Savings,58724539,2027-01-04,SBY01,ACTIVE
10762,1639,Time Deposit,561762457,2026-11-06,SBY01,ACTIVE
10763,4335,Savings,46913435,2026-11-19,YGY01,ACTIVE
10764,2331,Savings,36535766,2027-01-09,SMG01,ACTIVE
10765,1164,Savings,37870487,2028-03-21,YGY01,ACTIVE
10766,3140,Time Deposit,1144410838,2027-01-02,YGY01,ACTIVE
10767,8363,Savings,141780888,2026-09-25,JKT01,ACTIVE
10768,4288,Savings,3737004,2026-07-28,BDG01,ACTIVE
10769,5335,Savings,9204090,2026-05-04,JKT02,ACTIVE
10770,9304,Time Deposit,559416056,2026-09-13,SMG01,ACTIVE
10771,2602,Savings,6156617,2026-10-23,JKT01,ACTIVE
10772,8546,Time Deposit,215295688,2026-12-19,JKT02,ACTIVE
10773,3664,Savings,106755994,2028-02-13,SBY01,ACTIVE
10774,4889,Time Deposit,1048904393,2026-08-31,YGY01,ACTIVE
10775,9752,Savings,21368202,2027-03-16,SMG01,ACTIVE
10776,1655,Savings,22362808,2027-09-13,YGY01,ACTIVE
10777,9425,Time Deposit,759121016,2026-09-11,YGY01,ACTIVE
10778,2502,Time Deposit,1083784697,2026-04-15,JKT02,ACTIVE
10779,3142,Time Deposit,737206519,2026-10-17,JKT01,ACTIVE
10780,3850,Savings,190618034,2028-01-31,JKT02,ACTIVE
10781,5218,Time Deposit,1240961001,2026-06-09,JKT01,ACTIVE
10782,4592,Time Deposit,1287889712,2026-06-18,JKT01,ACTIVE
10783,4914,Savings,23613619,2026-12-29,JKT01,ACTIVE
10784,1104,Savings,5601956,2026-08-21,JKT02,ACTIVE
10785,4308,Savings,211784502,2026-05-30,SBY01,ACTIVE
10786,1997,Savings,17360591,2028-02-27,MDN01,ACTIVE
10787,6243,Time Deposit,383612088,2026-05-06,BDG01,ACTIVE
10788,9076,Time Deposit,1187955805,2026-10-08,SMG01,ACTIVE
10789,9008,Savings,71715249,2028-01-11,SBY01,ACTIVE
10790,9151,Savings,17473850,2027-11-07,JKT01,ACTIVE
10791,7575,Savings,70231716,2027-04-14,SMG01,ACTIVE
10792,1700,Savings,89189578,2026-08-17,JKT02,ACTIVE
10793,4728,Savings,17674914,2026-06-01,JKT01,ACTIVE
10794,3137,Savings,8636846,2027-10-28,MDN01,ACTIVE
10795,7196,Savings,9104743,2026-05-11,MDN01,ACTIVE
10796,7584,Time Deposit,1084237319,2026-07-04,JKT01,ACTIVE
10797,5285,Time Deposit,465139413,2027-02-13,BDG01,ACTIVE
10798,8090,Savings,48376233,2027-09-07,MDN01,ACTIVE
10799,4390,Savings,80591536,2026-07-19,MDN01,ACTIVE
10800,4272,Time Deposit,832989957,2027-01-19,SMG01,ACTIVE
10801,992,Time Deposit,984398073,2027-02-27,YGY01,ACTIVE
10802,5108,Savings,105090728,2027-03-05,YGY01,ACTIVE
10803,2596,Time Deposit,417894126,2026-06-24,JKT01,ACTIVE
10804,6885,Savings,6210302,2027-11-15,YGY01,ACTIVE
10805,2030,Savings,59135847,2027-12-14,BDG01,ACTIVE
10806,2259,Savings,151096283,2027-04-06,JKT01,ACTIVE
10807,3309,Savings,48291538,2026-09-14,SBY01,ACTIVE
10808,1075,Savings,103292081,2026-07-26,BDG01,ACTIVE
10809,9871,Savings,51940641,2027-08-16,SBY01,ACTIVE
10810,1171,Time Deposit,956921173,2027-03-22,JKT01,ACTIVE
10811,8867,Time Deposit,1476437199,2026-11-09,YGY01,ACTIVE
10812,6004,Savings,80523991,2028-03-01,MDN01,ACTIVE
10813,1005,Savings,159354038,2027-11-17,YGY01,ACTIVE
10814,493,Savings,16662018,2028-01-22,SBY01,ACTIVE
10815,6361,Savings,45792795,2027-09-27,BDG01,ACTIVE
10816,5606,Savings,11755180,2026-11-18,BDG01,ACTIVE
10817,5062,Time Deposit,77848950,2026-06-25,YGY01,ACTIVE
10818,5754,Savings,42858743,2027-01-31,BDG01,ACTIVE
10819,4158,Savings,86367148,2026-09-16,MDN01,ACTIVE
10820,4118,Savings,32936649,2026-04-26,JKT02,ACTIVE
10821,950,Savings,25575307,2027-12-04,YGY01,ACTIVE
10822,5818,Savings,93184224,2027-08-28,SBY01,ACTIVE
10823,6885,Savings,11857163,2026-06-28,BDG01,ACTIVE
10824,4584,Savings,111109331,2028-01-03,SBY01,ACTIVE
10825,3371,Savings,14283419,2026-12-22,BDG01,ACTIVE
10826,5142,Time Deposit,631580387,2027-02-05,SBY01,ACTIVE
10827,8778,Time Deposit,83186596,2026-11-05,BDG01,ACTIVE
10828,2760,Savings,30979332,2026-08-20,BDG01,ACTIVE
10829,6118,Time Deposit,251626733,2026-09-20,BDG01,ACTIVE
10830,6651,Time Deposit,1501947066,2026-09-26,YGY01,ACTIVE
10831,2952,Savings,7091966,2027-10-10,SMG01,ACTIVE
10832,2218,Time Deposit,623498349,2026-08-08,MDN01,ACTIVE
10833,4591,Savings,37075390,2027-02-05,JKT01,ACTIVE
10834,7376,Time Deposit,817454384,2026-10-10,MDN01,ACTIVE
10835,4881,Time Deposit,869287460,2026-07-07,SBY01,ACTIVE
10836,9535,Savings,49564264,2027-11-28,BDG01,ACTIVE
10837,4720,Time Deposit,609786026,2026-08-28,BDG01,ACTIVE
10838,1582,Time Deposit,211225553,2027-02-28,MDN01,ACTIVE
10839,4572,Savings,18836652,2027-03-15,SMG01,ACTIVE
10840,4965,Time Deposit,282049286,2027-03-16,MDN01,ACTIVE
10841,4142,Savings,30066175,2027-02-01,YGY01,ACTIVE
10842,1570,Savings,169729090,2027-01-27,BDG01,ACTIVE
10843,7519,Savings,10652117,2027-11-28,YGY01,ACTIVE
10844,6944,Savings,15291284,2027-10-12,SMG01,ACTIVE
10845,7109,Savings,130544825,2026-12-22,SBY01,ACTIVE
10846,957,Time Deposit,738457765,2027-03-14,MDN01,ACTIVE
10847,3164,Savings,10932384,2027-11-03,SBY01,ACTIVE
10848,2161,Savings,119528921,2026-11-01,SBY01,ACTIVE
10849,1038,Time Deposit,1034973371,2027-02-25,BDG01,ACTIVE
10850,9133,Time Deposit,977982745,2027-03-11,SBY01,ACTIVE
10851,8566,Time Deposit,851845014,2026-06-05,JKT02,ACTIVE
10852,8209,Savings,36140370,2028-03-21,MDN01,ACTIVE
10853,2414,Savings,36182407,2027-02-08,SMG01,ACTIVE
10854,306,Savings,37702813,2026-10-15,YGY01,ACTIVE
10855,8210,Time Deposit,167019908,2026-10-17,SMG01,ACTIVE
10856,4711,Savings,11241516,2027-08-20,JKT02,ACTIVE
10857,8272,Time Deposit,862701360,2026-10-14,SBY01,ACTIVE
10858,4154,Time Deposit,1010348211,2026-09-22,BDG01,ACTIVE
10859,9476,Savings,21935556,2027-05-10,SBY01,ACTIVE
10860,4785,Time Deposit,364552796,2026-12-11,SBY01,ACTIVE
10861,8087,Savings,26637775,2027-03-20,SMG01,ACTIVE
10862,8090,Time Deposit,839283502,2026-06-21,JKT01,ACTIVE
10863,7320,Time Deposit,926712948,2026-05-17,MDN01,ACTIVE
10864,386,Savings,164772592,2028-03-15,SBY01,ACTIVE
10865,835,Savings,13194032,2028-03-24,JKT01,ACTIVE
10866,1604,Savings,16248938,2027-07-27,SBY01,ACTIVE
10867,4913,Time Deposit,1205358182,2026-04-28,JKT02,ACTIVE
10868,1820,Savings,58326345,2027-06-17,SBY01,ACTIVE
10869,6256,Savings,48570438,2026-08-31,MDN01,ACTIVE
10870,2736,Savings,32950427,2026-06-06,YGY01,ACTIVE
10871,7963,Savings,25025010,2027-02-06,SBY01,ACTIVE
10872,6102,Savings,44979035,2027-11-20,YGY01,ACTIVE
10873,4788,Savings,94887751,2027-08-18,BDG01,ACTIVE
10874,3079,Savings,206286435,2026-06-13,SBY01,ACTIVE
10875,1949,Time Deposit,840270626,2026-09-11,YGY01,ACTIVE
10876,9104,Savings,42659198,2026-10-18,BDG01,ACTIVE
10877,6565,Savings,7330264,2026-12-10,JKT01,ACTIVE
10878,4998,Savings,11371198,2027-06-16,SMG01,ACTIVE
10879,1928,Savings,52875900,2028-02-03,MDN01,ACTIVE
10880,4068,Time Deposit,790401029,2026-07-30,BDG01,ACTIVE
10881,8433,Time Deposit,845561404,2026-09-15,SMG01,ACTIVE
10882,5439,Savings,117282427,2027-09-16,MDN01,ACTIVE
10883,7902,Time Deposit,1373821304,2026-04-09,BDG01,ACTIVE
10884,5187,Savings,17093629,2028-03-20,JKT01,ACTIVE
10885,1199,Time Deposit,1246274708,2027-02-15,SBY01,ACTIVE
10886,2189,Savings,10667008,2027-02-20,YGY01,ACTIVE
10887,7570,Time Deposit,698416662,2026-10-06,JKT01,ACTIVE
10888,470,Savings,32680247,2027-10-12,SMG01,ACTIVE
10889,3850,Time Deposit,1053445723,2027-02-27,YGY01,ACTIVE
10890,107,Time Deposit,1196044076,2026-10-14,SMG01,ACTIVE
10891,7037,Savings,145743425,2026-12-25,SMG01,ACTIVE
10892,4795,Savings,91786148,2027-08-30,SBY01,ACTIVE
10893,6416,Savings,16824509,2028-03-24,SMG01,ACTIVE
10894,5682,Time Deposit,1135441880,2026-12-15,JKT02,ACTIVE
10895,6415,Time Deposit,590994218,2027-02-16,YGY01,ACTIVE
10896,5123,Savings,30226781,2027-05-18,SMG01,ACTIVE
10897,7756,Savings,41860579,2026-12-04,JKT02,ACTIVE
10898,3514,Savings,47802078,2027-01-28,JKT02,ACTIVE
10899,578,Savings,102904390,2027-01-28,SBY01,ACTIVE
10900,2347,Savings,13059243,2028-03-02,YGY01,ACTIVE
10901,5065,Savings,175990046,2028-01-02,SBY01,ACTIVE
10902,6148,Time Deposit,664643497,2026-12-20,MDN01,ACTIVE
10903,2022,Time Deposit,511221177,2026-12-11,YGY01,ACTIVE
10904,587,Savings,41861381,2027-11-29,YGY01,ACTIVE
10905,9461,Savings,43046753,2027-11-30,BDG01,ACTIVE
10906,9299,Savings,60950792,2027-01-05,BDG01,ACTIVE
10907,8844,Savings,7770554,2026-12-05,JKT02,ACTIVE
10908,8086,Savings,85177350,2026-11-12,SMG01,ACTIVE
10909,6553,Time Deposit,527778427,2026-09-01,MDN01,ACTIVE
10910,988,Savings,67853962,2027-06-26,JKT02,ACTIVE
10911,585,Savings,17273226,2026-06-07,BDG01,ACTIVE
10912,9522,Savings,4269718,2027-09-25,SBY01,ACTIVE
10913,7447,Savings,22311032,2027-08-03,JKT01,ACTIVE
10914,3979,Savings,80954340,2026-05-05,MDN01,ACTIVE
10915,9144,Savings,28604405,2026-11-15,JKT01,ACTIVE
10916,5777,Time Deposit,460195916,2026-07-13,BDG01,ACTIVE
10917,1409,Time Deposit,785311363,2026-09-04,JKT02,ACTIVE
10918,7695,Time Deposit,1233204332,2027-03-05,JKT01,ACTIVE
10919,2472,Time Deposit,873093615,2026-05-20,SMG01,ACTIVE
10920,6319,Savings,81507706,2027-08-01,JKT01,ACTIVE
10921,6776,Savings,75502207,2027-01-15,YGY01,ACTIVE
10922,9164,Savings,43460341,2027-05-02,JKT02,ACTIVE
10923,445,Savings,144374191,2026-10-07,YGY01,ACTIVE
10924,2275,Savings,67968693,2028-03-17,MDN01,ACTIVE
10925,3794,Savings,15045503,2026-07-23,SMG01,ACTIVE
10926,7947,Savings,18931448,2027-02-08,MDN01,ACTIVE
10927,4082,Savings,163291014,2028-02-13,SMG01,ACTIVE
10928,3292,Time Deposit,535516791,2026-09-15,MDN01,ACTIVE
10929,3982,Savings,21746023,2027-02-15,BDG01,ACTIVE
10930,9761,Time Deposit,1056192670,2027-02-01,MDN01,ACTIVE
10931,8210,Time Deposit,253403481,2026-11-25,MDN01,ACTIVE
10932,5938,Savings,43731096,2027-10-14,MDN01,ACTIVE
10933,3294,Savings,13374624,2027-04-22,SBY01,ACTIVE
10934,8461,Time Deposit,316969358,2027-03-17,YGY01,ACTIVE
10935,7511,Savings,31511643,2027-10-27,BDG01,ACTIVE
10936,9366,Time Deposit,1493455821,2027-01-01,YGY01,ACTIVE
10937,7403,Time Deposit,403456332,2026-11-11,SBY01,ACTIVE
10938,978,Time Deposit,1056069559,2026-05-01,SMG01,ACTIVE
10939,6242,Time Deposit,704334953,2027-03-23,JKT02,ACTIVE
10940,7132,Time Deposit,777816555,2026-12-23,MDN01,ACTIVE
10941,9405,Time Deposit,1650745449,2027-01-05,MDN01,ACTIVE
10942,9473,Savings,34382456,2026-10-21,BDG01,ACTIVE
10943,9625,Savings,78606107,2026-11-20,MDN01,ACTIVE
10944,818,Savings,92209101,2026-11-05,SBY01,ACTIVE
10945,7374,Savings,80847860,2027-04-23,SMG01,ACTIVE
10946,1075,Time Deposit,1376441981,2026-08-28,BDG01,ACTIVE
10947,6250,Savings,20121487,2026-08-14,SMG01,ACTIVE
10948,5654,Savings,13338710,2027-08-31,MDN01,ACTIVE
10949,7386,Time Deposit,1234719689,2026-05-30,YGY01,ACTIVE
10950,796,Savings,24781335,2026-09-26,JKT02,ACTIVE
10951,9173,Savings,107171217,2027-10-20,JKT01,ACTIVE
10952,2282,Savings,111129402,2027-10-05,SBY01,ACTIVE
10953,1723,Time Deposit,1079316203,2026-07-07,SMG01,ACTIVE
10954,3001,Time Deposit,656749241,2026-06-04,JKT02,ACTIVE
10955,7715,Savings,23179467,2027-02-23,SBY01,ACTIVE
10956,644,Savings,19786720,2027-06-18,SBY01,ACTIVE
10957,7394,Time Deposit,618894335,2026-12-11,JKT01,ACTIVE
10958,7758,Time Deposit,1413604246,2027-03-05,SBY01,ACTIVE
10959,3695,Savings,23633194,2026-05-17,BDG01,ACTIVE
10960,2978,Time Deposit,493251078,2026-04-14,BDG01,ACTIVE
10961,8545,Savings,6126834,2027-12-06,MDN01,ACTIVE
10962,2475,Time Deposit,450423543,2026-07-13,MDN01,ACTIVE
10963,6351,Savings,34280866,2026-04-27,JKT01,ACTIVE
10964,1349,Time Deposit,760150253,2026-08-01,SMG01,ACTIVE
10965,3841,Savings,30177270,2027-04-12,JKT01,ACTIVE
10966,6124,Savings,11783038,2026-10-19,SBY01,ACTIVE
10967,2875,Savings,21835603,2027-01-24,YGY01,ACTIVE
10968,2265,Savings,34409722,2028-03-24,JKT01,ACTIVE
10969,7156,Savings,38754333,2027-06-07,YGY01,ACTIVE
10970,8520,Time Deposit,582317353,2026-12-11,BDG01,ACTIVE
10971,3805,Savings,52611899,2027-05-08,JKT02,ACTIVE
10972,8608,Time Deposit,642037314,2026-11-17,SBY01,ACTIVE
10973,505,Savings,25292356,2028-02-10,BDG01,ACTIVE
10974,4616,Time Deposit,1269463560,2026-05-31,JKT01,ACTIVE
10975,461,Savings,9507315,2027-10-12,JKT02,ACTIVE
10976,3270,Savings,58699963,2026-10-10,SMG01,ACTIVE
10977,4358,Savings,17544336,2027-06-13,JKT01,ACTIVE
10978,2089,Savings,9262455,2027-11-06,SBY01,ACTIVE
10979,8301,Time Deposit,922974954,2027-01-01,JKT01,ACTIVE
10980,8062,Savings,49915291,2027-02-03,YGY01,ACTIVE
10981,8419,Savings,16958440,2027-06-27,JKT02,ACTIVE
10982,8902,Savings,34635899,2027-05-30,MDN01,ACTIVE
10983,9536,Savings,144410629,2026-05-09,SBY01,ACTIVE
10984,5087,Savings,28623575,2027-09-29,MDN01,ACTIVE
10985,2077,Time Deposit,1665657606,2027-03-10,JKT02,ACTIVE
10986,8912,Savings,30105034,2027-08-31,SBY01,ACTIVE
10987,740,Savings,19909093,2028-01-01,BDG01,ACTIVE
10988,2473,Savings,57211435,2027-06-14,JKT01,ACTIVE
10989,9305,Savings,11982279,2027-11-28,BDG01,ACTIVE
10990,7673,Savings,7825404,2026-10-30,JKT01,ACTIVE
10991,6265,Savings,39241380,2026-08-23,MDN01,ACTIVE
10992,4342,Savings,96941700,2026-07-20,SMG01,ACTIVE
10993,8927,Savings,58313529,2027-05-26,YGY01,ACTIVE
10994,7584,Savings,39096575,2027-02-15,SMG01,ACTIVE
10995,8261,Savings,7087524,2026-07-02,YGY01,ACTIVE
10996,386,Time Deposit,1309723958,2026-10-11,SBY01,ACTIVE
10997,6340,Savings,175123174,2027-04-30,YGY01,ACTIVE
10998,2154,Savings,42122718,2027-03-13,BDG01,ACTIVE
10999,1828,Savings,61642330,2026-11-08,SBY01,ACTIVE
11000,831,Savings,29547164,2027-06-24,JKT01,ACTIVE
11001,9357,Savings,57494536,2026-07-20,JKT02,ACTIVE
11002,4571,Time Deposit,207851056,2027-03-09,YGY01,ACTIVE
11003,8346,Savings,47303049,2026-05-05,SMG01,ACTIVE
11004,7419,Savings,37291775,2026-08-22,YGY01,ACTIVE
11005,348,Savings,17421506,2027-11-27,MDN01,ACTIVE
11006,2975,Time Deposit,795285404,2027-01-19,SBY01,ACTIVE
11007,3231,Savings,110031404,2027-03-22,SBY01,ACTIVE
11008,6300,Savings,90689347,2027-10-10,SBY01,ACTIVE
11009,3851,Time Deposit,1105622077,2026-05-15,JKT02,ACTIVE
11010,8403,Savings,22476844,2026-10-21,JKT01,ACTIVE
11011,2738,Savings,19264372,2027-04-09,JKT02,ACTIVE
11012,325,Savings,18084639,2026-10-11,SMG01,ACTIVE
11013,3562,Savings,26414351,2027-08-18,SBY01,ACTIVE
11014,7740,Time Deposit,645093347,2027-02-11,MDN01,ACTIVE
11015,1916,Time Deposit,401940550,2026-07-30,JKT02,ACTIVE
11016,968,Savings,16649920,2028-01-19,YGY01,ACTIVE
11017,9301,Savings,16228355,2027-12-20,JKT01,ACTIVE
11018,7211,Time Deposit,1165839141,2026-10-01,JKT01,ACTIVE
11019,8304,Savings,27470290,2027-08-09,SBY01,ACTIVE
11020,4640,Time Deposit,784988440,2027-03-19,YGY01,ACTIVE
11021,1197,Savings,39336530,2027-03-07,JKT02,ACTIVE
11022,4329,Time Deposit,370261238,2026-05-15,YGY01,ACTIVE
11023,9713,Savings,10667034,2027-02-25,YGY01,ACTIVE
11024,7233,Savings,199288222,2028-01-30,YGY01,ACTIVE
11025,9481,Savings,10079226,2027-02-28,JKT02,ACTIVE
11026,3128,Time Deposit,388510340,2026-07-01,BDG01,ACTIVE
11027,7099,Savings,11166149,2027-10-30,SBY01,ACTIVE
11028,4207,Savings,221883560,2027-02-23,BDG01,ACTIVE
11029,4779,Time Deposit,165570367,2026-12-24,SMG01,ACTIVE
11030,5907,Time Deposit,829914419,2026-07-08,YGY01,ACTIVE
11031,3150,Savings,39549993,2026-05-12,SMG01,ACTIVE
11032,6610,Time Deposit,311656219,2026-09-13,SBY01,ACTIVE
11033,1127,Savings,35657744,2027-09-08,BDG01,ACTIVE
11034,4268,Time Deposit,675435221,2026-04-26,JKT01,ACTIVE
11035,9420,Time Deposit,950909924,2026-10-10,JKT01,ACTIVE
11036,4482,Time Deposit,1165888530,2026-05-09,JKT02,ACTIVE
11037,7726,Time Deposit,1317676909,2027-02-19,JKT01,ACTIVE
11038,513,Savings,69472975,2027-08-13,SMG01,ACTIVE
11039,2842,Savings,13874583,2026-08-11,SBY01,ACTIVE
11040,4491,Savings,19872114,2027-07-31,SBY01,ACTIVE
11041,8739,Savings,16137582,2027-11-16,MDN01,ACTIVE
11042,41,Time Deposit,247064620,2026-09-21,SBY01,ACTIVE
11043,4110,Time Deposit,353062628,2026-10-27,JKT02,ACTIVE
11044,6457,Savings,5113680,2027-11-28,YGY01,ACTIVE
11045,9394,Savings,11147657,2026-07-04,BDG01,ACTIVE
11046,9519,Savings,15782641,2026-09-02,SBY01,ACTIVE
11047,3950,Savings,50047217,2026-07-15,MDN01,ACTIVE
11048,459,Savings,15566391,2026-12-19,MDN01,ACTIVE
11049,8217,Savings,30281348,2027-08-18,SMG01,ACTIVE
11050,5523,Savings,96026427,2028-02-16,BDG01,ACTIVE
11051,1901,Savings,39936179,2026-09-27,SBY01,ACTIVE
11052,1165,Savings,15172505,2027-04-24,MDN01,ACTIVE
11053,3891,Savings,98406619,2026-05-06,YGY01,ACTIVE
11054,4980,Savings,88960227,2026-09-13,YGY01,ACTIVE
11055,8872,Savings,97049348,2026-10-21,SBY01,ACTIVE
11056,2555,Time Deposit,1196786900,2026-12-04,MDN01,ACTIVE
11057,8935,Savings,33800147,2027-07-29,JKT01,ACTIVE
11058,6342,Savings,8559177,2027-04-30,YGY01,ACTIVE
11059,9603,Time Deposit,479418075,2027-02-09,SBY01,ACTIVE
11060,817,Savings,127841143,2027-12-01,SBY01,ACTIVE
11061,294,Savings,29029870,2026-09-15,JKT01,ACTIVE
11062,2630,Time Deposit,643592868,2027-01-12,JKT02,ACTIVE
11063,3528,Time Deposit,437104049,2027-02-03,SBY01,ACTIVE
11064,8432,Time Deposit,1091364379,2026-09-01,JKT01,ACTIVE
11065,8058,Savings,96895312,2028-01-12,YGY01,ACTIVE
11066,8294,Time Deposit,411298525,2026-05-17,SBY01,ACTIVE
11067,7067,Time Deposit,421643751,2026-12-18,JKT01,ACTIVE
11068,9366,Time Deposit,1569015108,2026-07-11,YGY01,ACTIVE
11069,502,Time Deposit,313889810,2026-08-16,YGY01,ACTIVE
11070,6825,Time Deposit,901238462,2026-04-26,BDG01,ACTIVE
11071,7404,Savings,101402308,2026-05-02,JKT01,ACTIVE
11072,9654,Savings,26650828,2026-05-07,JKT02,ACTIVE
11073,2172,Time Deposit,466537686,2027-02-26,SMG01,ACTIVE
11074,5984,Time Deposit,1027065027,2026-05-25,SBY01,ACTIVE
11075,5678,Savings,48342898,2027-11-20,JKT02,ACTIVE
11076,39,Time Deposit,486922725,2026-09-12,BDG01,ACTIVE
11077,4325,Time Deposit,744334659,2026-06-19,SBY01,ACTIVE
11078,2420,Savings,34687250,2027-05-26,JKT01,ACTIVE
11079,7026,Savings,28831656,2027-07-09,MDN01,ACTIVE
11080,2402,Savings,18365856,2028-01-03,JKT02,ACTIVE
11081,659,Time Deposit,338479135,2027-02-12,SMG01,ACTIVE
11082,8059,Savings,165903980,2027-06-06,JKT02,ACTIVE
11083,1379,Time Deposit,927925691,2026-11-03,SBY01,ACTIVE
11084,1747,Time Deposit,1738225711,2026-06-20,YGY01,ACTIVE
11085,93,Savings,41384382,2028-01-01,SMG01,ACTIVE
11086,6194,Time Deposit,725176404,2026-07-06,SMG01,ACTIVE
11087,1273,Savings,40002016,2026-12-27,JKT01,ACTIVE
11088,1130,Time Deposit,1530363079,2027-01-31,MDN01,ACTIVE
11089,7716,Savings,237305946,2027-06-18,MDN01,ACTIVE
11090,7669,Savings,92544190,2027-06-08,SMG01,ACTIVE
11091,152,Savings,7658793,2027-01-31,SMG01,ACTIVE
11092,8430,Savings,49622971,2026-11-23,BDG01,ACTIVE
11093,4233,Time Deposit,652463141,2027-01-02,MDN01,ACTIVE
11094,1775,Time Deposit,616741679,2026-05-26,BDG01,ACTIVE
11095,3770,Savings,10362583,2027-10-22,MDN01,ACTIVE
11096,3958,Time Deposit,724886483,2026-07-21,MDN01,ACTIVE
11097,3515,Time Deposit,310675055,2026-05-01,BDG01,ACTIVE
11098,4092,Time Deposit,638436944,2026-11-07,SMG01,ACTIVE
11099,9589,Savings,17491276,2028-03-19,SBY01,ACTIVE
11100,6149,Time Deposit,417027623,2026-07-16,YGY01,ACTIVE
11101,2356,Time Deposit,824217456,2026-09-28,SBY01,ACTIVE
11102,1392,Time Deposit,1155595468,2027-02-26,JKT01,ACTIVE
11103,3899,Time Deposit,919016649,2026-06-29,JKT01,ACTIVE
11104,4838,Savings,91537379,2027-07-29,YGY01,ACTIVE
11105,8026,Savings,10460444,2027-01-14,JKT02,ACTIVE
11106,9618,Savings,131480138,2028-03-04,BDG01,ACTIVE
11107,8557,Savings,46683724,2027-04-18,JKT02,ACTIVE
11108,6827,Savings,19721566,2026-05-06,BDG01,ACTIVE
11109,2125,Time Deposit,912311743,2026-05-11,JKT02,ACTIVE
11110,9424,Time Deposit,1880143938,2026-06-15,BDG01,ACTIVE
11111,5968,Time Deposit,857611703,2026-09-30,MDN01,ACTIVE
11112,9955,Savings,30654903,2026-06-23,JKT01,ACTIVE
11113,1677,Savings,201656621,2027-06-29,SBY01,ACTIVE
11114,9029,Savings,18236633,2027-07-24,YGY01,ACTIVE
11115,7668,Savings,55484316,2026-12-14,SBY01,ACTIVE
11116,5079,Savings,16812403,2026-10-02,YGY01,ACTIVE
11117,5437,Time Deposit,1864496109,2026-12-22,MDN01,ACTIVE
11118,1357,Savings,34015971,2026-09-21,JKT01,ACTIVE
11119,6114,Savings,36158180,2026-10-14,SMG01,ACTIVE
11120,2827,Time Deposit,561478238,2027-03-01,JKT02,ACTIVE
11121,1630,Savings,3856564,2027-01-28,BDG01,ACTIVE
11122,4311,Savings,70370680,2026-11-08,SBY01,ACTIVE
11123,1723,Time Deposit,1091479071,2026-05-28,BDG01,ACTIVE
11124,5373,Time Deposit,984308294,2026-08-22,JKT01,ACTIVE
11125,8807,Savings,18170107,2028-02-01,BDG01,ACTIVE
11126,6140,Savings,152826416,2026-07-15,SBY01,ACTIVE
11127,9993,Time Deposit,374442958,2027-03-02,SBY01,ACTIVE
11128,8976,Savings,63835952,2027-08-26,BDG01,ACTIVE
11129,457,Savings,22343717,2026-10-19,BDG01,ACTIVE
11130,3520,Time Deposit,522270314,2026-06-23,JKT01,ACTIVE
11131,2585,Time Deposit,1098813943,2026-10-14,SBY01,ACTIVE
11132,3079,Time Deposit,430891482,2026-05-01,SBY01,ACTIVE
11133,7602,Time Deposit,193779040,2026-04-25,JKT02,ACTIVE
11134,1402,Savings,9022305,2026-11-27,JKT02,ACTIVE
11135,9686,Savings,18205465,2026-05-19,SBY01,ACTIVE
11136,1565,Time Deposit,1500177340,2027-01-19,SBY01,ACTIVE
11137,2465,Savings,39898430,2026-07-03,JKT02,ACTIVE
11138,2047,Time Deposit,767620225,2027-02-07,MDN01,ACTIVE
11139,1231,Savings,7876797,2026-08-09,BDG01,ACTIVE
11140,9967,Time Deposit,114005589,2027-02-16,YGY01,ACTIVE
11141,9351,Time Deposit,345755557,2026-05-13,YGY01,ACTIVE
11142,6465,Time Deposit,712708599,2026-12-11,SBY01,ACTIVE
11143,5987,Savings,154785706,2027-07-11,YGY01,ACTIVE
11144,6865,Time Deposit,191036381,2026-06-04,MDN01,ACTIVE
11145,8393,Savings,34556968,2026-11-03,JKT02,ACTIVE
11146,437,Savings,44095686,2027-06-16,SBY01,ACTIVE
11147,116,Time Deposit,363601885,2026-10-06,BDG01,ACTIVE
11148,609,Time Deposit,953564240,2026-04-16,JKT02,ACTIVE
11149,5907,Time Deposit,765202564,2026-11-19,SBY01,ACTIVE
11150,8847,Time Deposit,1117241405,2027-02-24,BDG01,ACTIVE
11151,5998,Savings,89172880,2027-07-26,JKT02,ACTIVE
11152,18,Savings,10378522,2027-03-29,JKT02,ACTIVE
11153,6290,Savings,44376868,2027-06-13,BDG01,ACTIVE
11154,4285,Time Deposit,1335468449,2026-06-27,SMG01,ACTIVE
11155,9301,Time Deposit,658359137,2026-09-27,YGY01,ACTIVE
11156,3957,Savings,34509250,2027-09-10,BDG01,ACTIVE
11157,3140,Time Deposit,1010786819,2026-09-25,SMG01,ACTIVE
11158,6996,Savings,177469967,2027-08-28,SMG01,ACTIVE
11159,1514,Savings,23947426,2027-10-06,MDN01,ACTIVE
11160,3844,Time Deposit,460580990,2026-05-06,JKT01,ACTIVE
11161,9992,Savings,25584998,2026-08-25,MDN01,ACTIVE
11162,7843,Savings,43286796,2027-05-16,MDN01,ACTIVE
11163,1075,Savings,138981206,2027-06-15,YGY01,ACTIVE
11164,2515,Savings,19283939,2027-11-25,BDG01,ACTIVE
11165,5555,Savings,134609984,2026-09-18,YGY01,ACTIVE
11166,7673,Savings,11839715,2026-12-31,JKT02,ACTIVE
11167,6686,Time Deposit,742735174,2026-12-19,BDG01,ACTIVE
11168,2790,Time Deposit,170675048,2027-02-26,JKT02,ACTIVE
11169,7626,Savings,75204240,2028-01-17,MDN01,ACTIVE
11170,7512,Time Deposit,744294283,2026-08-09,BDG01,ACTIVE
11171,1043,Time Deposit,604056080,2026-10-15,BDG01,ACTIVE
11172,2934,Savings,15405006,2026-10-16,MDN01,ACTIVE
11173,1389,Time Deposit,329695924,2027-02-19,SBY01,ACTIVE
11174,6138,Savings,54418605,2026-08-07,JKT01,ACTIVE
11175,1998,Time Deposit,870353122,2027-02-05,SMG01,ACTIVE
11176,9522,Savings,10571932,2026-07-29,BDG01,ACTIVE
11177,6387,Savings,29511412,2028-01-17,JKT01,ACTIVE
11178,3059,Savings,14959292,2026-09-26,YGY01,ACTIVE
11179,3176,Savings,14701808,2027-12-02,YGY01,ACTIVE
11180,1546,Savings,7216483,2027-04-22,YGY01,ACTIVE
11181,6112,Savings,59641249,2027-07-10,SMG01,ACTIVE
11182,9889,Savings,22314663,2026-06-15,JKT01,ACTIVE
11183,4506,Time Deposit,617062951,2026-06-05,SBY01,ACTIVE
11184,7867,Savings,39567707,2027-05-08,BDG01,ACTIVE
11185,1150,Time Deposit,118744503,2026-08-07,BDG01,ACTIVE
11186,1740,Savings,115032610,2027-04-30,SMG01,ACTIVE
11187,9756,Savings,18734630,2026-04-24,MDN01,ACTIVE
11188,8912,Time Deposit,507645668,2027-02-27,SBY01,ACTIVE
11189,1257,Savings,229651665,2027-07-03,SBY01,ACTIVE
11190,1791,Savings,6934051,2026-06-11,MDN01,ACTIVE
11191,6659,Time Deposit,1160757543,2027-02-19,MDN01,ACTIVE
11192,2357,Time Deposit,538783799,2026-05-11,JKT02,ACTIVE
11193,6169,Savings,86295173,2027-08-23,SMG01,ACTIVE
11194,1154,Time Deposit,939065753,2026-12-15,JKT02,ACTIVE
11195,8665,Savings,124520093,2027-12-22,JKT02,ACTIVE
11196,6666,Savings,45573501,2026-08-03,SBY01,ACTIVE
11197,7728,Savings,15842647,2026-07-31,SMG01,ACTIVE
11198,5634,Savings,38407907,2026-10-11,SBY01,ACTIVE
11199,9526,Savings,56530006,2027-12-20,JKT02,ACTIVE
11200,4013,Savings,119798366,2027-12-18,JKT01,ACTIVE
11201,1794,Savings,73903119,2028-02-26,SMG01,ACTIVE
11202,6541,Time Deposit,543681189,2026-09-20,JKT01,ACTIVE
11203,8361,Time Deposit,239345456,2027-02-24,BDG01,ACTIVE
11204,1238,Time Deposit,225605128,2026-07-15,JKT01,ACTIVE
11205,347,Savings,95239554,2028-01-06,JKT01,ACTIVE
11206,4096,Savings,245576276,2026-12-17,SBY01,ACTIVE
11207,8131,Time Deposit,984883964,2026-09-25,JKT01,ACTIVE
11208,1684,Savings,30515958,2027-11-07,SMG01,ACTIVE
11209,2164,Time Deposit,1314671553,2026-09-19,YGY01,ACTIVE
11210,861,Savings,8012876,2027-02-28,JKT01,ACTIVE
11211,7693,Savings,162563122,2027-09-22,MDN01,ACTIVE
11212,8184,Time Deposit,650699983,2026-11-16,SMG01,ACTIVE
11213,1002,Savings,132151602,2027-06-26,SBY01,ACTIVE
11214,4074,Savings,51053540,2027-11-28,JKT02,ACTIVE
11215,3214,Time Deposit,675620952,2026-08-21,MDN01,ACTIVE
11216,1114,Time Deposit,454886085,2026-08-04,JKT01,ACTIVE
11217,1670,Time Deposit,446917852,2026-10-07,YGY01,ACTIVE
11218,2388,Time Deposit,255920131,2026-10-28,BDG01,ACTIVE
11219,7833,Savings,124031633,2026-12-02,SMG01,ACTIVE
11220,9681,Savings,93836925,2027-12-07,SBY01,ACTIVE
11221,650,Savings,14062113,2028-02-12,SMG01,ACTIVE
11222,2667,Time Deposit,981398588,2027-02-10,BDG01,ACTIVE
11223,9270,Savings,27703918,2026-12-04,BDG01,ACTIVE
11224,7634,Time Deposit,220484696,2026-08-31,MDN01,ACTIVE
11225,3395,Time Deposit,1346741726,2026-06-01,BDG01,ACTIVE
11226,8432,Time Deposit,701104492,2027-02-06,YGY01,ACTIVE
11227,9775,Savings,8325031,2027-05-18,YGY01,ACTIVE
11228,4156,Time Deposit,691051262,2027-02-10,SBY01,ACTIVE
11229,1318,Savings,15515483,2026-05-09,JKT01,ACTIVE
11230,8250,Time Deposit,1115548093,2027-02-26,YGY01,ACTIVE
11231,8303,Time Deposit,468415498,2026-11-21,BDG01,ACTIVE
11232,427,Savings,19782351,2026-05-08,SMG01,ACTIVE
11233,9668,Savings,37576241,2026-06-23,SBY01,ACTIVE
11234,8866,Savings,76221103,2028-02-24,MDN01,ACTIVE
11235,263,Time Deposit,1847682408,2027-02-26,SBY01,ACTIVE
11236,4834,Savings,13279084,2028-01-19,SMG01,ACTIVE
11237,5304,Time Deposit,544337567,2026-07-24,JKT01,ACTIVE
11238,2291,Savings,36228273,2027-08-29,SBY01,ACTIVE
11239,4384,Time Deposit,253318091,2026-11-21,BDG01,ACTIVE
11240,55,Savings,14344215,2027-11-11,SMG01,ACTIVE
11241,2392,Time Deposit,895936801,2026-04-15,SBY01,ACTIVE
11242,3483,Savings,20652884,2027-08-10,JKT01,ACTIVE
11243,7318,Savings,38272773,2028-01-18,SBY01,ACTIVE
11244,889,Savings,30487985,2027-08-06,JKT02,ACTIVE
11245,9893,Time Deposit,456646010,2026-07-06,SBY01,ACTIVE
11246,3317,Savings,117751557,2027-11-20,JKT01,ACTIVE
11247,6921,Savings,84994859,2027-05-14,JKT01,ACTIVE
11248,358,Time Deposit,656306986,2027-02-06,BDG01,ACTIVE
11249,7772,Savings,243879228,2027-05-09,YGY01,ACTIVE
11250,6206,Savings,24091598,2028-03-13,MDN01,ACTIVE
11251,9440,Savings,22363118,2027-07-01,JKT02,ACTIVE
11252,4518,Time Deposit,976165295,2027-03-15,BDG01,ACTIVE
11253,6332,Savings,17888027,2028-02-10,JKT01,ACTIVE
11254,7391,Time Deposit,1195799783,2026-08-18,MDN01,ACTIVE
11255,9977,Time Deposit,1076532851,2026-05-08,MDN01,ACTIVE
11256,7924,Time Deposit,451733826,2027-02-12,SMG01,ACTIVE
11257,6116,Time Deposit,892476728,2026-10-29,JKT02,ACTIVE
11258,5708,Savings,56921193,2027-11-14,SMG01,ACTIVE
11259,5136,Savings,28070442,2026-07-19,JKT02,ACTIVE
11260,5172,Savings,10980839,2027-02-20,MDN01,ACTIVE
11261,1183,Savings,10879542,2026-05-16,SMG01,ACTIVE
11262,6659,Savings,147782178,2026-12-22,YGY01,ACTIVE
11263,3916,Savings,51041242,2027-07-26,MDN01,ACTIVE
11264,2018,Time Deposit,849371682,2027-02-23,BDG01,ACTIVE
11265,9522,Savings,13243596,2027-08-21,YGY01,ACTIVE
11266,9616,Savings,83718886,2027-02-21,SMG01,ACTIVE
11267,1573,Time Deposit,677328854,2026-08-01,SMG01,ACTIVE
11268,6218,Time Deposit,1095569516,2026-04-20,JKT02,ACTIVE
11269,6892,Time Deposit,1332713774,2027-01-22,JKT02,ACTIVE
11270,7285,Time Deposit,741752508,2026-06-19,JKT01,ACTIVE
11271,1975,Savings,79000675,2027-10-26,YGY01,ACTIVE
11272,1871,Time Deposit,1648949189,2026-10-12,YGY01,ACTIVE
11273,4229,Savings,21467855,2028-03-07,BDG01,ACTIVE
11274,5284,Savings,8317045,2027-03-06,BDG01,ACTIVE
11275,6511,Savings,61385321,2027-01-01,SBY01,ACTIVE
11276,7143,Savings,33126835,2027-02-06,MDN01,ACTIVE
11277,7064,Savings,14124256,2027-08-24,SMG01,ACTIVE
11278,1153,Time Deposit,594464869,2026-06-30,JKT01,ACTIVE
11279,6579,Time Deposit,761585181,2026-09-27,YGY01,ACTIVE
11280,2722,Savings,64174355,2027-05-03,SMG01,ACTIVE
11281,5436,Savings,22337268,2026-04-26,MDN01,ACTIVE
11282,1148,Savings,16090580,2026-05-08,JKT01,ACTIVE
11283,4038,Time Deposit,1478056569,2026-07-05,BDG01,ACTIVE
11284,9969,Savings,27919559,2026-12-29,MDN01,ACTIVE
11285,4801,Time Deposit,618153823,2026-08-26,SMG01,ACTIVE
11286,1331,Savings,58256317,2027-09-10,MDN01,ACTIVE
11287,722,Savings,7892850,2026-12-15,SBY01,ACTIVE
11288,6309,Savings,35520569,2027-07-15,SBY01,ACTIVE
11289,9931,Savings,16357518,2026-08-19,YGY01,ACTIVE
11290,9281,Savings,32837754,2027-01-19,MDN01,ACTIVE
11291,3420,Time Deposit,419930707,2026-08-24,SMG01,ACTIVE
11292,8933,Savings,22645310,2027-05-04,BDG01,ACTIVE
11293,3682,Time Deposit,494654600,2026-08-10,YGY01,ACTIVE
11294,1298,Time Deposit,222669191,2026-12-13,YGY01,ACTIVE
11295,3747,Savings,58138850,2027-01-19,BDG01,ACTIVE
11296,3329,Savings,24964581,2028-01-04,SBY01,ACTIVE
11297,8457,Time Deposit,598348304,2026-12-20,SBY01,ACTIVE
11298,2346,Time Deposit,940586660,2026-06-17,JKT02,ACTIVE
11299,8003,Time Deposit,1794431828,2027-02-13,MDN01,ACTIVE
11300,4231,Savings,7640127,2026-06-29,BDG01,ACTIVE
11301,8620,Savings,4063788,2026-07-01,BDG01,ACTIVE
11302,778,Savings,8515116,2027-04-17,MDN01,ACTIVE
11303,5578,Savings,20030201,2027-07-21,SMG01,ACTIVE
11304,2850,Savings,103848894,2027-10-13,MDN01,ACTIVE
11305,56,Savings,14772451,2026-11-27,JKT02,ACTIVE
11306,9439,Savings,90766530,2026-07-27,YGY01,ACTIVE
11307,8063,Savings,18476918,2026-11-10,YGY01,ACTIVE
11308,2062,Savings,22383837,2026-08-17,JKT02,ACTIVE
11309,3245,Time Deposit,711482200,2026-12-19,JKT01,ACTIVE
11310,7539,Savings,33869015,2026-07-03,YGY01,ACTIVE
11311,6426,Time Deposit,880479136,2026-04-22,SMG01,ACTIVE
11312,9397,Time Deposit,1131693478,2027-02-19,BDG01,ACTIVE
11313,4525,Time Deposit,651070728,2026-09-16,SBY01,ACTIVE
11314,9563,Time Deposit,827813392,2026-04-28,SMG01,ACTIVE
11315,284,Time Deposit,487109566,2026-10-30,BDG01,ACTIVE
11316,9835,Time Deposit,255458520,2026-11-02,JKT01,ACTIVE
11317,527,Savings,28614428,2026-07-05,JKT01,ACTIVE
11318,9325,Time Deposit,1308217987,2026-05-11,BDG01,ACTIVE
11319,2432,Time Deposit,793481075,2027-01-19,MDN01,ACTIVE
11320,9534,Savings,11231549,2026-07-28,JKT01,ACTIVE
11321,2126,Time Deposit,324061171,2026-12-27,JKT02,ACTIVE
11322,9531,Savings,22227317,2027-07-13,MDN01,ACTIVE
11323,5663,Savings,14626673,2027-09-03,MDN01,ACTIVE
11324,3450,Savings,17953793,2027-06-12,JKT01,ACTIVE
11325,7227,Time Deposit,655752301,2026-07-09,JKT02,ACTIVE
11326,318,Savings,139715812,2027-08-31,SBY01,ACTIVE
11327,2965,Time Deposit,342550859,2026-07-24,JKT02,ACTIVE
11328,5602,Savings,35095922,2027-11-17,SMG01,ACTIVE
11329,4737,Time Deposit,359218004,2026-12-03,MDN01,ACTIVE
11330,8330,Savings,13501251,2027-08-07,JKT02,ACTIVE
11331,9050,Savings,40466078,2027-06-07,YGY01,ACTIVE
11332,7129,Time Deposit,80067802,2026-05-28,SMG01,ACTIVE
11333,3641,Savings,23806962,2026-07-19,JKT02,ACTIVE
11334,5952,Time Deposit,1106819034,2026-09-28,MDN01,ACTIVE
11335,5711,Time Deposit,1058307149,2026-12-09,JKT01,ACTIVE
11336,9852,Time Deposit,1136845870,2026-07-27,SMG01,ACTIVE
11337,4966,Time Deposit,1221815067,2026-10-25,SMG01,ACTIVE
11338,5612,Savings,90047634,2027-07-01,YGY01,ACTIVE
11339,3940,Time Deposit,824232035,2027-01-06,MDN01,ACTIVE
11340,1348,Time Deposit,566811414,2026-09-19,JKT01,ACTIVE
11341,8703,Savings,7818245,2027-01-24,SBY01,ACTIVE
11342,7316,Savings,15787131,2027-08-10,BDG01,ACTIVE
11343,9970,Savings,19092528,2028-02-12,MDN01,ACTIVE
11344,4251,Time Deposit,193077209,2026-08-05,BDG01,ACTIVE
11345,6290,Time Deposit,719345110,2026-12-28,YGY01,ACTIVE
11346,9367,Time Deposit,858699014,2027-03-22,YGY01,ACTIVE
11347,7587,Savings,15787074,2027-02-24,JKT01,ACTIVE
11348,6446,Time Deposit,1542442761,2026-12-08,SMG01,ACTIVE
11349,2599,Time Deposit,1187299978,2026-05-10,SMG01,ACTIVE
11350,8200,Savings,86990461,2027-08-13,BDG01,ACTIVE
11351,3678,Time Deposit,791508831,2026-11-22,BDG01,ACTIVE
11352,5854,Savings,17621624,2027-07-22,MDN01,ACTIVE
11353,8033,Savings,2950676,2026-07-11,SMG01,ACTIVE
11354,6664,Savings,54959745,2027-11-15,JKT02,ACTIVE
11355,6243,Time Deposit,256581590,2027-03-23,BDG01,ACTIVE
11356,1201,Savings,26511225,2027-02-24,SMG01,ACTIVE
11357,2435,Time Deposit,841721355,2026-08-02,SMG01,ACTIVE
11358,7001,Savings,38781823,2026-08-25,SBY01,ACTIVE
11359,1391,Savings,15420040,2027-10-25,SMG01,ACTIVE
11360,978,Time Deposit,460025592,2027-01-03,JKT02,ACTIVE
11361,9082,Savings,41286011,2026-05-11,BDG01,ACTIVE
11362,8905,Savings,101997832,2026-06-23,JKT01,ACTIVE
11363,4381,Savings,71800768,2026-07-23,BDG01,ACTIVE
11364,7205,Savings,86459750,2027-11-17,MDN01,ACTIVE
11365,6145,Savings,22098227,2026-12-10,SMG01,ACTIVE
11366,6418,Savings,21079710,2027-05-16,MDN01,ACTIVE
11367,3538,Time Deposit,922637410,2026-09-30,SBY01,ACTIVE
11368,259,Time Deposit,1474314323,2027-02-25,JKT02,ACTIVE
11369,7331,Time Deposit,630970748,2026-07-11,JKT01,ACTIVE
11370,634,Savings,78642046,2027-09-17,JKT02,ACTIVE
11371,4309,Savings,153868328,2027-10-08,SMG01,ACTIVE
11372,8563,Time Deposit,408274068,2026-10-22,SMG01,ACTIVE
11373,7149,Savings,82004557,2027-10-01,MDN01,ACTIVE
11374,9442,Savings,48443545,2027-06-25,SBY01,ACTIVE
11375,2207,Savings,60526003,2026-06-02,JKT01,ACTIVE
11376,5945,Time Deposit,362443596,2026-08-07,SMG01,ACTIVE
11377,1003,Savings,19934426,2026-06-04,BDG01,ACTIVE
11378,7969,Time Deposit,513727498,2027-01-11,JKT02,ACTIVE
11379,3473,Savings,19791617,2026-12-23,JKT01,ACTIVE
11380,3699,Savings,11170405,2028-02-06,MDN01,ACTIVE
11381,8418,Savings,83179616,2028-01-22,BDG01,ACTIVE
11382,9286,Savings,47543179,2026-10-03,BDG01,ACTIVE
11383,540,Savings,16049711,2027-03-10,SBY01,ACTIVE
11384,2607,Savings,18311152,2026-06-11,YGY01,ACTIVE
11385,7938,Savings,180458383,2026-12-17,YGY01,ACTIVE
11386,9825,Savings,20026445,2026-06-10,BDG01,ACTIVE
11387,6140,Time Deposit,1343050596,2027-01-14,SBY01,ACTIVE
11388,4521,Time Deposit,1111841853,2027-03-09,BDG01,ACTIVE
11389,1488,Savings,163534571,2027-10-13,JKT01,ACTIVE
11390,1443,Time Deposit,496000417,2026-11-12,BDG01,ACTIVE
11391,2786,Savings,32823727,2028-03-04,SMG01,ACTIVE
11392,488,Time Deposit,1070446517,2026-09-14,BDG01,ACTIVE
11393,9001,Time Deposit,368750074,2026-07-16,JKT02,ACTIVE
11394,554,Time Deposit,1011064094,2026-09-25,SBY01,ACTIVE
11395,3845,Savings,202777517,2027-11-22,SBY01,ACTIVE
11396,9435,Savings,23839372,2028-01-05,SBY01,ACTIVE
11397,2394,Time Deposit,965233251,2026-12-15,JKT02,ACTIVE
11398,1440,Time Deposit,983811466,2026-08-09,JKT02,ACTIVE
11399,498,Time Deposit,391830488,2026-09-18,SBY01,ACTIVE
11400,9623,Time Deposit,1658909920,2026-07-20,SBY01,ACTIVE
11401,727,Time Deposit,222039116,2026-08-16,YGY01,ACTIVE
11402,6048,Savings,11751081,2026-11-02,SMG01,ACTIVE
11403,1403,Time Deposit,1058412270,2026-12-14,JKT01,ACTIVE
11404,2711,Savings,142399880,2027-11-30,JKT02,ACTIVE
11405,2214,Savings,30357177,2027-10-20,SMG01,ACTIVE
11406,9147,Time Deposit,1547329056,2026-09-29,YGY01,ACTIVE
11407,318,Time Deposit,988993450,2026-04-10,SMG01,ACTIVE
11408,2469,Savings,5289749,2027-07-04,BDG01,ACTIVE
11409,5112,Savings,30402503,2026-07-14,JKT01,ACTIVE
11410,8170,Savings,33964517,2027-02-19,JKT01,ACTIVE
11411,4501,Savings,6968524,2026-05-30,YGY01,ACTIVE
11412,3967,Savings,40455367,2026-06-22,SMG01,ACTIVE
11413,2683,Time Deposit,912010120,2027-02-14,MDN01,ACTIVE
11414,47,Time Deposit,531609286,2026-05-22,JKT02,ACTIVE
11415,4819,Savings,114301662,2027-10-17,SMG01,ACTIVE
11416,9505,Time Deposit,284602822,2026-10-11,SMG01,ACTIVE
11417,8804,Time Deposit,1052752928,2026-08-26,MDN01,ACTIVE
11418,3686,Time Deposit,736018592,2026-07-17,BDG01,ACTIVE
11419,917,Time Deposit,1263757721,2026-08-18,JKT01,ACTIVE
11420,6329,Savings,196510219,2027-04-10,MDN01,ACTIVE
11421,2573,Time Deposit,1253329129,2026-07-02,JKT02,ACTIVE
11422,8400,Time Deposit,196985133,2026-04-27,MDN01,ACTIVE
11423,7812,Time Deposit,615934490,2026-10-18,SBY01,ACTIVE
11424,2526,Time Deposit,594885262,2026-11-05,JKT02,ACTIVE
11425,5829,Time Deposit,214135305,2026-09-26,JKT01,ACTIVE
11426,3019,Savings,20457526,2027-03-31,SBY01,ACTIVE
11427,9885,Time Deposit,620123311,2026-05-10,MDN01,ACTIVE
11428,2347,Savings,23442587,2027-02-13,SMG01,ACTIVE
11429,6810,Savings,134691228,2026-09-16,BDG01,ACTIVE
11430,8674,Time Deposit,394774625,2026-10-21,SBY01,ACTIVE
11431,7572,Savings,11125694,2028-02-01,YGY01,ACTIVE
11432,3422,Time Deposit,472298416,2026-12-04,BDG01,ACTIVE
11433,7661,Savings,3620479,2027-08-01,SMG01,ACTIVE
11434,2667,Savings,120390409,2026-07-09,BDG01,ACTIVE
11435,4714,Time Deposit,839877434,2027-02-05,SMG01,ACTIVE
11436,9969,Savings,26858462,2027-09-23,YGY01,ACTIVE
11437,3937,Time Deposit,262253668,2026-11-28,MDN01,ACTIVE
11438,6403,Savings,16358381,2026-12-17,YGY01,ACTIVE
11439,8847,Savings,39374771,2026-06-11,MDN01,ACTIVE
11440,2796,Savings,13807837,2027-07-18,YGY01,ACTIVE
11441,2140,Time Deposit,987073879,2026-05-18,SMG01,ACTIVE
11442,462,Savings,144239497,2027-05-27,JKT01,ACTIVE
11443,6768,Time Deposit,694466661,2027-01-04,BDG01,ACTIVE
11444,8374,Time Deposit,193225369,2026-09-03,SBY01,ACTIVE
11445,8055,Savings,31483859,2027-12-05,SBY01,ACTIVE
11446,3448,Savings,17530597,2027-06-02,JKT02,ACTIVE
11447,1852,Savings,136161892,2028-03-06,MDN01,ACTIVE
11448,3660,Savings,33631240,2027-12-18,SMG01,ACTIVE
11449,3270,Savings,102428002,2026-07-09,JKT02,ACTIVE
11450,2302,Savings,11873444,2027-06-02,SMG01,ACTIVE
11451,4329,Savings,31336030,2026-12-14,MDN01,ACTIVE
11452,6146,Time Deposit,1153943588,2027-02-16,YGY01,ACTIVE
11453,5828,Savings,78836914,2027-02-13,SMG01,ACTIVE
11454,50,Time Deposit,259121386,2026-06-09,BDG01,ACTIVE
11455,4103,Time Deposit,1884771127,2026-08-02,SMG01,ACTIVE
11456,5509,Savings,9648226,2027-03-24,BDG01,ACTIVE
11457,9490,Savings,30638133,2027-07-02,YGY01,ACTIVE
11458,4848,Time Deposit,1098102325,2026-10-09,SMG01,ACTIVE
11459,6122,Savings,211024905,2026-06-14,YGY01,ACTIVE
11460,1329,Time Deposit,466581165,2026-06-20,JKT02,ACTIVE
11461,6951,Time Deposit,612942193,2026-08-11,BDG01,ACTIVE
11462,6187,Savings,89552967,2026-07-08,JKT02,ACTIVE
11463,2673,Time Deposit,778943910,2026-05-26,SMG01,ACTIVE
11464,9026,Time Deposit,483696149,2026-12-18,SBY01,ACTIVE
11465,5931,Time Deposit,379328081,2026-04-18,JKT02,ACTIVE
11466,3403,Savings,8431413,2026-09-19,SBY01,ACTIVE
11467,4051,Time Deposit,980921721,2026-12-25,SBY01,ACTIVE
11468,8289,Savings,63714965,2027-07-03,BDG01,ACTIVE
11469,9328,Time Deposit,780073287,2026-11-07,YGY01,ACTIVE
11470,456,Savings,38376551,2027-11-01,JKT01,ACTIVE
11471,3662,Savings,14473041,2027-08-25,SMG01,ACTIVE
11472,153,Savings,20901910,2028-03-11,SBY01,ACTIVE
11473,6955,Time Deposit,358180738,2027-03-07,SMG01,ACTIVE
11474,1586,Savings,7933372,2026-12-04,BDG01,ACTIVE
11475,5886,Time Deposit,507742403,2027-01-09,BDG01,ACTIVE
11476,1949,Time Deposit,992307896,2026-04-30,SMG01,ACTIVE
11477,1708,Savings,35918916,2027-10-05,SMG01,ACTIVE
11478,9672,Savings,42886548,2026-12-10,YGY01,ACTIVE
11479,4451,Savings,15922313,2027-08-03,JKT02,ACTIVE
11480,8199,Savings,13410132,2026-07-29,SBY01,ACTIVE
11481,1538,Time Deposit,1248314609,2027-02-27,JKT02,ACTIVE
11482,717,Savings,17046466,2026-07-15,JKT02,ACTIVE
11483,6036,Savings,78704872,2027-01-08,MDN01,ACTIVE
11484,1411,Savings,37714548,2027-01-09,SBY01,ACTIVE
11485,7586,Savings,23127473,2027-09-21,YGY01,ACTIVE
11486,1514,Savings,26452011,2026-12-13,YGY01,ACTIVE
11487,4096,Time Deposit,924626409,2026-04-14,MDN01,ACTIVE
11488,6412,Savings,198309808,2027-04-01,MDN01,ACTIVE
11489,3525,Savings,31230505,2027-08-27,MDN01,ACTIVE
11490,6200,Savings,24401325,2027-07-15,SMG01,ACTIVE
11491,7958,Savings,13479258,2027-07-02,SMG01,ACTIVE
11492,5066,Time Deposit,352486952,2026-12-29,JKT01,ACTIVE
11493,7980,Savings,62749429,2027-05-13,MDN01,ACTIVE
11494,3228,Time Deposit,224282450,2026-11-04,MDN01,ACTIVE
11495,7613,Savings,27358685,2026-09-22,YGY01,ACTIVE
11496,5771,Savings,73571746,2027-09-04,BDG01,ACTIVE
11497,8242,Time Deposit,900883599,2026-09-21,JKT01,ACTIVE
11498,8501,Time Deposit,316752167,2026-11-01,SBY01,ACTIVE
11499,5310,Savings,14813845,2027-01-03,MDN01,ACTIVE
11500,9616,Savings,63663230,2027-02-10,JKT02,ACTIVE
11501,935,Savings,97878149,2026-08-28,SBY01,ACTIVE
11502,250,Time Deposit,1131965407,2026-10-21,SBY01,ACTIVE
11503,7440,Time Deposit,1144478265,2027-03-25,SMG01,ACTIVE
11504,9495,Time Deposit,726825864,2027-02-05,JKT01,ACTIVE
11505,7764,Savings,49663751,2026-05-04,SBY01,ACTIVE
11506,7048,Savings,22204865,2026-12-03,JKT02,ACTIVE
11507,397,Time Deposit,1542480952,2026-08-17,MDN01,ACTIVE
11508,1967,Time Deposit,470910311,2026-12-28,JKT02,ACTIVE
11509,6786,Savings,30323557,2027-07-31,SMG01,ACTIVE
11510,4909,Savings,8564518,2027-08-08,SBY01,ACTIVE
11511,9953,Savings,72444942,2027-04-14,JKT02,ACTIVE
11512,3588,Time Deposit,235014013,2027-02-12,YGY01,ACTIVE
11513,3154,Savings,21294301,2027-12-28,SMG01,ACTIVE
11514,9232,Savings,146580784,2028-01-08,JKT02,ACTIVE
11515,6070,Time Deposit,568391188,2027-03-10,JKT01,ACTIVE
11516,6122,Savings,92719979,2027-09-17,JKT02,ACTIVE
11517,9597,Savings,140379478,2026-05-11,SMG01,ACTIVE
11518,2486,Time Deposit,287588587,2026-07-01,BDG01,ACTIVE
11519,7852,Savings,9652112,2027-02-16,MDN01,ACTIVE
11520,9138,Time Deposit,711265031,2027-02-28,MDN01,ACTIVE
11521,2467,Time Deposit,590067056,2026-08-30,MDN01,ACTIVE
11522,4914,Savings,19797206,2026-09-26,YGY01,ACTIVE
11523,2859,Savings,104534870,2027-09-02,JKT01,ACTIVE
11524,8005,Time Deposit,1107001303,2026-07-08,SMG01,ACTIVE
11525,5373,Savings,9631882,2026-10-29,JKT01,ACTIVE
11526,3672,Savings,17455138,2026-12-21,SBY01,ACTIVE
11527,1041,Savings,13730020,2027-06-24,SMG01,ACTIVE
11528,740,Savings,26733782,2027-03-24,SMG01,ACTIVE
11529,1222,Time Deposit,264779656,2026-04-15,YGY01,ACTIVE
11530,5025,Savings,104951474,2027-02-14,BDG01,ACTIVE
11531,7265,Time Deposit,411104899,2026-06-13,SMG01,ACTIVE
11532,4101,Savings,15381123,2027-03-04,JKT02,ACTIVE
11533,417,Time Deposit,1004718317,2026-12-24,MDN01,ACTIVE
11534,5905,Savings,37193917,2028-02-05,SMG01,ACTIVE
11535,3944,Time Deposit,553808027,2026-12-04,YGY01,ACTIVE
11536,7833,Time Deposit,1053071492,2026-10-28,YGY01,ACTIVE
11537,8549,Savings,6745075,2027-06-14,BDG01,ACTIVE
11538,7041,Savings,33698295,2027-09-05,SBY01,ACTIVE
11539,8074,Savings,46538677,2026-08-16,BDG01,ACTIVE
11540,6441,Savings,27276593,2026-12-02,JKT02,ACTIVE
11541,8962,Savings,107406594,2027-02-02,MDN01,ACTIVE
11542,9055,Time Deposit,759554522,2027-01-11,YGY01,ACTIVE
11543,2238,Savings,19846275,2027-03-18,SMG01,ACTIVE
11544,5894,Savings,21280643,2026-10-31,SMG01,ACTIVE
11545,7787,Savings,18436611,2027-06-17,BDG01,ACTIVE
11546,5043,Time Deposit,1090881688,2026-05-13,YGY01,ACTIVE
11547,2741,Savings,11817742,2026-06-21,MDN01,ACTIVE
11548,6361,Savings,173921054,2027-06-19,SBY01,ACTIVE
11549,3555,Time Deposit,1041947583,2026-04-29,YGY01,ACTIVE
11550,4479,Savings,6024386,2026-10-16,SMG01,ACTIVE
11551,8234,Time Deposit,781521719,2026-11-28,BDG01,ACTIVE
11552,6114,Savings,5712559,2026-11-24,JKT02,ACTIVE
11553,3459,Time Deposit,313034488,2026-05-09,JKT02,ACTIVE
11554,1920,Savings,87826442,2026-12-06,YGY01,ACTIVE
11555,4176,Savings,5656360,2027-08-31,BDG01,ACTIVE
11556,9077,Savings,23064504,2027-01-10,SBY01,ACTIVE
11557,1723,Savings,77623174,2028-03-21,YGY01,ACTIVE
11558,5871,Savings,31049854,2027-05-28,SBY01,ACTIVE
11559,4275,Time Deposit,438385679,2026-11-22,MDN01,ACTIVE
11560,4046,Savings,77600642,2027-12-08,JKT01,ACTIVE
11561,6451,Time Deposit,1247594542,2026-06-26,BDG01,ACTIVE
11562,1223,Time Deposit,317107465,2026-08-05,JKT02,ACTIVE
11563,3521,Time Deposit,549743103,2026-06-26,SMG01,ACTIVE
11564,2423,Savings,82902978,2027-04-22,JKT01,ACTIVE
11565,7495,Savings,26673324,2028-03-21,SMG01,ACTIVE
11566,2862,Savings,8768476,2027-06-21,JKT02,ACTIVE
11567,8250,Time Deposit,476772547,2026-04-29,YGY01,ACTIVE
11568,6545,Time Deposit,1323904676,2026-11-17,SBY01,ACTIVE
11569,7731,Time Deposit,192854963,2026-06-15,MDN01,ACTIVE
11570,8106,Savings,5705027,2027-06-05,SBY01,ACTIVE
11571,4145,Savings,10780167,2026-05-14,MDN01,ACTIVE
11572,2689,Savings,37059554,2028-02-17,SMG01,ACTIVE
11573,5622,Time Deposit,871345191,2026-11-25,BDG01,ACTIVE
11574,4561,Savings,24769143,2026-05-04,SMG01,ACTIVE
11575,4106,Savings,151016780,2027-06-14,SMG01,ACTIVE
11576,8280,Savings,11566088,2027-07-13,YGY01,ACTIVE
11577,3856,Time Deposit,672991865,2026-10-23,MDN01,ACTIVE
11578,3048,Time Deposit,529319363,2026-06-16,JKT02,ACTIVE
11579,6731,Time Deposit,350644791,2026-10-04,JKT02,ACTIVE
11580,4599,Time Deposit,1484947585,2027-01-18,BDG01,ACTIVE
11581,3199,Time Deposit,320689450,2027-01-23,BDG01,ACTIVE
11582,8520,Savings,69920925,2027-10-15,MDN01,ACTIVE
11583,3735,Savings,40785746,2027-08-01,SBY01,ACTIVE
11584,5007,Savings,12865676,2027-11-26,SBY01,ACTIVE
11585,7675,Savings,47161476,2027-07-12,MDN01,ACTIVE
11586,9147,Savings,141373148,2026-08-10,BDG01,ACTIVE
11587,754,Time Deposit,1263180162,2026-06-11,JKT02,ACTIVE
11588,1542,Savings,29142092,2026-12-25,YGY01,ACTIVE
11589,8086,Time Deposit,731549009,2026-04-28,JKT01,ACTIVE
11590,6720,Savings,21820648,2027-06-02,YGY01,ACTIVE
11591,8530,Savings,10994526,2026-08-25,SBY01,ACTIVE
11592,2801,Time Deposit,135079147,2026-11-19,SBY01,ACTIVE
11593,7007,Time Deposit,671955875,2026-07-09,BDG01,ACTIVE
11594,371,Savings,44143054,2027-10-24,SBY01,ACTIVE
11595,6319,Savings,79799845,2026-06-18,MDN01,ACTIVE
11596,9974,Savings,71526538,2027-11-15,JKT02,ACTIVE
11597,1475,Savings,66288863,2027-10-15,JKT01,ACTIVE
11598,950,Time Deposit,193834195,2026-08-08,BDG01,ACTIVE
11599,1963,Savings,22733509,2027-06-20,BDG01,ACTIVE
11600,8688,Savings,31641815,2027-01-11,JKT02,ACTIVE
11601,4365,Savings,183700029,2026-07-23,SMG01,ACTIVE
11602,8916,Time Deposit,905183358,2026-04-26,JKT01,ACTIVE
11603,1167,Time Deposit,459420314,2027-03-05,SMG01,ACTIVE
11604,2667,Time Deposit,799771402,2026-12-14,SBY01,ACTIVE
11605,7893,Time Deposit,223418256,2027-02-10,SBY01,ACTIVE
11606,5724,Savings,34741170,2027-10-15,SBY01,ACTIVE
11607,6413,Time Deposit,816835800,2027-01-06,MDN01,ACTIVE
11608,6772,Savings,86872897,2027-02-17,SBY01,ACTIVE
11609,2256,Savings,57676789,2026-10-17,YGY01,ACTIVE
11610,7507,Savings,30917712,2027-10-13,BDG01,ACTIVE
11611,4700,Time Deposit,362040643,2027-01-25,MDN01,ACTIVE
11612,9221,Time Deposit,1240084521,2027-03-14,MDN01,ACTIVE
11613,6608,Savings,188924401,2027-02-21,YGY01,ACTIVE
11614,8005,Time Deposit,1196822580,2026-10-22,SMG01,ACTIVE
11615,2396,Time Deposit,772177279,2027-01-09,YGY01,ACTIVE
11616,6709,Time Deposit,260942832,2026-04-19,YGY01,ACTIVE
11617,560,Time Deposit,651483931,2026-12-06,BDG01,ACTIVE
11618,725,Savings,120588076,2026-07-20,SBY01,ACTIVE
11619,5403,Savings,156880458,2027-11-14,YGY01,ACTIVE
11620,2910,Time Deposit,340086813,2027-03-25,SMG01,ACTIVE
11621,2142,Savings,181615749,2027-12-02,SBY01,ACTIVE
11622,1208,Savings,48008099,2026-11-04,YGY01,ACTIVE
11623,4058,Time Deposit,1153179829,2027-02-08,SMG01,ACTIVE
11624,2699,Savings,8901775,2026-08-13,JKT01,ACTIVE
11625,9861,Time Deposit,944509924,2027-02-25,BDG01,ACTIVE
11626,2007,Savings,43621039,2026-06-03,YGY01,ACTIVE
11627,9673,Savings,6114813,2027-05-02,JKT02,ACTIVE
11628,6528,Time Deposit,932405418,2026-04-26,MDN01,ACTIVE
11629,4690,Time Deposit,864961700,2026-11-27,BDG01,ACTIVE
11630,7900,Savings,15360091,2027-08-04,MDN01,ACTIVE
11631,4838,Savings,146687762,2027-11-22,YGY01,ACTIVE
11632,7292,Savings,62863616,2026-12-04,MDN01,ACTIVE
11633,4126,Savings,63062387,2027-11-21,JKT02,ACTIVE
11634,109,Time Deposit,980374250,2027-02-11,YGY01,ACTIVE
11635,7758,Savings,85561191,2027-08-19,SBY01,ACTIVE
11636,2533,Savings,29206585,2026-05-03,MDN01,ACTIVE
11637,8527,Savings,14486008,2027-07-21,JKT02,ACTIVE
11638,4525,Savings,195870488,2027-01-17,SBY01,ACTIVE
11639,2722,Time Deposit,649687162,2026-05-05,JKT02,ACTIVE
11640,1580,Savings,13175060,2027-08-12,SMG01,ACTIVE
11641,6078,Savings,9748571,2027-10-03,JKT01,ACTIVE
11642,2112,Time Deposit,823152420,2027-02-20,JKT01,ACTIVE
11643,4306,Time Deposit,1737960514,2026-09-20,SBY01,ACTIVE
11644,6598,Time Deposit,351362077,2026-05-21,JKT02,ACTIVE
11645,3718,Time Deposit,1733830279,2026-10-24,MDN01,ACTIVE
11646,2113,Savings,46022311,2028-02-25,JKT01,ACTIVE
11647,2580,Savings,75783977,2026-09-20,YGY01,ACTIVE
11648,2968,Savings,14854285,2026-05-25,BDG01,ACTIVE
11649,3934,Savings,6836148,2026-07-28,JKT02,ACTIVE
11650,3833,Savings,33854705,2028-02-25,JKT02,ACTIVE
11651,3812,Savings,23108878,2026-05-14,JKT01,ACTIVE
11652,3975,Savings,28250077,2027-01-04,SMG01,ACTIVE
11653,6547,Savings,14764047,2028-01-24,JKT02,ACTIVE
11654,291,Savings,9003368,2027-11-13,BDG01,ACTIVE
11655,487,Time Deposit,911168680,2027-02-26,SMG01,ACTIVE
11656,2838,Savings,10124653,2026-12-31,JKT01,ACTIVE
11657,4578,Time Deposit,173856576,2027-02-27,YGY01,ACTIVE
11658,4292,Savings,8003934,2026-08-13,SMG01,ACTIVE
11659,7141,Savings,39785247,2026-05-13,JKT02,ACTIVE
11660,2148,Savings,23087359,2026-11-24,BDG01,ACTIVE
11661,7148,Savings,38389108,2027-06-19,SMG01,ACTIVE
11662,9361,Savings,21046419,2027-10-01,SMG01,ACTIVE
11663,5405,Savings,129793959,2026-12-14,JKT02,ACTIVE
11664,7439,Savings,39454270,2027-06-13,BDG01,ACTIVE
11665,2016,Savings,105107827,2026-12-09,YGY01,ACTIVE
11666,4631,Time Deposit,1774445069,2026-05-31,JKT02,ACTIVE
11667,6172,Savings,23822005,2028-03-16,MDN01,ACTIVE
11668,8577,Savings,29790900,2027-05-15,BDG01,ACTIVE
11669,6928,Savings,25268343,2026-05-23,SMG01,ACTIVE
11670,2591,Time Deposit,1705089259,2026-07-25,BDG01,ACTIVE
11671,6788,Time Deposit,1279755058,2026-04-19,BDG01,ACTIVE
11672,9953,Savings,102802483,2027-04-27,YGY01,ACTIVE
11673,9516,Time Deposit,406965726,2026-08-10,YGY01,ACTIVE
11674,4002,Savings,118489049,2026-12-21,YGY01,ACTIVE
11675,6623,Savings,31040613,2026-12-06,JKT01,ACTIVE
11676,210,Time Deposit,641701927,2026-10-11,YGY01,ACTIVE
11677,4953,Time Deposit,497174977,2026-09-13,JKT02,ACTIVE
11678,8780,Time Deposit,432106974,2026-11-13,JKT02,ACTIVE
11679,1743,Time Deposit,880733771,2026-09-08,SMG01,ACTIVE
11680,3388,Savings,80829621,2027-01-24,SMG01,ACTIVE
11681,6006,Savings,59926138,2027-11-07,YGY01,ACTIVE
11682,6302,Savings,19606278,2027-05-19,SMG01,ACTIVE
11683,7123,Time Deposit,543450191,2026-07-02,BDG01,ACTIVE
11684,1701,Time Deposit,1817847321,2027-02-27,BDG01,ACTIVE
11685,7425,Time Deposit,883950347,2026-06-25,BDG01,ACTIVE
11686,5164,Time Deposit,1858379762,2026-06-11,JKT01,ACTIVE
11687,10,Time Deposit,286689725,2026-10-06,SMG01,ACTIVE
11688,6273,Savings,116581964,2026-10-27,JKT01,ACTIVE
11689,2197,Time Deposit,631293441,2027-01-09,JKT01,ACTIVE
11690,6863,Savings,7146033,2027-05-10,SMG01,ACTIVE
11691,8702,Savings,19381208,2026-09-27,SMG01,ACTIVE
11692,1054,Savings,41753960,2027-06-21,JKT02,ACTIVE
11693,7417,Savings,20578471,2027-08-16,SMG01,ACTIVE
11694,9279,Savings,36705104,2026-09-30,MDN01,ACTIVE
11695,775,Savings,177050857,2026-09-23,SBY01,ACTIVE
11696,1007,Savings,17145128,2026-11-22,JKT02,ACTIVE
11697,5164,Savings,170948700,2027-10-01,JKT01,ACTIVE
11698,7088,Savings,26165339,2027-01-12,SBY01,ACTIVE
11699,1969,Savings,34131892,2027-07-08,MDN01,ACTIVE
11700,4358,Savings,9698575,2027-06-27,SMG01,ACTIVE
11701,8552,Time Deposit,682417495,2026-11-01,MDN01,ACTIVE
11702,6392,Time Deposit,364232658,2026-12-03,BDG01,ACTIVE
11703,6384,Savings,8729072,2026-11-13,JKT02,ACTIVE
11704,7065,Time Deposit,563731858,2026-08-08,MDN01,ACTIVE
11705,2774,Savings,18371393,2027-10-06,BDG01,ACTIVE
11706,8459,Savings,5417995,2027-11-02,MDN01,ACTIVE
11707,8430,Savings,31589855,2028-03-08,SBY01,ACTIVE
11708,9740,Savings,72207346,2027-07-29,SMG01,ACTIVE
11709,461,Savings,11609722,2027-11-25,SBY01,ACTIVE
11710,1731,Savings,20876551,2027-10-27,BDG01,ACTIVE
11711,757,Savings,15859126,2028-01-31,SMG01,ACTIVE
11712,6730,Time Deposit,1486770963,2026-08-08,SMG01,ACTIVE
11713,8502,Savings,6674515,2027-10-20,JKT01,ACTIVE
11714,7591,Time Deposit,207058269,2026-05-01,JKT02,ACTIVE
11715,2689,Savings,24909037,2028-01-21,YGY01,ACTIVE
11716,8406,Savings,236191960,2027-07-20,YGY01,ACTIVE
11717,204,Time Deposit,692214556,2027-01-20,BDG01,ACTIVE
11718,1294,Savings,19725073,2027-02-13,MDN01,ACTIVE
11719,7494,Savings,23448587,2026-09-19,MDN01,ACTIVE
11720,1263,Savings,34361812,2026-07-06,MDN01,ACTIVE
11721,6140,Savings,122729281,2027-08-16,JKT02,ACTIVE
11722,657,Time Deposit,590748871,2026-08-22,SBY01,ACTIVE
11723,7889,Savings,124198768,2027-06-02,BDG01,ACTIVE
11724,1847,Time Deposit,1298796092,2026-12-23,BDG01,ACTIVE
11725,7750,Savings,20522289,2026-05-26,SBY01,ACTIVE
11726,4000,Time Deposit,720835383,2026-10-30,BDG01,ACTIVE
11727,2535,Savings,10770813,2026-11-30,BDG01,ACTIVE
11728,5812,Time Deposit,275543998,2027-03-22,MDN01,ACTIVE
11729,9834,Time Deposit,843001518,2026-06-29,MDN01,ACTIVE
11730,9928,Savings,12498174,2027-11-25,SMG01,ACTIVE
11731,7459,Savings,59572075,2026-11-03,SBY01,ACTIVE
11732,3504,Savings,78766249,2026-09-18,YGY01,ACTIVE
11733,1566,Time Deposit,843364137,2026-12-25,YGY01,ACTIVE
11734,6465,Time Deposit,1007668179,2027-01-10,SBY01,ACTIVE
11735,5177,Savings,54886056,2027-10-28,JKT02,ACTIVE
11736,2439,Time Deposit,457947382,2026-06-14,SMG01,ACTIVE
11737,9898,Savings,10882425,2027-08-31,YGY01,ACTIVE
11738,2881,Time Deposit,1161791232,2026-11-18,SMG01,ACTIVE
11739,7512,Savings,69163684,2027-10-23,MDN01,ACTIVE
11740,4217,Time Deposit,584694300,2026-09-03,SMG01,ACTIVE
11741,3357,Time Deposit,399249184,2026-10-29,BDG01,ACTIVE
11742,524,Time Deposit,156061679,2026-12-26,JKT01,ACTIVE
11743,6641,Savings,11391578,2027-01-30,SMG01,ACTIVE
11744,8903,Savings,26544597,2027-11-27,BDG01,ACTIVE
11745,9118,Savings,44224202,2028-01-19,BDG01,ACTIVE
11746,4020,Savings,17059970,2027-07-19,MDN01,ACTIVE
11747,3277,Savings,57766259,2026-09-07,BDG01,ACTIVE
11748,2707,Time Deposit,896475749,2026-08-10,JKT01,ACTIVE
11749,8120,Time Deposit,1584620663,2026-07-29,JKT01,ACTIVE
11750,8002,Savings,58715789,2027-03-07,JKT01,ACTIVE
11751,4996,Savings,25020996,2027-09-30,MDN01,ACTIVE
11752,6764,Savings,20976300,2026-12-26,BDG01,ACTIVE
11753,5855,Savings,35744935,2027-04-13,SBY01,ACTIVE
11754,8798,Savings,94279284,2026-07-12,YGY01,ACTIVE
11755,688,Time Deposit,240002924,2026-12-09,SMG01,ACTIVE
11756,9527,Time Deposit,853406664,2026-07-26,MDN01,ACTIVE
11757,7758,Savings,42666282,2026-08-26,YGY01,ACTIVE
11758,1203,Savings,70364021,2027-08-30,BDG01,ACTIVE
11759,4713,Savings,15729249,2027-08-25,MDN01,ACTIVE
11760,5477,Time Deposit,365548035,2027-03-01,BDG01,ACTIVE
11761,6985,Savings,24234861,2027-09-07,SBY01,ACTIVE
11762,2601,Savings,4848498,2026-07-11,JKT01,ACTIVE
11763,6677,Savings,106325353,2026-07-08,MDN01,ACTIVE
11764,2686,Savings,41218659,2027-12-25,MDN01,ACTIVE
11765,1775,Time Deposit,165749886,2026-07-08,SBY01,ACTIVE
11766,3400,Time Deposit,745542129,2026-08-02,SMG01,ACTIVE
11767,7318,Savings,95969775,2027-06-02,YGY01,ACTIVE
11768,925,Time Deposit,807711441,2026-07-11,JKT01,ACTIVE
11769,9727,Savings,47534540,2027-04-10,JKT02,ACTIVE
11770,6216,Savings,39661528,2027-07-15,JKT01,ACTIVE
11771,9578,Savings,94180075,2026-05-13,SBY01,ACTIVE
11772,3181,Savings,220854249,2026-06-20,BDG01,ACTIVE
11773,3509,Savings,60734498,2027-09-28,MDN01,ACTIVE
11774,3848,Time Deposit,1593889863,2026-05-17,JKT02,ACTIVE
11775,5238,Savings,118465469,2026-08-13,YGY01,ACTIVE
11776,5323,Savings,25617851,2026-07-11,JKT02,ACTIVE
11777,2537,Savings,81376323,2027-10-23,BDG01,ACTIVE
11778,5643,Savings,37989637,2027-05-09,YGY01,ACTIVE
11779,9776,Time Deposit,563550650,2026-08-10,MDN01,ACTIVE
11780,3196,Time Deposit,719760965,2026-04-10,MDN01,ACTIVE
11781,5369,Savings,179046201,2027-01-11,BDG01,ACTIVE
11782,6557,Time Deposit,1053466947,2026-09-15,SMG01,ACTIVE
11783,5946,Time Deposit,401964453,2026-05-20,JKT01,ACTIVE
11784,4534,Savings,3581831,2027-01-22,SBY01,ACTIVE
11785,846,Savings,72141091,2027-06-24,MDN01,ACTIVE
11786,3903,Time Deposit,353374524,2026-07-31,MDN01,ACTIVE
11787,8815,Savings,2854765,2027-10-08,JKT02,ACTIVE
11788,5546,Savings,28309503,2027-01-07,BDG01,ACTIVE
11789,3987,Time Deposit,1802677341,2027-01-16,MDN01,ACTIVE
11790,5244,Savings,177000089,2026-06-17,MDN01,ACTIVE
11791,8585,Savings,171255971,2026-09-30,MDN01,ACTIVE
11792,3462,Savings,41230793,2027-03-14,BDG01,ACTIVE
11793,6190,Time Deposit,608549724,2027-03-16,JKT02,ACTIVE
11794,6435,Savings,90048108,2027-04-05,BDG01,ACTIVE
11795,6636,Savings,32161754,2028-03-06,BDG01,ACTIVE
11796,4854,Time Deposit,1012416440,2026-11-04,SMG01,ACTIVE
11797,8624,Savings,105307626,2026-05-22,SBY01,ACTIVE
11798,6055,Savings,32261240,2027-06-03,SBY01,ACTIVE
11799,1481,Savings,38972244,2027-11-27,JKT02,ACTIVE
11800,1766,Time Deposit,277455923,2027-03-05,BDG01,ACTIVE
11801,4398,Time Deposit,791825519,2026-09-03,SMG01,ACTIVE
11802,9130,Time Deposit,121350435,2026-10-05,BDG01,ACTIVE
11803,8187,Savings,8939330,2026-04-27,MDN01,ACTIVE
11804,7628,Time Deposit,1021971924,2027-03-21,YGY01,ACTIVE
11805,1243,Time Deposit,485815065,2026-09-05,JKT02,ACTIVE
11806,1840,Time Deposit,676818136,2026-12-18,MDN01,ACTIVE
11807,5412,Savings,76632004,2027-08-21,JKT02,ACTIVE
11808,6822,Savings,7060649,2027-01-05,YGY01,ACTIVE
11809,8068,Time Deposit,525225662,2027-03-14,JKT01,ACTIVE
11810,7124,Time Deposit,409515493,2026-05-08,YGY01,ACTIVE
11811,6648,Savings,17470435,2027-09-27,JKT02,ACTIVE
11812,6260,Savings,45100168,2026-05-07,YGY01,ACTIVE
11813,6237,Savings,85689967,2026-06-30,MDN01,ACTIVE
11814,9236,Savings,16578662,2027-08-12,SBY01,ACTIVE
11815,4090,Savings,48349458,2027-05-04,SBY01,ACTIVE
11816,2036,Savings,183303305,2027-07-10,JKT02,ACTIVE
11817,4217,Time Deposit,196169969,2026-08-10,MDN01,ACTIVE
11818,9199,Savings,8361773,2026-05-21,MDN01,ACTIVE
11819,4302,Time Deposit,1142852852,2027-03-10,YGY01,ACTIVE
11820,3793,Savings,137386234,2026-11-16,JKT02,ACTIVE
11821,6642,Savings,20932854,2027-04-05,BDG01,ACTIVE
11822,3715,Time Deposit,507917385,2026-06-08,YGY01,ACTIVE
11823,6784,Savings,4837398,2027-08-07,SBY01,ACTIVE
11824,5119,Savings,100626567,2026-09-19,JKT02,ACTIVE
11825,8789,Time Deposit,984322863,2026-07-05,BDG01,ACTIVE
11826,8896,Time Deposit,1692807423,2026-06-14,SMG01,ACTIVE
11827,8168,Savings,136588535,2026-12-16,YGY01,ACTIVE
11828,2476,Time Deposit,225602581,2026-07-07,JKT01,ACTIVE
11829,8629,Savings,13777105,2027-04-16,JKT02,ACTIVE
11830,6237,Time Deposit,943344902,2026-06-14,BDG01,ACTIVE
11831,3996,Time Deposit,1340910164,2027-03-11,MDN01,ACTIVE
11832,1332,Time Deposit,582397325,2027-02-19,BDG01,ACTIVE
11833,1292,Time Deposit,1012619386,2026-12-01,SBY01,ACTIVE
11834,5032,Time Deposit,615579263,2026-05-10,JKT01,ACTIVE
11835,672,Savings,25422444,2026-06-24,SBY01,ACTIVE
11836,5964,Savings,16070222,2027-09-09,SBY01,ACTIVE
11837,1100,Savings,5947758,2026-08-22,JKT01,ACTIVE
11838,7198,Savings,43909128,2028-02-08,SMG01,ACTIVE
11839,9357,Savings,64705520,2028-01-28,SBY01,ACTIVE
11840,7542,Time Deposit,992120427,2027-01-30,SMG01,ACTIVE
11841,3319,Savings,8839160,2026-11-11,SMG01,ACTIVE
11842,9026,Savings,164748302,2027-07-24,JKT02,ACTIVE
11843,8421,Savings,99973191,2027-03-27,JKT02,ACTIVE
11844,5127,Savings,17081831,2027-09-23,JKT01,ACTIVE
11845,2173,Savings,240870539,2026-06-30,JKT02,ACTIVE
11846,5988,Time Deposit,1251970220,2026-04-28,SMG01,ACTIVE
11847,6958,Time Deposit,1249276510,2027-02-06,SMG01,ACTIVE
11848,8309,Time Deposit,757680488,2026-06-27,JKT02,ACTIVE
11849,6819,Savings,75302237,2026-06-02,JKT01,ACTIVE
11850,323,Time Deposit,378317268,2026-05-22,SMG01,ACTIVE
11851,5839,Savings,16410851,2028-03-11,JKT01,ACTIVE
11852,1515,Time Deposit,890771022,2026-09-19,SMG01,ACTIVE
11853,4138,Savings,111429268,2026-07-05,SBY01,ACTIVE
11854,2169,Time Deposit,620399334,2026-09-23,JKT02,ACTIVE
11855,4129,Time Deposit,841760282,2026-10-23,MDN01,ACTIVE
11856,8411,Savings,17232664,2027-08-19,JKT01,ACTIVE
11857,1428,Time Deposit,345336892,2027-01-08,YGY01,ACTIVE
11858,708,Time Deposit,1767678004,2026-04-23,BDG01,ACTIVE
11859,3555,Time Deposit,1503997073,2027-02-18,BDG01,ACTIVE
11860,89,Time Deposit,1259644014,2026-07-13,JKT02,ACTIVE
11861,5857,Savings,8560941,2028-03-17,BDG01,ACTIVE
11862,4487,Time Deposit,736811837,2027-03-10,SMG01,ACTIVE
11863,893,Savings,26285228,2026-08-23,SBY01,ACTIVE
11864,9224,Time Deposit,791793761,2026-06-20,SMG01,ACTIVE
11865,3633,Time Deposit,811671203,2026-06-09,BDG01,ACTIVE
11866,3935,Time Deposit,728733947,2026-04-26,JKT02,ACTIVE
11867,1444,Savings,19866558,2026-12-13,JKT01,ACTIVE
11868,2089,Savings,28284160,2027-07-08,MDN01,ACTIVE
11869,4849,Savings,27342031,2027-09-24,JKT01,ACTIVE
11870,3605,Time Deposit,1387930404,2026-05-29,SBY01,ACTIVE
11871,5541,Savings,20908627,2027-03-24,BDG01,ACTIVE
11872,5998,Time Deposit,1056125991,2026-06-17,MDN01,ACTIVE
11873,3098,Savings,25595849,2027-07-15,JKT01,ACTIVE
11874,7854,Time Deposit,391819026,2026-08-18,JKT01,ACTIVE
11875,6926,Time Deposit,1142442471,2026-10-22,SBY01,ACTIVE
11876,6872,Savings,8462343,2028-02-14,JKT01,ACTIVE
11877,4960,Savings,23947111,2027-12-22,MDN01,ACTIVE
11878,7484,Savings,179920389,2027-04-24,JKT01,ACTIVE
11879,182,Savings,174331318,2028-02-12,JKT01,ACTIVE
11880,4190,Time Deposit,1646243925,2026-07-06,SMG01,ACTIVE
11881,805,Savings,45283338,2026-09-12,SMG01,ACTIVE
11882,5667,Savings,8046949,2026-07-14,SMG01,ACTIVE
11883,9486,Time Deposit,892579275,2026-07-31,SMG01,ACTIVE
11884,2541,Savings,25968252,2026-09-29,MDN01,ACTIVE
11885,91,Savings,60900410,2026-11-19,JKT01,ACTIVE
11886,795,Savings,87334301,2027-11-09,JKT01,ACTIVE
11887,994,Savings,33815443,2027-01-13,JKT02,ACTIVE
11888,4721,Savings,77281918,2026-10-24,YGY01,ACTIVE
11889,1368,Time Deposit,201976016,2026-07-24,JKT01,ACTIVE
11890,1954,Savings,5627994,2027-11-19,JKT01,ACTIVE
11891,7426,Time Deposit,465837098,2026-06-13,SMG01,ACTIVE
11892,8131,Time Deposit,796597466,2026-12-02,JKT01,ACTIVE
11893,336,Time Deposit,790796993,2026-10-13,SMG01,ACTIVE
11894,1983,Time Deposit,208561184,2026-05-05,SMG01,ACTIVE
11895,2163,Time Deposit,917582646,2026-10-31,BDG01,ACTIVE
11896,9424,Savings,155931837,2026-12-29,BDG01,ACTIVE
11897,1481,Savings,18878949,2026-07-20,YGY01,ACTIVE
11898,5503,Time Deposit,1106079309,2026-10-07,JKT01,ACTIVE
11899,4759,Savings,95510657,2026-10-29,MDN01,ACTIVE
11900,8305,Time Deposit,1258052206,2026-10-31,SMG01,ACTIVE
11901,9613,Time Deposit,885508544,2027-01-14,BDG01,ACTIVE
11902,7839,Savings,25535095,2027-07-27,YGY01,ACTIVE
11903,9085,Savings,129755472,2026-07-07,JKT01,ACTIVE
11904,936,Savings,27304671,2028-02-07,YGY01,ACTIVE
11905,2774,Savings,46050227,2026-12-28,SMG01,ACTIVE
11906,4649,Savings,206905185,2027-08-16,BDG01,ACTIVE
11907,7932,Time Deposit,1681743844,2026-07-16,JKT02,ACTIVE
11908,2363,Savings,18362443,2027-11-05,JKT01,ACTIVE
11909,1006,Savings,8802838,2026-08-24,YGY01,ACTIVE
11910,8469,Time Deposit,1236085459,2027-01-01,MDN01,ACTIVE
11911,1771,Time Deposit,114854402,2026-04-19,SMG01,ACTIVE
11912,2443,Savings,23508868,2027-09-05,MDN01,ACTIVE
11913,7308,Savings,28968759,2026-07-22,SMG01,ACTIVE
11914,694,Savings,29171332,2026-11-29,JKT01,ACTIVE
11915,8201,Savings,53119399,2028-01-10,YGY01,ACTIVE
11916,5975,Time Deposit,748838224,2027-02-23,BDG01,ACTIVE
11917,2299,Time Deposit,671835053,2026-08-27,JKT02,ACTIVE
11918,5286,Time Deposit,468625159,2026-10-20,BDG01,ACTIVE
11919,5370,Savings,43324624,2026-10-26,SBY01,ACTIVE
11920,678,Savings,76819905,2027-02-20,JKT01,ACTIVE
11921,9194,Time Deposit,254890358,2027-01-22,MDN01,ACTIVE
11922,6539,Savings,96854573,2027-04-03,JKT01,ACTIVE
11923,3787,Time Deposit,1159945132,2026-08-06,JKT02,ACTIVE
11924,4010,Savings,10085142,2027-09-08,SBY01,ACTIVE
11925,4274,Savings,35311220,2026-09-01,JKT02,ACTIVE
11926,5742,Time Deposit,1195388702,2026-06-05,JKT02,ACTIVE
11927,9146,Time Deposit,225927630,2026-04-20,MDN01,ACTIVE
11928,4426,Savings,38220356,2026-11-04,JKT01,ACTIVE
11929,7299,Savings,52240005,2027-04-18,BDG01,ACTIVE
11930,9606,Savings,30743650,2027-12-28,YGY01,ACTIVE
11931,7727,Savings,41027847,2027-07-01,MDN01,ACTIVE
11932,7266,Savings,15373876,2026-10-18,SBY01,ACTIVE
11933,2115,Time Deposit,1661761128,2026-05-28,YGY01,ACTIVE
11934,1615,Time Deposit,666111582,2026-04-21,SMG01,ACTIVE
11935,4519,Savings,102553142,2027-06-25,MDN01,ACTIVE
11936,1767,Savings,14424052,2026-08-24,MDN01,ACTIVE
11937,8203,Savings,12288567,2027-05-04,SMG01,ACTIVE
11938,816,Time Deposit,497138267,2026-08-18,BDG01,ACTIVE
11939,5549,Savings,20336643,2027-04-29,SBY01,ACTIVE
11940,1605,Savings,176441180,2026-05-22,MDN01,ACTIVE
11941,6968,Savings,31863094,2026-05-21,SBY01,ACTIVE
11942,1137,Savings,20314296,2026-12-28,SBY01,ACTIVE
11943,4511,Time Deposit,270381673,2026-08-04,MDN01,ACTIVE
11944,884,Time Deposit,1074455554,2026-09-28,MDN01,ACTIVE
11945,5564,Time Deposit,1334642494,2026-10-01,MDN01,ACTIVE
11946,9563,Savings,35542024,2027-10-09,JKT01,ACTIVE
11947,8693,Time Deposit,535158430,2026-06-11,JKT01,ACTIVE
11948,1894,Time Deposit,176721225,2026-07-14,SBY01,ACTIVE
11949,3291,Time Deposit,129220191,2026-12-24,JKT02,ACTIVE
11950,7611,Time Deposit,931851689,2026-11-05,MDN01,ACTIVE
11951,3069,Savings,53295737,2026-06-14,MDN01,ACTIVE
11952,2566,Time Deposit,539100968,2026-09-23,MDN01,ACTIVE
11953,9785,Time Deposit,578345383,2026-09-12,SMG01,ACTIVE
11954,6067,Savings,27331496,2028-01-14,YGY01,ACTIVE
11955,4548,Savings,62749462,2027-07-11,YGY01,ACTIVE
11956,9499,Time Deposit,1034000493,2026-05-23,SBY01,ACTIVE
11957,9245,Time Deposit,283352823,2026-07-17,BDG01,ACTIVE
11958,5169,Savings,11400241,2027-08-12,MDN01,ACTIVE
11959,8304,Savings,12976687,2027-08-11,YGY01,ACTIVE
11960,4712,Savings,41402084,2026-09-29,SMG01,ACTIVE
11961,823,Time Deposit,974911588,2026-07-11,MDN01,ACTIVE
11962,1210,Savings,145327775,2026-12-26,SBY01,ACTIVE
11963,3151,Savings,61024002,2028-03-11,JKT02,ACTIVE
11964,7533,Savings,18139557,2026-09-03,JKT01,ACTIVE
11965,1575,Savings,70444464,2026-04-27,SBY01,ACTIVE
11966,1211,Savings,34020396,2027-01-08,JKT02,ACTIVE
11967,2851,Savings,30576849,2026-11-09,JKT01,ACTIVE
11968,7531,Time Deposit,477622987,2026-06-08,MDN01,ACTIVE
11969,1380,Time Deposit,1835425713,2026-12-08,YGY01,ACTIVE
11970,5095,Time Deposit,1346898866,2026-07-29,JKT02,ACTIVE
11971,7120,Time Deposit,355954830,2026-09-17,SMG01,ACTIVE
11972,4161,Time Deposit,1497606476,2027-02-11,SBY01,ACTIVE
11973,8369,Time Deposit,325237810,2026-11-21,SMG01,ACTIVE
11974,6080,Savings,24992162,2026-10-17,SMG01,ACTIVE
11975,2991,Time Deposit,1006618637,2027-02-19,MDN01,ACTIVE
11976,7324,Time Deposit,422118825,2026-08-05,BDG01,ACTIVE
11977,7203,Time Deposit,326190975,2026-09-03,BDG01,ACTIVE
11978,4450,Savings,20520958,2027-10-18,JKT02,ACTIVE
11979,7880,Savings,16873234,2026-10-16,MDN01,ACTIVE
11980,378,Savings,14855780,2027-04-09,BDG01,ACTIVE
11981,9918,Time Deposit,405504787,2026-09-07,SMG01,ACTIVE
11982,274,Savings,6068208,2028-01-06,YGY01,ACTIVE
11983,7588,Time Deposit,835331313,2026-07-08,JKT02,ACTIVE
11984,5807,Time Deposit,526246345,2026-07-24,MDN01,ACTIVE
11985,1343,Savings,12583589,2027-07-19,JKT01,ACTIVE
11986,6929,Savings,14043783,2026-11-09,MDN01,ACTIVE
11987,9675,Time Deposit,512010665,2026-10-19,SMG01,ACTIVE
11988,9,Time Deposit,557772219,2026-10-22,BDG01,ACTIVE
11989,1014,Savings,26598614,2027-07-14,MDN01,ACTIVE
11990,2299,Savings,137177052,2028-03-02,SMG01,ACTIVE
11991,7453,Time Deposit,932508759,2026-08-28,JKT01,ACTIVE
11992,8379,Savings,43222240,2026-11-29,SMG01,ACTIVE
11993,1614,Savings,20552647,2026-06-29,YGY01,ACTIVE
11994,8592,Savings,17109363,2027-01-01,JKT01,ACTIVE
11995,6255,Savings,32784528,2027-10-20,MDN01,ACTIVE
11996,2264,Time Deposit,993503922,2027-01-19,YGY01,ACTIVE
11997,4319,Time Deposit,429934809,2026-11-03,SBY01,ACTIVE
11998,6497,Time Deposit,1271393881,2026-10-29,MDN01,ACTIVE
11999,8138,Time Deposit,224694599,2026-11-28,BDG01,ACTIVE
12000,7962,Time Deposit,222896428,2026-04-27,JKT01,ACTIVE
12001,9189,Savings,42835764,2026-10-03,YGY01,ACTIVE
12002,5804,Time Deposit,515404319,2026-07-06,SMG01,ACTIVE
12003,4150,Time Deposit,904849714,2026-09-07,JKT02,ACTIVE
12004,6377,Time Deposit,581904230,2026-05-12,SBY01,ACTIVE
12005,9359,Time Deposit,260933474,2026-06-21,BDG01,ACTIVE
12006,378,Time Deposit,597682005,2026-07-10,SBY01,ACTIVE
12007,1330,Savings,166601149,2027-02-04,JKT01,ACTIVE
12008,3175,Savings,53086916,2026-05-11,SMG01,ACTIVE
12009,7957,Savings,98198082,2026-10-31,MDN01,ACTIVE
12010,3248,Savings,29160071,2027-03-15,BDG01,ACTIVE
12011,9044,Savings,29783789,2027-01-11,MDN01,ACTIVE
12012,3826,Savings,38239602,2027-01-24,YGY01,ACTIVE
12013,8737,Time Deposit,347929310,2027-03-04,YGY01,ACTIVE
12014,100,Time Deposit,835240881,2026-06-23,JKT01,ACTIVE
12015,3608,Savings,9469271,2027-02-25,YGY01,ACTIVE
12016,8497,Savings,18171699,2027-06-29,MDN01,ACTIVE
12017,6297,Savings,52747694,2027-11-25,MDN01,ACTIVE
12018,2792,Savings,13123452,2026-08-29,BDG01,ACTIVE
12019,3070,Savings,78424466,2028-03-11,BDG01,ACTIVE
12020,7304,Time Deposit,353578102,2026-07-05,JKT01,ACTIVE
12021,7266,Savings,10188413,2027-12-06,SMG01,ACTIVE
12022,3480,Time Deposit,514502847,2026-07-25,SMG01,ACTIVE
12023,2563,Savings,5286173,2026-05-20,YGY01,ACTIVE
12024,1263,Savings,45129498,2027-10-19,BDG01,ACTIVE
12025,7089,Time Deposit,1637573034,2027-02-21,YGY01,ACTIVE
12026,3277,Time Deposit,496462185,2026-11-11,SBY01,ACTIVE
12027,959,Savings,40628105,2026-04-28,SMG01,ACTIVE
12028,11,Savings,23268826,2028-02-13,MDN01,ACTIVE
12029,1744,Savings,234822563,2026-11-26,JKT02,ACTIVE
12030,4611,Savings,9752133,2027-12-08,YGY01,ACTIVE
12031,5080,Savings,128456807,2026-05-07,JKT01,ACTIVE
12032,52,Time Deposit,1362614666,2026-08-14,JKT01,ACTIVE
12033,6594,Savings,37871339,2027-02-28,JKT02,ACTIVE
12034,3233,Savings,27501157,2027-04-20,SBY01,ACTIVE
12035,1753,Time Deposit,669809386,2026-09-08,JKT01,ACTIVE
12036,3435,Savings,117285892,2027-06-16,SBY01,ACTIVE
12037,2412,Savings,16481807,2027-11-15,BDG01,ACTIVE
12038,5217,Time Deposit,752358921,2026-12-27,SMG01,ACTIVE
12039,7239,Savings,3806903,2027-09-22,YGY01,ACTIVE
12040,3492,Savings,199494843,2028-01-11,JKT02,ACTIVE
12041,4054,Savings,13939983,2027-06-07,JKT01,ACTIVE
12042,9402,Savings,182807766,2028-02-16,BDG01,ACTIVE
12043,5515,Savings,126871059,2027-04-23,YGY01,ACTIVE
12044,1097,Time Deposit,696948610,2026-11-19,SBY01,ACTIVE
12045,9413,Time Deposit,1868386533,2026-05-06,BDG01,ACTIVE
12046,1141,Savings,12791404,2026-05-18,MDN01,ACTIVE
12047,5791,Time Deposit,373270300,2026-07-06,MDN01,ACTIVE
12048,6238,Time Deposit,674849573,2027-01-04,SMG01,ACTIVE
12049,3180,Savings,201481212,2026-08-24,JKT01,ACTIVE
12050,2511,Savings,84017252,2027-05-20,JKT02,ACTIVE
12051,8071,Savings,24458777,2026-04-26,SBY01,ACTIVE
12052,1924,Time Deposit,980990235,2027-02-19,JKT02,ACTIVE
12053,6864,Time Deposit,352452587,2026-07-09,JKT01,ACTIVE
12054,9672,Savings,15039481,2027-10-30,SBY01,ACTIVE
12055,1372,Savings,192639281,2026-07-14,MDN01,ACTIVE
12056,6908,Savings,19627456,2026-08-24,SMG01,ACTIVE
12057,1910,Time Deposit,958668671,2026-10-28,SBY01,ACTIVE
12058,2629,Savings,18716499,2026-07-26,JKT01,ACTIVE
12059,298,Time Deposit,908560903,2026-07-15,JKT02,ACTIVE
12060,7228,Time Deposit,303737385,2027-02-11,BDG01,ACTIVE
12061,9389,Time Deposit,390150269,2026-07-19,BDG01,ACTIVE
12062,1552,Savings,30127727,2027-09-28,SBY01,ACTIVE
12063,2410,Time Deposit,194539027,2027-02-14,JKT01,ACTIVE
12064,2248,Savings,29112896,2027-02-03,SMG01,ACTIVE
12065,9110,Time Deposit,411889361,2026-08-16,JKT02,ACTIVE
12066,366,Time Deposit,472232018,2026-10-23,SBY01,ACTIVE
12067,2526,Time Deposit,240241183,2027-03-13,JKT01,ACTIVE
12068,7116,Time Deposit,338151325,2026-12-18,MDN01,ACTIVE
12069,8708,Savings,17335490,2027-03-13,JKT02,ACTIVE
12070,8539,Savings,9162699,2027-08-19,MDN01,ACTIVE
12071,8320,Time Deposit,979335869,2026-11-12,YGY01,ACTIVE
12072,8972,Savings,110731941,2027-08-21,BDG01,ACTIVE
12073,8144,Time Deposit,423308188,2026-10-22,SBY01,ACTIVE
12074,4285,Time Deposit,1465360896,2026-09-05,BDG01,ACTIVE
12075,613,Time Deposit,823097555,2026-04-13,SMG01,ACTIVE
12076,2164,Time Deposit,886074497,2026-04-21,JKT02,ACTIVE
12077,2050,Savings,22561841,2026-10-04,YGY01,ACTIVE
12078,5808,Savings,10416011,2026-09-25,MDN01,ACTIVE
12079,4996,Savings,29939604,2027-06-18,BDG01,ACTIVE
12080,7456,Savings,80607844,2026-12-09,YGY01,ACTIVE
12081,7821,Time Deposit,413478264,2026-05-15,BDG01,ACTIVE
12082,3418,Savings,25604659,2026-10-06,SMG01,ACTIVE
12083,2142,Time Deposit,753469165,2027-02-01,JKT02,ACTIVE
12084,6608,Savings,89210818,2026-05-15,BDG01,ACTIVE
12085,185,Savings,18495199,2026-08-14,YGY01,ACTIVE
12086,3778,Time Deposit,844441841,2026-04-14,BDG01,ACTIVE
12087,9938,Savings,8797489,2027-03-24,JKT01,ACTIVE
12088,3435,Time Deposit,690157879,2026-10-28,YGY01,ACTIVE
12089,7520,Time Deposit,563332203,2026-06-28,MDN01,ACTIVE
12090,6132,Savings,13335773,2028-02-18,YGY01,ACTIVE
12091,4468,Savings,77177826,2026-05-13,MDN01,ACTIVE
12092,1803,Time Deposit,491546076,2026-06-06,MDN01,ACTIVE
12093,2894,Savings,8784080,2026-06-16,SMG01,ACTIVE
12094,3299,Savings,36066432,2026-06-29,JKT01,ACTIVE
12095,5947,Savings,192405308,2027-05-30,SBY01,ACTIVE
12096,675,Time Deposit,884123696,2026-05-13,MDN01,ACTIVE
12097,5872,Savings,34812597,2027-10-29,BDG01,ACTIVE
12098,817,Savings,103671038,2028-01-31,YGY01,ACTIVE
12099,729,Time Deposit,570739078,2026-08-30,YGY01,ACTIVE
12100,4661,Time Deposit,219575489,2026-06-03,SMG01,ACTIVE
12101,3054,Savings,35291489,2026-05-16,YGY01,ACTIVE
12102,1625,Savings,12912158,2026-05-15,JKT01,ACTIVE
12103,5102,Time Deposit,450036064,2026-11-01,SBY01,ACTIVE
12104,5262,Savings,11381922,2027-09-26,SMG01,ACTIVE
12105,1740,Time Deposit,1127788466,2026-06-06,JKT02,ACTIVE
12106,9655,Time Deposit,478875628,2027-01-30,JKT02,ACTIVE
12107,3721,Savings,19495129,2026-10-12,JKT01,ACTIVE
12108,8927,Savings,44207942,2027-02-12,BDG01,ACTIVE
12109,2191,Savings,20081774,2026-08-28,JKT02,ACTIVE
12110,9964,Savings,11513022,2026-08-12,BDG01,ACTIVE
12111,2567,Time Deposit,374463203,2026-08-02,JKT01,ACTIVE
12112,2197,Time Deposit,1220784197,2026-06-24,SMG01,ACTIVE
12113,4054,Savings,24718263,2026-08-15,JKT02,ACTIVE
12114,3092,Time Deposit,1209439387,2026-12-29,JKT02,ACTIVE
12115,9062,Time Deposit,301795645,2026-08-05,JKT01,ACTIVE
12116,9711,Savings,25474698,2026-07-29,JKT02,ACTIVE
12117,2337,Savings,51812603,2027-04-23,JKT02,ACTIVE
12118,871,Savings,13057484,2026-05-27,SMG01,ACTIVE
12119,6180,Savings,24403496,2027-06-07,JKT02,ACTIVE
12120,3725,Time Deposit,1516414011,2026-04-30,JKT02,ACTIVE
12121,2285,Savings,54723237,2027-08-25,JKT01,ACTIVE
12122,5419,Savings,17384038,2026-05-09,JKT02,ACTIVE
12123,969,Time Deposit,296189185,2026-08-21,JKT01,ACTIVE
12124,3,Savings,42730328,2026-10-11,BDG01,ACTIVE
12125,7672,Savings,11088155,2027-12-04,BDG01,ACTIVE
12126,8051,Savings,38563589,2026-06-24,JKT01,ACTIVE
12127,2216,Time Deposit,222199751,2026-12-24,MDN01,ACTIVE
12128,6222,Savings,36968933,2027-07-07,JKT01,ACTIVE
12129,4926,Time Deposit,578101670,2026-09-06,SMG01,ACTIVE
12130,2496,Savings,9165506,2026-07-01,BDG01,ACTIVE
12131,8984,Savings,10391413,2027-09-21,BDG01,ACTIVE
12132,5497,Time Deposit,671682987,2027-02-04,JKT01,ACTIVE
12133,9817,Savings,19101025,2028-01-31,MDN01,ACTIVE
12134,4439,Time Deposit,703063308,2027-01-16,YGY01,ACTIVE
12135,4520,Savings,58453200,2026-07-28,JKT02,ACTIVE
12136,1804,Savings,20617462,2026-10-26,MDN01,ACTIVE
12137,6419,Time Deposit,556859370,2026-04-16,MDN01,ACTIVE
12138,674,Time Deposit,733431529,2026-07-10,YGY01,ACTIVE
12139,5751,Savings,54074328,2026-09-05,JKT02,ACTIVE
12140,1755,Savings,87503856,2027-12-01,SMG01,ACTIVE
12141,1532,Time Deposit,1021714635,2026-09-29,BDG01,ACTIVE
12142,7304,Time Deposit,397126038,2026-06-01,SMG01,ACTIVE
12143,841,Savings,49402073,2026-09-28,BDG01,ACTIVE
12144,2991,Savings,91140082,2027-03-07,MDN01,ACTIVE
12145,4212,Time Deposit,704183489,2026-10-03,BDG01,ACTIVE
12146,5240,Savings,17545052,2027-04-29,SMG01,ACTIVE
12147,8689,Time Deposit,180454508,2026-06-21,MDN01,ACTIVE
12148,4424,Savings,22831279,2027-11-04,JKT01,ACTIVE
12149,4657,Savings,47336381,2028-03-05,JKT01,ACTIVE
12150,1440,Time Deposit,1555230846,2027-02-09,JKT02,ACTIVE
12151,444,Time Deposit,290936764,2026-07-09,SBY01,ACTIVE
12152,4182,Savings,47448149,2026-10-20,SBY01,ACTIVE
12153,6160,Savings,4802780,2026-07-11,SBY01,ACTIVE
12154,9129,Savings,6603922,2026-08-18,BDG01,ACTIVE
12155,5754,Savings,27750752,2027-07-10,YGY01,ACTIVE
12156,9948,Time Deposit,1011150054,2026-11-14,BDG01,ACTIVE
12157,3820,Savings,74735756,2026-10-20,YGY01,ACTIVE
12158,3918,Time Deposit,1618051288,2026-05-26,JKT01,ACTIVE
12159,1719,Time Deposit,1115574459,2026-08-09,MDN01,ACTIVE
12160,5857,Savings,23095077,2026-11-18,JKT02,ACTIVE
12161,7825,Time Deposit,528307042,2027-03-03,SBY01,ACTIVE
12162,9328,Savings,117373156,2026-05-26,MDN01,ACTIVE
12163,6782,Time Deposit,487442818,2027-01-17,BDG01,ACTIVE
12164,9450,Time Deposit,271968112,2027-03-25,SBY01,ACTIVE
12165,4314,Time Deposit,1227651220,2026-09-17,BDG01,ACTIVE
12166,6474,Savings,27820657,2027-02-10,SMG01,ACTIVE
12167,8947,Savings,73917581,2027-12-16,YGY01,ACTIVE
12168,5650,Savings,22307561,2027-01-12,BDG01,ACTIVE
12169,2665,Savings,39219199,2026-12-12,SMG01,ACTIVE
12170,7890,Savings,14098223,2027-01-10,JKT02,ACTIVE
12171,820,Savings,29305558,2027-11-16,MDN01,ACTIVE
12172,4828,Time Deposit,1174723856,2027-01-28,BDG01,ACTIVE
12173,8875,Savings,13930656,2027-07-10,JKT02,ACTIVE
12174,9769,Savings,53586591,2028-01-16,SMG01,ACTIVE
12175,429,Savings,29715751,2027-03-25,YGY01,ACTIVE
12176,7532,Savings,13112282,2026-12-20,SMG01,ACTIVE
12177,6950,Savings,40583309,2027-12-11,SMG01,ACTIVE
12178,8550,Savings,31447410,2027-06-08,SBY01,ACTIVE
12179,6994,Time Deposit,931395906,2026-08-15,JKT02,ACTIVE
12180,7015,Savings,20970757,2027-05-19,SBY01,ACTIVE
12181,6319,Time Deposit,1348776549,2026-10-11,SMG01,ACTIVE
12182,7682,Savings,114984138,2027-12-25,JKT01,ACTIVE
12183,6711,Savings,113553381,2026-06-16,YGY01,ACTIVE
12184,2399,Savings,12869293,2027-04-04,BDG01,ACTIVE
12185,1862,Time Deposit,401234748,2027-03-07,SBY01,ACTIVE
12186,934,Time Deposit,1972598170,2026-06-27,MDN01,ACTIVE
12187,3066,Time Deposit,742977163,2026-05-10,JKT01,ACTIVE
12188,6866,Savings,10882006,2027-01-09,YGY01,ACTIVE
12189,1747,Savings,116589828,2027-03-31,BDG01,ACTIVE
12190,4183,Savings,16782375,2027-01-18,MDN01,ACTIVE
12191,5564,Time Deposit,872379407,2026-05-06,SMG01,ACTIVE
12192,3232,Savings,19648570,2027-03-12,SMG01,ACTIVE
12193,9640,Savings,196775719,2027-10-02,YGY01,ACTIVE
12194,1627,Savings,85820463,2027-09-06,SBY01,ACTIVE
12195,4671,Savings,26579533,2027-06-16,BDG01,ACTIVE
12196,1181,Time Deposit,635241957,2026-10-13,SBY01,ACTIVE
12197,616,Savings,11553438,2027-06-14,JKT01,ACTIVE
12198,2924,Time Deposit,290662329,2026-11-27,SBY01,ACTIVE
12199,467,Savings,34311237,2026-11-29,MDN01,ACTIVE
12200,9286,Time Deposit,473088492,2026-10-09,MDN01,ACTIVE
12201,8899,Time Deposit,1405818406,2026-06-27,BDG01,ACTIVE
12202,4076,Savings,11294764,2027-11-21,SMG01,ACTIVE
12203,2219,Savings,48395667,2026-11-17,JKT02,ACTIVE
12204,8385,Time Deposit,480680884,2026-11-26,SBY01,ACTIVE
12205,2540,Savings,31831688,2027-02-07,BDG01,ACTIVE
12206,523,Time Deposit,529846744,2026-05-12,SBY01,ACTIVE
12207,1354,Savings,117988455,2027-09-09,YGY01,ACTIVE
12208,1581,Time Deposit,1361592821,2027-02-21,SBY01,ACTIVE
12209,1645,Savings,73857908,2027-06-10,JKT01,ACTIVE
12210,5896,Savings,12277014,2026-08-03,SMG01,ACTIVE
12211,9881,Savings,3712199,2026-11-15,MDN01,ACTIVE
12212,8743,Time Deposit,266019623,2026-08-28,JKT02,ACTIVE
12213,2399,Time Deposit,423882049,2026-06-03,BDG01,ACTIVE
12214,289,Savings,86635790,2027-09-06,SBY01,ACTIVE
12215,5107,Time Deposit,340914648,2026-04-23,BDG01,ACTIVE
12216,445,Time Deposit,1151783377,2026-05-19,MDN01,ACTIVE
12217,668,Savings,14979893,2026-11-03,SBY01,ACTIVE
12218,5221,Time Deposit,1209953751,2026-10-07,JKT01,ACTIVE
12219,7502,Time Deposit,764506087,2026-07-08,JKT01,ACTIVE
12220,911,Time Deposit,1563958192,2027-01-06,JKT02,ACTIVE
12221,9110,Savings,11585355,2027-10-24,SBY01,ACTIVE
12222,3813,Time Deposit,1439265025,2026-06-30,JKT01,ACTIVE
12223,1712,Time Deposit,389441623,2026-12-16,MDN01,ACTIVE
12224,4115,Time Deposit,436865109,2026-06-08,BDG01,ACTIVE
12225,9299,Time Deposit,422471478,2026-05-01,JKT02,ACTIVE
12226,7699,Savings,10870636,2026-06-26,SMG01,ACTIVE
12227,5464,Time Deposit,1284938203,2026-06-03,JKT02,ACTIVE
12228,7917,Savings,20963561,2026-10-24,BDG01,ACTIVE
12229,7382,Time Deposit,655604700,2027-01-09,SBY01,ACTIVE
12230,8720,Savings,82178040,2028-03-08,BDG01,ACTIVE
12231,7309,Savings,15938685,2026-10-26,MDN01,ACTIVE
12232,536,Savings,151622784,2027-10-09,JKT01,ACTIVE
12233,4022,Time Deposit,1369960757,2026-04-23,YGY01,ACTIVE
12234,1744,Savings,48873821,2026-08-02,JKT01,ACTIVE
12235,7953,Savings,168701401,2028-02-16,JKT02,ACTIVE
12236,8582,Savings,16019015,2027-06-10,SBY01,ACTIVE
12237,441,Savings,41007261,2027-12-21,JKT02,ACTIVE
12238,4154,Savings,130311462,2027-09-03,BDG01,ACTIVE
12239,8869,Savings,10138357,2027-10-22,JKT02,ACTIVE
12240,1227,Savings,11544775,2028-03-13,JKT02,ACTIVE
12241,4501,Savings,39422125,2026-08-17,YGY01,ACTIVE
12242,4846,Savings,11855813,2027-10-22,JKT02,ACTIVE
12243,3886,Time Deposit,1030464024,2026-08-31,BDG01,ACTIVE
12244,1569,Savings,17391402,2026-08-10,BDG01,ACTIVE
12245,8020,Savings,46379714,2027-02-19,JKT02,ACTIVE
12246,6418,Savings,7911758,2026-05-14,JKT01,ACTIVE
12247,9872,Savings,93371555,2028-03-06,JKT01,ACTIVE
12248,7268,Time Deposit,148303477,2026-11-12,MDN01,ACTIVE
12249,7338,Savings,33326659,2026-10-24,SBY01,ACTIVE
12250,2160,Savings,8423736,2027-08-08,SBY01,ACTIVE
12251,9759,Savings,152830690,2027-05-18,BDG01,ACTIVE
12252,7613,Savings,38357686,2028-01-08,JKT02,ACTIVE
12253,7546,Savings,27483972,2026-05-22,BDG01,ACTIVE
12254,620,Savings,124404401,2026-04-28,JKT01,ACTIVE
12255,1736,Savings,16448397,2027-03-25,SBY01,ACTIVE
12256,9448,Savings,57173748,2026-12-27,JKT02,ACTIVE
12257,5409,Time Deposit,830333878,2026-08-17,BDG01,ACTIVE
12258,4200,Time Deposit,1087665448,2026-12-08,YGY01,ACTIVE
12259,5799,Time Deposit,524827655,2026-11-07,SMG01,ACTIVE
12260,1033,Time Deposit,324941789,2026-08-24,JKT02,ACTIVE
12261,4362,Savings,34316856,2026-12-10,BDG01,ACTIVE
12262,4792,Savings,8659287,2026-06-08,JKT02,ACTIVE
12263,4310,Time Deposit,824836968,2026-07-13,JKT01,ACTIVE
12264,3566,Savings,15836604,2026-11-06,MDN01,ACTIVE
12265,1719,Time Deposit,808835939,2026-07-21,MDN01,ACTIVE
12266,187,Savings,48786581,2026-04-25,YGY01,ACTIVE
12267,1021,Savings,52916978,2026-07-06,JKT02,ACTIVE
12268,2626,Savings,9442529,2027-08-31,SBY01,ACTIVE
12269,6964,Savings,26598624,2027-11-21,SMG01,ACTIVE
12270,9216,Savings,219980506,2026-11-13,MDN01,ACTIVE
12271,4860,Time Deposit,1197890628,2026-07-05,BDG01,ACTIVE
12272,5715,Savings,19214217,2026-11-03,JKT01,ACTIVE
12273,969,Time Deposit,322888828,2026-11-09,SMG01,ACTIVE
12274,7995,Savings,151979191,2027-08-26,JKT02,ACTIVE
12275,8431,Savings,32030801,2026-11-18,JKT02,ACTIVE
12276,8167,Time Deposit,384622688,2026-05-23,MDN01,ACTIVE
12277,666,Savings,21843487,2027-04-29,JKT02,ACTIVE
12278,1649,Savings,77049862,2027-08-31,MDN01,ACTIVE
12279,1354,Savings,148247605,2027-06-05,BDG01,ACTIVE
12280,2573,Time Deposit,529132518,2026-11-26,SMG01,ACTIVE
12281,1534,Savings,59764551,2027-03-22,YGY01,ACTIVE
12282,9500,Time Deposit,931104730,2026-06-09,BDG01,ACTIVE
12283,6118,Savings,41507100,2027-11-13,JKT01,ACTIVE
12284,9342,Savings,8818082,2027-12-16,JKT01,ACTIVE
12285,67,Time Deposit,517874662,2027-02-17,BDG01,ACTIVE
12286,6184,Time Deposit,623536526,2026-08-29,SMG01,ACTIVE
12287,1790,Time Deposit,239360824,2026-10-13,JKT01,ACTIVE
12288,3576,Savings,12936208,2027-04-05,YGY01,ACTIVE
12289,3921,Savings,16085590,2027-07-24,MDN01,ACTIVE
12290,5267,Savings,129253456,2027-03-28,YGY01,ACTIVE
12291,9437,Time Deposit,582488580,2026-06-07,YGY01,ACTIVE
12292,7508,Time Deposit,1452400406,2026-12-31,MDN01,ACTIVE
12293,6927,Time Deposit,671215292,2026-09-24,JKT02,ACTIVE
12294,239,Time Deposit,612445123,2026-06-06,SBY01,ACTIVE
12295,9761,Savings,45426863,2027-02-10,MDN01,ACTIVE
12296,3202,Savings,23292896,2026-11-25,SMG01,ACTIVE
12297,1887,Time Deposit,761642435,2027-01-25,YGY01,ACTIVE
12298,989,Savings,38299009,2027-07-15,JKT02,ACTIVE
12299,5531,Time Deposit,301394152,2026-08-31,JKT01,ACTIVE
12300,2907,Savings,18243061,2026-08-23,BDG01,ACTIVE
12301,9706,Savings,31184276,2028-02-06,SMG01,ACTIVE
12302,8401,Savings,28675927,2027-06-19,JKT02,ACTIVE
12303,9643,Savings,6940317,2028-02-05,JKT01,ACTIVE
12304,7671,Time Deposit,651587562,2026-09-12,MDN01,ACTIVE
12305,4938,Time Deposit,214595905,2026-07-08,JKT02,ACTIVE
12306,9912,Savings,30719118,2027-10-09,BDG01,ACTIVE
12307,247,Savings,44367578,2026-09-22,JKT01,ACTIVE
12308,7661,Savings,35040487,2026-05-10,SBY01,ACTIVE
12309,6194,Savings,95018436,2026-05-24,SMG01,ACTIVE
12310,9481,Savings,23574937,2027-09-18,JKT01,ACTIVE
12311,7686,Savings,17050575,2027-08-30,JKT02,ACTIVE
12312,8899,Savings,33811605,2028-03-15,BDG01,ACTIVE
12313,9336,Time Deposit,759693809,2027-02-01,SMG01,ACTIVE
12314,2005,Savings,21891454,2027-04-28,YGY01,ACTIVE
12315,292,Time Deposit,1950016186,2026-12-02,YGY01,ACTIVE
12316,5800,Savings,25161978,2027-01-02,YGY01,ACTIVE
12317,9899,Savings,4415936,2027-06-09,MDN01,ACTIVE
12318,226,Time Deposit,267925786,2026-08-24,MDN01,ACTIVE
12319,2767,Time Deposit,544359599,2026-08-12,JKT01,ACTIVE
12320,5335,Savings,13296040,2027-07-11,JKT02,ACTIVE
12321,9863,Savings,17603062,2027-04-30,JKT02,ACTIVE
12322,112,Time Deposit,315537448,2027-02-12,MDN01,ACTIVE
12323,3108,Savings,8807392,2026-08-04,MDN01,ACTIVE
12324,3350,Savings,6177622,2026-11-04,JKT01,ACTIVE
12325,5675,Time Deposit,805375597,2026-12-10,MDN01,ACTIVE
12326,8183,Time Deposit,1038745538,2026-04-23,JKT01,ACTIVE
12327,5364,Time Deposit,516837713,2027-01-01,BDG01,ACTIVE
12328,5411,Time Deposit,1759738251,2027-03-04,SMG01,ACTIVE
12329,8817,Time Deposit,411610364,2026-07-19,JKT02,ACTIVE
12330,3240,Savings,118037675,2028-03-22,YGY01,ACTIVE
12331,4553,Time Deposit,1560010446,2026-08-31,SMG01,ACTIVE
12332,1769,Time Deposit,588753407,2026-10-05,BDG01,ACTIVE
12333,2066,Savings,24317167,2026-10-21,BDG01,ACTIVE
12334,5555,Time Deposit,397129103,2026-05-03,JKT02,ACTIVE
12335,1470,Savings,25879861,2026-06-25,BDG01,ACTIVE
12336,9220,Time Deposit,594434901,2026-05-28,SBY01,ACTIVE
12337,875,Time Deposit,367312768,2026-06-10,MDN01,ACTIVE
12338,4519,Time Deposit,1107421449,2027-01-28,SMG01,ACTIVE
12339,6306,Savings,20495700,2026-08-15,SBY01,ACTIVE
12340,5473,Time Deposit,472432536,2026-11-24,SMG01,ACTIVE
12341,9468,Time Deposit,695858866,2027-03-19,JKT02,ACTIVE
12342,8879,Time Deposit,471007713,2026-10-29,MDN01,ACTIVE
12343,4464,Savings,36272735,2027-09-15,SBY01,ACTIVE
12344,5287,Time Deposit,242542513,2026-06-15,SMG01,ACTIVE
12345,7358,Time Deposit,697980537,2026-12-21,JKT01,ACTIVE
12346,8528,Savings,4668964,2027-10-15,YGY01,ACTIVE
12347,5467,Savings,79346595,2026-10-02,JKT02,ACTIVE
12348,6016,Savings,9864934,2027-10-05,BDG01,ACTIVE
12349,2040,Time Deposit,1219168487,2027-01-19,SMG01,ACTIVE
12350,6399,Savings,103057752,2027-01-17,JKT01,ACTIVE
12351,3324,Time Deposit,1330733078,2027-03-08,JKT01,ACTIVE
12352,3948,Time Deposit,985192216,2027-02-05,JKT01,ACTIVE
12353,5255,Savings,4062491,2027-06-01,JKT01,ACTIVE
12354,2234,Savings,29983132,2027-01-17,SBY01,ACTIVE
12355,109,Savings,60082057,2027-11-28,BDG01,ACTIVE
12356,4833,Savings,33568291,2026-10-08,SMG01,ACTIVE
12357,7385,Savings,88870462,2027-04-27,SBY01,ACTIVE
12358,2903,Savings,5217760,2027-07-05,JKT01,ACTIVE
12359,9903,Time Deposit,491881154,2026-07-27,MDN01,ACTIVE
12360,1489,Savings,10213815,2027-09-11,SBY01,ACTIVE
12361,9419,Savings,11290137,2028-01-05,SBY01,ACTIVE
12362,6844,Savings,47577006,2027-04-16,SMG01,ACTIVE
12363,5194,Time Deposit,519091106,2026-06-10,YGY01,ACTIVE
12364,7729,Time Deposit,189466147,2026-09-30,JKT02,ACTIVE
12365,3338,Savings,148274301,2027-01-23,BDG01,ACTIVE
12366,2949,Savings,124593957,2026-10-09,YGY01,ACTIVE
12367,5343,Savings,50334497,2026-06-22,JKT02,ACTIVE
12368,9612,Savings,40028447,2027-07-23,MDN01,ACTIVE
12369,8834,Savings,32020476,2027-10-30,JKT02,ACTIVE
12370,5703,Time Deposit,565167280,2026-07-03,MDN01,ACTIVE
12371,1277,Savings,25387201,2027-11-01,SMG01,ACTIVE
12372,8310,Savings,66090695,2028-01-12,BDG01,ACTIVE
12373,2225,Savings,35581991,2027-02-09,MDN01,ACTIVE
12374,8174,Time Deposit,340385080,2027-03-24,MDN01,ACTIVE
12375,9755,Time Deposit,1190847694,2026-10-09,SBY01,ACTIVE
12376,6043,Time Deposit,442375423,2026-04-15,BDG01,ACTIVE
12377,9423,Time Deposit,817348600,2026-12-03,MDN01,ACTIVE
12378,953,Savings,49034067,2027-03-08,SMG01,ACTIVE
12379,2547,Time Deposit,345109481,2026-09-11,SMG01,ACTIVE
12380,2197,Time Deposit,918370754,2026-10-09,SMG01,ACTIVE
12381,4496,Savings,5046081,2026-11-23,MDN01,ACTIVE
12382,2026,Time Deposit,920573545,2026-05-22,BDG01,ACTIVE
12383,9713,Time Deposit,607189697,2026-09-19,BDG01,ACTIVE
12384,5904,Time Deposit,332171280,2026-07-20,SMG01,ACTIVE
12385,9402,Savings,224994158,2028-01-16,SBY01,ACTIVE
12386,9178,Savings,6602801,2027-03-02,SMG01,ACTIVE
12387,3247,Savings,32128408,2027-12-04,JKT02,ACTIVE
12388,4985,Time Deposit,138541392,2027-02-01,JKT01,ACTIVE
12389,707,Savings,18655461,2028-01-23,JKT02,ACTIVE
12390,3146,Savings,6559251,2027-10-19,SBY01,ACTIVE
12391,8130,Savings,158175890,2028-01-01,BDG01,ACTIVE
12392,6362,Savings,41693731,2027-03-04,SBY01,ACTIVE
12393,1676,Time Deposit,153163384,2026-12-07,MDN01,ACTIVE
12394,9219,Time Deposit,483622874,2026-11-20,MDN01,ACTIVE
12395,7398,Savings,157517924,2027-10-20,SMG01,ACTIVE
12396,824,Savings,153352895,2027-09-28,SMG01,ACTIVE
12397,806,Savings,36864159,2026-11-20,JKT01,ACTIVE
12398,3772,Savings,51048967,2026-12-17,SBY01,ACTIVE
12399,7669,Savings,160687466,2026-09-02,MDN01,ACTIVE
12400,8941,Savings,76879364,2026-09-28,MDN01,ACTIVE
12401,53,Time Deposit,742596258,2026-10-23,JKT02,ACTIVE
12402,2171,Time Deposit,553437491,2026-07-24,SMG01,ACTIVE
12403,6422,Time Deposit,439012918,2026-10-13,JKT02,ACTIVE
12404,5749,Savings,7843502,2026-07-04,SBY01,ACTIVE
12405,2137,Savings,4638458,2027-11-17,BDG01,ACTIVE
12406,7851,Time Deposit,444488471,2026-06-23,JKT01,ACTIVE
12407,6913,Time Deposit,1034303417,2026-11-20,YGY01,ACTIVE
12408,4982,Time Deposit,600679712,2026-08-02,JKT02,ACTIVE
12409,5461,Savings,17558770,2027-03-23,BDG01,ACTIVE
12410,2723,Time Deposit,960055639,2026-07-08,JKT01,ACTIVE
12411,7250,Time Deposit,264728556,2026-10-11,SBY01,ACTIVE
12412,8886,Savings,43624918,2027-04-06,SBY01,ACTIVE
12413,4758,Time Deposit,214541486,2026-12-14,MDN01,ACTIVE
12414,3314,Time Deposit,769194566,2026-12-25,SBY01,ACTIVE
12415,221,Savings,149880408,2027-11-26,MDN01,ACTIVE
12416,2012,Savings,5996475,2027-09-10,MDN01,ACTIVE
12417,1911,Savings,36291116,2026-09-25,MDN01,ACTIVE
12418,2322,Savings,69523669,2026-06-21,JKT02,ACTIVE
12419,5316,Savings,8560255,2026-09-25,JKT01,ACTIVE
12420,8785,Savings,14384858,2027-08-29,BDG01,ACTIVE
12421,6878,Savings,16876386,2027-03-13,JKT01,ACTIVE
12422,3367,Time Deposit,903278709,2026-05-14,SMG01,ACTIVE
12423,3620,Savings,30859726,2028-02-04,YGY01,ACTIVE
12424,9061,Savings,1909498,2026-07-03,SBY01,ACTIVE
12425,8300,Time Deposit,837615575,2026-04-26,SBY01,ACTIVE
12426,1317,Time Deposit,375413657,2027-01-01,SBY01,ACTIVE
12427,3726,Savings,68780341,2026-07-13,SBY01,ACTIVE
12428,1994,Savings,11516416,2026-10-17,YGY01,ACTIVE
12429,1615,Savings,72572548,2027-01-01,SBY01,ACTIVE
12430,7058,Savings,27663335,2028-02-18,JKT01,ACTIVE
12431,3383,Time Deposit,664530913,2026-11-11,SBY01,ACTIVE
12432,9248,Time Deposit,359914440,2026-05-26,SMG01,ACTIVE
12433,2952,Savings,47434980,2027-12-23,YGY01,ACTIVE
12434,1703,Savings,89793252,2027-02-09,JKT02,ACTIVE
12435,2063,Savings,9316025,2027-12-28,SBY01,ACTIVE
12436,9168,Savings,3955211,2028-02-19,YGY01,ACTIVE
12437,5718,Savings,14950712,2026-08-14,JKT01,ACTIVE
12438,1311,Savings,78450351,2027-09-26,BDG01,ACTIVE
12439,8397,Time Deposit,1298258103,2027-03-12,SMG01,ACTIVE
12440,5489,Time Deposit,1029934416,2027-03-07,YGY01,ACTIVE
12441,6832,Savings,16053053,2026-12-20,YGY01,ACTIVE
12442,6021,Savings,25648477,2027-08-21,YGY01,ACTIVE
12443,4799,Time Deposit,1709144919,2026-09-05,SMG01,ACTIVE
12444,7827,Time Deposit,322822298,2026-05-31,SBY01,ACTIVE
12445,5751,Time Deposit,300529278,2026-12-07,BDG01,ACTIVE
12446,6045,Time Deposit,280527448,2026-09-06,JKT02,ACTIVE
12447,3654,Time Deposit,1180903245,2026-07-26,YGY01,ACTIVE
12448,2441,Savings,38950644,2027-06-14,MDN01,ACTIVE
12449,4068,Time Deposit,1144701348,2026-12-27,SBY01,ACTIVE
12450,8999,Savings,138519769,2026-12-23,BDG01,ACTIVE
12451,6147,Time Deposit,883561894,2027-03-09,MDN01,ACTIVE
12452,3372,Time Deposit,480787488,2027-03-14,JKT02,ACTIVE
12453,729,Savings,136631161,2026-04-27,YGY01,ACTIVE
12454,6432,Time Deposit,656586288,2027-01-22,SMG01,ACTIVE
12455,2192,Time Deposit,140898849,2026-09-19,SBY01,ACTIVE
12456,2794,Savings,11488212,2026-10-23,SMG01,ACTIVE
12457,8574,Savings,21368058,2027-01-10,SMG01,ACTIVE
12458,7035,Time Deposit,360319697,2027-02-25,BDG01,ACTIVE
12459,9698,Time Deposit,882049439,2026-09-25,JKT02,ACTIVE
12460,5338,Time Deposit,933556602,2026-06-28,JKT02,ACTIVE
12461,8534,Savings,12042859,2027-10-02,BDG01,ACTIVE
12462,6788,Time Deposit,1364328754,2027-02-23,SMG01,ACTIVE
12463,8658,Time Deposit,628703420,2026-07-14,JKT01,ACTIVE
12464,2307,Savings,9974362,2028-02-29,MDN01,ACTIVE
12465,8798,Time Deposit,780307508,2027-03-02,MDN01,ACTIVE
12466,6504,Time Deposit,852097626,2027-03-06,JKT02,ACTIVE
12467,610,Time Deposit,378975329,2027-01-21,SMG01,ACTIVE
12468,6365,Time Deposit,467258511,2027-02-20,SMG01,ACTIVE
12469,677,Savings,6602620,2027-03-19,YGY01,ACTIVE
12470,6102,Savings,29385879,2027-09-24,JKT02,ACTIVE
12471,532,Time Deposit,895704426,2026-10-03,SMG01,ACTIVE
12472,6537,Time Deposit,522562770,2026-04-08,YGY01,ACTIVE
12473,3529,Time Deposit,1060695370,2026-09-26,BDG01,ACTIVE
12474,3937,Savings,10988212,2027-07-08,JKT01,ACTIVE
12475,7885,Savings,3709223,2027-03-19,YGY01,ACTIVE
12476,5427,Savings,65447784,2028-03-21,JKT01,ACTIVE
12477,7267,Savings,100113894,2026-10-30,MDN01,ACTIVE
12478,6866,Savings,43635720,2027-12-12,MDN01,ACTIVE
12479,5498,Savings,5919958,2028-02-05,JKT02,ACTIVE
12480,2435,Time Deposit,1439901000,2026-11-09,BDG01,ACTIVE
12481,6288,Savings,100971163,2027-02-07,MDN01,ACTIVE
12482,5619,Savings,26498475,2026-11-22,YGY01,ACTIVE
12483,4162,Time Deposit,443205946,2027-02-12,JKT02,ACTIVE
12484,241,Time Deposit,89737225,2026-07-08,SMG01,ACTIVE
12485,9698,Savings,121445082,2027-06-03,JKT02,ACTIVE
12486,1881,Savings,30821177,2027-10-26,MDN01,ACTIVE
12487,8184,Time Deposit,1546872193,2026-11-10,YGY01,ACTIVE
12488,8512,Savings,25269718,2026-07-30,SBY01,ACTIVE
12489,8755,Time Deposit,282763613,2026-04-08,SBY01,ACTIVE
12490,3661,Savings,10457465,2027-01-24,SBY01,ACTIVE
12491,3473,Savings,34433861,2028-01-15,SBY01,ACTIVE
12492,2375,Savings,33286090,2026-09-30,JKT01,ACTIVE
12493,5953,Time Deposit,975419307,2026-08-24,JKT01,ACTIVE
12494,8526,Time Deposit,754514590,2026-07-31,SBY01,ACTIVE
12495,1519,Savings,77134831,2027-01-27,JKT01,ACTIVE
12496,8756,Savings,68825660,2027-01-20,SMG01,ACTIVE
12497,6314,Savings,12234323,2028-02-06,YGY01,ACTIVE
12498,3740,Savings,18793702,2028-01-29,YGY01,ACTIVE
12499,562,Savings,23614952,2027-10-06,BDG01,ACTIVE
12500,4281,Savings,15684690,2027-07-22,BDG01,ACTIVE
12501,7718,Time Deposit,615117102,2026-10-30,SBY01,ACTIVE
12502,2792,Time Deposit,550518558,2027-02-26,YGY01,ACTIVE
12503,7479,Savings,127131249,2028-02-21,MDN01,ACTIVE
12504,1429,Time Deposit,1689125432,2026-10-08,YGY01,ACTIVE
12505,5183,Time Deposit,890435223,2026-11-05,BDG01,ACTIVE
12506,3366,Time Deposit,537268409,2026-07-15,JKT02,ACTIVE
12507,5184,Savings,27645208,2026-08-30,BDG01,ACTIVE
12508,5638,Time Deposit,786128576,2026-10-03,JKT02,ACTIVE
12509,3475,Time Deposit,1538331828,2026-10-02,MDN01,ACTIVE
12510,5279,Savings,26984567,2028-03-14,YGY01,ACTIVE
12511,820,Time Deposit,366997847,2026-10-03,SMG01,ACTIVE
12512,807,Savings,29759028,2028-02-03,BDG01,ACTIVE
12513,4363,Savings,12012096,2027-10-27,YGY01,ACTIVE
12514,8937,Savings,74854942,2026-08-27,YGY01,ACTIVE
12515,3655,Savings,19880809,2027-10-24,YGY01,ACTIVE
12516,5383,Savings,39803906,2027-03-31,BDG01,ACTIVE
12517,5932,Savings,18636315,2027-06-03,MDN01,ACTIVE
12518,5840,Savings,54699523,2027-12-12,SMG01,ACTIVE
12519,9641,Savings,154402751,2028-01-15,SBY01,ACTIVE
12520,7063,Time Deposit,820572981,2027-02-01,YGY01,ACTIVE
12521,9192,Time Deposit,223271508,2026-10-10,YGY01,ACTIVE
12522,5088,Time Deposit,906650320,2026-09-25,MDN01,ACTIVE
12523,5306,Savings,18406467,2027-01-27,SMG01,ACTIVE
12524,7658,Savings,34147711,2028-03-07,MDN01,ACTIVE
12525,113,Savings,19620661,2027-12-24,MDN01,ACTIVE
12526,9368,Time Deposit,533477473,2026-07-10,JKT01,ACTIVE
12527,884,Time Deposit,523833719,2026-05-02,SBY01,ACTIVE
12528,2074,Time Deposit,231880209,2026-06-09,SMG01,ACTIVE
12529,4409,Time Deposit,784319809,2027-02-28,SMG01,ACTIVE
12530,5721,Savings,74335149,2027-10-22,SBY01,ACTIVE
12531,6555,Savings,89476190,2026-08-13,BDG01,ACTIVE
12532,8681,Savings,86723906,2027-08-07,SBY01,ACTIVE
12533,82,Savings,41283905,2026-09-14,JKT02,ACTIVE
12534,6092,Time Deposit,370338303,2026-11-07,JKT01,ACTIVE
12535,4678,Time Deposit,353017912,2026-10-20,SBY01,ACTIVE
12536,4880,Time Deposit,656007093,2026-05-06,MDN01,ACTIVE
12537,4921,Savings,96799976,2027-09-28,YGY01,ACTIVE
12538,72,Savings,5428503,2027-09-01,SBY01,ACTIVE
12539,7468,Time Deposit,953877821,2027-01-07,JKT02,ACTIVE
12540,5711,Savings,216980899,2027-01-24,YGY01,ACTIVE
12541,8127,Savings,40799538,2026-05-31,JKT02,ACTIVE
12542,1182,Time Deposit,488678791,2026-04-28,JKT02,ACTIVE
12543,1671,Savings,12836705,2027-12-02,SMG01,ACTIVE
12544,2114,Savings,76699664,2027-02-21,MDN01,ACTIVE
12545,2175,Savings,41951697,2026-08-31,MDN01,ACTIVE
12546,5912,Savings,165523250,2027-06-02,JKT02,ACTIVE
12547,2647,Savings,90865775,2026-06-11,JKT02,ACTIVE
12548,9529,Time Deposit,804351415,2026-12-14,SBY01,ACTIVE
12549,2641,Time Deposit,781904038,2026-08-19,MDN01,ACTIVE
12550,9561,Savings,98293849,2027-08-15,JKT01,ACTIVE
12551,4818,Savings,31888918,2026-10-22,JKT02,ACTIVE
12552,4386,Time Deposit,187924943,2026-11-25,JKT01,ACTIVE
12553,9656,Savings,33838454,2027-04-26,BDG01,ACTIVE
12554,5243,Savings,39479521,2026-09-25,SMG01,ACTIVE
12555,8124,Time Deposit,427839999,2026-05-15,BDG01,ACTIVE
12556,6856,Time Deposit,1036542578,2026-04-16,SMG01,ACTIVE
12557,3765,Time Deposit,715712611,2027-03-09,SMG01,ACTIVE
12558,5818,Time Deposit,1058817016,2026-10-15,SMG01,ACTIVE
12559,7249,Time Deposit,1781304217,2026-12-24,JKT02,ACTIVE
12560,3473,Time Deposit,701063369,2026-07-18,BDG01,ACTIVE
12561,34,Time Deposit,1249843764,2026-05-17,YGY01,ACTIVE
12562,194,Savings,52007559,2026-11-09,SMG01,ACTIVE
12563,1931,Savings,47946164,2026-11-29,MDN01,ACTIVE
12564,210,Savings,169522755,2027-01-10,YGY01,ACTIVE
12565,8224,Time Deposit,1450900877,2026-08-12,JKT02,ACTIVE
12566,6728,Savings,31368454,2027-03-18,SBY01,ACTIVE
12567,9059,Savings,57286719,2027-02-22,MDN01,ACTIVE
12568,9843,Time Deposit,706679671,2026-04-27,SMG01,ACTIVE
12569,613,Time Deposit,911801507,2026-11-27,BDG01,ACTIVE
12570,8607,Savings,26054695,2027-10-04,JKT01,ACTIVE
12571,5251,Time Deposit,429138035,2026-07-23,YGY01,ACTIVE
12572,9977,Savings,49299934,2027-06-02,JKT01,ACTIVE
12573,8038,Savings,36647279,2027-10-24,SBY01,ACTIVE
12574,2235,Time Deposit,1191811304,2026-06-17,BDG01,ACTIVE
12575,417,Savings,66728023,2026-10-21,BDG01,ACTIVE
12576,9535,Time Deposit,713286727,2027-03-25,MDN01,ACTIVE
12577,8057,Savings,10976476,2026-07-09,JKT02,ACTIVE
12578,7793,Time Deposit,959801644,2026-10-16,JKT02,ACTIVE
12579,8071,Savings,92526057,2026-06-25,JKT01,ACTIVE
12580,9861,Savings,121047013,2028-03-18,SMG01,ACTIVE
12581,9789,Time Deposit,554557859,2026-09-30,MDN01,ACTIVE
12582,9527,Savings,184744490,2027-08-18,JKT02,ACTIVE
12583,1733,Time Deposit,1277626426,2026-12-02,YGY01,ACTIVE
12584,972,Time Deposit,1214282932,2027-01-10,YGY01,ACTIVE
12585,7652,Savings,110292079,2026-05-06,MDN01,ACTIVE
12586,4440,Time Deposit,926795735,2026-07-17,BDG01,ACTIVE
12587,2346,Savings,114605514,2027-04-30,JKT01,ACTIVE
12588,8213,Time Deposit,250557442,2027-03-01,SBY01,ACTIVE
12589,8570,Savings,29283174,2027-12-22,BDG01,ACTIVE
12590,9308,Savings,27019016,2027-02-07,YGY01,ACTIVE
12591,8776,Savings,87504516,2027-12-20,BDG01,ACTIVE
12592,5800,Savings,46782591,2027-07-28,YGY01,ACTIVE
12593,772,Savings,9716588,2027-03-23,JKT02,ACTIVE
12594,6473,Savings,70956526,2027-05-29,JKT01,ACTIVE
12595,2285,Time Deposit,527313563,2027-03-18,JKT01,ACTIVE
12596,4236,Time Deposit,1426096061,2026-11-05,JKT02,ACTIVE
12597,6198,Time Deposit,1480497931,2027-01-02,SMG01,ACTIVE
12598,3304,Savings,18625271,2027-02-24,YGY01,ACTIVE
12599,6674,Savings,5040657,2027-05-14,JKT02,ACTIVE
12600,893,Time Deposit,490406814,2027-03-17,MDN01,ACTIVE
12601,3949,Time Deposit,1143028865,2026-04-29,SBY01,ACTIVE
12602,8272,Savings,94354967,2026-06-23,JKT01,ACTIVE
12603,3686,Time Deposit,1486554193,2027-02-28,BDG01,ACTIVE
12604,2630,Time Deposit,1067665902,2027-02-02,BDG01,ACTIVE
12605,5374,Time Deposit,833814066,2026-07-22,JKT01,ACTIVE
12606,1396,Savings,96913649,2027-11-17,MDN01,ACTIVE
12607,7740,Savings,10634039,2027-08-08,MDN01,ACTIVE
12608,8668,Time Deposit,918674171,2026-09-26,SBY01,ACTIVE
12609,8329,Savings,8278479,2027-04-29,SMG01,ACTIVE
12610,4030,Savings,33128390,2027-04-26,MDN01,ACTIVE
12611,549,Savings,206371397,2027-01-09,MDN01,ACTIVE
12612,985,Savings,37543503,2027-10-10,MDN01,ACTIVE
12613,2299,Time Deposit,1570274699,2026-09-09,MDN01,ACTIVE
12614,137,Time Deposit,387106970,2026-09-30,JKT01,ACTIVE
12615,6241,Time Deposit,979253798,2026-11-28,JKT02,ACTIVE
12616,4460,Time Deposit,283281768,2026-07-02,SMG01,ACTIVE
12617,2300,Savings,58672279,2026-08-11,SBY01,ACTIVE
12618,5413,Time Deposit,1006394341,2026-12-28,JKT01,ACTIVE
12619,9990,Time Deposit,153042124,2026-09-02,SBY01,ACTIVE
12620,5517,Savings,8725077,2027-04-24,JKT01,ACTIVE
12621,9232,Time Deposit,1108118736,2026-11-01,YGY01,ACTIVE
12622,6332,Savings,22466204,2028-02-04,BDG01,ACTIVE
12623,7127,Time Deposit,982080682,2026-05-18,MDN01,ACTIVE
12624,633,Savings,6934669,2026-07-29,SMG01,ACTIVE
12625,7011,Savings,207965422,2027-08-15,SBY01,ACTIVE
12626,1306,Savings,43743445,2027-07-02,JKT01,ACTIVE
12627,4264,Time Deposit,582309018,2026-07-22,SBY01,ACTIVE
12628,6627,Time Deposit,1065544000,2027-02-09,SMG01,ACTIVE
12629,486,Savings,143649103,2026-10-28,YGY01,ACTIVE
12630,6492,Savings,142488933,2027-12-23,SBY01,ACTIVE
12631,9997,Savings,23267216,2027-02-05,SMG01,ACTIVE
12632,5996,Savings,8487427,2027-11-03,MDN01,ACTIVE
12633,515,Savings,18471807,2027-01-06,MDN01,ACTIVE
12634,4013,Time Deposit,1197510580,2026-12-03,SMG01,ACTIVE
12635,989,Savings,10858689,2026-12-14,YGY01,ACTIVE
12636,4138,Time Deposit,1250052278,2027-03-21,JKT02,ACTIVE
12637,7921,Savings,11365754,2026-10-27,SMG01,ACTIVE
12638,573,Savings,16828163,2026-09-13,BDG01,ACTIVE
12639,7280,Time Deposit,1033434858,2027-02-09,JKT01,ACTIVE
12640,3674,Time Deposit,392181850,2026-11-26,SMG01,ACTIVE
12641,979,Time Deposit,539057139,2026-10-03,JKT02,ACTIVE
12642,2140,Savings,92912887,2027-12-31,YGY01,ACTIVE
12643,1979,Savings,7971842,2027-04-18,BDG01,ACTIVE
12644,7655,Time Deposit,975404128,2026-08-21,YGY01,ACTIVE
12645,7003,Time Deposit,1526841394,2026-11-14,BDG01,ACTIVE
12646,501,Savings,100573515,2028-02-01,YGY01,ACTIVE
12647,1787,Savings,17825536,2026-11-23,SMG01,ACTIVE
12648,6997,Savings,153639535,2028-01-19,SMG01,ACTIVE
12649,9544,Savings,74187806,2027-06-06,YGY01,ACTIVE
12650,8716,Time Deposit,314311615,2026-10-10,SBY01,ACTIVE
12651,1435,Time Deposit,1368641842,2026-07-24,YGY01,ACTIVE
12652,2030,Time Deposit,274285469,2026-06-03,YGY01,ACTIVE
12653,508,Savings,8086960,2026-10-15,BDG01,ACTIVE
12654,6439,Savings,12091692,2027-03-22,JKT01,ACTIVE
12655,7589,Savings,25549769,2027-12-05,SBY01,ACTIVE
12656,6473,Savings,105692949,2027-01-01,BDG01,ACTIVE
12657,5566,Time Deposit,1383388317,2027-02-14,BDG01,ACTIVE
12658,8909,Savings,68371252,2027-04-14,JKT01,ACTIVE
12659,1524,Savings,37204954,2027-07-05,BDG01,ACTIVE
12660,56,Time Deposit,551723486,2026-06-27,JKT01,ACTIVE
12661,5566,Savings,174200548,2027-02-23,MDN01,ACTIVE
12662,8095,Time Deposit,669018717,2026-08-02,JKT01,ACTIVE
12663,7147,Savings,14659327,2027-04-09,JKT02,ACTIVE
12664,8406,Time Deposit,1253789636,2026-10-01,JKT02,ACTIVE
12665,8433,Savings,40399965,2028-01-07,BDG01,ACTIVE
12666,3824,Savings,141048524,2027-02-09,JKT02,ACTIVE
12667,5765,Savings,14374328,2027-07-03,BDG01,ACTIVE
12668,7293,Savings,29974043,2027-05-16,JKT02,ACTIVE
12669,2072,Time Deposit,938287496,2026-10-11,MDN01,ACTIVE
12670,3589,Savings,69232687,2027-10-21,MDN01,ACTIVE
12671,6538,Savings,18124776,2027-01-05,JKT02,ACTIVE
12672,1284,Savings,50604113,2027-02-08,BDG01,ACTIVE
12673,1330,Savings,96674193,2026-06-15,SMG01,ACTIVE
12674,26,Savings,172560996,2026-05-11,JKT01,ACTIVE
12675,1396,Savings,61883542,2026-10-26,BDG01,ACTIVE
12676,7255,Savings,21498940,2027-04-24,JKT02,ACTIVE
12677,9330,Savings,153849919,2027-01-01,JKT02,ACTIVE
12678,8738,Time Deposit,1380480155,2026-12-07,JKT02,ACTIVE
12679,8279,Savings,12443008,2027-09-03,JKT02,ACTIVE
12680,3791,Savings,20707665,2027-07-08,MDN01,ACTIVE
12681,7858,Savings,42981016,2027-05-08,YGY01,ACTIVE
12682,4785,Savings,25674181,2027-04-04,BDG01,ACTIVE
12683,9089,Savings,22721351,2028-02-13,BDG01,ACTIVE
12684,1791,Time Deposit,249246310,2026-09-16,JKT01,ACTIVE
12685,449,Savings,9099246,2027-06-29,SBY01,ACTIVE
12686,6210,Savings,46953985,2026-05-26,BDG01,ACTIVE
12687,979,Savings,145929567,2027-04-10,BDG01,ACTIVE
12688,2109,Time Deposit,210754996,2026-07-02,SBY01,ACTIVE
12689,4292,Savings,37234215,2027-08-29,SBY01,ACTIVE
12690,1699,Time Deposit,544006901,2026-09-17,SBY01,ACTIVE
12691,3272,Time Deposit,187120231,2026-12-30,JKT01,ACTIVE
12692,3675,Savings,4197686,2027-03-25,JKT01,ACTIVE
12693,7163,Time Deposit,1454505078,2026-10-05,SMG01,ACTIVE
12694,4431,Time Deposit,388159649,2027-02-21,SBY01,ACTIVE
12695,8035,Savings,18544426,2027-01-09,MDN01,ACTIVE
12696,6146,Savings,130113887,2026-10-31,SMG01,ACTIVE
12697,5281,Time Deposit,1032882900,2026-04-17,SMG01,ACTIVE
12698,5733,Savings,49972344,2026-05-18,JKT01,ACTIVE
12699,6874,Savings,24305080,2026-09-30,BDG01,ACTIVE
12700,7002,Savings,24381248,2027-06-23,SBY01,ACTIVE
12701,1614,Savings,9720110,2026-08-20,JKT01,ACTIVE
12702,572,Savings,162195313,2027-02-26,YGY01,ACTIVE
12703,7847,Savings,11671037,2027-02-27,JKT01,ACTIVE
12704,2643,Time Deposit,519487522,2027-02-10,SMG01,ACTIVE
12705,1955,Time Deposit,1009221234,2026-12-09,MDN01,ACTIVE
12706,64,Savings,19814919,2027-03-14,JKT01,ACTIVE
12707,2566,Savings,148900382,2027-05-21,JKT01,ACTIVE
12708,7339,Savings,11695448,2028-03-17,YGY01,ACTIVE
12709,8661,Savings,25676334,2027-10-19,MDN01,ACTIVE
12710,4520,Savings,48150085,2026-10-08,YGY01,ACTIVE
12711,9185,Savings,139615338,2026-11-18,SMG01,ACTIVE
12712,26,Time Deposit,945032328,2027-03-18,SMG01,ACTIVE
12713,8947,Savings,152989701,2026-07-11,MDN01,ACTIVE
12714,3503,Savings,98770963,2027-11-29,SMG01,ACTIVE
12715,3440,Time Deposit,1357087851,2026-05-06,MDN01,ACTIVE
12716,8446,Savings,168521365,2027-08-22,BDG01,ACTIVE
12717,9035,Savings,34411745,2026-06-29,MDN01,ACTIVE
12718,2261,Time Deposit,1458707895,2026-12-10,SBY01,ACTIVE
12719,979,Savings,122664761,2027-01-27,SMG01,ACTIVE
12720,8211,Savings,150446553,2026-09-11,JKT02,ACTIVE
12721,8455,Savings,70888011,2026-10-05,MDN01,ACTIVE
12722,1161,Savings,36365850,2027-08-05,JKT02,ACTIVE
12723,4858,Savings,7934411,2027-09-11,YGY01,ACTIVE
12724,2414,Savings,90838817,2027-06-22,JKT02,ACTIVE
12725,8296,Savings,27368476,2027-07-27,MDN01,ACTIVE
12726,9946,Savings,28148667,2026-11-03,SMG01,ACTIVE
12727,9492,Time Deposit,833328691,2026-08-01,SMG01,ACTIVE
12728,8335,Savings,24845838,2026-11-20,MDN01,ACTIVE
12729,9869,Savings,18216962,2027-07-06,YGY01,ACTIVE
12730,8071,Time Deposit,791132041,2026-05-03,YGY01,ACTIVE
12731,6505,Savings,25770157,2027-03-04,BDG01,ACTIVE
12732,4289,Time Deposit,864944013,2027-03-21,JKT01,ACTIVE
12733,2462,Time Deposit,570215386,2026-11-22,MDN01,ACTIVE
12734,3171,Time Deposit,1139590047,2026-06-18,BDG01,ACTIVE
12735,8782,Time Deposit,416143208,2027-03-24,JKT02,ACTIVE
12736,4284,Savings,28297011,2027-03-28,SMG01,ACTIVE
12737,1203,Savings,144759171,2027-03-06,MDN01,ACTIVE
12738,1292,Savings,105690803,2028-02-09,SMG01,ACTIVE
12739,6386,Savings,27955630,2026-05-17,JKT02,ACTIVE
12740,4359,Savings,9182966,2026-05-08,YGY01,ACTIVE
12741,6607,Savings,155017058,2027-11-26,JKT02,ACTIVE
12742,5852,Time Deposit,810689981,2026-12-04,SMG01,ACTIVE
12743,113,Savings,16532168,2027-02-03,SBY01,ACTIVE
12744,6358,Savings,4867131,2026-08-05,JKT02,ACTIVE
12745,4603,Savings,58076005,2027-05-06,JKT02,ACTIVE
12746,4743,Savings,14535727,2026-04-29,JKT01,ACTIVE
12747,2827,Time Deposit,216155656,2027-02-28,JKT02,ACTIVE
12748,6965,Savings,3884544,2027-09-13,YGY01,ACTIVE
12749,3800,Savings,22490109,2026-09-18,YGY01,ACTIVE
12750,5342,Time Deposit,563102994,2027-02-23,SMG01,ACTIVE
12751,2186,Time Deposit,1098095103,2027-01-15,SMG01,ACTIVE
12752,4232,Time Deposit,386604221,2027-01-17,SMG01,ACTIVE
12753,4561,Time Deposit,97764327,2026-11-24,MDN01,ACTIVE
12754,103,Time Deposit,453182764,2027-03-19,SBY01,ACTIVE
12755,4617,Savings,102651610,2027-07-04,JKT01,ACTIVE
12756,2842,Time Deposit,224423637,2027-01-06,JKT01,ACTIVE
12757,3772,Time Deposit,670719175,2026-12-27,YGY01,ACTIVE
12758,1182,Time Deposit,822154294,2026-05-03,JKT01,ACTIVE
12759,6052,Time Deposit,514078107,2026-07-15,SMG01,ACTIVE
12760,7933,Time Deposit,458989405,2026-08-14,JKT01,ACTIVE
12761,8302,Time Deposit,640572780,2027-01-22,BDG01,ACTIVE
12762,9486,Savings,112719626,2026-11-01,MDN01,ACTIVE
12763,9076,Savings,48712057,2027-05-30,MDN01,ACTIVE
12764,3277,Time Deposit,878506602,2026-06-25,MDN01,ACTIVE
12765,475,Time Deposit,1594104803,2027-02-15,JKT02,ACTIVE
12766,5072,Savings,11247943,2027-05-09,JKT02,ACTIVE
12767,5304,Savings,121175552,2027-06-15,SMG01,ACTIVE
12768,6934,Time Deposit,363308772,2027-02-15,BDG01,ACTIVE
12769,2,Savings,100646946,2026-09-13,SBY01,ACTIVE
12770,9000,Savings,152691504,2027-06-19,JKT01,ACTIVE
12771,4691,Savings,68547548,2026-12-30,JKT01,ACTIVE
12772,2728,Savings,44774275,2027-01-28,JKT02,ACTIVE
12773,1097,Savings,20641847,2027-08-13,SBY01,ACTIVE
12774,8991,Time Deposit,607287338,2026-08-29,YGY01,ACTIVE
12775,5694,Savings,50628991,2026-05-01,JKT02,ACTIVE
12776,9755,Savings,141948190,2028-02-06,SBY01,ACTIVE
12777,2402,Savings,36194479,2026-06-14,SMG01,ACTIVE
12778,7234,Time Deposit,328807740,2026-10-25,SBY01,ACTIVE
12779,1608,Savings,26319995,2027-06-21,JKT01,ACTIVE
12780,4443,Time Deposit,496400361,2026-06-15,JKT01,ACTIVE
12781,6661,Savings,25103167,2026-10-26,YGY01,ACTIVE
12782,5464,Time Deposit,1050934904,2026-06-21,SBY01,ACTIVE
12783,2003,Time Deposit,517123235,2026-10-27,MDN01,ACTIVE
12784,9521,Savings,96358882,2026-12-30,MDN01,ACTIVE
12785,6627,Savings,168980416,2027-11-26,MDN01,ACTIVE
12786,1212,Savings,108070157,2027-06-30,YGY01,ACTIVE
12787,1083,Time Deposit,1734322332,2027-02-01,SMG01,ACTIVE
12788,4889,Savings,112645091,2026-08-13,SMG01,ACTIVE
12789,8060,Time Deposit,1643416906,2026-11-18,YGY01,ACTIVE
12790,6699,Savings,13865665,2026-12-18,SMG01,ACTIVE
12791,9943,Time Deposit,98529473,2027-02-05,BDG01,ACTIVE
12792,3966,Time Deposit,491009470,2027-01-04,SBY01,ACTIVE
12793,4122,Time Deposit,1015035877,2027-01-28,JKT02,ACTIVE
12794,4403,Savings,74694463,2028-02-09,SMG01,ACTIVE
12795,8441,Savings,2214839,2027-06-19,BDG01,ACTIVE
12796,908,Time Deposit,577117299,2027-01-05,BDG01,ACTIVE
12797,375,Savings,42659227,2027-11-04,JKT02,ACTIVE
12798,5060,Savings,15192717,2027-08-04,MDN01,ACTIVE
12799,9177,Time Deposit,923205499,2026-11-11,BDG01,ACTIVE
12800,8523,Savings,12454853,2027-11-23,MDN01,ACTIVE
12801,2511,Time Deposit,1378234803,2026-11-17,JKT01,ACTIVE
12802,5862,Savings,54813638,2028-02-20,BDG01,ACTIVE
12803,3594,Time Deposit,603974411,2026-12-31,SMG01,ACTIVE
12804,4084,Savings,83700781,2027-07-25,YGY01,ACTIVE
12805,1317,Savings,24379542,2026-10-14,SBY01,ACTIVE
12806,4352,Time Deposit,307734436,2027-01-02,SBY01,ACTIVE
12807,1670,Time Deposit,681758577,2026-09-17,SMG01,ACTIVE
12808,7900,Time Deposit,348338205,2026-04-22,JKT02,ACTIVE
12809,6159,Savings,15444069,2026-12-05,JKT01,ACTIVE
12810,1007,Savings,33446188,2027-06-24,MDN01,ACTIVE
12811,2238,Savings,47575466,2027-04-17,BDG01,ACTIVE
12812,9641,Time Deposit,608909042,2026-07-07,JKT01,ACTIVE
12813,7366,Savings,44482761,2027-06-18,MDN01,ACTIVE
12814,8693,Savings,33498566,2027-07-16,SBY01,ACTIVE
12815,9239,Time Deposit,1237463585,2026-09-24,YGY01,ACTIVE
12816,1261,Savings,76153731,2027-09-16,JKT02,ACTIVE
12817,1435,Time Deposit,1838944947,2026-06-27,JKT02,ACTIVE
12818,4014,Savings,121931744,2027-05-29,SMG01,ACTIVE
12819,1339,Savings,188445108,2027-03-01,YGY01,ACTIVE
12820,1527,Savings,103627320,2026-09-01,JKT01,ACTIVE
12821,8389,Savings,69005856,2027-04-15,SMG01,ACTIVE
12822,1124,Time Deposit,500675529,2026-06-08,MDN01,ACTIVE
12823,5724,Time Deposit,871836244,2027-02-08,JKT02,ACTIVE
12824,794,Savings,28262083,2027-02-17,SMG01,ACTIVE
12825,9011,Time Deposit,409184229,2027-03-08,BDG01,ACTIVE
12826,4708,Savings,130526835,2027-11-04,YGY01,ACTIVE
12827,5787,Savings,30593101,2027-10-12,JKT02,ACTIVE
12828,7500,Time Deposit,957584550,2026-07-22,JKT01,ACTIVE
12829,521,Time Deposit,621706057,2026-07-16,YGY01,ACTIVE
12830,1541,Time Deposit,727107468,2026-05-28,YGY01,ACTIVE
12831,9981,Savings,43307016,2028-02-06,JKT01,ACTIVE
12832,7532,Savings,19497902,2026-10-26,JKT02,ACTIVE
12833,3271,Savings,132582616,2028-02-27,SBY01,ACTIVE
12834,2278,Savings,14172999,2027-04-26,JKT02,ACTIVE
12835,2314,Savings,91138676,2027-09-06,MDN01,ACTIVE
12836,8150,Time Deposit,207702405,2026-08-13,JKT02,ACTIVE
12837,5246,Savings,22807150,2027-02-28,YGY01,ACTIVE
12838,6445,Time Deposit,1151278807,2026-05-17,SBY01,ACTIVE
12839,5800,Time Deposit,749843708,2026-11-06,YGY01,ACTIVE
12840,7373,Time Deposit,1537109217,2026-05-05,YGY01,ACTIVE
12841,2725,Savings,12541657,2027-01-03,BDG01,ACTIVE
12842,1622,Savings,22618624,2026-06-22,SMG01,ACTIVE
12843,7727,Time Deposit,415908570,2026-05-01,MDN01,ACTIVE
12844,2498,Time Deposit,433814650,2026-12-15,YGY01,ACTIVE
12845,1743,Time Deposit,926664910,2026-08-12,BDG01,ACTIVE
12846,8190,Time Deposit,1457241070,2026-04-19,YGY01,ACTIVE
12847,5983,Savings,4112413,2027-10-03,SMG01,ACTIVE
12848,4486,Savings,159530126,2027-07-10,JKT02,ACTIVE
12849,5730,Time Deposit,1258111733,2026-07-01,SBY01,ACTIVE
12850,3537,Time Deposit,241035291,2026-08-03,JKT01,ACTIVE
12851,6249,Savings,28633432,2027-04-10,MDN01,ACTIVE
12852,3078,Savings,104077925,2027-04-04,JKT02,ACTIVE
12853,8741,Savings,124882138,2027-12-17,SMG01,ACTIVE
12854,3615,Savings,18441657,2027-10-26,JKT01,ACTIVE
12855,6389,Savings,82118230,2027-08-05,JKT01,ACTIVE
12856,6308,Savings,6331369,2027-10-21,JKT02,ACTIVE
12857,4170,Time Deposit,209515979,2027-03-22,JKT01,ACTIVE
12858,2151,Time Deposit,818006072,2026-10-25,MDN01,ACTIVE
12859,1959,Savings,13988957,2026-08-25,YGY01,ACTIVE
12860,4175,Savings,32102588,2026-07-04,SMG01,ACTIVE
12861,1114,Savings,88461340,2027-11-01,SMG01,ACTIVE
12862,1349,Time Deposit,1021071262,2026-11-23,BDG01,ACTIVE
12863,8028,Time Deposit,1669246931,2026-08-07,BDG01,ACTIVE
12864,552,Time Deposit,1896497504,2026-10-28,MDN01,ACTIVE
12865,7534,Time Deposit,895101963,2027-01-22,JKT02,ACTIVE
12866,6763,Savings,51670779,2027-09-27,BDG01,ACTIVE
12867,8788,Savings,28929783,2027-04-16,MDN01,ACTIVE
12868,2472,Time Deposit,514754474,2026-08-12,JKT01,ACTIVE
12869,2980,Savings,14405092,2026-08-23,BDG01,ACTIVE
12870,2428,Savings,9693723,2026-11-01,JKT02,ACTIVE
12871,5420,Savings,19019562,2027-11-21,JKT02,ACTIVE
12872,4664,Time Deposit,215427017,2026-06-23,BDG01,ACTIVE
12873,3271,Savings,188744075,2026-08-06,SMG01,ACTIVE
12874,8104,Time Deposit,991670722,2026-06-01,SBY01,ACTIVE
12875,7977,Time Deposit,70615196,2026-08-16,JKT01,ACTIVE
12876,6294,Savings,16730979,2028-01-14,JKT01,ACTIVE
12877,2318,Savings,120126776,2027-11-22,JKT01,ACTIVE
12878,8159,Time Deposit,741685312,2026-05-19,SBY01,ACTIVE
12879,6285,Time Deposit,1251615694,2026-05-04,MDN01,ACTIVE
12880,7799,Savings,31777961,2027-07-29,BDG01,ACTIVE
12881,662,Time Deposit,1223120699,2026-10-17,YGY01,ACTIVE
12882,8189,Savings,26352776,2028-01-27,BDG01,ACTIVE
12883,3881,Savings,86688072,2026-06-18,SMG01,ACTIVE
12884,3529,Time Deposit,1246479604,2026-12-22,JKT01,ACTIVE
12885,6304,Savings,14636428,2027-09-25,YGY01,ACTIVE
12886,7554,Savings,69676016,2026-07-31,MDN01,ACTIVE
12887,3609,Savings,7581135,2028-02-26,YGY01,ACTIVE
12888,5132,Time Deposit,906194995,2027-03-10,YGY01,ACTIVE
12889,661,Savings,9678387,2028-01-25,SMG01,ACTIVE
12890,9677,Time Deposit,632423276,2026-12-06,SBY01,ACTIVE
12891,541,Savings,6532501,2027-07-01,SMG01,ACTIVE
12892,7786,Savings,39967770,2026-06-22,JKT02,ACTIVE
12893,7701,Time Deposit,520592710,2026-11-29,MDN01,ACTIVE
12894,7176,Savings,25819391,2026-12-08,JKT01,ACTIVE
12895,7131,Time Deposit,272961164,2027-03-23,JKT01,ACTIVE
12896,2565,Savings,14829686,2027-06-22,YGY01,ACTIVE
12897,4057,Savings,24279111,2028-01-03,MDN01,ACTIVE
12898,5868,Savings,47344720,2027-03-31,SBY01,ACTIVE
12899,5541,Savings,14604113,2026-06-29,BDG01,ACTIVE
12900,2175,Time Deposit,1246212708,2027-01-09,YGY01,ACTIVE
12901,4774,Savings,12132686,2028-01-29,JKT02,ACTIVE
12902,8479,Savings,31410698,2026-10-25,JKT01,ACTIVE
12903,3308,Savings,47718956,2027-05-10,YGY01,ACTIVE
12904,1103,Savings,33003303,2026-11-07,JKT01,ACTIVE
12905,9424,Savings,100482106,2026-06-10,YGY01,ACTIVE
12906,2331,Savings,25952299,2027-07-04,JKT02,ACTIVE
12907,9752,Savings,26951982,2027-11-28,MDN01,ACTIVE
12908,5732,Savings,44654530,2028-01-14,JKT02,ACTIVE
12909,2410,Savings,101891384,2027-10-09,YGY01,ACTIVE
12910,7110,Time Deposit,454119653,2026-08-12,YGY01,ACTIVE
12911,3647,Time Deposit,1515119267,2027-01-24,SMG01,ACTIVE
12912,2900,Savings,16119314,2027-12-28,YGY01,ACTIVE
12913,4704,Savings,136258167,2028-01-14,SMG01,ACTIVE
12914,1821,Savings,25184809,2027-01-10,YGY01,ACTIVE
12915,5623,Savings,30745253,2026-05-02,JKT01,ACTIVE
12916,2126,Time Deposit,377302865,2026-10-10,YGY01,ACTIVE
12917,4224,Savings,7619341,2027-10-17,JKT01,ACTIVE
12918,2669,Savings,30772247,2027-06-16,JKT01,ACTIVE
12919,7180,Savings,106982014,2026-12-23,SMG01,ACTIVE
12920,246,Savings,50152564,2027-10-15,BDG01,ACTIVE
12921,1744,Time Deposit,1464755026,2026-04-29,JKT02,ACTIVE
12922,5693,Savings,167101086,2027-08-16,YGY01,ACTIVE
12923,3223,Time Deposit,274792390,2027-03-07,JKT02,ACTIVE
12924,4774,Time Deposit,872701328,2027-03-09,BDG01,ACTIVE
12925,7792,Savings,72458669,2026-07-15,MDN01,ACTIVE
12926,9267,Savings,107607361,2027-11-13,SBY01,ACTIVE
12927,1812,Savings,26281396,2027-03-09,MDN01,ACTIVE
12928,7146,Savings,29535884,2027-04-10,JKT02,ACTIVE
12929,6556,Savings,17945660,2027-07-15,BDG01,ACTIVE
12930,3053,Savings,155086795,2027-08-12,SMG01,ACTIVE
12931,7526,Time Deposit,159006347,2027-01-08,MDN01,ACTIVE
12932,225,Time Deposit,870672601,2026-12-07,JKT02,ACTIVE
12933,633,Savings,10618619,2027-11-07,JKT01,ACTIVE
12934,302,Time Deposit,641141177,2027-03-10,JKT02,ACTIVE
12935,3781,Time Deposit,565760386,2027-01-21,JKT02,ACTIVE
12936,8003,Time Deposit,1400398356,2026-12-12,MDN01,ACTIVE
12937,2138,Savings,13767798,2028-01-28,SMG01,ACTIVE
12938,9816,Time Deposit,579515555,2026-11-28,SBY01,ACTIVE
12939,7229,Savings,17703906,2026-09-21,SBY01,ACTIVE
12940,323,Time Deposit,874217051,2027-01-13,JKT01,ACTIVE
12941,7850,Time Deposit,386469623,2026-08-26,JKT02,ACTIVE
12942,2844,Savings,8989640,2027-08-09,YGY01,ACTIVE
12943,7414,Savings,47011114,2027-10-14,SBY01,ACTIVE
12944,1145,Time Deposit,808104243,2026-06-06,JKT02,ACTIVE
12945,1102,Savings,79457624,2027-10-14,JKT02,ACTIVE
12946,5314,Time Deposit,676687902,2026-05-07,MDN01,ACTIVE
12947,247,Savings,20141620,2026-06-14,SMG01,ACTIVE
12948,7696,Savings,34709564,2027-01-08,MDN01,ACTIVE
12949,6840,Time Deposit,394261105,2026-12-22,JKT02,ACTIVE
12950,5163,Time Deposit,534651840,2026-10-09,SMG01,ACTIVE
12951,9575,Time Deposit,1214029209,2026-10-13,SMG01,ACTIVE
12952,7794,Savings,73055704,2028-03-10,MDN01,ACTIVE
12953,1740,Savings,150194732,2026-12-18,SBY01,ACTIVE
12954,861,Savings,10183853,2027-12-05,SBY01,ACTIVE
12955,8540,Savings,22711342,2026-07-31,SBY01,ACTIVE
12956,8644,Time Deposit,455872728,2026-04-20,BDG01,ACTIVE
12957,7101,Time Deposit,846715650,2026-11-05,JKT02,ACTIVE
12958,2654,Time Deposit,613486223,2026-07-04,JKT01,ACTIVE
12959,8477,Savings,22367804,2026-10-19,SMG01,ACTIVE
12960,5418,Savings,38214300,2027-08-22,MDN01,ACTIVE
12961,2740,Savings,126365219,2026-11-13,SBY01,ACTIVE
12962,3047,Time Deposit,377832694,2026-11-06,SBY01,ACTIVE
12963,5016,Savings,28351354,2026-07-17,BDG01,ACTIVE
12964,8598,Savings,21998382,2027-01-01,YGY01,ACTIVE
12965,5111,Time Deposit,1169851829,2026-06-09,SMG01,ACTIVE
12966,4390,Savings,73418732,2026-07-19,JKT01,ACTIVE
12967,654,Time Deposit,633534845,2026-08-15,SMG01,ACTIVE
12968,9588,Time Deposit,1330626230,2027-01-04,JKT01,ACTIVE
12969,3679,Savings,9494748,2027-11-02,YGY01,ACTIVE
12970,8536,Savings,173260239,2027-01-28,SMG01,ACTIVE
12971,9755,Savings,125355648,2028-03-17,JKT01,ACTIVE
12972,5281,Savings,86132913,2026-12-08,JKT01,ACTIVE
12973,4138,Time Deposit,718674968,2026-10-08,YGY01,ACTIVE
12974,8335,Savings,15441327,2027-09-28,YGY01,ACTIVE
12975,6418,Savings,25628949,2027-08-28,JKT02,ACTIVE
12976,9545,Savings,59436689,2026-11-10,MDN01,ACTIVE
12977,5452,Savings,10819436,2027-07-31,YGY01,ACTIVE
12978,1031,Time Deposit,1668132440,2027-02-21,YGY01,ACTIVE
12979,2869,Savings,105278707,2026-12-15,JKT01,ACTIVE
12980,2855,Savings,4380462,2026-06-03,YGY01,ACTIVE
12981,359,Savings,2798587,2027-07-05,MDN01,ACTIVE
12982,1158,Savings,160040433,2027-11-18,YGY01,ACTIVE
12983,933,Time Deposit,935943435,2026-06-06,SBY01,ACTIVE
12984,9681,Savings,196080060,2026-10-13,YGY01,ACTIVE
12985,7218,Savings,48023776,2026-12-21,JKT02,ACTIVE
12986,2184,Time Deposit,1428074108,2026-12-03,MDN01,ACTIVE
12987,9681,Time Deposit,233547397,2026-09-23,SBY01,ACTIVE
12988,8245,Savings,19894942,2027-12-03,YGY01,ACTIVE
12989,9141,Time Deposit,484613331,2026-05-09,SBY01,ACTIVE
12990,2305,Savings,41029558,2028-01-03,YGY01,ACTIVE
12991,2678,Savings,23115967,2027-04-20,SBY01,ACTIVE
12992,5299,Savings,25898920,2027-08-11,BDG01,ACTIVE
12993,6712,Savings,10027514,2027-08-05,JKT01,ACTIVE
12994,9067,Savings,23773024,2026-05-01,MDN01,ACTIVE
12995,9831,Time Deposit,176742420,2027-03-24,SBY01,ACTIVE
12996,6753,Time Deposit,217500125,2026-09-15,JKT01,ACTIVE
12997,139,Savings,7514273,2026-11-04,SMG01,ACTIVE
12998,4839,Time Deposit,408694743,2027-03-25,SBY01,ACTIVE
12999,6166,Savings,46435535,2026-09-19,YGY01,ACTIVE
13000,6352,Savings,216785729,2027-10-29,SBY01,ACTIVE
13001,6201,Time Deposit,1484418561,2027-02-19,JKT01,ACTIVE
13002,3147,Time Deposit,421935623,2026-08-05,JKT02,ACTIVE
13003,8820,Savings,147560173,2028-03-01,BDG01,ACTIVE
13004,6036,Savings,186638514,2027-07-27,JKT01,ACTIVE
13005,2048,Savings,25572436,2028-01-19,YGY01,ACTIVE
13006,3688,Time Deposit,361143677,2027-03-10,BDG01,ACTIVE
13007,430,Time Deposit,505842315,2026-07-10,YGY01,ACTIVE
13008,4891,Time Deposit,912546955,2026-07-17,SMG01,ACTIVE
13009,6594,Savings,13510045,2027-04-21,BDG01,ACTIVE
13010,5303,Time Deposit,1113286283,2026-08-30,JKT02,ACTIVE
13011,6923,Time Deposit,335170481,2026-10-05,YGY01,ACTIVE
13012,6098,Time Deposit,650967501,2026-07-06,JKT02,ACTIVE
13013,4103,Time Deposit,332779873,2026-06-03,JKT01,ACTIVE
13014,953,Savings,102462531,2027-05-09,YGY01,ACTIVE
13015,710,Time Deposit,192899216,2027-01-15,BDG01,ACTIVE
13016,1498,Savings,41372060,2027-04-25,JKT02,ACTIVE
13017,7715,Savings,25540631,2027-03-18,YGY01,ACTIVE
13018,8157,Savings,19059889,2026-05-31,MDN01,ACTIVE
13019,8475,Time Deposit,375834314,2026-11-21,YGY01,ACTIVE
13020,3797,Savings,150871102,2026-10-19,SBY01,ACTIVE
13021,6104,Time Deposit,684432375,2026-07-01,MDN01,ACTIVE
13022,3501,Time Deposit,405193988,2026-10-20,SBY01,ACTIVE
13023,4628,Savings,4354091,2026-07-27,JKT01,ACTIVE
13024,5583,Savings,34955208,2028-01-19,BDG01,ACTIVE
13025,8728,Time Deposit,999925008,2026-12-12,BDG01,ACTIVE
13026,7889,Savings,178050536,2026-08-30,SBY01,ACTIVE
13027,8819,Savings,34672659,2026-05-30,JKT01,ACTIVE
13028,1457,Time Deposit,545655182,2026-04-26,SMG01,ACTIVE
13029,1246,Savings,103562224,2027-09-05,MDN01,ACTIVE
13030,9177,Savings,72029992,2026-10-18,YGY01,ACTIVE
13031,1014,Time Deposit,488417518,2027-01-13,MDN01,ACTIVE
13032,5400,Time Deposit,283305770,2026-12-17,YGY01,ACTIVE
13033,8180,Savings,127227066,2027-01-15,BDG01,ACTIVE
13034,7294,Savings,45367935,2027-02-05,BDG01,ACTIVE
13035,9344,Savings,136230859,2027-05-06,SBY01,ACTIVE
13036,8850,Savings,39907304,2027-10-22,SMG01,ACTIVE
13037,7689,Time Deposit,579666002,2026-04-19,SMG01,ACTIVE
13038,7989,Time Deposit,1061762162,2027-02-26,SMG01,ACTIVE
13039,1524,Savings,64263927,2028-03-20,MDN01,ACTIVE
13040,4789,Savings,10576594,2027-08-09,SMG01,ACTIVE
13041,5185,Time Deposit,959242664,2026-06-08,YGY01,ACTIVE
13042,1858,Savings,17537938,2027-10-28,YGY01,ACTIVE
13043,2830,Time Deposit,544062993,2026-08-26,BDG01,ACTIVE
13044,7655,Time Deposit,649286801,2027-02-14,SMG01,ACTIVE
13045,8385,Savings,142072546,2026-06-29,SMG01,ACTIVE
13046,6378,Time Deposit,1514265209,2027-02-14,JKT01,ACTIVE
13047,6092,Savings,59643698,2027-04-24,BDG01,ACTIVE
13048,9080,Savings,85318032,2027-10-18,SBY01,ACTIVE
13049,4132,Time Deposit,1268545671,2026-07-15,JKT02,ACTIVE
13050,3067,Savings,14559506,2027-07-08,BDG01,ACTIVE
13051,3180,Time Deposit,1375654666,2027-03-20,SMG01,ACTIVE
13052,3041,Savings,58195645,2026-05-08,SBY01,ACTIVE
13053,9104,Savings,19710079,2026-10-21,MDN01,ACTIVE
13054,9547,Savings,70560617,2028-03-19,JKT01,ACTIVE
13055,5749,Savings,20038497,2027-10-13,MDN01,ACTIVE
13056,1552,Savings,103126574,2027-09-06,BDG01,ACTIVE
13057,1786,Time Deposit,1314009361,2026-11-26,SBY01,ACTIVE
13058,9649,Savings,27742963,2027-09-05,JKT02,ACTIVE
13059,1311,Savings,95860850,2027-03-09,YGY01,ACTIVE
13060,9489,Savings,10996501,2027-11-26,SBY01,ACTIVE
13061,6472,Savings,26914419,2028-01-27,MDN01,ACTIVE
13062,8011,Time Deposit,473101840,2027-03-17,YGY01,ACTIVE
13063,5312,Time Deposit,507757700,2026-04-10,JKT01,ACTIVE
13064,3593,Time Deposit,923412713,2026-07-24,SBY01,ACTIVE
13065,7055,Savings,13476146,2026-12-22,SMG01,ACTIVE
13066,5768,Savings,13190220,2028-03-15,MDN01,ACTIVE
13067,740,Savings,28647596,2027-10-31,BDG01,ACTIVE
13068,5522,Time Deposit,470026387,2026-12-21,SBY01,ACTIVE
13069,3065,Time Deposit,258029192,2026-04-29,SBY01,ACTIVE
13070,5,Time Deposit,391449904,2026-06-16,JKT02,ACTIVE
13071,7390,Savings,201232492,2027-02-19,MDN01,ACTIVE
13072,7851,Time Deposit,581738843,2026-12-28,BDG01,ACTIVE
13073,3767,Savings,7760135,2027-03-28,SBY01,ACTIVE
13074,3139,Time Deposit,475934744,2026-07-13,JKT01,ACTIVE
13075,4441,Savings,112519031,2026-06-24,JKT01,ACTIVE
13076,8494,Time Deposit,577262166,2026-05-09,SBY01,ACTIVE
13077,3852,Savings,32559091,2026-06-10,SBY01,ACTIVE
13078,6892,Savings,137216128,2026-08-09,YGY01,ACTIVE
13079,9657,Time Deposit,757196567,2027-03-24,BDG01,ACTIVE
13080,7658,Savings,29726108,2027-03-07,SMG01,ACTIVE
13081,1575,Time Deposit,563135474,2027-03-22,SMG01,ACTIVE
13082,4897,Time Deposit,404953565,2026-04-11,MDN01,ACTIVE
13083,1816,Savings,45360259,2027-05-16,SMG01,ACTIVE
13084,1072,Savings,34963064,2026-08-30,YGY01,ACTIVE
13085,6681,Savings,68270967,2028-02-01,SBY01,ACTIVE
13086,3156,Time Deposit,210157061,2026-07-19,YGY01,ACTIVE
13087,5206,Savings,20744075,2026-07-22,JKT02,ACTIVE
13088,6182,Savings,21242100,2028-02-24,SBY01,ACTIVE
13089,2121,Time Deposit,973332656,2026-10-03,JKT02,ACTIVE
13090,2756,Savings,190935915,2026-06-14,MDN01,ACTIVE
13091,5332,Savings,32179583,2027-06-10,JKT01,ACTIVE
13092,2142,Time Deposit,824391752,2026-05-01,JKT01,ACTIVE
13093,7060,Savings,4642393,2026-12-30,JKT02,ACTIVE
13094,4402,Savings,141914223,2027-07-07,MDN01,ACTIVE
13095,6563,Savings,11545651,2026-04-24,JKT02,ACTIVE
13096,5950,Time Deposit,441762335,2026-04-18,MDN01,ACTIVE
13097,1901,Savings,63382478,2028-03-01,YGY01,ACTIVE
13098,1705,Time Deposit,280793963,2026-04-16,MDN01,ACTIVE
13099,6935,Savings,89132197,2027-04-18,JKT01,ACTIVE
13100,204,Savings,48273232,2027-09-16,JKT02,ACTIVE
13101,4435,Savings,114405015,2026-09-24,JKT02,ACTIVE
13102,8189,Savings,113915746,2028-01-17,YGY01,ACTIVE
13103,3882,Savings,74203197,2027-10-25,JKT02,ACTIVE
13104,8642,Savings,2746256,2026-06-24,BDG01,ACTIVE
13105,2598,Savings,40831067,2026-05-18,YGY01,ACTIVE
13106,7758,Savings,61447715,2027-07-07,SMG01,ACTIVE
13107,9741,Time Deposit,746315293,2027-01-04,JKT01,ACTIVE
13108,9658,Savings,5751920,2028-01-14,SMG01,ACTIVE
13109,5318,Time Deposit,930938239,2026-05-20,JKT01,ACTIVE
13110,1873,Savings,36343206,2027-12-13,YGY01,ACTIVE
13111,2463,Savings,25191692,2027-08-06,JKT02,ACTIVE
13112,3407,Savings,6484285,2027-01-06,BDG01,ACTIVE
13113,4315,Savings,24315616,2026-08-24,BDG01,ACTIVE
13114,4462,Savings,25317512,2027-08-05,SBY01,ACTIVE
13115,4406,Time Deposit,577676738,2026-11-27,JKT02,ACTIVE
13116,7759,Time Deposit,1070302019,2026-12-18,JKT02,ACTIVE
13117,4985,Savings,26999870,2027-10-02,SMG01,ACTIVE
13118,3371,Savings,28987875,2026-06-19,YGY01,ACTIVE
13119,7505,Savings,133501584,2026-08-09,MDN01,ACTIVE
13120,8611,Savings,26573056,2027-12-10,JKT01,ACTIVE
13121,7994,Savings,12660570,2027-05-09,BDG01,ACTIVE
13122,8530,Savings,44986528,2027-03-29,JKT02,ACTIVE
13123,8870,Savings,36285371,2027-06-04,JKT02,ACTIVE
13124,5785,Time Deposit,406999734,2026-04-23,SBY01,ACTIVE
13125,1699,Savings,169129116,2028-01-15,SBY01,ACTIVE
13126,551,Time Deposit,209543130,2027-02-06,JKT02,ACTIVE
13127,6273,Time Deposit,770229209,2027-01-11,MDN01,ACTIVE
13128,5174,Time Deposit,532068789,2026-12-10,JKT02,ACTIVE
13129,4722,Savings,18520180,2027-07-16,JKT01,ACTIVE
13130,2716,Time Deposit,578466674,2027-01-12,SMG01,ACTIVE
13131,2219,Savings,100196214,2027-09-20,YGY01,ACTIVE
13132,4353,Time Deposit,496046346,2026-08-01,BDG01,ACTIVE
13133,20,Savings,101518842,2027-05-26,BDG01,ACTIVE
13134,3564,Time Deposit,170963285,2026-11-29,JKT01,ACTIVE
13135,8953,Savings,39670092,2026-12-29,SMG01,ACTIVE
13136,3381,Time Deposit,220196538,2026-05-22,MDN01,ACTIVE
13137,8762,Savings,47904738,2027-06-21,BDG01,ACTIVE
13138,6627,Time Deposit,945834719,2027-01-29,BDG01,ACTIVE
13139,1927,Savings,9301843,2027-04-22,SBY01,ACTIVE
13140,4598,Time Deposit,876212822,2026-10-09,YGY01,ACTIVE
13141,3399,Time Deposit,394418267,2026-10-16,BDG01,ACTIVE
13142,452,Time Deposit,1220339545,2026-05-06,SBY01,ACTIVE
13143,6289,Time Deposit,789237929,2026-05-07,MDN01,ACTIVE
13144,7890,Time Deposit,217532239,2026-07-16,MDN01,ACTIVE
13145,5458,Time Deposit,1019079330,2026-10-16,SMG01,ACTIVE
13146,2270,Time Deposit,833283275,2026-04-17,JKT02,ACTIVE
13147,8990,Time Deposit,598921283,2026-05-13,JKT01,ACTIVE
13148,6642,Time Deposit,672489432,2027-02-01,BDG01,ACTIVE
13149,1892,Savings,25145667,2027-04-22,YGY01,ACTIVE
13150,2339,Savings,63649103,2026-06-15,SMG01,ACTIVE
13151,5853,Time Deposit,654985586,2026-05-06,YGY01,ACTIVE
13152,4360,Savings,29811416,2026-11-07,BDG01,ACTIVE
13153,6880,Savings,15794117,2028-03-14,SMG01,ACTIVE
13154,2628,Savings,191984925,2027-08-01,JKT01,ACTIVE
13155,9559,Savings,14628881,2028-01-12,YGY01,ACTIVE
13156,7426,Savings,79858476,2027-03-26,YGY01,ACTIVE
13157,5457,Savings,17382893,2027-08-25,MDN01,ACTIVE
13158,6233,Time Deposit,455368223,2026-06-29,SMG01,ACTIVE
13159,2488,Savings,50705924,2028-03-05,JKT02,ACTIVE
13160,6771,Savings,57420700,2026-09-20,SBY01,ACTIVE
13161,5781,Savings,53879218,2026-09-20,BDG01,ACTIVE
13162,9527,Time Deposit,1273320999,2026-04-27,SBY01,ACTIVE
13163,4791,Savings,19882325,2026-10-24,JKT01,ACTIVE
13164,6583,Time Deposit,1208558391,2026-08-24,MDN01,ACTIVE
13165,8104,Time Deposit,1080087776,2026-10-18,JKT01,ACTIVE
13166,4769,Savings,19600524,2028-01-31,JKT01,ACTIVE
13167,1533,Time Deposit,603382798,2026-07-26,SMG01,ACTIVE
13168,3033,Time Deposit,1674975787,2027-01-01,SBY01,ACTIVE
13169,2316,Savings,10388125,2027-01-29,JKT02,ACTIVE
13170,382,Time Deposit,1526644421,2026-09-07,SMG01,ACTIVE
13171,9049,Time Deposit,1728720243,2027-01-11,MDN01,ACTIVE
13172,2259,Time Deposit,771043180,2026-08-25,YGY01,ACTIVE
13173,5204,Savings,18975701,2027-08-16,JKT01,ACTIVE
13174,9731,Savings,15441079,2026-09-28,YGY01,ACTIVE
13175,1282,Time Deposit,329780297,2027-02-07,SMG01,ACTIVE
13176,6911,Savings,77854238,2027-11-02,SMG01,ACTIVE
13177,3908,Savings,53444755,2028-02-26,JKT01,ACTIVE
13178,7204,Savings,10690265,2027-04-10,YGY01,ACTIVE
13179,4011,Savings,16830554,2026-09-05,JKT02,ACTIVE
13180,5445,Savings,19816484,2027-05-11,JKT01,ACTIVE
13181,9937,Savings,25159509,2027-11-20,SMG01,ACTIVE
13182,1682,Savings,15954322,2026-10-10,BDG01,ACTIVE
13183,5788,Savings,25686203,2027-07-17,SMG01,ACTIVE
13184,1532,Savings,165544067,2027-08-04,YGY01,ACTIVE
13185,6455,Savings,29563458,2026-12-09,JKT01,ACTIVE
13186,2364,Time Deposit,1330549465,2027-01-23,MDN01,ACTIVE
13187,3001,Savings,91346620,2027-04-03,BDG01,ACTIVE
13188,7927,Savings,38554201,2027-08-20,JKT02,ACTIVE
13189,6742,Time Deposit,694134090,2026-08-26,YGY01,ACTIVE
13190,7426,Savings,130646343,2026-09-12,JKT01,ACTIVE
13191,3384,Savings,113729166,2027-08-14,BDG01,ACTIVE
13192,2111,Savings,15273152,2026-06-22,BDG01,ACTIVE
13193,1182,Savings,155785240,2027-05-03,BDG01,ACTIVE
13194,353,Savings,30065285,2027-10-31,JKT01,ACTIVE
13195,6370,Savings,41068509,2026-10-04,MDN01,ACTIVE
13196,855,Savings,172363492,2026-06-17,JKT01,ACTIVE
13197,9371,Savings,15391614,2027-06-04,SMG01,ACTIVE
13198,3449,Time Deposit,1017565375,2026-04-27,JKT02,ACTIVE
13199,7028,Savings,18729797,2026-11-03,JKT02,ACTIVE
13200,5339,Savings,73496985,2028-01-29,SBY01,ACTIVE
13201,8115,Savings,41626242,2027-01-28,YGY01,ACTIVE
13202,8062,Time Deposit,739404561,2026-06-04,SBY01,ACTIVE
13203,2852,Savings,12781762,2026-10-31,SBY01,ACTIVE
13204,1197,Savings,20709373,2027-09-20,MDN01,ACTIVE
13205,1189,Savings,43654531,2026-04-25,JKT01,ACTIVE
13206,3516,Time Deposit,1051715935,2026-11-05,YGY01,ACTIVE
13207,441,Savings,15006244,2026-09-08,SBY01,ACTIVE
13208,7334,Savings,28505498,2026-08-12,MDN01,ACTIVE
13209,8214,Time Deposit,556796518,2026-06-18,SBY01,ACTIVE
13210,9390,Savings,19054055,2027-06-08,BDG01,ACTIVE
13211,7802,Savings,25256507,2028-03-21,BDG01,ACTIVE
13212,3070,Time Deposit,1100180494,2026-05-25,MDN01,ACTIVE
13213,8991,Time Deposit,780028471,2026-05-11,BDG01,ACTIVE
13214,2908,Savings,27227512,2027-01-20,SMG01,ACTIVE
13215,4435,Time Deposit,809002522,2026-04-12,SBY01,ACTIVE
13216,5468,Time Deposit,596232867,2026-10-17,SMG01,ACTIVE
13217,1138,Time Deposit,183487667,2026-10-17,SBY01,ACTIVE
13218,174,Savings,28595571,2027-01-02,SMG01,ACTIVE
13219,5231,Savings,200300573,2028-01-31,BDG01,ACTIVE
13220,7848,Time Deposit,688949831,2027-03-06,BDG01,ACTIVE
13221,3972,Savings,129501783,2026-12-22,JKT01,ACTIVE
13222,5344,Savings,12452373,2028-01-06,BDG01,ACTIVE
13223,1083,Savings,215672036,2026-08-11,SMG01,ACTIVE
13224,7072,Savings,19121090,2027-01-23,YGY01,ACTIVE
13225,8350,Time Deposit,785232360,2026-06-28,BDG01,ACTIVE
13226,1475,Savings,21351064,2027-01-30,BDG01,ACTIVE
13227,9432,Time Deposit,605739942,2026-07-13,SBY01,ACTIVE
13228,9232,Savings,127832995,2028-03-21,JKT02,ACTIVE
13229,7073,Savings,70297795,2026-06-16,YGY01,ACTIVE
13230,2699,Savings,6292747,2027-12-30,MDN01,ACTIVE
13231,8923,Savings,76528683,2026-11-04,MDN01,ACTIVE
13232,6459,Savings,22830309,2027-04-29,SBY01,ACTIVE
13233,9672,Savings,29914195,2027-01-10,YGY01,ACTIVE
13234,5352,Time Deposit,1347073431,2026-08-03,BDG01,ACTIVE
13235,6867,Time Deposit,124734149,2027-02-14,YGY01,ACTIVE
13236,5077,Savings,33448439,2026-10-28,BDG01,ACTIVE
13237,6359,Time Deposit,312367062,2026-07-10,SBY01,ACTIVE
13238,514,Time Deposit,477236617,2026-08-16,JKT02,ACTIVE
13239,708,Time Deposit,1638806865,2026-08-13,JKT01,ACTIVE
13240,7558,Savings,65326117,2028-01-18,YGY01,ACTIVE
13241,6886,Savings,124845716,2028-03-23,MDN01,ACTIVE
13242,5771,Time Deposit,1655762309,2026-09-18,MDN01,ACTIVE
13243,3357,Savings,18528157,2027-09-07,SMG01,ACTIVE
13244,3255,Savings,28251366,2026-06-20,MDN01,ACTIVE
13245,6956,Savings,12220126,2026-06-06,JKT01,ACTIVE
13246,4745,Time Deposit,1162330582,2026-10-28,MDN01,ACTIVE
13247,1378,Savings,6169530,2028-01-13,JKT02,ACTIVE
13248,3143,Savings,5540762,2026-10-21,JKT01,ACTIVE
13249,863,Savings,30179435,2026-11-05,SBY01,ACTIVE
13250,6215,Time Deposit,752964811,2026-05-04,YGY01,ACTIVE
13251,8207,Savings,17671810,2028-03-08,MDN01,ACTIVE
13252,7805,Time Deposit,1430163918,2026-08-26,SMG01,ACTIVE
13253,8665,Time Deposit,937614709,2026-12-12,SMG01,ACTIVE
13254,5165,Time Deposit,573465829,2026-07-24,SBY01,ACTIVE
13255,4301,Savings,4909204,2026-06-10,BDG01,ACTIVE
13256,3900,Time Deposit,1196208857,2026-06-30,YGY01,ACTIVE
13257,186,Savings,9855041,2027-06-21,YGY01,ACTIVE
13258,5861,Savings,46726417,2026-11-24,BDG01,ACTIVE
13259,1041,Savings,15812574,2027-01-05,SBY01,ACTIVE
13260,6914,Savings,14452751,2026-06-11,SBY01,ACTIVE
13261,9765,Savings,48484447,2027-06-09,SMG01,ACTIVE
13262,5254,Savings,41886634,2027-08-28,MDN01,ACTIVE
13263,3664,Savings,93827343,2027-01-24,SBY01,ACTIVE
13264,6046,Time Deposit,336198155,2026-09-09,SBY01,ACTIVE
13265,4429,Savings,2750035,2027-06-02,MDN01,ACTIVE
13266,480,Time Deposit,1224153731,2026-06-24,JKT02,ACTIVE
13267,5045,Time Deposit,1542160481,2026-04-19,SBY01,ACTIVE
13268,3090,Savings,28759376,2027-08-06,SMG01,ACTIVE
13269,8659,Savings,13138350,2026-07-29,SMG01,ACTIVE
13270,8292,Time Deposit,494986173,2026-06-12,BDG01,ACTIVE
13271,4471,Savings,25072815,2027-01-09,MDN01,ACTIVE
13272,3070,Savings,166142146,2026-09-18,SMG01,ACTIVE
13273,7236,Time Deposit,316132639,2026-07-14,SMG01,ACTIVE
13274,3424,Time Deposit,467231700,2026-12-06,YGY01,ACTIVE
13275,8850,Savings,17585241,2026-09-29,SMG01,ACTIVE
13276,5069,Time Deposit,313450099,2026-12-04,JKT02,ACTIVE
13277,610,Time Deposit,748057520,2027-01-19,SMG01,ACTIVE
13278,4708,Time Deposit,1211480334,2026-11-21,SBY01,ACTIVE
13279,5985,Time Deposit,902248339,2026-08-22,BDG01,ACTIVE
13280,8486,Savings,80731142,2027-09-25,SBY01,ACTIVE
13281,9819,Savings,20701178,2026-05-31,SMG01,ACTIVE
13282,667,Savings,146989069,2027-07-04,JKT02,ACTIVE
13283,443,Savings,48141108,2026-06-22,JKT02,ACTIVE
13284,5594,Savings,19954189,2027-11-23,JKT02,ACTIVE
13285,7173,Savings,15281615,2027-12-07,SBY01,ACTIVE
13286,4844,Savings,37538535,2027-03-15,JKT02,ACTIVE
13287,3307,Savings,93084312,2027-02-28,BDG01,ACTIVE
13288,4654,Savings,20632105,2027-11-22,YGY01,ACTIVE
13289,9700,Savings,10024697,2026-06-26,SBY01,ACTIVE
13290,2775,Time Deposit,1258638630,2026-07-15,MDN01,ACTIVE
13291,6555,Savings,198098699,2028-02-13,SBY01,ACTIVE
13292,3520,Time Deposit,716160473,2026-12-16,SMG01,ACTIVE
13293,7222,Time Deposit,824420558,2026-06-27,SBY01,ACTIVE
13294,4078,Savings,17970661,2028-02-16,JKT02,ACTIVE
13295,3664,Savings,56132571,2028-03-03,JKT02,ACTIVE
13296,1108,Savings,21776368,2027-07-04,BDG01,ACTIVE
13297,3088,Savings,127495234,2026-05-13,BDG01,ACTIVE
13298,9523,Savings,51724094,2027-03-08,SBY01,ACTIVE
13299,996,Time Deposit,1788972933,2027-01-12,BDG01,ACTIVE
13300,8872,Savings,91251137,2027-11-30,BDG01,ACTIVE
13301,350,Savings,23553462,2027-05-18,SMG01,ACTIVE
13302,6953,Savings,67438913,2027-11-06,YGY01,ACTIVE
13303,884,Time Deposit,1361239438,2027-01-06,JKT01,ACTIVE
13304,4480,Savings,13754710,2027-09-24,SBY01,ACTIVE
13305,1949,Time Deposit,1550477588,2026-09-03,MDN01,ACTIVE
13306,9912,Time Deposit,390863317,2026-09-30,MDN01,ACTIVE
13307,3785,Time Deposit,366567196,2026-11-16,JKT02,ACTIVE
13308,4981,Savings,11737905,2027-06-11,BDG01,ACTIVE
13309,6921,Time Deposit,477458747,2026-11-30,SBY01,ACTIVE
13310,6304,Savings,19558240,2026-10-01,SBY01,ACTIVE
13311,9263,Savings,5420402,2027-03-01,SMG01,ACTIVE
13312,7350,Time Deposit,620368747,2026-05-14,BDG01,ACTIVE
13313,8857,Savings,11015975,2026-06-07,SMG01,ACTIVE
13314,5877,Time Deposit,551812009,2026-07-24,JKT02,ACTIVE
13315,8669,Savings,18154388,2026-05-09,YGY01,ACTIVE
13316,3678,Savings,45086717,2026-05-06,SMG01,ACTIVE
13317,4267,Time Deposit,375277170,2026-06-04,MDN01,ACTIVE
13318,3289,Savings,170097951,2026-10-11,SMG01,ACTIVE
13319,9443,Savings,58619117,2026-05-18,MDN01,ACTIVE
13320,3197,Savings,23550263,2028-03-03,SBY01,ACTIVE
13321,941,Time Deposit,419352819,2026-08-16,JKT02,ACTIVE
13322,3934,Savings,15608356,2026-06-15,SMG01,ACTIVE
13323,203,Savings,26348786,2026-12-23,MDN01,ACTIVE
13324,4765,Savings,23418580,2028-01-28,MDN01,ACTIVE
13325,7543,Time Deposit,711124193,2026-08-06,SBY01,ACTIVE
13326,5926,Time Deposit,904248961,2026-07-08,MDN01,ACTIVE
13327,3723,Time Deposit,564959823,2026-11-15,JKT01,ACTIVE
13328,2795,Savings,24373801,2027-07-20,SBY01,ACTIVE
13329,6359,Savings,18022758,2028-01-06,SBY01,ACTIVE
13330,6810,Savings,49249427,2026-08-31,SMG01,ACTIVE
13331,6506,Savings,45936206,2027-02-14,YGY01,ACTIVE
13332,4627,Time Deposit,1438822093,2026-09-26,MDN01,ACTIVE
13333,9562,Savings,20690008,2026-05-08,MDN01,ACTIVE
13334,4482,Time Deposit,1345798517,2026-12-09,YGY01,ACTIVE
13335,7529,Savings,37553025,2027-09-29,BDG01,ACTIVE
13336,8456,Time Deposit,481767041,2026-11-11,MDN01,ACTIVE
13337,2047,Time Deposit,1101613830,2026-05-22,YGY01,ACTIVE
13338,4063,Savings,19819076,2028-03-05,MDN01,ACTIVE
13339,5039,Savings,73619441,2027-06-05,SMG01,ACTIVE
13340,1094,Savings,12314869,2026-05-17,JKT01,ACTIVE
13341,4673,Savings,199544871,2027-02-24,SMG01,ACTIVE
13342,4114,Savings,34957962,2027-10-18,MDN01,ACTIVE
13343,2283,Savings,24719642,2026-12-30,JKT01,ACTIVE
13344,2991,Time Deposit,1528553727,2026-10-22,SMG01,ACTIVE
13345,8879,Time Deposit,592372990,2026-07-12,YGY01,ACTIVE
13346,5674,Savings,55883505,2027-06-14,MDN01,ACTIVE
13347,8817,Time Deposit,1328901486,2026-06-10,JKT01,ACTIVE
13348,4394,Savings,10832034,2026-06-27,SBY01,ACTIVE
13349,876,Savings,220962095,2027-12-29,YGY01,ACTIVE
13350,8858,Time Deposit,281172423,2026-11-17,MDN01,ACTIVE
13351,1180,Savings,36852026,2026-07-23,SBY01,ACTIVE
13352,1456,Savings,22372332,2027-10-09,JKT01,ACTIVE
13353,6441,Savings,30153125,2027-09-19,MDN01,ACTIVE
13354,5904,Time Deposit,514612568,2026-12-26,BDG01,ACTIVE
13355,7957,Savings,96743945,2027-12-10,YGY01,ACTIVE
13356,6502,Savings,21506394,2026-10-17,JKT02,ACTIVE
13357,1731,Time Deposit,572430351,2027-02-15,MDN01,ACTIVE
13358,5722,Savings,28965480,2027-08-19,BDG01,ACTIVE
13359,4533,Time Deposit,357678159,2026-07-26,JKT01,ACTIVE
13360,6318,Time Deposit,704094162,2026-08-05,SMG01,ACTIVE
13361,1043,Savings,52787372,2027-11-25,BDG01,ACTIVE
13362,6197,Savings,57231142,2027-10-02,JKT02,ACTIVE
13363,2689,Savings,99616099,2026-10-11,SBY01,ACTIVE
13364,772,Time Deposit,625817639,2026-09-30,SMG01,ACTIVE
13365,4022,Savings,84220286,2026-06-06,JKT01,ACTIVE
13366,6354,Savings,22313856,2026-08-18,BDG01,ACTIVE
13367,5027,Time Deposit,202862853,2026-09-03,JKT02,ACTIVE
13368,5957,Time Deposit,105453124,2027-01-01,MDN01,ACTIVE
13369,3129,Savings,16884157,2027-07-30,SBY01,ACTIVE
13370,2465,Savings,22211676,2027-03-23,SMG01,ACTIVE
13371,2403,Time Deposit,683152637,2027-02-10,MDN01,ACTIVE
13372,4017,Savings,17231569,2028-01-06,YGY01,ACTIVE
13373,5662,Savings,59662919,2027-01-09,SMG01,ACTIVE
13374,321,Savings,97418378,2027-08-22,SMG01,ACTIVE
13375,9664,Time Deposit,486265752,2026-12-02,YGY01,ACTIVE
13376,9576,Savings,41277465,2028-01-25,MDN01,ACTIVE
13377,6706,Time Deposit,876303103,2027-01-24,MDN01,ACTIVE
13378,8025,Time Deposit,375556411,2026-06-10,JKT01,ACTIVE
13379,3408,Savings,9562177,2027-08-31,JKT02,ACTIVE
13380,2876,Time Deposit,1514779267,2027-01-26,BDG01,ACTIVE
13381,1286,Savings,23125634,2028-02-27,YGY01,ACTIVE
13382,9063,Savings,28646661,2028-02-18,SBY01,ACTIVE
13383,670,Savings,28263916,2027-09-30,JKT02,ACTIVE
13384,3380,Savings,68276374,2027-03-03,JKT02,ACTIVE
13385,8377,Savings,39422762,2026-10-27,MDN01,ACTIVE
13386,9214,Savings,92791116,2027-12-15,MDN01,ACTIVE
13387,7696,Savings,10194960,2027-07-07,BDG01,ACTIVE
13388,424,Savings,11208153,2026-08-18,SBY01,ACTIVE
13389,6929,Savings,8324831,2028-01-09,BDG01,ACTIVE
13390,1159,Savings,30282269,2027-11-06,MDN01,ACTIVE
13391,7984,Time Deposit,425237545,2026-05-21,JKT01,ACTIVE
13392,7637,Time Deposit,465415594,2026-09-22,YGY01,ACTIVE
13393,4283,Savings,7410321,2026-06-09,SBY01,ACTIVE
13394,2699,Savings,28563340,2028-03-22,JKT01,ACTIVE
13395,9949,Savings,45737530,2026-12-09,JKT01,ACTIVE
13396,4631,Savings,149990304,2028-01-10,MDN01,ACTIVE
13397,6165,Savings,24465943,2027-10-26,BDG01,ACTIVE
13398,9302,Time Deposit,650418408,2026-07-22,YGY01,ACTIVE
13399,2077,Savings,246151895,2026-09-07,SBY01,ACTIVE
13400,7038,Savings,59417591,2026-12-19,MDN01,ACTIVE
13401,8584,Time Deposit,1604127803,2027-03-15,YGY01,ACTIVE
13402,3551,Time Deposit,251834753,2026-11-27,MDN01,ACTIVE
13403,5921,Savings,134824954,2028-01-29,SBY01,ACTIVE
13404,7652,Savings,27088307,2028-02-09,JKT02,ACTIVE
13405,2556,Time Deposit,1601731740,2027-02-03,JKT02,ACTIVE
13406,5320,Savings,67578550,2026-06-05,MDN01,ACTIVE
13407,7084,Time Deposit,478890118,2026-07-22,JKT02,ACTIVE
13408,4314,Savings,107887817,2027-03-07,MDN01,ACTIVE
13409,6721,Time Deposit,900068971,2027-02-10,BDG01,ACTIVE
13410,3118,Savings,57276427,2027-07-07,JKT02,ACTIVE
13411,9778,Savings,11994644,2027-01-04,JKT02,ACTIVE
13412,1235,Savings,12387359,2028-01-13,SBY01,ACTIVE
13413,3287,Savings,14120909,2027-05-14,SMG01,ACTIVE
13414,4817,Time Deposit,1362999128,2027-01-15,JKT01,ACTIVE
13415,2103,Time Deposit,239368935,2026-08-15,MDN01,ACTIVE
13416,3307,Time Deposit,677199401,2026-08-03,SBY01,ACTIVE
13417,4421,Savings,127312499,2027-05-31,MDN01,ACTIVE
13418,1897,Savings,21508271,2027-12-23,BDG01,ACTIVE
13419,9463,Time Deposit,752289651,2026-04-11,SBY01,ACTIVE
13420,6158,Time Deposit,347131196,2026-06-02,BDG01,ACTIVE
13421,4786,Savings,123054911,2026-05-12,JKT01,ACTIVE
13422,2256,Time Deposit,192068184,2026-05-17,BDG01,ACTIVE
13423,1074,Savings,6812885,2027-03-01,SBY01,ACTIVE
13424,929,Savings,24368623,2027-09-17,MDN01,ACTIVE
13425,8494,Time Deposit,866007616,2026-11-03,BDG01,ACTIVE
13426,437,Time Deposit,267629360,2026-05-31,BDG01,ACTIVE
13427,3085,Savings,150171747,2027-11-22,BDG01,ACTIVE
13428,8397,Time Deposit,1520222212,2027-03-18,MDN01,ACTIVE
13429,9185,Savings,44951531,2027-07-25,MDN01,ACTIVE
13430,1055,Time Deposit,1355419387,2026-06-25,JKT02,ACTIVE
13431,3121,Savings,7133150,2027-06-23,MDN01,ACTIVE
13432,554,Time Deposit,1169445937,2026-10-13,SBY01,ACTIVE
13433,6069,Time Deposit,900966745,2026-08-23,JKT01,ACTIVE
13434,8248,Savings,16537945,2027-01-23,JKT01,ACTIVE
13435,3173,Time Deposit,445781855,2026-12-07,SBY01,ACTIVE
13436,721,Savings,14258204,2027-04-15,YGY01,ACTIVE
13437,48,Time Deposit,398251844,2026-08-09,SBY01,ACTIVE
13438,9176,Savings,34023275,2026-11-13,MDN01,ACTIVE
13439,2425,Time Deposit,1213990517,2026-07-05,BDG01,ACTIVE
13440,7924,Savings,236443570,2026-10-11,YGY01,ACTIVE
13441,6921,Savings,41170810,2026-06-11,SBY01,ACTIVE
13442,8518,Savings,124003526,2027-04-25,JKT02,ACTIVE
13443,1916,Time Deposit,433585835,2026-11-19,SBY01,ACTIVE
13444,5492,Time Deposit,146665211,2026-06-09,SBY01,ACTIVE
13445,9397,Time Deposit,1404494555,2027-02-20,JKT02,ACTIVE
13446,8957,Savings,59910231,2027-11-14,SMG01,ACTIVE
13447,9766,Time Deposit,345799361,2026-09-29,MDN01,ACTIVE
13448,228,Savings,88375241,2027-08-19,BDG01,ACTIVE
13449,8945,Savings,9494778,2027-01-13,BDG01,ACTIVE
13450,5537,Savings,13441211,2028-02-11,SBY01,ACTIVE
13451,1093,Time Deposit,341686445,2027-02-18,BDG01,ACTIVE
13452,5608,Time Deposit,775695722,2027-02-05,SMG01,ACTIVE
13453,2539,Savings,34162054,2027-08-31,MDN01,ACTIVE
13454,8224,Time Deposit,801549862,2026-09-13,MDN01,ACTIVE
13455,3428,Savings,10225839,2027-04-21,SMG01,ACTIVE
13456,5115,Savings,14454516,2027-08-30,JKT02,ACTIVE
13457,7646,Time Deposit,426293481,2026-09-01,YGY01,ACTIVE
13458,8961,Savings,133516270,2027-05-03,MDN01,ACTIVE
13459,3104,Time Deposit,1553669220,2027-01-26,BDG01,ACTIVE
13460,9672,Savings,27058571,2026-05-03,JKT02,ACTIVE
13461,3693,Savings,15117562,2027-09-15,JKT01,ACTIVE
13462,4918,Savings,16295510,2027-07-15,SBY01,ACTIVE
13463,2745,Time Deposit,596724194,2026-09-25,YGY01,ACTIVE
13464,8102,Savings,31711850,2027-04-22,SBY01,ACTIVE
13465,4726,Time Deposit,478348943,2027-02-02,MDN01,ACTIVE
13466,4385,Savings,31765353,2027-03-03,YGY01,ACTIVE
13467,5168,Time Deposit,1279579417,2026-05-19,SMG01,ACTIVE
13468,608,Time Deposit,749995088,2026-08-13,BDG01,ACTIVE
13469,8869,Savings,10133041,2027-04-03,SBY01,ACTIVE
13470,6028,Time Deposit,201349230,2027-02-17,MDN01,ACTIVE
13471,746,Savings,44473615,2026-08-02,SMG01,ACTIVE
13472,3045,Time Deposit,847189214,2026-05-06,YGY01,ACTIVE
13473,7916,Savings,14808834,2026-05-07,SMG01,ACTIVE
13474,7142,Time Deposit,905019770,2027-01-06,YGY01,ACTIVE
13475,3420,Time Deposit,876707843,2026-07-08,MDN01,ACTIVE
13476,8350,Time Deposit,702543910,2027-01-25,JKT02,ACTIVE
13477,650,Savings,17032696,2027-11-30,MDN01,ACTIVE
13478,7683,Time Deposit,545141757,2026-04-09,SMG01,ACTIVE
13479,2912,Savings,73353009,2028-02-29,SMG01,ACTIVE
13480,5763,Savings,3229122,2027-09-30,BDG01,ACTIVE
13481,7939,Savings,36304095,2028-01-14,SBY01,ACTIVE
13482,2431,Savings,12797067,2027-05-15,SMG01,ACTIVE
13483,9748,Savings,13430651,2027-05-10,MDN01,ACTIVE
13484,2642,Savings,11673558,2027-10-30,JKT02,ACTIVE
13485,4927,Time Deposit,721596647,2026-12-29,MDN01,ACTIVE
13486,2121,Time Deposit,941577367,2026-10-12,JKT02,ACTIVE
13487,418,Time Deposit,429100098,2026-07-17,SBY01,ACTIVE
13488,3178,Savings,54844871,2026-05-05,SBY01,ACTIVE
13489,1881,Time Deposit,310061299,2026-09-28,MDN01,ACTIVE
13490,5718,Savings,23702444,2027-08-20,JKT02,ACTIVE
13491,3490,Time Deposit,542894545,2026-05-15,MDN01,ACTIVE
13492,9270,Time Deposit,324226862,2026-11-16,SMG01,ACTIVE
13493,8647,Savings,15101792,2026-05-02,SBY01,ACTIVE
13494,7487,Time Deposit,547944081,2026-08-29,JKT02,ACTIVE
13495,838,Time Deposit,1033722805,2026-05-07,BDG01,ACTIVE
13496,4599,Savings,131015698,2027-12-28,BDG01,ACTIVE
13497,195,Savings,12288191,2027-06-09,MDN01,ACTIVE
13498,4104,Savings,76750439,2027-06-06,JKT01,ACTIVE
13499,8929,Savings,47308408,2027-12-18,SMG01,ACTIVE
13500,9008,Savings,48973542,2027-06-17,MDN01,ACTIVE
13501,6446,Time Deposit,1385936803,2026-06-29,BDG01,ACTIVE
13502,2623,Savings,27307458,2026-05-28,SMG01,ACTIVE
13503,9022,Savings,173257615,2027-07-20,YGY01,ACTIVE
13504,3779,Savings,10744171,2028-01-09,BDG01,ACTIVE
13505,7552,Time Deposit,403539603,2026-11-07,SBY01,ACTIVE
13506,3952,Savings,80345986,2027-02-06,MDN01,ACTIVE
13507,6921,Time Deposit,1012490433,2026-06-23,BDG01,ACTIVE
13508,2556,Time Deposit,1647803402,2026-10-22,BDG01,ACTIVE
13509,9826,Savings,13873350,2027-12-01,SBY01,ACTIVE
13510,2023,Time Deposit,828012085,2026-11-11,JKT02,ACTIVE
13511,4631,Time Deposit,900081814,2026-08-10,SBY01,ACTIVE
13512,5204,Time Deposit,191037547,2027-02-04,YGY01,ACTIVE
13513,3442,Time Deposit,1020671546,2026-11-02,JKT01,ACTIVE
13514,1510,Savings,10093270,2028-02-27,SMG01,ACTIVE
13515,9548,Savings,97171158,2026-07-06,JKT02,ACTIVE
13516,5662,Time Deposit,1034275314,2026-09-22,JKT02,ACTIVE
13517,108,Savings,28135115,2026-11-29,BDG01,ACTIVE
13518,7820,Savings,42733446,2026-06-04,BDG01,ACTIVE
13519,3454,Savings,76301534,2027-09-23,MDN01,ACTIVE
13520,6465,Savings,50503029,2027-08-13,BDG01,ACTIVE
13521,1536,Savings,99807009,2028-03-07,YGY01,ACTIVE
13522,3050,Time Deposit,448804385,2026-12-23,JKT01,ACTIVE
13523,2074,Savings,3303326,2026-06-06,JKT02,ACTIVE
13524,108,Savings,13971149,2026-10-26,MDN01,ACTIVE
13525,6371,Time Deposit,1667008613,2026-07-31,JKT01,ACTIVE
13526,8002,Time Deposit,491994903,2026-05-10,JKT01,ACTIVE
13527,9221,Time Deposit,1011906427,2026-11-01,SBY01,ACTIVE
13528,3505,Savings,42062983,2027-02-11,JKT02,ACTIVE
13529,68,Savings,59937505,2026-07-16,BDG01,ACTIVE
13530,3660,Savings,92212110,2027-09-29,SMG01,ACTIVE
13531,3111,Savings,43279052,2027-10-18,JKT01,ACTIVE
13532,6194,Savings,24547650,2026-07-18,BDG01,ACTIVE
13533,1033,Time Deposit,612883669,2027-03-02,JKT02,ACTIVE
13534,8656,Savings,10324509,2027-12-18,MDN01,ACTIVE
13535,7660,Savings,18148183,2027-01-11,JKT02,ACTIVE
13536,8298,Savings,21844365,2027-05-14,MDN01,ACTIVE
13537,4014,Time Deposit,950154207,2026-04-12,BDG01,ACTIVE
13538,8764,Savings,23782971,2026-06-13,MDN01,ACTIVE
13539,8363,Time Deposit,1005468503,2026-10-04,MDN01,ACTIVE
13540,7508,Savings,126373307,2027-04-28,JKT02,ACTIVE
13541,2,Savings,145683827,2027-02-15,SBY01,ACTIVE
13542,9513,Savings,134349133,2027-08-04,YGY01,ACTIVE
13543,3971,Savings,16257912,2026-11-22,BDG01,ACTIVE
13544,9022,Time Deposit,792107167,2027-02-22,JKT01,ACTIVE
13545,2654,Savings,34629872,2026-08-07,SBY01,ACTIVE
13546,8752,Time Deposit,795203707,2027-01-31,SBY01,ACTIVE
13547,440,Savings,12689921,2028-02-27,SMG01,ACTIVE
13548,2566,Savings,113938306,2026-11-24,YGY01,ACTIVE
13549,5170,Time Deposit,1060654703,2026-07-08,SBY01,ACTIVE
13550,6662,Savings,34219246,2027-06-17,JKT01,ACTIVE
13551,3045,Time Deposit,1557961190,2026-10-29,SMG01,ACTIVE
13552,5302,Savings,65520924,2026-06-17,JKT02,ACTIVE
13553,5385,Time Deposit,525228252,2026-10-02,BDG01,ACTIVE
13554,513,Time Deposit,875273198,2026-06-18,SMG01,ACTIVE
13555,3411,Savings,13382158,2026-09-30,SBY01,ACTIVE
13556,3422,Time Deposit,900841511,2026-05-08,SMG01,ACTIVE
13557,5932,Savings,20792535,2026-05-22,JKT02,ACTIVE
13558,2401,Savings,47456253,2026-06-04,SMG01,ACTIVE
13559,7033,Savings,32415658,2026-08-23,SMG01,ACTIVE
13560,7982,Savings,114932088,2026-07-12,MDN01,ACTIVE
13561,1567,Savings,67131929,2027-06-10,JKT01,ACTIVE
13562,6727,Savings,2949781,2027-07-04,YGY01,ACTIVE
13563,4809,Savings,11889659,2028-02-26,JKT02,ACTIVE
13564,2023,Savings,174283018,2026-09-25,SMG01,ACTIVE
13565,1882,Savings,45864551,2027-12-18,SBY01,ACTIVE
13566,866,Savings,69443169,2027-06-20,MDN01,ACTIVE
13567,7351,Savings,62723278,2026-09-15,BDG01,ACTIVE
13568,3207,Time Deposit,912928518,2026-12-27,JKT02,ACTIVE
13569,7218,Savings,68542282,2026-10-09,SBY01,ACTIVE
13570,6257,Savings,18463276,2027-07-31,YGY01,ACTIVE
13571,6808,Savings,78045057,2027-09-04,JKT01,ACTIVE
13572,4260,Time Deposit,165199161,2026-08-10,MDN01,ACTIVE
13573,5119,Time Deposit,781268540,2026-06-29,MDN01,ACTIVE
13574,2229,Time Deposit,217149908,2026-10-27,SMG01,ACTIVE
13575,5381,Time Deposit,1162518104,2027-01-30,BDG01,ACTIVE
13576,5293,Time Deposit,484479176,2026-11-07,BDG01,ACTIVE
13577,4823,Savings,112926916,2026-12-20,BDG01,ACTIVE
13578,9762,Savings,43374076,2027-05-25,JKT02,ACTIVE
13579,3408,Savings,13637679,2027-08-15,SMG01,ACTIVE
13580,5031,Savings,8816776,2027-07-15,MDN01,ACTIVE
13581,6854,Time Deposit,373933917,2027-01-14,SMG01,ACTIVE
13582,7758,Time Deposit,880714119,2026-07-27,BDG01,ACTIVE
13583,2850,Savings,196231930,2026-12-01,BDG01,ACTIVE
13584,1743,Time Deposit,751612796,2027-03-23,MDN01,ACTIVE
13585,5754,Savings,20989283,2026-07-12,JKT01,ACTIVE
13586,1920,Time Deposit,1011674678,2026-10-14,YGY01,ACTIVE
13587,3531,Time Deposit,445488057,2027-03-14,BDG01,ACTIVE
13588,4326,Time Deposit,1292969146,2026-05-13,SMG01,ACTIVE
13589,6516,Savings,18616507,2026-10-07,SBY01,ACTIVE
13590,9190,Savings,27825270,2026-09-23,YGY01,ACTIVE
13591,9602,Time Deposit,453837317,2026-05-19,JKT02,ACTIVE
13592,2482,Savings,51546166,2027-01-02,JKT01,ACTIVE
13593,4854,Savings,77814463,2027-07-20,JKT02,ACTIVE
13594,7268,Time Deposit,459865185,2027-01-11,JKT01,ACTIVE
13595,9641,Savings,122826350,2026-12-15,JKT01,ACTIVE
13596,6050,Savings,188322763,2027-04-19,SBY01,ACTIVE
13597,917,Time Deposit,1562622205,2026-08-03,SBY01,ACTIVE
13598,5262,Time Deposit,754530536,2026-10-27,BDG01,ACTIVE
13599,1592,Savings,157639279,2027-03-30,BDG01,ACTIVE
13600,6296,Savings,26575267,2026-09-27,MDN01,ACTIVE
13601,8281,Savings,64784259,2026-09-26,MDN01,ACTIVE
13602,8063,Time Deposit,865305350,2027-01-27,SMG01,ACTIVE
13603,1967,Savings,15162040,2026-06-24,MDN01,ACTIVE
13604,1207,Savings,61365227,2026-05-03,JKT02,ACTIVE
13605,7690,Time Deposit,1193361815,2026-08-25,SMG01,ACTIVE
13606,5968,Time Deposit,768586552,2026-11-01,MDN01,ACTIVE
13607,359,Savings,22595525,2026-11-12,JKT01,ACTIVE
13608,4828,Time Deposit,837980827,2026-07-23,SMG01,ACTIVE
13609,5013,Time Deposit,378933888,2026-10-11,MDN01,ACTIVE
13610,4898,Savings,78792819,2026-12-31,SBY01,ACTIVE
13611,8883,Savings,9046458,2027-09-25,SMG01,ACTIVE
13612,6032,Savings,28622205,2027-10-08,SBY01,ACTIVE
13613,4365,Savings,80618864,2026-05-14,SBY01,ACTIVE
13614,3353,Savings,195127689,2027-07-22,BDG01,ACTIVE
13615,1863,Time Deposit,978895268,2026-09-26,MDN01,ACTIVE
13616,6174,Savings,29434365,2026-12-05,BDG01,ACTIVE
13617,6058,Savings,105426529,2026-10-21,MDN01,ACTIVE
13618,8871,Savings,10185894,2028-03-09,YGY01,ACTIVE
13619,4677,Savings,39219496,2027-09-15,SBY01,ACTIVE
13620,2345,Savings,13103060,2028-01-01,SBY01,ACTIVE
13621,4023,Savings,211806174,2026-10-10,JKT01,ACTIVE
13622,1913,Time Deposit,1113557942,2026-05-19,SMG01,ACTIVE
13623,9195,Time Deposit,405640412,2027-03-16,SBY01,ACTIVE
13624,232,Savings,218521059,2027-06-05,YGY01,ACTIVE
13625,9646,Savings,25909697,2026-07-16,JKT01,ACTIVE
13626,4810,Time Deposit,347928739,2026-04-26,JKT02,ACTIVE
13627,7659,Time Deposit,559851027,2026-09-21,YGY01,ACTIVE
13628,5945,Savings,67738411,2027-02-11,SBY01,ACTIVE
13629,1079,Savings,15146151,2027-02-27,JKT02,ACTIVE
13630,7960,Time Deposit,668064842,2026-08-23,JKT01,ACTIVE
13631,8976,Savings,84316178,2027-10-21,YGY01,ACTIVE
13632,5264,Time Deposit,205839398,2026-08-15,MDN01,ACTIVE
13633,114,Savings,196805236,2026-06-01,JKT01,ACTIVE
13634,1307,Savings,36723513,2027-04-04,SMG01,ACTIVE
13635,1750,Savings,73877478,2026-07-06,SBY01,ACTIVE
13636,8214,Time Deposit,476368684,2027-02-12,JKT01,ACTIVE
13637,3466,Time Deposit,1874681520,2026-08-25,SMG01,ACTIVE
13638,87,Savings,228102365,2026-08-20,JKT01,ACTIVE
13639,4903,Time Deposit,331149513,2026-10-18,BDG01,ACTIVE
13640,9229,Savings,32146752,2027-11-22,SBY01,ACTIVE
13641,4847,Savings,85658183,2027-02-07,MDN01,ACTIVE
13642,8727,Savings,20819382,2026-08-25,BDG01,ACTIVE
13643,4720,Savings,98164422,2027-12-16,SMG01,ACTIVE
13644,6175,Time Deposit,838560828,2026-10-13,SMG01,ACTIVE
13645,6997,Savings,94102946,2027-05-27,JKT01,ACTIVE
13646,2747,Time Deposit,645098997,2026-07-10,SBY01,ACTIVE
13647,8821,Savings,162663130,2027-11-18,YGY01,ACTIVE
13648,249,Time Deposit,870263128,2026-05-30,SMG01,ACTIVE
13649,5575,Savings,17449642,2026-06-09,JKT01,ACTIVE
13650,557,Savings,15129246,2026-09-27,JKT01,ACTIVE
13651,1740,Time Deposit,1361619003,2026-12-25,JKT01,ACTIVE
13652,6194,Time Deposit,529199532,2026-10-06,YGY01,ACTIVE
13653,818,Savings,101667029,2027-10-05,SMG01,ACTIVE
13654,6700,Time Deposit,1149243089,2027-01-12,JKT01,ACTIVE
13655,8147,Time Deposit,287205723,2026-06-04,SMG01,ACTIVE
13656,8305,Savings,160819183,2026-10-31,JKT01,ACTIVE
13657,2992,Time Deposit,762753392,2026-06-10,JKT01,ACTIVE
13658,6196,Savings,16838049,2026-12-28,MDN01,ACTIVE
13659,4087,Savings,12068455,2027-11-25,YGY01,ACTIVE
13660,8949,Savings,10541936,2026-10-20,JKT01,ACTIVE
13661,744,Savings,35099324,2027-07-22,SBY01,ACTIVE
13662,2754,Savings,13174436,2026-07-18,JKT02,ACTIVE
13663,8060,Savings,108885158,2026-08-18,YGY01,ACTIVE
13664,1798,Savings,33846839,2026-12-07,SMG01,ACTIVE
13665,4406,Savings,35460385,2027-12-13,JKT01,ACTIVE
13666,3864,Savings,38001459,2026-07-08,SMG01,ACTIVE
13667,1632,Time Deposit,305369162,2026-08-16,SBY01,ACTIVE
13668,1905,Savings,204080983,2026-08-23,JKT02,ACTIVE
13669,2389,Time Deposit,248794032,2026-10-17,SMG01,ACTIVE
13670,7835,Time Deposit,938457049,2026-07-03,BDG01,ACTIVE
13671,8944,Time Deposit,412588507,2026-04-12,JKT02,ACTIVE
13672,542,Savings,35789220,2027-10-05,MDN01,ACTIVE
13673,9958,Time Deposit,1025080469,2027-03-22,JKT02,ACTIVE
13674,7280,Time Deposit,1640555439,2026-04-20,JKT01,ACTIVE
13675,619,Savings,209592306,2026-07-29,SBY01,ACTIVE
13676,5777,Savings,72768959,2027-11-05,JKT02,ACTIVE
13677,4330,Savings,9515654,2026-07-26,JKT02,ACTIVE
13678,735,Savings,38304174,2026-12-15,JKT01,ACTIVE
13679,7321,Time Deposit,205899526,2027-01-07,YGY01,ACTIVE
13680,5017,Savings,139587701,2027-05-12,BDG01,ACTIVE
13681,3076,Time Deposit,1776019093,2026-06-24,SBY01,ACTIVE
13682,1421,Savings,167265622,2027-05-30,SBY01,ACTIVE
13683,7753,Time Deposit,403899690,2026-12-29,JKT02,ACTIVE
13684,6412,Savings,207831363,2026-08-27,JKT02,ACTIVE
13685,9176,Savings,16071812,2026-12-05,MDN01,ACTIVE
13686,9245,Savings,10095479,2028-02-07,YGY01,ACTIVE
13687,3416,Time Deposit,793467769,2026-12-31,JKT01,ACTIVE
13688,1951,Savings,77289938,2026-04-26,YGY01,ACTIVE
13689,3107,Savings,15060083,2028-02-09,SBY01,ACTIVE
13690,3659,Time Deposit,607634721,2026-07-11,SMG01,ACTIVE
13691,4013,Time Deposit,604422416,2027-03-18,JKT02,ACTIVE
13692,3271,Savings,83611977,2026-07-01,JKT02,ACTIVE
13693,5977,Savings,47977794,2028-01-29,JKT01,ACTIVE
13694,5812,Time Deposit,819086844,2026-08-03,MDN01,ACTIVE
13695,3457,Time Deposit,1474490263,2026-04-26,JKT02,ACTIVE
13696,3277,Time Deposit,813367170,2026-04-23,SBY01,ACTIVE
13697,7925,Savings,67797783,2027-11-01,MDN01,ACTIVE
13698,6366,Savings,192128090,2026-08-26,JKT02,ACTIVE
13699,6718,Time Deposit,540789985,2027-03-08,JKT01,ACTIVE
13700,5592,Savings,73790463,2026-11-09,SMG01,ACTIVE
13701,7646,Savings,27974619,2027-09-14,JKT02,ACTIVE
13702,4784,Savings,54619751,2026-08-30,SBY01,ACTIVE
13703,6235,Savings,40682923,2028-01-20,SBY01,ACTIVE
13704,5998,Time Deposit,1457162364,2026-08-17,BDG01,ACTIVE
13705,7173,Savings,32646565,2027-02-17,JKT02,ACTIVE
13706,3770,Time Deposit,290044333,2027-02-22,YGY01,ACTIVE
13707,4454,Savings,28249815,2027-11-24,JKT02,ACTIVE
13708,4889,Time Deposit,931882194,2026-09-30,SMG01,ACTIVE
13709,3509,Savings,81309834,2026-11-07,JKT02,ACTIVE
13710,146,Time Deposit,1098433186,2027-02-06,SMG01,ACTIVE
13711,3361,Savings,28689967,2027-08-11,JKT02,ACTIVE
13712,9588,Time Deposit,866696414,2026-05-30,SMG01,ACTIVE
13713,578,Time Deposit,1609876766,2026-12-25,YGY01,ACTIVE
13714,8276,Savings,150176861,2026-04-25,BDG01,ACTIVE
13715,987,Savings,32628071,2028-01-16,SMG01,ACTIVE
13716,6511,Savings,124777235,2027-11-17,BDG01,ACTIVE
13717,9937,Time Deposit,679605723,2027-01-25,SMG01,ACTIVE
13718,7875,Time Deposit,588297615,2026-06-01,SBY01,ACTIVE
13719,6531,Time Deposit,1314014565,2026-06-22,MDN01,ACTIVE
13720,2116,Savings,26535778,2026-05-05,JKT02,ACTIVE
13721,9612,Time Deposit,740029781,2026-04-10,MDN01,ACTIVE
13722,6367,Time Deposit,690409090,2027-02-25,JKT01,ACTIVE
13723,5931,Time Deposit,846436287,2026-09-08,JKT02,ACTIVE
13724,961,Savings,39870706,2026-11-05,JKT02,ACTIVE
13725,4431,Savings,33029069,2027-08-15,SMG01,ACTIVE
13726,5984,Time Deposit,1156832166,2026-09-07,SMG01,ACTIVE
13727,9691,Savings,8831504,2026-12-17,BDG01,ACTIVE
13728,633,Savings,39264657,2026-11-26,BDG01,ACTIVE
13729,656,Savings,9286640,2026-06-01,JKT01,ACTIVE
13730,9736,Savings,12707010,2026-11-07,BDG01,ACTIVE
13731,9884,Savings,21796376,2027-08-16,YGY01,ACTIVE
13732,9424,Time Deposit,1281023529,2026-11-30,JKT01,ACTIVE
13733,2594,Savings,25999078,2028-03-14,YGY01,ACTIVE
13734,8032,Savings,27257936,2026-08-15,SMG01,ACTIVE
13735,171,Savings,61460260,2027-01-28,JKT02,ACTIVE
13736,2404,Savings,4335908,2028-02-15,YGY01,ACTIVE
13737,7476,Savings,24154896,2027-07-31,SBY01,ACTIVE
13738,7011,Time Deposit,1423719148,2026-10-08,BDG01,ACTIVE
13739,1153,Time Deposit,723486836,2026-11-21,YGY01,ACTIVE
13740,7122,Savings,91178048,2026-10-29,YGY01,ACTIVE
13741,7202,Savings,95806767,2027-07-07,SMG01,ACTIVE
13742,7250,Savings,47028888,2027-03-31,YGY01,ACTIVE
13743,2382,Savings,11749629,2027-12-29,BDG01,ACTIVE
13744,5776,Savings,35944379,2028-03-04,MDN01,ACTIVE
13745,5168,Savings,228190372,2027-02-10,SBY01,ACTIVE
13746,3482,Savings,41772168,2026-07-27,SMG01,ACTIVE
13747,8614,Time Deposit,1006774131,2026-09-01,SBY01,ACTIVE
13748,2124,Time Deposit,146494878,2027-01-28,SMG01,ACTIVE
13749,2702,Savings,38294292,2027-01-23,JKT01,ACTIVE
13750,1685,Time Deposit,421527506,2026-05-06,SMG01,ACTIVE
13751,9516,Savings,59304420,2027-01-30,BDG01,ACTIVE
13752,2756,Time Deposit,605326028,2027-03-22,YGY01,ACTIVE
13753,8703,Savings,27130740,2027-11-18,YGY01,ACTIVE
13754,5111,Savings,175721088,2026-05-07,JKT01,ACTIVE
13755,6224,Savings,13549014,2028-02-29,YGY01,ACTIVE
13756,19,Savings,46643925,2027-04-11,JKT02,ACTIVE
13757,7980,Time Deposit,446689872,2026-12-21,JKT02,ACTIVE
13758,263,Savings,159692897,2026-05-29,SMG01,ACTIVE
13759,6921,Time Deposit,676915557,2027-01-04,BDG01,ACTIVE
13760,7167,Savings,29610573,2027-04-01,YGY01,ACTIVE
13761,3490,Time Deposit,1378854827,2026-08-09,MDN01,ACTIVE
13762,9755,Savings,191761242,2028-03-07,JKT02,ACTIVE
13763,8673,Savings,83995792,2026-10-21,SBY01,ACTIVE
13764,5638,Time Deposit,1257935938,2026-10-01,SBY01,ACTIVE
13765,4539,Savings,19086473,2027-07-28,JKT02,ACTIVE
13766,1768,Time Deposit,271131184,2027-01-08,SMG01,ACTIVE
13767,2863,Savings,120910378,2027-06-02,YGY01,ACTIVE
13768,4830,Time Deposit,110881265,2027-03-11,MDN01,ACTIVE
13769,7335,Time Deposit,146666425,2027-03-15,MDN01,ACTIVE
13770,1059,Time Deposit,402077712,2026-09-01,MDN01,ACTIVE
13771,8782,Savings,110374175,2028-02-25,JKT02,ACTIVE
13772,6692,Savings,30654991,2028-01-24,BDG01,ACTIVE
13773,7215,Time Deposit,763886771,2026-09-06,SBY01,ACTIVE
13774,9763,Savings,154857897,2026-06-18,YGY01,ACTIVE
13775,4970,Savings,38865585,2027-06-26,BDG01,ACTIVE
13776,3512,Time Deposit,963647328,2026-07-31,MDN01,ACTIVE
13777,4873,Savings,6531160,2027-04-10,BDG01,ACTIVE
13778,3921,Savings,35049008,2028-03-08,YGY01,ACTIVE
13779,202,Time Deposit,369704848,2026-08-14,JKT02,ACTIVE
13780,7290,Time Deposit,107894972,2026-08-02,JKT02,ACTIVE
13781,7530,Savings,12171936,2026-09-08,JKT01,ACTIVE
13782,8025,Savings,22105653,2027-10-14,JKT01,ACTIVE
13783,2729,Savings,22210872,2027-12-31,BDG01,ACTIVE
13784,9585,Savings,23640577,2027-08-31,SBY01,ACTIVE
13785,5499,Time Deposit,1404120699,2026-04-17,JKT01,ACTIVE
13786,9521,Savings,125368707,2027-12-07,SMG01,ACTIVE
13787,2270,Time Deposit,578179702,2026-12-24,MDN01,ACTIVE
13788,2382,Savings,21114905,2027-03-23,BDG01,ACTIVE
13789,8831,Savings,7479951,2026-07-06,YGY01,ACTIVE
13790,2711,Time Deposit,1327633522,2026-10-23,SMG01,ACTIVE
13791,208,Savings,24435283,2026-09-02,JKT02,ACTIVE
13792,4190,Savings,66508784,2026-10-23,SMG01,ACTIVE
13793,4084,Time Deposit,900813910,2027-01-09,MDN01,ACTIVE
13794,2520,Time Deposit,501980978,2026-06-15,JKT01,ACTIVE
13795,2412,Savings,18268664,2027-08-19,BDG01,ACTIVE
13796,9079,Time Deposit,443360456,2026-07-10,SBY01,ACTIVE
13797,1151,Savings,74896655,2026-10-19,SBY01,ACTIVE
13798,5543,Savings,109615012,2026-09-03,SMG01,ACTIVE
13799,6913,Time Deposit,935612946,2026-06-17,JKT02,ACTIVE
13800,4210,Time Deposit,385472801,2027-01-05,YGY01,ACTIVE
13801,6010,Savings,113736464,2027-07-19,YGY01,ACTIVE
13802,2341,Savings,30689897,2027-06-02,SMG01,ACTIVE
13803,1404,Savings,36977799,2026-08-26,JKT01,ACTIVE
13804,9253,Savings,28087333,2026-05-10,JKT01,ACTIVE
13805,4934,Savings,71655871,2027-03-15,MDN01,ACTIVE
13806,3031,Savings,196727122,2027-02-03,BDG01,ACTIVE
13807,8285,Time Deposit,551225932,2027-03-13,JKT01,ACTIVE
13808,7065,Savings,74834716,2027-09-12,SMG01,ACTIVE
13809,3335,Savings,20911859,2026-05-31,BDG01,ACTIVE
13810,5828,Savings,86677649,2028-03-23,BDG01,ACTIVE
13811,8095,Savings,167249474,2027-11-10,SMG01,ACTIVE
13812,9779,Savings,2822587,2027-12-22,JKT02,ACTIVE
13813,1832,Savings,48621309,2027-06-28,JKT02,ACTIVE
13814,9430,Time Deposit,741862200,2026-12-19,SMG01,ACTIVE
13815,2417,Time Deposit,276681057,2026-12-21,SMG01,ACTIVE
13816,253,Savings,14535173,2027-03-10,YGY01,ACTIVE
13817,9604,Time Deposit,396294783,2027-02-26,MDN01,ACTIVE
13818,7919,Savings,9049121,2027-05-14,MDN01,ACTIVE
13819,84,Savings,67936052,2027-03-10,YGY01,ACTIVE
13820,4471,Savings,15055703,2027-06-09,JKT01,ACTIVE
13821,1801,Savings,36817823,2026-12-21,JKT01,ACTIVE
13822,5658,Savings,30566335,2028-03-12,MDN01,ACTIVE
13823,3054,Savings,12745094,2028-03-17,BDG01,ACTIVE
13824,8268,Savings,92635654,2026-05-14,JKT02,ACTIVE
13825,971,Savings,8288648,2027-08-14,BDG01,ACTIVE
13826,1592,Time Deposit,940466290,2026-09-04,YGY01,ACTIVE
13827,7305,Savings,28237339,2026-12-02,JKT01,ACTIVE
13828,6864,Savings,12051375,2027-08-18,JKT01,ACTIVE
13829,6318,Savings,132830404,2026-06-04,SBY01,ACTIVE
13830,1519,Savings,44643767,2026-10-22,SMG01,ACTIVE
13831,8054,Savings,11887207,2027-12-12,JKT02,ACTIVE
13832,1273,Savings,43768730,2027-09-29,SBY01,ACTIVE
13833,6646,Savings,63709583,2026-09-16,JKT02,ACTIVE
13834,8445,Savings,203841779,2026-06-12,YGY01,ACTIVE
13835,4929,Savings,27673225,2028-01-03,JKT01,ACTIVE
13836,8507,Time Deposit,835414624,2027-02-17,JKT02,ACTIVE
13837,1445,Savings,24893146,2026-11-21,MDN01,ACTIVE
13838,4710,Savings,35909859,2027-11-18,MDN01,ACTIVE
13839,6281,Savings,109543499,2027-06-21,SMG01,ACTIVE
13840,4892,Savings,26548745,2027-10-13,MDN01,ACTIVE
13841,5282,Savings,33314793,2026-09-23,SBY01,ACTIVE
13842,2599,Savings,107266841,2027-07-08,SMG01,ACTIVE
13843,9092,Savings,37190553,2027-10-07,JKT01,ACTIVE
13844,1611,Savings,37747468,2027-12-11,JKT02,ACTIVE
13845,5050,Savings,25047479,2027-08-30,BDG01,ACTIVE
13846,6265,Savings,99329299,2027-09-21,BDG01,ACTIVE
13847,8114,Savings,96905836,2027-09-07,JKT01,ACTIVE
13848,224,Savings,7606491,2027-12-06,JKT02,ACTIVE
13849,203,Savings,5008923,2027-10-25,BDG01,ACTIVE
13850,7177,Savings,29534502,2027-08-22,SMG01,ACTIVE
13851,3918,Savings,98189406,2027-01-06,SBY01,ACTIVE
13852,8058,Time Deposit,1031620945,2026-07-12,MDN01,ACTIVE
13853,469,Savings,15466920,2028-03-18,SMG01,ACTIVE
13854,9183,Time Deposit,783825736,2027-03-20,JKT02,ACTIVE
13855,4030,Savings,14767873,2026-11-21,YGY01,ACTIVE
13856,311,Savings,44787331,2026-11-20,YGY01,ACTIVE
13857,846,Savings,94876267,2026-06-07,SMG01,ACTIVE
13858,7773,Savings,84939445,2026-06-08,BDG01,ACTIVE
13859,7334,Savings,10521728,2027-03-27,BDG01,ACTIVE
13860,5380,Time Deposit,468721319,2026-05-05,YGY01,ACTIVE
13861,6233,Time Deposit,669434532,2026-06-14,JKT01,ACTIVE
13862,9675,Savings,18128035,2026-12-02,BDG01,ACTIVE
13863,1322,Time Deposit,630712290,2027-01-31,JKT02,ACTIVE
13864,4070,Time Deposit,1325794500,2026-11-24,BDG01,ACTIVE
13865,3022,Time Deposit,703096000,2026-10-24,BDG01,ACTIVE
13866,875,Savings,75217198,2027-03-03,JKT02,ACTIVE
13867,361,Savings,83795407,2026-07-05,MDN01,ACTIVE
13868,2124,Savings,21723611,2026-06-04,BDG01,ACTIVE
13869,4407,Savings,108625602,2027-08-08,SMG01,ACTIVE
13870,9035,Savings,22943607,2027-05-07,JKT02,ACTIVE
13871,8125,Savings,72954481,2026-10-17,JKT01,ACTIVE
13872,6559,Time Deposit,1553868233,2026-12-04,MDN01,ACTIVE
13873,1450,Savings,53782410,2027-06-05,SMG01,ACTIVE
13874,6552,Savings,16118161,2027-06-25,SMG01,ACTIVE
13875,4641,Savings,40011787,2027-01-30,BDG01,ACTIVE
13876,2454,Time Deposit,162208888,2026-10-02,BDG01,ACTIVE
13877,1380,Savings,189346672,2026-10-30,BDG01,ACTIVE
13878,6608,Savings,37285408,2028-03-11,YGY01,ACTIVE
13879,4625,Time Deposit,1483688909,2026-08-03,JKT02,ACTIVE
13880,6792,Savings,13191217,2026-05-21,SMG01,ACTIVE
13881,283,Savings,18937322,2027-01-26,BDG01,ACTIVE
13882,2857,Time Deposit,890315027,2026-07-13,JKT01,ACTIVE
13883,2158,Time Deposit,621528822,2027-03-09,SMG01,ACTIVE
13884,227,Time Deposit,1058035331,2026-11-04,SMG01,ACTIVE
13885,1585,Time Deposit,753288350,2026-11-28,YGY01,ACTIVE
13886,7764,Savings,91294450,2026-11-30,YGY01,ACTIVE
13887,7376,Savings,87188055,2026-12-20,MDN01,ACTIVE
13888,7244,Savings,19036620,2027-06-07,MDN01,ACTIVE
13889,1136,Savings,21210409,2027-01-02,SMG01,ACTIVE
13890,7825,Savings,179802659,2027-03-03,SMG01,ACTIVE
13891,3429,Time Deposit,805121132,2027-02-26,JKT01,ACTIVE
13892,1285,Time Deposit,469884824,2026-09-08,SMG01,ACTIVE
13893,356,Time Deposit,631393873,2027-03-04,SMG01,ACTIVE
13894,9413,Time Deposit,1157711787,2026-11-06,JKT01,ACTIVE
13895,7902,Savings,163910805,2026-07-20,YGY01,ACTIVE
13896,5771,Savings,58116396,2027-02-27,MDN01,ACTIVE
13897,2230,Savings,110187435,2026-09-16,YGY01,ACTIVE
13898,4258,Savings,16984749,2026-10-25,SBY01,ACTIVE
13899,7513,Savings,13282745,2027-07-17,JKT01,ACTIVE
13900,5757,Savings,100498576,2026-10-03,YGY01,ACTIVE
13901,5653,Time Deposit,923724839,2026-07-30,SBY01,ACTIVE
13902,1511,Savings,20596220,2027-09-26,SBY01,ACTIVE
13903,2595,Savings,28282023,2027-04-22,JKT01,ACTIVE
13904,4489,Time Deposit,457306118,2026-05-24,BDG01,ACTIVE
13905,870,Time Deposit,370664868,2026-11-10,JKT01,ACTIVE
13906,982,Savings,54910887,2027-02-11,JKT01,ACTIVE
13907,3941,Savings,35894950,2027-03-11,YGY01,ACTIVE
13908,216,Savings,20070007,2027-06-04,YGY01,ACTIVE
13909,3691,Time Deposit,252682860,2026-12-16,SMG01,ACTIVE
13910,8823,Time Deposit,736917729,2026-06-17,YGY01,ACTIVE
13911,7498,Savings,200040136,2026-11-25,SMG01,ACTIVE
13912,100,Savings,28388589,2028-03-06,BDG01,ACTIVE
13913,9480,Time Deposit,625573341,2026-04-17,MDN01,ACTIVE
13914,3759,Time Deposit,789193379,2027-01-23,SBY01,ACTIVE
13915,3399,Savings,15422646,2028-01-12,SBY01,ACTIVE
13916,6532,Savings,25374613,2026-07-24,SBY01,ACTIVE
13917,5569,Savings,11791601,2027-09-03,JKT02,ACTIVE
13918,404,Savings,15337164,2027-04-13,JKT02,ACTIVE
13919,941,Time Deposit,471636470,2026-06-06,BDG01,ACTIVE
13920,6219,Time Deposit,233415437,2026-06-13,JKT02,ACTIVE
13921,6201,Savings,76699747,2027-04-13,YGY01,ACTIVE
13922,6971,Savings,21196593,2027-10-24,MDN01,ACTIVE
13923,7334,Savings,14986063,2027-12-06,YGY01,ACTIVE
13924,2364,Time Deposit,446991510,2027-03-13,SMG01,ACTIVE
13925,1655,Savings,61120216,2026-08-17,YGY01,ACTIVE
13926,8986,Savings,2641873,2027-11-07,MDN01,ACTIVE
13927,9483,Savings,48876129,2027-12-03,SBY01,ACTIVE
13928,9681,Time Deposit,1159786544,2026-05-20,SBY01,ACTIVE
13929,6679,Time Deposit,571878858,2026-05-16,JKT01,ACTIVE
13930,2663,Time Deposit,483064185,2027-03-22,JKT01,ACTIVE
13931,1156,Time Deposit,568347888,2026-05-02,JKT01,ACTIVE
13932,8287,Savings,19819230,2026-12-22,JKT01,ACTIVE
13933,4061,Savings,126942640,2027-08-18,JKT01,ACTIVE
13934,263,Savings,108356863,2027-10-31,MDN01,ACTIVE
13935,3373,Time Deposit,161004013,2026-10-19,SMG01,ACTIVE
13936,3656,Savings,161543965,2026-10-28,SMG01,ACTIVE
13937,4116,Savings,24687987,2028-03-19,JKT02,ACTIVE
13938,8520,Savings,89724135,2026-04-29,SMG01,ACTIVE
13939,6988,Savings,25220787,2026-10-29,JKT02,ACTIVE
13940,7534,Time Deposit,1160535092,2026-10-23,SMG01,ACTIVE
13941,5270,Savings,122021698,2027-03-10,MDN01,ACTIVE
13942,6677,Time Deposit,1663260077,2026-06-24,YGY01,ACTIVE
13943,2611,Savings,46739304,2026-12-22,JKT01,ACTIVE
13944,2641,Time Deposit,851047831,2026-09-12,YGY01,ACTIVE
13945,9480,Savings,30383812,2028-02-13,SBY01,ACTIVE
13946,9793,Savings,173164345,2027-09-15,YGY01,ACTIVE
13947,9984,Savings,217976391,2026-08-24,SMG01,ACTIVE
13948,8225,Savings,34209604,2027-02-14,SBY01,ACTIVE
13949,675,Savings,190311742,2027-02-07,MDN01,ACTIVE
13950,3775,Savings,37216945,2026-11-09,JKT01,ACTIVE
13951,7035,Time Deposit,476636408,2026-06-09,SMG01,ACTIVE
13952,1292,Savings,199660865,2027-06-21,MDN01,ACTIVE
13953,6337,Savings,9806674,2027-11-09,SBY01,ACTIVE
13954,9936,Time Deposit,1320094541,2026-11-17,BDG01,ACTIVE
13955,3656,Time Deposit,1177687429,2026-10-06,SBY01,ACTIVE
13956,4563,Savings,46166818,2026-07-04,SMG01,ACTIVE
13957,24,Time Deposit,640307592,2027-02-12,JKT01,ACTIVE
13958,8073,Time Deposit,710773236,2026-10-02,SBY01,ACTIVE
13959,9183,Savings,28059851,2028-01-22,YGY01,ACTIVE
13960,6463,Savings,40159689,2027-12-09,JKT01,ACTIVE
13961,5285,Savings,22770885,2026-06-11,MDN01,ACTIVE
13962,181,Time Deposit,1358288128,2026-11-29,MDN01,ACTIVE
13963,3977,Time Deposit,483835079,2026-11-25,JKT02,ACTIVE
13964,6891,Savings,26717423,2028-03-20,JKT02,ACTIVE
13965,6709,Time Deposit,882350186,2026-05-12,BDG01,ACTIVE
13966,9852,Savings,91500309,2027-01-10,SMG01,ACTIVE
13967,6015,Time Deposit,1032505044,2026-09-16,MDN01,ACTIVE
13968,6077,Savings,11081529,2026-09-23,JKT01,ACTIVE
13969,294,Savings,22055718,2026-11-02,SMG01,ACTIVE
13970,2388,Time Deposit,886054164,2026-12-28,SMG01,ACTIVE
13971,425,Savings,39544773,2026-12-22,MDN01,ACTIVE
13972,9522,Savings,14755741,2027-09-11,YGY01,ACTIVE
13973,8384,Time Deposit,372111063,2026-11-04,YGY01,ACTIVE
13974,6962,Savings,122849772,2027-02-02,BDG01,ACTIVE
13975,1927,Savings,44628315,2027-06-19,MDN01,ACTIVE
13976,2663,Savings,60101337,2027-10-02,JKT02,ACTIVE
13977,1758,Savings,8800836,2027-09-11,SMG01,ACTIVE
13978,7911,Time Deposit,166092922,2026-05-16,SMG01,ACTIVE
13979,781,Savings,46108779,2027-09-02,MDN01,ACTIVE
13980,7360,Savings,23560267,2028-02-29,SMG01,ACTIVE
13981,4705,Savings,44022151,2027-08-07,JKT01,ACTIVE
13982,4565,Savings,16844235,2027-03-11,SBY01,ACTIVE
13983,7937,Time Deposit,1712220866,2027-03-11,JKT01,ACTIVE
13984,6537,Savings,14012301,2028-01-23,SMG01,ACTIVE
13985,9657,Savings,38037989,2027-11-07,JKT01,ACTIVE
13986,3807,Savings,8474307,2026-10-29,JKT01,ACTIVE
13987,3689,Time Deposit,805457362,2026-09-07,MDN01,ACTIVE
13988,7676,Savings,191507965,2027-10-15,BDG01,ACTIVE
13989,4888,Time Deposit,1286652982,2026-09-27,YGY01,ACTIVE
13990,3283,Time Deposit,1291981726,2026-04-10,MDN01,ACTIVE
13991,6069,Time Deposit,1168085369,2026-05-31,JKT02,ACTIVE
13992,6382,Time Deposit,243393236,2027-01-18,SMG01,ACTIVE
13993,2467,Time Deposit,487765706,2027-01-14,JKT02,ACTIVE
13994,997,Time Deposit,566462702,2026-07-07,JKT01,ACTIVE
13995,9213,Savings,3111909,2027-11-30,JKT01,ACTIVE
13996,8925,Savings,22056943,2026-10-27,BDG01,ACTIVE
13997,2678,Time Deposit,475043053,2026-10-25,YGY01,ACTIVE
13998,3633,Time Deposit,905441662,2027-01-11,JKT01,ACTIVE
13999,2791,Savings,137479357,2027-06-22,JKT01,ACTIVE
14000,7450,Time Deposit,615327945,2026-07-08,JKT01,ACTIVE
14001,4436,Savings,154509155,2027-03-07,JKT01,ACTIVE
14002,9889,Time Deposit,902317404,2026-05-22,YGY01,ACTIVE
14003,1624,Time Deposit,905655723,2026-11-05,JKT02,ACTIVE
14004,9245,Savings,21025647,2026-08-08,MDN01,ACTIVE
14005,3422,Time Deposit,453695418,2026-04-29,JKT02,ACTIVE
14006,6766,Savings,11679271,2027-12-16,SBY01,ACTIVE
14007,9908,Time Deposit,969621880,2026-11-19,YGY01,ACTIVE
14008,5306,Savings,25926211,2028-02-08,YGY01,ACTIVE
14009,4863,Savings,15442967,2026-11-14,JKT01,ACTIVE
14010,2740,Savings,101542129,2027-04-15,YGY01,ACTIVE
14011,8367,Savings,14536407,2027-05-30,YGY01,ACTIVE
14012,4858,Savings,24014502,2026-06-17,SBY01,ACTIVE
14013,7428,Savings,24967572,2026-09-01,MDN01,ACTIVE
14014,3925,Savings,28298609,2026-12-09,SBY01,ACTIVE
14015,26,Time Deposit,682087770,2026-09-19,SMG01,ACTIVE
14016,3155,Savings,27988837,2026-10-06,MDN01,ACTIVE
14017,2707,Savings,31954143,2028-03-12,YGY01,ACTIVE
14018,2694,Savings,16559206,2027-05-13,JKT01,ACTIVE
14019,5729,Savings,20585361,2027-05-29,JKT02,ACTIVE
14020,7376,Savings,193054236,2027-03-22,SMG01,ACTIVE
14021,560,Savings,104055349,2027-06-26,SMG01,ACTIVE
14022,9490,Savings,27192189,2027-07-31,JKT02,ACTIVE
14023,4548,Savings,83569406,2026-05-10,SBY01,ACTIVE
14024,6253,Time Deposit,504295046,2026-07-17,SBY01,ACTIVE
14025,3999,Time Deposit,428660257,2026-10-16,SMG01,ACTIVE
14026,1306,Savings,77020712,2028-02-15,BDG01,ACTIVE
14027,1220,Savings,10654676,2027-02-24,BDG01,ACTIVE
14028,1690,Savings,29804745,2027-11-29,YGY01,ACTIVE
14029,3550,Savings,45148050,2027-11-26,MDN01,ACTIVE
14030,6509,Savings,12161928,2027-09-14,SMG01,ACTIVE
14031,1085,Time Deposit,607144597,2026-09-03,JKT01,ACTIVE
14032,1995,Savings,14337018,2027-11-10,JKT02,ACTIVE
14033,7527,Savings,18999987,2027-04-18,YGY01,ACTIVE
14034,5894,Savings,9072146,2027-06-26,MDN01,ACTIVE
14035,3022,Time Deposit,508226169,2027-01-03,YGY01,ACTIVE
14036,1639,Savings,9848938,2028-03-12,JKT02,ACTIVE
14037,2346,Savings,73780116,2027-03-09,JKT02,ACTIVE
14038,5381,Time Deposit,1396932855,2026-09-22,YGY01,ACTIVE
14039,9736,Savings,37363330,2026-08-03,SBY01,ACTIVE
14040,2413,Savings,179271644,2027-06-19,SMG01,ACTIVE
14041,4596,Time Deposit,655887061,2027-02-08,JKT02,ACTIVE
14042,2135,Savings,18862378,2026-09-01,SBY01,ACTIVE
14043,67,Time Deposit,1181359675,2027-02-20,YGY01,ACTIVE
14044,8571,Savings,12216826,2027-05-08,SBY01,ACTIVE
14045,3067,Time Deposit,283735436,2026-06-09,SBY01,ACTIVE
14046,4461,Savings,13252121,2026-09-25,JKT02,ACTIVE
14047,8125,Savings,89845523,2026-12-14,JKT01,ACTIVE
14048,347,Savings,75053112,2027-10-01,MDN01,ACTIVE
14049,9676,Savings,21803029,2027-07-06,BDG01,ACTIVE
14050,1284,Time Deposit,1034830127,2026-10-05,SBY01,ACTIVE
14051,397,Savings,58343714,2026-05-20,JKT01,ACTIVE
14052,6146,Savings,98108736,2026-08-31,JKT01,ACTIVE
14053,2413,Savings,121086715,2027-01-08,JKT02,ACTIVE
14054,9744,Time Deposit,866017000,2027-02-13,BDG01,ACTIVE
14055,7960,Time Deposit,418629384,2026-07-01,SMG01,ACTIVE
14056,2584,Time Deposit,682748006,2026-10-06,JKT02,ACTIVE
14057,975,Savings,13300378,2026-06-24,BDG01,ACTIVE
14058,5909,Time Deposit,489303263,2026-10-04,MDN01,ACTIVE
14059,6594,Time Deposit,482229070,2027-02-06,BDG01,ACTIVE
14060,6708,Time Deposit,1682640222,2026-06-15,JKT02,ACTIVE
14061,3688,Time Deposit,502733867,2026-12-20,JKT01,ACTIVE
14062,1969,Time Deposit,516436277,2026-12-02,JKT02,ACTIVE
14063,9696,Savings,20636941,2027-07-27,SBY01,ACTIVE
14064,4667,Savings,32677697,2026-10-16,SMG01,ACTIVE
14065,3237,Savings,27100073,2026-09-04,SBY01,ACTIVE
14066,8483,Savings,101575473,2027-06-29,YGY01,ACTIVE
14067,228,Savings,102430521,2028-01-02,SBY01,ACTIVE
14068,5272,Savings,104918550,2027-04-14,JKT01,ACTIVE
14069,4041,Savings,23685288,2026-05-31,YGY01,ACTIVE
14070,9291,Savings,93166943,2026-08-16,JKT01,ACTIVE
14071,7357,Savings,50706779,2028-01-23,YGY01,ACTIVE
14072,1517,Savings,76843396,2026-10-07,BDG01,ACTIVE
14073,1625,Savings,93925964,2027-12-29,SBY01,ACTIVE
14074,2861,Time Deposit,150297362,2026-06-24,BDG01,ACTIVE
14075,5780,Time Deposit,1779072086,2026-11-12,JKT01,ACTIVE
14076,8542,Time Deposit,209233578,2026-05-15,JKT02,ACTIVE
14077,8154,Savings,85143031,2028-02-01,SMG01,ACTIVE
14078,8742,Time Deposit,1349530398,2027-02-25,SBY01,ACTIVE
14079,4003,Savings,8938984,2026-06-14,JKT02,ACTIVE
14080,8948,Savings,22253392,2027-09-27,YGY01,ACTIVE
14081,6282,Time Deposit,473177320,2026-05-06,JKT01,ACTIVE
14082,2662,Savings,23569417,2026-11-20,SMG01,ACTIVE
14083,1632,Savings,26303353,2026-06-04,SMG01,ACTIVE
14084,7716,Time Deposit,200920678,2026-09-30,SBY01,ACTIVE
14085,9774,Savings,148995521,2027-05-15,SMG01,ACTIVE
14086,4326,Time Deposit,891776539,2027-02-09,MDN01,ACTIVE
14087,3680,Savings,12058137,2027-04-05,JKT02,ACTIVE
14088,7128,Savings,9395582,2027-06-30,BDG01,ACTIVE
14089,9646,Savings,94202914,2027-03-03,SBY01,ACTIVE
14090,2675,Savings,16770759,2026-12-26,BDG01,ACTIVE
14091,9812,Savings,33303553,2027-06-16,BDG01,ACTIVE
14092,1238,Time Deposit,660791843,2026-04-18,JKT02,ACTIVE
14093,1131,Time Deposit,1267786773,2026-05-03,SMG01,ACTIVE
14094,3486,Savings,132913920,2026-05-16,BDG01,ACTIVE
14095,4090,Time Deposit,215892163,2026-11-25,MDN01,ACTIVE
14096,7577,Time Deposit,877913559,2027-01-27,YGY01,ACTIVE
14097,9093,Savings,109771614,2026-11-10,SMG01,ACTIVE
14098,4118,Savings,15937476,2026-10-14,BDG01,ACTIVE
14099,9831,Savings,20502940,2028-03-04,JKT02,ACTIVE
14100,47,Time Deposit,813344809,2027-03-20,SMG01,ACTIVE
14101,3026,Time Deposit,865664445,2026-04-25,MDN01,ACTIVE
14102,9536,Time Deposit,1300030900,2026-09-01,SBY01,ACTIVE
14103,1786,Time Deposit,525471046,2026-05-18,SBY01,ACTIVE
14104,314,Savings,198205176,2026-09-29,JKT02,ACTIVE
14105,6230,Savings,26416191,2026-12-01,SBY01,ACTIVE
14106,564,Time Deposit,261846288,2026-08-24,MDN01,ACTIVE
14107,8573,Time Deposit,899595405,2027-03-22,YGY01,ACTIVE
14108,4777,Time Deposit,762101958,2026-07-03,BDG01,ACTIVE
14109,9906,Savings,19965872,2028-03-05,YGY01,ACTIVE
14110,8614,Savings,52952434,2026-12-31,YGY01,ACTIVE
14111,7569,Time Deposit,957615386,2026-11-21,BDG01,ACTIVE
14112,1441,Savings,24543508,2026-12-28,SMG01,ACTIVE
14113,6465,Time Deposit,283639300,2026-07-16,SMG01,ACTIVE
14114,6275,Time Deposit,314807972,2026-09-12,JKT01,ACTIVE
14115,4004,Savings,22201034,2026-10-27,SMG01,ACTIVE
14116,7554,Time Deposit,299555604,2026-06-21,YGY01,ACTIVE
14117,3195,Savings,136125239,2027-04-13,YGY01,ACTIVE
14118,5355,Savings,35624617,2027-06-17,SBY01,ACTIVE
14119,3996,Savings,169201405,2026-08-07,MDN01,ACTIVE
14120,8141,Savings,30198923,2026-06-03,SMG01,ACTIVE
14121,9899,Time Deposit,712687780,2026-09-08,MDN01,ACTIVE
14122,6935,Time Deposit,459634776,2026-09-02,SBY01,ACTIVE
14123,9530,Time Deposit,411457901,2026-08-03,SBY01,ACTIVE
14124,7558,Savings,48050060,2027-04-05,SBY01,ACTIVE
14125,6021,Time Deposit,1218593456,2026-11-08,YGY01,ACTIVE
14126,2382,Savings,32092565,2027-11-25,MDN01,ACTIVE
14127,8085,Savings,91374859,2028-01-20,BDG01,ACTIVE
14128,2639,Savings,64384231,2026-06-11,JKT02,ACTIVE
14129,7331,Savings,86908001,2026-12-30,JKT01,ACTIVE
14130,2826,Savings,13546391,2027-06-29,SMG01,ACTIVE
14131,1420,Time Deposit,747627598,2026-04-17,YGY01,ACTIVE
14132,1846,Savings,20508079,2026-09-17,JKT02,ACTIVE
14133,759,Savings,9626263,2026-06-22,JKT01,ACTIVE
14134,176,Savings,14882330,2027-05-02,SMG01,ACTIVE
14135,7735,Savings,12977721,2026-07-18,BDG01,ACTIVE
14136,4843,Savings,69158099,2026-10-07,MDN01,ACTIVE
14137,8148,Savings,10781204,2026-08-17,SMG01,ACTIVE
14138,1593,Savings,139933265,2026-08-01,YGY01,ACTIVE
14139,39,Time Deposit,1707453328,2026-08-01,YGY01,ACTIVE
14140,6827,Savings,15404752,2027-11-07,YGY01,ACTIVE
14141,3223,Savings,20011008,2026-10-17,SMG01,ACTIVE
14142,3213,Savings,214466916,2027-11-14,SMG01,ACTIVE
14143,5795,Time Deposit,917976306,2027-03-16,MDN01,ACTIVE
14144,9584,Savings,15212941,2027-07-12,JKT02,ACTIVE
14145,3462,Time Deposit,485345424,2026-12-15,SBY01,ACTIVE
14146,9443,Time Deposit,1110924358,2027-02-04,SBY01,ACTIVE
14147,575,Savings,27777057,2027-11-25,SBY01,ACTIVE
14148,370,Savings,168969169,2027-01-18,SBY01,ACTIVE
14149,6387,Savings,19754065,2027-12-02,SMG01,ACTIVE
14150,9755,Time Deposit,806769768,2026-11-02,YGY01,ACTIVE
14151,1840,Time Deposit,431184292,2027-03-25,YGY01,ACTIVE
14152,1478,Savings,4652858,2026-07-16,JKT02,ACTIVE
14153,5461,Savings,27152695,2026-06-26,JKT02,ACTIVE
14154,8121,Savings,8320560,2027-08-30,SMG01,ACTIVE
14155,4343,Time Deposit,238470449,2026-06-11,JKT01,ACTIVE
14156,4011,Time Deposit,222675037,2026-07-13,BDG01,ACTIVE
14157,8888,Savings,28160927,2026-05-30,JKT02,ACTIVE
14158,9500,Savings,204071540,2027-03-03,MDN01,ACTIVE
14159,5366,Savings,18616236,2027-10-03,BDG01,ACTIVE
14160,6897,Savings,220712680,2027-04-07,JKT02,ACTIVE
14161,8355,Savings,3950049,2026-12-16,MDN01,ACTIVE
14162,851,Time Deposit,171214840,2026-04-13,JKT01,ACTIVE
14163,913,Savings,18496112,2027-12-18,JKT01,ACTIVE
14164,2419,Savings,14907383,2026-05-27,SBY01,ACTIVE
14165,7230,Time Deposit,161304573,2026-12-22,SMG01,ACTIVE
14166,1479,Savings,70324927,2026-10-28,BDG01,ACTIVE
14167,4242,Savings,46907545,2027-01-24,SMG01,ACTIVE
14168,62,Time Deposit,1161028626,2026-04-29,SMG01,ACTIVE
14169,3393,Savings,32759436,2026-09-24,SMG01,ACTIVE
14170,5891,Savings,10806768,2027-05-30,SMG01,ACTIVE
14171,1322,Time Deposit,972433869,2026-09-13,SMG01,ACTIVE
14172,9556,Savings,78274475,2027-09-07,SMG01,ACTIVE
14173,1096,Time Deposit,474084334,2026-05-12,SMG01,ACTIVE
14174,3165,Savings,67332355,2027-04-20,MDN01,ACTIVE
14175,8561,Savings,12473473,2026-10-20,SMG01,ACTIVE
14176,6418,Savings,34727267,2026-09-22,JKT01,ACTIVE
14177,5996,Savings,6555164,2027-05-16,BDG01,ACTIVE
14178,8836,Savings,9172118,2026-05-10,JKT02,ACTIVE
14179,7452,Savings,143075098,2027-07-04,BDG01,ACTIVE
14180,9155,Time Deposit,505367320,2026-05-28,JKT02,ACTIVE
14181,923,Time Deposit,365869675,2027-01-02,SBY01,ACTIVE
14182,4059,Time Deposit,692476678,2026-08-15,JKT01,ACTIVE
14183,7201,Time Deposit,178876848,2026-09-19,MDN01,ACTIVE
14184,1038,Time Deposit,842899636,2026-10-02,SBY01,ACTIVE
14185,4325,Savings,163668030,2026-06-15,SMG01,ACTIVE
14186,6197,Time Deposit,1109528118,2026-10-26,BDG01,ACTIVE
14187,4907,Savings,24833070,2026-06-22,SMG01,ACTIVE
14188,4877,Savings,39838294,2027-01-04,JKT02,ACTIVE
14189,7258,Savings,10801679,2026-05-06,SBY01,ACTIVE
14190,6532,Time Deposit,391119102,2026-11-28,SBY01,ACTIVE
14191,5366,Savings,19938951,2027-05-11,SMG01,ACTIVE
14192,407,Savings,45890182,2027-03-03,BDG01,ACTIVE
14193,6691,Savings,21408997,2028-03-08,JKT01,ACTIVE
14194,7453,Time Deposit,631337930,2027-02-21,SBY01,ACTIVE
14195,2680,Time Deposit,755822336,2027-01-14,BDG01,ACTIVE
14196,7812,Time Deposit,949028339,2026-10-27,JKT02,ACTIVE
14197,814,Time Deposit,1326224395,2026-05-29,BDG01,ACTIVE
14198,5918,Time Deposit,1145447917,2026-05-18,JKT01,ACTIVE
14199,8614,Time Deposit,1769982194,2026-10-01,SMG01,ACTIVE
14200,8927,Savings,42401494,2026-09-28,YGY01,ACTIVE
14201,8024,Time Deposit,813131055,2026-06-01,JKT02,ACTIVE
14202,9467,Savings,21482604,2026-06-30,BDG01,ACTIVE
14203,6433,Savings,115116703,2028-02-18,SBY01,ACTIVE
14204,5523,Savings,184470878,2027-12-14,JKT02,ACTIVE
14205,7415,Savings,217552770,2027-08-15,BDG01,ACTIVE
14206,7505,Savings,79176261,2026-04-27,SBY01,ACTIVE
14207,4722,Savings,11038448,2026-10-22,MDN01,ACTIVE
14208,846,Savings,65776183,2027-03-03,YGY01,ACTIVE
14209,3764,Savings,99591757,2026-12-12,SMG01,ACTIVE
14210,2342,Savings,10039847,2027-05-08,JKT02,ACTIVE
14211,8922,Time Deposit,691627437,2026-12-07,JKT01,ACTIVE
14212,8200,Time Deposit,871385409,2026-06-26,SMG01,ACTIVE
14213,8072,Time Deposit,412802169,2026-06-16,SMG01,ACTIVE
14214,7056,Savings,7645157,2026-11-19,MDN01,ACTIVE
14215,7920,Savings,33861878,2028-03-19,SMG01,ACTIVE
14216,2965,Savings,18602534,2026-09-30,BDG01,ACTIVE
14217,5778,Savings,21007206,2027-03-03,SMG01,ACTIVE
14218,8455,Time Deposit,305952945,2026-12-27,SMG01,ACTIVE
14219,7481,Time Deposit,1438301276,2026-12-01,SMG01,ACTIVE
14220,6450,Savings,25266124,2026-10-03,SBY01,ACTIVE
14221,6165,Time Deposit,142971951,2026-10-23,JKT02,ACTIVE
14222,4857,Savings,23280382,2028-02-11,JKT02,ACTIVE
14223,5046,Time Deposit,1056329209,2026-04-22,SMG01,ACTIVE
14224,9203,Time Deposit,280136710,2026-06-23,JKT02,ACTIVE
14225,6916,Savings,71861141,2027-07-30,YGY01,ACTIVE
14226,1593,Time Deposit,1282331600,2026-11-27,JKT01,ACTIVE
14227,4497,Savings,89347434,2028-02-02,SBY01,ACTIVE
14228,6946,Savings,48634069,2026-07-21,MDN01,ACTIVE
14229,2902,Time Deposit,1785751096,2027-02-10,SBY01,ACTIVE
14230,311,Time Deposit,1112889139,2026-04-19,MDN01,ACTIVE
14231,8238,Time Deposit,668889655,2026-08-08,BDG01,ACTIVE
14232,2008,Time Deposit,560905111,2026-06-26,YGY01,ACTIVE
14233,9847,Savings,37009403,2026-12-07,JKT02,ACTIVE
14234,6536,Time Deposit,497744912,2026-07-20,JKT02,ACTIVE
14235,565,Time Deposit,1830182204,2026-08-09,SMG01,ACTIVE
14236,6679,Savings,41839422,2027-02-09,JKT02,ACTIVE
14237,4736,Savings,28004014,2026-05-20,MDN01,ACTIVE
14238,8818,Savings,35483406,2027-05-04,BDG01,ACTIVE
14239,836,Savings,9330929,2026-07-15,SMG01,ACTIVE
14240,8675,Savings,24377133,2026-12-26,SMG01,ACTIVE
14241,4892,Time Deposit,427174448,2026-11-06,SMG01,ACTIVE
14242,5551,Time Deposit,493676766,2026-05-24,JKT01,ACTIVE
14243,974,Time Deposit,279705434,2026-11-01,JKT02,ACTIVE
14244,7932,Time Deposit,744998676,2026-10-21,SBY01,ACTIVE
14245,8112,Time Deposit,430912966,2026-10-17,BDG01,ACTIVE
14246,4572,Time Deposit,400783542,2026-11-07,BDG01,ACTIVE
14247,8059,Savings,139450382,2026-05-13,JKT01,ACTIVE
14248,5761,Time Deposit,960452235,2026-10-09,SBY01,ACTIVE
14249,1201,Time Deposit,484409720,2027-02-13,SBY01,ACTIVE
14250,9312,Time Deposit,1007452653,2026-09-29,BDG01,ACTIVE
14251,4591,Savings,46150351,2026-12-24,SMG01,ACTIVE
14252,1631,Time Deposit,945140685,2026-10-26,MDN01,ACTIVE
14253,3486,Savings,180843157,2026-12-24,YGY01,ACTIVE
14254,6044,Time Deposit,914583845,2026-08-20,YGY01,ACTIVE
14255,9936,Time Deposit,649468192,2026-08-15,YGY01,ACTIVE
14256,9776,Savings,18572553,2027-11-11,BDG01,ACTIVE
14257,1418,Savings,15967514,2026-11-28,JKT02,ACTIVE
14258,4756,Time Deposit,368239887,2027-02-18,MDN01,ACTIVE
14259,4609,Savings,48891680,2026-09-17,MDN01,ACTIVE
14260,3416,Time Deposit,1301708873,2027-02-02,BDG01,ACTIVE
14261,5462,Savings,27028184,2026-11-16,MDN01,ACTIVE
14262,8214,Savings,159625826,2026-06-19,JKT02,ACTIVE
14263,2291,Savings,19343048,2026-06-26,YGY01,ACTIVE
14264,9389,Savings,121406686,2026-12-26,SBY01,ACTIVE
14265,7927,Time Deposit,233122097,2026-12-12,JKT01,ACTIVE
14266,5197,Time Deposit,243679819,2027-03-24,SBY01,ACTIVE
14267,2667,Savings,125012784,2026-09-18,YGY01,ACTIVE
14268,6134,Savings,19542672,2028-02-18,MDN01,ACTIVE
14269,3154,Savings,14881407,2026-09-18,BDG01,ACTIVE
14270,4399,Time Deposit,440574453,2026-07-19,SBY01,ACTIVE
14271,778,Savings,8722435,2027-01-15,YGY01,ACTIVE
14272,6494,Time Deposit,203929096,2026-05-19,JKT01,ACTIVE
14273,180,Savings,130207808,2027-05-26,SBY01,ACTIVE
14274,8062,Savings,67850759,2028-03-18,JKT02,ACTIVE
14275,3874,Savings,107397930,2027-12-28,BDG01,ACTIVE
14276,8475,Savings,15625560,2028-03-15,JKT01,ACTIVE
14277,382,Time Deposit,757060171,2026-12-28,JKT02,ACTIVE
14278,7628,Time Deposit,1173094484,2027-01-18,YGY01,ACTIVE
14279,8250,Time Deposit,1538521744,2026-09-10,JKT01,ACTIVE
14280,4108,Savings,40595405,2026-11-09,SBY01,ACTIVE
14281,115,Savings,105002768,2026-07-31,JKT02,ACTIVE
14282,4290,Savings,21551185,2027-01-27,SBY01,ACTIVE
14283,5277,Time Deposit,874460549,2026-05-07,YGY01,ACTIVE
14284,8180,Time Deposit,859889513,2026-08-20,BDG01,ACTIVE
14285,1317,Savings,38905597,2026-08-24,SMG01,ACTIVE
14286,8912,Time Deposit,587091545,2027-02-04,BDG01,ACTIVE
14287,5691,Time Deposit,697016711,2027-01-09,YGY01,ACTIVE
14288,5682,Savings,25225241,2026-06-05,MDN01,ACTIVE
14289,9323,Savings,8806262,2028-01-26,SMG01,ACTIVE
14290,9424,Savings,128805230,2027-10-21,YGY01,ACTIVE
14291,5852,Savings,43798270,2026-11-20,JKT01,ACTIVE
14292,1925,Time Deposit,1122980301,2026-09-18,JKT02,ACTIVE
14293,7232,Time Deposit,213704102,2027-01-20,MDN01,ACTIVE
14294,4073,Savings,26344748,2027-12-29,YGY01,ACTIVE
14295,1886,Savings,37853990,2026-07-30,MDN01,ACTIVE
14296,8596,Savings,111557357,2027-10-16,SMG01,ACTIVE
14297,5781,Savings,94213354,2026-11-29,JKT02,ACTIVE
14298,1123,Time Deposit,927466632,2026-07-25,BDG01,ACTIVE
14299,6164,Savings,76606067,2026-11-27,JKT01,ACTIVE
14300,6672,Time Deposit,458149246,2027-03-18,SMG01,ACTIVE
14301,7948,Savings,29446447,2027-03-20,JKT01,ACTIVE
14302,5498,Savings,7867803,2027-08-23,JKT01,ACTIVE
14303,8057,Time Deposit,621212278,2027-01-14,SMG01,ACTIVE
14304,6395,Time Deposit,460370244,2026-04-27,JKT02,ACTIVE
14305,6949,Savings,74578638,2027-03-21,JKT02,ACTIVE
14306,2068,Savings,38001833,2026-11-25,JKT02,ACTIVE
14307,6941,Savings,8821603,2027-11-03,SBY01,ACTIVE
14308,8150,Savings,65545646,2028-01-02,SBY01,ACTIVE
14309,3292,Time Deposit,1033994493,2026-04-24,MDN01,ACTIVE
14310,5380,Savings,17707138,2027-07-07,SBY01,ACTIVE
14311,9395,Time Deposit,1241393000,2026-09-02,YGY01,ACTIVE
14312,3486,Savings,197995567,2026-05-12,JKT02,ACTIVE
14313,1819,Savings,97333012,2028-01-23,YGY01,ACTIVE
14314,9901,Savings,44046521,2027-12-13,BDG01,ACTIVE
14315,878,Savings,38914857,2027-09-27,YGY01,ACTIVE
14316,2481,Savings,201132832,2028-02-24,JKT02,ACTIVE
14317,8094,Savings,53354999,2026-12-23,JKT02,ACTIVE
14318,6951,Savings,141331344,2026-09-12,JKT01,ACTIVE
14319,142,Savings,29115595,2027-01-18,MDN01,ACTIVE
14320,9206,Time Deposit,1130240719,2027-01-06,YGY01,ACTIVE
14321,6997,Time Deposit,635896725,2026-12-21,JKT01,ACTIVE
14322,9678,Savings,34282028,2028-02-21,MDN01,ACTIVE
14323,8289,Savings,91663660,2026-07-28,JKT01,ACTIVE
14324,2902,Time Deposit,1080840359,2026-11-08,SBY01,ACTIVE
14325,4266,Time Deposit,305335229,2027-01-16,BDG01,ACTIVE
14326,2484,Savings,138672745,2026-09-08,JKT02,ACTIVE
14327,572,Savings,62048123,2026-05-19,BDG01,ACTIVE
14328,7263,Savings,8820260,2027-07-13,JKT01,ACTIVE
14329,4843,Savings,11942322,2027-09-24,MDN01,ACTIVE
14330,3123,Savings,104363226,2026-07-19,BDG01,ACTIVE
14331,4759,Time Deposit,548338893,2027-03-07,MDN01,ACTIVE
14332,5631,Savings,7821335,2027-11-02,SBY01,ACTIVE
14333,8518,Savings,41916285,2027-06-07,JKT01,ACTIVE
14334,1130,Time Deposit,1152196262,2026-11-05,YGY01,ACTIVE
14335,2251,Time Deposit,1144882318,2026-08-12,BDG01,ACTIVE
14336,8690,Savings,89163717,2028-02-01,JKT01,ACTIVE
14337,8344,Time Deposit,367271889,2026-11-08,SBY01,ACTIVE
14338,3899,Time Deposit,1726754912,2026-08-13,BDG01,ACTIVE
14339,5302,Savings,154976956,2027-05-04,MDN01,ACTIVE
14340,2330,Time Deposit,573713946,2027-01-28,JKT01,ACTIVE
14341,2173,Savings,180708893,2027-06-17,SBY01,ACTIVE
14342,5780,Time Deposit,987207368,2026-04-09,SBY01,ACTIVE
14343,3952,Savings,148321177,2027-05-21,SBY01,ACTIVE
14344,5139,Savings,8136410,2027-12-21,JKT02,ACTIVE
14345,8030,Savings,6382223,2027-04-30,SBY01,ACTIVE
14346,3111,Savings,42346219,2027-10-07,MDN01,ACTIVE
14347,5918,Savings,117685207,2027-11-20,MDN01,ACTIVE
14348,974,Time Deposit,948894475,2027-01-22,JKT02,ACTIVE
14349,1937,Savings,33300012,2026-07-15,MDN01,ACTIVE
14350,8348,Time Deposit,253295775,2026-12-24,SBY01,ACTIVE
14351,6841,Savings,43847787,2027-01-05,YGY01,ACTIVE
14352,2691,Savings,15868671,2027-05-10,YGY01,ACTIVE
14353,894,Time Deposit,577577447,2026-11-02,SBY01,ACTIVE
14354,5635,Savings,17144755,2028-02-21,JKT01,ACTIVE
14355,6886,Savings,194088131,2026-05-30,BDG01,ACTIVE
14356,8514,Time Deposit,895544074,2026-10-15,YGY01,ACTIVE
14357,5984,Savings,139521116,2027-07-05,MDN01,ACTIVE
14358,2926,Savings,187252005,2026-04-25,BDG01,ACTIVE
14359,3062,Time Deposit,260923128,2027-03-22,SBY01,ACTIVE
14360,5725,Savings,59550951,2028-02-27,JKT02,ACTIVE
14361,761,Savings,28607930,2027-04-15,YGY01,ACTIVE
14362,3663,Time Deposit,948213457,2026-10-25,JKT01,ACTIVE
14363,2647,Time Deposit,904758026,2026-10-24,BDG01,ACTIVE
14364,1851,Savings,12877503,2026-10-07,BDG01,ACTIVE
14365,7111,Time Deposit,442230298,2027-03-08,JKT02,ACTIVE
14366,6235,Savings,35320278,2027-08-11,JKT02,ACTIVE
14367,2478,Savings,15691969,2027-06-22,BDG01,ACTIVE
14368,8451,Savings,113320293,2027-01-04,BDG01,ACTIVE
14369,7835,Time Deposit,1183785098,2026-04-23,YGY01,ACTIVE
14370,7638,Savings,39034704,2026-10-24,SBY01,ACTIVE
14371,1161,Savings,107165514,2027-04-05,SBY01,ACTIVE
14372,9741,Time Deposit,1334455190,2026-06-06,MDN01,ACTIVE
14373,1205,Time Deposit,385336899,2027-01-27,JKT02,ACTIVE
14374,8054,Savings,32577304,2027-06-13,YGY01,ACTIVE
14375,2397,Time Deposit,62435312,2026-11-27,JKT01,ACTIVE
14376,4011,Savings,13652529,2027-07-09,SBY01,ACTIVE
14377,943,Savings,30125108,2027-08-21,YGY01,ACTIVE
14378,355,Time Deposit,244613912,2026-10-20,JKT01,ACTIVE
14379,4257,Time Deposit,650855171,2026-12-17,SBY01,ACTIVE
14380,4547,Savings,38444720,2026-06-12,JKT01,ACTIVE
14381,3315,Time Deposit,855149430,2026-06-11,MDN01,ACTIVE
14382,9001,Savings,87295467,2027-02-20,BDG01,ACTIVE
14383,1198,Savings,89532963,2026-10-01,SMG01,ACTIVE
14384,8568,Time Deposit,505623653,2027-01-28,SBY01,ACTIVE
14385,511,Savings,194626040,2026-12-31,MDN01,ACTIVE
14386,8572,Savings,24328239,2027-03-27,BDG01,ACTIVE
14387,27,Savings,12777104,2026-09-11,JKT02,ACTIVE
14388,8462,Savings,23667131,2027-01-01,BDG01,ACTIVE
14389,5055,Savings,18675546,2027-05-11,SMG01,ACTIVE
14390,3614,Savings,49209354,2026-10-18,BDG01,ACTIVE
14391,8263,Savings,225649713,2026-06-12,BDG01,ACTIVE
14392,1232,Savings,52517173,2027-09-19,YGY01,ACTIVE
14393,1296,Savings,7669466,2027-06-19,JKT01,ACTIVE
14394,8131,Time Deposit,1359038317,2026-07-16,BDG01,ACTIVE
14395,81,Savings,9524264,2028-02-10,YGY01,ACTIVE
14396,1066,Savings,182625118,2026-10-26,SMG01,ACTIVE
14397,3939,Savings,30960881,2026-09-22,JKT01,ACTIVE
14398,9258,Savings,111380642,2026-06-02,YGY01,ACTIVE
14399,4106,Savings,139703852,2027-03-20,JKT01,ACTIVE
14400,2694,Savings,10542998,2027-11-11,YGY01,ACTIVE
14401,6811,Savings,39697981,2027-11-03,YGY01,ACTIVE
14402,3933,Time Deposit,543530748,2026-05-14,BDG01,ACTIVE
14403,5506,Savings,14701726,2026-10-14,JKT02,ACTIVE
14404,8990,Savings,2823256,2026-10-21,JKT02,ACTIVE
14405,3285,Savings,28857676,2027-06-12,MDN01,ACTIVE
14406,1727,Savings,14941141,2027-10-16,JKT02,ACTIVE
14407,87,Time Deposit,1120903379,2026-05-26,JKT01,ACTIVE
14408,2454,Savings,30148840,2026-07-10,JKT02,ACTIVE
14409,9415,Savings,6124986,2026-10-12,SMG01,ACTIVE
14410,7336,Time Deposit,835115272,2027-02-23,MDN01,ACTIVE
14411,5748,Savings,9375618,2027-08-03,YGY01,ACTIVE
14412,4592,Savings,95233523,2027-02-14,SMG01,ACTIVE
14413,1749,Time Deposit,383046029,2026-10-18,BDG01,ACTIVE
14414,7248,Time Deposit,265481924,2027-02-21,SBY01,ACTIVE
14415,6273,Time Deposit,1721561443,2027-02-17,BDG01,ACTIVE
14416,4548,Savings,78771003,2027-10-03,BDG01,ACTIVE
14417,6708,Time Deposit,700726285,2026-04-14,SMG01,ACTIVE
14418,4453,Time Deposit,819341812,2026-12-31,JKT01,ACTIVE
14419,4104,Time Deposit,969415913,2027-02-13,SBY01,ACTIVE
14420,5234,Savings,13813814,2026-11-14,SMG01,ACTIVE
14421,1618,Savings,36298351,2028-02-11,JKT01,ACTIVE
14422,7067,Time Deposit,988721088,2026-09-08,JKT01,ACTIVE
14423,1008,Savings,97328143,2027-09-28,SMG01,ACTIVE
14424,426,Time Deposit,592658459,2026-06-10,JKT01,ACTIVE
14425,2991,Time Deposit,1447381333,2026-06-08,JKT02,ACTIVE
14426,8161,Savings,29026398,2026-10-09,SMG01,ACTIVE
14427,4941,Savings,11612089,2026-09-06,JKT01,ACTIVE
14428,2209,Savings,30617385,2027-04-24,YGY01,ACTIVE
14429,4235,Time Deposit,728589670,2026-06-23,JKT02,ACTIVE
14430,7211,Time Deposit,1514060032,2026-09-19,JKT01,ACTIVE
14431,9568,Savings,26575806,2026-06-25,YGY01,ACTIVE
14432,471,Savings,23053413,2026-08-04,JKT02,ACTIVE
14433,997,Time Deposit,713614364,2026-04-29,SMG01,ACTIVE
14434,8235,Savings,24565665,2026-07-26,SMG01,ACTIVE
14435,4124,Time Deposit,773933598,2027-01-11,JKT01,ACTIVE
14436,1983,Time Deposit,1666860838,2027-02-23,SBY01,ACTIVE
14437,8785,Time Deposit,476891297,2026-06-26,SMG01,ACTIVE
14438,2259,Time Deposit,1259128854,2027-01-26,SBY01,ACTIVE
14439,5592,Savings,66039697,2028-03-04,YGY01,ACTIVE
14440,4786,Savings,124223669,2026-08-06,JKT01,ACTIVE
14441,4177,Time Deposit,1223446489,2026-12-10,JKT02,ACTIVE
14442,6010,Time Deposit,1367320551,2026-07-27,YGY01,ACTIVE
14443,2219,Savings,47493814,2027-06-14,JKT02,ACTIVE
14444,8521,Time Deposit,960902601,2026-07-03,SBY01,ACTIVE
14445,8208,Savings,42525912,2026-07-13,SBY01,ACTIVE
14446,5156,Savings,29520369,2027-11-06,JKT01,ACTIVE
14447,8025,Savings,16966917,2027-08-29,MDN01,ACTIVE
14448,8604,Savings,16359511,2026-08-28,JKT01,ACTIVE
14449,470,Time Deposit,406520436,2027-02-07,BDG01,ACTIVE
14450,3081,Savings,66765063,2027-10-21,BDG01,ACTIVE
14451,5816,Savings,81603493,2026-08-01,JKT02,ACTIVE
14452,7070,Time Deposit,371315685,2027-01-27,BDG01,ACTIVE
14453,8689,Savings,26568065,2027-10-26,SBY01,ACTIVE
14454,8035,Savings,15446773,2027-05-01,BDG01,ACTIVE
14455,3114,Time Deposit,718610206,2026-05-24,BDG01,ACTIVE
14456,1144,Time Deposit,988417777,2027-01-28,BDG01,ACTIVE
14457,1920,Time Deposit,1023784669,2026-11-06,BDG01,ACTIVE
14458,3881,Time Deposit,1492006626,2027-01-09,SBY01,ACTIVE
14459,532,Time Deposit,817240146,2026-08-22,YGY01,ACTIVE
14460,6544,Time Deposit,240373284,2026-06-25,JKT02,ACTIVE
14461,911,Savings,152237670,2026-11-16,YGY01,ACTIVE
14462,5957,Savings,22015861,2027-08-16,MDN01,ACTIVE
14463,5040,Savings,71551185,2027-03-05,SMG01,ACTIVE
14464,6819,Savings,41255018,2027-09-29,JKT02,ACTIVE
14465,6356,Savings,14839963,2027-11-22,JKT02,ACTIVE
14466,9366,Savings,153236405,2027-03-22,SBY01,ACTIVE
14467,8950,Savings,8530870,2028-01-13,YGY01,ACTIVE
14468,1221,Savings,38655817,2026-10-05,JKT01,ACTIVE
14469,8183,Time Deposit,732571272,2026-04-30,SBY01,ACTIVE
14470,6273,Time Deposit,392862792,2026-06-24,BDG01,ACTIVE
14471,7545,Savings,21009706,2026-10-09,BDG01,ACTIVE
14472,7999,Savings,87292789,2027-10-05,MDN01,ACTIVE
14473,3939,Savings,16121062,2027-01-03,JKT02,ACTIVE
14474,5466,Savings,3077712,2027-01-23,JKT02,ACTIVE
14475,8466,Savings,7775374,2027-12-29,BDG01,ACTIVE
14476,8832,Savings,20888768,2027-04-20,JKT01,ACTIVE
14477,4080,Time Deposit,364488660,2026-07-21,BDG01,ACTIVE
14478,4728,Savings,20103905,2027-03-05,JKT01,ACTIVE
14479,7622,Time Deposit,897260033,2027-02-11,JKT01,ACTIVE
14480,4468,Time Deposit,1463833986,2026-12-19,BDG01,ACTIVE
14481,5836,Savings,30467943,2027-03-29,YGY01,ACTIVE
14482,95,Savings,95715294,2027-10-20,SBY01,ACTIVE
14483,7848,Time Deposit,727088567,2026-10-28,BDG01,ACTIVE
14484,7391,Savings,108807840,2026-06-26,BDG01,ACTIVE
14485,2016,Time Deposit,475342682,2026-05-03,MDN01,ACTIVE
14486,215,Savings,89265207,2027-05-14,JKT01,ACTIVE
14487,3230,Time Deposit,957648114,2026-11-13,JKT01,ACTIVE
14488,1593,Time Deposit,925601139,2026-08-28,YGY01,ACTIVE
14489,8122,Savings,18474941,2028-01-14,BDG01,ACTIVE
14490,4332,Savings,33382704,2027-05-08,MDN01,ACTIVE
14491,9096,Time Deposit,1820915707,2026-11-03,YGY01,ACTIVE
14492,8083,Time Deposit,809745736,2026-10-03,JKT02,ACTIVE
14493,5951,Time Deposit,1248031452,2026-12-28,JKT01,ACTIVE
14494,3490,Time Deposit,905029854,2026-11-11,BDG01,ACTIVE
14495,2729,Savings,63288491,2027-07-03,SBY01,ACTIVE
14496,5056,Time Deposit,214834759,2026-08-09,SMG01,ACTIVE
14497,2500,Time Deposit,672507932,2027-02-07,JKT02,ACTIVE
14498,9229,Savings,16614046,2027-03-19,JKT02,ACTIVE
14499,4088,Savings,123637751,2027-03-24,YGY01,ACTIVE
14500,5481,Time Deposit,1094326806,2026-11-14,BDG01,ACTIVE
14501,5503,Time Deposit,1291962113,2026-05-01,SMG01,ACTIVE
14502,9893,Savings,21701366,2026-08-13,JKT02,ACTIVE
14503,7165,Time Deposit,589242198,2026-08-19,MDN01,ACTIVE
14504,8298,Savings,15989670,2028-02-15,JKT01,ACTIVE
14505,3392,Savings,81132775,2026-12-02,MDN01,ACTIVE
14506,2128,Time Deposit,770839351,2026-08-18,JKT01,ACTIVE
14507,6051,Savings,69973156,2026-10-25,BDG01,ACTIVE
14508,8431,Savings,69818674,2027-06-28,SBY01,ACTIVE
14509,729,Savings,49896170,2027-01-27,JKT01,ACTIVE
14510,554,Savings,106345902,2027-03-21,JKT02,ACTIVE
14511,4983,Savings,21715392,2028-02-11,SMG01,ACTIVE
14512,4609,Savings,105056178,2027-11-20,JKT02,ACTIVE
14513,2011,Savings,21848976,2026-08-16,JKT02,ACTIVE
14514,8067,Time Deposit,616403734,2026-09-24,SMG01,ACTIVE
14515,9786,Time Deposit,799090638,2027-02-02,JKT02,ACTIVE
14516,9402,Time Deposit,722012415,2026-05-12,YGY01,ACTIVE
14517,9357,Time Deposit,769446044,2026-11-22,MDN01,ACTIVE
14518,8463,Savings,6712695,2027-02-23,BDG01,ACTIVE
14519,1534,Savings,75486506,2026-08-30,JKT02,ACTIVE
14520,7202,Savings,100926533,2026-08-15,SMG01,ACTIVE
14521,2072,Savings,211906252,2026-06-01,SMG01,ACTIVE
14522,7584,Time Deposit,836309377,2026-05-02,BDG01,ACTIVE
14523,7265,Savings,69258125,2027-11-03,SMG01,ACTIVE
14524,1726,Savings,62368933,2027-09-04,JKT02,ACTIVE
14525,9865,Savings,30050264,2027-07-19,MDN01,ACTIVE
14526,3371,Savings,28489380,2027-12-16,BDG01,ACTIVE
14527,6108,Savings,15704896,2028-01-02,BDG01,ACTIVE
14528,2171,Time Deposit,1466688979,2026-04-18,MDN01,ACTIVE
14529,339,Savings,154592064,2027-10-14,JKT02,ACTIVE
14530,4346,Savings,56728746,2026-09-10,JKT01,ACTIVE
14531,1054,Savings,34295582,2027-06-27,SBY01,ACTIVE
14532,9679,Savings,16621084,2026-05-15,JKT01,ACTIVE
14533,6104,Savings,146298257,2026-07-31,SBY01,ACTIVE
14534,3171,Time Deposit,1421501556,2026-09-14,SBY01,ACTIVE
14535,6480,Time Deposit,313418025,2026-12-08,YGY01,ACTIVE
14536,6747,Time Deposit,1201175613,2026-12-26,JKT02,ACTIVE
14537,5918,Time Deposit,1701880620,2026-12-31,YGY01,ACTIVE
14538,1669,Savings,22822800,2026-11-29,SMG01,ACTIVE
14539,1569,Savings,18011550,2028-01-01,YGY01,ACTIVE
14540,3727,Savings,27356042,2028-02-18,JKT01,ACTIVE
14541,7391,Time Deposit,835389203,2027-03-09,YGY01,ACTIVE
14542,4199,Savings,20897181,2027-12-11,JKT01,ACTIVE
14543,6654,Time Deposit,472672001,2026-08-27,MDN01,ACTIVE
14544,7797,Savings,127928570,2027-01-26,JKT02,ACTIVE
14545,8262,Savings,24426484,2027-09-08,SMG01,ACTIVE
14546,3159,Time Deposit,888230724,2026-09-29,MDN01,ACTIVE
14547,6056,Savings,34239102,2027-11-14,SBY01,ACTIVE
14548,2701,Savings,7390902,2027-10-25,JKT01,ACTIVE
14549,6314,Savings,12846757,2028-03-08,SMG01,ACTIVE
14550,1957,Time Deposit,671994579,2027-02-11,BDG01,ACTIVE
14551,2471,Savings,21795489,2026-11-22,SBY01,ACTIVE
14552,9909,Savings,36451158,2026-12-03,MDN01,ACTIVE
14553,6010,Savings,43740689,2026-05-12,JKT02,ACTIVE
14554,186,Savings,41263670,2026-10-04,SBY01,ACTIVE
14555,6495,Time Deposit,147584613,2026-04-15,JKT01,ACTIVE
14556,4397,Time Deposit,1071336087,2026-10-21,SBY01,ACTIVE
14557,3527,Savings,138520270,2028-01-08,MDN01,ACTIVE
14558,1874,Savings,28726551,2026-08-30,JKT02,ACTIVE
14559,662,Savings,52236151,2027-09-30,BDG01,ACTIVE
14560,1455,Time Deposit,359486023,2026-05-14,JKT02,ACTIVE
14561,238,Time Deposit,722373681,2026-04-24,SMG01,ACTIVE
14562,2230,Savings,89160414,2027-01-07,SMG01,ACTIVE
14563,4320,Time Deposit,834272482,2026-07-27,MDN01,ACTIVE
14564,6886,Savings,163154340,2027-01-16,JKT01,ACTIVE
14565,9728,Savings,31275739,2027-01-18,MDN01,ACTIVE
14566,7805,Time Deposit,808340777,2027-01-01,SMG01,ACTIVE
14567,4432,Savings,20265388,2027-10-15,JKT01,ACTIVE
14568,700,Savings,16507391,2026-10-19,JKT02,ACTIVE
14569,4910,Savings,16762317,2026-12-10,BDG01,ACTIVE
14570,4456,Savings,6801617,2027-03-18,JKT01,ACTIVE
14571,6550,Savings,22566455,2028-03-02,SMG01,ACTIVE
14572,7903,Savings,77120293,2027-10-17,JKT02,ACTIVE
14573,3852,Savings,12085826,2027-07-28,JKT01,ACTIVE
14574,5760,Time Deposit,322808660,2026-07-01,JKT01,ACTIVE
14575,4145,Time Deposit,521145552,2026-11-02,JKT02,ACTIVE
14576,9625,Savings,90138000,2027-05-03,JKT01,ACTIVE
14577,4762,Savings,21038077,2028-02-20,JKT02,ACTIVE
14578,1956,Savings,8710135,2026-07-02,BDG01,ACTIVE
14579,76,Savings,9116780,2027-07-05,YGY01,ACTIVE
14580,5327,Savings,26812592,2027-01-27,SMG01,ACTIVE
14581,3023,Savings,41673379,2027-07-05,MDN01,ACTIVE
14582,4562,Savings,18132945,2028-02-26,YGY01,ACTIVE
14583,8352,Savings,173819820,2026-09-09,SMG01,ACTIVE
14584,6234,Savings,69706513,2027-10-01,YGY01,ACTIVE
14585,7128,Savings,11355803,2027-10-21,JKT02,ACTIVE
14586,8107,Savings,20413637,2027-08-14,SMG01,ACTIVE
14587,3442,Time Deposit,953292458,2026-10-26,JKT01,ACTIVE
14588,4735,Time Deposit,630446025,2027-02-19,SMG01,ACTIVE
14589,5362,Time Deposit,459305552,2026-12-11,SMG01,ACTIVE
14590,926,Savings,7678624,2028-03-13,SMG01,ACTIVE
14591,6754,Savings,10370738,2028-01-03,JKT01,ACTIVE
14592,6928,Savings,5284643,2027-11-15,BDG01,ACTIVE
14593,3513,Savings,30914521,2027-12-15,BDG01,ACTIVE
14594,4939,Time Deposit,1426479590,2026-07-26,SBY01,ACTIVE
14595,2691,Savings,21982152,2027-06-13,JKT01,ACTIVE
14596,6233,Time Deposit,436140946,2026-11-24,BDG01,ACTIVE
14597,6424,Savings,21175628,2026-10-29,MDN01,ACTIVE
14598,416,Time Deposit,238055133,2026-08-16,SBY01,ACTIVE
14599,2517,Savings,33607331,2026-09-28,JKT01,ACTIVE
14600,8058,Time Deposit,849716353,2026-10-30,JKT01,ACTIVE
14601,8833,Savings,31592852,2026-05-23,JKT02,ACTIVE
14602,5796,Savings,16626924,2026-10-01,SMG01,ACTIVE
14603,4089,Savings,31985623,2027-04-11,YGY01,ACTIVE
14604,3005,Savings,18835356,2027-03-17,SBY01,ACTIVE
14605,6800,Savings,10845580,2027-10-13,BDG01,ACTIVE
14606,1859,Savings,36323312,2027-07-23,SBY01,ACTIVE
14607,1727,Savings,2525792,2027-12-30,YGY01,ACTIVE
14608,2311,Time Deposit,142969961,2026-07-28,SBY01,ACTIVE
14609,2129,Savings,38488873,2026-12-15,SMG01,ACTIVE
14610,8398,Savings,41188656,2026-10-26,MDN01,ACTIVE
14611,8318,Savings,37425837,2027-01-17,BDG01,ACTIVE
14612,9044,Savings,31331309,2026-05-27,SBY01,ACTIVE
14613,5426,Time Deposit,305350003,2026-10-17,MDN01,ACTIVE
14614,1374,Time Deposit,901004396,2026-08-10,BDG01,ACTIVE
14615,6085,Time Deposit,139323381,2026-10-06,MDN01,ACTIVE
14616,1955,Savings,52485384,2027-02-20,JKT01,ACTIVE
14617,357,Savings,36096135,2027-02-17,JKT02,ACTIVE
14618,6982,Savings,24737429,2027-08-13,SBY01,ACTIVE
14619,8704,Savings,41487341,2026-12-07,YGY01,ACTIVE
14620,3125,Time Deposit,924946355,2026-08-16,YGY01,ACTIVE
14621,7683,Time Deposit,1233647995,2026-11-15,SBY01,ACTIVE
14622,9299,Time Deposit,690555314,2026-12-31,SBY01,ACTIVE
14623,3778,Savings,167247556,2027-08-22,JKT01,ACTIVE
14624,4325,Time Deposit,1416047179,2026-11-25,SMG01,ACTIVE
14625,9842,Time Deposit,209872642,2026-11-02,JKT02,ACTIVE
14626,6086,Time Deposit,484826144,2026-07-05,JKT02,ACTIVE
14627,4595,Savings,22298574,2027-07-10,YGY01,ACTIVE
14628,4353,Savings,10721267,2026-11-25,SBY01,ACTIVE
14629,1867,Savings,9755246,2026-08-18,JKT01,ACTIVE
14630,3810,Savings,28916176,2027-12-10,MDN01,ACTIVE
14631,6503,Time Deposit,634603138,2026-10-29,JKT01,ACTIVE
14632,417,Time Deposit,1313916031,2026-09-13,SMG01,ACTIVE
14633,9158,Time Deposit,1013179388,2026-06-13,MDN01,ACTIVE
14634,27,Savings,16904209,2026-12-11,JKT01,ACTIVE
14635,8042,Savings,16480517,2027-09-17,YGY01,ACTIVE
14636,6235,Savings,86105300,2027-11-24,SMG01,ACTIVE
14637,635,Savings,39486315,2028-01-11,BDG01,ACTIVE
14638,8188,Time Deposit,700237839,2026-11-09,JKT02,ACTIVE
14639,7218,Savings,25124192,2027-03-07,JKT01,ACTIVE
14640,3342,Time Deposit,864749622,2026-07-12,SMG01,ACTIVE
14641,3149,Savings,43313115,2027-09-11,BDG01,ACTIVE
14642,5170,Time Deposit,888520790,2026-09-19,SMG01,ACTIVE
14643,6122,Time Deposit,679467053,2026-09-12,JKT01,ACTIVE
14644,1680,Time Deposit,1210190966,2026-07-21,JKT01,ACTIVE
14645,7925,Savings,69178895,2027-12-28,JKT02,ACTIVE
14646,9018,Time Deposit,336830787,2026-12-17,JKT02,ACTIVE
14647,9811,Savings,10290596,2028-02-18,MDN01,ACTIVE
14648,7155,Time Deposit,1067069080,2026-07-30,JKT01,ACTIVE
14649,3828,Time Deposit,452627231,2026-07-08,YGY01,ACTIVE
14650,1039,Time Deposit,186454056,2026-11-10,SBY01,ACTIVE
14651,8145,Time Deposit,265328614,2027-03-08,JKT02,ACTIVE
14652,7941,Savings,30176129,2027-09-10,SMG01,ACTIVE
14653,2615,Time Deposit,747317625,2026-12-17,YGY01,ACTIVE
14654,865,Savings,25334601,2027-08-19,JKT01,ACTIVE
14655,2762,Savings,26318844,2027-07-31,JKT01,ACTIVE
14656,5987,Time Deposit,811228732,2027-03-06,JKT01,ACTIVE
14657,868,Savings,38231997,2027-01-30,JKT02,ACTIVE
14658,9392,Savings,17382840,2027-01-15,SBY01,ACTIVE
14659,5931,Savings,55659604,2028-02-25,YGY01,ACTIVE
14660,4023,Time Deposit,1033817419,2026-05-16,JKT01,ACTIVE
14661,7014,Time Deposit,987892807,2026-12-16,MDN01,ACTIVE
14662,302,Savings,14905631,2027-04-07,JKT02,ACTIVE
14663,2073,Time Deposit,601161870,2026-04-25,JKT01,ACTIVE
14664,2530,Savings,10259348,2027-08-09,MDN01,ACTIVE
14665,8467,Time Deposit,417873047,2026-05-17,BDG01,ACTIVE
14666,6796,Savings,6828966,2027-05-17,JKT01,ACTIVE
14667,540,Savings,12433672,2028-01-03,BDG01,ACTIVE
14668,3848,Time Deposit,940632403,2026-05-15,JKT01,ACTIVE
14669,9026,Time Deposit,868928202,2026-12-06,BDG01,ACTIVE
14670,5928,Savings,24956550,2026-05-05,MDN01,ACTIVE
14671,4229,Savings,40904944,2026-11-03,SMG01,ACTIVE
14672,6743,Savings,13704860,2028-01-02,MDN01,ACTIVE
14673,4242,Savings,24155663,2027-08-19,YGY01,ACTIVE
14674,7952,Time Deposit,815020079,2026-07-03,SMG01,ACTIVE
14675,1828,Time Deposit,663216847,2026-09-24,SBY01,ACTIVE
14676,4289,Savings,18378170,2027-03-16,JKT02,ACTIVE
14677,2201,Time Deposit,1039238247,2026-08-03,YGY01,ACTIVE
14678,6846,Savings,24164700,2027-12-22,YGY01,ACTIVE
14679,4052,Savings,8192314,2027-04-06,JKT02,ACTIVE
14680,8353,Savings,19824167,2027-06-10,SBY01,ACTIVE
14681,3728,Savings,10978118,2028-01-18,YGY01,ACTIVE
14682,2047,Time Deposit,1018334332,2027-03-23,JKT01,ACTIVE
14683,6398,Savings,37533199,2026-05-13,BDG01,ACTIVE
14684,919,Savings,51881400,2027-07-04,MDN01,ACTIVE
14685,2668,Savings,69886768,2027-02-08,MDN01,ACTIVE
14686,5188,Savings,41616822,2027-12-28,JKT01,ACTIVE
14687,2766,Savings,20049023,2027-12-04,JKT02,ACTIVE
14688,6357,Time Deposit,847740084,2026-10-09,YGY01,ACTIVE
14689,2146,Time Deposit,183978796,2026-09-29,JKT01,ACTIVE
14690,10000,Savings,19083199,2027-05-02,YGY01,ACTIVE
14691,1034,Savings,23759543,2028-02-22,SMG01,ACTIVE
14692,5439,Time Deposit,1197751858,2026-12-19,JKT02,ACTIVE
14693,9896,Savings,39463325,2027-08-31,JKT02,ACTIVE
14694,1821,Savings,30998614,2026-10-19,SMG01,ACTIVE
14695,6262,Savings,44123013,2028-02-19,YGY01,ACTIVE
14696,1170,Time Deposit,820306714,2026-04-19,BDG01,ACTIVE
14697,9834,Time Deposit,1514912247,2026-07-04,JKT02,ACTIVE
14698,973,Savings,65823316,2027-12-02,JKT01,ACTIVE
14699,6732,Savings,44065054,2027-11-10,JKT02,ACTIVE
14700,6882,Savings,18618445,2027-10-18,BDG01,ACTIVE
14701,3508,Time Deposit,175226150,2026-04-17,MDN01,ACTIVE
14702,3000,Time Deposit,287185065,2027-01-09,SMG01,ACTIVE
14703,8026,Savings,12804064,2027-01-15,SMG01,ACTIVE
14704,1923,Savings,11495866,2027-12-13,MDN01,ACTIVE
14705,8136,Savings,8607911,2026-05-29,SMG01,ACTIVE
14706,2038,Savings,96963292,2026-09-09,BDG01,ACTIVE
14707,7087,Time Deposit,224311105,2026-08-28,BDG01,ACTIVE
14708,6940,Savings,65723446,2026-08-26,SMG01,ACTIVE
14709,4710,Savings,64761262,2027-08-12,SMG01,ACTIVE
14710,1956,Time Deposit,273008530,2026-04-15,YGY01,ACTIVE
14711,5796,Savings,10684960,2026-09-07,JKT02,ACTIVE
14712,2023,Savings,111304122,2026-09-18,JKT02,ACTIVE
14713,8780,Time Deposit,683178523,2027-01-10,SMG01,ACTIVE
14714,1171,Savings,151559632,2027-02-26,YGY01,ACTIVE
14715,3899,Time Deposit,1519261181,2027-01-07,BDG01,ACTIVE
14716,6843,Time Deposit,929295272,2027-03-23,MDN01,ACTIVE
14717,9578,Savings,105584686,2026-09-04,SMG01,ACTIVE
14718,1031,Savings,69277145,2026-05-24,MDN01,ACTIVE
14719,7496,Savings,4929385,2027-10-15,BDG01,ACTIVE
14720,3520,Savings,87950291,2026-08-09,YGY01,ACTIVE
14721,1775,Savings,14860030,2026-05-24,MDN01,ACTIVE
14722,8514,Time Deposit,926129414,2026-08-28,JKT01,ACTIVE
14723,8363,Time Deposit,913797721,2026-09-25,JKT01,ACTIVE
14724,7103,Time Deposit,1391394476,2027-01-29,SMG01,ACTIVE
14725,660,Savings,117286235,2027-08-12,SMG01,ACTIVE
14726,3986,Savings,54305865,2028-02-15,JKT01,ACTIVE
14727,2731,Time Deposit,1377458486,2026-05-20,SBY01,ACTIVE
14728,7764,Savings,70264721,2027-05-25,SMG01,ACTIVE
14729,4588,Time Deposit,202571338,2026-06-19,SMG01,ACTIVE
14730,8393,Savings,6089430,2026-11-01,YGY01,ACTIVE
14731,1902,Time Deposit,930896823,2027-03-03,YGY01,ACTIVE
14732,4556,Savings,75242089,2028-01-16,SBY01,ACTIVE
14733,8772,Savings,42129109,2026-12-31,MDN01,ACTIVE
14734,6631,Time Deposit,590020461,2026-05-24,SBY01,ACTIVE
14735,1059,Time Deposit,1343010168,2026-11-13,BDG01,ACTIVE
14736,1083,Time Deposit,379206292,2026-12-27,YGY01,ACTIVE
14737,81,Savings,30229502,2028-02-07,SMG01,ACTIVE
14738,6809,Time Deposit,778484439,2027-02-15,MDN01,ACTIVE
14739,161,Time Deposit,1268518685,2027-01-05,SMG01,ACTIVE
14740,1036,Time Deposit,910164399,2026-07-07,MDN01,ACTIVE
14741,1348,Time Deposit,806128484,2026-05-27,BDG01,ACTIVE
14742,938,Savings,11271038,2028-03-11,MDN01,ACTIVE
14743,425,Savings,33775719,2026-12-21,YGY01,ACTIVE
14744,8372,Savings,33387886,2027-10-29,BDG01,ACTIVE
14745,4876,Savings,99750815,2027-02-14,YGY01,ACTIVE
14746,6439,Savings,43827046,2027-02-20,MDN01,ACTIVE
14747,8352,Time Deposit,561260773,2026-11-19,SMG01,ACTIVE
14748,5578,Savings,12968425,2027-02-04,JKT01,ACTIVE
14749,8180,Time Deposit,1173216312,2026-09-02,BDG01,ACTIVE
14750,6873,Savings,17275021,2026-04-25,MDN01,ACTIVE
14751,8741,Savings,233915374,2027-09-09,YGY01,ACTIVE
14752,8734,Time Deposit,646139357,2026-12-04,BDG01,ACTIVE
14753,3694,Time Deposit,670735438,2026-04-18,JKT02,ACTIVE
14754,6351,Savings,28171935,2027-01-05,JKT01,ACTIVE
14755,6355,Time Deposit,1192151756,2026-07-06,JKT01,ACTIVE
14756,2238,Savings,2268052,2027-12-17,SBY01,ACTIVE
14757,1587,Savings,170677828,2026-08-03,YGY01,ACTIVE
14758,8237,Savings,26144467,2026-05-21,JKT01,ACTIVE
14759,220,Time Deposit,614161890,2026-05-12,SMG01,ACTIVE
14760,80,Time Deposit,958473072,2026-04-25,BDG01,ACTIVE
14761,5760,Time Deposit,188603564,2026-06-12,JKT02,ACTIVE
14762,9729,Savings,27771280,2026-11-25,JKT01,ACTIVE
14763,714,Savings,121659318,2027-11-28,YGY01,ACTIVE
14764,39,Savings,159958326,2027-03-02,JKT02,ACTIVE
14765,4939,Savings,95934190,2026-06-02,JKT02,ACTIVE
14766,2023,Savings,75318968,2027-01-03,SMG01,ACTIVE
14767,4565,Savings,13026726,2027-05-14,YGY01,ACTIVE
14768,7514,Time Deposit,945635903,2026-08-21,SMG01,ACTIVE
14769,9885,Savings,118001876,2027-01-07,SMG01,ACTIVE
14770,3258,Savings,16043948,2027-05-11,YGY01,ACTIVE
14771,8482,Savings,21114653,2027-09-01,SBY01,ACTIVE
14772,9231,Time Deposit,1432020743,2026-05-05,YGY01,ACTIVE
14773,6071,Savings,118691632,2027-08-07,SMG01,ACTIVE
14774,5252,Savings,140195197,2026-12-31,BDG01,ACTIVE
14775,6939,Savings,16788102,2026-07-25,JKT01,ACTIVE
14776,9056,Savings,152476648,2027-01-28,JKT02,ACTIVE
14777,9001,Savings,190672628,2026-10-29,SMG01,ACTIVE
14778,902,Savings,66312338,2026-10-09,MDN01,ACTIVE
14779,8993,Savings,6138596,2026-04-24,JKT02,ACTIVE
14780,9827,Time Deposit,681043413,2027-01-21,SMG01,ACTIVE
14781,6022,Savings,27856670,2026-08-18,MDN01,ACTIVE
14782,1359,Savings,8611976,2027-08-13,SBY01,ACTIVE
14783,85,Savings,84199341,2026-09-13,MDN01,ACTIVE
14784,1732,Savings,10919860,2026-12-21,JKT02,ACTIVE
14785,5154,Savings,39505968,2027-01-02,SBY01,ACTIVE
14786,1924,Savings,102192750,2028-02-06,MDN01,ACTIVE
14787,1900,Savings,14094040,2026-09-24,JKT02,ACTIVE
14788,4936,Time Deposit,653311952,2026-05-11,YGY01,ACTIVE
14789,2888,Savings,65975323,2026-09-21,SBY01,ACTIVE
14790,8393,Savings,7270659,2027-01-12,JKT01,ACTIVE
14791,4028,Time Deposit,800247137,2026-06-23,MDN01,ACTIVE
14792,800,Time Deposit,334351136,2026-06-20,BDG01,ACTIVE
14793,6649,Time Deposit,940466081,2026-09-04,MDN01,ACTIVE
14794,555,Time Deposit,1647149568,2026-04-19,SBY01,ACTIVE
14795,7714,Savings,33029464,2028-01-01,MDN01,ACTIVE
14796,3861,Savings,59544047,2027-10-08,SMG01,ACTIVE
14797,4502,Time Deposit,570550292,2026-10-07,JKT02,ACTIVE
14798,2732,Savings,29496981,2026-09-26,MDN01,ACTIVE
14799,9439,Time Deposit,872191107,2027-02-12,SMG01,ACTIVE
14800,5804,Savings,144010736,2026-12-25,SMG01,ACTIVE
14801,1746,Savings,11126548,2027-09-30,YGY01,ACTIVE
14802,3332,Savings,40021829,2026-07-04,SMG01,ACTIVE
14803,164,Savings,88082698,2027-01-11,JKT02,ACTIVE
14804,2785,Savings,20597046,2026-12-17,YGY01,ACTIVE
14805,333,Savings,11622130,2028-02-10,BDG01,ACTIVE
14806,4607,Time Deposit,1013457545,2026-09-17,SMG01,ACTIVE
14807,2317,Time Deposit,642930222,2026-05-18,MDN01,ACTIVE
14808,8910,Savings,48051427,2027-01-31,YGY01,ACTIVE
14809,2978,Time Deposit,1025760286,2026-06-04,JKT01,ACTIVE
14810,2905,Time Deposit,808331988,2027-03-18,SMG01,ACTIVE
14811,8067,Time Deposit,352246398,2026-07-29,MDN01,ACTIVE
14812,5930,Savings,4610128,2026-10-20,SMG01,ACTIVE
14813,3013,Time Deposit,1742272467,2026-05-23,YGY01,ACTIVE
14814,7006,Savings,37720774,2028-01-11,SMG01,ACTIVE
14815,5497,Time Deposit,186492227,2026-08-25,JKT01,ACTIVE
14816,5943,Savings,7107326,2026-11-15,SMG01,ACTIVE
14817,1900,Savings,41831898,2027-06-08,JKT01,ACTIVE
14818,8346,Savings,104742445,2027-10-24,MDN01,ACTIVE
14819,705,Savings,6253232,2027-03-12,SBY01,ACTIVE
14820,8250,Savings,189217250,2026-07-07,BDG01,ACTIVE
14821,9184,Savings,104110057,2026-05-06,SMG01,ACTIVE
14822,208,Savings,71682596,2027-04-30,SMG01,ACTIVE
14823,2491,Time Deposit,457667314,2026-05-20,JKT02,ACTIVE
14824,3015,Time Deposit,1403453870,2026-07-22,JKT02,ACTIVE
14825,1421,Savings,116054576,2027-11-06,MDN01,ACTIVE
14826,3648,Time Deposit,857487861,2026-12-20,MDN01,ACTIVE
14827,775,Time Deposit,1758259128,2026-08-05,YGY01,ACTIVE
14828,188,Time Deposit,1012302520,2026-10-02,MDN01,ACTIVE
14829,9915,Savings,10092446,2027-05-25,BDG01,ACTIVE
14830,5121,Savings,27593901,2027-06-08,SBY01,ACTIVE
14831,9784,Savings,50704284,2027-09-14,JKT01,ACTIVE
14832,807,Time Deposit,370767975,2026-07-26,YGY01,ACTIVE
14833,9745,Savings,30193555,2027-12-08,YGY01,ACTIVE
14834,1745,Savings,11708960,2026-06-24,BDG01,ACTIVE
14835,5228,Savings,9787178,2027-03-27,YGY01,ACTIVE
14836,1983,Savings,123888769,2027-05-13,JKT01,ACTIVE
14837,522,Savings,19160087,2028-01-12,YGY01,ACTIVE
14838,4607,Savings,150395627,2028-01-17,JKT02,ACTIVE
14839,1262,Time Deposit,1571274241,2026-12-03,YGY01,ACTIVE
14840,112,Time Deposit,669601075,2026-09-02,YGY01,ACTIVE
14841,1480,Time Deposit,339545464,2026-07-12,JKT01,ACTIVE
14842,8520,Savings,29458765,2028-03-19,MDN01,ACTIVE
14843,5340,Time Deposit,503724869,2027-02-23,BDG01,ACTIVE
14844,1502,Savings,7758786,2027-06-13,YGY01,ACTIVE
14845,2820,Savings,9988668,2026-07-16,JKT01,ACTIVE
14846,3958,Savings,201419923,2026-12-30,YGY01,ACTIVE
14847,4780,Savings,90211641,2027-12-07,JKT02,ACTIVE
14848,8768,Savings,19633081,2027-05-03,JKT01,ACTIVE
14849,1523,Savings,169545741,2026-07-04,BDG01,ACTIVE
14850,2564,Savings,16021612,2026-11-15,SMG01,ACTIVE
14851,3653,Savings,37151353,2026-05-07,YGY01,ACTIVE
14852,3831,Savings,23821977,2027-07-14,SBY01,ACTIVE
14853,9074,Time Deposit,338947818,2027-01-21,YGY01,ACTIVE
14854,7505,Savings,88100178,2026-07-29,SMG01,ACTIVE
14855,1082,Savings,12872231,2027-05-09,BDG01,ACTIVE
14856,9488,Time Deposit,620194529,2027-02-27,JKT01,ACTIVE
14857,2677,Savings,12215909,2027-01-28,JKT01,ACTIVE
14858,3544,Savings,34693000,2026-04-28,JKT01,ACTIVE
14859,1923,Time Deposit,1100118914,2026-06-16,YGY01,ACTIVE
14860,6037,Savings,12649038,2027-05-02,YGY01,ACTIVE
14861,243,Time Deposit,821824199,2026-12-27,YGY01,ACTIVE
14862,8222,Savings,54682903,2027-08-18,JKT02,ACTIVE
14863,1855,Savings,56138623,2028-01-12,YGY01,ACTIVE
14864,6896,Savings,19357282,2026-10-16,JKT02,ACTIVE
14865,438,Time Deposit,1331902258,2027-01-23,SMG01,ACTIVE
14866,3523,Savings,49982918,2027-10-23,SMG01,ACTIVE
14867,3908,Time Deposit,806194839,2026-08-16,JKT01,ACTIVE
14868,9397,Time Deposit,1009969841,2026-11-10,SMG01,ACTIVE
14869,6270,Time Deposit,197153532,2027-02-01,MDN01,ACTIVE
14870,230,Savings,69541734,2028-03-13,SMG01,ACTIVE
14871,9938,Savings,38785160,2027-09-20,JKT02,ACTIVE
14872,7414,Savings,11360245,2027-08-07,JKT01,ACTIVE
14873,2285,Time Deposit,590740873,2026-09-25,SBY01,ACTIVE
14874,4252,Savings,31253601,2027-10-24,SMG01,ACTIVE
14875,1773,Savings,220063204,2027-06-28,BDG01,ACTIVE
14876,7933,Savings,29985160,2027-11-26,MDN01,ACTIVE
14877,2568,Savings,75364758,2027-07-19,JKT02,ACTIVE
14878,5298,Time Deposit,580086938,2026-11-15,YGY01,ACTIVE
14879,1166,Savings,25506155,2027-04-16,YGY01,ACTIVE
14880,594,Time Deposit,517100293,2026-08-28,SMG01,ACTIVE
14881,2951,Savings,101067540,2026-07-14,BDG01,ACTIVE
14882,8005,Savings,16223351,2027-04-08,JKT02,ACTIVE
14883,5646,Savings,7390027,2026-11-08,JKT01,ACTIVE
14884,86,Savings,32170383,2028-02-08,SMG01,ACTIVE
14885,1515,Savings,101580727,2026-11-12,SMG01,ACTIVE
14886,5114,Savings,23123604,2026-12-01,BDG01,ACTIVE
14887,5601,Savings,42658402,2027-08-08,JKT02,ACTIVE
14888,5132,Savings,162355034,2027-04-06,BDG01,ACTIVE
14889,7132,Time Deposit,593546172,2026-07-06,SMG01,ACTIVE
14890,3181,Time Deposit,858318218,2027-03-09,JKT01,ACTIVE
14891,3866,Savings,41796849,2027-06-27,BDG01,ACTIVE
14892,1719,Time Deposit,975632551,2026-10-01,JKT02,ACTIVE
14893,8117,Savings,37064751,2026-09-15,JKT02,ACTIVE
14894,3740,Savings,8125661,2026-08-13,SMG01,ACTIVE
14895,6140,Savings,111351360,2027-10-29,JKT01,ACTIVE
14896,3153,Time Deposit,1119349126,2026-06-29,SBY01,ACTIVE
14897,3780,Time Deposit,406221886,2026-08-22,SMG01,ACTIVE
14898,5011,Savings,19123826,2028-02-02,SMG01,ACTIVE
14899,8667,Time Deposit,205411653,2026-08-21,JKT02,ACTIVE
14900,401,Time Deposit,329391499,2027-02-03,BDG01,ACTIVE
14901,6828,Savings,99873362,2026-06-22,MDN01,ACTIVE
14902,6567,Time Deposit,67701148,2027-01-02,BDG01,ACTIVE
14903,3234,Savings,41358007,2028-03-19,JKT02,ACTIVE
14904,5285,Time Deposit,591332787,2026-08-06,SMG01,ACTIVE
14905,6610,Savings,27548188,2027-10-26,BDG01,ACTIVE
14906,3249,Time Deposit,814868708,2026-10-27,SMG01,ACTIVE
14907,7240,Savings,152517509,2026-10-11,SBY01,ACTIVE
14908,5437,Savings,208565189,2027-11-01,SBY01,ACTIVE
14909,4086,Savings,14060956,2026-05-05,BDG01,ACTIVE
14910,2805,Time Deposit,517395216,2026-12-03,BDG01,ACTIVE
14911,230,Time Deposit,1628631484,2026-07-16,JKT02,ACTIVE
14912,6018,Savings,20663041,2028-02-25,SMG01,ACTIVE
14913,4627,Savings,93575802,2028-01-24,JKT01,ACTIVE
14914,1216,Savings,145112376,2027-10-12,SBY01,ACTIVE
14915,2043,Savings,41913302,2026-11-27,JKT01,ACTIVE
14916,1091,Time Deposit,1118599740,2026-09-07,YGY01,ACTIVE
14917,6447,Time Deposit,297231863,2026-12-17,BDG01,ACTIVE
14918,5895,Savings,9304202,2026-12-28,SMG01,ACTIVE
14919,7417,Savings,232819324,2026-06-28,YGY01,ACTIVE
14920,7774,Savings,10645929,2027-09-19,MDN01,ACTIVE
14921,4244,Time Deposit,111187096,2026-10-26,MDN01,ACTIVE
14922,1378,Savings,13775155,2027-05-26,SBY01,ACTIVE
14923,576,Time Deposit,842872982,2026-11-02,YGY01,ACTIVE
14924,4522,Savings,62896995,2026-06-14,BDG01,ACTIVE
14925,6170,Savings,117813029,2027-12-12,YGY01,ACTIVE
14926,797,Time Deposit,345999306,2026-10-08,JKT02,ACTIVE
14927,7813,Time Deposit,400972271,2026-12-09,SMG01,ACTIVE
14928,1585,Savings,7044355,2027-03-19,SBY01,ACTIVE
14929,2275,Savings,43269425,2026-10-19,BDG01,ACTIVE
14930,8936,Savings,62216055,2027-05-03,YGY01,ACTIVE
14931,3153,Savings,96805602,2027-09-07,SMG01,ACTIVE
14932,95,Savings,117831426,2027-03-31,JKT01,ACTIVE
14933,4269,Time Deposit,837785098,2026-05-09,JKT01,ACTIVE
14934,8802,Savings,92936250,2027-11-19,JKT02,ACTIVE
14935,4668,Time Deposit,764960519,2026-08-01,JKT01,ACTIVE
14936,9001,Time Deposit,943401681,2026-05-29,MDN01,ACTIVE
14937,3301,Time Deposit,771867579,2026-07-10,BDG01,ACTIVE
14938,1400,Time Deposit,356767301,2027-03-06,JKT01,ACTIVE
14939,107,Savings,60964858,2027-06-03,JKT01,ACTIVE
14940,7791,Time Deposit,208007648,2027-01-20,YGY01,ACTIVE
14941,2354,Savings,103956843,2026-05-06,JKT01,ACTIVE
14942,832,Time Deposit,1010427222,2026-05-11,BDG01,ACTIVE
14943,2940,Savings,16161703,2027-04-14,YGY01,ACTIVE
14944,2104,Time Deposit,1651974026,2026-08-24,SBY01,ACTIVE
14945,9327,Savings,54847274,2027-01-07,JKT02,ACTIVE
14946,9129,Savings,18799682,2027-10-05,BDG01,ACTIVE
14947,1255,Savings,79895116,2027-07-26,SMG01,ACTIVE
14948,3119,Savings,28271047,2027-06-21,BDG01,ACTIVE
14949,1912,Savings,31128205,2027-02-23,BDG01,ACTIVE
14950,7726,Savings,51480352,2027-07-22,YGY01,ACTIVE
14951,7839,Savings,220068130,2027-08-03,JKT01,ACTIVE
14952,7952,Time Deposit,1456049773,2027-03-21,SBY01,ACTIVE
14953,1069,Time Deposit,549035619,2026-10-28,BDG01,ACTIVE
14954,6865,Time Deposit,327090609,2026-05-01,JKT02,ACTIVE
14955,5079,Savings,29189788,2026-09-23,SMG01,ACTIVE
14956,3965,Savings,103953628,2027-02-24,JKT01,ACTIVE
14957,5013,Time Deposit,543621581,2027-03-06,YGY01,ACTIVE
14958,6692,Savings,23102025,2026-09-28,SMG01,ACTIVE
14959,6463,Time Deposit,321447709,2026-11-30,SBY01,ACTIVE
14960,619,Time Deposit,1939053674,2026-10-17,YGY01,ACTIVE
14961,3512,Time Deposit,930275186,2026-09-01,SMG01,ACTIVE
14962,669,Savings,12307278,2026-09-10,MDN01,ACTIVE
14963,6305,Savings,85373032,2027-12-07,SBY01,ACTIVE
14964,9932,Savings,19577927,2026-10-11,SBY01,ACTIVE
14965,2358,Savings,10286514,2027-10-26,JKT01,ACTIVE
14966,6857,Time Deposit,506996794,2026-10-16,BDG01,ACTIVE
14967,862,Savings,24100387,2028-01-21,SMG01,ACTIVE
14968,2846,Time Deposit,475228354,2027-02-07,JKT02,ACTIVE
14969,3159,Time Deposit,454493168,2026-05-07,BDG01,ACTIVE
14970,5386,Savings,6210270,2026-10-20,YGY01,ACTIVE
14971,7722,Savings,13681942,2028-03-20,JKT02,ACTIVE
14972,4443,Time Deposit,322106316,2026-11-22,BDG01,ACTIVE
14973,519,Savings,94791504,2026-07-27,JKT01,ACTIVE
14974,2702,Savings,39263420,2026-09-28,SBY01,ACTIVE
14975,4268,Savings,105845136,2026-08-13,BDG01,ACTIVE
14976,928,Savings,22579661,2026-09-28,YGY01,ACTIVE
14977,7465,Time Deposit,1004594811,2026-07-13,SBY01,ACTIVE
14978,4138,Time Deposit,1590346250,2026-11-06,SMG01,ACTIVE
14979,2573,Savings,132057116,2027-01-06,JKT02,ACTIVE
14980,2516,Savings,123493147,2026-09-08,JKT01,ACTIVE
14981,389,Savings,44843585,2027-10-03,JKT01,ACTIVE
14982,6581,Time Deposit,1605899417,2027-02-23,JKT01,ACTIVE
14983,8919,Savings,53190296,2027-08-10,SMG01,ACTIVE
14984,7382,Savings,123286124,2026-09-10,MDN01,ACTIVE
14985,4046,Time Deposit,328673627,2026-07-10,BDG01,ACTIVE
14986,7380,Savings,12706639,2027-04-14,JKT01,ACTIVE
14987,192,Savings,4567647,2027-02-07,YGY01,ACTIVE
14988,8247,Time Deposit,470738660,2026-04-29,SMG01,ACTIVE
14989,3140,Time Deposit,345409656,2027-01-15,MDN01,ACTIVE
14990,9620,Time Deposit,1551667337,2026-11-29,BDG01,ACTIVE
14991,6090,Savings,20390417,2026-05-29,JKT02,ACTIVE
14992,173,Time Deposit,447690418,2026-05-07,JKT02,ACTIVE
14993,9814,Time Deposit,211756174,2027-01-16,MDN01,ACTIVE
14994,6316,Savings,11986065,2027-02-12,SBY01,ACTIVE
14995,6,Time Deposit,671629498,2026-09-17,SMG01,ACTIVE
14996,4916,Time Deposit,749985936,2026-07-06,SMG01,ACTIVE
14997,352,Time Deposit,1190567781,2027-02-02,SMG01,ACTIVE
14998,6710,Time Deposit,1130957658,2026-10-10,JKT01,ACTIVE
14999,8981,Savings,49954594,2026-05-06,BDG01,ACTIVE
15000,6075,Savings,8328108,2026-06-22,SMG01,ACTIVE
15001,6492,Savings,141155631,2026-09-25,JKT02,ACTIVE
15002,3026,Time Deposit,1119987424,2026-09-12,SMG01,ACTIVE
15003,855,Savings,59884120,2027-01-25,SMG01,ACTIVE
15004,3953,Savings,4411421,2026-06-18,JKT01,ACTIVE
15005,8100,Time Deposit,1439047193,2026-11-29,JKT02,ACTIVE
15006,7721,Savings,42412484,2027-02-19,JKT02,ACTIVE
15007,9280,Savings,23479002,2027-06-04,JKT02,ACTIVE
15008,7959,Savings,8828376,2027-06-11,JKT02,ACTIVE
15009,4302,Savings,65621788,2027-12-14,SBY01,ACTIVE
15010,5517,Savings,37067976,2027-05-23,YGY01,ACTIVE
15011,2128,Time Deposit,1099953290,2026-09-11,MDN01,ACTIVE
15012,8929,Time Deposit,136835723,2026-10-18,BDG01,ACTIVE
15013,694,Savings,41820155,2027-03-28,BDG01,ACTIVE
15014,9863,Savings,20996032,2027-11-07,MDN01,ACTIVE
15015,6647,Savings,8912562,2026-05-07,SMG01,ACTIVE
15016,3383,Savings,31393082,2026-06-08,SMG01,ACTIVE
15017,1930,Savings,90185746,2028-01-13,JKT02,ACTIVE
15018,7067,Time Deposit,1142216430,2026-08-28,BDG01,ACTIVE
15019,183,Time Deposit,1206256636,2026-05-11,SBY01,ACTIVE
15020,9744,Savings,133950680,2026-06-27,JKT02,ACTIVE
15021,1736,Savings,6427902,2027-03-23,SMG01,ACTIVE
15022,444,Time Deposit,1336765217,2027-03-21,JKT01,ACTIVE
15023,6461,Savings,15929366,2026-06-17,SMG01,ACTIVE
15024,9439,Savings,165410351,2027-10-28,SBY01,ACTIVE
15025,9487,Time Deposit,357430900,2027-02-09,SMG01,ACTIVE
15026,5049,Time Deposit,206086925,2026-06-19,MDN01,ACTIVE
15027,1503,Savings,16478191,2027-10-10,JKT01,ACTIVE
15028,3680,Time Deposit,608377372,2026-10-04,SBY01,ACTIVE
15029,4406,Savings,12243800,2026-09-05,MDN01,ACTIVE
15030,8834,Savings,6877546,2027-02-21,JKT01,ACTIVE
15031,642,Time Deposit,674858877,2026-08-12,JKT01,ACTIVE
15032,9232,Time Deposit,1019428960,2026-05-11,YGY01,ACTIVE
15033,3373,Time Deposit,651928428,2026-09-03,SBY01,ACTIVE
15034,3389,Time Deposit,1009234297,2026-04-17,SMG01,ACTIVE
15035,2711,Time Deposit,1344705850,2027-03-15,SBY01,ACTIVE
15036,6468,Time Deposit,556963361,2026-04-09,SMG01,ACTIVE
15037,6496,Time Deposit,1261604406,2026-10-09,BDG01,ACTIVE
15038,9826,Time Deposit,487627824,2026-11-16,JKT01,ACTIVE
15039,3686,Time Deposit,1244136229,2026-09-04,JKT01,ACTIVE
15040,5682,Time Deposit,654270341,2026-07-31,YGY01,ACTIVE
15041,6147,Savings,66202278,2028-02-14,JKT02,ACTIVE
15042,8751,Savings,176755399,2027-11-22,BDG01,ACTIVE
15043,4094,Time Deposit,537532524,2027-01-30,YGY01,ACTIVE
15044,3645,Time Deposit,216529078,2026-07-26,SBY01,ACTIVE
15045,9056,Time Deposit,1513826182,2026-04-30,SBY01,ACTIVE
15046,1841,Savings,57344631,2027-04-07,MDN01,ACTIVE
15047,223,Time Deposit,669183750,2026-04-18,YGY01,ACTIVE
15048,4577,Time Deposit,675942398,2027-02-10,YGY01,ACTIVE
15049,4230,Time Deposit,820887623,2026-12-19,YGY01,ACTIVE
15050,9595,Savings,40697956,2026-06-21,YGY01,ACTIVE
15051,8866,Savings,36258203,2028-03-18,BDG01,ACTIVE
15052,5666,Savings,23612169,2026-06-19,BDG01,ACTIVE
15053,8196,Time Deposit,905416947,2026-11-29,SMG01,ACTIVE
15054,255,Time Deposit,253219578,2026-10-21,SMG01,ACTIVE
15055,1750,Time Deposit,1230952753,2026-09-15,JKT02,ACTIVE
15056,4039,Time Deposit,169777115,2026-09-20,BDG01,ACTIVE
15057,1217,Savings,72203213,2027-05-05,YGY01,ACTIVE
15058,6050,Time Deposit,1086889477,2027-01-09,SBY01,ACTIVE
15059,1388,Savings,26027298,2027-04-11,JKT01,ACTIVE
15060,8252,Savings,38222276,2026-08-29,JKT02,ACTIVE
15061,1637,Time Deposit,348050055,2026-10-29,SMG01,ACTIVE
15062,583,Savings,9411413,2027-08-25,SMG01,ACTIVE
15063,5912,Savings,87001608,2027-06-01,BDG01,ACTIVE
15064,7758,Time Deposit,423331386,2026-05-24,JKT02,ACTIVE
15065,4426,Time Deposit,472469745,2026-09-25,JKT01,ACTIVE
15066,9755,Savings,109357818,2027-04-03,SBY01,ACTIVE
15067,7781,Time Deposit,483675983,2026-12-02,JKT01,ACTIVE
15068,1429,Time Deposit,900549120,2026-05-08,BDG01,ACTIVE
15069,4156,Time Deposit,496938727,2027-02-11,SBY01,ACTIVE
15070,5221,Time Deposit,1190508316,2026-08-13,BDG01,ACTIVE
15071,5645,Time Deposit,293129213,2027-03-19,MDN01,ACTIVE
15072,7263,Savings,13201868,2027-06-10,JKT02,ACTIVE
15073,6395,Savings,30026828,2028-02-24,SBY01,ACTIVE
15074,5457,Savings,8455264,2027-11-30,MDN01,ACTIVE
15075,1908,Savings,100608666,2027-10-16,MDN01,ACTIVE
15076,6507,Savings,25464471,2027-11-12,BDG01,ACTIVE
15077,6542,Savings,24144675,2027-03-02,JKT01,ACTIVE
15078,2141,Savings,18683682,2028-03-09,MDN01,ACTIVE
15079,3673,Savings,92903296,2027-02-14,SBY01,ACTIVE
15080,6932,Savings,18231563,2026-08-12,SMG01,ACTIVE
15081,9054,Savings,5747065,2027-07-30,JKT02,ACTIVE
15082,5339,Time Deposit,616173921,2026-12-10,JKT01,ACTIVE
15083,2601,Savings,31593691,2027-09-07,YGY01,ACTIVE
15084,6952,Savings,19576120,2027-08-20,JKT02,ACTIVE
15085,1743,Time Deposit,1150272295,2027-02-09,JKT02,ACTIVE
15086,3387,Time Deposit,448570555,2027-02-04,MDN01,ACTIVE
15087,1102,Savings,106773259,2027-02-21,SMG01,ACTIVE
15088,5918,Savings,86814613,2026-05-13,MDN01,ACTIVE
15089,2155,Savings,45808944,2026-09-23,JKT01,ACTIVE
15090,9504,Savings,79182768,2027-04-10,JKT02,ACTIVE
15091,6378,Time Deposit,1326824541,2026-12-29,JKT02,ACTIVE
15092,9020,Time Deposit,346593156,2026-10-13,SMG01,ACTIVE
15093,8383,Savings,27194527,2027-11-11,MDN01,ACTIVE
15094,7394,Time Deposit,873971375,2026-07-23,JKT02,ACTIVE
15095,1956,Savings,15686116,2027-12-19,SBY01,ACTIVE
15096,3126,Savings,9609713,2027-05-16,SBY01,ACTIVE
15097,6480,Time Deposit,544113149,2026-04-09,YGY01,ACTIVE
15098,988,Savings,63566339,2027-05-31,BDG01,ACTIVE
15099,8125,Time Deposit,1034848552,2027-01-26,JKT02,ACTIVE
15100,5089,Savings,15190727,2026-05-09,YGY01,ACTIVE
15101,2493,Savings,15152572,2027-11-21,SMG01,ACTIVE
15102,3469,Time Deposit,728074738,2027-03-20,BDG01,ACTIVE
15103,4799,Time Deposit,1019217310,2026-12-20,BDG01,ACTIVE
15104,9344,Time Deposit,907220599,2026-04-22,BDG01,ACTIVE
15105,7889,Savings,176251478,2027-01-11,JKT01,ACTIVE
15106,888,Savings,126966271,2027-03-19,SMG01,ACTIVE
15107,5757,Savings,103369580,2027-08-21,MDN01,ACTIVE
15108,9513,Time Deposit,1002489571,2026-06-08,BDG01,ACTIVE
15109,178,Time Deposit,447004189,2026-04-29,JKT01,ACTIVE
15110,7056,Time Deposit,740418342,2026-07-31,SMG01,ACTIVE
15111,5919,Time Deposit,650656966,2026-09-02,MDN01,ACTIVE
15112,5437,Time Deposit,817304918,2027-01-24,JKT01,ACTIVE
15113,3872,Savings,29044254,2026-05-04,JKT02,ACTIVE
15114,3256,Savings,10763314,2027-04-12,MDN01,ACTIVE
15115,2510,Savings,30327203,2027-10-11,JKT02,ACTIVE
15116,9136,Time Deposit,699141080,2027-03-08,MDN01,ACTIVE
15117,9987,Savings,9273142,2026-12-03,BDG01,ACTIVE
15118,3122,Savings,16794564,2027-06-10,YGY01,ACTIVE
15119,189,Time Deposit,543037295,2026-08-14,SBY01,ACTIVE
15120,9408,Savings,45245168,2028-02-13,JKT02,ACTIVE
15121,6681,Savings,110480524,2026-06-30,SBY01,ACTIVE
15122,6993,Savings,32560594,2026-12-29,YGY01,ACTIVE
15123,1177,Savings,33494884,2027-08-18,SMG01,ACTIVE
15124,5834,Time Deposit,473713494,2026-07-06,JKT01,ACTIVE
15125,8910,Time Deposit,354404943,2027-01-10,BDG01,ACTIVE
15126,9349,Time Deposit,517955313,2026-06-05,SBY01,ACTIVE
15127,8256,Savings,20648731,2027-01-04,SBY01,ACTIVE
15128,1524,Time Deposit,445185923,2027-01-17,BDG01,ACTIVE
15129,9253,Time Deposit,604115941,2026-04-16,JKT02,ACTIVE
15130,333,Time Deposit,1131185560,2026-09-22,JKT02,ACTIVE
15131,4998,Savings,8459822,2027-10-04,BDG01,ACTIVE
15132,9788,Savings,33946299,2027-06-19,JKT01,ACTIVE
15133,8338,Savings,28913636,2026-08-08,YGY01,ACTIVE
15134,3362,Time Deposit,1559406963,2026-05-04,SMG01,ACTIVE
15135,7550,Time Deposit,1065217148,2027-01-23,SBY01,ACTIVE
15136,8229,Savings,27337427,2027-04-15,SBY01,ACTIVE
15137,5938,Time Deposit,643188819,2027-02-21,JKT02,ACTIVE
15138,2442,Savings,14474115,2027-11-25,JKT02,ACTIVE
15139,709,Savings,44802194,2026-05-29,SBY01,ACTIVE
15140,1541,Time Deposit,266581787,2027-02-09,BDG01,ACTIVE
15141,2501,Savings,56869843,2028-03-24,SMG01,ACTIVE
15142,3095,Time Deposit,258535666,2026-11-08,MDN01,ACTIVE
15143,7131,Savings,157149478,2027-06-13,SMG01,ACTIVE
15144,3484,Time Deposit,999517902,2026-12-06,JKT01,ACTIVE
15145,1277,Time Deposit,183043265,2026-05-07,BDG01,ACTIVE
15146,141,Savings,153182493,2027-12-28,SBY01,ACTIVE
15147,9642,Savings,142459783,2026-06-07,JKT02,ACTIVE
15148,7264,Savings,100161839,2027-09-10,MDN01,ACTIVE
15149,2394,Savings,170668728,2027-08-25,SBY01,ACTIVE
15150,3071,Savings,8925006,2027-10-20,SBY01,ACTIVE
15151,2876,Time Deposit,1438817727,2026-09-27,SBY01,ACTIVE
15152,1276,Savings,48164562,2026-12-11,SBY01,ACTIVE
15153,4540,Savings,16352338,2026-10-27,SBY01,ACTIVE
15154,4199,Time Deposit,269149265,2027-03-22,MDN01,ACTIVE
15155,2447,Savings,171062140,2027-07-01,JKT02,ACTIVE
15156,3045,Savings,80206298,2026-12-22,BDG01,ACTIVE
15157,4700,Time Deposit,1279508074,2026-12-15,JKT02,ACTIVE
15158,1423,Time Deposit,260264192,2026-06-18,YGY01,ACTIVE
15159,3100,Savings,5665174,2027-03-25,SMG01,ACTIVE
15160,9156,Savings,28117525,2026-08-02,YGY01,ACTIVE
15161,932,Savings,66217040,2027-10-24,BDG01,ACTIVE
15162,6539,Time Deposit,394877691,2026-10-25,BDG01,ACTIVE
15163,1987,Savings,42025376,2028-03-14,MDN01,ACTIVE
15164,8215,Time Deposit,377950411,2027-01-03,SMG01,ACTIVE
15165,6156,Time Deposit,343152395,2026-06-17,MDN01,ACTIVE
15166,6945,Time Deposit,338012579,2026-10-18,SMG01,ACTIVE
15167,7585,Time Deposit,667907060,2027-02-03,SMG01,ACTIVE
15168,1999,Time Deposit,1290750853,2027-02-14,JKT01,ACTIVE
15169,8649,Time Deposit,1798739796,2026-06-22,JKT01,ACTIVE
15170,8549,Savings,21587296,2027-03-16,JKT01,ACTIVE
15171,3162,Time Deposit,1274756815,2026-05-03,MDN01,ACTIVE
15172,8000,Time Deposit,655174085,2027-01-12,BDG01,ACTIVE
15173,183,Savings,127232241,2028-03-11,MDN01,ACTIVE
15174,5695,Time Deposit,222028818,2026-07-01,YGY01,ACTIVE
15175,9421,Savings,102742279,2027-06-18,JKT01,ACTIVE
15176,1059,Savings,68716736,2027-03-10,SBY01,ACTIVE
15177,6511,Time Deposit,1086312748,2027-01-01,SMG01,ACTIVE
15178,8835,Savings,9541184,2027-02-08,MDN01,ACTIVE
15179,252,Savings,110873957,2026-06-19,BDG01,ACTIVE
15180,4691,Time Deposit,657519769,2026-05-09,JKT02,ACTIVE
15181,558,Savings,150191725,2026-10-10,BDG01,ACTIVE
15182,8309,Time Deposit,1460140314,2026-10-11,MDN01,ACTIVE
15183,7125,Savings,218235444,2026-06-03,JKT02,ACTIVE
15184,5369,Time Deposit,1160158683,2027-03-24,SMG01,ACTIVE
15185,3137,Savings,15113178,2026-11-14,JKT02,ACTIVE
15186,9452,Time Deposit,1223259254,2027-03-19,MDN01,ACTIVE
15187,8591,Savings,18950237,2027-12-21,BDG01,ACTIVE
15188,5764,Savings,42105307,2026-11-19,SMG01,ACTIVE
15189,3463,Savings,161382989,2028-02-06,BDG01,ACTIVE
15190,9619,Savings,23170674,2026-11-15,SMG01,ACTIVE
15191,1095,Savings,11697350,2027-01-30,JKT01,ACTIVE
15192,5867,Time Deposit,135265746,2027-01-27,MDN01,ACTIVE
15193,3848,Savings,58469678,2026-12-24,SBY01,ACTIVE
15194,2868,Savings,16012292,2026-10-21,JKT01,ACTIVE
15195,9641,Time Deposit,1946508832,2027-01-08,JKT02,ACTIVE
15196,5551,Time Deposit,529490987,2027-02-06,SMG01,ACTIVE
15197,9041,Savings,23768116,2026-08-26,JKT01,ACTIVE
15198,3845,Savings,100681642,2026-12-31,BDG01,ACTIVE
15199,2043,Savings,50983215,2026-06-21,JKT02,ACTIVE
15200,1418,Savings,41625897,2026-05-19,SBY01,ACTIVE
15201,3401,Time Deposit,150361234,2026-05-14,YGY01,ACTIVE
15202,7311,Time Deposit,399150059,2027-01-25,MDN01,ACTIVE
15203,1687,Savings,6492637,2026-07-25,BDG01,ACTIVE
15204,4258,Savings,30736286,2027-09-19,JKT02,ACTIVE
15205,8634,Time Deposit,627157853,2026-06-19,YGY01,ACTIVE
15206,3236,Time Deposit,573536634,2027-02-12,YGY01,ACTIVE
15207,4415,Savings,26018735,2026-10-30,JKT02,ACTIVE
15208,6730,Time Deposit,534685201,2027-02-26,MDN01,ACTIVE
15209,7414,Savings,35559891,2026-06-06,MDN01,ACTIVE
15210,8404,Time Deposit,1459749146,2026-04-11,BDG01,ACTIVE
15211,2299,Time Deposit,580569953,2026-09-13,SBY01,ACTIVE
15212,3759,Time Deposit,1027040005,2026-11-30,YGY01,ACTIVE
15213,3033,Savings,124344249,2027-03-07,JKT02,ACTIVE
15214,5924,Time Deposit,521994207,2026-04-24,JKT01,ACTIVE
15215,2150,Savings,21481316,2027-02-25,JKT01,ACTIVE
15216,2694,Savings,5918514,2027-10-27,JKT01,ACTIVE
15217,1809,Time Deposit,1814980096,2026-05-23,SBY01,ACTIVE
15218,3057,Savings,50090713,2027-07-05,JKT01,ACTIVE
15219,5161,Time Deposit,1077397914,2026-08-29,MDN01,ACTIVE
15220,8741,Time Deposit,487091957,2027-01-17,BDG01,ACTIVE
15221,3597,Savings,11581026,2026-06-05,BDG01,ACTIVE
15222,7909,Savings,7872129,2027-09-25,MDN01,ACTIVE
15223,8126,Savings,25337161,2026-05-11,BDG01,ACTIVE
15224,7693,Time Deposit,1126850785,2027-03-15,BDG01,ACTIVE
15225,5247,Savings,9654744,2027-06-28,JKT01,ACTIVE
15226,9268,Time Deposit,1768072460,2026-12-07,YGY01,ACTIVE
15227,6517,Savings,14932578,2027-01-25,SBY01,ACTIVE
15228,4873,Savings,15979412,2028-03-24,BDG01,ACTIVE
15229,6287,Savings,101142016,2027-03-08,SMG01,ACTIVE
15230,9367,Savings,112650329,2027-05-17,BDG01,ACTIVE
15231,8586,Time Deposit,400994214,2026-04-21,JKT01,ACTIVE
15232,6496,Savings,235367615,2028-03-02,BDG01,ACTIVE
15233,9056,Time Deposit,1669871697,2027-01-07,BDG01,ACTIVE
15234,5823,Savings,5585767,2028-02-17,BDG01,ACTIVE
15235,3625,Savings,33481900,2027-10-15,BDG01,ACTIVE
15236,9699,Savings,10800421,2027-10-28,BDG01,ACTIVE
15237,1328,Savings,21199498,2026-11-20,SBY01,ACTIVE
15238,8446,Time Deposit,383349040,2026-10-01,SBY01,ACTIVE
15239,6823,Time Deposit,1061767645,2026-04-22,JKT01,ACTIVE
15240,5194,Savings,85211402,2026-09-11,SMG01,ACTIVE
15241,3218,Time Deposit,1231203433,2027-02-28,SBY01,ACTIVE
15242,3187,Time Deposit,1661756538,2026-09-22,SMG01,ACTIVE
15243,572,Savings,52254949,2028-02-08,MDN01,ACTIVE
15244,3891,Savings,133480995,2026-07-18,MDN01,ACTIVE
15245,2752,Savings,17478882,2026-07-22,JKT01,ACTIVE
15246,2671,Savings,95233038,2028-01-23,MDN01,ACTIVE
15247,3487,Time Deposit,374507732,2026-09-29,BDG01,ACTIVE
15248,2681,Savings,9924414,2028-01-22,SMG01,ACTIVE
15249,814,Savings,131414949,2026-12-23,SMG01,ACTIVE
15250,4669,Savings,35901533,2026-10-23,SBY01,ACTIVE
15251,6492,Savings,76024191,2027-05-29,BDG01,ACTIVE
15252,2707,Savings,99585702,2026-07-08,JKT01,ACTIVE
15253,973,Savings,84352337,2026-11-05,SMG01,ACTIVE
15254,4694,Savings,8356377,2026-11-18,BDG01,ACTIVE
15255,2037,Savings,15211611,2027-06-06,SBY01,ACTIVE
15256,1905,Time Deposit,372831782,2026-11-18,SBY01,ACTIVE
15257,8150,Time Deposit,636331918,2027-01-21,JKT02,ACTIVE
15258,8723,Savings,54496424,2027-04-01,BDG01,ACTIVE
15259,2663,Savings,47727085,2028-01-15,SMG01,ACTIVE
15260,3985,Time Deposit,1359552671,2026-10-16,YGY01,ACTIVE
15261,2110,Savings,149202591,2027-08-13,JKT02,ACTIVE
15262,8642,Savings,9589463,2026-09-28,MDN01,ACTIVE
15263,1693,Time Deposit,423028821,2026-04-07,YGY01,ACTIVE
15264,7681,Savings,73151930,2026-08-22,SMG01,ACTIVE
15265,1786,Savings,109759086,2027-04-11,YGY01,ACTIVE
15266,4350,Time Deposit,1066900014,2026-05-17,YGY01,ACTIVE
15267,2190,Time Deposit,274307195,2027-01-10,JKT02,ACTIVE
15268,1430,Savings,80915901,2026-06-19,YGY01,ACTIVE
15269,1059,Savings,100947882,2026-06-04,MDN01,ACTIVE
15270,6325,Time Deposit,616915645,2026-07-07,YGY01,ACTIVE
15271,8332,Time Deposit,1415471739,2027-01-12,SBY01,ACTIVE
15272,7797,Time Deposit,969380742,2026-07-06,YGY01,ACTIVE
15273,4805,Savings,13653616,2026-07-06,SMG01,ACTIVE
15274,426,Savings,34080397,2028-02-11,SMG01,ACTIVE
15275,5894,Savings,8828411,2027-06-03,JKT02,ACTIVE
15276,8469,Time Deposit,1070571557,2026-12-12,SBY01,ACTIVE
15277,732,Savings,22440793,2028-02-13,JKT02,ACTIVE
15278,8444,Savings,11234358,2027-06-03,SBY01,ACTIVE
15279,5448,Time Deposit,318453122,2026-12-10,MDN01,ACTIVE
15280,2920,Savings,37916876,2027-11-15,JKT01,ACTIVE
15281,4144,Savings,40513622,2027-10-09,MDN01,ACTIVE
15282,9872,Time Deposit,720415464,2026-11-17,JKT01,ACTIVE
15283,1807,Savings,42658265,2028-01-19,YGY01,ACTIVE
15284,8919,Time Deposit,426417267,2027-02-27,MDN01,ACTIVE
15285,3881,Time Deposit,605634724,2026-06-30,YGY01,ACTIVE
15286,6518,Time Deposit,1021032729,2027-02-02,BDG01,ACTIVE
15287,9223,Time Deposit,780462864,2026-09-10,SBY01,ACTIVE
15288,6763,Time Deposit,526344625,2026-10-13,SBY01,ACTIVE
15289,2768,Savings,13195338,2026-06-24,SMG01,ACTIVE
15290,3751,Time Deposit,117757716,2027-03-03,JKT01,ACTIVE
15291,7354,Time Deposit,1021529470,2027-01-05,JKT02,ACTIVE
15292,384,Savings,18081294,2028-02-14,MDN01,ACTIVE
15293,6718,Savings,132746961,2026-10-22,YGY01,ACTIVE
15294,5453,Savings,27912328,2027-03-01,BDG01,ACTIVE
15295,2427,Time Deposit,382505574,2027-01-01,MDN01,ACTIVE
15296,4177,Savings,96613648,2027-08-26,BDG01,ACTIVE
15297,101,Time Deposit,724511084,2027-01-28,SMG01,ACTIVE
15298,1835,Savings,144593394,2027-04-18,SMG01,ACTIVE
15299,5800,Savings,86862769,2026-07-01,SMG01,ACTIVE
15300,5757,Savings,48118312,2028-02-12,YGY01,ACTIVE
15301,9530,Savings,14250151,2026-08-01,MDN01,ACTIVE
15302,5994,Savings,51237834,2027-10-05,SBY01,ACTIVE
15303,1864,Time Deposit,1045332652,2026-08-30,BDG01,ACTIVE
15304,1397,Time Deposit,827090603,2026-10-11,BDG01,ACTIVE
15305,1573,Time Deposit,1709160596,2026-10-09,SMG01,ACTIVE
15306,252,Savings,83767929,2028-02-03,YGY01,ACTIVE
15307,4502,Savings,26432818,2027-04-06,SMG01,ACTIVE
15308,8789,Savings,131132776,2027-09-30,MDN01,ACTIVE
15309,2461,Savings,35547902,2028-03-12,SBY01,ACTIVE
15310,2949,Time Deposit,1352944508,2027-01-05,JKT01,ACTIVE
15311,1000,Savings,15761633,2026-10-21,SMG01,ACTIVE
15312,4742,Savings,97333947,2028-03-06,SBY01,ACTIVE
15313,756,Savings,89824607,2027-11-11,YGY01,ACTIVE
15314,7541,Savings,39078589,2026-06-13,YGY01,ACTIVE
15315,2100,Savings,55140810,2028-03-20,JKT01,ACTIVE
15316,7428,Savings,13786741,2027-12-09,JKT01,ACTIVE
15317,1309,Savings,9323612,2027-04-29,MDN01,ACTIVE
15318,5092,Savings,18766418,2027-02-20,SBY01,ACTIVE
15319,572,Time Deposit,945655532,2026-04-29,MDN01,ACTIVE
15320,1056,Savings,107045622,2027-04-24,JKT02,ACTIVE
15321,4350,Savings,130365880,2027-05-18,SMG01,ACTIVE
15322,1726,Time Deposit,671218446,2026-11-09,YGY01,ACTIVE
15323,2867,Time Deposit,261952739,2026-06-12,JKT02,ACTIVE
15324,75,Time Deposit,455821579,2027-02-07,YGY01,ACTIVE
15325,8469,Savings,55919058,2028-01-20,SBY01,ACTIVE
15326,8875,Time Deposit,919301421,2026-11-21,MDN01,ACTIVE
15327,3447,Savings,23642261,2027-06-08,SMG01,ACTIVE
15328,3689,Time Deposit,1082250699,2026-10-14,MDN01,ACTIVE
15329,164,Time Deposit,425550292,2026-10-02,MDN01,ACTIVE
15330,5763,Savings,14404043,2027-09-06,SMG01,ACTIVE
15331,1055,Time Deposit,1774006719,2026-07-07,JKT01,ACTIVE
15332,164,Savings,182956650,2027-06-15,YGY01,ACTIVE
15333,6777,Time Deposit,279159114,2026-09-19,SMG01,ACTIVE
15334,1600,Savings,8764001,2026-09-27,YGY01,ACTIVE
15335,6004,Savings,50402076,2026-09-06,JKT02,ACTIVE
15336,9158,Time Deposit,1219173413,2027-01-19,SBY01,ACTIVE
15337,784,Time Deposit,176174937,2027-02-14,YGY01,ACTIVE
15338,596,Savings,28720874,2026-07-28,BDG01,ACTIVE
15339,3241,Savings,7878420,2027-11-12,BDG01,ACTIVE
15340,8345,Savings,15331978,2027-10-06,BDG01,ACTIVE
15341,4478,Savings,4204908,2027-09-08,JKT01,ACTIVE
15342,5421,Time Deposit,459178712,2026-07-27,YGY01,ACTIVE
15343,8887,Time Deposit,139001795,2026-05-04,YGY01,ACTIVE
15344,6295,Savings,8032370,2027-05-27,BDG01,ACTIVE
15345,9420,Savings,102213510,2028-02-29,BDG01,ACTIVE
15346,8810,Savings,23133646,2027-09-26,SBY01,ACTIVE
15347,2194,Savings,4754512,2027-12-15,BDG01,ACTIVE
15348,4719,Time Deposit,775243773,2027-01-05,JKT02,ACTIVE
15349,9379,Savings,107451713,2027-03-19,SBY01,ACTIVE
15350,4562,Savings,90048708,2026-05-14,SBY01,ACTIVE
15351,3953,Savings,10294762,2028-01-01,SBY01,ACTIVE
15352,435,Savings,9092495,2027-04-25,SMG01,ACTIVE
15353,7784,Savings,8231557,2026-09-05,BDG01,ACTIVE
15354,5570,Savings,6410935,2026-05-23,YGY01,ACTIVE
15355,1110,Time Deposit,296223821,2026-09-15,JKT02,ACTIVE
15356,8440,Savings,1525650,2027-07-05,JKT01,ACTIVE
15357,8437,Savings,31388041,2027-06-14,SMG01,ACTIVE
15358,73,Savings,41752140,2026-08-21,SMG01,ACTIVE
15359,793,Savings,17378221,2027-07-04,JKT01,ACTIVE
15360,3114,Time Deposit,709811168,2026-08-24,MDN01,ACTIVE
15361,1342,Time Deposit,401073539,2026-06-17,JKT01,ACTIVE
15362,9693,Savings,19432741,2027-09-25,JKT02,ACTIVE
15363,1663,Savings,14372978,2027-07-28,SBY01,ACTIVE
15364,6621,Savings,12068232,2027-07-04,SMG01,ACTIVE
15365,2140,Savings,207941028,2027-05-01,JKT01,ACTIVE
15366,5761,Time Deposit,1532835485,2026-12-16,JKT01,ACTIVE
15367,844,Savings,141693673,2027-06-30,MDN01,ACTIVE
15368,1342,Savings,77080973,2027-02-13,SMG01,ACTIVE
15369,8281,Time Deposit,980130580,2027-02-16,JKT01,ACTIVE
15370,9365,Time Deposit,398841133,2027-02-04,JKT02,ACTIVE
15371,1582,Time Deposit,543355823,2026-12-28,YGY01,ACTIVE
15372,7725,Savings,23659661,2026-09-30,JKT02,ACTIVE
15373,1640,Time Deposit,287378631,2026-06-07,SBY01,ACTIVE
15374,5175,Time Deposit,511775534,2026-05-07,MDN01,ACTIVE
15375,7683,Time Deposit,1289362850,2026-07-05,YGY01,ACTIVE
15376,3338,Savings,26470381,2028-02-08,BDG01,ACTIVE
15377,5098,Savings,6607183,2027-06-24,JKT01,ACTIVE
15378,1250,Time Deposit,986130939,2026-11-22,SBY01,ACTIVE
15379,1969,Time Deposit,325400560,2027-02-26,BDG01,ACTIVE
15380,1132,Savings,4571391,2026-12-16,JKT02,ACTIVE
15381,1743,Savings,143260273,2026-09-15,SMG01,ACTIVE
15382,8253,Time Deposit,1489488026,2027-01-06,SBY01,ACTIVE
15383,2587,Time Deposit,783722939,2027-01-15,MDN01,ACTIVE
15384,52,Time Deposit,438871454,2026-12-27,SBY01,ACTIVE
15385,2658,Savings,32947890,2027-12-21,BDG01,ACTIVE
15386,9422,Savings,76927302,2027-03-31,MDN01,ACTIVE
15387,2037,Savings,19703978,2027-08-21,JKT01,ACTIVE
15388,2431,Savings,5257622,2027-12-07,SBY01,ACTIVE
15389,3420,Time Deposit,1591868604,2026-10-24,JKT01,ACTIVE
15390,3543,Savings,18868465,2027-10-27,BDG01,ACTIVE
15391,2624,Time Deposit,585367275,2026-12-23,SBY01,ACTIVE
15392,8504,Time Deposit,735286325,2026-09-14,JKT02,ACTIVE
15393,4681,Time Deposit,910817744,2026-05-15,BDG01,ACTIVE
15394,1378,Time Deposit,611469346,2026-09-22,YGY01,ACTIVE
15395,6218,Savings,60324137,2026-07-03,SMG01,ACTIVE
15396,2007,Time Deposit,428687150,2026-12-30,YGY01,ACTIVE
15397,6846,Savings,37649729,2027-09-17,MDN01,ACTIVE
15398,1769,Savings,21030274,2028-02-17,SBY01,ACTIVE
15399,2147,Savings,27888126,2026-10-27,YGY01,ACTIVE
15400,57,Savings,33662771,2026-12-15,MDN01,ACTIVE
15401,536,Time Deposit,1671490071,2026-08-22,JKT02,ACTIVE
15402,3674,Savings,137365124,2027-08-19,BDG01,ACTIVE
15403,5745,Time Deposit,1453470914,2026-06-02,YGY01,ACTIVE
15404,4433,Savings,20016210,2026-05-19,BDG01,ACTIVE
15405,3582,Time Deposit,1544737504,2026-08-12,BDG01,ACTIVE
15406,2503,Savings,68865849,2028-02-12,MDN01,ACTIVE
15407,6229,Time Deposit,166881213,2026-04-09,BDG01,ACTIVE
15408,9829,Savings,9074064,2028-03-19,YGY01,ACTIVE
15409,5437,Time Deposit,1069403947,2026-09-13,YGY01,ACTIVE
15410,4262,Savings,112692269,2027-12-31,MDN01,ACTIVE
15411,8617,Time Deposit,752671968,2026-10-25,JKT01,ACTIVE
15412,4881,Time Deposit,404604870,2027-03-21,YGY01,ACTIVE
15413,6440,Time Deposit,409664084,2026-09-15,JKT02,ACTIVE
15414,7968,Savings,26793639,2027-09-28,BDG01,ACTIVE
15415,957,Time Deposit,971531621,2026-12-13,SBY01,ACTIVE
15416,7470,Time Deposit,730672369,2027-01-05,YGY01,ACTIVE
15417,9404,Savings,17460179,2026-06-10,BDG01,ACTIVE
15418,8123,Time Deposit,545309685,2026-12-13,MDN01,ACTIVE
15419,4206,Savings,15627152,2027-05-29,SBY01,ACTIVE
15420,7079,Time Deposit,1085965310,2026-08-29,JKT01,ACTIVE
15421,6066,Time Deposit,849138166,2026-09-02,SMG01,ACTIVE
15422,6990,Time Deposit,1024310801,2026-08-31,YGY01,ACTIVE
15423,246,Time Deposit,825466214,2026-08-27,MDN01,ACTIVE
15424,5230,Time Deposit,1019266031,2027-01-06,MDN01,ACTIVE
15425,731,Time Deposit,1036374285,2027-03-19,SBY01,ACTIVE
15426,221,Savings,108938807,2027-10-28,JKT01,ACTIVE
15427,4373,Savings,16219012,2027-12-30,JKT02,ACTIVE
15428,2408,Time Deposit,1162502775,2026-12-09,JKT02,ACTIVE
15429,360,Time Deposit,382123043,2027-01-22,YGY01,ACTIVE
15430,2821,Time Deposit,1716060938,2026-12-26,YGY01,ACTIVE
15431,6559,Savings,141652484,2026-12-28,SBY01,ACTIVE
15432,7068,Savings,38434037,2026-08-20,JKT02,ACTIVE
15433,7777,Savings,15636752,2027-03-13,BDG01,ACTIVE
15434,4912,Savings,10686846,2027-05-11,SMG01,ACTIVE
15435,8867,Savings,156992390,2028-01-29,JKT01,ACTIVE
15436,9484,Time Deposit,760815107,2026-05-07,MDN01,ACTIVE
15437,6548,Time Deposit,1423345847,2027-01-14,JKT01,ACTIVE
15438,6680,Savings,24079875,2027-12-12,BDG01,ACTIVE
15439,6614,Savings,9639112,2026-09-06,SMG01,ACTIVE
15440,7379,Savings,87298841,2027-08-08,JKT01,ACTIVE
15441,1988,Savings,82297104,2026-12-25,JKT01,ACTIVE
15442,1118,Savings,28580348,2026-08-09,JKT02,ACTIVE
15443,1664,Savings,17821945,2026-06-27,YGY01,ACTIVE
15444,8957,Time Deposit,1192238926,2026-11-24,SMG01,ACTIVE
15445,2374,Time Deposit,497887564,2027-01-22,SMG01,ACTIVE
15446,7037,Time Deposit,1686674912,2026-09-18,SMG01,ACTIVE
15447,7411,Savings,51620844,2026-11-03,SBY01,ACTIVE
15448,3901,Time Deposit,766093895,2026-11-16,JKT02,ACTIVE
15449,4659,Savings,3431199,2026-11-05,YGY01,ACTIVE
15450,3575,Savings,74493214,2028-02-11,SMG01,ACTIVE
15451,2707,Time Deposit,1139745713,2026-07-19,MDN01,ACTIVE
15452,2981,Time Deposit,1144004978,2026-07-24,JKT01,ACTIVE
15453,8041,Savings,79941463,2026-04-30,YGY01,ACTIVE
15454,5374,Time Deposit,917241335,2027-02-17,MDN01,ACTIVE
15455,6312,Time Deposit,108706148,2026-04-19,YGY01,ACTIVE
15456,4553,Time Deposit,843278985,2026-10-16,YGY01,ACTIVE
15457,643,Savings,152678029,2028-02-20,JKT01,ACTIVE
15458,7266,Savings,11104472,2026-12-23,SBY01,ACTIVE
15459,223,Savings,68984008,2026-06-30,MDN01,ACTIVE
15460,2926,Time Deposit,1750096013,2026-08-13,SMG01,ACTIVE
15461,6715,Time Deposit,1473758192,2026-12-25,JKT01,ACTIVE
15462,5593,Savings,9687873,2026-04-27,SMG01,ACTIVE
15463,5243,Savings,26101915,2027-07-28,BDG01,ACTIVE
15464,5921,Savings,148859290,2027-12-19,YGY01,ACTIVE
15465,9651,Time Deposit,349212280,2026-05-23,SBY01,ACTIVE
15466,392,Savings,12374202,2027-09-04,JKT02,ACTIVE
15467,7208,Time Deposit,999327376,2027-01-10,SBY01,ACTIVE
15468,5510,Savings,95148115,2027-04-25,YGY01,ACTIVE
15469,6876,Savings,175197966,2027-05-12,SBY01,ACTIVE
15470,2818,Savings,22292943,2026-09-17,YGY01,ACTIVE
15471,7373,Savings,187069247,2026-08-23,BDG01,ACTIVE
15472,5064,Time Deposit,200949457,2026-06-09,SMG01,ACTIVE
15473,3502,Savings,39786003,2027-03-01,JKT02,ACTIVE
15474,9551,Time Deposit,761518101,2026-10-19,JKT01,ACTIVE
15475,5849,Savings,63318291,2028-02-22,MDN01,ACTIVE
15476,9415,Savings,17882867,2026-12-23,MDN01,ACTIVE
15477,7040,Time Deposit,1047157791,2026-05-23,YGY01,ACTIVE
15478,1481,Time Deposit,302345767,2026-10-06,JKT01,ACTIVE
15479,1583,Savings,30813830,2027-11-21,MDN01,ACTIVE
15480,4382,Savings,123401300,2026-10-24,MDN01,ACTIVE
15481,9147,Time Deposit,1041895294,2026-08-12,SBY01,ACTIVE
15482,4852,Savings,21143282,2027-03-21,JKT01,ACTIVE
15483,891,Time Deposit,530274927,2026-12-09,JKT01,ACTIVE
15484,421,Savings,11291674,2027-08-08,YGY01,ACTIVE
15485,5633,Savings,12745796,2027-07-28,SBY01,ACTIVE
15486,2620,Savings,24496574,2026-09-10,JKT02,ACTIVE
15487,405,Savings,6263532,2026-06-17,BDG01,ACTIVE
15488,4647,Time Deposit,1139539882,2026-11-07,MDN01,ACTIVE
15489,1159,Savings,23018503,2027-03-02,JKT01,ACTIVE
15490,1699,Time Deposit,1497056023,2026-04-25,YGY01,ACTIVE
15491,1306,Time Deposit,356523275,2026-09-28,SMG01,ACTIVE
15492,9035,Savings,6417991,2027-06-04,JKT01,ACTIVE
15493,130,Time Deposit,653733148,2026-11-19,MDN01,ACTIVE
15494,1613,Savings,37807945,2027-10-06,JKT01,ACTIVE
15495,8313,Time Deposit,521157725,2027-03-11,SBY01,ACTIVE
15496,6685,Savings,36345853,2026-07-15,JKT01,ACTIVE
15497,134,Time Deposit,305846136,2027-02-26,SBY01,ACTIVE
15498,4799,Savings,96045379,2026-09-23,SBY01,ACTIVE
15499,355,Time Deposit,356165554,2027-03-24,YGY01,ACTIVE
15500,7213,Time Deposit,533599120,2027-02-12,JKT01,ACTIVE
15501,5578,Savings,34423581,2026-10-30,JKT01,ACTIVE
15502,824,Savings,110596504,2026-07-06,YGY01,ACTIVE
15503,1154,Savings,208929580,2026-05-24,SMG01,ACTIVE
15504,4652,Savings,152403203,2027-02-01,SMG01,ACTIVE
15505,7837,Time Deposit,613333302,2026-11-07,SMG01,ACTIVE
15506,5676,Time Deposit,1024051878,2027-01-19,YGY01,ACTIVE
15507,9793,Savings,150857312,2027-01-02,JKT02,ACTIVE
15508,911,Savings,100374041,2028-01-05,JKT01,ACTIVE
15509,8182,Savings,9955880,2027-11-07,JKT01,ACTIVE
15510,7341,Savings,79887043,2026-08-07,JKT02,ACTIVE
15511,4784,Savings,124082125,2028-02-06,SBY01,ACTIVE
15512,4072,Time Deposit,318968341,2027-03-10,BDG01,ACTIVE
15513,107,Time Deposit,1357277698,2027-03-17,BDG01,ACTIVE
15514,8447,Time Deposit,468362481,2026-06-04,JKT01,ACTIVE
15515,2003,Savings,59911592,2028-03-04,SBY01,ACTIVE
15516,8487,Savings,29440102,2027-06-23,SMG01,ACTIVE
15517,388,Savings,43331227,2027-03-28,JKT02,ACTIVE
15518,8672,Time Deposit,355595749,2026-12-27,SMG01,ACTIVE
15519,7063,Time Deposit,1501324644,2026-09-03,YGY01,ACTIVE
15520,3087,Savings,17770365,2027-06-10,MDN01,ACTIVE
15521,3508,Savings,25933942,2027-02-10,JKT01,ACTIVE
15522,6415,Time Deposit,1123473075,2026-12-12,JKT01,ACTIVE
15523,577,Savings,226884426,2027-10-06,SBY01,ACTIVE
15524,6052,Savings,31113727,2026-05-11,BDG01,ACTIVE
15525,6426,Savings,140032155,2026-11-07,BDG01,ACTIVE
15526,5925,Savings,9854353,2026-10-25,SBY01,ACTIVE
15527,5599,Time Deposit,975546767,2026-04-10,SMG01,ACTIVE
15528,5078,Time Deposit,698280676,2026-11-30,JKT01,ACTIVE
15529,1675,Savings,157400033,2027-04-11,YGY01,ACTIVE
15530,5582,Savings,193494031,2027-05-25,JKT02,ACTIVE
15531,196,Savings,45818039,2026-06-22,JKT02,ACTIVE
15532,5912,Time Deposit,458141756,2026-09-28,BDG01,ACTIVE
15533,8415,Time Deposit,674023096,2027-01-07,YGY01,ACTIVE
15534,330,Savings,19129852,2027-05-27,BDG01,ACTIVE
15535,6897,Savings,127291225,2026-12-25,BDG01,ACTIVE
15536,2632,Time Deposit,200251512,2026-08-31,JKT01,ACTIVE
15537,1900,Savings,39943272,2027-09-17,SMG01,ACTIVE
15538,3520,Savings,193871934,2028-02-14,YGY01,ACTIVE
15539,4186,Savings,14611762,2026-08-20,YGY01,ACTIVE
15540,6187,Time Deposit,1027689731,2026-11-29,JKT02,ACTIVE
15541,741,Time Deposit,1226331901,2026-06-06,SMG01,ACTIVE
15542,1229,Savings,7922551,2027-07-01,JKT02,ACTIVE
15543,8777,Savings,45507618,2027-12-19,SBY01,ACTIVE
15544,1531,Savings,10406375,2027-07-12,JKT02,ACTIVE
15545,6202,Savings,10589477,2028-02-23,BDG01,ACTIVE
15546,4653,Savings,16887319,2027-05-15,MDN01,ACTIVE
15547,6387,Savings,33181569,2027-11-09,JKT01,ACTIVE
15548,7310,Savings,122387216,2027-09-09,BDG01,ACTIVE
15549,6982,Time Deposit,563755152,2026-05-03,JKT01,ACTIVE
15550,2388,Time Deposit,438075080,2026-07-31,YGY01,ACTIVE
15551,1619,Savings,34242780,2026-04-28,SMG01,ACTIVE
15552,2791,Time Deposit,568558502,2026-05-20,SMG01,ACTIVE
15553,6529,Savings,11216538,2026-11-07,MDN01,ACTIVE
15554,4068,Time Deposit,1323402807,2026-11-06,SMG01,ACTIVE
15555,8330,Savings,23594261,2027-05-27,JKT01,ACTIVE
15556,6370,Savings,26817878,2027-05-08,SBY01,ACTIVE
15557,4923,Savings,39415458,2027-04-19,JKT02,ACTIVE
15558,6838,Time Deposit,591442774,2026-08-11,YGY01,ACTIVE
15559,4114,Time Deposit,459052266,2027-01-20,MDN01,ACTIVE
15560,1036,Savings,67024671,2027-10-07,BDG01,ACTIVE
15561,9386,Savings,21650616,2027-09-29,SBY01,ACTIVE
15562,6297,Savings,41733948,2027-08-31,JKT01,ACTIVE
15563,987,Time Deposit,747899211,2026-07-19,SBY01,ACTIVE
15564,8746,Savings,6795046,2026-06-17,SMG01,ACTIVE
15565,278,Savings,26390376,2027-09-13,SMG01,ACTIVE
15566,4807,Time Deposit,1008974571,2026-07-19,JKT02,ACTIVE
15567,9361,Savings,36243873,2027-01-07,SBY01,ACTIVE
15568,1217,Savings,71192338,2026-08-03,JKT02,ACTIVE
15569,7687,Savings,38290072,2026-04-25,BDG01,ACTIVE
15570,67,Savings,136181861,2027-10-13,JKT02,ACTIVE
15571,9415,Time Deposit,380906828,2026-12-17,JKT02,ACTIVE
15572,3495,Savings,9602711,2027-01-08,MDN01,ACTIVE
15573,6098,Time Deposit,1090449502,2026-12-28,MDN01,ACTIVE
15574,9495,Time Deposit,846473142,2026-05-24,MDN01,ACTIVE
15575,6578,Savings,18522696,2027-05-23,JKT01,ACTIVE
15576,6910,Savings,26855944,2027-08-09,SBY01,ACTIVE
15577,5381,Savings,157451427,2027-11-21,BDG01,ACTIVE
15578,7574,Time Deposit,1002553759,2027-01-30,JKT01,ACTIVE
15579,6933,Savings,18535256,2027-06-06,YGY01,ACTIVE
15580,5794,Time Deposit,884751055,2026-04-28,YGY01,ACTIVE
15581,9701,Savings,123256969,2026-10-07,SMG01,ACTIVE
15582,6141,Savings,65642843,2027-07-14,JKT01,ACTIVE
15583,634,Time Deposit,1620250484,2026-07-29,YGY01,ACTIVE
15584,3083,Savings,58045288,2027-03-22,JKT01,ACTIVE
15585,9120,Savings,38756527,2026-09-12,SBY01,ACTIVE
15586,7758,Savings,168293713,2027-09-18,JKT01,ACTIVE
15587,2778,Savings,76505527,2027-02-22,MDN01,ACTIVE
15588,9635,Savings,15153596,2027-11-26,SMG01,ACTIVE
15589,9687,Savings,10381269,2027-01-27,JKT02,ACTIVE
15590,9197,Savings,162426088,2028-03-23,SMG01,ACTIVE
15591,9707,Savings,123433032,2026-09-16,JKT02,ACTIVE
15592,7929,Time Deposit,445166871,2026-10-11,JKT02,ACTIVE
15593,7189,Savings,46713945,2027-06-03,SBY01,ACTIVE
15594,8636,Savings,106727581,2027-11-30,BDG01,ACTIVE
15595,6920,Savings,30284573,2026-10-31,SMG01,ACTIVE
15596,3951,Savings,51236504,2027-01-19,JKT02,ACTIVE
15597,2731,Time Deposit,803577072,2026-04-23,JKT01,ACTIVE
15598,6223,Time Deposit,256043664,2027-01-18,JKT02,ACTIVE
15599,2355,Time Deposit,108098359,2027-03-20,JKT01,ACTIVE
15600,3005,Savings,30310347,2027-08-22,YGY01,ACTIVE
15601,7627,Savings,110377272,2028-01-17,JKT01,ACTIVE
15602,2386,Savings,14035973,2027-01-03,MDN01,ACTIVE
15603,4422,Time Deposit,1068657734,2026-12-22,MDN01,ACTIVE
15604,2429,Savings,17436372,2027-07-02,JKT01,ACTIVE
15605,2325,Savings,6902081,2027-11-10,SMG01,ACTIVE
15606,3112,Time Deposit,850751497,2026-04-20,BDG01,ACTIVE
15607,7821,Savings,8559020,2028-01-18,BDG01,ACTIVE
15608,2865,Savings,41538112,2028-02-05,MDN01,ACTIVE
15609,1943,Savings,27515898,2028-02-10,JKT02,ACTIVE
15610,6152,Savings,26698044,2027-03-19,JKT02,ACTIVE
15611,6847,Savings,31805853,2027-08-17,JKT02,ACTIVE
15612,1795,Savings,18469694,2026-06-19,SMG01,ACTIVE
15613,4973,Savings,24642823,2027-04-07,SMG01,ACTIVE
15614,9710,Time Deposit,1227124832,2026-12-21,BDG01,ACTIVE
15615,2885,Time Deposit,926106318,2026-09-04,YGY01,ACTIVE
15616,4238,Time Deposit,623969345,2026-04-18,SMG01,ACTIVE
15617,3220,Savings,26058393,2027-04-26,YGY01,ACTIVE
15618,2131,Savings,24031876,2027-06-02,YGY01,ACTIVE
15619,8295,Time Deposit,1100577218,2026-07-29,YGY01,ACTIVE
15620,5499,Time Deposit,812150999,2026-09-22,MDN01,ACTIVE
15621,3870,Savings,105026576,2026-10-15,JKT02,ACTIVE
15622,9581,Time Deposit,1371462687,2026-07-17,YGY01,ACTIVE
15623,5926,Savings,180325194,2027-12-21,SBY01,ACTIVE
15624,2595,Savings,12122603,2026-05-14,SBY01,ACTIVE
15625,6763,Time Deposit,1204508926,2026-08-07,BDG01,ACTIVE
15626,9557,Time Deposit,287139908,2027-01-14,JKT01,ACTIVE
15627,6923,Savings,114435677,2028-02-18,JKT01,ACTIVE
15628,2093,Savings,10191901,2027-06-04,YGY01,ACTIVE
15629,19,Savings,70729064,2027-10-01,YGY01,ACTIVE
15630,7640,Savings,57406753,2027-07-12,YGY01,ACTIVE
15631,7770,Savings,36964073,2027-02-17,MDN01,ACTIVE
15632,5301,Time Deposit,828247297,2027-02-17,MDN01,ACTIVE
15633,8212,Savings,116216142,2028-02-25,YGY01,ACTIVE
15634,859,Savings,8122792,2026-06-07,JKT01,ACTIVE
15635,3161,Time Deposit,175914836,2026-10-27,YGY01,ACTIVE
15636,7947,Savings,158660247,2026-05-06,JKT01,ACTIVE
15637,5172,Savings,43948034,2026-06-14,BDG01,ACTIVE
15638,5807,Time Deposit,784368662,2027-01-30,JKT01,ACTIVE
15639,2103,Time Deposit,447759859,2027-03-03,MDN01,ACTIVE
15640,9960,Time Deposit,671125318,2026-10-10,BDG01,ACTIVE
15641,9428,Savings,91637519,2027-08-02,JKT02,ACTIVE
15642,779,Time Deposit,1403227823,2026-05-15,BDG01,ACTIVE
15643,6586,Savings,9863256,2026-09-07,YGY01,ACTIVE
15644,3573,Time Deposit,491202006,2026-09-15,MDN01,ACTIVE
15645,252,Time Deposit,1766124320,2027-01-10,MDN01,ACTIVE
15646,6901,Time Deposit,636068849,2027-01-12,BDG01,ACTIVE
15647,4640,Time Deposit,670033191,2026-06-29,YGY01,ACTIVE
15648,896,Time Deposit,196954245,2026-04-15,JKT01,ACTIVE
15649,4575,Savings,91896398,2027-09-02,SBY01,ACTIVE
15650,2915,Savings,34835759,2027-08-20,JKT01,ACTIVE
15651,9358,Time Deposit,295318161,2026-06-11,MDN01,ACTIVE
15652,145,Time Deposit,809578573,2026-10-30,SBY01,ACTIVE
15653,490,Savings,69740860,2027-11-27,MDN01,ACTIVE
15654,6857,Savings,184614436,2027-03-23,SBY01,ACTIVE
15655,703,Savings,20640410,2027-05-16,BDG01,ACTIVE
15656,70,Savings,60563977,2026-11-21,SBY01,ACTIVE
15657,9708,Savings,11922427,2028-02-26,YGY01,ACTIVE
15658,2358,Time Deposit,451252279,2026-10-25,BDG01,ACTIVE
15659,2315,Savings,27093731,2027-11-29,SMG01,ACTIVE
15660,6276,Savings,18575582,2027-03-28,MDN01,ACTIVE
15661,3795,Savings,9981056,2026-10-11,JKT02,ACTIVE
15662,4207,Time Deposit,1378358719,2026-10-29,JKT01,ACTIVE
15663,9594,Savings,26514860,2026-12-22,BDG01,ACTIVE
15664,8366,Time Deposit,239600821,2026-06-30,JKT01,ACTIVE
15665,8957,Savings,173392080,2027-01-09,YGY01,ACTIVE
15666,3327,Savings,16827133,2026-10-29,SMG01,ACTIVE
15667,6579,Savings,5817414,2028-01-05,JKT02,ACTIVE
15668,9452,Savings,130641128,2027-08-25,MDN01,ACTIVE
15669,2516,Savings,179253468,2026-11-26,SBY01,ACTIVE
15670,1490,Time Deposit,737038359,2026-05-12,JKT01,ACTIVE
15671,3432,Time Deposit,1015656611,2026-12-20,SBY01,ACTIVE
15672,3069,Savings,173137601,2027-07-26,BDG01,ACTIVE
15673,3742,Time Deposit,301109312,2027-01-26,JKT02,ACTIVE
15674,1814,Savings,6689262,2027-10-26,MDN01,ACTIVE
15675,1425,Savings,30947079,2027-02-12,SBY01,ACTIVE
15676,5374,Savings,41387244,2026-07-19,YGY01,ACTIVE
15677,7032,Time Deposit,212348255,2026-07-19,SMG01,ACTIVE
15678,4409,Time Deposit,930977017,2026-10-20,JKT02,ACTIVE
15679,292,Savings,158583136,2027-09-27,YGY01,ACTIVE
15680,1710,Savings,42712276,2026-12-01,JKT01,ACTIVE
15681,4526,Savings,111512256,2027-09-10,JKT02,ACTIVE
15682,9840,Time Deposit,504493611,2026-12-12,YGY01,ACTIVE
15683,4255,Savings,74463843,2026-05-26,MDN01,ACTIVE
15684,3618,Savings,25168049,2027-07-16,JKT01,ACTIVE
15685,4792,Time Deposit,382588894,2027-03-08,JKT01,ACTIVE
15686,8633,Time Deposit,934758307,2026-08-12,BDG01,ACTIVE
15687,1513,Time Deposit,767864635,2026-12-22,MDN01,ACTIVE
15688,2826,Savings,26536524,2027-07-13,MDN01,ACTIVE
15689,8453,Time Deposit,178280775,2026-05-20,SMG01,ACTIVE
15690,6889,Time Deposit,767912326,2027-01-25,JKT02,ACTIVE
15691,6926,Savings,160280270,2026-12-11,JKT02,ACTIVE
15692,1867,Savings,19880807,2027-02-03,MDN01,ACTIVE
15693,8151,Savings,26215092,2026-05-18,YGY01,ACTIVE
15694,9181,Savings,7597336,2026-05-09,YGY01,ACTIVE
15695,5971,Savings,18285132,2026-06-06,SMG01,ACTIVE
15696,6929,Savings,6001723,2026-10-31,YGY01,ACTIVE
15697,3810,Time Deposit,412641826,2026-08-31,JKT01,ACTIVE
15698,7545,Savings,19701349,2027-10-13,JKT01,ACTIVE
15699,5070,Savings,102358314,2026-06-07,SMG01,ACTIVE
15700,2554,Time Deposit,477686201,2026-07-19,MDN01,ACTIVE
15701,6999,Time Deposit,572282036,2026-05-27,BDG01,ACTIVE
15702,2094,Savings,188428298,2027-08-02,BDG01,ACTIVE
15703,9944,Savings,11338948,2026-04-24,MDN01,ACTIVE
15704,7001,Savings,62508176,2027-02-03,JKT02,ACTIVE
15705,1221,Savings,65311637,2026-08-23,BDG01,ACTIVE
15706,9205,Time Deposit,170890188,2027-01-22,YGY01,ACTIVE
15707,890,Savings,17264074,2027-04-29,JKT02,ACTIVE
15708,9299,Savings,69606147,2027-11-04,JKT02,ACTIVE
15709,7299,Savings,51616187,2027-09-16,JKT02,ACTIVE
15710,3231,Savings,135536513,2027-01-09,SBY01,ACTIVE
15711,1407,Savings,7748549,2027-10-06,MDN01,ACTIVE
15712,16,Savings,7420765,2027-06-07,JKT01,ACTIVE
15713,2176,Time Deposit,577815197,2026-08-16,JKT01,ACTIVE
15714,2761,Savings,37338928,2027-07-15,JKT01,ACTIVE
15715,2033,Savings,111404265,2027-03-13,SMG01,ACTIVE
15716,4429,Savings,4318645,2027-07-17,MDN01,ACTIVE
15717,4754,Savings,7233034,2027-07-31,JKT01,ACTIVE
15718,7781,Time Deposit,147985653,2026-10-04,JKT02,ACTIVE
15719,5694,Time Deposit,1082246129,2026-12-21,BDG01,ACTIVE
15720,323,Time Deposit,774056731,2026-06-30,SBY01,ACTIVE
15721,6307,Time Deposit,965253942,2026-11-23,JKT01,ACTIVE
15722,6246,Time Deposit,1055514725,2026-05-13,BDG01,ACTIVE
15723,8719,Savings,18796425,2026-10-13,SBY01,ACTIVE
15724,8611,Time Deposit,1592642335,2026-06-11,MDN01,ACTIVE
15725,9512,Savings,9719119,2026-12-15,SBY01,ACTIVE
15726,2664,Savings,77320813,2028-01-23,MDN01,ACTIVE
15727,7402,Savings,9988678,2026-05-09,JKT01,ACTIVE
15728,1494,Time Deposit,238513732,2027-02-09,BDG01,ACTIVE
15729,1640,Time Deposit,1537701071,2026-06-15,JKT01,ACTIVE
15730,2504,Time Deposit,462227638,2026-12-31,YGY01,ACTIVE
15731,8289,Time Deposit,584741202,2026-12-11,YGY01,ACTIVE
15732,7563,Time Deposit,677892432,2026-11-05,BDG01,ACTIVE
15733,8996,Savings,4827615,2027-10-17,SMG01,ACTIVE
15734,3947,Savings,12386542,2027-07-09,MDN01,ACTIVE
15735,7375,Savings,24418324,2027-09-19,SMG01,ACTIVE
15736,2775,Savings,14826462,2026-09-03,JKT02,ACTIVE
15737,8309,Savings,125486173,2026-08-01,SMG01,ACTIVE
15738,7324,Savings,167757861,2028-01-30,SMG01,ACTIVE
15739,2592,Savings,73202718,2027-09-22,BDG01,ACTIVE
15740,807,Savings,27693928,2027-01-13,SMG01,ACTIVE
15741,3516,Time Deposit,886484887,2026-11-05,SBY01,ACTIVE
15742,3096,Time Deposit,244102055,2026-08-04,JKT02,ACTIVE
15743,5215,Savings,4391158,2027-09-23,JKT01,ACTIVE
15744,7910,Savings,106339974,2027-04-02,MDN01,ACTIVE
15745,1490,Savings,40889708,2026-09-04,SBY01,ACTIVE
15746,7954,Time Deposit,913614054,2027-01-16,BDG01,ACTIVE
15747,7987,Time Deposit,1067195882,2026-11-16,BDG01,ACTIVE
15748,5476,Time Deposit,1177246729,2027-01-04,JKT01,ACTIVE
15749,6819,Time Deposit,505491433,2026-04-23,YGY01,ACTIVE
15750,1467,Savings,43092619,2026-07-23,JKT01,ACTIVE
15751,215,Time Deposit,585887544,2027-01-03,MDN01,ACTIVE
15752,7619,Savings,39004744,2026-06-03,MDN01,ACTIVE
15753,7890,Time Deposit,636562402,2026-04-12,SMG01,ACTIVE
15754,5968,Savings,128772305,2026-12-01,JKT02,ACTIVE
15755,4521,Time Deposit,840064582,2026-10-30,MDN01,ACTIVE
15756,1629,Time Deposit,742642396,2026-09-26,MDN01,ACTIVE
15757,5331,Savings,18374113,2027-03-06,JKT02,ACTIVE
15758,2896,Time Deposit,258943858,2026-06-07,SMG01,ACTIVE
15759,6384,Savings,28818271,2028-02-17,SBY01,ACTIVE
15760,2033,Savings,72631732,2026-11-14,YGY01,ACTIVE
15761,2444,Savings,8348730,2028-02-05,SMG01,ACTIVE
15762,8759,Savings,2871126,2028-03-08,SBY01,ACTIVE
15763,4721,Time Deposit,947854085,2026-10-03,JKT01,ACTIVE
15764,3127,Savings,37028682,2026-04-30,SMG01,ACTIVE
15765,9459,Savings,15692247,2027-12-29,MDN01,ACTIVE
15766,6531,Time Deposit,424545810,2027-01-22,MDN01,ACTIVE
15767,3824,Time Deposit,787374997,2026-04-09,YGY01,ACTIVE
15768,1126,Savings,25940025,2026-08-31,SMG01,ACTIVE
15769,1716,Savings,22949496,2027-01-08,YGY01,ACTIVE
15770,1567,Time Deposit,381490908,2026-06-23,YGY01,ACTIVE
15771,9902,Time Deposit,249878156,2026-09-24,SBY01,ACTIVE
15772,6564,Savings,125822569,2027-02-01,BDG01,ACTIVE
15773,1523,Savings,155916717,2027-09-22,JKT01,ACTIVE
15774,3517,Time Deposit,193365054,2026-12-17,SBY01,ACTIVE
15775,169,Time Deposit,939657143,2027-02-18,SBY01,ACTIVE
15776,4755,Savings,15278946,2026-06-15,BDG01,ACTIVE
15777,6679,Savings,30036658,2026-10-18,SBY01,ACTIVE
15778,1191,Savings,35207591,2028-02-17,JKT01,ACTIVE
15779,1409,Time Deposit,1436872482,2027-01-26,YGY01,ACTIVE
15780,2638,Time Deposit,657997497,2026-12-09,SBY01,ACTIVE
15781,6432,Savings,191112432,2027-05-22,SMG01,ACTIVE
15782,9168,Savings,9649969,2027-12-10,SMG01,ACTIVE
15783,9116,Savings,33057639,2027-10-11,JKT02,ACTIVE
15784,7906,Savings,66019021,2027-03-31,YGY01,ACTIVE
15785,9577,Time Deposit,684038590,2027-01-27,JKT02,ACTIVE
15786,3379,Time Deposit,855935235,2026-06-20,JKT01,ACTIVE
15787,2255,Savings,9789257,2027-11-19,YGY01,ACTIVE
15788,6213,Savings,83714214,2026-05-23,JKT01,ACTIVE
15789,4802,Time Deposit,427281102,2026-04-18,MDN01,ACTIVE
15790,391,Time Deposit,990483145,2027-01-18,SBY01,ACTIVE
15791,8038,Savings,58561076,2027-11-29,BDG01,ACTIVE
15792,3950,Time Deposit,1213728369,2026-06-07,MDN01,ACTIVE
15793,8000,Savings,13212425,2027-12-04,BDG01,ACTIVE
15794,6217,Savings,14862153,2026-05-29,JKT01,ACTIVE
15795,371,Time Deposit,475378074,2026-08-31,MDN01,ACTIVE
15796,2184,Time Deposit,461669710,2026-06-06,BDG01,ACTIVE
15797,7833,Time Deposit,1003888988,2026-05-31,JKT01,ACTIVE
15798,6886,Savings,58789143,2026-11-13,BDG01,ACTIVE
15799,2537,Savings,132112275,2026-11-13,JKT02,ACTIVE
15800,1597,Time Deposit,1019010507,2026-11-20,SBY01,ACTIVE
15801,4217,Savings,18385511,2027-10-26,BDG01,ACTIVE
15802,3694,Time Deposit,1215905048,2026-06-11,MDN01,ACTIVE
15803,2301,Savings,169863078,2026-10-21,JKT02,ACTIVE
15804,5329,Time Deposit,473964447,2026-07-24,MDN01,ACTIVE
15805,898,Time Deposit,482893075,2026-05-10,YGY01,ACTIVE
15806,107,Savings,65043406,2026-07-18,SMG01,ACTIVE
15807,611,Time Deposit,782366750,2026-08-10,SBY01,ACTIVE
15808,7967,Savings,40074833,2027-05-26,YGY01,ACTIVE
15809,1055,Time Deposit,882757719,2026-11-10,SMG01,ACTIVE
15810,804,Savings,19074621,2027-01-31,BDG01,ACTIVE
15811,4132,Time Deposit,384495474,2026-11-27,JKT01,ACTIVE
15812,2757,Time Deposit,578973003,2026-05-13,BDG01,ACTIVE
15813,7677,Time Deposit,1826074569,2026-09-02,SMG01,ACTIVE
15814,9317,Savings,128726978,2027-08-07,SBY01,ACTIVE
15815,587,Time Deposit,404070197,2026-10-05,JKT02,ACTIVE
15816,5921,Time Deposit,221049279,2027-02-07,JKT01,ACTIVE
15817,6497,Time Deposit,1453621888,2027-03-21,JKT01,ACTIVE
15818,4232,Savings,10680953,2026-11-03,BDG01,ACTIVE
15819,8867,Time Deposit,1000855701,2026-08-11,MDN01,ACTIVE
15820,3968,Time Deposit,553260227,2026-10-23,MDN01,ACTIVE
15821,2406,Time Deposit,365720429,2026-11-07,YGY01,ACTIVE
15822,2706,Savings,22311303,2027-12-30,SMG01,ACTIVE
15823,3765,Time Deposit,1413711981,2026-06-26,JKT01,ACTIVE
15824,9363,Time Deposit,250964863,2026-06-09,YGY01,ACTIVE
15825,155,Time Deposit,465164511,2026-04-11,BDG01,ACTIVE
15826,2735,Time Deposit,691786108,2026-05-08,MDN01,ACTIVE
15827,9919,Time Deposit,264650401,2027-03-08,SBY01,ACTIVE
15828,2483,Savings,39823806,2026-10-01,MDN01,ACTIVE
15829,1596,Savings,9685953,2027-12-02,JKT01,ACTIVE
15830,3146,Savings,20565078,2026-10-18,YGY01,ACTIVE
15831,6481,Time Deposit,469274281,2026-07-23,JKT02,ACTIVE
15832,2981,Savings,64336209,2026-12-14,SMG01,ACTIVE
15833,4572,Time Deposit,162975976,2026-10-15,JKT01,ACTIVE
15834,537,Savings,194359462,2027-08-08,SBY01,ACTIVE
15835,8866,Savings,98629157,2026-08-24,MDN01,ACTIVE
15836,1857,Savings,91979278,2027-03-25,SBY01,ACTIVE
15837,6058,Savings,164535124,2026-10-17,JKT01,ACTIVE
15838,417,Savings,94722871,2028-02-05,SBY01,ACTIVE
15839,8213,Savings,23310220,2026-05-08,MDN01,ACTIVE
15840,2599,Time Deposit,709108112,2026-05-11,MDN01,ACTIVE
15841,2868,Savings,12545933,2027-10-09,JKT02,ACTIVE
15842,8059,Time Deposit,233117891,2026-11-08,MDN01,ACTIVE
15843,569,Savings,114622980,2027-06-28,JKT02,ACTIVE
15844,2327,Savings,17886750,2027-12-24,SBY01,ACTIVE
15845,5095,Savings,70993043,2027-06-15,SMG01,ACTIVE
15846,6817,Time Deposit,583934971,2026-08-16,BDG01,ACTIVE
15847,6022,Savings,1686396,2026-11-10,MDN01,ACTIVE
15848,2464,Savings,18488050,2026-08-27,SMG01,ACTIVE
15849,5384,Time Deposit,464265051,2026-11-14,JKT02,ACTIVE
15850,8453,Savings,64742706,2027-01-07,YGY01,ACTIVE
15851,5393,Savings,34528211,2027-05-31,YGY01,ACTIVE
15852,8608,Savings,27147252,2028-03-21,SBY01,ACTIVE
15853,5409,Time Deposit,808673070,2027-02-03,SMG01,ACTIVE
15854,4507,Savings,3629971,2026-09-11,YGY01,ACTIVE
15855,866,Savings,24621827,2026-05-19,SMG01,ACTIVE
15856,6018,Time Deposit,205981799,2027-03-17,BDG01,ACTIVE
15857,6439,Time Deposit,453227647,2026-06-30,SBY01,ACTIVE
15858,4209,Time Deposit,1114324969,2026-11-05,JKT01,ACTIVE
15859,8589,Savings,20608447,2027-11-20,BDG01,ACTIVE
15860,3446,Savings,101624524,2027-10-14,MDN01,ACTIVE
15861,6723,Savings,95848559,2026-05-03,JKT01,ACTIVE
15862,9753,Time Deposit,307041813,2026-10-10,SMG01,ACTIVE
15863,805,Savings,8290879,2027-10-13,JKT02,ACTIVE
15864,3949,Time Deposit,720093698,2027-03-20,SBY01,ACTIVE
15865,9339,Savings,6935511,2026-06-29,SMG01,ACTIVE
15866,4897,Time Deposit,743152428,2026-05-01,SMG01,ACTIVE
15867,949,Time Deposit,858649656,2026-05-23,JKT02,ACTIVE
15868,4418,Savings,111415435,2027-01-09,MDN01,ACTIVE
15869,3674,Savings,218757132,2026-04-26,JKT02,ACTIVE
15870,7626,Time Deposit,650070201,2026-07-07,MDN01,ACTIVE
15871,957,Time Deposit,1403716210,2027-01-29,BDG01,ACTIVE
15872,7021,Time Deposit,1070733786,2026-10-12,JKT02,ACTIVE
15873,7389,Time Deposit,908050409,2026-07-16,MDN01,ACTIVE
15874,5221,Savings,81053060,2027-04-10,YGY01,ACTIVE
15875,5784,Time Deposit,1487452147,2026-10-25,SBY01,ACTIVE
15876,2020,Time Deposit,430450023,2026-10-08,SBY01,ACTIVE
15877,955,Savings,17627658,2027-09-18,BDG01,ACTIVE
15878,1395,Savings,16364164,2026-11-24,MDN01,ACTIVE
15879,8119,Time Deposit,439264114,2026-05-27,SMG01,ACTIVE
15880,9760,Time Deposit,916427928,2026-11-15,JKT01,ACTIVE
15881,7808,Time Deposit,1638843428,2027-02-08,MDN01,ACTIVE
15882,5581,Savings,22708551,2027-08-22,JKT02,ACTIVE
15883,991,Savings,18700364,2028-02-23,BDG01,ACTIVE
15884,1732,Time Deposit,257522775,2026-12-19,BDG01,ACTIVE
15885,5009,Time Deposit,1286949227,2027-02-21,SBY01,ACTIVE
15886,2610,Savings,24572722,2026-12-14,BDG01,ACTIVE
15887,235,Savings,62483518,2027-08-15,MDN01,ACTIVE
15888,7794,Time Deposit,394202736,2026-12-17,JKT02,ACTIVE
15889,5812,Time Deposit,740630227,2026-06-15,SBY01,ACTIVE
15890,7789,Savings,22636724,2027-06-07,SMG01,ACTIVE
15891,9083,Time Deposit,719811902,2026-05-03,JKT02,ACTIVE
15892,4011,Time Deposit,618659684,2026-06-15,JKT02,ACTIVE
15893,4768,Savings,35024717,2026-09-26,YGY01,ACTIVE
15894,774,Savings,10541654,2027-09-11,JKT02,ACTIVE
15895,5828,Time Deposit,1526583349,2027-03-12,SMG01,ACTIVE
15896,9206,Time Deposit,401850189,2027-02-17,BDG01,ACTIVE
15897,5510,Savings,152206553,2027-07-26,SBY01,ACTIVE
15898,3515,Savings,10760854,2027-06-10,BDG01,ACTIVE
15899,4168,Time Deposit,199189078,2026-09-04,MDN01,ACTIVE
15900,1206,Savings,11543412,2027-02-06,SMG01,ACTIVE
15901,418,Savings,16371397,2028-03-06,SBY01,ACTIVE
15902,9366,Savings,171625441,2028-03-18,SBY01,ACTIVE
15903,6242,Savings,159450735,2026-05-19,SBY01,ACTIVE
15904,9138,Savings,16262970,2026-09-02,MDN01,ACTIVE
15905,1400,Savings,28131089,2026-06-30,YGY01,ACTIVE
15906,6350,Time Deposit,628484414,2026-06-11,JKT02,ACTIVE
15907,1419,Savings,48963174,2026-11-03,JKT01,ACTIVE
15908,8446,Savings,107140385,2027-09-21,JKT02,ACTIVE
15909,8985,Savings,11978049,2027-08-02,JKT02,ACTIVE
15910,9258,Savings,160843221,2026-12-28,SMG01,ACTIVE
15911,144,Time Deposit,183680083,2026-05-06,JKT01,ACTIVE
15912,6451,Savings,209491206,2027-03-14,SMG01,ACTIVE
15913,884,Time Deposit,999686962,2026-08-05,JKT01,ACTIVE
15914,7357,Time Deposit,1136579133,2026-06-30,MDN01,ACTIVE
15915,1027,Savings,185874558,2026-05-06,BDG01,ACTIVE
15916,3534,Savings,12168830,2026-07-16,MDN01,ACTIVE
15917,239,Time Deposit,1319319339,2026-08-14,JKT01,ACTIVE
15918,6429,Savings,107735272,2027-11-23,SMG01,ACTIVE
15919,3925,Time Deposit,300980134,2026-10-01,YGY01,ACTIVE
15920,2197,Savings,85082943,2026-06-02,JKT01,ACTIVE
15921,675,Time Deposit,1072152608,2027-03-02,SMG01,ACTIVE
15922,660,Time Deposit,1122006170,2026-05-16,YGY01,ACTIVE
15923,2498,Savings,20136427,2026-09-07,MDN01,ACTIVE
15924,1380,Time Deposit,766384121,2027-01-28,SBY01,ACTIVE
15925,6219,Time Deposit,243513055,2026-07-05,MDN01,ACTIVE
15926,5352,Savings,200354122,2026-09-23,JKT01,ACTIVE
15927,3240,Time Deposit,1302318843,2026-09-19,MDN01,ACTIVE
15928,9910,Time Deposit,814802032,2026-10-23,JKT01,ACTIVE
15929,4599,Time Deposit,891022441,2026-12-20,YGY01,ACTIVE
15930,8909,Time Deposit,960684205,2026-12-13,MDN01,ACTIVE
15931,5550,Time Deposit,1238744721,2026-10-16,JKT01,ACTIVE
15932,6901,Savings,82701437,2027-09-23,SMG01,ACTIVE
15933,3429,Time Deposit,1051293544,2026-12-06,JKT01,ACTIVE
15934,988,Time Deposit,607996790,2026-11-07,SBY01,ACTIVE
15935,3193,Time Deposit,1281632398,2026-07-04,BDG01,ACTIVE
15936,4088,Time Deposit,937606802,2026-05-24,JKT02,ACTIVE
15937,5959,Savings,14555443,2026-10-01,YGY01,ACTIVE
15938,3067,Savings,14880975,2026-04-26,SBY01,ACTIVE
15939,7592,Time Deposit,628685660,2026-10-10,YGY01,ACTIVE
15940,4816,Savings,54834029,2026-10-07,SBY01,ACTIVE
15941,3704,Savings,26860910,2026-06-06,JKT02,ACTIVE
15942,7271,Savings,15805702,2026-09-15,MDN01,ACTIVE
15943,2850,Time Deposit,1112290760,2026-12-04,YGY01,ACTIVE
15944,3074,Savings,92877335,2027-08-10,SMG01,ACTIVE
15945,1621,Savings,160191386,2027-07-09,YGY01,ACTIVE
15946,5493,Savings,19433273,2028-01-30,MDN01,ACTIVE
15947,8190,Savings,128011759,2027-09-30,SBY01,ACTIVE
15948,5767,Savings,11728911,2028-01-28,YGY01,ACTIVE
15949,7381,Savings,113877366,2027-08-17,SMG01,ACTIVE
15950,6595,Savings,21291906,2027-09-14,JKT02,ACTIVE
15951,934,Savings,60825205,2027-10-20,SMG01,ACTIVE
15952,1730,Time Deposit,811872729,2027-03-10,SBY01,ACTIVE
15953,2947,Time Deposit,719377819,2027-01-10,SMG01,ACTIVE
15954,9967,Savings,10086585,2027-07-19,SMG01,ACTIVE
15955,6954,Time Deposit,743919675,2027-02-19,YGY01,ACTIVE
15956,3694,Time Deposit,998917954,2026-06-01,BDG01,ACTIVE
15957,2992,Savings,58017567,2027-05-22,BDG01,ACTIVE
15958,1309,Savings,42539841,2027-01-08,MDN01,ACTIVE
15959,3980,Savings,190131313,2026-12-20,SBY01,ACTIVE
15960,6189,Savings,33926595,2026-05-06,SBY01,ACTIVE
15961,504,Savings,27401438,2027-06-21,MDN01,ACTIVE
15962,1090,Savings,73035824,2027-04-01,MDN01,ACTIVE
15963,5899,Time Deposit,80027000,2026-12-20,SBY01,ACTIVE
15964,4478,Savings,12585328,2026-11-15,BDG01,ACTIVE
15965,3986,Savings,47864242,2027-04-17,JKT01,ACTIVE
15966,4924,Savings,100551459,2028-02-24,BDG01,ACTIVE
15967,1973,Savings,20192415,2027-09-13,MDN01,ACTIVE
15968,2508,Savings,14083876,2027-04-08,MDN01,ACTIVE
15969,6361,Savings,137675586,2026-10-29,BDG01,ACTIVE
15970,446,Savings,109147374,2027-11-07,SBY01,ACTIVE
15971,5673,Savings,178438184,2026-04-28,JKT01,ACTIVE
15972,556,Savings,33328123,2027-11-24,SBY01,ACTIVE
15973,9182,Time Deposit,603090716,2026-05-01,SMG01,ACTIVE
15974,7143,Savings,15485483,2027-12-09,SBY01,ACTIVE
15975,6647,Time Deposit,164341291,2026-11-11,JKT02,ACTIVE
15976,1029,Time Deposit,119969701,2026-07-10,BDG01,ACTIVE
15977,6026,Savings,13269278,2027-08-11,JKT01,ACTIVE
15978,7695,Savings,53884128,2026-06-10,JKT01,ACTIVE
15979,5479,Savings,21756355,2026-09-28,BDG01,ACTIVE
15980,427,Time Deposit,817142569,2026-07-29,SBY01,ACTIVE
15981,7316,Savings,20852005,2027-06-16,MDN01,ACTIVE
15982,4008,Time Deposit,727483914,2026-06-12,MDN01,ACTIVE
15983,9646,Savings,45861548,2026-07-29,MDN01,ACTIVE
15984,3136,Savings,33647027,2026-11-29,MDN01,ACTIVE
15985,8531,Time Deposit,455753143,2026-11-21,JKT02,ACTIVE
15986,4680,Time Deposit,454907742,2026-07-12,JKT01,ACTIVE
15987,7549,Savings,24143181,2028-02-28,SMG01,ACTIVE
15988,7264,Savings,40444293,2027-09-15,BDG01,ACTIVE
15989,3326,Time Deposit,397003374,2026-07-11,BDG01,ACTIVE
15990,8539,Savings,2987070,2026-09-20,BDG01,ACTIVE
15991,9665,Time Deposit,443052221,2026-11-08,YGY01,ACTIVE
15992,8030,Time Deposit,186763661,2026-07-06,SMG01,ACTIVE
15993,7247,Time Deposit,1333956337,2027-02-22,JKT02,ACTIVE
15994,2663,Time Deposit,1044087968,2026-08-09,SMG01,ACTIVE
15995,3016,Savings,14599507,2027-04-01,YGY01,ACTIVE
15996,6861,Savings,28814167,2027-09-26,YGY01,ACTIVE
15997,7986,Savings,40878674,2026-05-06,SMG01,ACTIVE
15998,7609,Time Deposit,1577834701,2026-10-30,MDN01,ACTIVE
15999,3694,Time Deposit,1144093522,2027-03-01,SMG01,ACTIVE
16000,4757,Savings,67953645,2026-06-01,SMG01,ACTIVE
16001,9843,Time Deposit,609233533,2026-06-12,SBY01,ACTIVE
16002,2824,Time Deposit,566450466,2026-08-22,MDN01,ACTIVE
16003,1243,Time Deposit,1657753109,2026-04-22,JKT02,ACTIVE
16004,5365,Savings,8790099,2028-01-27,JKT01,ACTIVE
16005,9400,Savings,22113418,2027-07-10,MDN01,ACTIVE
16006,1227,Time Deposit,674706583,2027-02-04,JKT02,ACTIVE
16007,6349,Savings,18660008,2026-09-12,SBY01,ACTIVE
16008,1534,Time Deposit,684590926,2027-03-10,JKT02,ACTIVE
16009,787,Savings,16306128,2027-02-09,YGY01,ACTIVE
16010,7554,Time Deposit,1673585422,2026-10-02,BDG01,ACTIVE
16011,7162,Savings,13863130,2027-02-08,JKT02,ACTIVE
16012,3857,Savings,27652876,2026-11-21,MDN01,ACTIVE
16013,912,Time Deposit,796419295,2026-10-07,SMG01,ACTIVE
16014,514,Time Deposit,569440986,2027-03-10,JKT02,ACTIVE
16015,7219,Savings,7108008,2028-01-22,SBY01,ACTIVE
16016,1427,Savings,32503239,2026-10-12,YGY01,ACTIVE
16017,9200,Savings,23120189,2026-11-21,SBY01,ACTIVE
16018,3946,Savings,12033849,2027-10-03,MDN01,ACTIVE
16019,989,Savings,13328705,2027-05-19,YGY01,ACTIVE
16020,3771,Time Deposit,527286244,2026-04-28,SMG01,ACTIVE
16021,1900,Time Deposit,701284923,2027-03-10,JKT02,ACTIVE
16022,9863,Savings,21425029,2026-08-17,JKT02,ACTIVE
16023,3277,Time Deposit,877636328,2026-06-20,JKT01,ACTIVE
16024,1307,Savings,22681825,2027-09-13,JKT01,ACTIVE
16025,7446,Savings,24647096,2028-03-08,BDG01,ACTIVE
16026,8421,Time Deposit,1701599251,2026-06-03,SBY01,ACTIVE
16027,1655,Time Deposit,451622694,2026-12-16,JKT01,ACTIVE
16028,8471,Savings,34626105,2026-06-12,SBY01,ACTIVE
16029,1775,Savings,9030271,2028-02-15,SMG01,ACTIVE
16030,9698,Time Deposit,1167274662,2026-11-11,JKT01,ACTIVE
16031,1343,Time Deposit,566418342,2026-09-30,SBY01,ACTIVE
16032,4845,Savings,38036761,2027-06-02,JKT01,ACTIVE
16033,1883,Savings,10654778,2027-12-27,BDG01,ACTIVE
16034,4648,Savings,79169546,2027-08-14,JKT02,ACTIVE
16035,4825,Time Deposit,172083984,2026-12-06,SBY01,ACTIVE
16036,6788,Savings,44117606,2027-11-03,BDG01,ACTIVE
16037,7773,Time Deposit,1163043280,2026-08-21,JKT01,ACTIVE
16038,4456,Time Deposit,337131589,2027-01-27,JKT01,ACTIVE
16039,5951,Time Deposit,1273179137,2026-10-11,SMG01,ACTIVE
16040,8776,Time Deposit,838048834,2027-02-02,SBY01,ACTIVE
16041,3273,Time Deposit,1090978577,2026-12-18,SBY01,ACTIVE
16042,645,Time Deposit,1329749352,2026-06-07,SBY01,ACTIVE
16043,8154,Savings,68382485,2027-01-02,JKT01,ACTIVE
16044,349,Savings,19603909,2026-12-10,SMG01,ACTIVE
16045,3621,Time Deposit,1480869456,2027-01-28,JKT02,ACTIVE
16046,5719,Savings,31299623,2027-07-25,BDG01,ACTIVE
16047,8432,Time Deposit,1462145483,2026-06-06,YGY01,ACTIVE
16048,8298,Savings,18573798,2027-03-06,SBY01,ACTIVE
16049,116,Savings,23341763,2027-01-14,BDG01,ACTIVE
16050,2902,Savings,130340281,2026-07-16,SMG01,ACTIVE
16051,397,Savings,135295295,2026-09-26,JKT02,ACTIVE
16052,5889,Savings,82828595,2028-02-21,JKT02,ACTIVE
16053,5508,Time Deposit,563084602,2026-07-19,JKT01,ACTIVE
16054,3387,Savings,104305120,2026-05-16,YGY01,ACTIVE
16055,9761,Savings,43147242,2027-01-14,BDG01,ACTIVE
16056,7048,Savings,36032011,2026-12-30,SMG01,ACTIVE
16057,7510,Time Deposit,280630105,2026-05-23,SBY01,ACTIVE
16058,935,Time Deposit,1734030745,2026-05-08,JKT02,ACTIVE
16059,3758,Savings,42381691,2026-09-08,BDG01,ACTIVE
16060,8067,Savings,28708712,2027-06-26,JKT02,ACTIVE
16061,4799,Savings,143643747,2027-03-24,SMG01,ACTIVE
16062,8940,Savings,167867085,2028-03-11,JKT02,ACTIVE
16063,8784,Savings,52878571,2027-04-07,JKT02,ACTIVE
16064,2741,Savings,29664380,2027-03-04,JKT02,ACTIVE
16065,4041,Savings,30438179,2026-08-26,MDN01,ACTIVE
16066,457,Time Deposit,281113374,2026-07-02,JKT02,ACTIVE
16067,333,Savings,38553376,2027-02-27,JKT01,ACTIVE
16068,6855,Savings,37743205,2026-09-21,SBY01,ACTIVE
16069,532,Time Deposit,1058739102,2026-10-17,SBY01,ACTIVE
16070,6788,Time Deposit,1162594586,2026-11-25,BDG01,ACTIVE
16071,2722,Savings,179481269,2027-06-04,SBY01,ACTIVE
16072,9842,Savings,19772553,2026-11-16,SBY01,ACTIVE
16073,5898,Savings,38529432,2028-01-15,BDG01,ACTIVE
16074,7763,Savings,87449460,2026-08-13,JKT02,ACTIVE
16075,7455,Savings,31034979,2027-11-09,YGY01,ACTIVE
16076,8989,Time Deposit,487028623,2026-08-28,JKT02,ACTIVE
16077,2800,Savings,81350950,2028-02-12,JKT01,ACTIVE
16078,2392,Time Deposit,1398978500,2026-04-17,JKT01,ACTIVE
16079,6092,Time Deposit,645407221,2026-05-31,BDG01,ACTIVE
16080,5839,Savings,5141255,2027-08-04,SMG01,ACTIVE
16081,8088,Savings,70996980,2026-12-10,MDN01,ACTIVE
16082,1642,Savings,9268554,2027-09-29,JKT01,ACTIVE
16083,8606,Time Deposit,1734153136,2026-09-14,JKT02,ACTIVE
16084,6607,Time Deposit,1328450092,2026-04-10,SMG01,ACTIVE
16085,2847,Savings,14358114,2026-11-21,MDN01,ACTIVE
16086,1954,Savings,30769773,2027-07-02,MDN01,ACTIVE
16087,3030,Time Deposit,1275937491,2026-12-11,JKT02,ACTIVE
16088,4486,Savings,167496724,2026-07-08,MDN01,ACTIVE
16089,1065,Time Deposit,710463889,2026-06-27,JKT01,ACTIVE
16090,8057,Savings,16099228,2027-05-10,YGY01,ACTIVE
16091,5048,Time Deposit,195926642,2026-10-26,SMG01,ACTIVE
16092,4422,Savings,103091751,2027-05-02,SBY01,ACTIVE
16093,1435,Time Deposit,969187441,2026-05-30,BDG01,ACTIVE
16094,5917,Savings,159743629,2026-12-29,JKT02,ACTIVE
16095,2329,Savings,37360294,2026-07-26,SBY01,ACTIVE
16096,8679,Savings,34272112,2027-06-23,JKT02,ACTIVE
16097,9461,Savings,33614890,2026-04-28,JKT01,ACTIVE
16098,8253,Savings,111962141,2027-07-27,JKT01,ACTIVE
16099,8812,Time Deposit,782418166,2026-12-28,SMG01,ACTIVE
16100,978,Savings,64434516,2027-12-01,SBY01,ACTIVE
16101,1594,Savings,33101904,2026-11-20,SBY01,ACTIVE
16102,4587,Savings,27762591,2027-06-11,MDN01,ACTIVE
16103,9064,Savings,52798692,2026-11-21,SMG01,ACTIVE
16104,5512,Time Deposit,1033406393,2026-08-08,SBY01,ACTIVE
16105,764,Savings,23117295,2026-05-10,BDG01,ACTIVE
16106,1216,Savings,78661511,2027-09-06,SMG01,ACTIVE
16107,4008,Savings,32588074,2027-09-04,SBY01,ACTIVE
16108,4185,Time Deposit,188205913,2027-02-09,JKT01,ACTIVE
16109,2239,Savings,6566645,2027-05-05,MDN01,ACTIVE
16110,7441,Savings,5675296,2026-08-01,YGY01,ACTIVE
16111,2011,Savings,152113334,2028-03-06,YGY01,ACTIVE
16112,9841,Time Deposit,545736961,2026-07-09,JKT01,ACTIVE
16113,979,Time Deposit,324159822,2026-04-10,JKT01,ACTIVE
16114,5652,Time Deposit,856960348,2026-11-15,SMG01,ACTIVE
16115,6809,Time Deposit,1325229823,2026-12-16,JKT02,ACTIVE
16116,4513,Savings,10449318,2026-12-22,SMG01,ACTIVE
16117,4362,Savings,45014738,2028-01-10,JKT01,ACTIVE
16118,29,Savings,29487007,2026-05-24,JKT01,ACTIVE
16119,5223,Time Deposit,1651381735,2026-06-27,JKT02,ACTIVE
16120,6983,Savings,28465167,2027-08-19,SBY01,ACTIVE
16121,6412,Time Deposit,1208523124,2026-10-13,SBY01,INACTIVE
16122,4560,Savings,9822981,2026-07-21,BDG01,INACTIVE
16123,921,Savings,131917233,2027-04-26,MDN01,ACTIVE
16124,7595,Time Deposit,1180236957,2027-01-19,BDG01,INACTIVE
16125,5707,Savings,244482502,2027-05-25,JKT02,ACTIVE
16126,552,Time Deposit,401063390,2026-04-20,JKT01,INACTIVE
16127,7003,Savings,127079200,2026-07-20,MDN01,ACTIVE
16128,9977,Time Deposit,839122158,2026-11-01,SMG01,INACTIVE
16129,5879,Savings,170458074,2028-02-19,SMG01,INACTIVE
16130,7205,Time Deposit,828680199,2026-12-24,MDN01,INACTIVE
16131,606,Savings,89614201,2027-07-31,MDN01,ACTIVE
16132,4642,Savings,11328355,2028-02-22,SBY01,INACTIVE
16133,8767,Savings,24981331,2026-08-17,BDG01,ACTIVE
16134,9575,Time Deposit,995229119,2026-04-16,YGY01,INACTIVE
16135,2578,Savings,18295358,2027-09-22,JKT01,INACTIVE
16136,1650,Time Deposit,1055449479,2026-11-02,YGY01,ACTIVE
16137,7425,Time Deposit,478248471,2026-10-23,JKT01,INACTIVE
16138,1525,Time Deposit,982732332,2027-03-13,JKT01,INACTIVE
16139,1134,Savings,35818495,2027-09-03,JKT01,INACTIVE
16140,2474,Savings,40623014,2027-11-15,JKT02,INACTIVE
16141,394,Savings,29723817,2027-09-24,BDG01,ACTIVE
16142,4913,Time Deposit,397926103,2027-01-24,MDN01,ACTIVE
16143,3507,Time Deposit,694084947,2026-08-22,SMG01,INACTIVE
16144,9739,Savings,12187386,2026-10-01,SBY01,INACTIVE
16145,5082,Savings,175119228,2027-06-27,SBY01,INACTIVE
16146,9437,Savings,7305305,2027-02-09,JKT01,INACTIVE
16147,7350,Time Deposit,836028459,2027-03-25,MDN01,INACTIVE
16148,979,Time Deposit,1340384304,2026-04-27,JKT02,ACTIVE
16149,6986,Time Deposit,1115591865,2026-10-28,BDG01,INACTIVE
16150,8505,Savings,5912815,2027-08-07,BDG01,INACTIVE
16151,7721,Savings,46778808,2026-10-29,MDN01,INACTIVE
16152,8286,Time Deposit,880829841,2026-06-17,SMG01,INACTIVE
16153,2357,Time Deposit,654206161,2027-03-18,JKT01,INACTIVE
16154,4986,Savings,36555493,2026-09-20,JKT01,ACTIVE
16155,8486,Savings,123373250,2027-06-26,MDN01,INACTIVE
16156,957,Savings,75590898,2026-09-20,SMG01,ACTIVE
16157,3728,Savings,17484061,2027-06-23,YGY01,ACTIVE
16158,143,Time Deposit,136456348,2026-12-23,BDG01,INACTIVE
16159,5968,Time Deposit,1423238003,2026-11-29,JKT01,INACTIVE
16160,1344,Savings,35926942,2026-11-01,BDG01,INACTIVE
16161,7180,Time Deposit,748861173,2026-07-07,SMG01,ACTIVE
16162,9052,Savings,8805507,2027-11-23,MDN01,INACTIVE
16163,2215,Savings,22389330,2027-09-07,SMG01,INACTIVE
16164,6582,Savings,39812116,2027-01-13,SMG01,INACTIVE
16165,6359,Savings,40927448,2027-07-18,BDG01,INACTIVE
16166,5995,Savings,28191676,2027-01-22,JKT01,INACTIVE
16167,5051,Time Deposit,692830459,2026-08-24,SMG01,ACTIVE
16168,3901,Time Deposit,719793128,2026-08-08,MDN01,INACTIVE
16169,3703,Time Deposit,588169247,2027-01-17,JKT01,INACTIVE
16170,7864,Savings,19622851,2027-08-22,YGY01,INACTIVE
16171,2660,Savings,67635398,2027-07-14,SMG01,INACTIVE
16172,8164,Savings,39140607,2027-01-17,BDG01,ACTIVE
16173,8480,Time Deposit,569880246,2026-10-13,SMG01,INACTIVE
16174,1489,Savings,5238354,2027-04-22,SMG01,INACTIVE
16175,683,Time Deposit,245829201,2026-08-22,SBY01,ACTIVE
16176,6075,Savings,17014252,2026-12-03,YGY01,INACTIVE
16177,805,Savings,4678212,2026-07-28,SBY01,INACTIVE
16178,1506,Savings,9537318,2026-06-07,MDN01,ACTIVE
16179,742,Time Deposit,1036099538,2026-08-25,SBY01,INACTIVE
16180,6715,Savings,46263604,2028-01-03,BDG01,INACTIVE
16181,3621,Time Deposit,1103501716,2026-10-04,SMG01,ACTIVE
16182,5235,Savings,137998192,2027-09-09,JKT02,ACTIVE
16183,5353,Savings,29332467,2026-05-01,JKT01,INACTIVE
16184,4158,Time Deposit,1031599334,2026-12-19,YGY01,INACTIVE
16185,5226,Savings,19488561,2028-02-22,JKT02,INACTIVE
16186,722,Savings,5374428,2027-12-01,SMG01,INACTIVE
16187,1397,Savings,94505233,2027-04-28,BDG01,INACTIVE
16188,5551,Time Deposit,1278914045,2027-02-19,JKT01,INACTIVE
16189,982,Savings,65178953,2027-08-19,BDG01,INACTIVE
16190,3041,Savings,34284665,2027-01-04,SMG01,INACTIVE
16191,6975,Time Deposit,533575036,2026-06-26,SMG01,INACTIVE
16192,4898,Savings,55715000,2026-11-22,JKT01,ACTIVE
16193,5858,Savings,125889372,2028-01-15,JKT02,INACTIVE
16194,1080,Time Deposit,455543971,2026-05-07,MDN01,INACTIVE
16195,2219,Savings,34487818,2027-12-02,JKT01,INACTIVE
16196,8914,Time Deposit,1395370646,2026-04-17,SMG01,INACTIVE
16197,7668,Savings,64703014,2026-07-30,JKT02,INACTIVE
16198,2272,Time Deposit,441911622,2027-02-14,MDN01,INACTIVE
16199,5381,Time Deposit,906896529,2026-12-25,YGY01,ACTIVE
16200,4570,Time Deposit,1357497568,2027-01-04,MDN01,INACTIVE
16201,2969,Savings,19961215,2027-11-28,SBY01,INACTIVE
16202,7206,Time Deposit,963042561,2026-11-15,YGY01,ACTIVE
16203,5597,Savings,148689769,2027-10-01,MDN01,INACTIVE
16204,369,Time Deposit,494259867,2027-01-20,SBY01,INACTIVE
16205,7358,Time Deposit,291743974,2026-07-07,SMG01,ACTIVE
16206,1300,Time Deposit,1071901703,2027-03-12,BDG01,ACTIVE
16207,8747,Time Deposit,844943326,2026-11-18,SMG01,INACTIVE
16208,5432,Time Deposit,121008470,2026-12-05,BDG01,INACTIVE
16209,4343,Time Deposit,638425057,2027-03-23,MDN01,INACTIVE
16210,9868,Savings,47549859,2027-04-03,JKT02,INACTIVE
16211,4430,Savings,28804284,2028-03-12,SMG01,INACTIVE
16212,8192,Time Deposit,617089312,2027-02-08,MDN01,INACTIVE
16213,921,Time Deposit,405246966,2026-04-21,JKT01,INACTIVE
16214,1857,Savings,24635823,2027-11-02,SBY01,INACTIVE
16215,5931,Savings,201690537,2027-12-02,YGY01,ACTIVE
16216,3627,Savings,44329645,2027-09-03,JKT02,ACTIVE
16217,6293,Savings,23769368,2027-02-06,YGY01,INACTIVE
16218,1856,Savings,12066786,2026-05-19,BDG01,INACTIVE
16219,2375,Savings,19271030,2027-10-24,JKT02,INACTIVE
16220,5194,Time Deposit,1130459983,2026-11-03,BDG01,INACTIVE
16221,6249,Savings,38302369,2027-12-01,BDG01,INACTIVE
16222,1550,Time Deposit,540398396,2026-11-30,SMG01,INACTIVE
16223,3512,Time Deposit,1391808503,2026-12-31,SBY01,INACTIVE
16224,4748,Savings,31325423,2027-11-24,YGY01,INACTIVE
16225,9413,Time Deposit,1302629140,2026-09-25,YGY01,INACTIVE
16226,7636,Savings,5739414,2026-11-25,SMG01,INACTIVE
16227,9995,Savings,9073225,2027-12-29,SMG01,ACTIVE
16228,8291,Savings,128094994,2026-12-25,YGY01,ACTIVE
16229,1270,Time Deposit,677549005,2026-04-09,BDG01,INACTIVE
16230,660,Savings,44759522,2027-05-06,JKT02,INACTIVE
16231,674,Time Deposit,749022418,2026-05-16,SBY01,INACTIVE
16232,3605,Time Deposit,796164867,2026-06-25,MDN01,ACTIVE
16233,2010,Savings,29509924,2027-01-23,YGY01,INACTIVE
16234,2550,Savings,20475529,2027-03-19,MDN01,INACTIVE
16235,3278,Time Deposit,139044278,2026-05-02,MDN01,ACTIVE
16236,2052,Time Deposit,203375749,2026-06-13,SMG01,INACTIVE
16237,4052,Time Deposit,674824447,2026-07-21,YGY01,INACTIVE
16238,35,Savings,11128862,2026-05-01,BDG01,INACTIVE
16239,5419,Savings,28226421,2026-10-31,JKT01,INACTIVE
16240,2477,Savings,12502576,2026-05-28,MDN01,ACTIVE
16241,7113,Time Deposit,397301012,2026-12-05,BDG01,INACTIVE
16242,1669,Time Deposit,231168522,2026-07-04,YGY01,INACTIVE
16243,9179,Savings,34753635,2027-07-20,BDG01,ACTIVE
16244,3003,Savings,110604866,2027-10-30,SBY01,INACTIVE
16245,9679,Savings,8480518,2027-07-10,YGY01,ACTIVE
16246,8609,Savings,12961122,2027-02-28,YGY01,ACTIVE
16247,9490,Savings,18036593,2027-10-03,JKT01,ACTIVE
16248,2608,Time Deposit,296923486,2027-03-21,JKT02,INACTIVE
16249,4401,Time Deposit,483069885,2026-04-29,JKT01,ACTIVE
16250,4757,Savings,82680590,2027-10-17,YGY01,INACTIVE
16251,5094,Savings,7277797,2028-02-25,BDG01,INACTIVE
16252,2926,Time Deposit,1391803208,2027-02-22,JKT01,INACTIVE
16253,2991,Savings,129059425,2026-06-18,MDN01,ACTIVE
16254,7390,Time Deposit,465391092,2026-06-17,BDG01,INACTIVE
16255,6246,Savings,71020734,2026-08-20,SMG01,INACTIVE
16256,2218,Savings,113198969,2028-02-02,JKT01,ACTIVE
16257,5522,Time Deposit,959891187,2026-05-22,JKT02,INACTIVE
16258,4651,Savings,188756736,2026-12-10,SBY01,ACTIVE
16259,7465,Savings,133215500,2027-10-28,JKT01,INACTIVE
16260,2884,Time Deposit,522252510,2027-02-10,JKT01,INACTIVE
16261,2426,Time Deposit,849303687,2026-06-30,SMG01,INACTIVE
16262,331,Time Deposit,925888967,2027-03-21,MDN01,INACTIVE
16263,6412,Savings,127387198,2027-03-25,BDG01,INACTIVE
16264,4013,Time Deposit,976793334,2027-01-05,MDN01,INACTIVE
16265,1331,Savings,91167089,2026-12-06,BDG01,INACTIVE
16266,8341,Savings,44963017,2027-07-15,SMG01,ACTIVE
16267,7212,Time Deposit,459613058,2026-06-13,JKT01,INACTIVE
16268,1822,Savings,5895950,2027-10-14,BDG01,ACTIVE
16269,5765,Savings,10038502,2027-05-05,SMG01,ACTIVE
16270,4207,Time Deposit,682367585,2027-02-11,YGY01,INACTIVE
16271,8802,Savings,49611906,2027-08-10,MDN01,INACTIVE
16272,7957,Time Deposit,942235705,2026-07-03,SMG01,INACTIVE
16273,9731,Savings,41861772,2028-03-16,YGY01,ACTIVE
16274,9766,Time Deposit,1009092967,2027-01-13,SMG01,INACTIVE
16275,9773,Time Deposit,822187278,2027-01-27,SMG01,INACTIVE
16276,6871,Time Deposit,773112679,2026-07-20,YGY01,INACTIVE
16277,741,Savings,108687694,2027-07-13,YGY01,INACTIVE
16278,7338,Time Deposit,643980419,2026-12-31,JKT02,ACTIVE
16279,3402,Savings,5454938,2026-05-21,MDN01,INACTIVE
16280,2906,Savings,85239772,2028-02-21,JKT01,INACTIVE
16281,6454,Savings,16581676,2026-09-11,YGY01,INACTIVE
16282,5264,Savings,21437087,2027-05-22,MDN01,INACTIVE
16283,9403,Savings,5262727,2026-05-08,JKT02,INACTIVE
16284,4736,Savings,32231604,2028-03-10,MDN01,INACTIVE
16285,7149,Savings,88552795,2026-05-30,SMG01,INACTIVE
16286,7780,Time Deposit,221095942,2027-02-06,MDN01,ACTIVE
16287,8605,Time Deposit,793027905,2026-11-09,MDN01,INACTIVE
16288,1073,Time Deposit,974325243,2026-12-18,MDN01,INACTIVE
16289,277,Time Deposit,487674389,2026-09-14,SMG01,ACTIVE
16290,4266,Savings,22350654,2027-02-04,BDG01,INACTIVE
16291,3614,Savings,161982100,2027-09-01,YGY01,INACTIVE
16292,9985,Time Deposit,809268711,2027-03-10,BDG01,INACTIVE
16293,7410,Time Deposit,333951532,2026-06-09,JKT01,ACTIVE
16294,6461,Savings,20125297,2027-09-07,SBY01,INACTIVE
16295,7339,Savings,4817979,2026-04-29,SMG01,INACTIVE
16296,5682,Savings,103760493,2026-11-30,JKT01,ACTIVE
16297,3642,Time Deposit,359414143,2026-11-25,JKT02,INACTIVE
16298,2536,Savings,24793891,2026-12-10,MDN01,INACTIVE
16299,1885,Time Deposit,512797183,2026-09-20,MDN01,INACTIVE
16300,2566,Time Deposit,1480986774,2026-08-10,JKT02,INACTIVE
16301,772,Savings,10488828,2027-08-20,SBY01,ACTIVE
16302,5532,Time Deposit,231711457,2026-04-13,SMG01,INACTIVE
16303,1091,Savings,189461731,2027-06-23,SMG01,INACTIVE
16304,537,Savings,70929766,2026-10-11,JKT02,INACTIVE
16305,3057,Savings,17210779,2027-12-04,SMG01,INACTIVE
16306,7092,Savings,10207403,2028-02-01,YGY01,INACTIVE
16307,6747,Time Deposit,711666995,2027-03-05,JKT01,INACTIVE
16308,2150,Savings,20654472,2026-10-27,SMG01,INACTIVE
16309,8789,Savings,154274293,2026-11-25,SBY01,INACTIVE
16310,620,Savings,97428091,2027-02-26,JKT02,INACTIVE
16311,1538,Savings,54896048,2026-07-24,SMG01,INACTIVE
16312,1348,Savings,21072461,2026-05-02,SMG01,INACTIVE
16313,2078,Savings,8901627,2027-07-02,JKT02,INACTIVE
16314,1847,Time Deposit,1044804802,2026-08-21,YGY01,INACTIVE
16315,8840,Savings,17707753,2027-12-07,SMG01,ACTIVE
16316,3058,Savings,74748023,2026-07-08,SMG01,ACTIVE
16317,698,Time Deposit,757391037,2026-05-28,SBY01,INACTIVE
16318,5031,Time Deposit,563957536,2026-07-18,SMG01,ACTIVE
16319,1467,Time Deposit,240778540,2027-01-01,YGY01,INACTIVE
16320,8724,Savings,15932200,2026-06-27,SBY01,INACTIVE
16321,6340,Savings,80765421,2026-07-17,SMG01,INACTIVE
16322,8214,Time Deposit,847611767,2026-10-04,JKT02,INACTIVE
16323,7390,Savings,101761471,2026-08-15,JKT01,INACTIVE
16324,1475,Savings,55865798,2027-08-22,SMG01,INACTIVE
16325,5918,Time Deposit,970299034,2026-04-30,YGY01,INACTIVE
16326,5610,Time Deposit,602843837,2026-06-16,JKT02,INACTIVE
16327,1535,Savings,32811723,2026-06-24,SBY01,INACTIVE
16328,7125,Time Deposit,568492824,2026-05-02,YGY01,INACTIVE
16329,2077,Savings,51975097,2027-11-22,MDN01,INACTIVE
16330,9563,Savings,30231818,2028-01-03,BDG01,INACTIVE
16331,8480,Savings,27655975,2027-12-27,BDG01,INACTIVE
16332,8853,Time Deposit,950057570,2026-04-24,SMG01,INACTIVE
16333,1005,Time Deposit,1390054259,2026-10-26,JKT01,ACTIVE
16334,3022,Time Deposit,1104677345,2026-10-05,YGY01,INACTIVE
16335,1843,Savings,31656603,2026-11-12,MDN01,INACTIVE
16336,6512,Savings,8782855,2026-06-19,YGY01,ACTIVE
16337,2816,Savings,30554055,2026-11-27,JKT01,INACTIVE
16338,6960,Time Deposit,238511799,2027-01-17,JKT01,INACTIVE
16339,9668,Time Deposit,318730194,2026-07-18,MDN01,INACTIVE
16340,7911,Savings,14264930,2028-03-05,JKT02,INACTIVE
16341,5744,Time Deposit,493948368,2027-01-04,SMG01,INACTIVE
16342,1127,Savings,96706665,2026-07-18,MDN01,INACTIVE
16343,9074,Time Deposit,1031708254,2026-08-09,SBY01,INACTIVE
16344,7947,Time Deposit,1004413473,2027-02-07,BDG01,ACTIVE
16345,2788,Savings,191649636,2027-04-15,SMG01,INACTIVE
16346,5666,Time Deposit,240830539,2026-10-14,JKT02,ACTIVE
16347,9871,Savings,48351746,2026-10-30,MDN01,INACTIVE
16348,193,Time Deposit,155465310,2026-11-19,SMG01,INACTIVE
16349,7225,Savings,157009526,2026-09-06,BDG01,INACTIVE
16350,4628,Savings,25723891,2026-12-07,BDG01,INACTIVE
16351,8263,Savings,82760439,2026-08-28,MDN01,INACTIVE
16352,2810,Time Deposit,722679051,2027-02-06,MDN01,INACTIVE
16353,4720,Savings,204701523,2027-02-04,BDG01,INACTIVE
16354,4526,Time Deposit,986464942,2026-08-18,SMG01,ACTIVE
16355,6418,Savings,15260515,2027-03-24,SBY01,INACTIVE
16356,4831,Time Deposit,445108566,2027-01-17,JKT02,ACTIVE
16357,7153,Time Deposit,796774081,2027-03-09,YGY01,INACTIVE
16358,2450,Time Deposit,1052640716,2026-11-12,MDN01,INACTIVE
16359,6231,Time Deposit,1404176644,2027-01-09,SMG01,INACTIVE
16360,7117,Savings,34455100,2027-05-28,YGY01,INACTIVE
16361,1679,Savings,53040791,2027-07-17,JKT02,INACTIVE
16362,1781,Savings,11696207,2028-01-29,BDG01,ACTIVE
16363,8636,Savings,72011602,2027-11-10,MDN01,ACTIVE
16364,2468,Savings,42286822,2027-05-12,BDG01,INACTIVE
16365,9229,Savings,41645106,2027-05-22,SMG01,INACTIVE
16366,868,Savings,83410171,2026-05-02,BDG01,ACTIVE
16367,8563,Savings,78672797,2028-02-01,SMG01,INACTIVE
16368,6427,Time Deposit,508655283,2027-02-07,JKT02,ACTIVE
16369,619,Time Deposit,907220506,2026-08-03,SMG01,INACTIVE
16370,1517,Time Deposit,1104697662,2026-08-25,SBY01,INACTIVE
16371,6651,Time Deposit,1017085673,2026-07-21,BDG01,INACTIVE
16372,1372,Time Deposit,958150294,2026-06-24,MDN01,INACTIVE
16373,2167,Time Deposit,670893615,2026-11-20,YGY01,INACTIVE
16374,3181,Savings,138256843,2026-12-03,SMG01,INACTIVE
16375,4592,Savings,114165247,2027-04-04,SBY01,INACTIVE
16376,3458,Time Deposit,228475636,2027-03-22,MDN01,INACTIVE
16377,392,Savings,35442466,2027-06-12,YGY01,INACTIVE
16378,4875,Savings,19981914,2026-10-15,JKT01,ACTIVE
16379,6468,Time Deposit,1242285029,2026-05-21,JKT01,INACTIVE
16380,3544,Savings,33833526,2026-07-22,JKT01,INACTIVE
16381,4559,Time Deposit,265179550,2026-09-12,JKT01,INACTIVE
16382,2461,Savings,43949602,2028-02-14,JKT02,INACTIVE
16383,922,Savings,48854660,2028-01-11,BDG01,INACTIVE
16384,5129,Time Deposit,1750164221,2026-07-28,BDG01,INACTIVE
16385,6690,Savings,162177977,2026-11-09,BDG01,INACTIVE
16386,6430,Time Deposit,1073936096,2026-05-21,SMG01,INACTIVE
16387,1363,Time Deposit,414280552,2027-03-15,SMG01,ACTIVE
16388,2889,Savings,12476343,2026-11-07,BDG01,ACTIVE
16389,4899,Time Deposit,1308313108,2026-06-12,SBY01,INACTIVE
16390,8293,Time Deposit,531866265,2026-11-18,SMG01,INACTIVE
16391,9716,Time Deposit,874217919,2026-11-09,MDN01,INACTIVE
16392,1949,Time Deposit,1818303746,2027-01-01,SBY01,ACTIVE
16393,3421,Savings,33323253,2026-07-18,YGY01,INACTIVE
16394,6997,Time Deposit,1682393326,2026-06-12,SMG01,INACTIVE
16395,402,Savings,7574412,2027-02-18,SBY01,ACTIVE
16396,9487,Savings,20770751,2027-04-26,YGY01,INACTIVE
16397,6778,Savings,37291022,2028-02-02,BDG01,INACTIVE
16398,9523,Savings,44970708,2026-12-02,SBY01,ACTIVE
16399,9393,Time Deposit,235628956,2027-01-24,MDN01,ACTIVE
16400,9422,Savings,9985867,2027-06-17,SBY01,INACTIVE
16401,7872,Time Deposit,677238891,2026-05-18,MDN01,INACTIVE
16402,7776,Savings,28419856,2026-12-05,MDN01,INACTIVE
16403,6191,Savings,95310968,2028-01-18,BDG01,ACTIVE
16404,5286,Savings,53194288,2026-10-02,YGY01,INACTIVE
16405,1595,Savings,30868774,2026-08-01,MDN01,INACTIVE
16406,2448,Savings,17648011,2026-12-02,BDG01,INACTIVE
16407,8968,Time Deposit,287882961,2026-05-18,MDN01,ACTIVE
16408,4482,Time Deposit,1116916334,2026-12-12,YGY01,INACTIVE
16409,1957,Savings,167000763,2028-02-08,SBY01,INACTIVE
16410,3300,Time Deposit,998298969,2026-12-20,JKT01,INACTIVE
16411,1772,Time Deposit,532822555,2026-10-24,YGY01,INACTIVE
16412,952,Savings,16840272,2026-07-02,JKT01,INACTIVE
16413,8277,Savings,63689556,2027-05-30,BDG01,INACTIVE
16414,6243,Time Deposit,872726554,2027-02-28,JKT02,INACTIVE
16415,2577,Time Deposit,1027087895,2026-07-25,SMG01,ACTIVE
16416,2207,Savings,22113971,2027-02-21,JKT01,INACTIVE
16417,2361,Savings,32132719,2026-10-28,MDN01,ACTIVE
16418,874,Time Deposit,271531601,2026-11-30,SBY01,INACTIVE
16419,9363,Time Deposit,891707413,2026-12-03,YGY01,INACTIVE
16420,8941,Savings,244379376,2026-05-26,YGY01,INACTIVE
16421,3829,Time Deposit,185947398,2026-07-12,MDN01,ACTIVE
16422,2516,Savings,91867600,2026-10-20,BDG01,INACTIVE
16423,3234,Savings,16849798,2027-11-13,JKT02,INACTIVE
16424,8763,Savings,28133621,2026-07-29,MDN01,ACTIVE
16425,7869,Time Deposit,238223057,2026-03-30,BDG01,INACTIVE
16426,7256,Savings,56324124,2026-04-30,BDG01,ACTIVE
16427,7465,Time Deposit,1198428966,2026-08-17,SBY01,INACTIVE
16428,4865,Savings,13722785,2027-09-18,SBY01,INACTIVE
16429,8678,Time Deposit,397951814,2027-02-08,BDG01,INACTIVE
16430,4746,Savings,43772958,2026-08-02,MDN01,INACTIVE
16431,8211,Time Deposit,817311151,2027-03-03,SMG01,ACTIVE
16432,7523,Savings,10701400,2027-01-17,JKT01,INACTIVE
16433,2193,Time Deposit,1013904457,2026-10-19,BDG01,INACTIVE
16434,1549,Savings,10419205,2026-09-09,BDG01,INACTIVE
16435,1584,Time Deposit,294093655,2026-05-04,JKT02,INACTIVE
16436,7796,Time Deposit,1197589469,2026-08-06,JKT02,INACTIVE
16437,4100,Time Deposit,737840586,2026-09-24,BDG01,INACTIVE
16438,7201,Savings,23171416,2027-12-17,BDG01,INACTIVE
16439,7517,Savings,48051707,2027-11-28,SMG01,INACTIVE
16440,5219,Savings,17684536,2026-05-21,MDN01,INACTIVE
16441,135,Time Deposit,708594308,2026-05-09,SBY01,INACTIVE
16442,6048,Savings,35028538,2026-11-17,JKT01,ACTIVE
16443,7047,Time Deposit,224159371,2026-07-07,BDG01,ACTIVE
16444,1395,Savings,29706295,2028-03-12,JKT02,INACTIVE
16445,9003,Savings,17658780,2027-07-26,JKT01,INACTIVE
16446,2125,Savings,140418123,2026-10-09,YGY01,INACTIVE
16447,6538,Savings,38029351,2026-08-18,SBY01,INACTIVE
16448,5637,Time Deposit,228336534,2026-06-23,SBY01,INACTIVE
16449,1581,Savings,163605354,2026-12-26,SMG01,INACTIVE
16450,829,Time Deposit,1142910046,2026-10-05,BDG01,INACTIVE
16451,2755,Time Deposit,764731668,2026-10-20,JKT02,INACTIVE
16452,3307,Time Deposit,1695145818,2026-12-01,BDG01,INACTIVE
16453,3491,Time Deposit,409152381,2026-08-12,BDG01,ACTIVE
16454,4526,Savings,138372202,2026-07-19,SBY01,INACTIVE
16455,1430,Savings,116050634,2027-08-13,BDG01,INACTIVE
16456,9292,Time Deposit,727950402,2026-10-12,MDN01,INACTIVE
16457,7331,Time Deposit,630705932,2026-08-08,YGY01,INACTIVE
16458,7927,Time Deposit,400574583,2026-11-03,SMG01,INACTIVE
16459,1500,Savings,23913472,2026-10-11,BDG01,INACTIVE
16460,4917,Savings,36614651,2027-06-05,SBY01,INACTIVE
16461,4228,Savings,144850197,2026-10-30,SBY01,INACTIVE
16462,3317,Savings,58606480,2026-08-21,MDN01,INACTIVE
16463,9469,Savings,111927736,2027-02-25,YGY01,INACTIVE
16464,9308,Time Deposit,380706803,2026-12-20,BDG01,INACTIVE
16465,2869,Time Deposit,887271902,2027-02-15,MDN01,INACTIVE
16466,7118,Time Deposit,1049520246,2026-12-30,JKT02,INACTIVE
16467,2293,Savings,11532636,2027-11-22,MDN01,INACTIVE
16468,8866,Savings,54179640,2028-01-11,MDN01,ACTIVE
16469,821,Savings,5424686,2027-09-19,SMG01,INACTIVE
16470,970,Savings,16392847,2027-07-18,SMG01,INACTIVE
16471,3082,Time Deposit,1628997235,2026-04-20,YGY01,INACTIVE
16472,2899,Savings,30783318,2027-02-06,BDG01,INACTIVE
16473,1666,Savings,143263165,2028-02-08,BDG01,INACTIVE
16474,8173,Savings,28903831,2027-03-15,JKT02,ACTIVE
16475,3568,Savings,12032765,2026-06-11,YGY01,INACTIVE
16476,9921,Savings,17201688,2027-08-28,BDG01,ACTIVE
16477,8829,Savings,12509336,2027-09-01,JKT02,INACTIVE
16478,2542,Time Deposit,624096536,2026-04-17,YGY01,INACTIVE
16479,8445,Time Deposit,393076038,2026-08-30,BDG01,INACTIVE
16480,59,Savings,48202554,2026-05-26,BDG01,INACTIVE
16481,9516,Savings,75310662,2027-07-07,JKT02,INACTIVE
16482,6634,Time Deposit,472539799,2027-03-01,MDN01,INACTIVE
16483,7015,Savings,19950976,2027-06-02,SBY01,INACTIVE
16484,4624,Savings,49881808,2027-03-02,MDN01,INACTIVE
16485,283,Savings,26258529,2027-07-07,SBY01,ACTIVE
16486,8606,Time Deposit,1927290542,2026-06-01,SMG01,INACTIVE
16487,2676,Time Deposit,319172053,2026-10-06,SMG01,ACTIVE
16488,5082,Savings,153450508,2026-08-18,YGY01,INACTIVE
16489,7275,Time Deposit,947038965,2026-11-21,SMG01,ACTIVE
16490,3136,Savings,16596956,2027-09-27,SMG01,INACTIVE
16491,7764,Savings,33832125,2027-03-26,SMG01,ACTIVE
16492,458,Savings,24682095,2028-01-30,SBY01,INACTIVE
16493,3407,Savings,45501130,2026-12-11,SMG01,INACTIVE
16494,6830,Savings,12421710,2027-11-14,MDN01,INACTIVE
16495,8703,Time Deposit,489786183,2026-07-03,YGY01,INACTIVE
16496,5705,Time Deposit,407392223,2026-09-21,JKT01,ACTIVE
16497,3515,Time Deposit,484072308,2027-02-21,JKT01,INACTIVE
16498,9805,Savings,123427055,2026-06-08,JKT01,ACTIVE
16499,5820,Savings,153279924,2026-08-29,SBY01,INACTIVE
16500,2182,Savings,13749433,2027-02-27,JKT01,ACTIVE
16501,6134,Savings,30954542,2026-08-01,YGY01,ACTIVE
16502,5529,Savings,22183470,2026-08-06,JKT01,INACTIVE
16503,9417,Time Deposit,279017522,2026-07-25,BDG01,INACTIVE
16504,5736,Time Deposit,1445874941,2026-06-12,SBY01,ACTIVE
16505,9206,Time Deposit,927874518,2026-06-27,BDG01,INACTIVE
16506,3828,Time Deposit,391816219,2026-12-19,MDN01,INACTIVE
16507,5148,Savings,8230966,2027-01-09,BDG01,ACTIVE
16508,5583,Time Deposit,456365380,2027-02-26,YGY01,INACTIVE
16509,9086,Savings,124550699,2026-07-09,MDN01,INACTIVE
16510,5982,Time Deposit,500625226,2027-01-29,JKT01,INACTIVE
16511,2421,Time Deposit,862401113,2026-12-22,JKT02,INACTIVE
16512,6366,Savings,74550929,2027-04-20,JKT01,INACTIVE
16513,2125,Savings,159832332,2026-06-03,BDG01,ACTIVE
16514,9596,Savings,29464670,2026-08-30,SMG01,INACTIVE
16515,9473,Savings,13847619,2027-03-23,JKT01,ACTIVE
16516,6119,Savings,18606513,2026-05-13,JKT02,ACTIVE
16517,1566,Savings,183137358,2027-12-12,JKT02,INACTIVE
16518,2207,Savings,56913380,2027-11-06,SBY01,INACTIVE
16519,9407,Savings,10385916,2026-11-27,MDN01,INACTIVE
16520,7738,Savings,62562952,2028-02-18,SMG01,INACTIVE
16521,4686,Time Deposit,928644741,2027-03-22,BDG01,INACTIVE
16522,544,Time Deposit,1564049749,2026-04-12,JKT02,INACTIVE
16523,935,Savings,136346097,2026-09-13,YGY01,INACTIVE
16524,7990,Time Deposit,966534245,2026-12-20,YGY01,INACTIVE
16525,2272,Time Deposit,1245104435,2027-02-09,MDN01,INACTIVE
16526,721,Savings,22974160,2027-02-02,MDN01,INACTIVE
16527,8553,Time Deposit,696900447,2026-11-09,JKT01,INACTIVE
16528,9951,Savings,159645322,2026-05-07,MDN01,INACTIVE
16529,984,Time Deposit,575304863,2026-04-28,MDN01,INACTIVE
16530,8448,Savings,97157503,2027-04-04,SBY01,ACTIVE
16531,4409,Savings,162105612,2027-12-20,YGY01,INACTIVE
16532,8163,Savings,98555974,2026-09-02,SBY01,INACTIVE
16533,3782,Time Deposit,225765762,2027-01-01,YGY01,INACTIVE
16534,619,Time Deposit,1577727243,2026-10-08,BDG01,INACTIVE
16535,7204,Savings,19844374,2027-10-05,JKT02,INACTIVE
16536,8742,Savings,198553694,2026-12-29,YGY01,ACTIVE
16537,4791,Savings,9573164,2027-03-07,JKT01,INACTIVE
16538,8658,Time Deposit,926776691,2027-01-14,JKT01,INACTIVE
16539,8454,Time Deposit,716154528,2026-09-04,SMG01,INACTIVE
16540,4947,Savings,20841113,2026-06-03,JKT01,INACTIVE
16541,4870,Savings,2717161,2028-01-21,JKT01,INACTIVE
16542,6602,Time Deposit,797630597,2026-05-28,JKT02,ACTIVE
16543,909,Time Deposit,484009593,2026-12-25,YGY01,ACTIVE
16544,6500,Time Deposit,711332348,2027-01-30,JKT01,INACTIVE
16545,9721,Savings,12766561,2027-12-18,JKT01,INACTIVE
16546,2873,Savings,12110976,2027-06-26,SBY01,INACTIVE
16547,5280,Savings,17013928,2027-09-11,SBY01,INACTIVE
16548,6503,Savings,30550852,2026-05-13,JKT01,ACTIVE
16549,7465,Savings,145587741,2026-05-01,MDN01,INACTIVE
16550,4482,Time Deposit,835807629,2026-05-18,JKT01,ACTIVE
16551,6101,Time Deposit,276136600,2027-01-26,BDG01,INACTIVE
16552,7276,Savings,20877232,2028-02-26,BDG01,INACTIVE
16553,909,Savings,97138880,2026-12-25,JKT02,ACTIVE
16554,194,Savings,25389365,2026-06-21,JKT01,INACTIVE
16555,2361,Time Deposit,433755052,2026-10-01,BDG01,INACTIVE
16556,4225,Time Deposit,122389010,2026-09-12,MDN01,INACTIVE
16557,8155,Time Deposit,554831395,2026-12-23,BDG01,INACTIVE
16558,6078,Savings,19347211,2026-08-12,YGY01,ACTIVE
16559,5540,Savings,7943038,2027-11-12,BDG01,ACTIVE
16560,7261,Time Deposit,674941402,2027-02-24,SMG01,ACTIVE
16561,1848,Time Deposit,450801139,2026-10-27,JKT01,INACTIVE
16562,3987,Savings,81487809,2026-09-19,YGY01,INACTIVE
16563,9136,Savings,30589741,2027-06-22,MDN01,INACTIVE
16564,5555,Time Deposit,995194789,2027-02-06,YGY01,INACTIVE
16565,9516,Time Deposit,712191099,2026-12-06,SMG01,INACTIVE
16566,3400,Savings,59816757,2027-07-13,SBY01,ACTIVE
16567,703,Savings,26666152,2026-08-29,JKT02,INACTIVE
16568,1490,Time Deposit,1161671905,2026-06-12,BDG01,ACTIVE
16569,67,Time Deposit,1531815772,2026-12-10,YGY01,ACTIVE
16570,6262,Time Deposit,332709094,2026-07-08,MDN01,INACTIVE
16571,8180,Time Deposit,621504116,2026-07-13,SBY01,ACTIVE
16572,2434,Time Deposit,487913521,2026-12-31,MDN01,INACTIVE
16573,9853,Savings,21164530,2026-05-23,BDG01,INACTIVE
16574,3787,Savings,105779560,2027-08-17,BDG01,INACTIVE
16575,5741,Savings,54506201,2026-09-26,MDN01,INACTIVE
16576,1878,Time Deposit,952851131,2027-02-07,BDG01,ACTIVE
16577,1092,Savings,36448292,2027-09-13,JKT01,INACTIVE
16578,9885,Time Deposit,600039756,2027-02-17,MDN01,INACTIVE
16579,2177,Savings,15448398,2027-02-24,BDG01,INACTIVE
16580,7631,Savings,13282575,2027-08-16,JKT02,INACTIVE
16581,2641,Savings,102628011,2027-12-09,BDG01,INACTIVE
16582,6555,Time Deposit,643557697,2027-01-12,JKT01,INACTIVE
16583,58,Time Deposit,266337531,2026-07-19,JKT02,INACTIVE
16584,1618,Time Deposit,254881923,2026-11-20,JKT02,ACTIVE
16585,9870,Time Deposit,586049504,2026-12-19,BDG01,INACTIVE
16586,8764,Savings,39453392,2027-02-11,SBY01,ACTIVE
16587,4168,Savings,14515417,2027-09-14,SMG01,INACTIVE
16588,9120,Savings,8667888,2026-07-13,JKT01,INACTIVE
16589,7688,Savings,27129100,2026-05-06,YGY01,ACTIVE
16590,7481,Time Deposit,649299714,2026-06-08,BDG01,INACTIVE
16591,406,Savings,16797866,2027-06-10,JKT02,INACTIVE
16592,9862,Savings,15228223,2026-08-21,JKT02,INACTIVE
16593,4994,Savings,74211738,2028-01-22,JKT02,INACTIVE
16594,1004,Time Deposit,210156084,2026-11-11,SBY01,INACTIVE
16595,4367,Savings,95751997,2028-02-13,SMG01,INACTIVE
16596,7507,Savings,23021684,2027-02-23,JKT02,ACTIVE
16597,5171,Time Deposit,477731327,2026-07-24,JKT02,INACTIVE
16598,204,Savings,48032644,2027-05-11,SBY01,INACTIVE
16599,1860,Savings,25791803,2026-08-18,MDN01,INACTIVE
16600,5069,Savings,79373715,2026-05-24,SMG01,INACTIVE
16601,1815,Time Deposit,817029031,2026-06-12,BDG01,INACTIVE
16602,1784,Savings,28338374,2028-02-13,YGY01,INACTIVE
16603,7264,Time Deposit,710028394,2026-10-25,BDG01,INACTIVE
16604,3426,Time Deposit,964843770,2026-10-14,SMG01,INACTIVE
16605,9513,Savings,184111491,2027-03-10,SMG01,INACTIVE
16606,9224,Savings,41009990,2027-01-10,YGY01,INACTIVE
16607,5068,Savings,50409446,2026-06-23,MDN01,INACTIVE
16608,5748,Time Deposit,279847249,2026-09-21,JKT02,INACTIVE
16609,1433,Savings,32809189,2026-12-15,BDG01,INACTIVE
16610,161,Savings,145902371,2026-06-24,MDN01,INACTIVE
16611,9220,Savings,59437498,2026-06-15,JKT02,INACTIVE
16612,5207,Savings,26725642,2026-04-29,MDN01,ACTIVE
16613,4790,Time Deposit,1171912178,2027-01-11,BDG01,INACTIVE
16614,6368,Savings,6465344,2026-07-14,JKT01,ACTIVE
16615,7652,Savings,149158309,2026-07-13,SMG01,INACTIVE
16616,6663,Savings,20496180,2027-06-08,SMG01,INACTIVE
16617,4809,Savings,4538881,2027-09-28,JKT02,ACTIVE
16618,6536,Savings,70418202,2027-09-05,BDG01,INACTIVE
16619,2642,Savings,33777447,2028-02-29,YGY01,ACTIVE
16620,5923,Savings,29048437,2026-06-19,JKT01,ACTIVE
16621,3249,Savings,154494129,2027-03-06,SBY01,INACTIVE
16622,97,Savings,175219965,2027-09-11,BDG01,INACTIVE
16623,6231,Savings,97896323,2027-06-04,SMG01,INACTIVE
16624,103,Time Deposit,380765990,2026-07-20,SBY01,ACTIVE
16625,9682,Savings,2931006,2027-04-03,SBY01,ACTIVE
16626,8130,Time Deposit,783819197,2026-04-19,YGY01,INACTIVE
16627,1729,Time Deposit,227360063,2026-09-09,JKT02,INACTIVE
16628,2977,Savings,70257310,2027-04-13,MDN01,ACTIVE
16629,9854,Savings,71352296,2027-04-16,BDG01,INACTIVE
16630,2047,Time Deposit,1179556152,2026-08-31,SBY01,INACTIVE
16631,4382,Time Deposit,894204511,2026-09-17,BDG01,INACTIVE
16632,2327,Savings,16634767,2027-04-18,JKT02,INACTIVE
16633,8259,Savings,109567651,2026-11-21,JKT02,INACTIVE
16634,7104,Savings,38973611,2027-02-26,JKT01,INACTIVE
16635,5028,Savings,100634366,2027-07-21,JKT02,INACTIVE
16636,3577,Savings,3226496,2027-04-22,BDG01,INACTIVE
16637,5130,Savings,7412033,2027-05-13,JKT02,INACTIVE
16638,197,Time Deposit,1351739268,2027-02-01,BDG01,ACTIVE
16639,8664,Savings,24971613,2026-08-09,MDN01,ACTIVE
16640,114,Time Deposit,1065441766,2027-03-12,SBY01,INACTIVE
16641,546,Savings,23183335,2028-03-02,JKT02,INACTIVE
16642,9211,Time Deposit,955587046,2026-12-24,JKT02,INACTIVE
16643,4876,Savings,51366787,2026-08-29,JKT01,INACTIVE
16644,9918,Savings,20519440,2026-11-09,JKT02,INACTIVE
16645,7014,Savings,13292129,2027-06-10,JKT01,INACTIVE
16646,953,Savings,90861951,2027-04-11,SBY01,INACTIVE
16647,1465,Time Deposit,404850253,2027-02-02,SBY01,INACTIVE
16648,8877,Savings,84576806,2027-09-10,MDN01,INACTIVE
16649,4673,Time Deposit,501754104,2026-09-16,MDN01,INACTIVE
16650,776,Time Deposit,294003861,2026-08-03,YGY01,INACTIVE
16651,5766,Savings,89828375,2027-11-21,SBY01,INACTIVE
16652,1311,Savings,16668091,2026-06-13,BDG01,INACTIVE
16653,243,Savings,187061371,2028-01-25,YGY01,ACTIVE
16654,8022,Savings,56913868,2027-03-26,JKT01,INACTIVE
16655,3031,Time Deposit,1220531542,2026-07-25,BDG01,ACTIVE
16656,3,Time Deposit,221952599,2027-01-02,SBY01,INACTIVE
16657,6240,Savings,103354043,2026-07-06,SBY01,INACTIVE
16658,7199,Savings,146377488,2026-08-22,SBY01,INACTIVE
16659,1109,Savings,86857708,2027-09-20,BDG01,INACTIVE
16660,7968,Time Deposit,432575389,2026-09-24,SMG01,INACTIVE
16661,7574,Savings,96638645,2026-08-31,SBY01,ACTIVE
16662,2863,Time Deposit,1456838367,2026-07-27,MDN01,INACTIVE
16663,6427,Savings,14536425,2027-03-30,JKT01,ACTIVE
16664,2669,Savings,22670672,2027-10-29,SMG01,INACTIVE
16665,263,Time Deposit,1781793786,2027-02-18,SMG01,INACTIVE
16666,824,Time Deposit,1472126831,2026-06-01,JKT01,INACTIVE
16667,9578,Savings,124897383,2027-10-16,JKT02,INACTIVE
16668,4784,Savings,141302625,2027-03-05,SBY01,INACTIVE
16669,7995,Savings,139079657,2027-04-14,SMG01,INACTIVE
16670,5053,Time Deposit,1083790147,2027-03-13,JKT02,INACTIVE
16671,4459,Savings,6523011,2027-05-26,YGY01,INACTIVE
16672,6498,Savings,8827809,2028-01-27,YGY01,INACTIVE
16673,8847,Time Deposit,893196656,2026-06-20,BDG01,INACTIVE
16674,2804,Savings,46725051,2027-04-19,BDG01,ACTIVE
16675,7932,Time Deposit,782553886,2027-03-06,MDN01,INACTIVE
16676,1335,Time Deposit,1083248868,2026-04-27,BDG01,INACTIVE
16677,5143,Time Deposit,590902784,2026-12-01,SBY01,INACTIVE
16678,6819,Savings,49045628,2026-07-24,JKT01,ACTIVE
16679,4023,Time Deposit,499784468,2026-12-31,SMG01,INACTIVE
16680,3071,Savings,11990070,2027-09-17,SMG01,ACTIVE
16681,1233,Savings,6669753,2026-10-29,JKT01,INACTIVE
16682,5159,Time Deposit,279697203,2026-06-18,JKT02,INACTIVE
16683,5063,Savings,31393244,2027-03-13,SBY01,INACTIVE
16684,3871,Savings,19840564,2026-08-28,JKT02,INACTIVE
16685,1005,Savings,120564419,2027-11-19,YGY01,INACTIVE
16686,7211,Time Deposit,969617457,2026-08-03,BDG01,INACTIVE
16687,3222,Time Deposit,217346830,2026-08-26,BDG01,INACTIVE
16688,5128,Savings,27654025,2027-08-04,BDG01,INACTIVE
16689,902,Savings,40626782,2028-02-27,JKT01,INACTIVE
16690,275,Time Deposit,450433276,2026-05-16,BDG01,INACTIVE
16691,3045,Time Deposit,981034799,2027-01-02,BDG01,INACTIVE
16692,8028,Time Deposit,1559609094,2026-09-22,BDG01,INACTIVE
16693,421,Time Deposit,586507596,2026-07-07,JKT01,INACTIVE
16694,6484,Savings,52438160,2027-10-13,SBY01,INACTIVE
16695,8300,Time Deposit,798340333,2026-09-29,BDG01,INACTIVE
16696,6704,Savings,10201123,2026-09-22,SMG01,INACTIVE
16697,6993,Savings,20530008,2027-12-12,SMG01,INACTIVE
16698,6338,Savings,23633966,2026-06-09,SMG01,INACTIVE
16699,9234,Time Deposit,932524852,2026-09-26,JKT02,ACTIVE
16700,6655,Savings,102222917,2026-05-07,YGY01,ACTIVE
16701,9240,Savings,11296860,2026-06-30,SBY01,INACTIVE
16702,6449,Time Deposit,648415357,2026-07-29,YGY01,INACTIVE
16703,5770,Time Deposit,419302064,2026-09-29,JKT02,INACTIVE
16704,3451,Savings,27030236,2026-05-26,YGY01,ACTIVE
16705,3243,Savings,21434464,2027-05-06,SBY01,INACTIVE
16706,563,Time Deposit,671479993,2026-08-11,JKT01,ACTIVE
16707,4200,Savings,236877308,2026-07-12,MDN01,ACTIVE
16708,519,Time Deposit,1110821150,2026-09-27,JKT01,INACTIVE
16709,6429,Time Deposit,457796846,2026-06-14,JKT01,INACTIVE
16710,4759,Savings,52802396,2026-05-25,YGY01,INACTIVE
16711,3917,Time Deposit,747551325,2026-10-10,BDG01,INACTIVE
16712,73,Time Deposit,814139390,2026-09-26,YGY01,ACTIVE
16713,8251,Savings,69411996,2026-05-06,MDN01,INACTIVE
16714,1594,Savings,21395615,2027-02-17,SMG01,INACTIVE
16715,3249,Time Deposit,933604449,2026-09-23,YGY01,INACTIVE
16716,5231,Savings,56131216,2027-03-31,BDG01,INACTIVE
16717,9744,Savings,112728961,2026-09-22,MDN01,INACTIVE
16718,7119,Savings,11866104,2027-02-13,YGY01,ACTIVE
16719,7322,Savings,178576703,2027-11-10,SBY01,INACTIVE
16720,758,Savings,56191093,2027-11-26,SMG01,INACTIVE
16721,251,Savings,47225607,2026-10-23,YGY01,INACTIVE
16722,1528,Time Deposit,333459822,2026-10-18,SBY01,INACTIVE
16723,3530,Savings,85907363,2028-01-07,JKT02,ACTIVE
16724,2453,Savings,9535449,2026-05-28,SMG01,INACTIVE
16725,8395,Savings,12682424,2027-09-01,MDN01,INACTIVE
16726,6680,Time Deposit,473212936,2026-05-21,JKT02,INACTIVE
16727,5140,Savings,10688637,2028-01-06,SBY01,INACTIVE
16728,9683,Savings,28033859,2027-11-27,JKT01,ACTIVE
16729,4912,Time Deposit,590091676,2026-09-15,YGY01,ACTIVE
16730,1891,Savings,163860368,2027-12-14,SMG01,INACTIVE
16731,821,Savings,17971510,2027-11-01,YGY01,INACTIVE
16732,4026,Savings,40348464,2027-06-16,JKT02,INACTIVE
16733,3663,Savings,232809891,2027-08-21,BDG01,INACTIVE
16734,3388,Savings,37688321,2028-02-15,BDG01,INACTIVE
16735,3272,Savings,34956680,2026-06-29,SBY01,INACTIVE
16736,8992,Savings,90786638,2026-10-21,SBY01,INACTIVE
16737,1503,Time Deposit,144693299,2026-05-23,SBY01,ACTIVE
16738,3182,Savings,36041257,2028-01-05,JKT02,INACTIVE
16739,3676,Time Deposit,818245233,2026-05-18,YGY01,INACTIVE
16740,9833,Savings,6486696,2027-03-11,YGY01,ACTIVE
16741,311,Savings,33613023,2027-09-01,MDN01,INACTIVE
16742,2653,Time Deposit,890080053,2026-08-19,BDG01,INACTIVE
16743,2941,Time Deposit,285796033,2026-10-12,BDG01,INACTIVE
16744,6755,Savings,15103903,2027-09-29,BDG01,INACTIVE
16745,2996,Savings,6434447,2028-03-08,JKT01,INACTIVE
16746,6964,Savings,31175941,2028-03-12,MDN01,INACTIVE
16747,1614,Savings,32483294,2026-09-08,SBY01,ACTIVE
16748,9852,Time Deposit,894285812,2026-04-20,YGY01,INACTIVE
16749,1339,Time Deposit,1089372734,2027-03-07,JKT01,ACTIVE
16750,2832,Savings,13091867,2027-12-16,MDN01,ACTIVE
16751,6654,Savings,30558147,2026-12-09,JKT02,INACTIVE
16752,3901,Savings,112226203,2026-06-12,JKT02,ACTIVE
16753,1573,Time Deposit,985390031,2027-03-16,JKT02,ACTIVE
16754,3994,Savings,6153219,2026-09-24,BDG01,INACTIVE
16755,5230,Time Deposit,1335956563,2026-07-23,MDN01,INACTIVE
16756,475,Time Deposit,807528611,2026-12-16,YGY01,INACTIVE
16757,1922,Time Deposit,706250532,2026-09-13,JKT02,ACTIVE
16758,9603,Time Deposit,610114896,2027-01-05,SBY01,ACTIVE
16759,8309,Savings,187190688,2026-06-13,JKT01,ACTIVE
16760,368,Time Deposit,203189153,2026-04-24,JKT01,INACTIVE
16761,7948,Time Deposit,311109252,2027-01-08,BDG01,INACTIVE
16762,2153,Savings,217391063,2027-06-06,SMG01,ACTIVE
16763,1487,Savings,96079188,2026-10-05,JKT01,INACTIVE
16764,7678,Time Deposit,683945452,2026-06-24,JKT01,INACTIVE
16765,6426,Savings,122836330,2027-08-21,JKT02,INACTIVE
16766,9763,Savings,150992790,2026-07-09,JKT01,INACTIVE
16767,7989,Savings,22024934,2027-12-19,JKT01,INACTIVE
16768,6378,Time Deposit,1230363597,2026-11-25,BDG01,ACTIVE
16769,5104,Time Deposit,672265680,2026-07-25,MDN01,INACTIVE
16770,9804,Time Deposit,206288145,2026-05-05,JKT01,ACTIVE
16771,5446,Savings,106804131,2028-01-02,YGY01,ACTIVE
16772,4271,Time Deposit,260923807,2026-11-06,MDN01,INACTIVE
16773,2551,Savings,33148572,2028-01-01,YGY01,INACTIVE
16774,5163,Time Deposit,160040197,2026-07-06,SBY01,ACTIVE
16775,5116,Savings,64155878,2027-02-07,BDG01,INACTIVE
16776,6430,Savings,46455500,2026-10-30,BDG01,ACTIVE
16777,4583,Savings,18510185,2027-04-24,JKT01,INACTIVE
16778,1836,Savings,19084646,2027-12-07,MDN01,ACTIVE
16779,2123,Savings,170373697,2026-05-16,JKT01,ACTIVE
16780,2123,Time Deposit,1019027404,2026-08-11,MDN01,INACTIVE
16781,3631,Time Deposit,219668663,2026-10-09,JKT01,INACTIVE
16782,6143,Savings,26241453,2026-07-13,SBY01,INACTIVE
16783,5184,Savings,26460718,2026-08-01,SBY01,INACTIVE
16784,1446,Savings,8203460,2026-06-18,YGY01,INACTIVE
16785,4828,Savings,101516888,2027-06-07,MDN01,INACTIVE
16786,2737,Savings,19758777,2027-10-26,BDG01,INACTIVE
16787,7652,Savings,69614822,2027-07-16,JKT01,INACTIVE
16788,9622,Savings,15497085,2026-12-01,BDG01,INACTIVE
16789,4486,Time Deposit,363186876,2026-12-09,SMG01,ACTIVE
16790,3523,Time Deposit,856212086,2027-01-13,BDG01,INACTIVE
16791,6839,Savings,15275306,2026-10-31,SMG01,INACTIVE
16792,2379,Savings,12846311,2027-01-22,MDN01,INACTIVE
16793,6707,Savings,12357275,2027-06-28,SMG01,INACTIVE
16794,9364,Savings,13416009,2027-01-09,JKT02,ACTIVE
16795,4875,Time Deposit,304191159,2026-07-03,BDG01,INACTIVE
16796,6627,Time Deposit,905312177,2027-03-01,MDN01,INACTIVE
16797,9896,Savings,54189400,2026-05-06,SBY01,INACTIVE
16798,4102,Savings,29358150,2027-08-31,BDG01,ACTIVE
16799,3619,Time Deposit,1087350195,2026-05-14,YGY01,INACTIVE
16800,4911,Savings,35213546,2026-11-20,JKT02,INACTIVE
16801,9936,Savings,26574647,2028-01-19,JKT01,ACTIVE
16802,1372,Time Deposit,1103784875,2026-05-05,JKT02,INACTIVE
16803,9558,Savings,10433771,2027-11-01,JKT01,ACTIVE
16804,4647,Time Deposit,544120220,2026-10-13,BDG01,INACTIVE
16805,3203,Savings,203342866,2027-10-11,MDN01,INACTIVE
16806,4692,Savings,21735691,2028-01-06,BDG01,INACTIVE
16807,2213,Time Deposit,219605203,2026-05-04,JKT01,INACTIVE
16808,5185,Savings,191299040,2027-11-20,SBY01,INACTIVE
16809,1882,Savings,106076040,2027-05-06,YGY01,INACTIVE
16810,9486,Savings,24932738,2027-10-16,SBY01,INACTIVE
16811,972,Savings,148186679,2028-01-17,JKT02,ACTIVE
16812,3528,Savings,71420998,2027-06-19,JKT01,INACTIVE
16813,7982,Savings,57451975,2027-02-12,SMG01,ACTIVE
16814,6868,Savings,20188383,2026-07-19,JKT02,INACTIVE
16815,1268,Time Deposit,419876203,2027-01-14,JKT01,INACTIVE
16816,6060,Savings,73977914,2027-07-06,SBY01,INACTIVE
16817,4299,Savings,49807281,2026-12-29,BDG01,INACTIVE
16818,7737,Savings,28560500,2027-03-21,JKT01,INACTIVE
16819,3551,Time Deposit,656901817,2026-11-11,JKT02,INACTIVE
16820,8961,Savings,67499277,2027-04-21,JKT02,INACTIVE
16821,3048,Savings,25784036,2026-04-29,BDG01,INACTIVE
16822,6019,Time Deposit,446404754,2026-07-03,SMG01,INACTIVE
16823,6446,Savings,201666844,2027-03-03,BDG01,INACTIVE
16824,2501,Savings,73653005,2027-06-23,BDG01,INACTIVE
16825,1946,Time Deposit,642810597,2026-07-16,JKT01,INACTIVE
16826,515,Savings,16379453,2027-05-14,SMG01,INACTIVE
16827,7009,Time Deposit,287725142,2026-05-26,YGY01,INACTIVE
16828,3083,Time Deposit,387921541,2027-01-12,MDN01,ACTIVE
16829,6028,Time Deposit,306970474,2027-01-21,SBY01,INACTIVE
16830,9482,Time Deposit,841375543,2026-07-26,SBY01,INACTIVE
16831,5339,Time Deposit,1127021427,2027-02-24,SBY01,INACTIVE
16832,8734,Savings,115650803,2028-02-06,MDN01,INACTIVE
16833,4091,Savings,88858816,2026-09-02,YGY01,ACTIVE
16834,4525,Time Deposit,978074622,2026-07-30,JKT01,ACTIVE
16835,9949,Time Deposit,679700316,2026-06-13,JKT01,INACTIVE
16836,8126,Time Deposit,950325197,2027-03-03,JKT02,INACTIVE
16837,7935,Savings,3418094,2026-07-30,JKT02,INACTIVE
16838,1009,Savings,53153011,2027-01-03,MDN01,INACTIVE
16839,9895,Savings,7251940,2027-02-13,JKT02,INACTIVE
16840,2022,Savings,20538420,2026-05-12,JKT01,INACTIVE
16841,5013,Savings,91124921,2027-05-07,MDN01,INACTIVE
16842,6391,Savings,45583925,2028-03-21,SBY01,INACTIVE
16843,6674,Time Deposit,506681403,2026-08-22,JKT01,INACTIVE
16844,2321,Savings,38521478,2028-03-05,MDN01,INACTIVE
16845,9312,Savings,84844123,2026-08-03,JKT02,INACTIVE
16846,6122,Savings,98866333,2027-08-26,JKT02,ACTIVE
16847,3948,Time Deposit,467002765,2026-08-13,MDN01,INACTIVE
16848,1551,Savings,30833215,2027-09-21,JKT02,INACTIVE
16849,592,Savings,109737724,2026-09-18,JKT02,INACTIVE
16850,8737,Savings,161659540,2027-10-18,YGY01,INACTIVE
16851,5104,Savings,132480461,2027-11-15,BDG01,INACTIVE
16852,2254,Time Deposit,157236624,2026-05-31,JKT02,INACTIVE
16853,7228,Savings,29944157,2026-07-05,JKT01,INACTIVE
16854,4581,Savings,14425765,2026-09-11,SMG01,INACTIVE
16855,9613,Savings,9832145,2026-11-24,SMG01,INACTIVE
16856,9784,Time Deposit,410771679,2026-04-21,YGY01,ACTIVE
16857,1243,Savings,88374250,2026-10-01,SMG01,INACTIVE
16858,5027,Time Deposit,288472793,2026-06-21,SBY01,INACTIVE
16859,9221,Time Deposit,1198721364,2026-09-14,JKT02,INACTIVE
16860,3741,Savings,67138628,2027-01-12,BDG01,ACTIVE
16861,3431,Time Deposit,347626073,2027-02-04,BDG01,INACTIVE
16862,8353,Savings,20251520,2027-12-22,BDG01,INACTIVE
16863,6831,Savings,128015507,2026-11-19,YGY01,ACTIVE
16864,3062,Savings,35547702,2027-06-30,SBY01,INACTIVE
16865,4785,Savings,109324043,2027-03-08,JKT02,ACTIVE
16866,3320,Time Deposit,505372510,2026-07-24,JKT02,INACTIVE
16867,9076,Savings,93207207,2028-01-27,MDN01,INACTIVE
16868,9810,Savings,40551063,2027-11-28,YGY01,ACTIVE
16869,9681,Savings,220837914,2026-08-05,BDG01,ACTIVE
16870,6293,Time Deposit,176746888,2026-12-16,BDG01,INACTIVE
16871,807,Savings,14524661,2027-03-14,JKT01,INACTIVE
16872,5418,Savings,21823332,2026-07-03,BDG01,ACTIVE
16873,3040,Time Deposit,1131733331,2026-05-04,BDG01,ACTIVE
16874,3792,Savings,60329656,2027-07-31,JKT02,INACTIVE
16875,7998,Time Deposit,1831762191,2026-11-29,SBY01,INACTIVE
16876,3371,Savings,3020261,2026-06-29,MDN01,INACTIVE
16877,5349,Time Deposit,895092963,2026-05-11,SMG01,INACTIVE
16878,5670,Savings,135707552,2026-07-19,BDG01,INACTIVE
16879,8697,Savings,178961911,2027-05-16,BDG01,INACTIVE
16880,3404,Savings,30725421,2027-08-18,JKT01,ACTIVE
16881,9958,Savings,173284396,2027-01-24,SMG01,INACTIVE
16882,8263,Savings,101422701,2026-12-15,MDN01,INACTIVE
16883,5584,Savings,36241277,2027-01-04,JKT02,INACTIVE
16884,7500,Time Deposit,1007326553,2026-05-24,BDG01,ACTIVE
16885,3815,Savings,61696112,2026-07-29,MDN01,INACTIVE
16886,5895,Savings,8405303,2028-01-08,MDN01,INACTIVE
16887,8025,Savings,28085103,2027-09-11,JKT02,ACTIVE
16888,6988,Time Deposit,591354998,2026-12-04,SBY01,INACTIVE
16889,6710,Savings,154012072,2027-06-01,SBY01,ACTIVE
16890,6659,Savings,111731944,2026-11-21,YGY01,ACTIVE
16891,1787,Time Deposit,935968986,2026-11-14,MDN01,ACTIVE
16892,7443,Time Deposit,424495577,2026-04-21,BDG01,INACTIVE
16893,5781,Time Deposit,1138445302,2026-09-18,JKT02,ACTIVE
16894,8781,Savings,15608185,2026-11-25,JKT02,INACTIVE
16895,799,Savings,14464095,2027-02-05,YGY01,ACTIVE
16896,6684,Savings,13588030,2026-07-14,YGY01,INACTIVE
16897,2513,Savings,39397918,2027-06-03,JKT02,ACTIVE
16898,4284,Time Deposit,933348378,2026-04-09,JKT02,INACTIVE
16899,80,Savings,86324654,2027-10-09,JKT01,INACTIVE
16900,8177,Savings,5741358,2026-09-01,SBY01,ACTIVE
16901,5560,Savings,22293323,2028-01-24,MDN01,ACTIVE
16902,2835,Savings,44967226,2026-10-30,JKT01,INACTIVE
16903,6064,Savings,46717700,2027-03-26,JKT02,INACTIVE
16904,2912,Time Deposit,1014966654,2026-04-14,SBY01,INACTIVE
16905,6850,Savings,56218461,2027-01-01,SMG01,INACTIVE
16906,4216,Time Deposit,997317275,2026-07-05,YGY01,INACTIVE
16907,9985,Savings,156805857,2026-11-12,SMG01,INACTIVE
16908,3177,Savings,27756467,2026-08-04,JKT02,ACTIVE
16909,3538,Time Deposit,1345060873,2026-10-18,SMG01,INACTIVE
16910,5652,Time Deposit,1413991291,2026-09-08,SMG01,INACTIVE
16911,1192,Savings,49380624,2026-09-13,JKT02,INACTIVE
16912,323,Savings,36007815,2026-10-11,MDN01,INACTIVE
16913,2704,Time Deposit,388524700,2026-12-23,SBY01,INACTIVE
16914,6814,Time Deposit,535717987,2026-04-15,JKT01,INACTIVE
16915,2619,Time Deposit,137186533,2027-01-16,SMG01,ACTIVE
16916,7500,Time Deposit,1564845142,2026-09-24,JKT01,INACTIVE
16917,3882,Time Deposit,1129348069,2026-04-26,JKT02,INACTIVE
16918,9996,Savings,70324650,2026-12-14,JKT02,INACTIVE
16919,7629,Savings,19874593,2027-02-08,SBY01,ACTIVE
16920,6134,Time Deposit,110330376,2026-12-22,JKT01,INACTIVE
16921,2775,Savings,77431803,2026-08-12,SBY01,INACTIVE
16922,367,Savings,25227811,2027-07-18,SMG01,ACTIVE
16923,7327,Savings,41302658,2027-11-09,BDG01,INACTIVE
16924,5302,Savings,101268797,2027-05-24,SBY01,INACTIVE
16925,8946,Savings,7809586,2026-12-25,SMG01,INACTIVE
16926,6483,Savings,29037391,2028-02-24,MDN01,INACTIVE
16927,4895,Time Deposit,1861654076,2026-08-06,MDN01,INACTIVE
16928,5912,Time Deposit,1019285422,2026-11-30,SBY01,INACTIVE
16929,4875,Time Deposit,338668907,2026-11-20,JKT02,ACTIVE
16930,4687,Savings,28717523,2027-09-25,MDN01,INACTIVE
16931,5642,Savings,11278344,2026-09-30,YGY01,INACTIVE
16932,2145,Savings,9921009,2027-10-25,SBY01,INACTIVE
16933,217,Time Deposit,794172225,2026-11-23,MDN01,INACTIVE
16934,2573,Time Deposit,659565546,2027-03-13,JKT02,INACTIVE
16935,5297,Savings,32492116,2027-09-24,YGY01,ACTIVE
16936,3982,Savings,12641231,2027-05-27,JKT02,ACTIVE
16937,6544,Savings,20313730,2027-04-10,SMG01,ACTIVE
16938,7563,Time Deposit,778499656,2026-08-25,SBY01,INACTIVE
16939,5203,Time Deposit,711107226,2026-12-25,SMG01,INACTIVE
16940,838,Time Deposit,963028919,2027-02-11,JKT01,ACTIVE
16941,6115,Time Deposit,554862610,2026-10-18,JKT02,ACTIVE
16942,1403,Time Deposit,973802832,2027-03-04,MDN01,INACTIVE
16943,5820,Time Deposit,461592902,2026-11-29,SBY01,INACTIVE
16944,5550,Time Deposit,1843037943,2026-05-19,JKT01,INACTIVE
16945,6704,Savings,36082494,2027-07-24,SBY01,INACTIVE
16946,2401,Time Deposit,428573816,2027-01-05,BDG01,INACTIVE
16947,7995,Time Deposit,995534133,2026-08-23,BDG01,ACTIVE
16948,4203,Time Deposit,181130109,2027-03-25,MDN01,INACTIVE
16949,4949,Savings,31573647,2027-08-30,YGY01,INACTIVE
16950,3628,Savings,9171520,2027-01-19,BDG01,ACTIVE
16951,3043,Time Deposit,941401671,2027-01-14,MDN01,ACTIVE
16952,5708,Time Deposit,936729640,2026-09-11,JKT02,ACTIVE
16953,2838,Savings,17087849,2026-08-14,BDG01,INACTIVE
16954,7510,Time Deposit,398524633,2026-11-14,BDG01,INACTIVE
16955,487,Savings,12740331,2027-10-23,SBY01,INACTIVE
16956,6636,Savings,17917325,2026-04-25,JKT02,ACTIVE
16957,5343,Savings,159825709,2027-10-14,SMG01,INACTIVE
16958,5582,Savings,138628630,2026-07-09,JKT01,ACTIVE
16959,8893,Savings,29139485,2027-04-28,MDN01,INACTIVE
16960,6208,Savings,24992575,2026-11-12,YGY01,INACTIVE
16961,5174,Savings,22526032,2027-01-24,JKT02,INACTIVE
16962,9217,Time Deposit,1828800793,2026-07-20,YGY01,ACTIVE
16963,7036,Time Deposit,495550097,2026-07-01,MDN01,INACTIVE
16964,7372,Savings,73576065,2026-07-14,SBY01,ACTIVE
16965,8365,Time Deposit,435102253,2026-07-19,JKT01,ACTIVE
16966,2685,Time Deposit,733735050,2026-05-08,YGY01,ACTIVE
16967,4889,Savings,116447192,2028-01-02,BDG01,ACTIVE
16968,4007,Savings,4630395,2026-06-04,SMG01,INACTIVE
16969,5908,Savings,11941950,2027-01-04,JKT01,INACTIVE
16970,9280,Time Deposit,246278440,2026-11-18,JKT02,INACTIVE
16971,3188,Savings,8467580,2026-08-11,JKT02,INACTIVE
16972,2607,Savings,11230855,2027-09-03,BDG01,INACTIVE
16973,229,Time Deposit,593214067,2026-10-09,SMG01,INACTIVE
16974,2592,Time Deposit,406462454,2027-03-21,JKT01,INACTIVE
16975,397,Time Deposit,629747570,2026-10-27,MDN01,INACTIVE
16976,8585,Time Deposit,328861501,2026-09-16,MDN01,INACTIVE
16977,336,Savings,82476333,2027-01-15,SBY01,INACTIVE
16978,7346,Savings,22137087,2027-12-25,SMG01,INACTIVE
16979,678,Time Deposit,1174957579,2026-08-23,SBY01,INACTIVE
16980,5609,Time Deposit,1517570170,2027-02-25,BDG01,INACTIVE
16981,5835,Time Deposit,1274904210,2026-07-03,SMG01,INACTIVE
16982,862,Savings,36307803,2027-07-01,SMG01,INACTIVE
16983,2063,Savings,10474884,2028-03-06,JKT01,INACTIVE
16984,1069,Time Deposit,1767341449,2027-01-08,BDG01,INACTIVE
16985,3543,Savings,7032188,2027-03-07,YGY01,ACTIVE
16986,2714,Savings,83892147,2027-02-04,MDN01,INACTIVE
16987,2123,Time Deposit,1201711243,2027-02-27,SMG01,INACTIVE
16988,9766,Time Deposit,1319123186,2026-08-30,SMG01,INACTIVE
16989,1404,Savings,40314897,2028-01-17,SMG01,INACTIVE
16990,1813,Savings,14668053,2026-05-10,MDN01,INACTIVE
16991,98,Savings,20916920,2026-12-07,MDN01,ACTIVE
16992,7127,Time Deposit,786544669,2026-12-24,JKT02,INACTIVE
16993,8539,Savings,23576787,2026-12-14,SBY01,INACTIVE
16994,7080,Time Deposit,1081096800,2027-02-28,YGY01,ACTIVE
16995,4571,Time Deposit,272796680,2027-01-27,MDN01,INACTIVE
16996,1239,Savings,16294391,2027-09-01,BDG01,INACTIVE
16997,7908,Savings,45131545,2027-03-17,BDG01,INACTIVE
16998,51,Savings,8031020,2027-11-15,BDG01,INACTIVE
16999,720,Time Deposit,554052369,2026-10-04,YGY01,INACTIVE
17000,6335,Savings,26892184,2026-04-24,JKT02,INACTIVE
17001,5511,Time Deposit,604623835,2027-03-25,MDN01,INACTIVE
17002,7631,Savings,17993312,2026-07-01,JKT01,INACTIVE
17003,603,Savings,45245149,2028-03-02,YGY01,INACTIVE
17004,9996,Time Deposit,1341595851,2026-09-22,JKT02,INACTIVE
17005,8553,Savings,115145603,2026-04-24,SMG01,INACTIVE
17006,6079,Savings,25665938,2026-07-02,JKT01,INACTIVE
17007,3664,Savings,73211368,2027-04-17,MDN01,INACTIVE
17008,1783,Savings,14837485,2026-08-20,SMG01,ACTIVE
17009,2876,Time Deposit,1031883590,2027-01-05,SBY01,INACTIVE
17010,3980,Savings,99014713,2027-07-15,SBY01,INACTIVE
17011,7987,Savings,131290686,2028-03-16,MDN01,INACTIVE
17012,7357,Time Deposit,894172655,2027-03-04,JKT01,ACTIVE
17013,3108,Savings,11673291,2027-04-01,JKT02,INACTIVE
17014,1833,Time Deposit,250181380,2027-01-18,MDN01,INACTIVE
17015,8059,Time Deposit,1576006250,2027-01-05,JKT01,INACTIVE
17016,9408,Savings,18381452,2026-09-10,SMG01,INACTIVE
17017,2421,Savings,152514495,2027-12-29,MDN01,INACTIVE
17018,3405,Savings,128956870,2027-04-25,JKT02,ACTIVE
17019,7432,Time Deposit,226487945,2026-10-11,JKT01,INACTIVE
17020,1312,Time Deposit,1174548057,2027-02-13,MDN01,ACTIVE
17021,9001,Time Deposit,725352743,2026-12-02,YGY01,INACTIVE
17022,8484,Savings,18797553,2028-01-26,YGY01,INACTIVE
17023,9609,Savings,65041299,2028-01-07,MDN01,INACTIVE
17024,400,Savings,22826414,2027-10-08,JKT01,INACTIVE
17025,1886,Time Deposit,315825775,2027-03-14,BDG01,INACTIVE
17026,8308,Savings,5985218,2027-02-02,SBY01,INACTIVE
17027,8049,Savings,14037750,2028-01-20,YGY01,ACTIVE
17028,1703,Savings,59318294,2026-06-25,JKT02,INACTIVE
17029,395,Time Deposit,765022729,2026-10-20,SMG01,INACTIVE
17030,7281,Savings,34381267,2026-10-25,MDN01,INACTIVE
17031,5292,Time Deposit,329245906,2027-02-03,SBY01,INACTIVE
17032,9487,Savings,32406363,2027-04-01,BDG01,INACTIVE
17033,5174,Savings,10132753,2028-01-29,MDN01,INACTIVE
17034,5218,Savings,100849838,2026-10-31,JKT01,INACTIVE
17035,9691,Savings,8754895,2027-03-31,BDG01,ACTIVE
17036,8731,Time Deposit,201390497,2026-09-11,SBY01,INACTIVE
17037,9737,Time Deposit,1673887485,2026-08-11,SMG01,INACTIVE
17038,6135,Savings,21916398,2026-07-15,BDG01,INACTIVE
17039,2051,Savings,30154582,2028-03-19,SMG01,INACTIVE
17040,6566,Time Deposit,142281852,2026-08-03,YGY01,INACTIVE
17041,6689,Time Deposit,1056635255,2026-09-15,JKT01,INACTIVE
17042,5274,Time Deposit,1130814211,2026-09-04,MDN01,INACTIVE
17043,591,Savings,27619371,2027-11-30,BDG01,ACTIVE
17044,8496,Savings,40331004,2026-11-30,YGY01,INACTIVE
17045,5487,Savings,32324009,2027-02-18,JKT01,INACTIVE
17046,2509,Time Deposit,298180405,2026-08-06,BDG01,ACTIVE
17047,4316,Savings,40827775,2026-08-31,SBY01,INACTIVE
17048,2457,Savings,23825191,2026-05-20,JKT02,INACTIVE
17049,4915,Time Deposit,980799738,2027-02-28,BDG01,INACTIVE
17050,4700,Time Deposit,989692131,2026-08-04,BDG01,INACTIVE
17051,221,Time Deposit,1145059559,2026-04-30,MDN01,INACTIVE
17052,8020,Time Deposit,833932243,2026-11-04,JKT01,INACTIVE
17053,1959,Savings,16959616,2027-05-18,SBY01,INACTIVE
17054,2350,Time Deposit,592550958,2026-11-23,JKT01,INACTIVE
17055,4516,Savings,105425554,2027-04-07,JKT01,INACTIVE
17056,8683,Time Deposit,799224724,2026-04-16,JKT02,ACTIVE
17057,8130,Time Deposit,748357325,2027-01-21,BDG01,INACTIVE
17058,6145,Savings,18152029,2027-06-08,JKT02,ACTIVE
17059,490,Savings,29551530,2027-09-28,BDG01,INACTIVE
17060,7895,Savings,12449175,2027-01-12,SMG01,INACTIVE
17061,1838,Time Deposit,456613291,2026-10-25,JKT01,INACTIVE
17062,9741,Time Deposit,680149454,2026-11-20,SBY01,ACTIVE
17063,7224,Savings,9018296,2027-08-04,SMG01,ACTIVE
17064,8177,Savings,6837503,2028-01-23,MDN01,INACTIVE
17065,4032,Savings,12795498,2027-04-09,SBY01,INACTIVE
17066,5713,Savings,43841419,2026-08-24,JKT02,INACTIVE
17067,5251,Savings,41305017,2026-06-26,BDG01,INACTIVE
17068,7811,Time Deposit,331789923,2026-12-31,SBY01,INACTIVE
17069,4293,Time Deposit,881108946,2027-01-13,MDN01,ACTIVE
17070,9881,Time Deposit,332571690,2026-09-14,SMG01,INACTIVE
17071,6337,Savings,6496814,2026-05-15,JKT02,INACTIVE
17072,3530,Time Deposit,984889043,2026-07-22,YGY01,ACTIVE
17073,7571,Time Deposit,535295856,2026-05-06,MDN01,ACTIVE
17074,7579,Savings,33704990,2026-11-20,SBY01,INACTIVE
17075,3008,Time Deposit,1618875121,2026-12-25,JKT02,ACTIVE
17076,967,Savings,24153503,2027-01-24,SBY01,INACTIVE
17077,9272,Savings,17827820,2027-02-17,MDN01,INACTIVE
17078,263,Time Deposit,1136077776,2027-02-08,YGY01,INACTIVE
17079,3843,Savings,33554540,2026-09-14,YGY01,INACTIVE
17080,8406,Time Deposit,965316085,2026-05-09,SMG01,INACTIVE
17081,9159,Time Deposit,196112941,2026-09-17,JKT02,INACTIVE
17082,8064,Time Deposit,594237367,2026-07-17,BDG01,INACTIVE
17083,520,Savings,8442294,2026-09-11,SBY01,INACTIVE
17084,7927,Savings,69464514,2027-07-30,SBY01,INACTIVE
17085,5739,Time Deposit,488367297,2026-11-15,YGY01,INACTIVE
17086,7842,Time Deposit,829488314,2026-12-05,MDN01,INACTIVE
17087,3215,Time Deposit,218002287,2026-09-28,BDG01,INACTIVE
17088,7941,Savings,9459594,2027-05-28,JKT01,INACTIVE
17089,6049,Time Deposit,222748772,2027-03-10,BDG01,ACTIVE
17090,9632,Savings,85302606,2027-07-01,JKT01,INACTIVE
17091,9110,Time Deposit,274683846,2026-07-17,JKT01,INACTIVE
17092,4724,Time Deposit,535406072,2026-06-17,SBY01,INACTIVE
17093,7860,Savings,50086433,2028-02-12,MDN01,INACTIVE
17094,2590,Savings,83632143,2027-07-24,JKT01,INACTIVE
17095,5724,Savings,36669039,2027-02-24,BDG01,ACTIVE
17096,6828,Time Deposit,724676089,2027-01-17,JKT02,INACTIVE
17097,8699,Time Deposit,361795358,2026-10-11,JKT01,INACTIVE
17098,6200,Savings,13883024,2028-02-24,BDG01,INACTIVE
17099,1859,Time Deposit,421257438,2027-03-01,SMG01,ACTIVE
17100,8802,Savings,55096224,2027-01-16,YGY01,INACTIVE
17101,315,Savings,20531504,2026-11-07,MDN01,INACTIVE
17102,9810,Time Deposit,1122267203,2026-10-29,MDN01,INACTIVE
17103,2287,Savings,229792943,2028-01-31,JKT02,INACTIVE
17104,5526,Savings,47575756,2027-08-03,BDG01,ACTIVE
17105,8880,Time Deposit,594798501,2026-06-23,MDN01,INACTIVE
17106,2292,Savings,5954681,2028-03-19,BDG01,INACTIVE
17107,8866,Time Deposit,568718327,2026-07-10,YGY01,ACTIVE
17108,6629,Savings,17842565,2028-03-13,MDN01,INACTIVE
17109,526,Savings,11218874,2027-10-04,JKT01,INACTIVE
17110,6167,Savings,23424153,2027-12-13,BDG01,INACTIVE
17111,8251,Savings,84152540,2026-06-04,YGY01,ACTIVE
17112,2962,Time Deposit,1426414040,2026-03-26,JKT02,INACTIVE
17113,7421,Time Deposit,183326705,2026-06-21,SBY01,INACTIVE
17114,8667,Savings,24113536,2027-02-16,SMG01,INACTIVE
17115,1329,Savings,63250813,2026-11-10,BDG01,INACTIVE
17116,8360,Savings,49298601,2026-08-07,JKT02,INACTIVE
17117,9252,Time Deposit,190222949,2026-10-14,SMG01,INACTIVE
17118,6862,Savings,42532019,2026-06-15,MDN01,ACTIVE
17119,4890,Savings,60932209,2026-05-26,BDG01,INACTIVE
17120,4206,Savings,12453636,2027-05-17,YGY01,INACTIVE
17121,3306,Savings,5830669,2026-11-16,JKT02,INACTIVE
17122,3950,Time Deposit,531036467,2026-09-28,MDN01,ACTIVE
17123,8215,Time Deposit,626351438,2026-08-11,SBY01,INACTIVE
17124,3153,Time Deposit,1223352185,2026-05-06,JKT02,INACTIVE
17125,3969,Savings,21073054,2027-08-14,SMG01,INACTIVE
17126,4236,Time Deposit,1190327546,2026-10-09,JKT01,INACTIVE
17127,3682,Savings,53979225,2027-01-11,YGY01,INACTIVE
17128,5640,Savings,91170188,2027-07-23,JKT02,ACTIVE
17129,8791,Savings,65697933,2027-09-23,JKT02,INACTIVE
17130,1208,Time Deposit,354012039,2026-12-24,JKT01,INACTIVE
17131,4970,Time Deposit,251699551,2027-03-19,BDG01,INACTIVE
17132,4129,Savings,48810226,2026-04-30,JKT02,INACTIVE
17133,7418,Time Deposit,763711653,2026-09-17,JKT02,ACTIVE
17134,146,Time Deposit,1292398817,2026-05-18,JKT02,ACTIVE
17135,6230,Time Deposit,311693126,2026-11-21,JKT01,INACTIVE
17136,5178,Savings,42025024,2027-07-10,JKT02,INACTIVE
17137,2648,Savings,74056298,2027-12-10,JKT01,INACTIVE
17138,3687,Savings,103562628,2026-08-18,SMG01,INACTIVE
17139,1536,Savings,100939523,2027-03-02,JKT02,INACTIVE
17140,3399,Savings,10210917,2027-04-04,SBY01,INACTIVE
17141,9026,Time Deposit,1484403780,2026-12-16,JKT02,INACTIVE
17142,1028,Time Deposit,710279134,2026-06-25,YGY01,INACTIVE
17143,245,Time Deposit,213555241,2026-05-31,SBY01,INACTIVE
17144,1627,Time Deposit,1032022847,2027-03-21,SBY01,ACTIVE
17145,8672,Savings,94463394,2027-08-11,SBY01,INACTIVE
17146,9255,Savings,35266484,2027-04-14,SMG01,INACTIVE
17147,9549,Savings,5265211,2028-01-06,YGY01,INACTIVE
17148,3764,Time Deposit,480583809,2027-03-21,MDN01,INACTIVE
17149,1899,Savings,92117260,2026-11-18,JKT01,INACTIVE
17150,4712,Time Deposit,811421393,2026-08-25,SBY01,INACTIVE
17151,9901,Savings,64304119,2026-11-24,JKT01,INACTIVE
17152,5528,Savings,89772600,2027-10-12,SBY01,INACTIVE
17153,1031,Savings,107379995,2027-07-30,JKT02,ACTIVE
17154,6698,Savings,14392929,2026-05-07,JKT02,ACTIVE
17155,5959,Savings,2704470,2028-01-07,JKT01,INACTIVE
17156,1621,Savings,78794699,2027-01-27,SMG01,INACTIVE
17157,8438,Time Deposit,481506503,2026-05-06,SBY01,ACTIVE
17158,5064,Savings,41219390,2026-10-22,JKT02,INACTIVE
17159,7199,Time Deposit,1377104687,2027-01-17,BDG01,INACTIVE
17160,3663,Savings,161007109,2028-03-06,MDN01,ACTIVE
17161,101,Savings,85026200,2027-05-30,JKT01,INACTIVE
17162,3100,Savings,15896940,2027-12-06,JKT02,INACTIVE
17163,3976,Savings,115143499,2027-10-16,JKT02,INACTIVE
17164,1163,Time Deposit,122793063,2027-01-13,SMG01,INACTIVE
17165,397,Time Deposit,421152200,2026-08-16,SBY01,INACTIVE
17166,1998,Time Deposit,1126721569,2027-02-08,YGY01,INACTIVE
17167,6555,Time Deposit,1132167299,2026-08-03,YGY01,ACTIVE
17168,7037,Savings,102482757,2027-09-21,BDG01,INACTIVE
17169,6954,Savings,23855893,2026-06-05,SBY01,ACTIVE
17170,9511,Savings,104985890,2026-08-27,MDN01,INACTIVE
17171,1540,Time Deposit,738187536,2027-03-21,MDN01,INACTIVE
17172,7454,Savings,11079010,2027-07-04,JKT01,INACTIVE
17173,3650,Time Deposit,234820873,2026-10-24,SBY01,INACTIVE
17174,7577,Savings,179406704,2027-11-04,BDG01,INACTIVE
17175,4045,Savings,14685951,2027-06-14,SMG01,INACTIVE
17176,1648,Savings,20087729,2026-12-19,JKT01,ACTIVE
17177,209,Time Deposit,118232666,2026-06-25,JKT01,INACTIVE
17178,3729,Savings,83625580,2027-06-30,BDG01,INACTIVE
17179,3464,Savings,15251690,2026-05-31,MDN01,INACTIVE
17180,8404,Savings,199376837,2028-03-22,JKT01,INACTIVE
17181,7692,Time Deposit,604384869,2026-12-02,JKT01,ACTIVE
17182,877,Time Deposit,468551754,2027-03-11,JKT02,INACTIVE
17183,6870,Time Deposit,451894955,2026-08-08,SBY01,ACTIVE
17184,4714,Time Deposit,1114567461,2027-01-29,JKT02,INACTIVE
17185,7054,Time Deposit,225153855,2026-10-11,MDN01,ACTIVE
17186,9781,Savings,16200308,2026-05-22,JKT02,INACTIVE
17187,9262,Savings,17258529,2026-07-24,YGY01,ACTIVE
17188,5224,Savings,35231214,2027-12-18,SBY01,INACTIVE
17189,7225,Savings,119497592,2027-01-14,YGY01,ACTIVE
17190,7485,Savings,9678877,2027-08-25,SBY01,INACTIVE
17191,3151,Savings,58311957,2027-04-09,MDN01,INACTIVE
17192,2935,Time Deposit,498041071,2027-02-05,YGY01,INACTIVE
17193,5803,Time Deposit,515744780,2026-05-15,YGY01,INACTIVE
17194,3922,Savings,74563943,2027-01-26,SBY01,INACTIVE
17195,1338,Savings,34389970,2027-11-11,SMG01,INACTIVE
17196,3824,Savings,162061046,2027-02-18,JKT02,INACTIVE
17197,1716,Savings,14205675,2027-05-19,SBY01,INACTIVE
17198,6786,Time Deposit,338778757,2026-04-19,MDN01,INACTIVE
17199,5743,Savings,211772121,2028-03-19,JKT02,INACTIVE
17200,7798,Savings,12818994,2027-10-31,JKT01,ACTIVE
17201,2091,Time Deposit,1351962928,2026-11-19,JKT02,INACTIVE
17202,5232,Time Deposit,340601435,2026-09-13,YGY01,ACTIVE
17203,7514,Savings,46587342,2026-09-14,BDG01,INACTIVE
17204,7783,Savings,6717137,2027-04-03,BDG01,INACTIVE
17205,2229,Time Deposit,322508120,2026-11-14,BDG01,INACTIVE
17206,2385,Savings,9035648,2026-11-15,SMG01,INACTIVE
17207,9223,Time Deposit,361063169,2026-10-22,BDG01,ACTIVE
17208,2794,Savings,12712286,2027-07-31,SBY01,ACTIVE
17209,8100,Time Deposit,1520342531,2026-09-22,MDN01,ACTIVE
17210,6716,Savings,82715014,2027-02-07,YGY01,INACTIVE
17211,591,Savings,9843806,2027-02-09,SBY01,INACTIVE
17212,8459,Savings,39175360,2027-06-26,MDN01,INACTIVE
17213,1488,Time Deposit,468346366,2027-03-19,JKT02,INACTIVE
17214,6504,Time Deposit,1433058811,2026-08-12,JKT01,INACTIVE
17215,9885,Savings,39696134,2027-07-06,JKT01,INACTIVE
17216,6274,Savings,41507674,2027-03-22,SBY01,INACTIVE
17217,652,Savings,28491086,2026-06-25,JKT02,ACTIVE
17218,7193,Time Deposit,975156320,2027-01-13,MDN01,INACTIVE
17219,3885,Savings,203406638,2026-07-08,SMG01,INACTIVE
17220,4186,Time Deposit,712797622,2026-11-29,MDN01,INACTIVE
17221,7936,Savings,20092924,2026-04-27,MDN01,INACTIVE
17222,6072,Savings,23968250,2027-01-16,JKT01,INACTIVE
17223,167,Savings,32786896,2026-06-20,YGY01,INACTIVE
17224,8827,Savings,50420062,2028-01-23,BDG01,INACTIVE
17225,1140,Savings,122934661,2027-02-05,SBY01,INACTIVE
17226,1294,Savings,4840480,2027-01-06,YGY01,INACTIVE
17227,9003,Savings,10972678,2027-04-16,JKT01,INACTIVE
17228,9737,Time Deposit,1451339557,2026-09-06,BDG01,ACTIVE
17229,1308,Savings,128579363,2027-12-08,YGY01,INACTIVE
17230,3239,Time Deposit,750451367,2026-06-05,MDN01,ACTIVE
17231,2750,Time Deposit,502889835,2026-04-14,SBY01,ACTIVE
17232,724,Time Deposit,596706145,2026-09-29,SBY01,INACTIVE
17233,3490,Savings,115217824,2026-08-24,SBY01,INACTIVE
17234,9080,Savings,37456607,2026-04-28,JKT01,INACTIVE
17235,6893,Savings,8556184,2026-08-07,SBY01,ACTIVE
17236,6115,Savings,78990646,2028-02-19,SBY01,INACTIVE
17237,7047,Savings,7445312,2028-03-09,JKT01,INACTIVE
17238,1404,Time Deposit,396855010,2026-11-04,BDG01,INACTIVE
17239,2274,Savings,41462882,2028-02-27,SBY01,INACTIVE
17240,7647,Savings,14620759,2026-09-26,JKT01,ACTIVE
17241,1075,Time Deposit,795200254,2026-05-24,BDG01,INACTIVE
17242,4897,Savings,36815414,2027-03-20,YGY01,INACTIVE
17243,6574,Savings,18484020,2026-09-11,SMG01,INACTIVE
17244,5870,Savings,66398790,2027-02-15,JKT02,ACTIVE
17245,141,Time Deposit,581016758,2027-02-11,MDN01,INACTIVE
17246,6771,Time Deposit,1337225310,2026-05-22,YGY01,ACTIVE
17247,1951,Time Deposit,655826066,2026-08-31,JKT01,ACTIVE
17248,100,Savings,13732212,2026-09-03,YGY01,ACTIVE
17249,9097,Savings,22929984,2026-06-18,YGY01,ACTIVE
17250,4821,Savings,32131344,2027-06-25,JKT01,ACTIVE
17251,9178,Savings,3492282,2027-08-05,SMG01,INACTIVE
17252,2411,Savings,132840094,2026-07-10,YGY01,ACTIVE
17253,8577,Time Deposit,596348941,2027-02-05,JKT02,ACTIVE
17254,78,Time Deposit,1773431820,2026-07-30,MDN01,INACTIVE
17255,7684,Time Deposit,1278789939,2027-01-23,YGY01,INACTIVE
17256,1224,Savings,159658845,2026-04-28,SMG01,INACTIVE
17257,5003,Time Deposit,286319530,2026-06-06,SMG01,INACTIVE
17258,2110,Savings,164024886,2026-06-10,JKT01,ACTIVE
17259,6548,Savings,18250723,2027-06-27,JKT02,ACTIVE
17260,1922,Time Deposit,1605052215,2026-12-22,SBY01,INACTIVE
17261,9994,Time Deposit,477559699,2026-04-26,SBY01,INACTIVE
17262,3748,Savings,135094015,2026-09-23,SMG01,INACTIVE
17263,2455,Savings,8928001,2026-07-18,YGY01,INACTIVE
17264,73,Savings,81914341,2026-10-16,BDG01,INACTIVE
17265,8576,Savings,22457663,2028-03-20,YGY01,INACTIVE
17266,8415,Savings,50608672,2027-03-17,SBY01,INACTIVE
17267,2879,Savings,3575032,2027-12-26,SBY01,INACTIVE
17268,1008,Time Deposit,763839110,2027-03-19,JKT01,INACTIVE
17269,7837,Savings,6549010,2026-12-18,BDG01,INACTIVE
17270,8802,Time Deposit,830732924,2026-08-29,YGY01,ACTIVE
17271,5258,Savings,14003340,2026-08-23,BDG01,ACTIVE
17272,1681,Savings,40349738,2027-01-28,BDG01,INACTIVE
17273,1295,Savings,82695792,2027-05-01,SBY01,ACTIVE
17274,5221,Savings,113374767,2026-05-22,BDG01,INACTIVE
17275,815,Time Deposit,420261343,2026-08-14,SMG01,INACTIVE
17276,3926,Time Deposit,1182360408,2027-01-08,JKT01,INACTIVE
17277,4136,Time Deposit,726239422,2026-12-27,MDN01,ACTIVE
17278,360,Time Deposit,1609834590,2026-10-26,BDG01,INACTIVE
17279,4609,Savings,37848247,2027-02-22,MDN01,INACTIVE
17280,451,Savings,73343418,2028-03-10,JKT01,ACTIVE
17281,8841,Time Deposit,1037890609,2026-04-14,JKT01,ACTIVE
17282,9875,Savings,58094373,2027-07-15,SMG01,INACTIVE
17283,2566,Time Deposit,1066810627,2027-01-04,MDN01,INACTIVE
17284,6723,Time Deposit,1078858469,2026-09-27,SMG01,INACTIVE
17285,7951,Time Deposit,905127560,2027-03-14,BDG01,INACTIVE
17286,5273,Savings,24325240,2026-10-23,SBY01,ACTIVE
17287,9841,Savings,14196404,2026-06-07,JKT01,INACTIVE
17288,664,Time Deposit,306609263,2026-08-12,JKT01,INACTIVE
17289,6810,Savings,86679867,2027-12-26,MDN01,INACTIVE
17290,7622,Savings,35366488,2028-02-09,SBY01,INACTIVE
17291,3950,Savings,43212173,2028-01-16,MDN01,ACTIVE
17292,6450,Time Deposit,529999193,2026-08-08,SMG01,ACTIVE
17293,2123,Time Deposit,1365241499,2026-06-01,JKT01,INACTIVE
17294,1237,Time Deposit,605541807,2027-01-26,MDN01,INACTIVE
17295,7185,Savings,18068937,2026-12-19,JKT01,INACTIVE
17296,8722,Savings,45220189,2027-10-13,MDN01,ACTIVE
17297,6940,Time Deposit,354338635,2026-09-16,SBY01,INACTIVE
17298,4155,Time Deposit,1165317712,2026-10-01,MDN01,INACTIVE
17299,2370,Savings,203981410,2027-04-26,BDG01,INACTIVE
17300,6678,Savings,47977044,2027-02-25,JKT01,ACTIVE
17301,3554,Savings,74273166,2026-05-05,SBY01,INACTIVE
17302,9286,Savings,41265490,2027-09-01,SMG01,INACTIVE
17303,8982,Savings,7804424,2026-11-19,JKT02,INACTIVE
17304,7983,Savings,20041502,2027-10-28,SMG01,ACTIVE
17305,6723,Time Deposit,948603806,2027-01-15,JKT02,INACTIVE
17306,3766,Savings,26491958,2027-07-07,JKT01,INACTIVE
17307,6584,Time Deposit,651267755,2026-06-30,SBY01,INACTIVE
17308,7949,Savings,38777546,2026-09-04,SMG01,ACTIVE
17309,9184,Time Deposit,561562251,2026-11-19,SMG01,INACTIVE
17310,1680,Time Deposit,1007629339,2027-01-27,MDN01,INACTIVE
17311,1914,Savings,82813948,2027-02-16,MDN01,INACTIVE
17312,9649,Savings,19601652,2027-03-22,JKT01,INACTIVE
17313,7839,Savings,106789353,2027-07-28,JKT02,INACTIVE
17314,2942,Savings,87923057,2027-09-30,JKT01,INACTIVE
17315,1257,Time Deposit,1030433228,2027-02-11,BDG01,ACTIVE
17316,463,Savings,9644077,2027-11-21,SBY01,INACTIVE
17317,6866,Savings,19445766,2026-04-24,SBY01,ACTIVE
17318,6412,Time Deposit,833110862,2027-01-05,JKT02,INACTIVE
17319,9259,Time Deposit,1216812894,2027-03-21,SMG01,INACTIVE
17320,417,Savings,73850001,2027-06-10,JKT02,INACTIVE
17321,3216,Time Deposit,212163876,2026-05-16,YGY01,INACTIVE
17322,344,Savings,32231422,2028-01-23,JKT01,INACTIVE
17323,8405,Savings,47173624,2027-08-22,YGY01,INACTIVE
17324,4452,Savings,233696707,2026-05-15,JKT02,INACTIVE
17325,5054,Time Deposit,1495102517,2026-12-31,YGY01,ACTIVE
17326,3186,Savings,14567440,2027-04-11,JKT01,INACTIVE
17327,1678,Time Deposit,266516511,2026-08-26,SMG01,INACTIVE
17328,6880,Savings,39752727,2027-02-25,JKT01,INACTIVE
17329,1911,Time Deposit,764800328,2027-01-18,JKT01,INACTIVE
17330,7212,Savings,92222500,2028-01-09,YGY01,ACTIVE
17331,2739,Savings,32987634,2028-02-18,BDG01,INACTIVE
17332,1612,Savings,7303043,2026-08-15,SBY01,INACTIVE
17333,8436,Savings,4924741,2027-08-22,SMG01,INACTIVE
17334,4373,Time Deposit,161085107,2026-08-14,SBY01,ACTIVE
17335,1088,Savings,20199484,2027-02-18,JKT01,ACTIVE
17336,9366,Time Deposit,1121100926,2026-12-19,MDN01,INACTIVE
17337,2321,Savings,16168322,2026-07-22,JKT01,INACTIVE
17338,1888,Savings,31614473,2027-02-12,SBY01,INACTIVE
17339,5772,Savings,107545747,2027-10-30,BDG01,INACTIVE
17340,9000,Time Deposit,665668275,2027-03-23,SBY01,ACTIVE
17341,3636,Savings,109613775,2027-06-02,SBY01,ACTIVE
17342,6305,Time Deposit,670446574,2027-01-27,SBY01,INACTIVE
17343,719,Time Deposit,851261821,2027-02-18,MDN01,INACTIVE
17344,1741,Savings,36131840,2028-02-08,SBY01,ACTIVE
17345,7785,Savings,63297165,2028-01-19,SBY01,INACTIVE
17346,7065,Time Deposit,785415203,2026-07-22,YGY01,INACTIVE
17347,4690,Time Deposit,1660122130,2026-08-09,BDG01,ACTIVE
17348,3949,Savings,52316441,2027-04-15,SMG01,INACTIVE
17349,9997,Savings,18613650,2027-03-22,JKT02,INACTIVE
17350,2352,Time Deposit,541937233,2026-04-17,JKT02,INACTIVE
17351,8995,Savings,6755561,2027-09-08,SMG01,INACTIVE
17352,818,Savings,34792530,2027-08-16,JKT01,INACTIVE
17353,3140,Savings,125154588,2026-08-15,YGY01,INACTIVE
17354,1852,Time Deposit,1556583235,2026-12-31,JKT01,INACTIVE
17355,9923,Time Deposit,1091492892,2027-03-25,JKT02,ACTIVE
17356,741,Savings,149460869,2027-07-03,BDG01,INACTIVE
17357,2730,Time Deposit,1322516367,2026-12-20,MDN01,ACTIVE
17358,8024,Savings,9087726,2027-02-19,SBY01,INACTIVE
17359,4157,Savings,7071253,2026-11-30,JKT02,INACTIVE
17360,6918,Savings,29295679,2027-11-18,MDN01,INACTIVE
17361,7503,Savings,15542970,2027-04-08,SBY01,INACTIVE
17362,2916,Savings,26995847,2027-06-20,BDG01,INACTIVE
17363,9901,Savings,57697888,2026-11-02,JKT01,INACTIVE
17364,2885,Savings,102160615,2027-02-06,JKT01,INACTIVE
17365,7952,Savings,183475438,2027-04-22,BDG01,INACTIVE
17366,1524,Savings,87472213,2026-06-12,MDN01,INACTIVE
17367,7339,Time Deposit,554337824,2026-04-21,SBY01,INACTIVE
17368,2161,Time Deposit,1623519718,2026-10-11,SMG01,INACTIVE
17369,4113,Time Deposit,347323097,2026-10-22,MDN01,INACTIVE
17370,8446,Time Deposit,799970374,2026-08-14,JKT01,INACTIVE
17371,2380,Savings,138878486,2027-10-13,YGY01,ACTIVE
17372,5818,Time Deposit,635029329,2026-06-10,YGY01,INACTIVE
17373,1801,Savings,4944896,2027-05-05,SBY01,INACTIVE
17374,1949,Time Deposit,508172061,2027-02-13,JKT01,INACTIVE
17375,9650,Savings,87340921,2026-06-30,MDN01,ACTIVE
17376,5088,Time Deposit,784470383,2026-09-24,MDN01,INACTIVE
17377,8165,Time Deposit,274619778,2026-07-24,SMG01,INACTIVE
17378,9897,Savings,25217315,2026-08-19,JKT01,INACTIVE
17379,8211,Time Deposit,1192849165,2026-10-22,JKT02,ACTIVE
17380,5010,Time Deposit,552433481,2026-12-10,BDG01,INACTIVE
17381,6764,Time Deposit,354554615,2026-08-13,SBY01,INACTIVE
17382,8629,Savings,20527010,2026-11-12,SBY01,ACTIVE
17383,764,Savings,8947595,2028-03-10,BDG01,INACTIVE
17384,7965,Savings,3732493,2027-08-15,JKT01,INACTIVE
17385,5713,Savings,57576330,2026-09-19,JKT02,INACTIVE
17386,603,Savings,27455136,2027-02-17,SBY01,ACTIVE
17387,8389,Savings,113357137,2027-01-01,BDG01,INACTIVE
17388,8125,Time Deposit,430877935,2026-07-30,MDN01,INACTIVE
17389,1925,Savings,29167657,2027-08-05,JKT01,INACTIVE
17390,5685,Savings,17875433,2028-03-13,JKT01,INACTIVE
17391,8173,Savings,21251952,2028-01-12,JKT01,INACTIVE
17392,2736,Savings,28367418,2028-02-06,MDN01,ACTIVE
17393,8148,Savings,41832320,2026-07-20,SBY01,ACTIVE
17394,97,Time Deposit,550305611,2026-12-01,MDN01,INACTIVE
17395,9265,Savings,16527138,2027-05-29,YGY01,INACTIVE
17396,5330,Savings,19987649,2027-02-03,SBY01,ACTIVE
17397,3142,Time Deposit,1393393680,2026-05-08,MDN01,INACTIVE
17398,3170,Savings,55056700,2026-06-08,JKT01,INACTIVE
17399,7027,Time Deposit,662326035,2026-08-27,MDN01,INACTIVE
17400,7218,Savings,29281807,2027-05-21,SBY01,INACTIVE
17401,4269,Time Deposit,443109492,2026-05-19,JKT01,INACTIVE
17402,5939,Savings,32079063,2026-11-05,MDN01,INACTIVE
17403,992,Time Deposit,1575381231,2027-02-28,JKT01,INACTIVE
17404,4400,Time Deposit,294442279,2026-08-19,YGY01,INACTIVE
17405,5503,Time Deposit,762918520,2027-01-30,JKT01,INACTIVE
17406,8737,Savings,152996400,2027-06-09,JKT02,INACTIVE
17407,5861,Savings,31011728,2026-10-27,BDG01,INACTIVE
17408,3881,Time Deposit,1154210511,2027-01-21,SBY01,INACTIVE
17409,344,Savings,97349165,2027-07-20,YGY01,INACTIVE
17410,8323,Time Deposit,81225094,2026-06-25,BDG01,INACTIVE
17411,6870,Time Deposit,309423598,2027-01-18,JKT02,INACTIVE
17412,6514,Savings,68421668,2026-05-12,SMG01,INACTIVE
17413,5221,Savings,61309963,2027-12-28,JKT02,INACTIVE
17414,6574,Savings,8476673,2028-03-02,YGY01,ACTIVE
17415,2410,Savings,38196143,2026-12-12,BDG01,INACTIVE
17416,312,Savings,29513205,2027-12-01,JKT02,INACTIVE
17417,2020,Time Deposit,1730187382,2026-06-10,YGY01,ACTIVE
17418,667,Savings,96102923,2026-12-29,JKT02,INACTIVE
17419,1558,Time Deposit,466823346,2027-03-25,SMG01,ACTIVE
17420,2060,Savings,36938359,2026-12-12,JKT01,INACTIVE
17421,5681,Time Deposit,628559122,2026-12-27,SBY01,INACTIVE
17422,1632,Time Deposit,653316991,2026-06-21,BDG01,ACTIVE
17423,98,Savings,19606776,2027-08-20,JKT01,ACTIVE
17424,5225,Savings,15074942,2026-07-04,BDG01,INACTIVE
17425,754,Time Deposit,1544874332,2026-08-11,SMG01,INACTIVE
17426,9623,Time Deposit,747530545,2026-11-16,SMG01,INACTIVE
17427,1442,Savings,237523949,2027-02-23,JKT02,ACTIVE
17428,8993,Savings,9100966,2027-02-06,BDG01,INACTIVE
17429,5259,Time Deposit,191788082,2026-07-12,SMG01,INACTIVE
17430,906,Savings,13066379,2027-08-22,SMG01,INACTIVE
17431,2768,Time Deposit,88001958,2026-11-02,SBY01,INACTIVE
17432,1840,Savings,55356119,2026-12-31,SMG01,INACTIVE
17433,180,Savings,228036006,2028-01-02,JKT02,INACTIVE
17434,2631,Savings,19431837,2027-11-25,SBY01,INACTIVE
17435,3471,Savings,6739848,2026-07-29,JKT01,INACTIVE
17436,7885,Savings,12009673,2027-04-23,JKT01,ACTIVE
17437,5103,Savings,9230731,2027-11-01,SMG01,INACTIVE
17438,9613,Time Deposit,360765269,2027-03-17,JKT02,INACTIVE
17439,7189,Savings,188549559,2027-11-02,YGY01,INACTIVE
17440,1467,Savings,14220360,2027-08-16,JKT01,INACTIVE
17441,5344,Time Deposit,458284614,2026-11-01,JKT02,ACTIVE
17442,9121,Savings,22836275,2027-01-23,JKT02,INACTIVE
17443,645,Time Deposit,1518888936,2026-06-28,JKT01,INACTIVE
17444,3185,Time Deposit,1241780087,2026-07-19,JKT01,INACTIVE
17445,5582,Time Deposit,1211782992,2026-08-31,JKT02,INACTIVE
17446,42,Time Deposit,272929605,2026-11-16,MDN01,INACTIVE
17447,4827,Savings,18336655,2027-12-19,JKT02,INACTIVE
17448,2426,Savings,121037397,2027-02-11,YGY01,INACTIVE
17449,8351,Savings,78976264,2027-02-02,YGY01,ACTIVE
17450,5029,Savings,13878357,2026-12-29,SMG01,INACTIVE
17451,6596,Savings,4687608,2027-03-16,MDN01,INACTIVE
17452,631,Time Deposit,556860599,2027-03-16,JKT01,INACTIVE
17453,4184,Savings,29693877,2028-02-23,YGY01,ACTIVE
17454,814,Time Deposit,1198727614,2027-03-10,SMG01,INACTIVE
17455,1980,Time Deposit,200514165,2026-09-06,BDG01,INACTIVE
17456,6163,Savings,8567998,2026-08-06,JKT01,INACTIVE
17457,4831,Savings,37996707,2026-08-13,JKT01,ACTIVE
17458,2868,Savings,22277249,2027-03-10,MDN01,INACTIVE
17459,1538,Savings,89900232,2027-04-13,MDN01,INACTIVE
17460,2333,Time Deposit,360139753,2026-08-16,BDG01,ACTIVE
17461,6052,Savings,25432643,2026-08-09,SBY01,ACTIVE
17462,2551,Time Deposit,579831881,2026-07-16,JKT01,INACTIVE
17463,2945,Savings,40709723,2028-03-14,MDN01,INACTIVE
17464,3271,Time Deposit,1241031579,2026-08-03,JKT01,INACTIVE
17465,4912,Savings,22325632,2026-09-06,SBY01,INACTIVE
17466,2876,Time Deposit,1496499612,2026-07-15,SMG01,ACTIVE
17467,1597,Savings,76870476,2027-07-07,SMG01,INACTIVE
17468,8543,Savings,13809078,2027-10-01,JKT01,INACTIVE
17469,3435,Savings,36769716,2026-10-15,SBY01,INACTIVE
17470,3030,Time Deposit,786848178,2026-07-01,BDG01,INACTIVE
17471,8115,Savings,13249129,2026-07-20,SMG01,INACTIVE
17472,7147,Savings,72454663,2027-05-28,YGY01,INACTIVE
17473,6412,Time Deposit,1248763771,2027-01-12,SBY01,INACTIVE
17474,5735,Savings,39163721,2026-10-05,YGY01,ACTIVE
17475,5052,Savings,120099351,2027-04-20,YGY01,INACTIVE
17476,8620,Savings,7883056,2027-02-07,YGY01,ACTIVE
17477,3743,Time Deposit,520033320,2026-10-31,BDG01,INACTIVE
17478,9382,Savings,32527985,2027-07-26,JKT01,INACTIVE
17479,5554,Savings,5132712,2027-06-29,YGY01,INACTIVE
17480,4419,Time Deposit,344198074,2027-01-16,JKT01,ACTIVE
17481,2420,Time Deposit,409544278,2026-12-28,SBY01,INACTIVE
17482,9362,Savings,49190751,2027-04-03,SBY01,INACTIVE
17483,4511,Savings,6391533,2026-05-08,YGY01,INACTIVE
17484,9646,Savings,41757695,2026-10-19,SBY01,INACTIVE
17485,6051,Time Deposit,374818539,2027-02-10,YGY01,INACTIVE
17486,3785,Savings,37141159,2026-05-26,JKT01,INACTIVE
17487,9310,Savings,10090304,2026-08-03,BDG01,INACTIVE
17488,2528,Savings,13286461,2026-12-14,JKT01,INACTIVE
17489,8980,Time Deposit,510785814,2026-07-20,MDN01,INACTIVE
17490,3235,Savings,33329806,2027-02-06,SBY01,INACTIVE
17491,1572,Savings,154228426,2027-10-19,BDG01,ACTIVE
17492,2273,Savings,44140415,2027-06-08,SBY01,ACTIVE
17493,83,Savings,33504538,2026-08-02,JKT02,INACTIVE
17494,526,Savings,33639817,2026-11-11,JKT01,INACTIVE
17495,9760,Time Deposit,1505200624,2026-10-07,BDG01,INACTIVE
17496,986,Time Deposit,1544687914,2027-01-29,JKT02,ACTIVE
17497,4340,Time Deposit,917362968,2027-01-21,JKT01,INACTIVE
17498,240,Savings,45802592,2027-07-13,SMG01,ACTIVE
17499,9843,Savings,25602492,2026-09-02,JKT02,ACTIVE
17500,3697,Time Deposit,477539756,2027-02-06,SBY01,INACTIVE
17501,7848,Savings,166000768,2026-06-15,JKT02,INACTIVE
17502,5029,Time Deposit,538084069,2026-09-25,JKT02,ACTIVE
17503,4656,Time Deposit,1204812850,2026-09-29,MDN01,INACTIVE
17504,5827,Savings,12528658,2027-08-17,JKT01,INACTIVE
17505,4138,Time Deposit,1457682684,2026-04-30,MDN01,INACTIVE
17506,181,Savings,163241284,2027-08-28,BDG01,INACTIVE
17507,9670,Savings,20832519,2027-11-22,MDN01,INACTIVE
17508,229,Savings,37725327,2027-04-26,JKT02,INACTIVE
17509,9312,Savings,182591286,2026-06-06,JKT01,INACTIVE
17510,995,Savings,20125942,2027-10-10,BDG01,INACTIVE
17511,1750,Time Deposit,406354215,2026-12-14,JKT02,INACTIVE
17512,840,Savings,12061999,2027-07-02,JKT02,INACTIVE
17513,8642,Savings,35981983,2027-03-09,YGY01,ACTIVE
17514,1673,Savings,12614403,2027-12-23,JKT02,INACTIVE
17515,4068,Savings,83179678,2027-07-26,MDN01,INACTIVE
17516,3000,Time Deposit,286181304,2026-11-01,MDN01,INACTIVE
17517,8882,Savings,20753061,2027-02-10,JKT02,INACTIVE
17518,3773,Savings,94691535,2027-03-29,SMG01,INACTIVE
17519,2207,Time Deposit,495973437,2026-08-20,MDN01,INACTIVE
17520,3981,Savings,8710220,2027-09-19,BDG01,INACTIVE
17521,4676,Time Deposit,1023538361,2026-10-29,JKT02,INACTIVE
17522,9636,Time Deposit,913924764,2026-05-20,MDN01,ACTIVE
17523,7481,Time Deposit,1439646125,2026-05-05,SBY01,INACTIVE
17524,1518,Savings,17735818,2026-06-11,BDG01,INACTIVE
17525,6504,Savings,54496269,2028-02-11,JKT02,INACTIVE
17526,4668,Savings,10732911,2026-05-18,SBY01,INACTIVE
17527,2592,Time Deposit,812359949,2026-09-17,BDG01,INACTIVE
17528,6620,Time Deposit,1715018217,2026-09-06,JKT01,ACTIVE
17529,8757,Savings,25588687,2026-07-29,JKT01,ACTIVE
17530,1376,Savings,9143510,2026-06-30,JKT02,INACTIVE
17531,1849,Savings,62198892,2027-06-20,JKT01,INACTIVE
17532,6242,Savings,62051621,2027-01-13,BDG01,INACTIVE
17533,2940,Savings,40108036,2027-02-16,YGY01,INACTIVE
17534,5447,Savings,86884233,2026-11-10,SMG01,INACTIVE
17535,9517,Savings,12341254,2027-10-23,SMG01,INACTIVE
17536,7081,Time Deposit,557428026,2027-03-13,MDN01,INACTIVE
17537,2850,Time Deposit,600179281,2026-06-15,SBY01,INACTIVE
17538,8575,Savings,11911301,2027-04-27,YGY01,INACTIVE
17539,8779,Savings,17571228,2026-08-23,JKT01,INACTIVE
17540,3527,Savings,190205689,2028-02-26,MDN01,INACTIVE
17541,7622,Time Deposit,714952799,2026-11-13,SBY01,INACTIVE
17542,5730,Savings,154997949,2027-05-19,BDG01,ACTIVE
17543,6581,Time Deposit,1197374222,2026-09-25,YGY01,ACTIVE
17544,1195,Savings,11429780,2026-10-11,SBY01,ACTIVE
17545,313,Savings,64146921,2027-09-18,SMG01,INACTIVE
17546,2733,Time Deposit,880610375,2026-07-21,JKT02,ACTIVE
17547,3140,Time Deposit,1171058096,2027-02-02,SBY01,INACTIVE
17548,7689,Savings,21201766,2027-11-15,JKT02,INACTIVE
17549,3215,Savings,16982316,2026-07-22,JKT02,INACTIVE
17550,4970,Savings,24029464,2027-02-13,BDG01,INACTIVE
17551,3605,Time Deposit,778910483,2026-04-22,SBY01,ACTIVE
17552,2689,Savings,60627936,2026-08-22,YGY01,ACTIVE
17553,9923,Savings,174981978,2028-01-08,YGY01,INACTIVE
17554,7239,Savings,15660308,2027-11-16,YGY01,INACTIVE
17555,9760,Time Deposit,1110099717,2027-01-10,BDG01,INACTIVE
17556,3878,Savings,14128241,2026-05-22,YGY01,ACTIVE
17557,3165,Savings,33378662,2027-08-01,SBY01,INACTIVE
17558,884,Time Deposit,1761910163,2026-04-20,SBY01,INACTIVE
17559,3184,Savings,38727523,2026-09-16,MDN01,INACTIVE
17560,9697,Time Deposit,695179310,2027-02-07,YGY01,INACTIVE
17561,2895,Savings,4866219,2027-02-14,SBY01,INACTIVE
17562,937,Savings,17772211,2027-08-31,JKT02,INACTIVE
17563,366,Time Deposit,126265330,2026-12-08,SMG01,ACTIVE
17564,1956,Savings,24054011,2026-05-22,JKT02,INACTIVE
17565,5652,Time Deposit,891206710,2027-02-15,JKT02,INACTIVE
17566,437,Savings,22866076,2026-10-22,SMG01,ACTIVE
17567,4800,Savings,12053431,2027-03-26,YGY01,INACTIVE
17568,3402,Savings,6557342,2027-02-02,SMG01,ACTIVE
17569,963,Time Deposit,1264814607,2026-08-27,YGY01,ACTIVE
17570,4902,Savings,190976321,2026-10-12,MDN01,INACTIVE
17571,3622,Savings,181981712,2027-05-19,SMG01,INACTIVE
17572,6481,Time Deposit,110305163,2027-01-17,SBY01,INACTIVE
17573,6951,Time Deposit,1724914357,2026-10-10,JKT02,INACTIVE
17574,1879,Time Deposit,851123766,2027-01-11,JKT02,INACTIVE
17575,5335,Savings,9160706,2026-09-02,JKT02,INACTIVE
17576,1431,Savings,45069956,2027-01-30,JKT01,INACTIVE
17577,2806,Savings,6757665,2026-06-16,JKT01,INACTIVE
17578,1257,Time Deposit,1436340666,2026-06-29,JKT02,INACTIVE
17579,111,Savings,53131483,2027-12-05,MDN01,INACTIVE
17580,7073,Time Deposit,675402160,2026-06-29,BDG01,INACTIVE
17581,9688,Time Deposit,1025146023,2027-01-20,SBY01,ACTIVE
17582,2453,Savings,26515721,2028-01-01,BDG01,INACTIVE
17583,4866,Savings,9531402,2027-12-07,BDG01,INACTIVE
17584,8365,Time Deposit,517356331,2027-02-07,JKT02,INACTIVE
17585,1879,Time Deposit,339747416,2026-09-22,SBY01,INACTIVE
17586,4527,Savings,10208507,2027-08-26,JKT02,INACTIVE
17587,42,Time Deposit,470766792,2026-10-05,SBY01,INACTIVE
17588,2378,Time Deposit,212520050,2026-12-28,BDG01,INACTIVE
17589,366,Time Deposit,176900307,2026-10-16,JKT02,INACTIVE
17590,1085,Savings,67253998,2026-07-26,YGY01,ACTIVE
17591,7789,Time Deposit,943807452,2026-06-10,JKT01,INACTIVE
17592,8693,Time Deposit,372620488,2026-12-28,SBY01,INACTIVE
17593,267,Savings,22467645,2026-05-14,MDN01,INACTIVE
17594,3309,Savings,4174454,2027-03-29,JKT02,ACTIVE
17595,31,Savings,18826483,2026-10-13,JKT02,INACTIVE
17596,2408,Time Deposit,1498322522,2026-08-20,SMG01,INACTIVE
17597,179,Savings,9120333,2027-11-17,SMG01,INACTIVE
17598,3430,Savings,89092935,2026-11-02,BDG01,ACTIVE
17599,95,Savings,174090968,2027-12-05,SMG01,INACTIVE
17600,6425,Savings,6806784,2028-02-22,YGY01,INACTIVE
17601,258,Savings,82756477,2027-07-14,JKT01,INACTIVE
17602,8212,Savings,107185302,2027-09-20,SBY01,INACTIVE
17603,2852,Savings,36163210,2026-10-21,SMG01,INACTIVE
17604,6006,Time Deposit,879294285,2026-06-30,BDG01,INACTIVE
17605,2890,Savings,111507780,2027-04-15,YGY01,INACTIVE
17606,2,Time Deposit,725129414,2026-09-17,YGY01,INACTIVE
17607,5326,Savings,45927690,2026-07-08,JKT02,ACTIVE
17608,40,Savings,29237127,2027-05-20,YGY01,INACTIVE
17609,3560,Time Deposit,1006058994,2027-03-03,JKT02,INACTIVE
17610,4413,Time Deposit,554415042,2027-03-02,JKT02,INACTIVE
17611,431,Savings,56708001,2027-01-22,SBY01,INACTIVE
17612,7565,Savings,11299010,2028-03-19,SMG01,INACTIVE
17613,3492,Savings,86834976,2028-01-28,YGY01,ACTIVE
17614,9970,Savings,11433098,2027-07-04,MDN01,INACTIVE
17615,973,Savings,37676097,2027-12-28,BDG01,INACTIVE
17616,9740,Time Deposit,739181592,2027-02-03,MDN01,INACTIVE
17617,6810,Time Deposit,1293725575,2026-05-05,YGY01,ACTIVE
17618,6439,Time Deposit,498426137,2026-10-12,MDN01,ACTIVE
17619,4157,Savings,17759814,2027-12-03,BDG01,ACTIVE
17620,4413,Savings,164366926,2028-03-08,JKT01,INACTIVE
17621,2630,Time Deposit,1190398290,2026-06-16,JKT01,INACTIVE
17622,2,Time Deposit,1343851666,2026-12-27,JKT01,INACTIVE
17623,6044,Time Deposit,1318086969,2027-01-30,SBY01,INACTIVE
17624,6313,Time Deposit,221357628,2026-07-08,SBY01,ACTIVE
17625,7537,Savings,28233105,2028-01-21,SBY01,ACTIVE
17626,3967,Savings,59549626,2027-10-27,JKT01,ACTIVE
17627,6467,Time Deposit,541667008,2026-06-21,YGY01,INACTIVE
17628,9593,Time Deposit,1076522572,2026-08-03,MDN01,INACTIVE
17629,8382,Time Deposit,1045123659,2026-12-05,SMG01,INACTIVE
17630,2489,Time Deposit,734356731,2026-10-10,SMG01,INACTIVE
17631,3840,Time Deposit,710325605,2027-03-21,BDG01,INACTIVE
17632,8196,Time Deposit,871817030,2026-06-08,YGY01,INACTIVE
17633,9721,Savings,29501639,2027-03-26,YGY01,ACTIVE
17634,9993,Time Deposit,1931082370,2027-02-14,MDN01,INACTIVE
17635,2821,Time Deposit,1205758618,2026-12-15,SMG01,INACTIVE
17636,89,Savings,217092624,2027-01-13,YGY01,INACTIVE
17637,9617,Time Deposit,613596673,2027-02-24,SBY01,INACTIVE
17638,597,Time Deposit,429885747,2026-05-28,BDG01,ACTIVE
17639,6051,Savings,99373558,2026-07-28,SBY01,INACTIVE
17640,130,Savings,26066233,2027-09-05,SBY01,INACTIVE
17641,8225,Savings,82783301,2026-12-12,JKT02,ACTIVE
17642,6964,Savings,35200405,2026-05-10,MDN01,INACTIVE
17643,9681,Time Deposit,596549896,2026-08-31,MDN01,INACTIVE
17644,8729,Savings,17868793,2027-06-30,SBY01,INACTIVE
17645,2561,Savings,55178301,2026-12-24,JKT02,INACTIVE
17646,7532,Savings,30264552,2026-05-26,MDN01,INACTIVE
17647,2553,Savings,15999857,2026-10-29,BDG01,ACTIVE
17648,8367,Savings,26208976,2027-09-15,SMG01,INACTIVE
17649,6689,Savings,118450562,2027-03-18,JKT01,INACTIVE
17650,754,Time Deposit,503755417,2026-07-11,MDN01,ACTIVE
17651,4028,Savings,215118084,2027-10-05,JKT01,INACTIVE
17652,2344,Savings,17115500,2027-10-22,MDN01,INACTIVE
17653,1610,Savings,33141406,2027-01-28,BDG01,INACTIVE
17654,8877,Time Deposit,1076500360,2027-01-30,MDN01,INACTIVE
17655,1128,Time Deposit,1075860426,2027-02-26,JKT02,ACTIVE
17656,8925,Savings,81111098,2027-04-29,YGY01,ACTIVE
17657,3048,Time Deposit,824393643,2026-06-01,YGY01,ACTIVE
17658,6708,Time Deposit,1235114866,2026-09-28,BDG01,ACTIVE
17659,7602,Time Deposit,462316564,2026-11-22,SBY01,INACTIVE
17660,5935,Time Deposit,1164094934,2026-09-29,SMG01,ACTIVE
17661,4074,Time Deposit,334509984,2026-06-25,JKT02,INACTIVE
17662,1324,Time Deposit,386610266,2026-12-27,SBY01,INACTIVE
17663,8150,Savings,77901168,2027-11-16,MDN01,INACTIVE
17664,9930,Savings,13180676,2028-03-01,YGY01,INACTIVE
17665,3862,Savings,19070629,2027-09-09,JKT02,INACTIVE
17666,8553,Savings,57515214,2026-11-09,JKT02,ACTIVE
17667,7896,Savings,18640677,2026-12-25,JKT02,INACTIVE
17668,5976,Time Deposit,1712570464,2027-01-10,SBY01,ACTIVE
17669,707,Savings,29678411,2026-12-27,JKT02,ACTIVE
17670,9395,Time Deposit,1148757823,2027-02-07,JKT01,INACTIVE
17671,9503,Savings,20511797,2026-08-10,SMG01,INACTIVE
17672,5518,Time Deposit,1949996594,2026-04-15,JKT01,INACTIVE
17673,2261,Savings,140708725,2028-02-01,JKT02,ACTIVE
17674,8260,Time Deposit,548924744,2027-03-20,SBY01,ACTIVE
17675,4982,Time Deposit,1134610844,2026-05-07,JKT01,ACTIVE
17676,7667,Savings,81423016,2027-04-01,BDG01,INACTIVE
17677,2231,Savings,84784661,2028-03-14,SBY01,INACTIVE
17678,4678,Savings,31733793,2026-11-28,SMG01,INACTIVE
17679,448,Savings,13241408,2027-02-27,SBY01,INACTIVE
17680,1228,Time Deposit,679425042,2026-09-16,SBY01,INACTIVE
17681,8251,Time Deposit,713812733,2027-02-02,YGY01,INACTIVE
17682,6280,Time Deposit,583195973,2026-06-01,SMG01,INACTIVE
17683,1483,Savings,28652421,2026-11-27,BDG01,INACTIVE
17684,1043,Time Deposit,453562736,2026-07-08,MDN01,INACTIVE
17685,9721,Savings,18981397,2028-03-21,MDN01,INACTIVE
17686,4037,Time Deposit,1232184072,2026-06-08,BDG01,INACTIVE
17687,1121,Time Deposit,688347768,2026-08-31,MDN01,INACTIVE
17688,3605,Time Deposit,905687574,2026-05-03,BDG01,INACTIVE
17689,6545,Savings,69615760,2028-01-30,YGY01,INACTIVE
17690,837,Time Deposit,751422996,2026-11-29,JKT01,INACTIVE
17691,4434,Savings,23015503,2026-05-05,SBY01,INACTIVE
17692,9156,Savings,74636455,2026-05-06,BDG01,INACTIVE
17693,6597,Time Deposit,1079383716,2026-11-14,YGY01,ACTIVE
17694,2435,Time Deposit,754126249,2026-10-02,SMG01,ACTIVE
17695,4147,Savings,3013772,2027-05-28,YGY01,INACTIVE
17696,4073,Savings,36359382,2026-07-26,SMG01,INACTIVE
17697,1825,Time Deposit,738367270,2027-01-22,JKT02,ACTIVE
17698,8535,Savings,36153661,2026-12-17,JKT01,ACTIVE
17699,9913,Savings,98324130,2026-08-23,MDN01,INACTIVE
17700,6853,Savings,94446772,2026-06-06,SMG01,INACTIVE
17701,3045,Savings,51904229,2027-09-20,MDN01,INACTIVE
17702,6145,Savings,38954383,2026-12-27,JKT02,INACTIVE
17703,2731,Savings,122720392,2027-09-02,JKT01,INACTIVE
17704,3017,Savings,5405374,2027-05-28,JKT02,INACTIVE
17705,908,Savings,18008143,2027-12-06,JKT02,ACTIVE
17706,9891,Savings,87888647,2026-09-15,YGY01,ACTIVE
17707,2564,Time Deposit,260538404,2026-12-27,SBY01,ACTIVE
17708,9841,Savings,35366925,2027-11-06,YGY01,ACTIVE
17709,9936,Time Deposit,333480623,2026-03-29,MDN01,INACTIVE
17710,3800,Savings,106036179,2026-05-17,MDN01,ACTIVE
17711,7592,Savings,57264215,2027-08-02,YGY01,INACTIVE
17712,5605,Savings,8549286,2027-03-17,YGY01,INACTIVE
17713,7013,Savings,55211808,2028-03-10,JKT02,ACTIVE
17714,3255,Time Deposit,220852464,2026-07-22,SMG01,INACTIVE
17715,2059,Savings,15886581,2026-04-30,SMG01,ACTIVE
17716,1423,Savings,14655777,2027-06-20,BDG01,ACTIVE
17717,6812,Savings,25231199,2026-11-20,MDN01,INACTIVE
17718,5427,Time Deposit,1000033544,2026-06-15,BDG01,INACTIVE
17719,9646,Savings,36312898,2027-11-13,JKT02,INACTIVE
17720,5012,Savings,18707986,2026-06-16,YGY01,INACTIVE
17721,24,Savings,37624288,2027-09-15,JKT01,ACTIVE
17722,9513,Time Deposit,1676036236,2026-10-30,BDG01,ACTIVE
17723,7739,Savings,60722400,2026-09-12,YGY01,INACTIVE
17724,1684,Time Deposit,177860091,2026-09-02,JKT01,INACTIVE
17725,824,Time Deposit,791395443,2026-11-12,SBY01,INACTIVE
17726,1593,Savings,81963626,2026-09-13,JKT02,ACTIVE
17727,1301,Savings,71718494,2028-03-08,BDG01,ACTIVE
17728,8056,Savings,45004062,2027-12-06,BDG01,INACTIVE
17729,7690,Time Deposit,460838501,2026-08-20,MDN01,INACTIVE
17730,8309,Savings,140428186,2027-10-04,SMG01,INACTIVE
17731,6587,Savings,20105099,2027-07-02,MDN01,ACTIVE
17732,3048,Savings,45191202,2027-09-28,JKT01,INACTIVE
17733,6868,Savings,16411334,2027-04-03,JKT01,ACTIVE
17734,8952,Savings,19793008,2026-06-20,SBY01,INACTIVE
17735,1978,Time Deposit,818984486,2027-02-04,JKT01,INACTIVE
17736,328,Savings,17594667,2027-01-05,MDN01,INACTIVE
17737,5466,Savings,11100758,2026-08-12,JKT01,INACTIVE
17738,4718,Savings,48339865,2027-04-27,YGY01,INACTIVE
17739,4888,Time Deposit,754510167,2026-11-22,MDN01,ACTIVE
17740,2501,Savings,170501810,2026-10-11,YGY01,INACTIVE
17741,1468,Savings,26354576,2027-02-07,MDN01,INACTIVE
17742,7876,Time Deposit,1703254654,2027-02-08,BDG01,INACTIVE
17743,9471,Savings,17617720,2027-11-23,SBY01,ACTIVE
17744,8428,Time Deposit,489807875,2026-12-03,BDG01,INACTIVE
17745,7232,Savings,44562485,2028-01-05,JKT01,INACTIVE
17746,4746,Savings,23327297,2027-07-24,JKT01,INACTIVE
17747,1897,Savings,24701310,2028-02-03,BDG01,INACTIVE
17748,9490,Savings,43333689,2027-12-16,SMG01,INACTIVE
17749,2518,Time Deposit,606729327,2027-03-13,JKT01,INACTIVE
17750,777,Time Deposit,643812991,2026-06-28,BDG01,INACTIVE
17751,3397,Time Deposit,1013101774,2026-09-24,BDG01,INACTIVE
17752,9697,Savings,42795108,2026-11-23,JKT01,INACTIVE
17753,5000,Savings,9918147,2027-09-15,SMG01,ACTIVE
17754,5590,Savings,46079006,2026-07-18,JKT02,INACTIVE
17755,467,Savings,11229165,2028-01-04,JKT01,INACTIVE
17756,4024,Savings,10763564,2028-02-01,BDG01,ACTIVE
17757,7719,Savings,40507664,2026-07-30,MDN01,INACTIVE
17758,3538,Time Deposit,833726301,2026-05-14,BDG01,ACTIVE
17759,6894,Time Deposit,286168616,2027-02-08,SMG01,ACTIVE
17760,7527,Savings,15893935,2028-01-13,BDG01,INACTIVE
17761,8855,Time Deposit,1097516167,2026-05-24,YGY01,INACTIVE
17762,1634,Savings,27871198,2027-11-05,SMG01,ACTIVE
17763,1457,Savings,27023867,2026-07-17,JKT01,INACTIVE
17764,7811,Savings,7016383,2027-10-24,SMG01,INACTIVE
17765,3281,Savings,71128986,2027-09-21,JKT02,INACTIVE
17766,2252,Savings,8593828,2026-12-26,MDN01,INACTIVE
17767,247,Time Deposit,652958951,2026-04-14,JKT01,INACTIVE
17768,8853,Savings,168683535,2026-07-28,JKT01,INACTIVE
17769,4402,Time Deposit,1192729212,2026-07-20,SBY01,ACTIVE
17770,9022,Time Deposit,998371248,2027-03-09,SMG01,ACTIVE
17771,2298,Savings,28507438,2027-08-13,JKT01,ACTIVE
17772,4617,Time Deposit,1491102161,2026-06-18,BDG01,INACTIVE
17773,5820,Savings,45994726,2027-03-21,SMG01,ACTIVE
17774,7595,Time Deposit,892177423,2026-05-25,JKT02,ACTIVE
17775,6453,Savings,170704401,2027-04-12,MDN01,ACTIVE
17776,5671,Savings,40922675,2026-04-29,BDG01,INACTIVE
17777,8456,Time Deposit,655515127,2026-12-13,MDN01,ACTIVE
17778,7695,Time Deposit,625358578,2026-09-30,BDG01,ACTIVE
17779,2511,Savings,141829630,2027-01-25,BDG01,INACTIVE
17780,2447,Time Deposit,176988750,2027-03-14,BDG01,INACTIVE
17781,3017,Savings,11893088,2026-06-19,SBY01,INACTIVE
17782,9536,Time Deposit,985503353,2026-10-27,SMG01,INACTIVE
17783,4852,Savings,7971116,2027-11-24,MDN01,INACTIVE
17784,4257,Time Deposit,404308915,2026-04-24,SBY01,INACTIVE
17785,9177,Time Deposit,754582463,2026-06-23,YGY01,INACTIVE
17786,6807,Savings,14461623,2026-12-03,MDN01,INACTIVE
17787,2604,Savings,149114894,2027-02-20,SBY01,INACTIVE
17788,7618,Savings,15616289,2026-07-09,JKT01,INACTIVE
17789,1286,Savings,187034210,2027-06-13,BDG01,INACTIVE
17790,5948,Time Deposit,112628612,2026-12-02,JKT01,INACTIVE
17791,4403,Savings,51816028,2028-02-03,MDN01,INACTIVE
17792,3260,Savings,213608162,2026-07-04,SBY01,ACTIVE
17793,9312,Savings,193790067,2027-09-06,SBY01,ACTIVE
17794,1911,Savings,11026502,2026-09-23,SBY01,INACTIVE
17795,6251,Savings,12427842,2026-12-28,BDG01,INACTIVE
17796,385,Time Deposit,510172957,2026-05-09,SMG01,INACTIVE
17797,9878,Savings,22215453,2026-11-15,MDN01,INACTIVE
17798,6792,Time Deposit,533332347,2026-12-28,SMG01,INACTIVE
17799,2577,Time Deposit,1013390668,2027-01-12,SBY01,ACTIVE
17800,817,Savings,136910160,2026-04-30,SBY01,INACTIVE
17801,4479,Savings,20096409,2027-10-05,SMG01,INACTIVE
17802,5101,Savings,21614881,2026-10-30,YGY01,INACTIVE
17803,5682,Time Deposit,1149823537,2026-12-24,MDN01,INACTIVE
17804,9966,Savings,8512652,2026-07-22,JKT01,ACTIVE
17805,3759,Savings,138310743,2027-10-07,SMG01,INACTIVE
17806,949,Time Deposit,988957012,2026-11-30,SMG01,INACTIVE
17807,4237,Savings,11428581,2027-01-15,YGY01,INACTIVE
17808,66,Time Deposit,376351003,2026-06-17,BDG01,INACTIVE
17809,7622,Time Deposit,365786871,2026-03-30,SMG01,INACTIVE
17810,519,Time Deposit,1341982028,2027-01-20,BDG01,INACTIVE
17811,660,Savings,123643994,2026-05-13,SBY01,INACTIVE
17812,5794,Savings,48281855,2027-11-22,BDG01,INACTIVE
17813,8643,Savings,85203898,2027-09-04,BDG01,INACTIVE
17814,2759,Savings,24551546,2028-01-14,BDG01,INACTIVE
17815,4414,Savings,48760556,2026-12-23,SMG01,ACTIVE
17816,2000,Savings,33332284,2026-11-30,SBY01,INACTIVE
17817,7605,Time Deposit,763615586,2026-12-24,SMG01,INACTIVE
17818,1338,Time Deposit,280162032,2026-11-15,BDG01,INACTIVE
17819,8594,Savings,39131034,2028-03-22,SMG01,INACTIVE
17820,1550,Time Deposit,1711045699,2026-07-20,JKT01,INACTIVE
17821,7902,Time Deposit,1265755843,2026-08-08,JKT01,ACTIVE
17822,3358,Time Deposit,199589447,2026-11-12,JKT01,INACTIVE
17823,1675,Time Deposit,936320660,2026-06-15,SMG01,INACTIVE
17824,9497,Savings,77919981,2026-12-01,SBY01,INACTIVE
17825,3529,Time Deposit,1240910420,2027-02-19,SMG01,INACTIVE
17826,5642,Savings,35832266,2028-01-02,JKT01,INACTIVE
17827,3876,Savings,44387204,2028-01-19,SMG01,INACTIVE
17828,8647,Time Deposit,727632512,2027-01-21,MDN01,ACTIVE
17829,1832,Time Deposit,1015702118,2027-01-08,YGY01,INACTIVE
17830,6909,Savings,21162555,2027-10-13,JKT01,INACTIVE
17831,7607,Savings,183208540,2026-05-10,BDG01,INACTIVE
17832,7765,Time Deposit,767574149,2026-07-08,YGY01,INACTIVE
17833,1154,Savings,132826701,2027-04-16,MDN01,INACTIVE
17834,3052,Savings,7007758,2027-02-04,SMG01,ACTIVE
17835,6990,Savings,96595798,2028-02-02,YGY01,INACTIVE
17836,693,Savings,20054889,2028-01-01,YGY01,INACTIVE
17837,5194,Savings,133507954,2026-09-10,SMG01,ACTIVE
17838,6285,Time Deposit,744508114,2026-07-12,MDN01,INACTIVE
17839,1834,Time Deposit,493187842,2027-02-11,BDG01,ACTIVE
17840,3516,Savings,134506614,2028-02-11,JKT01,INACTIVE
17841,7503,Savings,12960473,2027-12-07,SBY01,INACTIVE
17842,2686,Savings,65841024,2027-04-03,JKT01,INACTIVE
17843,1778,Savings,40379446,2027-03-30,SBY01,INACTIVE
17844,9608,Savings,36611432,2026-09-27,YGY01,INACTIVE
17845,6426,Time Deposit,614904851,2026-10-26,BDG01,INACTIVE
17846,9199,Savings,30108437,2027-01-21,BDG01,INACTIVE
17847,7939,Savings,18431563,2027-10-29,SBY01,INACTIVE
17848,2458,Time Deposit,459504380,2026-07-22,SMG01,ACTIVE
17849,8308,Savings,22853705,2027-07-27,JKT02,INACTIVE
17850,1957,Savings,126172115,2026-09-17,JKT01,INACTIVE
17851,6871,Savings,26074779,2027-01-09,JKT02,INACTIVE
17852,4876,Savings,131710158,2027-05-13,JKT01,INACTIVE
17853,6721,Time Deposit,1435773278,2026-04-09,JKT01,ACTIVE
17854,8680,Time Deposit,802456870,2026-12-05,SBY01,INACTIVE
17855,897,Savings,4074488,2027-01-07,YGY01,INACTIVE
17856,8719,Savings,70726052,2028-02-03,SBY01,ACTIVE
17857,2800,Savings,28556290,2026-11-08,SMG01,ACTIVE
17858,4376,Time Deposit,255067343,2026-08-19,YGY01,ACTIVE
17859,1973,Time Deposit,716566011,2026-08-15,BDG01,INACTIVE
17860,4584,Time Deposit,428109815,2026-05-16,MDN01,INACTIVE
17861,1147,Savings,9774300,2027-03-29,SMG01,INACTIVE
17862,2003,Time Deposit,229689741,2026-12-19,YGY01,INACTIVE
17863,7488,Savings,16102557,2026-04-27,SBY01,INACTIVE
17864,8196,Time Deposit,655971572,2026-08-31,MDN01,INACTIVE
17865,8960,Savings,5718018,2026-08-08,BDG01,ACTIVE
17866,6479,Savings,9078953,2027-06-29,YGY01,INACTIVE
17867,5431,Savings,32889112,2026-07-28,SMG01,ACTIVE
17868,1657,Savings,33819296,2027-10-17,JKT01,INACTIVE
17869,1430,Time Deposit,1017288591,2027-02-06,YGY01,INACTIVE
17870,1023,Savings,15902139,2027-01-25,MDN01,ACTIVE
17871,8556,Savings,72091679,2027-05-01,MDN01,INACTIVE
17872,1487,Time Deposit,936993002,2026-05-10,MDN01,ACTIVE
17873,2740,Savings,42744865,2026-05-13,MDN01,ACTIVE
17874,3446,Time Deposit,1158335678,2026-06-09,SBY01,INACTIVE
17875,2113,Time Deposit,479794114,2026-07-07,SBY01,ACTIVE
17876,6225,Savings,11291185,2027-12-05,MDN01,INACTIVE
17877,6841,Time Deposit,826201324,2026-10-12,JKT01,INACTIVE
17878,1373,Time Deposit,493747473,2027-03-10,YGY01,INACTIVE
17879,7909,Savings,44182837,2027-06-11,JKT01,INACTIVE
17880,4803,Savings,27309093,2027-04-18,SBY01,ACTIVE
17881,535,Savings,6604718,2027-05-25,YGY01,ACTIVE
17882,158,Savings,32082320,2026-09-04,YGY01,INACTIVE
17883,6426,Savings,62196608,2027-07-27,SMG01,INACTIVE
17884,9170,Time Deposit,474462381,2026-05-02,JKT01,INACTIVE
17885,4599,Time Deposit,1138554887,2026-08-13,MDN01,ACTIVE
17886,7621,Time Deposit,390938606,2026-06-11,SMG01,INACTIVE
17887,2218,Time Deposit,1703749796,2026-10-26,BDG01,INACTIVE
17888,4028,Savings,197886409,2026-11-18,SBY01,INACTIVE
17889,8144,Time Deposit,1095700794,2026-12-19,MDN01,ACTIVE
17890,3077,Savings,24495934,2027-05-15,MDN01,INACTIVE
17891,7213,Savings,83063306,2027-12-17,BDG01,INACTIVE
17892,1930,Savings,56949660,2026-12-02,MDN01,INACTIVE
17893,7655,Time Deposit,1108248197,2026-11-19,MDN01,INACTIVE
17894,9536,Time Deposit,624497355,2026-07-27,MDN01,INACTIVE
17895,2860,Time Deposit,720680772,2027-01-10,JKT02,INACTIVE
17896,2059,Savings,21433869,2027-12-10,SBY01,INACTIVE
17897,7927,Savings,106356006,2027-10-12,JKT02,INACTIVE
17898,5861,Savings,26322446,2026-10-14,JKT02,INACTIVE
17899,2437,Time Deposit,662658842,2026-09-23,YGY01,ACTIVE
17900,7434,Time Deposit,662438907,2026-07-29,MDN01,ACTIVE
17901,4041,Savings,8567371,2027-01-03,MDN01,ACTIVE
17902,5351,Savings,97303737,2028-02-02,YGY01,INACTIVE
17903,3605,Time Deposit,917999560,2026-09-15,SBY01,ACTIVE
17904,7191,Savings,80344486,2027-01-05,SBY01,INACTIVE
17905,5616,Savings,150699320,2028-02-13,JKT01,ACTIVE
17906,8393,Savings,37301660,2027-05-22,YGY01,INACTIVE
17907,243,Savings,79087208,2026-05-30,SBY01,INACTIVE
17908,183,Time Deposit,647216968,2026-04-12,SMG01,ACTIVE
17909,9607,Savings,31282609,2026-10-12,JKT01,INACTIVE
17910,6868,Savings,36135095,2026-04-24,JKT02,INACTIVE
17911,753,Savings,23336820,2027-04-15,JKT01,INACTIVE
17912,5817,Time Deposit,421982193,2026-09-08,MDN01,INACTIVE
17913,2423,Time Deposit,1102586328,2026-11-25,SMG01,INACTIVE
17914,589,Time Deposit,1004873668,2026-06-14,MDN01,INACTIVE
17915,1935,Savings,7358362,2027-04-02,YGY01,INACTIVE
17916,1921,Savings,29840984,2026-06-08,BDG01,INACTIVE
17917,5096,Savings,23213109,2027-10-19,JKT01,INACTIVE
17918,2161,Savings,195884639,2026-09-05,YGY01,ACTIVE
17919,6381,Savings,84451392,2027-04-06,SMG01,INACTIVE
17920,4955,Time Deposit,729045930,2026-05-29,JKT01,INACTIVE
17921,8200,Savings,148860793,2027-04-14,SBY01,INACTIVE
17922,5411,Savings,204979912,2028-02-14,JKT01,INACTIVE
17923,185,Time Deposit,244077783,2026-07-30,JKT01,INACTIVE
17924,6237,Time Deposit,605180375,2026-09-08,BDG01,INACTIVE
17925,7594,Savings,205105250,2026-11-20,SMG01,INACTIVE
17926,5080,Time Deposit,1377625420,2026-09-09,MDN01,ACTIVE
17927,3920,Time Deposit,378043067,2026-12-17,JKT01,INACTIVE
17928,3443,Savings,31557000,2027-05-07,JKT02,INACTIVE
17929,6392,Savings,32517517,2027-06-08,SMG01,INACTIVE
17930,7926,Time Deposit,458706907,2026-07-14,SBY01,ACTIVE
17931,2511,Savings,168030638,2027-10-03,YGY01,INACTIVE
17932,8165,Time Deposit,590310989,2027-01-13,MDN01,INACTIVE
17933,3030,Savings,218090559,2028-03-18,SBY01,INACTIVE
17934,9597,Time Deposit,770196077,2026-12-16,JKT02,INACTIVE
17935,3926,Time Deposit,588251529,2027-02-17,JKT01,INACTIVE
17936,3913,Savings,23563429,2027-06-14,SBY01,ACTIVE
17937,3185,Savings,97548774,2027-06-08,JKT01,INACTIVE
17938,560,Savings,97667323,2026-10-16,JKT02,INACTIVE
17939,5404,Savings,12081343,2027-11-03,JKT01,INACTIVE
17940,1116,Savings,78487964,2027-04-27,BDG01,INACTIVE
17941,2118,Time Deposit,1304142646,2027-02-13,JKT02,INACTIVE
17942,2367,Savings,48508514,2026-10-26,SMG01,INACTIVE
17943,78,Savings,126258940,2026-12-23,SBY01,ACTIVE
17944,2250,Savings,137172995,2027-07-15,BDG01,INACTIVE
17945,9375,Savings,78530213,2028-02-21,BDG01,INACTIVE
17946,4982,Time Deposit,1010523217,2026-04-30,JKT01,INACTIVE
17947,2731,Savings,120913275,2028-03-14,YGY01,INACTIVE
17948,5586,Savings,7558925,2027-05-09,JKT01,INACTIVE
17949,5350,Time Deposit,250221889,2026-11-18,SBY01,ACTIVE
17950,2567,Savings,9469257,2027-10-17,YGY01,INACTIVE
17951,1421,Time Deposit,1058525964,2026-12-09,SBY01,ACTIVE
17952,7539,Savings,51119496,2027-06-04,JKT01,INACTIVE
17953,8218,Savings,21664198,2026-06-21,JKT02,ACTIVE
17954,3418,Savings,17556351,2026-09-01,YGY01,INACTIVE
17955,795,Time Deposit,616103046,2026-11-22,MDN01,INACTIVE
17956,6389,Savings,166408372,2028-03-04,MDN01,INACTIVE
17957,7062,Savings,98322320,2026-10-27,JKT01,ACTIVE
17958,1732,Time Deposit,762618225,2026-07-02,BDG01,ACTIVE
17959,5991,Savings,35747994,2026-08-14,SMG01,INACTIVE
17960,4319,Savings,17981983,2027-06-25,SMG01,INACTIVE
17961,9895,Savings,16769560,2027-02-05,SMG01,INACTIVE
17962,6313,Savings,9973592,2026-07-11,MDN01,ACTIVE
17963,2934,Time Deposit,274129985,2027-01-12,SMG01,ACTIVE
17964,8203,Savings,15532411,2026-06-13,YGY01,ACTIVE
17965,2371,Savings,18545253,2027-03-30,SBY01,ACTIVE
17966,6720,Savings,21874982,2027-01-17,SMG01,ACTIVE
17967,8294,Savings,25994627,2027-01-10,YGY01,INACTIVE
17968,2503,Time Deposit,571982580,2026-09-17,BDG01,INACTIVE
17969,8207,Savings,20938013,2027-10-08,JKT01,ACTIVE
17970,8363,Time Deposit,1304476390,2027-03-02,JKT02,INACTIVE
17971,6528,Savings,178174751,2027-10-20,YGY01,INACTIVE
17972,6225,Savings,17083839,2026-10-06,BDG01,INACTIVE
17973,6700,Time Deposit,838409058,2027-01-15,SBY01,INACTIVE
17974,7376,Time Deposit,818131781,2026-04-26,MDN01,INACTIVE
17975,5805,Savings,28788524,2027-07-04,YGY01,INACTIVE
17976,9620,Savings,77144101,2027-03-23,JKT02,ACTIVE
17977,9223,Savings,93328096,2028-02-18,JKT01,INACTIVE
17978,8055,Time Deposit,175848296,2027-02-08,SMG01,ACTIVE
17979,4783,Savings,172915188,2027-03-25,SMG01,INACTIVE
17980,3755,Savings,30478481,2027-08-26,YGY01,ACTIVE
17981,2571,Time Deposit,714907819,2026-09-24,JKT01,ACTIVE
17982,8894,Savings,83191946,2028-03-02,BDG01,ACTIVE
17983,4819,Savings,203062373,2027-10-10,SMG01,INACTIVE
17984,3402,Savings,31413381,2027-06-22,SBY01,INACTIVE
17985,2875,Savings,32141139,2027-02-20,JKT01,ACTIVE
17986,3017,Savings,17471325,2026-06-14,JKT02,INACTIVE
17987,6326,Time Deposit,632331786,2027-03-17,SBY01,INACTIVE
17988,2305,Time Deposit,468622728,2026-04-18,SMG01,ACTIVE
17989,7577,Savings,102503642,2026-12-04,JKT02,ACTIVE
17990,5013,Time Deposit,1161464703,2026-06-14,SMG01,INACTIVE
17991,3906,Savings,21856169,2027-07-04,MDN01,INACTIVE
17992,525,Time Deposit,561428209,2027-01-20,JKT02,INACTIVE
17993,8463,Savings,22031154,2027-10-07,MDN01,INACTIVE
17994,3733,Savings,30060060,2027-12-17,SBY01,INACTIVE
17995,8291,Savings,176436449,2026-06-19,SMG01,ACTIVE
17996,3366,Savings,70552894,2027-01-28,JKT01,INACTIVE
17997,3002,Savings,167814057,2026-08-26,MDN01,INACTIVE
17998,417,Time Deposit,957004647,2026-03-27,BDG01,ACTIVE
17999,2930,Time Deposit,817052415,2026-04-20,MDN01,INACTIVE
18000,3976,Savings,65095617,2026-06-06,YGY01,ACTIVE
18001,5297,Time Deposit,1230030665,2027-01-27,BDG01,INACTIVE
18002,67,Time Deposit,639085849,2026-09-18,SMG01,INACTIVE
18003,7000,Savings,42821856,2027-07-07,JKT01,INACTIVE
18004,3153,Savings,170182315,2026-10-07,BDG01,INACTIVE
18005,8521,Savings,59896628,2027-02-24,MDN01,INACTIVE
18006,7575,Savings,108144224,2026-09-17,SMG01,INACTIVE
18007,1118,Savings,18838343,2027-07-07,SMG01,ACTIVE
18008,1591,Savings,36403016,2027-09-30,MDN01,INACTIVE
18009,4638,Savings,118292236,2027-11-11,SBY01,INACTIVE
18010,8683,Savings,178657891,2028-02-17,JKT02,INACTIVE
18011,6191,Savings,186831847,2026-10-31,BDG01,INACTIVE
18012,7481,Savings,126121315,2026-07-18,YGY01,ACTIVE
18013,298,Time Deposit,1098764897,2026-12-24,MDN01,INACTIVE
18014,4831,Savings,8882961,2028-02-05,SMG01,INACTIVE
18015,3906,Savings,19635590,2028-02-20,JKT01,INACTIVE
18016,5698,Savings,41183832,2026-07-30,YGY01,ACTIVE
18017,166,Time Deposit,362126548,2026-06-29,JKT02,ACTIVE
18018,4795,Savings,72154300,2026-06-19,SBY01,INACTIVE
18019,3249,Time Deposit,558378686,2027-02-24,BDG01,ACTIVE
18020,105,Savings,103409292,2028-02-17,BDG01,INACTIVE
18021,5170,Savings,96681979,2026-04-29,SBY01,ACTIVE
18022,3397,Time Deposit,940751741,2027-01-26,SBY01,INACTIVE
18023,1083,Savings,127039468,2027-03-28,JKT02,ACTIVE
18024,6089,Savings,6029702,2027-11-21,JKT01,ACTIVE
18025,3672,Savings,19161872,2027-05-24,SMG01,INACTIVE
18026,1944,Savings,8476949,2027-06-06,BDG01,INACTIVE
18027,6447,Savings,19272705,2026-05-12,SBY01,ACTIVE
18028,2372,Time Deposit,1008703034,2026-12-08,SBY01,INACTIVE
18029,9186,Savings,40389230,2026-12-26,MDN01,INACTIVE
18030,193,Savings,24449882,2027-06-17,SMG01,ACTIVE
18031,9299,Time Deposit,631573231,2027-03-05,SMG01,INACTIVE
18032,1839,Savings,56428356,2028-02-07,BDG01,INACTIVE
18033,2447,Savings,99993368,2026-11-24,JKT01,INACTIVE
18034,970,Savings,34648348,2027-08-22,SMG01,INACTIVE
18035,8910,Time Deposit,1267116444,2026-08-22,BDG01,INACTIVE
18036,2988,Savings,15328248,2026-08-24,MDN01,ACTIVE
18037,9761,Time Deposit,600608735,2026-10-09,MDN01,INACTIVE
18038,4644,Savings,11066751,2027-06-13,SBY01,ACTIVE
18039,982,Savings,119063073,2028-01-05,MDN01,INACTIVE
18040,7655,Time Deposit,938119736,2027-03-01,SMG01,INACTIVE
18041,6993,Time Deposit,548032516,2026-09-18,JKT01,ACTIVE
18042,9736,Time Deposit,96600162,2026-06-21,SMG01,INACTIVE
18043,4189,Savings,14899639,2027-05-01,YGY01,INACTIVE
18044,2656,Time Deposit,684213574,2026-12-09,MDN01,INACTIVE
18045,3988,Time Deposit,725830234,2026-07-12,MDN01,ACTIVE
18046,5297,Time Deposit,1230063411,2027-02-12,JKT01,INACTIVE
18047,6323,Savings,16953062,2026-07-11,YGY01,ACTIVE
18048,2184,Time Deposit,1479815012,2026-12-18,YGY01,ACTIVE
18049,8289,Savings,188354808,2027-11-17,MDN01,INACTIVE
18050,7824,Savings,4806479,2028-01-31,SMG01,INACTIVE
18051,5320,Time Deposit,1012815864,2027-01-03,BDG01,INACTIVE
18052,9461,Time Deposit,469138841,2027-01-28,JKT02,INACTIVE
18053,3094,Savings,18503317,2027-08-27,BDG01,INACTIVE
18054,9763,Savings,82852484,2026-07-21,JKT01,INACTIVE
18055,7084,Savings,41386703,2027-05-03,BDG01,INACTIVE
18056,4291,Time Deposit,1969782262,2027-01-04,YGY01,ACTIVE
18057,3563,Savings,4846689,2027-12-26,JKT02,INACTIVE
18058,8546,Savings,9140560,2027-12-28,BDG01,ACTIVE
18059,6005,Savings,28977306,2027-12-16,BDG01,INACTIVE
18060,3075,Savings,73260872,2026-11-03,JKT01,ACTIVE
18061,2402,Savings,15877912,2026-11-25,JKT02,INACTIVE
18062,7465,Time Deposit,328300401,2026-12-14,YGY01,ACTIVE
18063,1883,Savings,12059907,2026-05-28,JKT02,INACTIVE
18064,3249,Time Deposit,1320096514,2026-09-26,MDN01,INACTIVE
18065,5040,Time Deposit,598926816,2026-12-22,JKT01,INACTIVE
18066,3844,Savings,73040619,2026-08-01,JKT02,INACTIVE
18067,359,Savings,11437943,2028-03-05,JKT02,INACTIVE
18068,4140,Time Deposit,676014526,2026-05-30,SMG01,INACTIVE
18069,4780,Time Deposit,1631029818,2026-06-28,MDN01,INACTIVE
18070,1145,Savings,87183979,2027-07-13,JKT02,ACTIVE
18071,4245,Savings,16203919,2027-04-20,MDN01,INACTIVE
18072,6205,Savings,8780212,2027-07-17,JKT01,INACTIVE
18073,9102,Savings,73108936,2027-10-28,JKT02,INACTIVE
18074,9694,Savings,40534611,2028-01-04,MDN01,INACTIVE
18075,5547,Time Deposit,599301952,2026-10-18,SMG01,INACTIVE
18076,568,Savings,25939968,2027-08-06,BDG01,INACTIVE
18077,127,Savings,48901182,2027-07-23,BDG01,ACTIVE
18078,2561,Time Deposit,639772925,2027-02-17,MDN01,INACTIVE
18079,3405,Savings,153346020,2026-09-16,SBY01,INACTIVE
18080,3619,Time Deposit,1076005645,2027-03-03,MDN01,ACTIVE
18081,6189,Savings,5598840,2027-11-15,SBY01,INACTIVE
18082,8032,Savings,6336199,2028-02-21,JKT02,INACTIVE
18083,8379,Savings,20569217,2027-02-04,SBY01,INACTIVE
18084,3313,Time Deposit,1440332196,2026-07-28,JKT02,INACTIVE
18085,2614,Savings,9508770,2026-08-29,MDN01,INACTIVE
18086,9398,Time Deposit,765606947,2027-01-16,BDG01,INACTIVE
18087,860,Savings,18111336,2026-07-26,MDN01,INACTIVE
18088,7613,Time Deposit,212154367,2026-12-25,YGY01,INACTIVE
18089,4034,Savings,16231603,2027-08-02,JKT01,INACTIVE
18090,5602,Time Deposit,436615818,2026-12-29,MDN01,ACTIVE
18091,2639,Time Deposit,832888186,2026-10-13,BDG01,INACTIVE
18092,1060,Savings,34937367,2026-10-11,YGY01,INACTIVE
18093,2407,Savings,9511030,2026-06-30,SBY01,ACTIVE
18094,7323,Savings,95804189,2027-07-03,YGY01,INACTIVE
18095,38,Savings,76558492,2027-01-23,BDG01,INACTIVE
18096,4029,Time Deposit,586519916,2026-06-10,JKT01,ACTIVE
18097,7809,Time Deposit,384177799,2026-08-19,JKT01,ACTIVE
18098,2942,Time Deposit,305140787,2026-08-05,BDG01,INACTIVE
18099,2723,Savings,137285701,2027-02-05,JKT02,INACTIVE
18100,44,Savings,16519738,2026-06-29,MDN01,INACTIVE
18101,3826,Time Deposit,518931276,2026-07-31,JKT02,INACTIVE
18102,7970,Savings,30139246,2026-11-25,SBY01,INACTIVE
18103,6497,Savings,110772172,2026-11-07,SBY01,INACTIVE
18104,4262,Savings,132385964,2028-01-18,SMG01,ACTIVE
18105,8189,Savings,16135305,2028-02-05,SMG01,INACTIVE
18106,1106,Savings,12785184,2026-10-04,JKT01,INACTIVE
18107,3522,Savings,95757439,2027-08-18,JKT01,INACTIVE
18108,7016,Savings,9620398,2026-07-19,SBY01,INACTIVE
18109,1299,Time Deposit,281947557,2026-06-09,MDN01,INACTIVE
18110,1038,Time Deposit,822918102,2026-05-13,MDN01,INACTIVE
18111,5201,Savings,10886954,2026-10-09,YGY01,INACTIVE
18112,863,Savings,5191609,2026-07-05,SMG01,INACTIVE
18113,5809,Savings,27178134,2026-08-06,SBY01,INACTIVE
18114,1098,Savings,38202911,2027-03-19,YGY01,ACTIVE
18115,5513,Savings,30564501,2027-06-11,JKT02,INACTIVE
18116,8710,Savings,32670531,2027-06-27,JKT02,INACTIVE
18117,2041,Savings,98612527,2026-07-13,JKT01,ACTIVE
18118,2615,Savings,12687625,2027-01-28,JKT02,INACTIVE
18119,1137,Time Deposit,74959237,2026-06-17,JKT02,INACTIVE
18120,4066,Savings,57480792,2026-09-28,SBY01,INACTIVE
18121,8007,Time Deposit,920897620,2026-05-29,JKT02,ACTIVE
18122,1518,Time Deposit,95182070,2026-11-07,SBY01,INACTIVE
18123,1971,Time Deposit,1070792183,2026-04-15,SMG01,INACTIVE
18124,311,Time Deposit,977334985,2026-08-21,SMG01,ACTIVE
18125,89,Time Deposit,503601508,2026-10-03,JKT02,INACTIVE
18126,7394,Time Deposit,894580563,2026-11-09,MDN01,INACTIVE
18127,1924,Time Deposit,1698251960,2026-08-11,JKT02,INACTIVE
18128,4857,Time Deposit,203499378,2026-08-22,JKT02,INACTIVE
18129,4572,Savings,32849592,2026-08-30,JKT01,INACTIVE
18130,2431,Savings,21727650,2027-04-22,JKT02,INACTIVE
18131,1186,Savings,32817257,2028-01-19,JKT01,ACTIVE
18132,3699,Savings,9565400,2027-03-12,SMG01,INACTIVE
18133,7941,Savings,9615585,2027-10-31,SBY01,INACTIVE
18134,5129,Time Deposit,1134902226,2026-10-18,SMG01,INACTIVE
18135,3996,Savings,122440377,2027-08-05,JKT01,ACTIVE
18136,9516,Savings,47327704,2026-11-18,SBY01,INACTIVE
18137,5325,Time Deposit,475883300,2026-11-25,BDG01,INACTIVE
18138,7728,Time Deposit,666813417,2026-08-20,SMG01,INACTIVE
18139,6471,Savings,107350277,2027-05-07,MDN01,INACTIVE
18140,1392,Savings,156741990,2026-08-09,BDG01,INACTIVE
18141,9197,Time Deposit,934905822,2026-05-06,JKT01,ACTIVE
18142,9777,Time Deposit,222051158,2026-11-18,JKT02,INACTIVE
18143,3256,Savings,17609777,2027-09-03,JKT01,INACTIVE
18144,5829,Savings,43346021,2027-12-09,SMG01,INACTIVE
18145,8558,Savings,45828234,2027-04-11,MDN01,INACTIVE
18146,258,Time Deposit,603024682,2026-10-08,JKT01,INACTIVE
18147,1295,Savings,120907134,2027-08-29,JKT02,INACTIVE
18148,8674,Time Deposit,258882498,2026-09-17,SBY01,INACTIVE
18149,1340,Savings,35427955,2026-08-21,MDN01,INACTIVE
18150,3074,Savings,195252385,2027-02-02,MDN01,INACTIVE
18151,6645,Savings,13665422,2027-10-12,JKT01,INACTIVE
18152,9168,Time Deposit,477386011,2026-04-12,JKT02,INACTIVE
18153,4897,Savings,42857122,2027-09-16,SMG01,INACTIVE
18154,4417,Savings,218555053,2028-02-24,SBY01,INACTIVE
18155,2244,Savings,20773525,2027-01-23,SMG01,INACTIVE
18156,3530,Savings,178456073,2026-11-21,SMG01,INACTIVE
18157,5846,Time Deposit,300722410,2026-06-25,JKT02,ACTIVE
18158,2726,Time Deposit,468727447,2026-07-28,JKT02,ACTIVE
18159,305,Time Deposit,970893877,2026-11-30,JKT01,INACTIVE
18160,6251,Time Deposit,216950845,2027-02-21,SBY01,INACTIVE
18161,3931,Time Deposit,1280910265,2026-08-20,SBY01,ACTIVE
18162,8515,Savings,27798371,2028-01-05,YGY01,INACTIVE
18163,4867,Savings,39129357,2026-10-25,MDN01,INACTIVE
18164,9700,Savings,44742251,2028-02-20,MDN01,ACTIVE
18165,6329,Savings,31442431,2026-08-24,JKT01,INACTIVE
18166,8509,Savings,14406968,2027-12-11,SMG01,INACTIVE
18167,866,Savings,49564705,2027-08-31,JKT02,INACTIVE
18168,1938,Savings,40418313,2028-02-10,JKT01,INACTIVE
18169,9588,Time Deposit,1597721977,2026-06-04,JKT02,ACTIVE
18170,7357,Time Deposit,1212660014,2026-08-30,BDG01,INACTIVE
18171,4986,Time Deposit,1149820800,2026-09-07,JKT02,INACTIVE
18172,7420,Time Deposit,145171022,2027-03-05,JKT02,ACTIVE
18173,6569,Savings,13099028,2026-09-21,JKT02,INACTIVE
18174,4832,Savings,33782119,2027-03-22,SBY01,INACTIVE
18175,40,Time Deposit,1188947865,2026-11-30,JKT02,INACTIVE
18176,2011,Savings,48109054,2028-02-11,MDN01,INACTIVE
18177,1098,Savings,87906539,2026-05-15,JKT02,INACTIVE
18178,7048,Savings,14044193,2027-09-20,JKT02,INACTIVE
18179,8570,Savings,2726096,2027-01-30,SBY01,INACTIVE
18180,5853,Time Deposit,930428121,2026-07-17,BDG01,ACTIVE
18181,631,Time Deposit,737579506,2026-06-01,YGY01,ACTIVE
18182,9877,Savings,22050663,2026-09-23,BDG01,INACTIVE
18183,9200,Time Deposit,355953263,2026-08-16,JKT02,INACTIVE
18184,6218,Time Deposit,750483604,2026-06-13,YGY01,INACTIVE
18185,6501,Time Deposit,645247594,2026-11-20,YGY01,ACTIVE
18186,389,Time Deposit,1052480092,2026-11-13,JKT01,INACTIVE
18187,680,Savings,28173602,2027-06-11,JKT02,ACTIVE
18188,9757,Savings,22779520,2027-10-28,JKT02,INACTIVE
18189,8257,Savings,18322609,2027-08-04,MDN01,ACTIVE
18190,8296,Time Deposit,326046539,2026-06-03,SBY01,INACTIVE
18191,3051,Savings,23565746,2027-02-12,JKT02,INACTIVE
18192,8229,Savings,7900592,2026-08-02,YGY01,INACTIVE
18193,1847,Time Deposit,829470865,2026-06-12,JKT01,INACTIVE
18194,3178,Time Deposit,590481232,2027-03-13,SMG01,INACTIVE
18195,8390,Time Deposit,160782109,2026-05-25,JKT02,INACTIVE
18196,722,Savings,37885885,2027-11-16,JKT01,INACTIVE
18197,5263,Savings,59799430,2026-05-27,SBY01,INACTIVE
18198,9064,Time Deposit,470194721,2026-04-29,JKT01,INACTIVE
18199,6130,Savings,18650649,2026-11-02,YGY01,ACTIVE
18200,874,Time Deposit,762794946,2026-12-08,JKT02,INACTIVE
18201,3435,Savings,108918492,2026-11-09,JKT02,INACTIVE
18202,9482,Time Deposit,372680058,2026-09-06,MDN01,INACTIVE
18203,6095,Savings,28753821,2026-10-11,JKT01,INACTIVE
18204,2100,Time Deposit,309938796,2027-03-08,SBY01,INACTIVE
18205,137,Savings,49361985,2027-02-12,JKT01,INACTIVE
18206,4788,Savings,52721555,2026-08-20,SBY01,INACTIVE
18207,7008,Time Deposit,609450477,2026-04-13,JKT01,ACTIVE
18208,9086,Savings,90459138,2027-10-02,JKT02,ACTIVE
18209,2045,Savings,100258993,2027-11-23,SMG01,INACTIVE
18210,5952,Time Deposit,877206469,2026-12-03,MDN01,INACTIVE
18211,8774,Savings,13438550,2026-04-27,SMG01,ACTIVE
18212,8823,Savings,29286493,2028-02-08,BDG01,ACTIVE
18213,2110,Time Deposit,1409364578,2026-10-09,JKT02,INACTIVE
18214,7937,Savings,114414401,2027-07-13,JKT02,INACTIVE
18215,8251,Time Deposit,447713516,2026-06-06,SMG01,INACTIVE
18216,5116,Savings,57559681,2027-01-26,BDG01,INACTIVE
18217,1615,Savings,211012412,2027-06-22,JKT01,INACTIVE
18218,6337,Time Deposit,423454921,2026-07-13,JKT02,INACTIVE
18219,1845,Time Deposit,894846783,2026-09-11,YGY01,ACTIVE
18220,1771,Savings,38296654,2027-11-23,YGY01,INACTIVE
18221,6901,Savings,22987570,2027-08-06,JKT02,ACTIVE
18222,9002,Savings,18276698,2027-07-15,JKT01,INACTIVE
18223,9590,Savings,65209225,2026-05-30,MDN01,ACTIVE
18224,4616,Time Deposit,1352535088,2027-01-28,YGY01,INACTIVE
18225,8137,Savings,18725657,2026-08-07,MDN01,INACTIVE
18226,271,Savings,192786430,2027-01-03,MDN01,ACTIVE
18227,5230,Time Deposit,904223514,2026-05-26,JKT01,INACTIVE
18228,3466,Savings,133409068,2027-02-10,YGY01,ACTIVE
18229,4514,Savings,53589210,2027-11-30,BDG01,INACTIVE
18230,5391,Savings,19740575,2027-12-05,BDG01,INACTIVE
18231,774,Savings,16750214,2026-10-19,YGY01,INACTIVE
18232,8929,Time Deposit,640252584,2026-12-29,JKT01,INACTIVE
18233,2404,Time Deposit,751705234,2026-10-26,SBY01,INACTIVE
18234,445,Time Deposit,265132510,2026-05-15,SMG01,INACTIVE
18235,8940,Savings,181761586,2027-10-04,SBY01,INACTIVE
18236,5707,Time Deposit,605020685,2026-07-06,YGY01,ACTIVE
18237,9738,Savings,55502990,2027-01-20,MDN01,INACTIVE
18238,7977,Savings,25878320,2026-05-31,JKT02,INACTIVE
18239,150,Time Deposit,470626930,2026-07-23,SMG01,INACTIVE
18240,1389,Savings,20692632,2027-07-23,JKT01,INACTIVE
18241,5116,Savings,83688354,2026-12-21,JKT01,INACTIVE
18242,1679,Savings,96709020,2027-06-29,SMG01,ACTIVE
18243,7550,Time Deposit,789795787,2026-09-24,BDG01,INACTIVE
18244,9618,Savings,131994462,2026-08-14,MDN01,INACTIVE
18245,6612,Savings,35753821,2028-01-11,YGY01,ACTIVE
18246,3776,Time Deposit,530570887,2026-06-17,SBY01,INACTIVE
18247,6877,Savings,79105197,2026-08-22,MDN01,ACTIVE
18248,2037,Time Deposit,236121724,2027-03-01,MDN01,INACTIVE
18249,7452,Savings,197918253,2027-07-28,BDG01,INACTIVE
18250,7846,Time Deposit,459820935,2026-05-16,BDG01,ACTIVE
18251,2108,Savings,123309143,2026-09-18,SBY01,INACTIVE
18252,2173,Time Deposit,1028347410,2026-08-07,JKT01,INACTIVE
18253,3174,Time Deposit,264374614,2026-05-15,JKT01,INACTIVE
18254,6116,Savings,27731497,2026-07-29,SMG01,ACTIVE
18255,4384,Time Deposit,743678205,2026-12-13,SBY01,INACTIVE
18256,6400,Time Deposit,726537653,2026-11-26,BDG01,INACTIVE
18257,8020,Savings,67778653,2026-07-24,JKT02,INACTIVE
18258,5966,Time Deposit,964493875,2026-04-09,BDG01,INACTIVE
18259,3292,Savings,83887313,2027-07-19,JKT01,INACTIVE
18260,1826,Savings,8117663,2026-05-10,JKT01,INACTIVE
18261,887,Savings,9160468,2026-12-31,SBY01,INACTIVE
18262,1554,Time Deposit,142939293,2026-06-01,JKT02,ACTIVE
18263,6531,Savings,143464726,2027-04-20,JKT02,INACTIVE
18264,5461,Savings,4427090,2026-05-22,SMG01,ACTIVE
18265,589,Time Deposit,728397988,2027-02-24,BDG01,INACTIVE
18266,2204,Savings,11434351,2027-07-29,SMG01,INACTIVE
18267,3157,Savings,69552661,2026-09-24,JKT02,INACTIVE
18268,717,Savings,21398166,2027-02-12,MDN01,ACTIVE
18269,2618,Time Deposit,348790234,2026-12-17,YGY01,INACTIVE
18270,9514,Savings,21569307,2026-11-04,SBY01,INACTIVE
18271,3454,Time Deposit,508235671,2026-04-21,YGY01,INACTIVE
18272,8196,Time Deposit,1487719493,2027-01-02,JKT01,ACTIVE
18273,7704,Time Deposit,491499589,2026-10-05,JKT02,INACTIVE
18274,2779,Savings,23397619,2026-05-08,JKT01,INACTIVE
18275,8838,Savings,6917234,2027-04-26,MDN01,ACTIVE
18276,4521,Time Deposit,1889508190,2026-05-18,JKT02,ACTIVE
18277,5849,Savings,36170213,2027-04-17,BDG01,INACTIVE
18278,4570,Time Deposit,1100479609,2026-08-08,JKT01,ACTIVE
18279,3408,Time Deposit,608036244,2026-09-22,BDG01,INACTIVE
18280,1245,Time Deposit,517273118,2027-02-27,MDN01,INACTIVE
18281,6768,Time Deposit,1088978653,2027-03-08,SMG01,INACTIVE
18282,6613,Time Deposit,529211253,2026-07-09,SMG01,INACTIVE
18283,6335,Savings,13325624,2026-06-12,JKT01,INACTIVE
18284,4268,Time Deposit,1908371490,2026-12-25,MDN01,INACTIVE
18285,1433,Time Deposit,735118913,2026-11-03,MDN01,INACTIVE
18286,2320,Savings,21408817,2027-06-06,JKT02,INACTIVE
18287,3010,Savings,31830767,2027-06-15,MDN01,INACTIVE
18288,2291,Savings,10560696,2026-05-06,SMG01,INACTIVE
18289,5860,Time Deposit,758822846,2027-01-20,BDG01,INACTIVE
18290,3481,Savings,29366889,2026-11-15,SMG01,INACTIVE
18291,9803,Time Deposit,666866868,2026-04-14,JKT01,INACTIVE
18292,7974,Time Deposit,247746572,2026-09-24,JKT02,INACTIVE
18293,6664,Savings,214362269,2026-06-15,BDG01,INACTIVE
18294,9526,Savings,31312572,2027-08-10,BDG01,ACTIVE
18295,3374,Savings,25101459,2026-09-20,JKT01,ACTIVE
18296,5212,Savings,7992862,2027-11-18,MDN01,ACTIVE
18297,1677,Time Deposit,789078874,2026-08-31,JKT01,INACTIVE
18298,9027,Time Deposit,294410486,2026-10-29,SBY01,INACTIVE
18299,3234,Savings,43689757,2027-05-11,BDG01,INACTIVE
18300,8636,Savings,49344966,2026-10-31,JKT01,INACTIVE
18301,2189,Savings,18827401,2026-05-02,JKT02,INACTIVE
18302,6062,Savings,31831621,2026-11-13,BDG01,INACTIVE
18303,8058,Savings,66829865,2028-01-05,SBY01,INACTIVE
18304,7425,Time Deposit,1296343704,2026-08-05,SMG01,INACTIVE
18305,4835,Savings,30024005,2027-03-06,BDG01,INACTIVE
18306,3277,Savings,129841713,2027-07-05,YGY01,INACTIVE
18307,1131,Time Deposit,730027240,2026-05-06,YGY01,INACTIVE
18308,3785,Savings,23728025,2028-02-19,YGY01,ACTIVE
18309,9141,Savings,59004229,2027-12-07,SBY01,INACTIVE
18310,6694,Savings,6077661,2027-07-20,SMG01,INACTIVE
18311,6015,Savings,80178621,2026-04-26,BDG01,INACTIVE
18312,3137,Time Deposit,521647462,2026-05-03,SMG01,INACTIVE
18313,1621,Savings,54024034,2028-01-19,BDG01,INACTIVE
18314,8531,Savings,60925230,2026-07-02,JKT02,INACTIVE
18315,1711,Time Deposit,686827753,2027-02-14,SBY01,INACTIVE
18316,7792,Time Deposit,720917310,2026-08-08,JKT02,INACTIVE
18317,183,Time Deposit,547173068,2026-05-07,YGY01,INACTIVE
18318,8137,Time Deposit,648572759,2027-03-01,SBY01,INACTIVE
18319,2900,Savings,16027361,2027-09-30,SBY01,INACTIVE
18320,5929,Time Deposit,1109085565,2026-07-05,YGY01,INACTIVE
18321,9963,Savings,93811815,2027-11-06,SMG01,INACTIVE
18322,2621,Time Deposit,569390418,2026-07-19,SBY01,INACTIVE
18323,1567,Time Deposit,783106531,2026-06-23,JKT02,INACTIVE
18324,7634,Savings,27598115,2027-04-19,JKT02,INACTIVE
18325,9267,Savings,91566112,2027-07-09,JKT01,INACTIVE
18326,5947,Savings,108849693,2026-09-24,JKT01,INACTIVE
18327,7637,Time Deposit,635548770,2026-12-10,JKT02,INACTIVE
18328,6300,Time Deposit,1124821950,2027-03-08,SMG01,ACTIVE
18329,4136,Time Deposit,226146991,2026-11-04,SMG01,INACTIVE
18330,8178,Savings,4190029,2028-01-07,MDN01,INACTIVE
18331,8469,Savings,80533244,2027-09-10,BDG01,INACTIVE
18332,5369,Savings,95405970,2027-08-15,JKT02,ACTIVE
18333,4660,Savings,8691103,2026-11-03,JKT02,INACTIVE
18334,2414,Savings,76757096,2027-10-20,SMG01,ACTIVE
18335,1722,Savings,167687679,2027-10-14,JKT02,INACTIVE
18336,1423,Time Deposit,308608432,2027-02-16,YGY01,INACTIVE
18337,9438,Savings,16335072,2027-08-18,JKT02,INACTIVE
18338,2067,Time Deposit,526381984,2026-09-17,SBY01,ACTIVE
18339,3033,Time Deposit,1384897745,2026-06-22,JKT01,INACTIVE
18340,5566,Time Deposit,1055440481,2026-09-14,MDN01,INACTIVE
18341,7545,Savings,5321627,2026-09-29,BDG01,INACTIVE
18342,2972,Savings,10519207,2027-06-22,JKT02,INACTIVE
18343,2091,Savings,139940079,2026-05-29,JKT02,INACTIVE
18344,8349,Savings,26503450,2026-11-04,MDN01,ACTIVE
18345,1873,Savings,24984947,2027-08-23,SBY01,INACTIVE
18346,1404,Savings,23924518,2028-01-31,JKT01,INACTIVE
18347,3375,Time Deposit,808124424,2026-06-23,SBY01,INACTIVE
18348,6155,Savings,65177467,2027-09-21,SMG01,INACTIVE
18349,1456,Time Deposit,488492725,2026-06-17,JKT02,INACTIVE
18350,5013,Time Deposit,880873647,2026-12-29,SMG01,INACTIVE
18351,2426,Savings,72002443,2028-03-20,JKT02,ACTIVE
18352,250,Savings,133446643,2026-10-20,MDN01,INACTIVE
18353,5582,Savings,158553118,2026-08-28,SMG01,INACTIVE
18354,3721,Savings,22485679,2026-04-30,SBY01,INACTIVE
18355,4581,Savings,25525527,2026-11-05,JKT02,INACTIVE
18356,1649,Savings,118730375,2027-10-23,SBY01,ACTIVE
18357,7169,Savings,8098905,2026-12-18,JKT02,INACTIVE
18358,1017,Time Deposit,504501050,2026-07-10,JKT01,INACTIVE
18359,7066,Time Deposit,381054136,2026-08-30,BDG01,INACTIVE
18360,5913,Time Deposit,289720262,2026-06-03,SMG01,ACTIVE
18361,8936,Savings,18784896,2028-01-21,SBY01,INACTIVE
18362,8181,Savings,91551378,2027-09-03,JKT02,INACTIVE
18363,7357,Time Deposit,1086880142,2026-05-31,JKT02,ACTIVE
18364,9278,Time Deposit,610123313,2027-03-23,BDG01,ACTIVE
18365,7432,Savings,130499195,2026-06-21,SMG01,INACTIVE
18366,3553,Time Deposit,462092260,2026-10-22,JKT01,INACTIVE
18367,1207,Time Deposit,377866352,2026-06-21,BDG01,ACTIVE
18368,8919,Savings,61513566,2026-06-05,JKT02,INACTIVE
18369,3650,Time Deposit,504568052,2027-03-01,BDG01,INACTIVE
18370,8253,Savings,24318743,2026-10-26,BDG01,INACTIVE
18371,6990,Savings,101734909,2027-12-06,SMG01,ACTIVE
18372,380,Time Deposit,1504690750,2026-07-08,JKT02,INACTIVE
18373,6002,Time Deposit,348819361,2026-08-23,SMG01,INACTIVE
18374,5980,Savings,6985579,2028-02-17,JKT02,INACTIVE
18375,9918,Savings,72933397,2026-04-27,SMG01,INACTIVE
18376,6509,Savings,8803074,2026-10-08,MDN01,ACTIVE
18377,6662,Savings,42763528,2026-07-21,BDG01,INACTIVE
18378,2702,Time Deposit,686781896,2026-04-14,YGY01,INACTIVE
18379,895,Time Deposit,190891039,2026-05-27,JKT01,INACTIVE
18380,7247,Time Deposit,1041459551,2026-06-05,JKT02,INACTIVE
18381,7014,Savings,76653869,2028-01-22,JKT01,INACTIVE
18382,3752,Savings,12211658,2026-11-24,SBY01,INACTIVE
18383,7505,Time Deposit,1254831082,2027-03-22,MDN01,INACTIVE
18384,1130,Time Deposit,986299220,2026-12-10,SMG01,INACTIVE
18385,7767,Time Deposit,631949275,2026-04-07,JKT01,INACTIVE
18386,6858,Time Deposit,636517832,2026-11-15,SBY01,INACTIVE
18387,2083,Time Deposit,1111123675,2026-06-11,BDG01,INACTIVE
18388,3379,Time Deposit,796776247,2026-06-25,SBY01,INACTIVE
18389,5961,Time Deposit,728265507,2026-11-11,BDG01,INACTIVE
18390,5403,Savings,163160443,2027-02-06,SBY01,ACTIVE
18391,9106,Time Deposit,685016859,2026-08-30,BDG01,INACTIVE
18392,6222,Time Deposit,601720535,2026-07-01,SMG01,INACTIVE
18393,3555,Savings,63190969,2026-12-22,JKT02,INACTIVE
18394,5088,Time Deposit,1439058145,2026-06-29,YGY01,INACTIVE
18395,5467,Savings,162606690,2027-05-27,JKT01,INACTIVE
18396,9085,Time Deposit,1684581235,2026-05-29,MDN01,ACTIVE
18397,3575,Time Deposit,646495898,2026-10-12,JKT01,ACTIVE
18398,4449,Time Deposit,1109041089,2027-03-22,SBY01,INACTIVE
18399,385,Time Deposit,447259004,2026-05-16,JKT02,INACTIVE
18400,5704,Savings,32389047,2027-02-13,JKT02,ACTIVE
18401,5411,Savings,161495701,2027-09-11,BDG01,ACTIVE
18402,8189,Savings,63185573,2026-11-23,SBY01,INACTIVE
18403,2235,Time Deposit,1360030937,2026-08-29,SBY01,INACTIVE
18404,776,Savings,15235007,2028-01-08,BDG01,ACTIVE
18405,7627,Savings,31121503,2027-08-07,SBY01,INACTIVE
18406,7334,Savings,36980145,2027-05-28,SMG01,ACTIVE
18407,1875,Time Deposit,1572285395,2026-10-01,JKT01,ACTIVE
18408,6104,Time Deposit,1550426499,2027-01-27,YGY01,ACTIVE
18409,1370,Savings,16510701,2027-01-26,MDN01,ACTIVE
18410,5990,Time Deposit,216584036,2026-09-13,JKT02,INACTIVE
18411,708,Time Deposit,1072639558,2026-12-24,SBY01,INACTIVE
18412,8894,Time Deposit,525425938,2026-10-08,MDN01,INACTIVE
18413,5715,Savings,20156285,2027-11-13,BDG01,INACTIVE
18414,3836,Savings,35928236,2027-03-24,BDG01,INACTIVE
18415,8794,Time Deposit,1559030808,2026-06-21,SMG01,INACTIVE
18416,2059,Savings,16496822,2028-02-10,JKT02,INACTIVE
18417,172,Savings,29960952,2026-07-29,YGY01,ACTIVE
18418,5977,Time Deposit,345158593,2026-05-23,JKT02,INACTIVE
18419,9474,Savings,27771979,2027-03-15,SMG01,INACTIVE
18420,187,Time Deposit,1089992868,2026-05-03,SBY01,INACTIVE
18421,2980,Savings,81241836,2027-12-02,MDN01,INACTIVE
18422,7453,Time Deposit,925452472,2026-05-24,SMG01,INACTIVE
18423,3071,Savings,35520527,2026-10-01,YGY01,ACTIVE
18424,7394,Time Deposit,1323149576,2027-02-05,SBY01,INACTIVE
18425,5599,Savings,118647220,2026-07-04,SBY01,ACTIVE
18426,8167,Time Deposit,502445153,2026-07-06,BDG01,INACTIVE
18427,5688,Savings,20237883,2027-07-18,MDN01,INACTIVE
18428,7995,Savings,61985266,2027-04-24,SBY01,ACTIVE
18429,1479,Savings,107909735,2027-07-12,MDN01,INACTIVE
18430,8762,Savings,29717737,2027-08-11,YGY01,INACTIVE
18431,6429,Savings,163162514,2026-09-05,JKT01,INACTIVE
18432,2162,Savings,5682457,2026-10-10,BDG01,ACTIVE
18433,7721,Savings,27978686,2027-09-19,BDG01,ACTIVE
18434,6006,Savings,38870354,2026-11-29,YGY01,INACTIVE
18435,6332,Savings,28768248,2028-02-21,MDN01,INACTIVE
18436,3194,Time Deposit,405131369,2027-03-06,SBY01,INACTIVE
18437,7944,Time Deposit,607178189,2026-11-24,JKT01,INACTIVE
18438,1159,Savings,30623982,2028-02-09,MDN01,INACTIVE
18439,8642,Time Deposit,267066797,2027-01-11,BDG01,INACTIVE
18440,4452,Savings,53756848,2026-06-19,MDN01,INACTIVE
18441,2088,Savings,165161740,2026-12-18,YGY01,ACTIVE
18442,9549,Savings,6102383,2027-10-16,JKT02,INACTIVE
18443,9551,Time Deposit,925423757,2027-01-31,YGY01,INACTIVE
18444,2653,Time Deposit,475559273,2026-07-23,JKT01,ACTIVE
18445,2900,Savings,13452106,2026-09-17,BDG01,ACTIVE
18446,4790,Savings,225159271,2027-05-31,JKT02,ACTIVE
18447,715,Time Deposit,378815960,2026-12-18,BDG01,ACTIVE
18448,6645,Time Deposit,562495054,2026-10-12,SBY01,INACTIVE
18449,761,Savings,21648569,2026-09-13,MDN01,ACTIVE
18450,271,Savings,92154917,2026-04-30,JKT01,INACTIVE
18451,8693,Savings,5373212,2026-10-30,MDN01,INACTIVE
18452,4037,Savings,26163322,2026-12-13,YGY01,INACTIVE
18453,7584,Savings,36756316,2026-11-06,MDN01,INACTIVE
18454,7345,Savings,6494241,2027-11-22,MDN01,INACTIVE
18455,9716,Savings,72736247,2027-03-04,SMG01,INACTIVE
18456,1502,Savings,44200392,2026-08-08,YGY01,INACTIVE
18457,9744,Time Deposit,895853703,2026-12-30,JKT01,ACTIVE
18458,3117,Savings,17235702,2027-02-03,SMG01,INACTIVE
18459,6486,Savings,103404759,2028-02-06,BDG01,INACTIVE
18460,5232,Time Deposit,640248179,2026-06-23,SMG01,ACTIVE
18461,491,Savings,43048599,2027-04-29,MDN01,INACTIVE
18462,5308,Savings,33982385,2026-09-07,JKT02,INACTIVE
18463,7873,Savings,43608669,2027-12-04,SMG01,INACTIVE
18464,6080,Savings,9951530,2026-07-16,JKT01,INACTIVE
18465,7816,Savings,27838724,2026-06-04,SBY01,INACTIVE
18466,2645,Savings,28768092,2027-11-14,SBY01,INACTIVE
18467,3911,Savings,71905680,2026-05-03,SBY01,ACTIVE
18468,5013,Savings,118687262,2026-07-09,BDG01,INACTIVE
18469,9849,Savings,13654416,2027-12-31,BDG01,INACTIVE
18470,5592,Savings,59307972,2026-08-26,SBY01,ACTIVE
18471,9309,Savings,138656448,2027-07-17,SMG01,INACTIVE
18472,7974,Savings,14932036,2028-01-03,YGY01,INACTIVE
18473,5447,Time Deposit,1927121987,2026-11-03,SMG01,INACTIVE
18474,4298,Time Deposit,1011726071,2026-06-24,JKT02,INACTIVE
18475,9366,Time Deposit,602269514,2026-12-20,MDN01,INACTIVE
18476,1931,Savings,30660830,2026-05-15,SMG01,INACTIVE
18477,744,Time Deposit,562414901,2026-05-24,SBY01,ACTIVE
18478,1170,Time Deposit,820478103,2027-02-09,MDN01,ACTIVE
18479,2849,Savings,11022179,2027-11-23,SMG01,ACTIVE
18480,1008,Time Deposit,588410725,2026-08-04,MDN01,INACTIVE
18481,4864,Savings,14581313,2027-07-10,SMG01,INACTIVE
18482,6445,Time Deposit,723867563,2027-01-27,JKT02,ACTIVE
18483,7418,Time Deposit,1117054341,2026-04-18,YGY01,INACTIVE
18484,9928,Time Deposit,287837912,2026-06-23,JKT02,INACTIVE
18485,1559,Savings,76314925,2028-02-13,SMG01,INACTIVE
18486,2005,Time Deposit,302883732,2026-05-25,MDN01,INACTIVE
18487,764,Time Deposit,135600869,2026-05-17,YGY01,INACTIVE
18488,1544,Savings,25625943,2027-06-19,MDN01,INACTIVE
18489,7990,Savings,213226218,2027-03-23,YGY01,ACTIVE
18490,714,Savings,71093514,2026-10-23,SMG01,INACTIVE
18491,3031,Time Deposit,965849036,2026-04-21,MDN01,INACTIVE
18492,7025,Savings,5938352,2026-05-16,YGY01,ACTIVE
18493,5042,Time Deposit,755327766,2026-09-04,SMG01,INACTIVE
18494,6265,Time Deposit,1331276384,2026-09-13,JKT01,INACTIVE
18495,3750,Savings,30416640,2026-07-11,SBY01,INACTIVE
18496,8294,Savings,7462679,2027-10-08,JKT01,INACTIVE
18497,9555,Time Deposit,687308915,2026-07-04,JKT01,INACTIVE
18498,3460,Time Deposit,321217420,2026-06-20,YGY01,INACTIVE
18499,2752,Savings,14617505,2027-04-04,BDG01,INACTIVE
18500,6241,Savings,95103380,2027-11-25,SBY01,ACTIVE
18501,8614,Time Deposit,1843633688,2026-09-21,MDN01,ACTIVE
18502,5178,Time Deposit,1373784299,2026-07-31,SMG01,ACTIVE
18503,4167,Savings,25214185,2027-07-12,SMG01,INACTIVE
18504,7444,Time Deposit,604363220,2026-04-28,MDN01,INACTIVE
18505,8238,Savings,25481241,2026-11-07,SMG01,INACTIVE
18506,3390,Time Deposit,356657758,2026-11-12,SBY01,ACTIVE
18507,8035,Savings,35198469,2026-07-13,SBY01,INACTIVE
18508,246,Time Deposit,1655669640,2026-12-12,JKT02,INACTIVE
18509,4902,Time Deposit,357938513,2026-11-03,MDN01,INACTIVE
18510,2270,Savings,89962683,2027-06-24,JKT02,ACTIVE
18511,797,Time Deposit,980445140,2026-10-08,SMG01,INACTIVE
18512,920,Time Deposit,225353950,2026-12-08,BDG01,ACTIVE
18513,2173,Savings,143326622,2026-08-10,JKT02,INACTIVE
18514,6146,Savings,205798254,2028-03-12,SMG01,INACTIVE
18515,9415,Savings,43618051,2027-07-06,JKT01,INACTIVE
18516,9280,Time Deposit,162114287,2026-06-25,SMG01,INACTIVE
18517,5528,Savings,200459820,2027-08-16,MDN01,INACTIVE
18518,2353,Savings,16484822,2027-10-23,SMG01,INACTIVE
18519,8880,Time Deposit,910320574,2026-12-17,SBY01,INACTIVE
18520,3322,Savings,20694797,2026-07-03,JKT02,INACTIVE
18521,6701,Savings,19004187,2027-03-26,JKT02,ACTIVE
18522,2886,Savings,15935362,2027-07-11,BDG01,INACTIVE
18523,2045,Savings,24192324,2027-08-24,JKT01,INACTIVE
18524,795,Savings,85228740,2027-08-03,YGY01,INACTIVE
18525,6473,Savings,66038835,2026-08-20,JKT01,INACTIVE
18526,2354,Time Deposit,1281458458,2026-05-22,YGY01,INACTIVE
18527,3878,Time Deposit,487315696,2027-03-16,SMG01,INACTIVE
18528,3578,Savings,18980107,2026-08-31,JKT01,INACTIVE
18529,8167,Savings,39102280,2026-07-10,JKT01,ACTIVE
18530,9446,Time Deposit,325308200,2027-03-22,MDN01,INACTIVE
18531,8058,Time Deposit,1224073422,2027-02-25,YGY01,INACTIVE
18532,3216,Time Deposit,256381555,2026-11-14,MDN01,ACTIVE
18533,759,Savings,30338607,2027-03-02,SMG01,INACTIVE
18534,5879,Savings,159864523,2028-02-03,YGY01,ACTIVE
18535,2752,Savings,10486509,2026-11-30,SBY01,INACTIVE
18536,9471,Savings,26575391,2026-10-01,JKT02,INACTIVE
18537,2066,Time Deposit,117088773,2026-10-30,SMG01,ACTIVE
18538,2115,Savings,124022649,2026-07-18,MDN01,INACTIVE
18539,8134,Savings,76394821,2027-01-10,SBY01,ACTIVE
18540,7573,Time Deposit,534850504,2026-10-30,SMG01,INACTIVE
18541,6982,Savings,33345985,2026-11-17,JKT02,INACTIVE
18542,521,Savings,11864023,2027-01-20,JKT02,INACTIVE
18543,2829,Savings,16650692,2026-09-09,JKT02,INACTIVE
18544,2909,Savings,39408325,2027-09-27,YGY01,INACTIVE
18545,5696,Savings,75107436,2027-02-22,SMG01,INACTIVE
18546,4972,Savings,8581743,2026-11-28,SMG01,INACTIVE
18547,8095,Savings,73799524,2027-05-04,SMG01,INACTIVE
18548,7272,Time Deposit,364047177,2027-01-14,JKT02,INACTIVE
18549,1787,Time Deposit,546391601,2026-07-02,SMG01,ACTIVE
18550,4271,Savings,41263843,2026-10-09,SBY01,INACTIVE
18551,8575,Savings,11727635,2027-06-14,MDN01,INACTIVE
18552,7283,Savings,17895392,2026-11-08,SBY01,INACTIVE
18553,8619,Savings,84792627,2026-09-14,BDG01,INACTIVE
18554,7684,Savings,141430444,2027-01-31,JKT01,INACTIVE
18555,7195,Savings,15568116,2026-12-14,JKT01,ACTIVE
18556,1320,Savings,36115448,2027-06-17,JKT02,INACTIVE
18557,3975,Time Deposit,528174033,2026-11-06,BDG01,INACTIVE
18558,8212,Savings,88443333,2027-06-14,SMG01,INACTIVE
18559,2362,Savings,57040604,2026-12-05,BDG01,ACTIVE
18560,5767,Savings,16888524,2027-06-01,JKT01,INACTIVE
18561,3881,Time Deposit,1568989807,2027-02-03,JKT02,INACTIVE
18562,7306,Savings,33838181,2027-06-27,BDG01,INACTIVE
18563,4902,Time Deposit,1124639099,2026-09-18,BDG01,ACTIVE
18564,6406,Time Deposit,222489604,2026-05-30,MDN01,INACTIVE
18565,3983,Time Deposit,754132339,2027-03-12,JKT02,INACTIVE
18566,344,Savings,54530541,2026-08-29,YGY01,INACTIVE
18567,5044,Savings,42786509,2026-06-29,JKT02,INACTIVE
18568,5840,Time Deposit,905847074,2026-11-01,BDG01,INACTIVE
18569,1471,Savings,29557906,2026-06-27,SBY01,ACTIVE
18570,7686,Savings,12838035,2026-06-13,YGY01,ACTIVE
18571,2058,Savings,17593879,2026-08-06,JKT01,INACTIVE
18572,3201,Savings,26623341,2027-05-10,SBY01,ACTIVE
18573,9402,Time Deposit,1801560705,2027-01-09,YGY01,INACTIVE
18574,3498,Time Deposit,405796678,2027-03-13,JKT01,INACTIVE
18575,6071,Time Deposit,775890680,2026-12-26,SMG01,ACTIVE
18576,4089,Savings,37584684,2028-01-10,JKT02,INACTIVE
18577,4950,Savings,12929685,2028-01-26,YGY01,ACTIVE
18578,148,Savings,20332278,2027-02-28,YGY01,INACTIVE
18579,6399,Savings,150148740,2027-11-28,MDN01,INACTIVE
18580,1021,Savings,18420482,2027-01-27,YGY01,INACTIVE
18581,5579,Savings,9127248,2027-10-22,YGY01,INACTIVE
18582,7818,Savings,30718711,2027-06-03,MDN01,INACTIVE
18583,5726,Savings,26073345,2027-02-26,JKT01,INACTIVE
18584,2687,Savings,13669116,2027-02-02,SBY01,ACTIVE
18585,2632,Savings,35167492,2026-09-27,SMG01,INACTIVE
18586,4340,Time Deposit,1380688506,2027-01-03,JKT02,INACTIVE
18587,889,Time Deposit,377285292,2026-10-23,SMG01,ACTIVE
18588,9618,Savings,79822272,2026-09-01,BDG01,INACTIVE
18589,2639,Savings,15545018,2026-10-16,YGY01,INACTIVE
18590,4623,Savings,35788783,2027-05-31,BDG01,ACTIVE
18591,146,Savings,117432232,2027-12-15,MDN01,INACTIVE
18592,1467,Savings,79216390,2027-05-19,YGY01,INACTIVE
18593,7027,Savings,61720111,2026-10-30,YGY01,INACTIVE
18594,2345,Savings,44719463,2027-08-20,JKT02,INACTIVE
18595,3330,Time Deposit,407623776,2026-10-14,JKT02,ACTIVE
18596,499,Savings,94324893,2027-08-22,JKT01,INACTIVE
18597,9022,Time Deposit,632835068,2027-01-18,MDN01,ACTIVE
18598,7993,Savings,30894980,2026-06-27,JKT01,INACTIVE
18599,8606,Time Deposit,1154629270,2027-02-07,YGY01,INACTIVE
18600,416,Savings,7207025,2027-02-09,MDN01,ACTIVE
18601,6455,Savings,47203548,2026-08-20,BDG01,INACTIVE
18602,9312,Time Deposit,1069044285,2026-07-15,SBY01,INACTIVE
18603,9420,Time Deposit,1524963483,2026-11-24,JKT01,ACTIVE
18604,9139,Time Deposit,1175351645,2026-07-06,JKT01,INACTIVE
18605,1001,Time Deposit,802083554,2026-04-21,MDN01,INACTIVE
18606,6202,Time Deposit,563978363,2026-09-10,YGY01,ACTIVE
18607,2181,Time Deposit,838320163,2027-02-24,YGY01,ACTIVE
18608,9913,Time Deposit,851722440,2027-01-10,JKT02,INACTIVE
18609,9575,Time Deposit,853500504,2026-12-12,SMG01,INACTIVE
18610,5449,Savings,54376007,2027-05-31,JKT02,ACTIVE
18611,2813,Time Deposit,236725902,2026-06-01,YGY01,ACTIVE
18612,6835,Savings,12848841,2027-05-08,SBY01,ACTIVE
18613,7605,Savings,43402314,2027-02-02,JKT01,ACTIVE
18614,3017,Savings,4121645,2027-09-02,JKT02,INACTIVE
18615,1399,Time Deposit,1630013344,2026-11-21,JKT02,ACTIVE
18616,6098,Savings,43131363,2028-03-13,JKT02,INACTIVE
18617,9887,Time Deposit,533748806,2027-01-25,JKT01,ACTIVE
18618,3679,Savings,8211642,2028-02-16,YGY01,INACTIVE
18619,2926,Time Deposit,1002018168,2026-05-24,YGY01,ACTIVE
18620,1925,Savings,186577072,2028-01-27,SMG01,INACTIVE
18621,2045,Savings,55645435,2027-11-29,SBY01,INACTIVE
18622,1536,Time Deposit,1134502195,2026-06-08,YGY01,INACTIVE
18623,5670,Savings,91445798,2027-04-20,JKT02,INACTIVE
18624,9532,Time Deposit,1342570965,2026-12-21,SMG01,INACTIVE
18625,8094,Savings,99616683,2028-02-28,YGY01,INACTIVE
18626,5751,Savings,46385225,2026-11-06,SBY01,INACTIVE
18627,6799,Time Deposit,462690477,2027-02-23,YGY01,INACTIVE
18628,7773,Time Deposit,215887235,2026-12-17,JKT02,INACTIVE
18629,8976,Time Deposit,1057547980,2027-02-06,BDG01,INACTIVE
18630,1550,Savings,102820867,2027-03-12,YGY01,INACTIVE
18631,3364,Savings,44549859,2026-11-23,BDG01,INACTIVE
18632,5616,Savings,199354878,2027-05-19,JKT02,INACTIVE
18633,9555,Time Deposit,149267953,2027-02-13,JKT01,INACTIVE
18634,9534,Time Deposit,597105981,2026-10-01,SMG01,INACTIVE
18635,549,Time Deposit,865333391,2027-01-11,YGY01,INACTIVE
18636,9935,Savings,14316411,2028-01-24,JKT01,ACTIVE
18637,6991,Time Deposit,910588175,2027-02-03,MDN01,INACTIVE
18638,165,Savings,9973302,2027-09-21,BDG01,INACTIVE
18639,1002,Time Deposit,1265820977,2027-03-25,JKT01,ACTIVE
18640,6607,Time Deposit,931092173,2026-06-15,MDN01,INACTIVE
18641,4671,Time Deposit,185314410,2026-05-11,MDN01,ACTIVE
18642,1120,Time Deposit,391809276,2026-10-20,SBY01,INACTIVE
18643,9384,Time Deposit,366496795,2027-03-18,YGY01,INACTIVE
18644,4675,Savings,37237414,2028-02-09,SMG01,INACTIVE
18645,832,Savings,164835319,2026-07-16,MDN01,INACTIVE
18646,7374,Savings,37282701,2026-05-03,BDG01,INACTIVE
18647,5145,Savings,20497266,2027-10-17,JKT01,ACTIVE
18648,8259,Savings,36747445,2027-12-21,JKT02,INACTIVE
18649,4273,Time Deposit,657155508,2026-09-01,SBY01,INACTIVE
18650,5341,Time Deposit,141161335,2026-08-18,YGY01,INACTIVE
18651,3765,Savings,140066720,2028-02-09,YGY01,INACTIVE
18652,3081,Savings,53958603,2027-10-29,MDN01,ACTIVE
18653,3958,Time Deposit,1216221168,2027-02-20,JKT01,INACTIVE
18654,1813,Savings,22524496,2028-03-10,JKT02,INACTIVE
18655,9595,Savings,105633173,2027-08-31,JKT02,ACTIVE
18656,5239,Savings,12053258,2027-12-20,SMG01,INACTIVE
18657,4856,Time Deposit,283309987,2026-06-11,JKT01,INACTIVE
18658,4462,Savings,3068724,2026-07-14,SMG01,INACTIVE
18659,4251,Savings,13436064,2028-01-19,SBY01,INACTIVE
18660,2647,Savings,106589116,2026-10-06,SBY01,INACTIVE
18661,1256,Savings,42597068,2027-11-24,BDG01,ACTIVE
18662,4798,Time Deposit,280397094,2027-02-09,BDG01,INACTIVE
18663,6771,Savings,74026848,2027-05-31,JKT01,INACTIVE
18664,3054,Savings,16260325,2027-06-22,SMG01,INACTIVE
18665,6075,Savings,21368886,2028-02-23,YGY01,INACTIVE
18666,6629,Time Deposit,820148720,2026-07-08,YGY01,INACTIVE
18667,7271,Savings,30393542,2027-08-26,BDG01,INACTIVE
18668,6709,Time Deposit,671570385,2026-10-07,SBY01,ACTIVE
18669,4046,Savings,85121574,2028-01-17,SBY01,INACTIVE
18670,2883,Time Deposit,790060095,2026-10-08,YGY01,INACTIVE
18671,3101,Savings,7460211,2026-05-21,SMG01,INACTIVE
18672,5331,Savings,89054585,2027-10-24,BDG01,INACTIVE
18673,3891,Savings,97697735,2027-06-22,YGY01,INACTIVE
18674,8320,Time Deposit,1054705899,2027-03-20,YGY01,ACTIVE
18675,4058,Savings,80991657,2027-06-24,JKT01,INACTIVE
18676,6557,Time Deposit,1042178634,2026-12-19,BDG01,INACTIVE
18677,6175,Savings,89136614,2028-02-12,SMG01,INACTIVE
18678,1026,Savings,27294971,2028-03-22,JKT02,INACTIVE
18679,1694,Savings,36826453,2027-09-30,MDN01,INACTIVE
18680,5639,Savings,59491330,2027-04-23,SMG01,INACTIVE
18681,9006,Time Deposit,596820779,2026-04-13,MDN01,ACTIVE
18682,8876,Time Deposit,405311170,2026-07-11,JKT02,ACTIVE
18683,472,Savings,11507168,2026-06-02,SMG01,INACTIVE
18684,4704,Savings,125808110,2027-11-29,YGY01,INACTIVE
18685,3572,Time Deposit,881137295,2027-02-19,JKT01,ACTIVE
18686,3200,Time Deposit,260741245,2026-04-08,YGY01,INACTIVE
18687,2095,Savings,30146124,2027-02-11,JKT01,INACTIVE
18688,7938,Time Deposit,1363757878,2026-12-28,BDG01,INACTIVE
18689,6318,Time Deposit,311340426,2026-12-02,JKT02,INACTIVE
18690,9529,Time Deposit,681951169,2027-02-10,JKT01,INACTIVE
18691,608,Time Deposit,656059940,2027-01-07,YGY01,INACTIVE
18692,3833,Savings,49006555,2027-04-08,JKT01,INACTIVE
18693,3430,Savings,89432879,2026-10-30,SBY01,INACTIVE
18694,1413,Savings,17277457,2027-11-09,JKT01,INACTIVE
18695,7851,Time Deposit,502220296,2027-01-14,BDG01,ACTIVE
18696,1456,Time Deposit,222014290,2026-12-23,JKT01,ACTIVE
18697,8143,Savings,111522112,2026-12-31,YGY01,INACTIVE
18698,4476,Savings,20218649,2026-07-10,SBY01,INACTIVE
18699,688,Savings,27358171,2028-02-18,JKT01,INACTIVE
18700,5983,Time Deposit,339023651,2026-09-09,BDG01,INACTIVE
18701,7981,Savings,32292152,2027-12-05,BDG01,ACTIVE
18702,7172,Savings,27243539,2027-10-21,SBY01,ACTIVE
18703,1857,Savings,44986500,2026-10-29,JKT01,INACTIVE
18704,7576,Savings,30828428,2027-05-09,YGY01,INACTIVE
18705,9688,Time Deposit,362045377,2026-10-08,BDG01,INACTIVE
18706,9632,Time Deposit,1695432888,2026-09-05,BDG01,INACTIVE
18707,6482,Savings,34817467,2026-09-21,JKT01,INACTIVE
18708,3162,Time Deposit,1379004997,2026-10-06,JKT01,ACTIVE
18709,5175,Time Deposit,1002813432,2026-04-20,JKT01,ACTIVE
18710,1723,Savings,103763058,2027-08-29,SMG01,INACTIVE
18711,6822,Time Deposit,530729104,2026-09-15,JKT01,ACTIVE
18712,7604,Time Deposit,1273384115,2026-07-28,SMG01,ACTIVE
18713,60,Time Deposit,1047341947,2026-06-30,BDG01,INACTIVE
18714,397,Time Deposit,428920600,2026-08-22,JKT02,ACTIVE
18715,8798,Time Deposit,1264743477,2026-06-05,JKT02,ACTIVE
18716,9247,Savings,23493106,2026-11-01,YGY01,INACTIVE
18717,1331,Savings,69002065,2027-03-28,SBY01,INACTIVE
18718,115,Savings,86135420,2026-08-30,JKT01,INACTIVE
18719,3277,Time Deposit,1082813992,2027-03-09,JKT02,INACTIVE
18720,833,Savings,37150484,2026-09-02,JKT01,INACTIVE
18721,1629,Time Deposit,1320893449,2026-07-30,JKT01,ACTIVE
18722,577,Time Deposit,1216957666,2026-12-09,JKT02,INACTIVE
18723,1606,Time Deposit,347940554,2027-03-18,SBY01,INACTIVE
18724,1330,Savings,132507210,2026-08-30,JKT01,INACTIVE
18725,1667,Time Deposit,405942003,2026-09-04,YGY01,ACTIVE
18726,6153,Savings,26845326,2027-09-02,JKT02,ACTIVE
18727,300,Savings,37188494,2027-08-18,JKT01,INACTIVE
18728,8442,Savings,11150482,2028-01-24,SBY01,INACTIVE
18729,6861,Savings,90660407,2027-06-26,SBY01,INACTIVE
18730,6331,Savings,21649776,2027-12-30,SBY01,INACTIVE
18731,2383,Savings,38061568,2026-10-31,SMG01,INACTIVE
18732,4167,Time Deposit,686159319,2026-09-04,JKT01,ACTIVE
18733,6704,Time Deposit,652447459,2026-11-30,SMG01,INACTIVE
18734,1589,Savings,9559862,2026-08-12,SMG01,INACTIVE
18735,7491,Time Deposit,429768442,2026-06-26,JKT02,INACTIVE
18736,1282,Time Deposit,917918830,2026-09-20,MDN01,INACTIVE
18737,2439,Savings,32272204,2028-01-11,SBY01,INACTIVE
18738,1419,Savings,14149901,2026-12-13,YGY01,INACTIVE
18739,4384,Time Deposit,1657481007,2026-12-23,SMG01,INACTIVE
18740,2047,Savings,203541315,2026-07-29,SBY01,INACTIVE
18741,749,Savings,9502134,2027-08-17,BDG01,INACTIVE
18742,605,Time Deposit,254947870,2026-05-27,SMG01,INACTIVE
18743,4769,Savings,7466697,2027-10-09,YGY01,INACTIVE
18744,9013,Savings,22950624,2028-02-11,JKT02,ACTIVE
18745,2302,Savings,10485884,2027-11-04,JKT02,INACTIVE
18746,5593,Savings,45644296,2027-04-19,YGY01,INACTIVE
18747,8603,Time Deposit,729978558,2026-10-08,YGY01,INACTIVE
18748,8259,Savings,15764481,2028-02-04,MDN01,INACTIVE
18749,4131,Time Deposit,170546855,2026-06-15,SMG01,INACTIVE
18750,1475,Savings,73373304,2026-08-04,JKT02,ACTIVE
18751,2471,Savings,90765484,2027-07-25,YGY01,INACTIVE
18752,3819,Savings,91347827,2028-01-08,SBY01,INACTIVE
18753,8190,Savings,101489132,2027-07-26,SBY01,INACTIVE
18754,1604,Savings,26015335,2027-03-19,MDN01,INACTIVE
18755,322,Savings,70617263,2027-06-11,JKT01,INACTIVE
18756,6116,Time Deposit,874052130,2026-07-18,JKT01,INACTIVE
18757,2689,Time Deposit,453476616,2026-11-16,SMG01,ACTIVE
18758,8714,Savings,7746552,2027-06-23,MDN01,INACTIVE
18759,9759,Time Deposit,1139143619,2026-07-25,BDG01,INACTIVE
18760,4956,Time Deposit,751534241,2026-12-14,JKT02,ACTIVE
18761,55,Savings,6078709,2026-08-11,JKT02,INACTIVE
18762,5964,Time Deposit,1766869898,2026-06-13,JKT01,INACTIVE
18763,2734,Savings,9801312,2028-01-27,JKT02,ACTIVE
18764,727,Savings,39466325,2027-01-06,JKT01,INACTIVE
18765,9082,Time Deposit,820330101,2026-07-17,MDN01,INACTIVE
18766,943,Savings,25757134,2027-08-10,BDG01,INACTIVE
18767,2763,Savings,12737406,2026-09-22,MDN01,INACTIVE
18768,9685,Savings,35957037,2027-04-18,SBY01,ACTIVE
18769,7417,Time Deposit,1044365318,2026-05-07,YGY01,INACTIVE
18770,9992,Savings,34044816,2026-08-23,YGY01,INACTIVE
18771,6193,Savings,88033296,2027-09-10,MDN01,INACTIVE
18772,2086,Savings,3200538,2026-07-18,JKT02,INACTIVE
18773,6307,Savings,83945046,2027-01-03,YGY01,INACTIVE
18774,8769,Savings,20402046,2027-10-25,SMG01,ACTIVE
18775,9825,Savings,32438067,2028-01-14,JKT01,ACTIVE
18776,5298,Savings,74814316,2027-07-21,JKT01,INACTIVE
18777,1816,Savings,16396255,2027-09-13,SBY01,INACTIVE
18778,5703,Savings,104987935,2027-06-02,SMG01,INACTIVE
18779,2111,Savings,17036864,2027-07-30,MDN01,INACTIVE
18780,4704,Time Deposit,1717100231,2026-12-23,BDG01,ACTIVE
18781,6326,Savings,17250785,2028-01-16,MDN01,INACTIVE
18782,7489,Time Deposit,550282180,2026-09-22,JKT01,INACTIVE
18783,149,Savings,11308132,2026-09-05,SMG01,INACTIVE
18784,2773,Time Deposit,718137061,2026-06-29,YGY01,INACTIVE
18785,223,Time Deposit,855404406,2026-10-22,JKT02,ACTIVE
18786,653,Savings,18838235,2027-09-18,JKT01,INACTIVE
18787,8355,Savings,38679967,2026-11-20,SBY01,INACTIVE
18788,5410,Savings,4857036,2026-06-02,BDG01,INACTIVE
18789,8397,Time Deposit,548847551,2026-12-28,MDN01,INACTIVE
18790,9495,Time Deposit,1046136679,2026-11-26,BDG01,INACTIVE
18791,9620,Time Deposit,429323405,2026-05-30,YGY01,INACTIVE
18792,9921,Savings,35370232,2026-05-30,JKT01,INACTIVE
18793,2638,Time Deposit,925957534,2026-09-23,BDG01,INACTIVE
18794,9186,Time Deposit,976028576,2026-04-20,SBY01,INACTIVE
18795,2219,Savings,108032389,2026-09-15,MDN01,INACTIVE
18796,8737,Time Deposit,840433211,2026-07-24,SBY01,ACTIVE
18797,7641,Savings,117778451,2026-06-24,JKT02,INACTIVE
18798,5778,Savings,17430075,2027-01-19,JKT02,ACTIVE
18799,7317,Time Deposit,725538236,2027-03-25,BDG01,INACTIVE
18800,5968,Time Deposit,1318923292,2026-06-19,YGY01,INACTIVE
18801,3400,Savings,64131991,2026-05-05,BDG01,ACTIVE
18802,8277,Time Deposit,538557226,2026-12-04,JKT02,INACTIVE
18803,5209,Time Deposit,193392728,2027-01-26,MDN01,INACTIVE
18804,6389,Savings,113586632,2026-12-06,SMG01,INACTIVE
18805,6309,Savings,54979431,2027-02-28,MDN01,INACTIVE
18806,1897,Time Deposit,187624349,2026-05-18,YGY01,INACTIVE
18807,7646,Savings,13983149,2027-02-16,YGY01,ACTIVE
18808,999,Savings,33260951,2027-06-18,SMG01,ACTIVE
18809,1905,Time Deposit,1563561562,2026-06-26,SBY01,INACTIVE
18810,6926,Savings,170238014,2026-10-30,JKT02,INACTIVE
18811,1059,Time Deposit,1541423150,2026-11-02,YGY01,INACTIVE
18812,1030,Savings,38463423,2026-11-05,SMG01,INACTIVE
18813,2314,Time Deposit,466203987,2027-01-18,JKT01,INACTIVE
18814,2100,Time Deposit,758001307,2026-10-07,JKT01,INACTIVE
18815,2290,Savings,25398421,2027-11-23,JKT02,ACTIVE
18816,8356,Savings,38620100,2027-04-07,JKT02,ACTIVE
18817,4781,Savings,29639445,2026-08-20,YGY01,ACTIVE
18818,5482,Time Deposit,985909622,2026-07-05,SMG01,ACTIVE
18819,395,Savings,98859059,2026-06-12,JKT01,INACTIVE
18820,2768,Savings,41447083,2026-10-14,JKT01,INACTIVE
18821,9309,Time Deposit,994887059,2026-05-24,JKT02,INACTIVE
18822,2502,Time Deposit,1553324852,2026-11-19,SMG01,INACTIVE
18823,4080,Time Deposit,700126615,2026-09-14,JKT02,ACTIVE
18824,4458,Savings,96961129,2027-11-05,BDG01,INACTIVE
18825,8060,Time Deposit,904213063,2026-07-13,JKT02,INACTIVE
18826,4958,Savings,26023973,2026-07-19,YGY01,INACTIVE
18827,2838,Savings,11828598,2028-03-09,SBY01,ACTIVE
18828,8230,Savings,7469988,2026-09-28,SMG01,ACTIVE
18829,8277,Savings,31529344,2027-03-11,BDG01,INACTIVE
18830,9393,Savings,40193392,2027-03-10,SBY01,ACTIVE
18831,7604,Savings,64632464,2026-05-25,JKT02,INACTIVE
18832,6820,Savings,30318553,2026-05-02,MDN01,INACTIVE
18833,6191,Savings,221731285,2027-10-15,MDN01,ACTIVE
18834,8939,Savings,30473574,2027-12-16,YGY01,INACTIVE
18835,6989,Savings,56256674,2026-07-26,JKT02,INACTIVE
18836,686,Time Deposit,684871295,2026-06-04,BDG01,INACTIVE
18837,7990,Time Deposit,1238804084,2026-10-18,YGY01,INACTIVE
18838,8060,Savings,76707657,2026-11-23,JKT02,INACTIVE
18839,1212,Savings,184677918,2026-05-09,JKT02,INACTIVE
18840,8855,Savings,95630267,2027-07-16,BDG01,INACTIVE
18841,9062,Time Deposit,439417065,2027-02-26,JKT01,ACTIVE
18842,3730,Savings,76035055,2027-04-10,JKT02,ACTIVE
18843,6951,Time Deposit,533172826,2026-06-14,BDG01,INACTIVE
18844,1223,Savings,20309400,2027-01-31,JKT01,INACTIVE
18845,1733,Savings,78620209,2026-09-15,JKT02,INACTIVE
18846,9099,Savings,10105519,2028-03-09,MDN01,INACTIVE
18847,8529,Savings,20403804,2026-10-09,MDN01,INACTIVE
18848,369,Savings,44045522,2027-10-31,BDG01,INACTIVE
18849,3507,Savings,98351607,2027-02-22,JKT02,INACTIVE
18850,4419,Savings,38577934,2026-07-21,SMG01,INACTIVE
18851,661,Time Deposit,74781685,2027-03-05,SBY01,ACTIVE
18852,9758,Time Deposit,463184830,2027-03-04,YGY01,INACTIVE
18853,4150,Time Deposit,1967157049,2026-07-13,YGY01,INACTIVE
18854,3069,Savings,235952599,2027-09-07,YGY01,INACTIVE
18855,3606,Time Deposit,455324228,2026-12-21,SMG01,ACTIVE
18856,2749,Savings,89444606,2028-01-12,MDN01,INACTIVE
18857,6663,Savings,10086674,2028-03-16,SMG01,INACTIVE
18858,8265,Savings,24279336,2026-09-11,JKT02,INACTIVE
18859,42,Savings,98506195,2028-03-24,JKT01,ACTIVE
18860,8614,Savings,134178881,2027-08-21,SBY01,INACTIVE
18861,1989,Time Deposit,1104405561,2027-02-24,SMG01,INACTIVE
18862,4596,Savings,6383492,2028-02-04,YGY01,INACTIVE
18863,628,Savings,19833164,2027-07-30,SMG01,INACTIVE
18864,8677,Time Deposit,461565668,2026-06-30,BDG01,INACTIVE
18865,7557,Time Deposit,322115446,2026-04-22,JKT01,INACTIVE
18866,5042,Time Deposit,706422620,2027-02-10,YGY01,ACTIVE
18867,8333,Time Deposit,212961133,2026-05-13,BDG01,INACTIVE
18868,2300,Time Deposit,923864670,2026-05-10,BDG01,INACTIVE
18869,3456,Savings,26351793,2027-01-25,JKT02,INACTIVE
18870,5890,Time Deposit,888129342,2026-11-18,BDG01,INACTIVE
18871,5540,Savings,8222015,2027-04-03,YGY01,ACTIVE
18872,7384,Time Deposit,820593290,2027-02-02,SBY01,ACTIVE
18873,8518,Savings,123411534,2026-07-11,YGY01,INACTIVE
18874,1805,Savings,16841123,2027-08-11,JKT01,INACTIVE
18875,158,Savings,15121204,2026-05-02,YGY01,INACTIVE
18876,7494,Time Deposit,594641517,2026-11-15,SBY01,INACTIVE
18877,7796,Time Deposit,1651772892,2026-07-29,JKT02,INACTIVE
18878,725,Time Deposit,1378190968,2026-04-19,JKT02,INACTIVE
18879,212,Savings,6207730,2027-11-14,JKT02,INACTIVE
18880,6446,Time Deposit,945345135,2026-04-19,JKT01,INACTIVE
18881,358,Time Deposit,208559738,2026-10-22,JKT01,INACTIVE
18882,1020,Time Deposit,305295589,2026-05-23,MDN01,INACTIVE
18883,2919,Savings,28663681,2026-07-25,JKT01,INACTIVE
18884,3808,Savings,30724616,2026-07-22,YGY01,ACTIVE
18885,8428,Time Deposit,878960907,2027-01-14,YGY01,INACTIVE
18886,733,Savings,5141214,2026-09-14,YGY01,INACTIVE
18887,876,Savings,156204075,2027-01-28,SBY01,ACTIVE
18888,2646,Savings,7596524,2027-06-27,MDN01,INACTIVE
18889,7607,Time Deposit,729466837,2026-06-01,BDG01,INACTIVE
18890,4566,Time Deposit,497267965,2026-10-03,SMG01,INACTIVE
18891,7990,Savings,123146735,2028-02-18,JKT02,INACTIVE
18892,1309,Savings,25787214,2027-06-12,BDG01,ACTIVE
18893,8625,Savings,16706339,2027-03-02,YGY01,INACTIVE
18894,6014,Savings,10054144,2027-08-26,JKT01,ACTIVE
18895,6022,Time Deposit,548876043,2026-12-31,YGY01,INACTIVE
18896,5285,Time Deposit,743139005,2026-06-22,MDN01,INACTIVE
18897,1371,Time Deposit,393969128,2027-01-05,SBY01,INACTIVE
18898,8557,Savings,36393075,2026-04-26,SBY01,INACTIVE
18899,5550,Savings,28642469,2026-07-11,SMG01,ACTIVE
18900,9698,Savings,166865363,2028-01-09,MDN01,ACTIVE
18901,3530,Savings,106308187,2027-04-22,YGY01,ACTIVE
18902,5244,Time Deposit,1026445081,2026-06-23,JKT01,INACTIVE
18903,9167,Savings,40366428,2027-08-21,YGY01,INACTIVE
18904,7572,Savings,4596335,2027-11-24,SMG01,ACTIVE
18905,6469,Time Deposit,893759586,2026-10-14,YGY01,INACTIVE
18906,6138,Time Deposit,1505317430,2026-04-23,SBY01,INACTIVE
18907,3569,Savings,28168475,2027-06-21,BDG01,INACTIVE
18908,6398,Savings,33962850,2027-08-17,SMG01,ACTIVE
18909,214,Savings,81907820,2026-12-30,YGY01,INACTIVE
18910,6993,Savings,12955168,2027-09-20,SBY01,INACTIVE
18911,6545,Savings,95365112,2028-03-05,JKT02,INACTIVE
18912,2728,Savings,11417245,2026-12-24,BDG01,INACTIVE
18913,6191,Time Deposit,1035822714,2026-10-27,YGY01,ACTIVE
18914,124,Savings,35208175,2027-05-14,YGY01,ACTIVE
18915,9885,Time Deposit,902120651,2026-06-01,YGY01,INACTIVE
18916,7384,Time Deposit,407501079,2027-01-28,YGY01,ACTIVE
18917,5232,Savings,141784983,2028-01-14,SMG01,INACTIVE
18918,5441,Time Deposit,539461227,2026-08-04,SMG01,ACTIVE
18919,2662,Time Deposit,220610742,2026-08-10,JKT01,ACTIVE
18920,5605,Savings,88455677,2028-01-30,MDN01,INACTIVE
18921,3558,Savings,85262496,2028-03-05,SMG01,INACTIVE
18922,8715,Savings,22344031,2026-04-28,BDG01,INACTIVE
18923,8813,Savings,27570191,2027-09-04,JKT02,ACTIVE
18924,9403,Savings,12518033,2026-09-06,BDG01,INACTIVE
18925,7310,Time Deposit,840803508,2027-01-05,YGY01,ACTIVE
18926,2398,Savings,10914233,2027-04-25,SBY01,INACTIVE
18927,9050,Savings,10416063,2027-08-18,JKT02,ACTIVE
18928,3441,Time Deposit,324622518,2026-07-08,SMG01,INACTIVE
18929,7554,Time Deposit,1402092312,2027-02-15,BDG01,INACTIVE
18930,3983,Time Deposit,212025576,2026-12-04,SMG01,INACTIVE
18931,7641,Savings,111375318,2027-09-29,YGY01,INACTIVE
18932,7563,Savings,33118218,2027-01-21,MDN01,INACTIVE
18933,6957,Time Deposit,1798936843,2026-07-22,JKT01,ACTIVE
18934,745,Time Deposit,284522063,2027-01-26,SMG01,ACTIVE
18935,9340,Time Deposit,540544422,2027-01-18,JKT02,ACTIVE
18936,6798,Savings,21727563,2027-09-18,JKT02,INACTIVE
18937,5542,Time Deposit,1809608463,2026-06-24,JKT02,ACTIVE
18938,3563,Savings,24522204,2027-12-06,JKT01,INACTIVE
18939,8199,Time Deposit,751518508,2026-11-27,MDN01,INACTIVE
18940,729,Time Deposit,1167030911,2026-10-11,BDG01,INACTIVE
18941,1672,Savings,9005828,2026-07-21,SBY01,ACTIVE
18942,7525,Savings,34385097,2027-01-07,JKT02,INACTIVE
18943,2431,Savings,4241226,2026-06-18,SMG01,INACTIVE
18944,7799,Savings,44189717,2028-01-04,MDN01,INACTIVE
18945,8704,Savings,36666304,2027-02-11,JKT01,INACTIVE
18946,2979,Savings,11482893,2026-09-18,MDN01,INACTIVE
18947,4345,Savings,37652637,2027-08-27,JKT02,ACTIVE
18948,8892,Savings,30302196,2026-06-23,YGY01,INACTIVE
18949,7945,Savings,37415413,2026-07-26,SMG01,ACTIVE
18950,8831,Savings,4558251,2027-12-09,MDN01,ACTIVE
18951,9246,Savings,7330173,2026-05-12,YGY01,ACTIVE
18952,2014,Savings,14365172,2027-05-01,BDG01,INACTIVE
18953,3054,Time Deposit,865477911,2027-02-18,SMG01,INACTIVE
18954,2745,Time Deposit,1789934216,2026-10-31,JKT01,ACTIVE
18955,2502,Time Deposit,1387939472,2026-08-24,SMG01,INACTIVE
18956,5439,Time Deposit,1603257045,2026-05-09,SBY01,ACTIVE
18957,5919,Time Deposit,543822441,2026-12-19,SBY01,INACTIVE
18958,991,Time Deposit,439805735,2026-06-24,SMG01,INACTIVE
18959,7420,Savings,38114172,2026-08-17,SBY01,ACTIVE
18960,2303,Savings,10724520,2027-02-02,JKT02,INACTIVE
18961,9293,Savings,140904998,2027-07-02,BDG01,ACTIVE
18962,5956,Savings,32738454,2027-06-10,YGY01,INACTIVE
18963,5937,Time Deposit,378612740,2026-07-14,SBY01,ACTIVE
18964,3419,Savings,30804668,2027-05-19,SMG01,INACTIVE
18965,7867,Savings,23971216,2027-06-29,SMG01,INACTIVE
18966,6737,Time Deposit,284916046,2026-09-14,BDG01,INACTIVE
18967,9636,Time Deposit,570634553,2026-06-22,YGY01,ACTIVE
18968,3079,Savings,149176450,2027-12-26,SMG01,ACTIVE
18969,3457,Savings,168588102,2026-06-23,YGY01,INACTIVE
18970,811,Savings,16809849,2026-10-28,JKT02,INACTIVE
18971,2638,Savings,46387593,2026-11-02,BDG01,INACTIVE
18972,1989,Time Deposit,1578993908,2026-07-13,SMG01,INACTIVE
18973,5019,Savings,24473601,2026-12-15,SMG01,INACTIVE
18974,7430,Savings,17323166,2028-03-08,JKT01,INACTIVE
18975,4133,Savings,25145041,2027-02-23,YGY01,INACTIVE
18976,7299,Savings,62038743,2027-05-08,JKT02,ACTIVE
18977,7978,Time Deposit,448911391,2027-03-06,SBY01,ACTIVE
18978,2948,Savings,66673780,2027-11-15,JKT02,INACTIVE
18979,5316,Time Deposit,249406533,2027-03-13,MDN01,INACTIVE
18980,1247,Time Deposit,793848939,2027-02-25,SBY01,INACTIVE
18981,6058,Time Deposit,1297789307,2026-06-08,SBY01,INACTIVE
18982,3085,Time Deposit,1161967536,2026-07-25,YGY01,ACTIVE
18983,1115,Savings,19554099,2027-03-15,BDG01,INACTIVE
18984,9022,Savings,77650183,2028-01-17,SMG01,INACTIVE
18985,5904,Savings,105875307,2028-01-16,JKT02,INACTIVE
18986,8321,Savings,19068687,2027-05-26,BDG01,ACTIVE
18987,7801,Savings,20705779,2027-05-20,YGY01,INACTIVE
18988,4313,Savings,31111140,2026-05-20,SBY01,INACTIVE
18989,4158,Savings,64753404,2026-05-26,YGY01,ACTIVE
18990,5013,Time Deposit,767198593,2026-07-18,YGY01,INACTIVE
18991,9271,Savings,59434122,2027-06-05,SBY01,ACTIVE
18992,1248,Time Deposit,917347015,2026-09-17,JKT01,INACTIVE
18993,9734,Savings,51685472,2026-05-21,SMG01,ACTIVE
18994,921,Time Deposit,1355073233,2027-03-17,JKT01,INACTIVE
18995,3930,Savings,8202220,2026-09-13,MDN01,INACTIVE
18996,2386,Savings,9220333,2027-03-25,JKT02,INACTIVE
18997,3242,Time Deposit,811719347,2026-07-17,YGY01,ACTIVE
18998,6768,Savings,86930189,2027-10-24,SBY01,INACTIVE
18999,241,Savings,15413736,2026-09-04,JKT02,INACTIVE
19000,9707,Time Deposit,714915332,2027-01-05,JKT01,ACTIVE
